#K-Path          Energy     s    py    pz    px    dxy    dyz    dz2    dxz    dx2-y2    tot
# NKPTS & NBANDS: 120  33
# Band-Index:    1
   0.00000    -24.442164  0.000  0.000  0.000  0.000  0.000  0.000  0.000  0.000  0.000  0.000
   0.03292    -24.442185  0.000  0.000  0.000  0.000  0.000  0.000  0.000  0.000  0.000  0.000
   0.06583    -24.442205  0.000  0.000  0.000  0.000  0.000  0.000  0.000  0.000  0.000  0.000
   0.09875    -24.442218  0.000  0.000  0.000  0.000  0.000  0.000  0.000  0.000  0.000  0.000
   0.13167    -24.442233  0.000  0.000  0.000  0.000  0.000  0.000  0.000  0.000  0.000  0.000
   0.16459    -24.442252  0.000  0.000  0.000  0.000  0.000  0.000  0.000  0.000  0.000  0.000
   0.19750    -24.442271  0.000  0.000  0.000  0.000  0.000  0.000  0.000  0.000  0.000  0.000
   0.23042    -24.442299  0.000  0.000  0.000  0.000  0.000  0.000  0.000  0.000  0.000  0.000
   0.26334    -24.442331  0.000  0.000  0.000  0.000  0.000  0.000  0.000  0.000  0.000  0.000
   0.29626    -24.442374  0.000  0.000  0.000  0.000  0.000  0.000  0.000  0.000  0.000  0.000
   0.32917    -24.442424  0.000  0.000  0.000  0.000  0.000  0.000  0.000  0.000  0.000  0.000
   0.36209    -24.442482  0.000  0.000  0.000  0.000  0.000  0.000  0.000  0.000  0.000  0.000
   0.39501    -24.442549  0.000  0.000  0.000  0.000  0.000  0.000  0.000  0.000  0.000  0.000
   0.42793    -24.442627  0.000  0.000  0.000  0.000  0.000  0.000  0.000  0.000  0.000  0.000
   0.46084    -24.442714  0.000  0.000  0.000  0.000  0.000  0.000  0.000  0.000  0.000  0.000
   0.49376    -24.442812  0.000  0.000  0.000  0.000  0.000  0.000  0.000  0.000  0.000  0.000
   0.52668    -24.442916  0.000  0.000  0.000  0.000  0.000  0.000  0.000  0.000  0.000  0.000
   0.55960    -24.443025  0.000  0.000  0.000  0.000  0.000  0.000  0.000  0.000  0.000  0.000
   0.59251    -24.443140  0.000  0.000  0.000  0.000  0.000  0.000  0.000  0.000  0.000  0.000
   0.62543    -24.443257  0.000  0.000  0.000  0.000  0.000  0.000  0.000  0.000  0.000  0.000
   0.65835    -24.443374  0.000  0.000  0.000  0.000  0.000  0.000  0.000  0.000  0.000  0.000
   0.69127    -24.443489  0.000  0.000  0.000  0.000  0.000  0.000  0.000  0.000  0.000  0.000
   0.72418    -24.443600  0.000  0.000  0.000  0.000  0.000  0.000  0.000  0.000  0.000  0.000
   0.75710    -24.443704  0.000  0.000  0.000  0.000  0.000  0.000  0.000  0.000  0.000  0.000
   0.79002    -24.443797  0.000  0.000  0.000  0.000  0.000  0.000  0.000  0.000  0.000  0.000
   0.82294    -24.443877  0.000  0.000  0.000  0.000  0.000  0.000  0.000  0.000  0.000  0.000
   0.85585    -24.443944  0.000  0.000  0.000  0.000  0.000  0.000  0.000  0.000  0.000  0.000
   0.88877    -24.443988  0.000  0.000  0.000  0.000  0.000  0.000  0.000  0.000  0.000  0.000
   0.92169    -24.444014  0.000  0.000  0.000  0.000  0.000  0.000  0.000  0.000  0.000  0.000
   0.95460    -24.444016  0.000  0.000  0.000  0.000  0.000  0.000  0.000  0.000  0.000  0.000
   0.95460    -24.444016  0.000  0.000  0.000  0.000  0.000  0.000  0.000  0.000  0.000  0.000
   0.98283    -24.444013  0.000  0.000  0.000  0.000  0.000  0.000  0.000  0.000  0.000  0.000
   1.01105    -24.443995  0.000  0.000  0.000  0.000  0.000  0.000  0.000  0.000  0.000  0.000
   1.03927    -24.443961  0.000  0.000  0.000  0.000  0.000  0.000  0.000  0.000  0.000  0.000
   1.06749    -24.443916  0.000  0.000  0.000  0.000  0.000  0.000  0.000  0.000  0.000  0.000
   1.09571    -24.443846  0.000  0.000  0.000  0.000  0.000  0.000  0.000  0.000  0.000  0.000
   1.12393    -24.443765  0.000  0.000  0.000  0.000  0.000  0.000  0.000  0.000  0.000  0.000
   1.15215    -24.443669  0.000  0.000  0.000  0.000  0.000  0.000  0.000  0.000  0.000  0.000
   1.18037    -24.443558  0.000  0.000  0.000  0.000  0.000  0.000  0.000  0.000  0.000  0.000
   1.20859    -24.443437  0.000  0.000  0.000  0.000  0.000  0.000  0.000  0.000  0.000  0.000
   1.23681    -24.443307  0.000  0.000  0.000  0.000  0.000  0.000  0.000  0.000  0.000  0.000
   1.26503    -24.443173  0.000  0.000  0.000  0.000  0.000  0.000  0.000  0.000  0.000  0.000
   1.29326    -24.443033  0.000  0.000  0.000  0.000  0.000  0.000  0.000  0.000  0.000  0.000
   1.32148    -24.442884  0.000  0.000  0.000  0.000  0.000  0.000  0.000  0.000  0.000  0.000
   1.34970    -24.442729  0.000  0.000  0.000  0.000  0.000  0.000  0.000  0.000  0.000  0.000
   1.37792    -24.442578  0.000  0.000  0.000  0.000  0.000  0.000  0.000  0.000  0.000  0.000
   1.40614    -24.442425  0.000  0.000  0.000  0.000  0.000  0.000  0.000  0.000  0.000  0.000
   1.43436    -24.442276  0.000  0.000  0.000  0.000  0.000  0.000  0.000  0.000  0.000  0.000
   1.46258    -24.442128  0.000  0.000  0.000  0.000  0.000  0.000  0.000  0.000  0.000  0.000
   1.49080    -24.441987  0.000  0.000  0.000  0.000  0.000  0.000  0.000  0.000  0.000  0.000
   1.51902    -24.441857  0.000  0.000  0.000  0.000  0.000  0.000  0.000  0.000  0.000  0.000
   1.54724    -24.441733  0.000  0.000  0.000  0.000  0.000  0.000  0.000  0.000  0.000  0.000
   1.57546    -24.441621  0.000  0.000  0.000  0.000  0.000  0.000  0.000  0.000  0.000  0.000
   1.60369    -24.441518  0.000  0.000  0.000  0.000  0.000  0.000  0.000  0.000  0.000  0.000
   1.63191    -24.441429  0.000  0.000  0.000  0.000  0.000  0.000  0.000  0.000  0.000  0.000
   1.66013    -24.441351  0.000  0.000  0.000  0.000  0.000  0.000  0.000  0.000  0.000  0.000
   1.68835    -24.441289  0.000  0.000  0.000  0.000  0.000  0.000  0.000  0.000  0.000  0.000
   1.71657    -24.441243  0.000  0.000  0.000  0.000  0.000  0.000  0.000  0.000  0.000  0.000
   1.74479    -24.441214  0.000  0.000  0.000  0.000  0.000  0.000  0.000  0.000  0.000  0.000
   1.77301    -24.441202  0.000  0.000  0.000  0.000  0.000  0.000  0.000  0.000  0.000  0.000
   1.77301    -24.441202  0.000  0.000  0.000  0.000  0.000  0.000  0.000  0.000  0.000  0.000
   1.78996    -24.441306  0.000  0.000  0.000  0.000  0.000  0.000  0.000  0.000  0.000  0.000
   1.80690    -24.441408  0.000  0.000  0.000  0.000  0.000  0.000  0.000  0.000  0.000  0.000
   1.82385    -24.441505  0.000  0.000  0.000  0.000  0.000  0.000  0.000  0.000  0.000  0.000
   1.84079    -24.441597  0.000  0.000  0.000  0.000  0.000  0.000  0.000  0.000  0.000  0.000
   1.85774    -24.441684  0.000  0.000  0.000  0.000  0.000  0.000  0.000  0.000  0.000  0.000
   1.87468    -24.441766  0.000  0.000  0.000  0.000  0.000  0.000  0.000  0.000  0.000  0.000
   1.89163    -24.441840  0.000  0.000  0.000  0.000  0.000  0.000  0.000  0.000  0.000  0.000
   1.90857    -24.441907  0.000  0.000  0.000  0.000  0.000  0.000  0.000  0.000  0.000  0.000
   1.92552    -24.441967  0.000  0.000  0.000  0.000  0.000  0.000  0.000  0.000  0.000  0.000
   1.94246    -24.442026  0.000  0.000  0.000  0.000  0.000  0.000  0.000  0.000  0.000  0.000
   1.95941    -24.442077  0.000  0.000  0.000  0.000  0.000  0.000  0.000  0.000  0.000  0.000
   1.97635    -24.442120  0.000  0.000  0.000  0.000  0.000  0.000  0.000  0.000  0.000  0.000
   1.99330    -24.442161  0.000  0.000  0.000  0.000  0.000  0.000  0.000  0.000  0.000  0.000
   2.01024    -24.442194  0.000  0.000  0.000  0.000  0.000  0.000  0.000  0.000  0.000  0.000
   2.02719    -24.442223  0.000  0.000  0.000  0.000  0.000  0.000  0.000  0.000  0.000  0.000
   2.04413    -24.442249  0.000  0.000  0.000  0.000  0.000  0.000  0.000  0.000  0.000  0.000
   2.06108    -24.442267  0.000  0.000  0.000  0.000  0.000  0.000  0.000  0.000  0.000  0.000
   2.07802    -24.442281  0.000  0.000  0.000  0.000  0.000  0.000  0.000  0.000  0.000  0.000
   2.09497    -24.442284  0.000  0.000  0.000  0.000  0.000  0.000  0.000  0.000  0.000  0.000
   2.11191    -24.442283  0.000  0.000  0.000  0.000  0.000  0.000  0.000  0.000  0.000  0.000
   2.12886    -24.442283  0.000  0.000  0.000  0.000  0.000  0.000  0.000  0.000  0.000  0.000
   2.14580    -24.442282  0.000  0.000  0.000  0.000  0.000  0.000  0.000  0.000  0.000  0.000
   2.16275    -24.442273  0.000  0.000  0.000  0.000  0.000  0.000  0.000  0.000  0.000  0.000
   2.17969    -24.442262  0.000  0.000  0.000  0.000  0.000  0.000  0.000  0.000  0.000  0.000
   2.19664    -24.442249  0.000  0.000  0.000  0.000  0.000  0.000  0.000  0.000  0.000  0.000
   2.21358    -24.442232  0.000  0.000  0.000  0.000  0.000  0.000  0.000  0.000  0.000  0.000
   2.23053    -24.442211  0.000  0.000  0.000  0.000  0.000  0.000  0.000  0.000  0.000  0.000
   2.24747    -24.442193  0.000  0.000  0.000  0.000  0.000  0.000  0.000  0.000  0.000  0.000
   2.26442    -24.442164  0.000  0.000  0.000  0.000  0.000  0.000  0.000  0.000  0.000  0.000
   2.26442    -24.442164  0.000  0.000  0.000  0.000  0.000  0.000  0.000  0.000  0.000  0.000
   2.29734    -24.442185  0.000  0.000  0.000  0.000  0.000  0.000  0.000  0.000  0.000  0.000
   2.33025    -24.442205  0.000  0.000  0.000  0.000  0.000  0.000  0.000  0.000  0.000  0.000
   2.36317    -24.442218  0.000  0.000  0.000  0.000  0.000  0.000  0.000  0.000  0.000  0.000
   2.39609    -24.442233  0.000  0.000  0.000  0.000  0.000  0.000  0.000  0.000  0.000  0.000
   2.42901    -24.442252  0.000  0.000  0.000  0.000  0.000  0.000  0.000  0.000  0.000  0.000
   2.46192    -24.442271  0.000  0.000  0.000  0.000  0.000  0.000  0.000  0.000  0.000  0.000
   2.49484    -24.442299  0.000  0.000  0.000  0.000  0.000  0.000  0.000  0.000  0.000  0.000
   2.52776    -24.442331  0.000  0.000  0.000  0.000  0.000  0.000  0.000  0.000  0.000  0.000
   2.56068    -24.442374  0.000  0.000  0.000  0.000  0.000  0.000  0.000  0.000  0.000  0.000
   2.59359    -24.442424  0.000  0.000  0.000  0.000  0.000  0.000  0.000  0.000  0.000  0.000
   2.62651    -24.442482  0.000  0.000  0.000  0.000  0.000  0.000  0.000  0.000  0.000  0.000
   2.65943    -24.442549  0.000  0.000  0.000  0.000  0.000  0.000  0.000  0.000  0.000  0.000
   2.69234    -24.442627  0.000  0.000  0.000  0.000  0.000  0.000  0.000  0.000  0.000  0.000
   2.72526    -24.442714  0.000  0.000  0.000  0.000  0.000  0.000  0.000  0.000  0.000  0.000
   2.75818    -24.442812  0.000  0.000  0.000  0.000  0.000  0.000  0.000  0.000  0.000  0.000
   2.79110    -24.442916  0.000  0.000  0.000  0.000  0.000  0.000  0.000  0.000  0.000  0.000
   2.82401    -24.443025  0.000  0.000  0.000  0.000  0.000  0.000  0.000  0.000  0.000  0.000
   2.85693    -24.443140  0.000  0.000  0.000  0.000  0.000  0.000  0.000  0.000  0.000  0.000
   2.88985    -24.443257  0.000  0.000  0.000  0.000  0.000  0.000  0.000  0.000  0.000  0.000
   2.92277    -24.443374  0.000  0.000  0.000  0.000  0.000  0.000  0.000  0.000  0.000  0.000
   2.95568    -24.443489  0.000  0.000  0.000  0.000  0.000  0.000  0.000  0.000  0.000  0.000
   2.98860    -24.443600  0.000  0.000  0.000  0.000  0.000  0.000  0.000  0.000  0.000  0.000
   3.02152    -24.443704  0.000  0.000  0.000  0.000  0.000  0.000  0.000  0.000  0.000  0.000
   3.05444    -24.443797  0.000  0.000  0.000  0.000  0.000  0.000  0.000  0.000  0.000  0.000
   3.08735    -24.443877  0.000  0.000  0.000  0.000  0.000  0.000  0.000  0.000  0.000  0.000
   3.12027    -24.443944  0.000  0.000  0.000  0.000  0.000  0.000  0.000  0.000  0.000  0.000
   3.15319    -24.443988  0.000  0.000  0.000  0.000  0.000  0.000  0.000  0.000  0.000  0.000
   3.18611    -24.444014  0.000  0.000  0.000  0.000  0.000  0.000  0.000  0.000  0.000  0.000
   3.21902    -24.444016  0.000  0.000  0.000  0.000  0.000  0.000  0.000  0.000  0.000  0.000
 
# Band-Index:    2
   3.21902    -24.444016  0.000  0.000  0.000  0.000  0.000  0.000  0.000  0.000  0.000  0.000
   3.18611    -24.443992  0.000  0.000  0.000  0.000  0.000  0.000  0.000  0.000  0.000  0.000
   3.15319    -24.443943  0.000  0.000  0.000  0.000  0.000  0.000  0.000  0.000  0.000  0.000
   3.12027    -24.443871  0.000  0.000  0.000  0.000  0.000  0.000  0.000  0.000  0.000  0.000
   3.08735    -24.443768  0.000  0.000  0.000  0.000  0.000  0.000  0.000  0.000  0.000  0.000
   3.05444    -24.443643  0.000  0.000  0.000  0.000  0.000  0.000  0.000  0.000  0.000  0.000
   3.02152    -24.443492  0.000  0.000  0.000  0.000  0.000  0.000  0.000  0.000  0.000  0.000
   2.98860    -24.443314  0.000  0.000  0.000  0.000  0.000  0.000  0.000  0.000  0.000  0.000
   2.95568    -24.443111  0.000  0.000  0.000  0.000  0.000  0.000  0.000  0.000  0.000  0.000
   2.92277    -24.442887  0.000  0.000  0.000  0.000  0.000  0.000  0.000  0.000  0.000  0.000
   2.88985    -24.442642  0.000  0.000  0.000  0.000  0.000  0.000  0.000  0.000  0.000  0.000
   2.85693    -24.442378  0.000  0.000  0.000  0.000  0.000  0.000  0.000  0.000  0.000  0.000
   2.82401    -24.442098  0.000  0.000  0.000  0.000  0.000  0.000  0.000  0.000  0.000  0.000
   2.79110    -24.441807  0.000  0.000  0.000  0.000  0.000  0.000  0.000  0.000  0.000  0.000
   2.75818    -24.441507  0.000  0.000  0.000  0.000  0.000  0.000  0.000  0.000  0.000  0.000
   2.72526    -24.441201  0.000  0.000  0.000  0.000  0.000  0.000  0.000  0.000  0.000  0.000
   2.69234    -24.440895  0.000  0.000  0.000  0.000  0.000  0.000  0.000  0.000  0.000  0.000
   2.65943    -24.440592  0.000  0.000  0.000  0.000  0.000  0.000  0.000  0.000  0.000  0.000
   2.62651    -24.440297  0.000  0.000  0.000  0.000  0.000  0.000  0.000  0.000  0.000  0.000
   2.59359    -24.440011  0.000  0.000  0.000  0.000  0.000  0.000  0.000  0.000  0.000  0.000
   2.56068    -24.439738  0.000  0.000  0.000  0.000  0.000  0.000  0.000  0.000  0.000  0.000
   2.52776    -24.439480  0.000  0.000  0.000  0.000  0.000  0.000  0.000  0.000  0.000  0.000
   2.49484    -24.439245  0.000  0.000  0.000  0.000  0.000  0.000  0.000  0.000  0.000  0.000
   2.46192    -24.439030  0.000  0.000  0.000  0.000  0.000  0.000  0.000  0.000  0.000  0.000
   2.42901    -24.438845  0.000  0.000  0.000  0.000  0.000  0.000  0.000  0.000  0.000  0.000
   2.39609    -24.438685  0.000  0.000  0.000  0.000  0.000  0.000  0.000  0.000  0.000  0.000
   2.36317    -24.438556  0.000  0.000  0.000  0.000  0.000  0.000  0.000  0.000  0.000  0.000
   2.33025    -24.438459  0.000  0.000  0.000  0.000  0.000  0.000  0.000  0.000  0.000  0.000
   2.29734    -24.438391  0.000  0.000  0.000  0.000  0.000  0.000  0.000  0.000  0.000  0.000
   2.26442    -24.438356  0.000  0.000  0.000  0.000  0.000  0.000  0.000  0.000  0.000  0.000
   2.26442    -24.438356  0.000  0.000  0.000  0.000  0.000  0.000  0.000  0.000  0.000  0.000
   2.24747    -24.438385  0.000  0.000  0.000  0.000  0.000  0.000  0.000  0.000  0.000  0.000
   2.23053    -24.438412  0.000  0.000  0.000  0.000  0.000  0.000  0.000  0.000  0.000  0.000
   2.21358    -24.438453  0.000  0.000  0.000  0.000  0.000  0.000  0.000  0.000  0.000  0.000
   2.19664    -24.438500  0.000  0.000  0.000  0.000  0.000  0.000  0.000  0.000  0.000  0.000
   2.17969    -24.438555  0.000  0.000  0.000  0.000  0.000  0.000  0.000  0.000  0.000  0.000
   2.16275    -24.438619  0.000  0.000  0.000  0.000  0.000  0.000  0.000  0.000  0.000  0.000
   2.14580    -24.438690  0.000  0.000  0.000  0.000  0.000  0.000  0.000  0.000  0.000  0.000
   2.12886    -24.438765  0.000  0.000  0.000  0.000  0.000  0.000  0.000  0.000  0.000  0.000
   2.11191    -24.438850  0.000  0.000  0.000  0.000  0.000  0.000  0.000  0.000  0.000  0.000
   2.09497    -24.438945  0.000  0.000  0.000  0.000  0.000  0.000  0.000  0.000  0.000  0.000
   2.07802    -24.439048  0.000  0.000  0.000  0.000  0.000  0.000  0.000  0.000  0.000  0.000
   2.06108    -24.439150  0.000  0.000  0.000  0.000  0.000  0.000  0.000  0.000  0.000  0.000
   2.04413    -24.439258  0.000  0.000  0.000  0.000  0.000  0.000  0.000  0.000  0.000  0.000
   2.02719    -24.439367  0.000  0.000  0.000  0.000  0.000  0.000  0.000  0.000  0.000  0.000
   2.01024    -24.439483  0.000  0.000  0.000  0.000  0.000  0.000  0.000  0.000  0.000  0.000
   1.99330    -24.439604  0.000  0.000  0.000  0.000  0.000  0.000  0.000  0.000  0.000  0.000
   1.97635    -24.439725  0.000  0.000  0.000  0.000  0.000  0.000  0.000  0.000  0.000  0.000
   1.95941    -24.439852  0.000  0.000  0.000  0.000  0.000  0.000  0.000  0.000  0.000  0.000
   1.94246    -24.439978  0.000  0.000  0.000  0.000  0.000  0.000  0.000  0.000  0.000  0.000
   1.92552    -24.440104  0.000  0.000  0.000  0.000  0.000  0.000  0.000  0.000  0.000  0.000
   1.90857    -24.440235  0.000  0.000  0.000  0.000  0.000  0.000  0.000  0.000  0.000  0.000
   1.89163    -24.440364  0.000  0.000  0.000  0.000  0.000  0.000  0.000  0.000  0.000  0.000
   1.87468    -24.440491  0.000  0.000  0.000  0.000  0.000  0.000  0.000  0.000  0.000  0.000
   1.85774    -24.440615  0.000  0.000  0.000  0.000  0.000  0.000  0.000  0.000  0.000  0.000
   1.84079    -24.440738  0.000  0.000  0.000  0.000  0.000  0.000  0.000  0.000  0.000  0.000
   1.82385    -24.440858  0.000  0.000  0.000  0.000  0.000  0.000  0.000  0.000  0.000  0.000
   1.80690    -24.440975  0.000  0.000  0.000  0.000  0.000  0.000  0.000  0.000  0.000  0.000
   1.78996    -24.441090  0.000  0.000  0.000  0.000  0.000  0.000  0.000  0.000  0.000  0.000
   1.77301    -24.441202  0.000  0.000  0.000  0.000  0.000  0.000  0.000  0.000  0.000  0.000
   1.77301    -24.441202  0.000  0.000  0.000  0.000  0.000  0.000  0.000  0.000  0.000  0.000
   1.74479    -24.441202  0.000  0.000  0.000  0.000  0.000  0.000  0.000  0.000  0.000  0.000
   1.71657    -24.441219  0.000  0.000  0.000  0.000  0.000  0.000  0.000  0.000  0.000  0.000
   1.68835    -24.441253  0.000  0.000  0.000  0.000  0.000  0.000  0.000  0.000  0.000  0.000
   1.66013    -24.441303  0.000  0.000  0.000  0.000  0.000  0.000  0.000  0.000  0.000  0.000
   1.63191    -24.441370  0.000  0.000  0.000  0.000  0.000  0.000  0.000  0.000  0.000  0.000
   1.60369    -24.441447  0.000  0.000  0.000  0.000  0.000  0.000  0.000  0.000  0.000  0.000
   1.57546    -24.441540  0.000  0.000  0.000  0.000  0.000  0.000  0.000  0.000  0.000  0.000
   1.54724    -24.441643  0.000  0.000  0.000  0.000  0.000  0.000  0.000  0.000  0.000  0.000
   1.51902    -24.441758  0.000  0.000  0.000  0.000  0.000  0.000  0.000  0.000  0.000  0.000
   1.49080    -24.441881  0.000  0.000  0.000  0.000  0.000  0.000  0.000  0.000  0.000  0.000
   1.46258    -24.442014  0.000  0.000  0.000  0.000  0.000  0.000  0.000  0.000  0.000  0.000
   1.43436    -24.442156  0.000  0.000  0.000  0.000  0.000  0.000  0.000  0.000  0.000  0.000
   1.40614    -24.442301  0.000  0.000  0.000  0.000  0.000  0.000  0.000  0.000  0.000  0.000
   1.37792    -24.442450  0.000  0.000  0.000  0.000  0.000  0.000  0.000  0.000  0.000  0.000
   1.34970    -24.442600  0.000  0.000  0.000  0.000  0.000  0.000  0.000  0.000  0.000  0.000
   1.32148    -24.442754  0.000  0.000  0.000  0.000  0.000  0.000  0.000  0.000  0.000  0.000
   1.29326    -24.442905  0.000  0.000  0.000  0.000  0.000  0.000  0.000  0.000  0.000  0.000
   1.26503    -24.443048  0.000  0.000  0.000  0.000  0.000  0.000  0.000  0.000  0.000  0.000
   1.23681    -24.443187  0.000  0.000  0.000  0.000  0.000  0.000  0.000  0.000  0.000  0.000
   1.20859    -24.443323  0.000  0.000  0.000  0.000  0.000  0.000  0.000  0.000  0.000  0.000
   1.18037    -24.443453  0.000  0.000  0.000  0.000  0.000  0.000  0.000  0.000  0.000  0.000
   1.15215    -24.443572  0.000  0.000  0.000  0.000  0.000  0.000  0.000  0.000  0.000  0.000
   1.12393    -24.443679  0.000  0.000  0.000  0.000  0.000  0.000  0.000  0.000  0.000  0.000
   1.09571    -24.443773  0.000  0.000  0.000  0.000  0.000  0.000  0.000  0.000  0.000  0.000
   1.06749    -24.443856  0.000  0.000  0.000  0.000  0.000  0.000  0.000  0.000  0.000  0.000
   1.03927    -24.443916  0.000  0.000  0.000  0.000  0.000  0.000  0.000  0.000  0.000  0.000
   1.01105    -24.443964  0.000  0.000  0.000  0.000  0.000  0.000  0.000  0.000  0.000  0.000
   0.98283    -24.443997  0.000  0.000  0.000  0.000  0.000  0.000  0.000  0.000  0.000  0.000
   0.95460    -24.444016  0.000  0.000  0.000  0.000  0.000  0.000  0.000  0.000  0.000  0.000
   0.95460    -24.444016  0.000  0.000  0.000  0.000  0.000  0.000  0.000  0.000  0.000  0.000
   0.92169    -24.443992  0.000  0.000  0.000  0.000  0.000  0.000  0.000  0.000  0.000  0.000
   0.88877    -24.443943  0.000  0.000  0.000  0.000  0.000  0.000  0.000  0.000  0.000  0.000
   0.85585    -24.443871  0.000  0.000  0.000  0.000  0.000  0.000  0.000  0.000  0.000  0.000
   0.82294    -24.443768  0.000  0.000  0.000  0.000  0.000  0.000  0.000  0.000  0.000  0.000
   0.79002    -24.443643  0.000  0.000  0.000  0.000  0.000  0.000  0.000  0.000  0.000  0.000
   0.75710    -24.443492  0.000  0.000  0.000  0.000  0.000  0.000  0.000  0.000  0.000  0.000
   0.72418    -24.443314  0.000  0.000  0.000  0.000  0.000  0.000  0.000  0.000  0.000  0.000
   0.69127    -24.443111  0.000  0.000  0.000  0.000  0.000  0.000  0.000  0.000  0.000  0.000
   0.65835    -24.442887  0.000  0.000  0.000  0.000  0.000  0.000  0.000  0.000  0.000  0.000
   0.62543    -24.442642  0.000  0.000  0.000  0.000  0.000  0.000  0.000  0.000  0.000  0.000
   0.59251    -24.442378  0.000  0.000  0.000  0.000  0.000  0.000  0.000  0.000  0.000  0.000
   0.55960    -24.442098  0.000  0.000  0.000  0.000  0.000  0.000  0.000  0.000  0.000  0.000
   0.52668    -24.441807  0.000  0.000  0.000  0.000  0.000  0.000  0.000  0.000  0.000  0.000
   0.49376    -24.441507  0.000  0.000  0.000  0.000  0.000  0.000  0.000  0.000  0.000  0.000
   0.46084    -24.441201  0.000  0.000  0.000  0.000  0.000  0.000  0.000  0.000  0.000  0.000
   0.42793    -24.440895  0.000  0.000  0.000  0.000  0.000  0.000  0.000  0.000  0.000  0.000
   0.39501    -24.440592  0.000  0.000  0.000  0.000  0.000  0.000  0.000  0.000  0.000  0.000
   0.36209    -24.440297  0.000  0.000  0.000  0.000  0.000  0.000  0.000  0.000  0.000  0.000
   0.32917    -24.440011  0.000  0.000  0.000  0.000  0.000  0.000  0.000  0.000  0.000  0.000
   0.29626    -24.439738  0.000  0.000  0.000  0.000  0.000  0.000  0.000  0.000  0.000  0.000
   0.26334    -24.439480  0.000  0.000  0.000  0.000  0.000  0.000  0.000  0.000  0.000  0.000
   0.23042    -24.439245  0.000  0.000  0.000  0.000  0.000  0.000  0.000  0.000  0.000  0.000
   0.19750    -24.439030  0.000  0.000  0.000  0.000  0.000  0.000  0.000  0.000  0.000  0.000
   0.16459    -24.438845  0.000  0.000  0.000  0.000  0.000  0.000  0.000  0.000  0.000  0.000
   0.13167    -24.438685  0.000  0.000  0.000  0.000  0.000  0.000  0.000  0.000  0.000  0.000
   0.09875    -24.438556  0.000  0.000  0.000  0.000  0.000  0.000  0.000  0.000  0.000  0.000
   0.06583    -24.438459  0.000  0.000  0.000  0.000  0.000  0.000  0.000  0.000  0.000  0.000
   0.03292    -24.438391  0.000  0.000  0.000  0.000  0.000  0.000  0.000  0.000  0.000  0.000
   0.00000    -24.438356  0.000  0.000  0.000  0.000  0.000  0.000  0.000  0.000  0.000  0.000
 
# Band-Index:    3
   0.00000    -24.413300  0.000  0.000  0.000  0.000  0.000  0.000  0.000  0.000  0.000  0.000
   0.03292    -24.413305  0.000  0.000  0.000  0.000  0.000  0.000  0.000  0.000  0.000  0.000
   0.06583    -24.413295  0.000  0.000  0.000  0.000  0.000  0.000  0.000  0.000  0.000  0.000
   0.09875    -24.413279  0.000  0.000  0.000  0.000  0.000  0.000  0.000  0.000  0.000  0.000
   0.13167    -24.413257  0.000  0.000  0.000  0.000  0.000  0.000  0.000  0.000  0.000  0.000
   0.16459    -24.413227  0.000  0.000  0.000  0.000  0.000  0.000  0.000  0.000  0.000  0.000
   0.19750    -24.413193  0.000  0.000  0.000  0.000  0.000  0.000  0.000  0.000  0.000  0.000
   0.23042    -24.413159  0.000  0.000  0.000  0.000  0.000  0.000  0.000  0.000  0.000  0.000
   0.26334    -24.413122  0.000  0.000  0.000  0.000  0.000  0.000  0.000  0.000  0.000  0.000
   0.29626    -24.413084  0.000  0.000  0.000  0.000  0.000  0.000  0.000  0.000  0.000  0.000
   0.32917    -24.413049  0.000  0.000  0.000  0.000  0.000  0.000  0.000  0.000  0.000  0.000
   0.36209    -24.413016  0.000  0.000  0.000  0.000  0.000  0.000  0.000  0.000  0.000  0.000
   0.39501    -24.412983  0.000  0.000  0.000  0.000  0.000  0.000  0.000  0.000  0.000  0.000
   0.42793    -24.412955  0.000  0.000  0.000  0.000  0.000  0.000  0.000  0.000  0.000  0.000
   0.46084    -24.412928  0.000  0.000  0.000  0.000  0.000  0.000  0.000  0.000  0.000  0.000
   0.49376    -24.412902  0.000  0.000  0.000  0.000  0.000  0.000  0.000  0.000  0.000  0.000
   0.52668    -24.412877  0.000  0.000  0.000  0.000  0.000  0.000  0.000  0.000  0.000  0.000
   0.55960    -24.412851  0.000  0.000  0.000  0.000  0.000  0.000  0.000  0.000  0.000  0.000
   0.59251    -24.412824  0.000  0.000  0.000  0.000  0.000  0.000  0.000  0.000  0.000  0.000
   0.62543    -24.412794  0.000  0.000  0.000  0.000  0.000  0.000  0.000  0.000  0.000  0.000
   0.65835    -24.412761  0.000  0.000  0.000  0.000  0.000  0.000  0.000  0.000  0.000  0.000
   0.69127    -24.412725  0.000  0.000  0.000  0.000  0.000  0.000  0.000  0.000  0.000  0.000
   0.72418    -24.412686  0.000  0.000  0.000  0.000  0.000  0.000  0.000  0.000  0.000  0.000
   0.75710    -24.412644  0.000  0.000  0.000  0.000  0.000  0.000  0.000  0.000  0.000  0.000
   0.79002    -24.412598  0.000  0.000  0.000  0.000  0.000  0.000  0.000  0.000  0.000  0.000
   0.82294    -24.412548  0.000  0.000  0.000  0.000  0.000  0.000  0.000  0.000  0.000  0.000
   0.85585    -24.412499  0.000  0.000  0.000  0.000  0.000  0.000  0.000  0.000  0.000  0.000
   0.88877    -24.412445  0.000  0.000  0.000  0.000  0.000  0.000  0.000  0.000  0.000  0.000
   0.92169    -24.412394  0.000  0.000  0.000  0.000  0.000  0.000  0.000  0.000  0.000  0.000
   0.95460    -24.412343  0.000  0.000  0.000  0.000  0.000  0.000  0.000  0.000  0.000  0.000
   0.95460    -24.412343  0.000  0.000  0.000  0.000  0.000  0.000  0.000  0.000  0.000  0.000
   0.98283    -24.412384  0.000  0.000  0.000  0.000  0.000  0.000  0.000  0.000  0.000  0.000
   1.01105    -24.412427  0.000  0.000  0.000  0.000  0.000  0.000  0.000  0.000  0.000  0.000
   1.03927    -24.412471  0.000  0.000  0.000  0.000  0.000  0.000  0.000  0.000  0.000  0.000
   1.06749    -24.412517  0.000  0.000  0.000  0.000  0.000  0.000  0.000  0.000  0.000  0.000
   1.09571    -24.412557  0.000  0.000  0.000  0.000  0.000  0.000  0.000  0.000  0.000  0.000
   1.12393    -24.412596  0.000  0.000  0.000  0.000  0.000  0.000  0.000  0.000  0.000  0.000
   1.15215    -24.412631  0.000  0.000  0.000  0.000  0.000  0.000  0.000  0.000  0.000  0.000
   1.18037    -24.412669  0.000  0.000  0.000  0.000  0.000  0.000  0.000  0.000  0.000  0.000
   1.20859    -24.412699  0.000  0.000  0.000  0.000  0.000  0.000  0.000  0.000  0.000  0.000
   1.23681    -24.412725  0.000  0.000  0.000  0.000  0.000  0.000  0.000  0.000  0.000  0.000
   1.26503    -24.412749  0.000  0.000  0.000  0.000  0.000  0.000  0.000  0.000  0.000  0.000
   1.29326    -24.412773  0.000  0.000  0.000  0.000  0.000  0.000  0.000  0.000  0.000  0.000
   1.32148    -24.412788  0.000  0.000  0.000  0.000  0.000  0.000  0.000  0.000  0.000  0.000
   1.34970    -24.412797  0.000  0.000  0.000  0.000  0.000  0.000  0.000  0.000  0.000  0.000
   1.37792    -24.412806  0.000  0.000  0.000  0.000  0.000  0.000  0.000  0.000  0.000  0.000
   1.40614    -24.412807  0.000  0.000  0.000  0.000  0.000  0.000  0.000  0.000  0.000  0.000
   1.43436    -24.412802  0.000  0.000  0.000  0.000  0.000  0.000  0.000  0.000  0.000  0.000
   1.46258    -24.412793  0.000  0.000  0.000  0.000  0.000  0.000  0.000  0.000  0.000  0.000
   1.49080    -24.412780  0.000  0.000  0.000  0.000  0.000  0.000  0.000  0.000  0.000  0.000
   1.51902    -24.412763  0.000  0.000  0.000  0.000  0.000  0.000  0.000  0.000  0.000  0.000
   1.54724    -24.412741  0.000  0.000  0.000  0.000  0.000  0.000  0.000  0.000  0.000  0.000
   1.57546    -24.412715  0.000  0.000  0.000  0.000  0.000  0.000  0.000  0.000  0.000  0.000
   1.60369    -24.412685  0.000  0.000  0.000  0.000  0.000  0.000  0.000  0.000  0.000  0.000
   1.63191    -24.412654  0.000  0.000  0.000  0.000  0.000  0.000  0.000  0.000  0.000  0.000
   1.66013    -24.412618  0.000  0.000  0.000  0.000  0.000  0.000  0.000  0.000  0.000  0.000
   1.68835    -24.412579  0.000  0.000  0.000  0.000  0.000  0.000  0.000  0.000  0.000  0.000
   1.71657    -24.412538  0.000  0.000  0.000  0.000  0.000  0.000  0.000  0.000  0.000  0.000
   1.74479    -24.412496  0.000  0.000  0.000  0.000  0.000  0.000  0.000  0.000  0.000  0.000
   1.77301    -24.412453  0.000  0.000  0.000  0.000  0.000  0.000  0.000  0.000  0.000  0.000
   1.77301    -24.412453  0.000  0.000  0.000  0.000  0.000  0.000  0.000  0.000  0.000  0.000
   1.78996    -24.412500  0.000  0.000  0.000  0.000  0.000  0.000  0.000  0.000  0.000  0.000
   1.80690    -24.412546  0.000  0.000  0.000  0.000  0.000  0.000  0.000  0.000  0.000  0.000
   1.82385    -24.412592  0.000  0.000  0.000  0.000  0.000  0.000  0.000  0.000  0.000  0.000
   1.84079    -24.412641  0.000  0.000  0.000  0.000  0.000  0.000  0.000  0.000  0.000  0.000
   1.85774    -24.412688  0.000  0.000  0.000  0.000  0.000  0.000  0.000  0.000  0.000  0.000
   1.87468    -24.412735  0.000  0.000  0.000  0.000  0.000  0.000  0.000  0.000  0.000  0.000
   1.89163    -24.412780  0.000  0.000  0.000  0.000  0.000  0.000  0.000  0.000  0.000  0.000
   1.90857    -24.412825  0.000  0.000  0.000  0.000  0.000  0.000  0.000  0.000  0.000  0.000
   1.92552    -24.412867  0.000  0.000  0.000  0.000  0.000  0.000  0.000  0.000  0.000  0.000
   1.94246    -24.412910  0.000  0.000  0.000  0.000  0.000  0.000  0.000  0.000  0.000  0.000
   1.95941    -24.412951  0.000  0.000  0.000  0.000  0.000  0.000  0.000  0.000  0.000  0.000
   1.97635    -24.412990  0.000  0.000  0.000  0.000  0.000  0.000  0.000  0.000  0.000  0.000
   1.99330    -24.413027  0.000  0.000  0.000  0.000  0.000  0.000  0.000  0.000  0.000  0.000
   2.01024    -24.413063  0.000  0.000  0.000  0.000  0.000  0.000  0.000  0.000  0.000  0.000
   2.02719    -24.413099  0.000  0.000  0.000  0.000  0.000  0.000  0.000  0.000  0.000  0.000
   2.04413    -24.413135  0.000  0.000  0.000  0.000  0.000  0.000  0.000  0.000  0.000  0.000
   2.06108    -24.413165  0.000  0.000  0.000  0.000  0.000  0.000  0.000  0.000  0.000  0.000
   2.07802    -24.413193  0.000  0.000  0.000  0.000  0.000  0.000  0.000  0.000  0.000  0.000
   2.09497    -24.413217  0.000  0.000  0.000  0.000  0.000  0.000  0.000  0.000  0.000  0.000
   2.11191    -24.413236  0.000  0.000  0.000  0.000  0.000  0.000  0.000  0.000  0.000  0.000
   2.12886    -24.413255  0.000  0.000  0.000  0.000  0.000  0.000  0.000  0.000  0.000  0.000
   2.14580    -24.413274  0.000  0.000  0.000  0.000  0.000  0.000  0.000  0.000  0.000  0.000
   2.16275    -24.413287  0.000  0.000  0.000  0.000  0.000  0.000  0.000  0.000  0.000  0.000
   2.17969    -24.413299  0.000  0.000  0.000  0.000  0.000  0.000  0.000  0.000  0.000  0.000
   2.19664    -24.413306  0.000  0.000  0.000  0.000  0.000  0.000  0.000  0.000  0.000  0.000
   2.21358    -24.413310  0.000  0.000  0.000  0.000  0.000  0.000  0.000  0.000  0.000  0.000
   2.23053    -24.413311  0.000  0.000  0.000  0.000  0.000  0.000  0.000  0.000  0.000  0.000
   2.24747    -24.413311  0.000  0.000  0.000  0.000  0.000  0.000  0.000  0.000  0.000  0.000
   2.26442    -24.413300  0.000  0.000  0.000  0.000  0.000  0.000  0.000  0.000  0.000  0.000
   2.26442    -24.413300  0.000  0.000  0.000  0.000  0.000  0.000  0.000  0.000  0.000  0.000
   2.29734    -24.413305  0.000  0.000  0.000  0.000  0.000  0.000  0.000  0.000  0.000  0.000
   2.33025    -24.413295  0.000  0.000  0.000  0.000  0.000  0.000  0.000  0.000  0.000  0.000
   2.36317    -24.413279  0.000  0.000  0.000  0.000  0.000  0.000  0.000  0.000  0.000  0.000
   2.39609    -24.413257  0.000  0.000  0.000  0.000  0.000  0.000  0.000  0.000  0.000  0.000
   2.42901    -24.413227  0.000  0.000  0.000  0.000  0.000  0.000  0.000  0.000  0.000  0.000
   2.46192    -24.413193  0.000  0.000  0.000  0.000  0.000  0.000  0.000  0.000  0.000  0.000
   2.49484    -24.413159  0.000  0.000  0.000  0.000  0.000  0.000  0.000  0.000  0.000  0.000
   2.52776    -24.413122  0.000  0.000  0.000  0.000  0.000  0.000  0.000  0.000  0.000  0.000
   2.56068    -24.413084  0.000  0.000  0.000  0.000  0.000  0.000  0.000  0.000  0.000  0.000
   2.59359    -24.413049  0.000  0.000  0.000  0.000  0.000  0.000  0.000  0.000  0.000  0.000
   2.62651    -24.413016  0.000  0.000  0.000  0.000  0.000  0.000  0.000  0.000  0.000  0.000
   2.65943    -24.412983  0.000  0.000  0.000  0.000  0.000  0.000  0.000  0.000  0.000  0.000
   2.69234    -24.412955  0.000  0.000  0.000  0.000  0.000  0.000  0.000  0.000  0.000  0.000
   2.72526    -24.412928  0.000  0.000  0.000  0.000  0.000  0.000  0.000  0.000  0.000  0.000
   2.75818    -24.412902  0.000  0.000  0.000  0.000  0.000  0.000  0.000  0.000  0.000  0.000
   2.79110    -24.412877  0.000  0.000  0.000  0.000  0.000  0.000  0.000  0.000  0.000  0.000
   2.82401    -24.412851  0.000  0.000  0.000  0.000  0.000  0.000  0.000  0.000  0.000  0.000
   2.85693    -24.412824  0.000  0.000  0.000  0.000  0.000  0.000  0.000  0.000  0.000  0.000
   2.88985    -24.412794  0.000  0.000  0.000  0.000  0.000  0.000  0.000  0.000  0.000  0.000
   2.92277    -24.412761  0.000  0.000  0.000  0.000  0.000  0.000  0.000  0.000  0.000  0.000
   2.95568    -24.412725  0.000  0.000  0.000  0.000  0.000  0.000  0.000  0.000  0.000  0.000
   2.98860    -24.412686  0.000  0.000  0.000  0.000  0.000  0.000  0.000  0.000  0.000  0.000
   3.02152    -24.412644  0.000  0.000  0.000  0.000  0.000  0.000  0.000  0.000  0.000  0.000
   3.05444    -24.412598  0.000  0.000  0.000  0.000  0.000  0.000  0.000  0.000  0.000  0.000
   3.08735    -24.412548  0.000  0.000  0.000  0.000  0.000  0.000  0.000  0.000  0.000  0.000
   3.12027    -24.412499  0.000  0.000  0.000  0.000  0.000  0.000  0.000  0.000  0.000  0.000
   3.15319    -24.412445  0.000  0.000  0.000  0.000  0.000  0.000  0.000  0.000  0.000  0.000
   3.18611    -24.412394  0.000  0.000  0.000  0.000  0.000  0.000  0.000  0.000  0.000  0.000
   3.21902    -24.412343  0.000  0.000  0.000  0.000  0.000  0.000  0.000  0.000  0.000  0.000
 
# Band-Index:    4
   3.21902    -24.412342  0.000  0.000  0.000  0.000  0.000  0.000  0.000  0.000  0.000  0.000
   3.18611    -24.412291  0.000  0.000  0.000  0.000  0.000  0.000  0.000  0.000  0.000  0.000
   3.15319    -24.412240  0.000  0.000  0.000  0.000  0.000  0.000  0.000  0.000  0.000  0.000
   3.12027    -24.412195  0.000  0.000  0.000  0.000  0.000  0.000  0.000  0.000  0.000  0.000
   3.08735    -24.412150  0.000  0.000  0.000  0.000  0.000  0.000  0.000  0.000  0.000  0.000
   3.05444    -24.412110  0.000  0.000  0.000  0.000  0.000  0.000  0.000  0.000  0.000  0.000
   3.02152    -24.412073  0.000  0.000  0.000  0.000  0.000  0.000  0.000  0.000  0.000  0.000
   2.98860    -24.412040  0.000  0.000  0.000  0.000  0.000  0.000  0.000  0.000  0.000  0.000
   2.95568    -24.412010  0.000  0.000  0.000  0.000  0.000  0.000  0.000  0.000  0.000  0.000
   2.92277    -24.411986  0.000  0.000  0.000  0.000  0.000  0.000  0.000  0.000  0.000  0.000
   2.88985    -24.411965  0.000  0.000  0.000  0.000  0.000  0.000  0.000  0.000  0.000  0.000
   2.85693    -24.411948  0.000  0.000  0.000  0.000  0.000  0.000  0.000  0.000  0.000  0.000
   2.82401    -24.411933  0.000  0.000  0.000  0.000  0.000  0.000  0.000  0.000  0.000  0.000
   2.79110    -24.411921  0.000  0.000  0.000  0.000  0.000  0.000  0.000  0.000  0.000  0.000
   2.75818    -24.411910  0.000  0.000  0.000  0.000  0.000  0.000  0.000  0.000  0.000  0.000
   2.72526    -24.411900  0.000  0.000  0.000  0.000  0.000  0.000  0.000  0.000  0.000  0.000
   2.69234    -24.411890  0.000  0.000  0.000  0.000  0.000  0.000  0.000  0.000  0.000  0.000
   2.65943    -24.411876  0.000  0.000  0.000  0.000  0.000  0.000  0.000  0.000  0.000  0.000
   2.62651    -24.411863  0.000  0.000  0.000  0.000  0.000  0.000  0.000  0.000  0.000  0.000
   2.59359    -24.411846  0.000  0.000  0.000  0.000  0.000  0.000  0.000  0.000  0.000  0.000
   2.56068    -24.411826  0.000  0.000  0.000  0.000  0.000  0.000  0.000  0.000  0.000  0.000
   2.52776    -24.411806  0.000  0.000  0.000  0.000  0.000  0.000  0.000  0.000  0.000  0.000
   2.49484    -24.411784  0.000  0.000  0.000  0.000  0.000  0.000  0.000  0.000  0.000  0.000
   2.46192    -24.411759  0.000  0.000  0.000  0.000  0.000  0.000  0.000  0.000  0.000  0.000
   2.42901    -24.411738  0.000  0.000  0.000  0.000  0.000  0.000  0.000  0.000  0.000  0.000
   2.39609    -24.411718  0.000  0.000  0.000  0.000  0.000  0.000  0.000  0.000  0.000  0.000
   2.36317    -24.411699  0.000  0.000  0.000  0.000  0.000  0.000  0.000  0.000  0.000  0.000
   2.33025    -24.411685  0.000  0.000  0.000  0.000  0.000  0.000  0.000  0.000  0.000  0.000
   2.29734    -24.411677  0.000  0.000  0.000  0.000  0.000  0.000  0.000  0.000  0.000  0.000
   2.26442    -24.411669  0.000  0.000  0.000  0.000  0.000  0.000  0.000  0.000  0.000  0.000
   2.26442    -24.411669  0.000  0.000  0.000  0.000  0.000  0.000  0.000  0.000  0.000  0.000
   2.24747    -24.411678  0.000  0.000  0.000  0.000  0.000  0.000  0.000  0.000  0.000  0.000
   2.23053    -24.411680  0.000  0.000  0.000  0.000  0.000  0.000  0.000  0.000  0.000  0.000
   2.21358    -24.411686  0.000  0.000  0.000  0.000  0.000  0.000  0.000  0.000  0.000  0.000
   2.19664    -24.411694  0.000  0.000  0.000  0.000  0.000  0.000  0.000  0.000  0.000  0.000
   2.17969    -24.411703  0.000  0.000  0.000  0.000  0.000  0.000  0.000  0.000  0.000  0.000
   2.16275    -24.411713  0.000  0.000  0.000  0.000  0.000  0.000  0.000  0.000  0.000  0.000
   2.14580    -24.411725  0.000  0.000  0.000  0.000  0.000  0.000  0.000  0.000  0.000  0.000
   2.12886    -24.411738  0.000  0.000  0.000  0.000  0.000  0.000  0.000  0.000  0.000  0.000
   2.11191    -24.411755  0.000  0.000  0.000  0.000  0.000  0.000  0.000  0.000  0.000  0.000
   2.09497    -24.411776  0.000  0.000  0.000  0.000  0.000  0.000  0.000  0.000  0.000  0.000
   2.07802    -24.411798  0.000  0.000  0.000  0.000  0.000  0.000  0.000  0.000  0.000  0.000
   2.06108    -24.411820  0.000  0.000  0.000  0.000  0.000  0.000  0.000  0.000  0.000  0.000
   2.04413    -24.411845  0.000  0.000  0.000  0.000  0.000  0.000  0.000  0.000  0.000  0.000
   2.02719    -24.411867  0.000  0.000  0.000  0.000  0.000  0.000  0.000  0.000  0.000  0.000
   2.01024    -24.411894  0.000  0.000  0.000  0.000  0.000  0.000  0.000  0.000  0.000  0.000
   1.99330    -24.411924  0.000  0.000  0.000  0.000  0.000  0.000  0.000  0.000  0.000  0.000
   1.97635    -24.411958  0.000  0.000  0.000  0.000  0.000  0.000  0.000  0.000  0.000  0.000
   1.95941    -24.411992  0.000  0.000  0.000  0.000  0.000  0.000  0.000  0.000  0.000  0.000
   1.94246    -24.412028  0.000  0.000  0.000  0.000  0.000  0.000  0.000  0.000  0.000  0.000
   1.92552    -24.412065  0.000  0.000  0.000  0.000  0.000  0.000  0.000  0.000  0.000  0.000
   1.90857    -24.412105  0.000  0.000  0.000  0.000  0.000  0.000  0.000  0.000  0.000  0.000
   1.89163    -24.412145  0.000  0.000  0.000  0.000  0.000  0.000  0.000  0.000  0.000  0.000
   1.87468    -24.412187  0.000  0.000  0.000  0.000  0.000  0.000  0.000  0.000  0.000  0.000
   1.85774    -24.412228  0.000  0.000  0.000  0.000  0.000  0.000  0.000  0.000  0.000  0.000
   1.84079    -24.412271  0.000  0.000  0.000  0.000  0.000  0.000  0.000  0.000  0.000  0.000
   1.82385    -24.412314  0.000  0.000  0.000  0.000  0.000  0.000  0.000  0.000  0.000  0.000
   1.80690    -24.412360  0.000  0.000  0.000  0.000  0.000  0.000  0.000  0.000  0.000  0.000
   1.78996    -24.412406  0.000  0.000  0.000  0.000  0.000  0.000  0.000  0.000  0.000  0.000
   1.77301    -24.412453  0.000  0.000  0.000  0.000  0.000  0.000  0.000  0.000  0.000  0.000
   1.77301    -24.412453  0.000  0.000  0.000  0.000  0.000  0.000  0.000  0.000  0.000  0.000
   1.74479    -24.412409  0.000  0.000  0.000  0.000  0.000  0.000  0.000  0.000  0.000  0.000
   1.71657    -24.412365  0.000  0.000  0.000  0.000  0.000  0.000  0.000  0.000  0.000  0.000
   1.68835    -24.412322  0.000  0.000  0.000  0.000  0.000  0.000  0.000  0.000  0.000  0.000
   1.66013    -24.412281  0.000  0.000  0.000  0.000  0.000  0.000  0.000  0.000  0.000  0.000
   1.63191    -24.412240  0.000  0.000  0.000  0.000  0.000  0.000  0.000  0.000  0.000  0.000
   1.60369    -24.412199  0.000  0.000  0.000  0.000  0.000  0.000  0.000  0.000  0.000  0.000
   1.57546    -24.412163  0.000  0.000  0.000  0.000  0.000  0.000  0.000  0.000  0.000  0.000
   1.54724    -24.412130  0.000  0.000  0.000  0.000  0.000  0.000  0.000  0.000  0.000  0.000
   1.51902    -24.412100  0.000  0.000  0.000  0.000  0.000  0.000  0.000  0.000  0.000  0.000
   1.49080    -24.412073  0.000  0.000  0.000  0.000  0.000  0.000  0.000  0.000  0.000  0.000
   1.46258    -24.412051  0.000  0.000  0.000  0.000  0.000  0.000  0.000  0.000  0.000  0.000
   1.43436    -24.412034  0.000  0.000  0.000  0.000  0.000  0.000  0.000  0.000  0.000  0.000
   1.40614    -24.412021  0.000  0.000  0.000  0.000  0.000  0.000  0.000  0.000  0.000  0.000
   1.37792    -24.412011  0.000  0.000  0.000  0.000  0.000  0.000  0.000  0.000  0.000  0.000
   1.34970    -24.412003  0.000  0.000  0.000  0.000  0.000  0.000  0.000  0.000  0.000  0.000
   1.32148    -24.412004  0.000  0.000  0.000  0.000  0.000  0.000  0.000  0.000  0.000  0.000
   1.29326    -24.412009  0.000  0.000  0.000  0.000  0.000  0.000  0.000  0.000  0.000  0.000
   1.26503    -24.412013  0.000  0.000  0.000  0.000  0.000  0.000  0.000  0.000  0.000  0.000
   1.23681    -24.412026  0.000  0.000  0.000  0.000  0.000  0.000  0.000  0.000  0.000  0.000
   1.20859    -24.412044  0.000  0.000  0.000  0.000  0.000  0.000  0.000  0.000  0.000  0.000
   1.18037    -24.412067  0.000  0.000  0.000  0.000  0.000  0.000  0.000  0.000  0.000  0.000
   1.15215    -24.412089  0.000  0.000  0.000  0.000  0.000  0.000  0.000  0.000  0.000  0.000
   1.12393    -24.412119  0.000  0.000  0.000  0.000  0.000  0.000  0.000  0.000  0.000  0.000
   1.09571    -24.412151  0.000  0.000  0.000  0.000  0.000  0.000  0.000  0.000  0.000  0.000
   1.06749    -24.412186  0.000  0.000  0.000  0.000  0.000  0.000  0.000  0.000  0.000  0.000
   1.03927    -24.412219  0.000  0.000  0.000  0.000  0.000  0.000  0.000  0.000  0.000  0.000
   1.01105    -24.412258  0.000  0.000  0.000  0.000  0.000  0.000  0.000  0.000  0.000  0.000
   0.98283    -24.412299  0.000  0.000  0.000  0.000  0.000  0.000  0.000  0.000  0.000  0.000
   0.95460    -24.412342  0.000  0.000  0.000  0.000  0.000  0.000  0.000  0.000  0.000  0.000
   0.95460    -24.412342  0.000  0.000  0.000  0.000  0.000  0.000  0.000  0.000  0.000  0.000
   0.92169    -24.412291  0.000  0.000  0.000  0.000  0.000  0.000  0.000  0.000  0.000  0.000
   0.88877    -24.412240  0.000  0.000  0.000  0.000  0.000  0.000  0.000  0.000  0.000  0.000
   0.85585    -24.412195  0.000  0.000  0.000  0.000  0.000  0.000  0.000  0.000  0.000  0.000
   0.82294    -24.412150  0.000  0.000  0.000  0.000  0.000  0.000  0.000  0.000  0.000  0.000
   0.79002    -24.412110  0.000  0.000  0.000  0.000  0.000  0.000  0.000  0.000  0.000  0.000
   0.75710    -24.412073  0.000  0.000  0.000  0.000  0.000  0.000  0.000  0.000  0.000  0.000
   0.72418    -24.412040  0.000  0.000  0.000  0.000  0.000  0.000  0.000  0.000  0.000  0.000
   0.69127    -24.412010  0.000  0.000  0.000  0.000  0.000  0.000  0.000  0.000  0.000  0.000
   0.65835    -24.411986  0.000  0.000  0.000  0.000  0.000  0.000  0.000  0.000  0.000  0.000
   0.62543    -24.411965  0.000  0.000  0.000  0.000  0.000  0.000  0.000  0.000  0.000  0.000
   0.59251    -24.411948  0.000  0.000  0.000  0.000  0.000  0.000  0.000  0.000  0.000  0.000
   0.55960    -24.411933  0.000  0.000  0.000  0.000  0.000  0.000  0.000  0.000  0.000  0.000
   0.52668    -24.411921  0.000  0.000  0.000  0.000  0.000  0.000  0.000  0.000  0.000  0.000
   0.49376    -24.411910  0.000  0.000  0.000  0.000  0.000  0.000  0.000  0.000  0.000  0.000
   0.46084    -24.411900  0.000  0.000  0.000  0.000  0.000  0.000  0.000  0.000  0.000  0.000
   0.42793    -24.411890  0.000  0.000  0.000  0.000  0.000  0.000  0.000  0.000  0.000  0.000
   0.39501    -24.411876  0.000  0.000  0.000  0.000  0.000  0.000  0.000  0.000  0.000  0.000
   0.36209    -24.411863  0.000  0.000  0.000  0.000  0.000  0.000  0.000  0.000  0.000  0.000
   0.32917    -24.411846  0.000  0.000  0.000  0.000  0.000  0.000  0.000  0.000  0.000  0.000
   0.29626    -24.411826  0.000  0.000  0.000  0.000  0.000  0.000  0.000  0.000  0.000  0.000
   0.26334    -24.411806  0.000  0.000  0.000  0.000  0.000  0.000  0.000  0.000  0.000  0.000
   0.23042    -24.411784  0.000  0.000  0.000  0.000  0.000  0.000  0.000  0.000  0.000  0.000
   0.19750    -24.411759  0.000  0.000  0.000  0.000  0.000  0.000  0.000  0.000  0.000  0.000
   0.16459    -24.411738  0.000  0.000  0.000  0.000  0.000  0.000  0.000  0.000  0.000  0.000
   0.13167    -24.411718  0.000  0.000  0.000  0.000  0.000  0.000  0.000  0.000  0.000  0.000
   0.09875    -24.411699  0.000  0.000  0.000  0.000  0.000  0.000  0.000  0.000  0.000  0.000
   0.06583    -24.411685  0.000  0.000  0.000  0.000  0.000  0.000  0.000  0.000  0.000  0.000
   0.03292    -24.411677  0.000  0.000  0.000  0.000  0.000  0.000  0.000  0.000  0.000  0.000
   0.00000    -24.411669  0.000  0.000  0.000  0.000  0.000  0.000  0.000  0.000  0.000  0.000
 
# Band-Index:    5
   0.00000    -21.488882  0.001  0.000  0.000  0.000  0.000  0.000  0.000  0.000  0.000  0.001
   0.03292    -21.488916  0.001  0.000  0.000  0.000  0.000  0.000  0.000  0.000  0.000  0.001
   0.06583    -21.488970  0.001  0.000  0.000  0.000  0.000  0.000  0.000  0.000  0.000  0.001
   0.09875    -21.489030  0.001  0.000  0.000  0.000  0.000  0.000  0.000  0.000  0.000  0.001
   0.13167    -21.489109  0.000  0.000  0.000  0.000  0.000  0.000  0.000  0.000  0.000  0.001
   0.16459    -21.489208  0.000  0.000  0.000  0.000  0.000  0.000  0.000  0.000  0.000  0.001
   0.19750    -21.489307  0.000  0.000  0.000  0.000  0.000  0.000  0.000  0.000  0.000  0.001
   0.23042    -21.489427  0.000  0.000  0.000  0.000  0.000  0.000  0.000  0.000  0.000  0.001
   0.26334    -21.489546  0.000  0.000  0.000  0.000  0.000  0.000  0.000  0.000  0.000  0.001
   0.29626    -21.489681  0.000  0.000  0.000  0.000  0.000  0.000  0.000  0.000  0.000  0.001
   0.32917    -21.489819  0.000  0.000  0.000  0.000  0.000  0.000  0.000  0.000  0.000  0.001
   0.36209    -21.489957  0.000  0.000  0.000  0.000  0.000  0.000  0.000  0.000  0.000  0.001
   0.39501    -21.490107  0.000  0.000  0.000  0.000  0.000  0.000  0.000  0.000  0.000  0.001
   0.42793    -21.490270  0.000  0.000  0.000  0.000  0.000  0.000  0.000  0.000  0.000  0.000
   0.46084    -21.490444  0.000  0.000  0.000  0.000  0.000  0.000  0.000  0.000  0.000  0.000
   0.49376    -21.490635  0.000  0.000  0.000  0.000  0.000  0.000  0.000  0.000  0.000  0.000
   0.52668    -21.490839  0.000  0.000  0.000  0.000  0.000  0.000  0.000  0.000  0.000  0.000
   0.55960    -21.491050  0.000  0.000  0.000  0.000  0.000  0.000  0.000  0.000  0.000  0.000
   0.59251    -21.491279  0.000  0.000  0.000  0.000  0.000  0.000  0.000  0.000  0.000  0.000
   0.62543    -21.491511  0.000  0.000  0.000  0.000  0.000  0.000  0.000  0.000  0.000  0.000
   0.65835    -21.491746  0.000  0.000  0.000  0.000  0.000  0.000  0.000  0.000  0.000  0.000
   0.69127    -21.491980  0.000  0.000  0.000  0.000  0.000  0.000  0.000  0.000  0.000  0.000
   0.72418    -21.492209  0.000  0.000  0.000  0.000  0.000  0.000  0.000  0.000  0.000  0.000
   0.75710    -21.492425  0.000  0.000  0.000  0.000  0.000  0.000  0.000  0.000  0.000  0.000
   0.79002    -21.492615  0.000  0.000  0.000  0.000  0.000  0.000  0.000  0.000  0.000  0.000
   0.82294    -21.492782  0.000  0.000  0.000  0.000  0.000  0.000  0.000  0.000  0.000  0.000
   0.85585    -21.492921  0.000  0.000  0.000  0.000  0.000  0.000  0.000  0.000  0.000  0.000
   0.88877    -21.493002  0.000  0.000  0.000  0.000  0.000  0.000  0.000  0.000  0.000  0.000
   0.92169    -21.493043  0.000  0.000  0.000  0.000  0.000  0.000  0.000  0.000  0.000  0.000
   0.95460    -21.493031  0.000  0.000  0.000  0.000  0.000  0.000  0.000  0.000  0.000  0.000
   0.95460    -21.493031  0.000  0.000  0.000  0.000  0.000  0.000  0.000  0.000  0.000  0.000
   0.98283    -21.493041  0.000  0.000  0.000  0.000  0.000  0.000  0.000  0.000  0.000  0.000
   1.01105    -21.493024  0.000  0.000  0.000  0.000  0.000  0.000  0.000  0.000  0.000  0.000
   1.03927    -21.492969  0.000  0.000  0.000  0.000  0.000  0.000  0.000  0.000  0.000  0.000
   1.06749    -21.492894  0.000  0.000  0.000  0.000  0.000  0.000  0.000  0.000  0.000  0.000
   1.09571    -21.492763  0.000  0.000  0.000  0.000  0.000  0.000  0.000  0.000  0.000  0.000
   1.12393    -21.492613  0.000  0.000  0.000  0.000  0.000  0.000  0.000  0.000  0.000  0.000
   1.15215    -21.492439  0.000  0.000  0.000  0.000  0.000  0.000  0.000  0.000  0.000  0.000
   1.18037    -21.492238  0.000  0.000  0.000  0.000  0.000  0.000  0.000  0.000  0.000  0.000
   1.20859    -21.492021  0.000  0.000  0.000  0.000  0.000  0.000  0.000  0.000  0.000  0.000
   1.23681    -21.491795  0.000  0.000  0.000  0.000  0.000  0.000  0.000  0.000  0.000  0.000
   1.26503    -21.491569  0.000  0.000  0.000  0.000  0.000  0.000  0.000  0.000  0.000  0.000
   1.29326    -21.491339  0.000  0.000  0.000  0.000  0.000  0.000  0.000  0.000  0.000  0.000
   1.32148    -21.491095  0.000  0.000  0.000  0.000  0.000  0.000  0.000  0.000  0.000  0.000
   1.34970    -21.490847  0.000  0.000  0.000  0.000  0.000  0.000  0.000  0.000  0.000  0.000
   1.37792    -21.490610  0.000  0.000  0.000  0.000  0.000  0.000  0.000  0.000  0.000  0.000
   1.40614    -21.490375  0.000  0.000  0.000  0.000  0.000  0.000  0.000  0.000  0.000  0.000
   1.43436    -21.490151  0.000  0.000  0.000  0.000  0.000  0.000  0.000  0.000  0.000  0.000
   1.46258    -21.489932  0.000  0.000  0.000  0.000  0.000  0.000  0.000  0.000  0.000  0.000
   1.49080    -21.489725  0.000  0.000  0.000  0.000  0.000  0.000  0.000  0.000  0.000  0.000
   1.51902    -21.489537  0.000  0.000  0.000  0.000  0.000  0.000  0.000  0.000  0.000  0.000
   1.54724    -21.489352  0.000  0.000  0.000  0.000  0.000  0.000  0.000  0.000  0.000  0.000
   1.57546    -21.489183  0.000  0.000  0.000  0.000  0.000  0.000  0.000  0.000  0.000  0.000
   1.60369    -21.489018  0.000  0.000  0.000  0.000  0.000  0.000  0.000  0.000  0.000  0.000
   1.63191    -21.488867  0.000  0.000  0.000  0.000  0.000  0.000  0.000  0.000  0.000  0.000
   1.66013    -21.488721  0.000  0.000  0.000  0.000  0.000  0.000  0.000  0.000  0.000  0.000
   1.68835    -21.488593  0.000  0.000  0.000  0.000  0.000  0.000  0.000  0.000  0.000  0.000
   1.71657    -21.488480  0.000  0.000  0.000  0.000  0.000  0.000  0.000  0.000  0.000  0.000
   1.74479    -21.488381  0.000  0.000  0.000  0.000  0.000  0.000  0.000  0.000  0.000  0.000
   1.77301    -21.488301  0.000  0.000  0.000  0.000  0.000  0.000  0.000  0.000  0.000  0.000
   1.77301    -21.488301  0.000  0.000  0.000  0.000  0.000  0.000  0.000  0.000  0.000  0.000
   1.78996    -21.488503  0.000  0.000  0.000  0.000  0.000  0.000  0.000  0.000  0.000  0.000
   1.80690    -21.488689  0.000  0.000  0.000  0.000  0.000  0.000  0.000  0.000  0.000  0.000
   1.82385    -21.488858  0.000  0.000  0.000  0.000  0.000  0.000  0.000  0.000  0.000  0.000
   1.84079    -21.489009  0.000  0.000  0.000  0.000  0.000  0.000  0.000  0.000  0.000  0.001
   1.85774    -21.489142  0.000  0.000  0.000  0.000  0.000  0.000  0.000  0.000  0.000  0.001
   1.87468    -21.489256  0.000  0.000  0.000  0.000  0.000  0.000  0.000  0.000  0.000  0.001
   1.89163    -21.489346  0.000  0.000  0.000  0.000  0.000  0.000  0.000  0.000  0.000  0.001
   1.90857    -21.489416  0.000  0.000  0.000  0.000  0.000  0.000  0.000  0.000  0.000  0.001
   1.92552    -21.489464  0.000  0.000  0.000  0.000  0.000  0.000  0.000  0.000  0.000  0.001
   1.94246    -21.489509  0.000  0.000  0.000  0.000  0.000  0.000  0.000  0.000  0.000  0.001
   1.95941    -21.489532  0.000  0.000  0.000  0.000  0.000  0.000  0.000  0.000  0.000  0.001
   1.97635    -21.489536  0.000  0.000  0.000  0.000  0.000  0.000  0.000  0.000  0.000  0.001
   1.99330    -21.489540  0.000  0.000  0.000  0.000  0.000  0.000  0.000  0.000  0.000  0.001
   2.01024    -21.489524  0.000  0.000  0.000  0.000  0.000  0.000  0.000  0.000  0.000  0.001
   2.02719    -21.489501  0.000  0.000  0.000  0.000  0.000  0.000  0.000  0.000  0.000  0.001
   2.04413    -21.489478  0.000  0.000  0.000  0.000  0.000  0.000  0.000  0.000  0.000  0.001
   2.06108    -21.489438  0.000  0.000  0.000  0.000  0.000  0.000  0.000  0.000  0.000  0.001
   2.07802    -21.489398  0.000  0.000  0.000  0.000  0.000  0.000  0.000  0.000  0.000  0.001
   2.09497    -21.489334  0.000  0.000  0.000  0.000  0.000  0.000  0.000  0.000  0.000  0.001
   2.11191    -21.489273  0.000  0.000  0.000  0.000  0.000  0.000  0.000  0.000  0.000  0.001
   2.12886    -21.489221  0.000  0.000  0.000  0.000  0.000  0.000  0.000  0.000  0.000  0.001
   2.14580    -21.489176  0.000  0.000  0.000  0.000  0.000  0.000  0.000  0.000  0.000  0.001
   2.16275    -21.489123  0.001  0.000  0.000  0.000  0.000  0.000  0.000  0.000  0.000  0.001
   2.17969    -21.489074  0.001  0.000  0.000  0.000  0.000  0.000  0.000  0.000  0.000  0.001
   2.19664    -21.489031  0.001  0.000  0.000  0.000  0.000  0.000  0.000  0.000  0.000  0.001
   2.21358    -21.488991  0.001  0.000  0.000  0.000  0.000  0.000  0.000  0.000  0.000  0.001
   2.23053    -21.488948  0.001  0.000  0.000  0.000  0.000  0.000  0.000  0.000  0.000  0.001
   2.24747    -21.488925  0.001  0.000  0.000  0.000  0.000  0.000  0.000  0.000  0.000  0.001
   2.26442    -21.488882  0.001  0.000  0.000  0.000  0.000  0.000  0.000  0.000  0.000  0.001
   2.26442    -21.488882  0.001  0.000  0.000  0.000  0.000  0.000  0.000  0.000  0.000  0.001
   2.29734    -21.488916  0.001  0.000  0.000  0.000  0.000  0.000  0.000  0.000  0.000  0.001
   2.33025    -21.488970  0.001  0.000  0.000  0.000  0.000  0.000  0.000  0.000  0.000  0.001
   2.36317    -21.489030  0.001  0.000  0.000  0.000  0.000  0.000  0.000  0.000  0.000  0.001
   2.39609    -21.489109  0.000  0.000  0.000  0.000  0.000  0.000  0.000  0.000  0.000  0.001
   2.42901    -21.489208  0.000  0.000  0.000  0.000  0.000  0.000  0.000  0.000  0.000  0.001
   2.46192    -21.489307  0.000  0.000  0.000  0.000  0.000  0.000  0.000  0.000  0.000  0.001
   2.49484    -21.489427  0.000  0.000  0.000  0.000  0.000  0.000  0.000  0.000  0.000  0.001
   2.52776    -21.489546  0.000  0.000  0.000  0.000  0.000  0.000  0.000  0.000  0.000  0.001
   2.56068    -21.489681  0.000  0.000  0.000  0.000  0.000  0.000  0.000  0.000  0.000  0.001
   2.59359    -21.489819  0.000  0.000  0.000  0.000  0.000  0.000  0.000  0.000  0.000  0.001
   2.62651    -21.489957  0.000  0.000  0.000  0.000  0.000  0.000  0.000  0.000  0.000  0.001
   2.65943    -21.490107  0.000  0.000  0.000  0.000  0.000  0.000  0.000  0.000  0.000  0.001
   2.69234    -21.490270  0.000  0.000  0.000  0.000  0.000  0.000  0.000  0.000  0.000  0.000
   2.72526    -21.490444  0.000  0.000  0.000  0.000  0.000  0.000  0.000  0.000  0.000  0.000
   2.75818    -21.490635  0.000  0.000  0.000  0.000  0.000  0.000  0.000  0.000  0.000  0.000
   2.79110    -21.490839  0.000  0.000  0.000  0.000  0.000  0.000  0.000  0.000  0.000  0.000
   2.82401    -21.491050  0.000  0.000  0.000  0.000  0.000  0.000  0.000  0.000  0.000  0.000
   2.85693    -21.491279  0.000  0.000  0.000  0.000  0.000  0.000  0.000  0.000  0.000  0.000
   2.88985    -21.491511  0.000  0.000  0.000  0.000  0.000  0.000  0.000  0.000  0.000  0.000
   2.92277    -21.491746  0.000  0.000  0.000  0.000  0.000  0.000  0.000  0.000  0.000  0.000
   2.95568    -21.491980  0.000  0.000  0.000  0.000  0.000  0.000  0.000  0.000  0.000  0.000
   2.98860    -21.492209  0.000  0.000  0.000  0.000  0.000  0.000  0.000  0.000  0.000  0.000
   3.02152    -21.492425  0.000  0.000  0.000  0.000  0.000  0.000  0.000  0.000  0.000  0.000
   3.05444    -21.492615  0.000  0.000  0.000  0.000  0.000  0.000  0.000  0.000  0.000  0.000
   3.08735    -21.492782  0.000  0.000  0.000  0.000  0.000  0.000  0.000  0.000  0.000  0.000
   3.12027    -21.492921  0.000  0.000  0.000  0.000  0.000  0.000  0.000  0.000  0.000  0.000
   3.15319    -21.493002  0.000  0.000  0.000  0.000  0.000  0.000  0.000  0.000  0.000  0.000
   3.18611    -21.493043  0.000  0.000  0.000  0.000  0.000  0.000  0.000  0.000  0.000  0.000
   3.21902    -21.493031  0.000  0.000  0.000  0.000  0.000  0.000  0.000  0.000  0.000  0.000
 
# Band-Index:    6
   3.21902    -21.493031  0.000  0.000  0.000  0.000  0.000  0.000  0.000  0.000  0.000  0.000
   3.18611    -21.492961  0.000  0.000  0.000  0.000  0.000  0.000  0.000  0.000  0.000  0.000
   3.15319    -21.492835  0.000  0.000  0.000  0.000  0.000  0.000  0.000  0.000  0.000  0.000
   3.12027    -21.492662  0.000  0.000  0.000  0.000  0.000  0.000  0.000  0.000  0.000  0.000
   3.08735    -21.492421  0.000  0.000  0.000  0.000  0.000  0.000  0.000  0.000  0.000  0.000
   3.05444    -21.492134  0.000  0.000  0.000  0.000  0.000  0.000  0.000  0.000  0.000  0.000
   3.02152    -21.491802  0.000  0.000  0.000  0.000  0.000  0.000  0.000  0.000  0.000  0.000
   2.98860    -21.491416  0.000  0.000  0.000  0.000  0.000  0.000  0.000  0.000  0.000  0.000
   2.95568    -21.490986  0.000  0.000  0.000  0.000  0.000  0.000  0.000  0.000  0.000  0.000
   2.92277    -21.490517  0.000  0.000  0.000  0.000  0.000  0.000  0.000  0.000  0.000  0.000
   2.88985    -21.490012  0.000  0.000  0.000  0.000  0.000  0.000  0.000  0.000  0.000  0.000
   2.85693    -21.489474  0.000  0.000  0.000  0.000  0.000  0.000  0.000  0.000  0.000  0.000
   2.82401    -21.488904  0.000  0.000  0.000  0.000  0.000  0.000  0.000  0.000  0.000  0.000
   2.79110    -21.488322  0.000  0.000  0.000  0.000  0.000  0.000  0.000  0.000  0.000  0.000
   2.75818    -21.487719  0.000  0.000  0.000  0.000  0.000  0.000  0.000  0.000  0.000  0.000
   2.72526    -21.487105  0.000  0.000  0.000  0.000  0.000  0.000  0.000  0.000  0.000  0.000
   2.69234    -21.486489  0.000  0.000  0.000  0.000  0.000  0.000  0.000  0.000  0.000  0.000
   2.65943    -21.485872  0.000  0.000  0.000  0.000  0.000  0.000  0.000  0.000  0.000  0.000
   2.62651    -21.485258  0.000  0.000  0.000  0.000  0.000  0.000  0.000  0.000  0.000  0.000
   2.59359    -21.484650  0.000  0.000  0.000  0.000  0.000  0.000  0.000  0.000  0.000  0.000
   2.56068    -21.484045  0.000  0.000  0.000  0.000  0.000  0.000  0.000  0.000  0.000  0.000
   2.52776    -21.483449  0.000  0.000  0.000  0.000  0.000  0.000  0.000  0.000  0.000  0.000
   2.49484    -21.482880  0.000  0.000  0.000  0.000  0.000  0.000  0.000  0.000  0.000  0.000
   2.46192    -21.482329  0.000  0.000  0.000  0.000  0.000  0.000  0.000  0.000  0.000  0.000
   2.42901    -21.481826  0.000  0.000  0.000  0.000  0.000  0.000  0.000  0.000  0.000  0.000
   2.39609    -21.481362  0.000  0.000  0.000  0.000  0.000  0.000  0.000  0.000  0.000  0.000
   2.36317    -21.480971  0.000  0.000  0.000  0.000  0.000  0.000  0.000  0.000  0.000  0.000
   2.33025    -21.480670  0.000  0.000  0.000  0.000  0.000  0.000  0.000  0.000  0.000  0.000
   2.29734    -21.480463  0.000  0.000  0.000  0.000  0.000  0.000  0.000  0.000  0.000  0.000
   2.26442    -21.480386  0.000  0.000  0.000  0.000  0.000  0.000  0.000  0.000  0.000  0.000
   2.26442    -21.480386  0.000  0.000  0.000  0.000  0.000  0.000  0.000  0.000  0.000  0.000
   2.24747    -21.480432  0.000  0.000  0.000  0.000  0.000  0.000  0.000  0.000  0.000  0.000
   2.23053    -21.480489  0.000  0.000  0.000  0.000  0.000  0.000  0.000  0.000  0.000  0.000
   2.21358    -21.480601  0.000  0.000  0.000  0.000  0.000  0.000  0.000  0.000  0.000  0.000
   2.19664    -21.480741  0.000  0.000  0.000  0.000  0.000  0.000  0.000  0.000  0.000  0.000
   2.17969    -21.480915  0.000  0.000  0.000  0.000  0.000  0.000  0.000  0.000  0.000  0.000
   2.16275    -21.481124  0.000  0.000  0.000  0.000  0.000  0.000  0.000  0.000  0.000  0.000
   2.14580    -21.481363  0.000  0.000  0.000  0.000  0.000  0.000  0.000  0.000  0.000  0.000
   2.12886    -21.481618  0.000  0.000  0.000  0.000  0.000  0.000  0.000  0.000  0.000  0.000
   2.11191    -21.481903  0.000  0.000  0.000  0.000  0.000  0.000  0.000  0.000  0.000  0.000
   2.09497    -21.482217  0.000  0.000  0.000  0.000  0.000  0.000  0.000  0.000  0.000  0.000
   2.07802    -21.482551  0.000  0.000  0.000  0.000  0.000  0.000  0.000  0.000  0.000  0.000
   2.06108    -21.482880  0.000  0.000  0.000  0.000  0.000  0.000  0.000  0.000  0.000  0.000
   2.04413    -21.483224  0.000  0.000  0.000  0.000  0.000  0.000  0.000  0.000  0.000  0.000
   2.02719    -21.483566  0.000  0.000  0.000  0.000  0.000  0.000  0.000  0.000  0.000  0.000
   2.01024    -21.483921  0.000  0.000  0.000  0.000  0.000  0.000  0.000  0.000  0.000  0.000
   1.99330    -21.484281  0.000  0.000  0.000  0.000  0.000  0.000  0.000  0.000  0.000  0.000
   1.97635    -21.484634  0.000  0.000  0.000  0.000  0.000  0.000  0.000  0.000  0.000  0.000
   1.95941    -21.484998  0.000  0.000  0.000  0.000  0.000  0.000  0.000  0.000  0.000  0.000
   1.94246    -21.485353  0.000  0.000  0.000  0.000  0.000  0.000  0.000  0.000  0.000  0.000
   1.92552    -21.485696  0.000  0.000  0.000  0.000  0.000  0.000  0.000  0.000  0.000  0.000
   1.90857    -21.486044  0.000  0.000  0.000  0.000  0.000  0.000  0.000  0.000  0.000  0.000
   1.89163    -21.486379  0.000  0.000  0.000  0.000  0.000  0.000  0.000  0.000  0.000  0.000
   1.87468    -21.486699  0.000  0.000  0.000  0.000  0.000  0.000  0.000  0.000  0.000  0.000
   1.85774    -21.487002  0.000  0.000  0.000  0.000  0.000  0.000  0.000  0.000  0.000  0.000
   1.84079    -21.487291  0.000  0.000  0.000  0.000  0.000  0.000  0.000  0.000  0.000  0.000
   1.82385    -21.487567  0.000  0.000  0.000  0.000  0.000  0.000  0.000  0.000  0.000  0.000
   1.80690    -21.487826  0.000  0.000  0.000  0.000  0.000  0.000  0.000  0.000  0.000  0.000
   1.78996    -21.488072  0.000  0.000  0.000  0.000  0.000  0.000  0.000  0.000  0.000  0.000
   1.77301    -21.488301  0.000  0.000  0.000  0.000  0.000  0.000  0.000  0.000  0.000  0.000
   1.77301    -21.488301  0.000  0.000  0.000  0.000  0.000  0.000  0.000  0.000  0.000  0.000
   1.74479    -21.488224  0.000  0.000  0.000  0.000  0.000  0.000  0.000  0.000  0.000  0.000
   1.71657    -21.488170  0.000  0.000  0.000  0.000  0.000  0.000  0.000  0.000  0.000  0.000
   1.68835    -21.488137  0.000  0.000  0.000  0.000  0.000  0.000  0.000  0.000  0.000  0.000
   1.66013    -21.488128  0.000  0.000  0.000  0.000  0.000  0.000  0.000  0.000  0.000  0.000
   1.63191    -21.488151  0.000  0.000  0.000  0.000  0.000  0.000  0.000  0.000  0.000  0.000
   1.60369    -21.488193  0.000  0.000  0.000  0.000  0.000  0.000  0.000  0.000  0.000  0.000
   1.57546    -21.488266  0.000  0.000  0.000  0.000  0.000  0.000  0.000  0.000  0.000  0.000
   1.54724    -21.488362  0.000  0.000  0.000  0.000  0.000  0.000  0.000  0.000  0.000  0.000
   1.51902    -21.488492  0.000  0.000  0.000  0.000  0.000  0.000  0.000  0.000  0.000  0.000
   1.49080    -21.488645  0.000  0.000  0.000  0.000  0.000  0.000  0.000  0.000  0.000  0.000
   1.46258    -21.488835  0.000  0.000  0.000  0.000  0.000  0.000  0.000  0.000  0.000  0.000
   1.43436    -21.489057  0.000  0.000  0.000  0.000  0.000  0.000  0.000  0.000  0.000  0.000
   1.40614    -21.489298  0.000  0.000  0.000  0.000  0.000  0.000  0.000  0.000  0.000  0.000
   1.37792    -21.489564  0.000  0.000  0.000  0.000  0.000  0.000  0.000  0.000  0.000  0.000
   1.34970    -21.489846  0.000  0.000  0.000  0.000  0.000  0.000  0.000  0.000  0.000  0.000
   1.32148    -21.490148  0.000  0.000  0.000  0.000  0.000  0.000  0.000  0.000  0.000  0.000
   1.29326    -21.490455  0.000  0.000  0.000  0.000  0.000  0.000  0.000  0.000  0.000  0.000
   1.26503    -21.490754  0.000  0.000  0.000  0.000  0.000  0.000  0.000  0.000  0.000  0.000
   1.23681    -21.491054  0.000  0.000  0.000  0.000  0.000  0.000  0.000  0.000  0.000  0.000
   1.20859    -21.491355  0.000  0.000  0.000  0.000  0.000  0.000  0.000  0.000  0.000  0.000
   1.18037    -21.491649  0.000  0.000  0.000  0.000  0.000  0.000  0.000  0.000  0.000  0.000
   1.15215    -21.491927  0.000  0.000  0.000  0.000  0.000  0.000  0.000  0.000  0.000  0.000
   1.12393    -21.492178  0.000  0.000  0.000  0.000  0.000  0.000  0.000  0.000  0.000  0.000
   1.09571    -21.492404  0.000  0.000  0.000  0.000  0.000  0.000  0.000  0.000  0.000  0.000
   1.06749    -21.492609  0.000  0.000  0.000  0.000  0.000  0.000  0.000  0.000  0.000  0.000
   1.03927    -21.492757  0.000  0.000  0.000  0.000  0.000  0.000  0.000  0.000  0.000  0.000
   1.01105    -21.492883  0.000  0.000  0.000  0.000  0.000  0.000  0.000  0.000  0.000  0.000
   0.98283    -21.492971  0.000  0.000  0.000  0.000  0.000  0.000  0.000  0.000  0.000  0.000
   0.95460    -21.493031  0.000  0.000  0.000  0.000  0.000  0.000  0.000  0.000  0.000  0.000
   0.95460    -21.493031  0.000  0.000  0.000  0.000  0.000  0.000  0.000  0.000  0.000  0.000
   0.92169    -21.492961  0.000  0.000  0.000  0.000  0.000  0.000  0.000  0.000  0.000  0.000
   0.88877    -21.492835  0.000  0.000  0.000  0.000  0.000  0.000  0.000  0.000  0.000  0.000
   0.85585    -21.492662  0.000  0.000  0.000  0.000  0.000  0.000  0.000  0.000  0.000  0.000
   0.82294    -21.492421  0.000  0.000  0.000  0.000  0.000  0.000  0.000  0.000  0.000  0.000
   0.79002    -21.492134  0.000  0.000  0.000  0.000  0.000  0.000  0.000  0.000  0.000  0.000
   0.75710    -21.491802  0.000  0.000  0.000  0.000  0.000  0.000  0.000  0.000  0.000  0.000
   0.72418    -21.491416  0.000  0.000  0.000  0.000  0.000  0.000  0.000  0.000  0.000  0.000
   0.69127    -21.490986  0.000  0.000  0.000  0.000  0.000  0.000  0.000  0.000  0.000  0.000
   0.65835    -21.490517  0.000  0.000  0.000  0.000  0.000  0.000  0.000  0.000  0.000  0.000
   0.62543    -21.490012  0.000  0.000  0.000  0.000  0.000  0.000  0.000  0.000  0.000  0.000
   0.59251    -21.489474  0.000  0.000  0.000  0.000  0.000  0.000  0.000  0.000  0.000  0.000
   0.55960    -21.488904  0.000  0.000  0.000  0.000  0.000  0.000  0.000  0.000  0.000  0.000
   0.52668    -21.488322  0.000  0.000  0.000  0.000  0.000  0.000  0.000  0.000  0.000  0.000
   0.49376    -21.487719  0.000  0.000  0.000  0.000  0.000  0.000  0.000  0.000  0.000  0.000
   0.46084    -21.487105  0.000  0.000  0.000  0.000  0.000  0.000  0.000  0.000  0.000  0.000
   0.42793    -21.486489  0.000  0.000  0.000  0.000  0.000  0.000  0.000  0.000  0.000  0.000
   0.39501    -21.485872  0.000  0.000  0.000  0.000  0.000  0.000  0.000  0.000  0.000  0.000
   0.36209    -21.485258  0.000  0.000  0.000  0.000  0.000  0.000  0.000  0.000  0.000  0.000
   0.32917    -21.484650  0.000  0.000  0.000  0.000  0.000  0.000  0.000  0.000  0.000  0.000
   0.29626    -21.484045  0.000  0.000  0.000  0.000  0.000  0.000  0.000  0.000  0.000  0.000
   0.26334    -21.483449  0.000  0.000  0.000  0.000  0.000  0.000  0.000  0.000  0.000  0.000
   0.23042    -21.482880  0.000  0.000  0.000  0.000  0.000  0.000  0.000  0.000  0.000  0.000
   0.19750    -21.482329  0.000  0.000  0.000  0.000  0.000  0.000  0.000  0.000  0.000  0.000
   0.16459    -21.481826  0.000  0.000  0.000  0.000  0.000  0.000  0.000  0.000  0.000  0.000
   0.13167    -21.481362  0.000  0.000  0.000  0.000  0.000  0.000  0.000  0.000  0.000  0.000
   0.09875    -21.480971  0.000  0.000  0.000  0.000  0.000  0.000  0.000  0.000  0.000  0.000
   0.06583    -21.480670  0.000  0.000  0.000  0.000  0.000  0.000  0.000  0.000  0.000  0.000
   0.03292    -21.480463  0.000  0.000  0.000  0.000  0.000  0.000  0.000  0.000  0.000  0.000
   0.00000    -21.480386  0.000  0.000  0.000  0.000  0.000  0.000  0.000  0.000  0.000  0.000
 
# Band-Index:    7
   0.00000    -21.471613  0.001  0.000  0.000  0.000  0.000  0.000  0.000  0.000  0.000  0.001
   0.03292    -21.471574  0.001  0.000  0.000  0.000  0.000  0.000  0.000  0.000  0.000  0.001
   0.06583    -21.471425  0.001  0.000  0.000  0.000  0.000  0.000  0.000  0.000  0.000  0.001
   0.09875    -21.471181  0.001  0.000  0.000  0.000  0.000  0.000  0.000  0.000  0.000  0.001
   0.13167    -21.470875  0.001  0.000  0.000  0.000  0.000  0.000  0.000  0.000  0.000  0.001
   0.16459    -21.470510  0.000  0.000  0.000  0.000  0.000  0.000  0.000  0.000  0.000  0.001
   0.19750    -21.470109  0.000  0.000  0.000  0.000  0.000  0.000  0.000  0.000  0.000  0.001
   0.23042    -21.469690  0.000  0.000  0.000  0.000  0.000  0.000  0.000  0.000  0.000  0.001
   0.26334    -21.469255  0.000  0.000  0.000  0.000  0.000  0.000  0.000  0.000  0.000  0.001
   0.29626    -21.468815  0.000  0.000  0.000  0.000  0.000  0.000  0.000  0.000  0.000  0.001
   0.32917    -21.468375  0.000  0.000  0.000  0.000  0.000  0.000  0.000  0.000  0.000  0.001
   0.36209    -21.467938  0.000  0.000  0.000  0.000  0.000  0.000  0.000  0.000  0.000  0.000
   0.39501    -21.467501  0.000  0.000  0.000  0.000  0.000  0.000  0.000  0.000  0.000  0.000
   0.42793    -21.467075  0.000  0.000  0.000  0.000  0.000  0.000  0.000  0.000  0.000  0.000
   0.46084    -21.466655  0.000  0.000  0.000  0.000  0.000  0.000  0.000  0.000  0.000  0.000
   0.49376    -21.466245  0.000  0.000  0.000  0.000  0.000  0.000  0.000  0.000  0.000  0.000
   0.52668    -21.465853  0.000  0.000  0.000  0.000  0.000  0.000  0.000  0.000  0.000  0.000
   0.55960    -21.465469  0.000  0.000  0.000  0.000  0.000  0.000  0.000  0.000  0.000  0.000
   0.59251    -21.465102  0.000  0.000  0.000  0.000  0.000  0.000  0.000  0.000  0.000  0.000
   0.62543    -21.464753  0.000  0.000  0.000  0.000  0.000  0.000  0.000  0.000  0.000  0.000
   0.65835    -21.464423  0.000  0.000  0.000  0.000  0.000  0.000  0.000  0.000  0.000  0.000
   0.69127    -21.464118  0.000  0.000  0.000  0.000  0.000  0.000  0.000  0.000  0.000  0.000
   0.72418    -21.463844  0.000  0.000  0.000  0.000  0.000  0.000  0.000  0.000  0.000  0.000
   0.75710    -21.463597  0.000  0.000  0.000  0.000  0.000  0.000  0.000  0.000  0.000  0.000
   0.79002    -21.463381  0.000  0.000  0.000  0.000  0.000  0.000  0.000  0.000  0.000  0.000
   0.82294    -21.463193  0.000  0.000  0.000  0.000  0.000  0.000  0.000  0.000  0.000  0.000
   0.85585    -21.463050  0.000  0.000  0.000  0.000  0.000  0.000  0.000  0.000  0.000  0.000
   0.88877    -21.462934  0.000  0.000  0.000  0.000  0.000  0.000  0.000  0.000  0.000  0.000
   0.92169    -21.462866  0.000  0.000  0.000  0.000  0.000  0.000  0.000  0.000  0.000  0.000
   0.95460    -21.462837  0.000  0.000  0.000  0.000  0.000  0.000  0.000  0.000  0.000  0.000
   0.95460    -21.462837  0.000  0.000  0.000  0.000  0.000  0.000  0.000  0.000  0.000  0.000
   0.98283    -21.462850  0.000  0.000  0.000  0.000  0.000  0.000  0.000  0.000  0.000  0.000
   1.01105    -21.462892  0.000  0.000  0.000  0.000  0.000  0.000  0.000  0.000  0.000  0.000
   1.03927    -21.462963  0.000  0.000  0.000  0.000  0.000  0.000  0.000  0.000  0.000  0.000
   1.06749    -21.463066  0.000  0.000  0.000  0.000  0.000  0.000  0.000  0.000  0.000  0.000
   1.09571    -21.463173  0.000  0.000  0.000  0.000  0.000  0.000  0.000  0.000  0.000  0.000
   1.12393    -21.463299  0.000  0.000  0.000  0.000  0.000  0.000  0.000  0.000  0.000  0.000
   1.15215    -21.463436  0.000  0.000  0.000  0.000  0.000  0.000  0.000  0.000  0.000  0.000
   1.18037    -21.463594  0.000  0.000  0.000  0.000  0.000  0.000  0.000  0.000  0.000  0.000
   1.20859    -21.463751  0.000  0.000  0.000  0.000  0.000  0.000  0.000  0.000  0.000  0.000
   1.23681    -21.463911  0.000  0.000  0.000  0.000  0.000  0.000  0.000  0.000  0.000  0.000
   1.26503    -21.464097  0.000  0.000  0.000  0.000  0.000  0.000  0.000  0.000  0.000  0.000
   1.29326    -21.464306  0.000  0.000  0.000  0.000  0.000  0.000  0.000  0.000  0.000  0.000
   1.32148    -21.464500  0.000  0.000  0.000  0.000  0.000  0.000  0.000  0.000  0.000  0.000
   1.34970    -21.464690  0.000  0.000  0.000  0.000  0.000  0.000  0.000  0.000  0.000  0.000
   1.37792    -21.464885  0.000  0.000  0.000  0.000  0.000  0.000  0.000  0.000  0.000  0.000
   1.40614    -21.465063  0.000  0.000  0.000  0.000  0.000  0.000  0.000  0.000  0.000  0.000
   1.43436    -21.465231  0.000  0.000  0.000  0.000  0.000  0.000  0.000  0.000  0.000  0.000
   1.46258    -21.465375  0.000  0.000  0.000  0.000  0.000  0.000  0.000  0.000  0.000  0.000
   1.49080    -21.465508  0.000  0.000  0.000  0.000  0.000  0.000  0.000  0.000  0.000  0.000
   1.51902    -21.465627  0.000  0.000  0.000  0.000  0.000  0.000  0.000  0.000  0.000  0.000
   1.54724    -21.465726  0.000  0.000  0.000  0.000  0.000  0.000  0.000  0.000  0.000  0.000
   1.57546    -21.465805  0.000  0.000  0.000  0.000  0.000  0.000  0.000  0.000  0.000  0.000
   1.60369    -21.465862  0.000  0.000  0.000  0.000  0.000  0.000  0.000  0.000  0.000  0.000
   1.63191    -21.465909  0.000  0.000  0.000  0.000  0.000  0.000  0.000  0.000  0.000  0.000
   1.66013    -21.465934  0.000  0.000  0.000  0.000  0.000  0.000  0.000  0.000  0.000  0.000
   1.68835    -21.465943  0.000  0.000  0.000  0.000  0.000  0.000  0.000  0.000  0.000  0.000
   1.71657    -21.465945  0.000  0.000  0.000  0.000  0.000  0.000  0.000  0.000  0.000  0.000
   1.74479    -21.465935  0.000  0.000  0.000  0.000  0.000  0.000  0.000  0.000  0.000  0.000
   1.77301    -21.465916  0.000  0.000  0.000  0.000  0.000  0.000  0.000  0.000  0.000  0.000
   1.77301    -21.465916  0.000  0.000  0.000  0.000  0.000  0.000  0.000  0.000  0.000  0.000
   1.78996    -21.466074  0.000  0.000  0.000  0.000  0.000  0.000  0.000  0.000  0.000  0.000
   1.80690    -21.466244  0.000  0.000  0.000  0.000  0.000  0.000  0.000  0.000  0.000  0.000
   1.82385    -21.466423  0.000  0.000  0.000  0.000  0.000  0.000  0.000  0.000  0.000  0.000
   1.84079    -21.466619  0.000  0.000  0.000  0.000  0.000  0.000  0.000  0.000  0.000  0.000
   1.85774    -21.466824  0.000  0.000  0.000  0.000  0.000  0.000  0.000  0.000  0.000  0.000
   1.87468    -21.467042  0.000  0.000  0.000  0.000  0.000  0.000  0.000  0.000  0.000  0.000
   1.89163    -21.467264  0.000  0.000  0.000  0.000  0.000  0.000  0.000  0.000  0.000  0.000
   1.90857    -21.467495  0.000  0.000  0.000  0.000  0.000  0.000  0.000  0.000  0.000  0.000
   1.92552    -21.467730  0.000  0.000  0.000  0.000  0.000  0.000  0.000  0.000  0.000  0.000
   1.94246    -21.467979  0.000  0.000  0.000  0.000  0.000  0.000  0.000  0.000  0.000  0.000
   1.95941    -21.468229  0.000  0.000  0.000  0.000  0.000  0.000  0.000  0.000  0.000  0.001
   1.97635    -21.468479  0.000  0.000  0.000  0.000  0.000  0.000  0.000  0.000  0.000  0.001
   1.99330    -21.468737  0.000  0.000  0.000  0.000  0.000  0.000  0.000  0.000  0.000  0.001
   2.01024    -21.468994  0.000  0.000  0.000  0.000  0.000  0.000  0.000  0.000  0.000  0.001
   2.02719    -21.469262  0.000  0.000  0.000  0.000  0.000  0.000  0.000  0.000  0.000  0.001
   2.04413    -21.469532  0.000  0.000  0.000  0.000  0.000  0.000  0.000  0.000  0.000  0.001
   2.06108    -21.469788  0.000  0.000  0.000  0.000  0.000  0.000  0.000  0.000  0.000  0.001
   2.07802    -21.470042  0.000  0.000  0.000  0.000  0.000  0.000  0.000  0.000  0.000  0.001
   2.09497    -21.470280  0.000  0.000  0.000  0.000  0.000  0.000  0.000  0.000  0.000  0.001
   2.11191    -21.470501  0.000  0.000  0.000  0.000  0.000  0.000  0.000  0.000  0.000  0.001
   2.12886    -21.470720  0.000  0.000  0.000  0.000  0.000  0.000  0.000  0.000  0.000  0.001
   2.14580    -21.470928  0.001  0.000  0.000  0.000  0.000  0.000  0.000  0.000  0.000  0.001
   2.16275    -21.471111  0.001  0.000  0.000  0.000  0.000  0.000  0.000  0.000  0.000  0.001
   2.17969    -21.471271  0.001  0.000  0.000  0.000  0.000  0.000  0.000  0.000  0.000  0.001
   2.19664    -21.471404  0.001  0.000  0.000  0.000  0.000  0.000  0.000  0.000  0.000  0.001
   2.21358    -21.471507  0.001  0.000  0.000  0.000  0.000  0.000  0.000  0.000  0.000  0.001
   2.23053    -21.471581  0.001  0.000  0.000  0.000  0.000  0.000  0.000  0.000  0.000  0.001
   2.24747    -21.471625  0.001  0.000  0.000  0.000  0.000  0.000  0.000  0.000  0.000  0.001
   2.26442    -21.471613  0.001  0.000  0.000  0.000  0.000  0.000  0.000  0.000  0.000  0.001
   2.26442    -21.471613  0.001  0.000  0.000  0.000  0.000  0.000  0.000  0.000  0.000  0.001
   2.29734    -21.471574  0.001  0.000  0.000  0.000  0.000  0.000  0.000  0.000  0.000  0.001
   2.33025    -21.471425  0.001  0.000  0.000  0.000  0.000  0.000  0.000  0.000  0.000  0.001
   2.36317    -21.471181  0.001  0.000  0.000  0.000  0.000  0.000  0.000  0.000  0.000  0.001
   2.39609    -21.470875  0.001  0.000  0.000  0.000  0.000  0.000  0.000  0.000  0.000  0.001
   2.42901    -21.470510  0.000  0.000  0.000  0.000  0.000  0.000  0.000  0.000  0.000  0.001
   2.46192    -21.470109  0.000  0.000  0.000  0.000  0.000  0.000  0.000  0.000  0.000  0.001
   2.49484    -21.469690  0.000  0.000  0.000  0.000  0.000  0.000  0.000  0.000  0.000  0.001
   2.52776    -21.469255  0.000  0.000  0.000  0.000  0.000  0.000  0.000  0.000  0.000  0.001
   2.56068    -21.468815  0.000  0.000  0.000  0.000  0.000  0.000  0.000  0.000  0.000  0.001
   2.59359    -21.468375  0.000  0.000  0.000  0.000  0.000  0.000  0.000  0.000  0.000  0.001
   2.62651    -21.467938  0.000  0.000  0.000  0.000  0.000  0.000  0.000  0.000  0.000  0.000
   2.65943    -21.467501  0.000  0.000  0.000  0.000  0.000  0.000  0.000  0.000  0.000  0.000
   2.69234    -21.467075  0.000  0.000  0.000  0.000  0.000  0.000  0.000  0.000  0.000  0.000
   2.72526    -21.466655  0.000  0.000  0.000  0.000  0.000  0.000  0.000  0.000  0.000  0.000
   2.75818    -21.466245  0.000  0.000  0.000  0.000  0.000  0.000  0.000  0.000  0.000  0.000
   2.79110    -21.465853  0.000  0.000  0.000  0.000  0.000  0.000  0.000  0.000  0.000  0.000
   2.82401    -21.465469  0.000  0.000  0.000  0.000  0.000  0.000  0.000  0.000  0.000  0.000
   2.85693    -21.465102  0.000  0.000  0.000  0.000  0.000  0.000  0.000  0.000  0.000  0.000
   2.88985    -21.464753  0.000  0.000  0.000  0.000  0.000  0.000  0.000  0.000  0.000  0.000
   2.92277    -21.464423  0.000  0.000  0.000  0.000  0.000  0.000  0.000  0.000  0.000  0.000
   2.95568    -21.464118  0.000  0.000  0.000  0.000  0.000  0.000  0.000  0.000  0.000  0.000
   2.98860    -21.463844  0.000  0.000  0.000  0.000  0.000  0.000  0.000  0.000  0.000  0.000
   3.02152    -21.463597  0.000  0.000  0.000  0.000  0.000  0.000  0.000  0.000  0.000  0.000
   3.05444    -21.463381  0.000  0.000  0.000  0.000  0.000  0.000  0.000  0.000  0.000  0.000
   3.08735    -21.463193  0.000  0.000  0.000  0.000  0.000  0.000  0.000  0.000  0.000  0.000
   3.12027    -21.463050  0.000  0.000  0.000  0.000  0.000  0.000  0.000  0.000  0.000  0.000
   3.15319    -21.462934  0.000  0.000  0.000  0.000  0.000  0.000  0.000  0.000  0.000  0.000
   3.18611    -21.462866  0.000  0.000  0.000  0.000  0.000  0.000  0.000  0.000  0.000  0.000
   3.21902    -21.462837  0.000  0.000  0.000  0.000  0.000  0.000  0.000  0.000  0.000  0.000
 
# Band-Index:    8
   3.21902    -21.462837  0.000  0.000  0.000  0.000  0.000  0.000  0.000  0.000  0.000  0.000
   3.18611    -21.462831  0.000  0.000  0.000  0.000  0.000  0.000  0.000  0.000  0.000  0.000
   3.15319    -21.462864  0.000  0.000  0.000  0.000  0.000  0.000  0.000  0.000  0.000  0.000
   3.12027    -21.462939  0.000  0.000  0.000  0.000  0.000  0.000  0.000  0.000  0.000  0.000
   3.08735    -21.463032  0.000  0.000  0.000  0.000  0.000  0.000  0.000  0.000  0.000  0.000
   3.05444    -21.463162  0.000  0.000  0.000  0.000  0.000  0.000  0.000  0.000  0.000  0.000
   3.02152    -21.463304  0.000  0.000  0.000  0.000  0.000  0.000  0.000  0.000  0.000  0.000
   2.98860    -21.463458  0.000  0.000  0.000  0.000  0.000  0.000  0.000  0.000  0.000  0.000
   2.95568    -21.463618  0.000  0.000  0.000  0.000  0.000  0.000  0.000  0.000  0.000  0.000
   2.92277    -21.463785  0.000  0.000  0.000  0.000  0.000  0.000  0.000  0.000  0.000  0.000
   2.88985    -21.463948  0.000  0.000  0.000  0.000  0.000  0.000  0.000  0.000  0.000  0.000
   2.85693    -21.464102  0.000  0.000  0.000  0.000  0.000  0.000  0.000  0.000  0.000  0.000
   2.82401    -21.464243  0.000  0.000  0.000  0.000  0.000  0.000  0.000  0.000  0.000  0.000
   2.79110    -21.464372  0.000  0.000  0.000  0.000  0.000  0.000  0.000  0.000  0.000  0.000
   2.75818    -21.464479  0.000  0.000  0.000  0.000  0.000  0.000  0.000  0.000  0.000  0.000
   2.72526    -21.464576  0.000  0.000  0.000  0.000  0.000  0.000  0.000  0.000  0.000  0.000
   2.69234    -21.464659  0.000  0.000  0.000  0.000  0.000  0.000  0.000  0.000  0.000  0.000
   2.65943    -21.464727  0.000  0.000  0.000  0.000  0.000  0.000  0.000  0.000  0.000  0.000
   2.62651    -21.464789  0.000  0.000  0.000  0.000  0.000  0.000  0.000  0.000  0.000  0.000
   2.59359    -21.464837  0.000  0.000  0.000  0.000  0.000  0.000  0.000  0.000  0.000  0.000
   2.56068    -21.464879  0.000  0.000  0.000  0.000  0.000  0.000  0.000  0.000  0.000  0.000
   2.52776    -21.464920  0.000  0.000  0.000  0.000  0.000  0.000  0.000  0.000  0.000  0.000
   2.49484    -21.464958  0.000  0.000  0.000  0.000  0.000  0.000  0.000  0.000  0.000  0.000
   2.46192    -21.464993  0.000  0.000  0.000  0.000  0.000  0.000  0.000  0.000  0.000  0.000
   2.42901    -21.465031  0.000  0.000  0.000  0.000  0.000  0.000  0.000  0.000  0.000  0.000
   2.39609    -21.465066  0.000  0.000  0.000  0.000  0.000  0.000  0.000  0.000  0.000  0.000
   2.36317    -21.465090  0.000  0.000  0.000  0.000  0.000  0.000  0.000  0.000  0.000  0.000
   2.33025    -21.465117  0.000  0.000  0.000  0.000  0.000  0.000  0.000  0.000  0.000  0.000
   2.29734    -21.465132  0.000  0.000  0.000  0.000  0.000  0.000  0.000  0.000  0.000  0.000
   2.26442    -21.465135  0.000  0.000  0.000  0.000  0.000  0.000  0.000  0.000  0.000  0.000
   2.26442    -21.465135  0.000  0.000  0.000  0.000  0.000  0.000  0.000  0.000  0.000  0.000
   2.24747    -21.465146  0.000  0.000  0.000  0.000  0.000  0.000  0.000  0.000  0.000  0.000
   2.23053    -21.465132  0.000  0.000  0.000  0.000  0.000  0.000  0.000  0.000  0.000  0.000
   2.21358    -21.465117  0.000  0.000  0.000  0.000  0.000  0.000  0.000  0.000  0.000  0.000
   2.19664    -21.465103  0.000  0.000  0.000  0.000  0.000  0.000  0.000  0.000  0.000  0.000
   2.17969    -21.465086  0.000  0.000  0.000  0.000  0.000  0.000  0.000  0.000  0.000  0.000
   2.16275    -21.465065  0.000  0.000  0.000  0.000  0.000  0.000  0.000  0.000  0.000  0.000
   2.14580    -21.465043  0.000  0.000  0.000  0.000  0.000  0.000  0.000  0.000  0.000  0.000
   2.12886    -21.465015  0.000  0.000  0.000  0.000  0.000  0.000  0.000  0.000  0.000  0.000
   2.11191    -21.464994  0.000  0.000  0.000  0.000  0.000  0.000  0.000  0.000  0.000  0.000
   2.09497    -21.464983  0.000  0.000  0.000  0.000  0.000  0.000  0.000  0.000  0.000  0.000
   2.07802    -21.464968  0.000  0.000  0.000  0.000  0.000  0.000  0.000  0.000  0.000  0.000
   2.06108    -21.464949  0.000  0.000  0.000  0.000  0.000  0.000  0.000  0.000  0.000  0.000
   2.04413    -21.464937  0.000  0.000  0.000  0.000  0.000  0.000  0.000  0.000  0.000  0.000
   2.02719    -21.464918  0.000  0.000  0.000  0.000  0.000  0.000  0.000  0.000  0.000  0.000
   2.01024    -21.464909  0.000  0.000  0.000  0.000  0.000  0.000  0.000  0.000  0.000  0.000
   1.99330    -21.464917  0.000  0.000  0.000  0.000  0.000  0.000  0.000  0.000  0.000  0.000
   1.97635    -21.464931  0.000  0.000  0.000  0.000  0.000  0.000  0.000  0.000  0.000  0.000
   1.95941    -21.464957  0.000  0.000  0.000  0.000  0.000  0.000  0.000  0.000  0.000  0.000
   1.94246    -21.464988  0.000  0.000  0.000  0.000  0.000  0.000  0.000  0.000  0.000  0.000
   1.92552    -21.465026  0.000  0.000  0.000  0.000  0.000  0.000  0.000  0.000  0.000  0.000
   1.90857    -21.465081  0.000  0.000  0.000  0.000  0.000  0.000  0.000  0.000  0.000  0.000
   1.89163    -21.465144  0.000  0.000  0.000  0.000  0.000  0.000  0.000  0.000  0.000  0.000
   1.87468    -21.465218  0.000  0.000  0.000  0.000  0.000  0.000  0.000  0.000  0.000  0.000
   1.85774    -21.465299  0.000  0.000  0.000  0.000  0.000  0.000  0.000  0.000  0.000  0.000
   1.84079    -21.465397  0.000  0.000  0.000  0.000  0.000  0.000  0.000  0.000  0.000  0.000
   1.82385    -21.465505  0.000  0.000  0.000  0.000  0.000  0.000  0.000  0.000  0.000  0.000
   1.80690    -21.465631  0.000  0.000  0.000  0.000  0.000  0.000  0.000  0.000  0.000  0.000
   1.78996    -21.465767  0.000  0.000  0.000  0.000  0.000  0.000  0.000  0.000  0.000  0.000
   1.77301    -21.465916  0.000  0.000  0.000  0.000  0.000  0.000  0.000  0.000  0.000  0.000
   1.77301    -21.465916  0.000  0.000  0.000  0.000  0.000  0.000  0.000  0.000  0.000  0.000
   1.74479    -21.465885  0.000  0.000  0.000  0.000  0.000  0.000  0.000  0.000  0.000  0.000
   1.71657    -21.465846  0.000  0.000  0.000  0.000  0.000  0.000  0.000  0.000  0.000  0.000
   1.68835    -21.465800  0.000  0.000  0.000  0.000  0.000  0.000  0.000  0.000  0.000  0.000
   1.66013    -21.465751  0.000  0.000  0.000  0.000  0.000  0.000  0.000  0.000  0.000  0.000
   1.63191    -21.465693  0.000  0.000  0.000  0.000  0.000  0.000  0.000  0.000  0.000  0.000
   1.60369    -21.465621  0.000  0.000  0.000  0.000  0.000  0.000  0.000  0.000  0.000  0.000
   1.57546    -21.465547  0.000  0.000  0.000  0.000  0.000  0.000  0.000  0.000  0.000  0.000
   1.54724    -21.465459  0.000  0.000  0.000  0.000  0.000  0.000  0.000  0.000  0.000  0.000
   1.51902    -21.465361  0.000  0.000  0.000  0.000  0.000  0.000  0.000  0.000  0.000  0.000
   1.49080    -21.465252  0.000  0.000  0.000  0.000  0.000  0.000  0.000  0.000  0.000  0.000
   1.46258    -21.465137  0.000  0.000  0.000  0.000  0.000  0.000  0.000  0.000  0.000  0.000
   1.43436    -21.465018  0.000  0.000  0.000  0.000  0.000  0.000  0.000  0.000  0.000  0.000
   1.40614    -21.464879  0.000  0.000  0.000  0.000  0.000  0.000  0.000  0.000  0.000  0.000
   1.37792    -21.464734  0.000  0.000  0.000  0.000  0.000  0.000  0.000  0.000  0.000  0.000
   1.34970    -21.464575  0.000  0.000  0.000  0.000  0.000  0.000  0.000  0.000  0.000  0.000
   1.32148    -21.464420  0.000  0.000  0.000  0.000  0.000  0.000  0.000  0.000  0.000  0.000
   1.29326    -21.464260  0.000  0.000  0.000  0.000  0.000  0.000  0.000  0.000  0.000  0.000
   1.26503    -21.464081  0.000  0.000  0.000  0.000  0.000  0.000  0.000  0.000  0.000  0.000
   1.23681    -21.463900  0.000  0.000  0.000  0.000  0.000  0.000  0.000  0.000  0.000  0.000
   1.20859    -21.463718  0.000  0.000  0.000  0.000  0.000  0.000  0.000  0.000  0.000  0.000
   1.18037    -21.463545  0.000  0.000  0.000  0.000  0.000  0.000  0.000  0.000  0.000  0.000
   1.15215    -21.463375  0.000  0.000  0.000  0.000  0.000  0.000  0.000  0.000  0.000  0.000
   1.12393    -21.463233  0.000  0.000  0.000  0.000  0.000  0.000  0.000  0.000  0.000  0.000
   1.09571    -21.463109  0.000  0.000  0.000  0.000  0.000  0.000  0.000  0.000  0.000  0.000
   1.06749    -21.463008  0.000  0.000  0.000  0.000  0.000  0.000  0.000  0.000  0.000  0.000
   1.03927    -21.462916  0.000  0.000  0.000  0.000  0.000  0.000  0.000  0.000  0.000  0.000
   1.01105    -21.462859  0.000  0.000  0.000  0.000  0.000  0.000  0.000  0.000  0.000  0.000
   0.98283    -21.462833  0.000  0.000  0.000  0.000  0.000  0.000  0.000  0.000  0.000  0.000
   0.95460    -21.462837  0.000  0.000  0.000  0.000  0.000  0.000  0.000  0.000  0.000  0.000
   0.95460    -21.462837  0.000  0.000  0.000  0.000  0.000  0.000  0.000  0.000  0.000  0.000
   0.92169    -21.462831  0.000  0.000  0.000  0.000  0.000  0.000  0.000  0.000  0.000  0.000
   0.88877    -21.462864  0.000  0.000  0.000  0.000  0.000  0.000  0.000  0.000  0.000  0.000
   0.85585    -21.462939  0.000  0.000  0.000  0.000  0.000  0.000  0.000  0.000  0.000  0.000
   0.82294    -21.463032  0.000  0.000  0.000  0.000  0.000  0.000  0.000  0.000  0.000  0.000
   0.79002    -21.463162  0.000  0.000  0.000  0.000  0.000  0.000  0.000  0.000  0.000  0.000
   0.75710    -21.463304  0.000  0.000  0.000  0.000  0.000  0.000  0.000  0.000  0.000  0.000
   0.72418    -21.463458  0.000  0.000  0.000  0.000  0.000  0.000  0.000  0.000  0.000  0.000
   0.69127    -21.463618  0.000  0.000  0.000  0.000  0.000  0.000  0.000  0.000  0.000  0.000
   0.65835    -21.463785  0.000  0.000  0.000  0.000  0.000  0.000  0.000  0.000  0.000  0.000
   0.62543    -21.463948  0.000  0.000  0.000  0.000  0.000  0.000  0.000  0.000  0.000  0.000
   0.59251    -21.464102  0.000  0.000  0.000  0.000  0.000  0.000  0.000  0.000  0.000  0.000
   0.55960    -21.464243  0.000  0.000  0.000  0.000  0.000  0.000  0.000  0.000  0.000  0.000
   0.52668    -21.464372  0.000  0.000  0.000  0.000  0.000  0.000  0.000  0.000  0.000  0.000
   0.49376    -21.464479  0.000  0.000  0.000  0.000  0.000  0.000  0.000  0.000  0.000  0.000
   0.46084    -21.464576  0.000  0.000  0.000  0.000  0.000  0.000  0.000  0.000  0.000  0.000
   0.42793    -21.464659  0.000  0.000  0.000  0.000  0.000  0.000  0.000  0.000  0.000  0.000
   0.39501    -21.464727  0.000  0.000  0.000  0.000  0.000  0.000  0.000  0.000  0.000  0.000
   0.36209    -21.464789  0.000  0.000  0.000  0.000  0.000  0.000  0.000  0.000  0.000  0.000
   0.32917    -21.464837  0.000  0.000  0.000  0.000  0.000  0.000  0.000  0.000  0.000  0.000
   0.29626    -21.464879  0.000  0.000  0.000  0.000  0.000  0.000  0.000  0.000  0.000  0.000
   0.26334    -21.464920  0.000  0.000  0.000  0.000  0.000  0.000  0.000  0.000  0.000  0.000
   0.23042    -21.464958  0.000  0.000  0.000  0.000  0.000  0.000  0.000  0.000  0.000  0.000
   0.19750    -21.464993  0.000  0.000  0.000  0.000  0.000  0.000  0.000  0.000  0.000  0.000
   0.16459    -21.465031  0.000  0.000  0.000  0.000  0.000  0.000  0.000  0.000  0.000  0.000
   0.13167    -21.465066  0.000  0.000  0.000  0.000  0.000  0.000  0.000  0.000  0.000  0.000
   0.09875    -21.465090  0.000  0.000  0.000  0.000  0.000  0.000  0.000  0.000  0.000  0.000
   0.06583    -21.465117  0.000  0.000  0.000  0.000  0.000  0.000  0.000  0.000  0.000  0.000
   0.03292    -21.465132  0.000  0.000  0.000  0.000  0.000  0.000  0.000  0.000  0.000  0.000
   0.00000    -21.465135  0.000  0.000  0.000  0.000  0.000  0.000  0.000  0.000  0.000  0.000
 
# Band-Index:    9
   0.00000    -21.442607  0.000  0.000  0.000  0.000  0.000  0.000  0.000  0.000  0.000  0.000
   0.03292    -21.442655  0.000  0.000  0.000  0.000  0.000  0.000  0.000  0.000  0.000  0.000
   0.06583    -21.442700  0.000  0.000  0.000  0.000  0.000  0.000  0.000  0.000  0.000  0.000
   0.09875    -21.442761  0.000  0.000  0.000  0.000  0.000  0.000  0.000  0.000  0.000  0.000
   0.13167    -21.442840  0.000  0.000  0.000  0.000  0.000  0.000  0.000  0.000  0.000  0.000
   0.16459    -21.442938  0.000  0.000  0.000  0.000  0.000  0.000  0.000  0.000  0.000  0.000
   0.19750    -21.443057  0.000  0.000  0.000  0.000  0.000  0.000  0.000  0.000  0.000  0.000
   0.23042    -21.443206  0.000  0.000  0.000  0.000  0.000  0.000  0.000  0.000  0.000  0.000
   0.26334    -21.443375  0.000  0.000  0.000  0.000  0.000  0.000  0.000  0.000  0.000  0.000
   0.29626    -21.443566  0.000  0.000  0.000  0.000  0.000  0.000  0.000  0.000  0.000  0.000
   0.32917    -21.443780  0.000  0.000  0.000  0.000  0.000  0.000  0.000  0.000  0.000  0.000
   0.36209    -21.444012  0.000  0.000  0.000  0.000  0.000  0.000  0.000  0.000  0.000  0.000
   0.39501    -21.444256  0.000  0.000  0.000  0.000  0.000  0.000  0.000  0.000  0.000  0.000
   0.42793    -21.444517  0.000  0.000  0.000  0.000  0.000  0.000  0.000  0.000  0.000  0.000
   0.46084    -21.444780  0.000  0.000  0.000  0.000  0.000  0.000  0.000  0.000  0.000  0.000
   0.49376    -21.445046  0.000  0.000  0.000  0.000  0.000  0.000  0.000  0.000  0.000  0.000
   0.52668    -21.445310  0.000  0.000  0.000  0.000  0.000  0.000  0.000  0.000  0.000  0.000
   0.55960    -21.445564  0.000  0.000  0.000  0.000  0.000  0.000  0.000  0.000  0.000  0.000
   0.59251    -21.445809  0.000  0.000  0.000  0.000  0.000  0.000  0.000  0.000  0.000  0.000
   0.62543    -21.446031  0.000  0.000  0.000  0.000  0.000  0.000  0.000  0.000  0.000  0.000
   0.65835    -21.446235  0.000  0.000  0.000  0.000  0.000  0.000  0.000  0.000  0.000  0.000
   0.69127    -21.446412  0.000  0.000  0.000  0.000  0.000  0.000  0.000  0.000  0.000  0.000
   0.72418    -21.446566  0.000  0.000  0.000  0.000  0.000  0.000  0.000  0.000  0.000  0.000
   0.75710    -21.446690  0.000  0.000  0.000  0.000  0.000  0.000  0.000  0.000  0.000  0.000
   0.79002    -21.446782  0.000  0.000  0.000  0.000  0.000  0.000  0.000  0.000  0.000  0.000
   0.82294    -21.446845  0.000  0.000  0.000  0.000  0.000  0.000  0.000  0.000  0.000  0.000
   0.85585    -21.446879  0.000  0.000  0.000  0.000  0.000  0.000  0.000  0.000  0.000  0.000
   0.88877    -21.446875  0.000  0.000  0.000  0.000  0.000  0.000  0.000  0.000  0.000  0.000
   0.92169    -21.446843  0.000  0.000  0.000  0.000  0.000  0.000  0.000  0.000  0.000  0.000
   0.95460    -21.446779  0.000  0.000  0.000  0.000  0.000  0.000  0.000  0.000  0.000  0.000
   0.95460    -21.446779  0.000  0.000  0.000  0.000  0.000  0.000  0.000  0.000  0.000  0.000
   0.98283    -21.446833  0.000  0.000  0.000  0.000  0.000  0.000  0.000  0.000  0.000  0.000
   1.01105    -21.446867  0.000  0.000  0.000  0.000  0.000  0.000  0.000  0.000  0.000  0.000
   1.03927    -21.446879  0.000  0.000  0.000  0.000  0.000  0.000  0.000  0.000  0.000  0.000
   1.06749    -21.446875  0.000  0.000  0.000  0.000  0.000  0.000  0.000  0.000  0.000  0.000
   1.09571    -21.446836  0.000  0.000  0.000  0.000  0.000  0.000  0.000  0.000  0.000  0.000
   1.12393    -21.446776  0.000  0.000  0.000  0.000  0.000  0.000  0.000  0.000  0.000  0.000
   1.15215    -21.446692  0.000  0.000  0.000  0.000  0.000  0.000  0.000  0.000  0.000  0.000
   1.18037    -21.446599  0.000  0.000  0.000  0.000  0.000  0.000  0.000  0.000  0.000  0.000
   1.20859    -21.446472  0.000  0.000  0.000  0.000  0.000  0.000  0.000  0.000  0.000  0.000
   1.23681    -21.446327  0.000  0.000  0.000  0.000  0.000  0.000  0.000  0.000  0.000  0.000
   1.26503    -21.446167  0.000  0.000  0.000  0.000  0.000  0.000  0.000  0.000  0.000  0.000
   1.29326    -21.446000  0.000  0.000  0.000  0.000  0.000  0.000  0.000  0.000  0.000  0.000
   1.32148    -21.445807  0.000  0.000  0.000  0.000  0.000  0.000  0.000  0.000  0.000  0.000
   1.34970    -21.445600  0.000  0.000  0.000  0.000  0.000  0.000  0.000  0.000  0.000  0.000
   1.37792    -21.445392  0.000  0.000  0.000  0.000  0.000  0.000  0.000  0.000  0.000  0.000
   1.40614    -21.445170  0.000  0.000  0.000  0.000  0.000  0.000  0.000  0.000  0.000  0.000
   1.43436    -21.444937  0.000  0.000  0.000  0.000  0.000  0.000  0.000  0.000  0.000  0.000
   1.46258    -21.444709  0.000  0.000  0.000  0.000  0.000  0.000  0.000  0.000  0.000  0.000
   1.49080    -21.444484  0.000  0.000  0.000  0.000  0.000  0.000  0.000  0.000  0.000  0.000
   1.51902    -21.444263  0.000  0.000  0.000  0.000  0.000  0.000  0.000  0.000  0.000  0.000
   1.54724    -21.444050  0.000  0.000  0.000  0.000  0.000  0.000  0.000  0.000  0.000  0.000
   1.57546    -21.443847  0.000  0.000  0.000  0.000  0.000  0.000  0.000  0.000  0.000  0.000
   1.60369    -21.443658  0.000  0.000  0.000  0.000  0.000  0.000  0.000  0.000  0.000  0.000
   1.63191    -21.443490  0.000  0.000  0.000  0.000  0.000  0.000  0.000  0.000  0.000  0.000
   1.66013    -21.443335  0.000  0.000  0.000  0.000  0.000  0.000  0.000  0.000  0.000  0.000
   1.68835    -21.443201  0.000  0.000  0.000  0.000  0.000  0.000  0.000  0.000  0.000  0.000
   1.71657    -21.443087  0.000  0.000  0.000  0.000  0.000  0.000  0.000  0.000  0.000  0.000
   1.74479    -21.443000  0.000  0.000  0.000  0.000  0.000  0.000  0.000  0.000  0.000  0.000
   1.77301    -21.442937  0.000  0.000  0.000  0.000  0.000  0.000  0.000  0.000  0.000  0.000
   1.77301    -21.442937  0.000  0.000  0.000  0.000  0.000  0.000  0.000  0.000  0.000  0.000
   1.78996    -21.442954  0.000  0.000  0.000  0.000  0.000  0.000  0.000  0.000  0.000  0.000
   1.80690    -21.442969  0.000  0.000  0.000  0.000  0.000  0.000  0.000  0.000  0.000  0.000
   1.82385    -21.442982  0.000  0.000  0.000  0.000  0.000  0.000  0.000  0.000  0.000  0.000
   1.84079    -21.443001  0.000  0.000  0.000  0.000  0.000  0.000  0.000  0.000  0.000  0.000
   1.85774    -21.443016  0.000  0.000  0.000  0.000  0.000  0.000  0.000  0.000  0.000  0.000
   1.87468    -21.443031  0.000  0.000  0.000  0.000  0.000  0.000  0.000  0.000  0.000  0.000
   1.89163    -21.443040  0.000  0.000  0.000  0.000  0.000  0.000  0.000  0.000  0.000  0.000
   1.90857    -21.443047  0.000  0.000  0.000  0.000  0.000  0.000  0.000  0.000  0.000  0.000
   1.92552    -21.443049  0.000  0.000  0.000  0.000  0.000  0.000  0.000  0.000  0.000  0.000
   1.94246    -21.443051  0.000  0.000  0.000  0.000  0.000  0.000  0.000  0.000  0.000  0.000
   1.95941    -21.443051  0.000  0.000  0.000  0.000  0.000  0.000  0.000  0.000  0.000  0.000
   1.97635    -21.443046  0.000  0.000  0.000  0.000  0.000  0.000  0.000  0.000  0.000  0.000
   1.99330    -21.443036  0.000  0.000  0.000  0.000  0.000  0.000  0.000  0.000  0.000  0.000
   2.01024    -21.443026  0.000  0.000  0.000  0.000  0.000  0.000  0.000  0.000  0.000  0.000
   2.02719    -21.443018  0.000  0.000  0.000  0.000  0.000  0.000  0.000  0.000  0.000  0.000
   2.04413    -21.443013  0.000  0.000  0.000  0.000  0.000  0.000  0.000  0.000  0.000  0.000
   2.06108    -21.442995  0.000  0.000  0.000  0.000  0.000  0.000  0.000  0.000  0.000  0.000
   2.07802    -21.442976  0.000  0.000  0.000  0.000  0.000  0.000  0.000  0.000  0.000  0.000
   2.09497    -21.442951  0.000  0.000  0.000  0.000  0.000  0.000  0.000  0.000  0.000  0.000
   2.11191    -21.442918  0.000  0.000  0.000  0.000  0.000  0.000  0.000  0.000  0.000  0.000
   2.12886    -21.442891  0.000  0.000  0.000  0.000  0.000  0.000  0.000  0.000  0.000  0.000
   2.14580    -21.442864  0.000  0.000  0.000  0.000  0.000  0.000  0.000  0.000  0.000  0.000
   2.16275    -21.442831  0.000  0.000  0.000  0.000  0.000  0.000  0.000  0.000  0.000  0.000
   2.17969    -21.442803  0.000  0.000  0.000  0.000  0.000  0.000  0.000  0.000  0.000  0.000
   2.19664    -21.442766  0.000  0.000  0.000  0.000  0.000  0.000  0.000  0.000  0.000  0.000
   2.21358    -21.442730  0.000  0.000  0.000  0.000  0.000  0.000  0.000  0.000  0.000  0.000
   2.23053    -21.442692  0.000  0.000  0.000  0.000  0.000  0.000  0.000  0.000  0.000  0.000
   2.24747    -21.442660  0.000  0.000  0.000  0.000  0.000  0.000  0.000  0.000  0.000  0.000
   2.26442    -21.442607  0.000  0.000  0.000  0.000  0.000  0.000  0.000  0.000  0.000  0.000
   2.26442    -21.442607  0.000  0.000  0.000  0.000  0.000  0.000  0.000  0.000  0.000  0.000
   2.29734    -21.442655  0.000  0.000  0.000  0.000  0.000  0.000  0.000  0.000  0.000  0.000
   2.33025    -21.442700  0.000  0.000  0.000  0.000  0.000  0.000  0.000  0.000  0.000  0.000
   2.36317    -21.442761  0.000  0.000  0.000  0.000  0.000  0.000  0.000  0.000  0.000  0.000
   2.39609    -21.442840  0.000  0.000  0.000  0.000  0.000  0.000  0.000  0.000  0.000  0.000
   2.42901    -21.442938  0.000  0.000  0.000  0.000  0.000  0.000  0.000  0.000  0.000  0.000
   2.46192    -21.443057  0.000  0.000  0.000  0.000  0.000  0.000  0.000  0.000  0.000  0.000
   2.49484    -21.443206  0.000  0.000  0.000  0.000  0.000  0.000  0.000  0.000  0.000  0.000
   2.52776    -21.443375  0.000  0.000  0.000  0.000  0.000  0.000  0.000  0.000  0.000  0.000
   2.56068    -21.443566  0.000  0.000  0.000  0.000  0.000  0.000  0.000  0.000  0.000  0.000
   2.59359    -21.443780  0.000  0.000  0.000  0.000  0.000  0.000  0.000  0.000  0.000  0.000
   2.62651    -21.444012  0.000  0.000  0.000  0.000  0.000  0.000  0.000  0.000  0.000  0.000
   2.65943    -21.444256  0.000  0.000  0.000  0.000  0.000  0.000  0.000  0.000  0.000  0.000
   2.69234    -21.444517  0.000  0.000  0.000  0.000  0.000  0.000  0.000  0.000  0.000  0.000
   2.72526    -21.444780  0.000  0.000  0.000  0.000  0.000  0.000  0.000  0.000  0.000  0.000
   2.75818    -21.445046  0.000  0.000  0.000  0.000  0.000  0.000  0.000  0.000  0.000  0.000
   2.79110    -21.445310  0.000  0.000  0.000  0.000  0.000  0.000  0.000  0.000  0.000  0.000
   2.82401    -21.445564  0.000  0.000  0.000  0.000  0.000  0.000  0.000  0.000  0.000  0.000
   2.85693    -21.445809  0.000  0.000  0.000  0.000  0.000  0.000  0.000  0.000  0.000  0.000
   2.88985    -21.446031  0.000  0.000  0.000  0.000  0.000  0.000  0.000  0.000  0.000  0.000
   2.92277    -21.446235  0.000  0.000  0.000  0.000  0.000  0.000  0.000  0.000  0.000  0.000
   2.95568    -21.446412  0.000  0.000  0.000  0.000  0.000  0.000  0.000  0.000  0.000  0.000
   2.98860    -21.446566  0.000  0.000  0.000  0.000  0.000  0.000  0.000  0.000  0.000  0.000
   3.02152    -21.446690  0.000  0.000  0.000  0.000  0.000  0.000  0.000  0.000  0.000  0.000
   3.05444    -21.446782  0.000  0.000  0.000  0.000  0.000  0.000  0.000  0.000  0.000  0.000
   3.08735    -21.446845  0.000  0.000  0.000  0.000  0.000  0.000  0.000  0.000  0.000  0.000
   3.12027    -21.446879  0.000  0.000  0.000  0.000  0.000  0.000  0.000  0.000  0.000  0.000
   3.15319    -21.446875  0.000  0.000  0.000  0.000  0.000  0.000  0.000  0.000  0.000  0.000
   3.18611    -21.446843  0.000  0.000  0.000  0.000  0.000  0.000  0.000  0.000  0.000  0.000
   3.21902    -21.446779  0.000  0.000  0.000  0.000  0.000  0.000  0.000  0.000  0.000  0.000
 
# Band-Index:   10
   3.21902    -21.446779  0.000  0.000  0.000  0.000  0.000  0.000  0.000  0.000  0.000  0.000
   3.18611    -21.446687  0.000  0.000  0.000  0.000  0.000  0.000  0.000  0.000  0.000  0.000
   3.15319    -21.446567  0.000  0.000  0.000  0.000  0.000  0.000  0.000  0.000  0.000  0.000
   3.12027    -21.446425  0.000  0.000  0.000  0.000  0.000  0.000  0.000  0.000  0.000  0.000
   3.08735    -21.446254  0.000  0.000  0.000  0.000  0.000  0.000  0.000  0.000  0.000  0.000
   3.05444    -21.446066  0.000  0.000  0.000  0.000  0.000  0.000  0.000  0.000  0.000  0.000
   3.02152    -21.445863  0.000  0.000  0.000  0.000  0.000  0.000  0.000  0.000  0.000  0.000
   2.98860    -21.445644  0.000  0.000  0.000  0.000  0.000  0.000  0.000  0.000  0.000  0.000
   2.95568    -21.445412  0.000  0.000  0.000  0.000  0.000  0.000  0.000  0.000  0.000  0.000
   2.92277    -21.445174  0.000  0.000  0.000  0.000  0.000  0.000  0.000  0.000  0.000  0.000
   2.88985    -21.444929  0.000  0.000  0.000  0.000  0.000  0.000  0.000  0.000  0.000  0.000
   2.85693    -21.444683  0.000  0.000  0.000  0.000  0.000  0.000  0.000  0.000  0.000  0.000
   2.82401    -21.444434  0.000  0.000  0.000  0.000  0.000  0.000  0.000  0.000  0.000  0.000
   2.79110    -21.444192  0.000  0.000  0.000  0.000  0.000  0.000  0.000  0.000  0.000  0.000
   2.75818    -21.443957  0.000  0.000  0.000  0.000  0.000  0.000  0.000  0.000  0.000  0.000
   2.72526    -21.443734  0.000  0.000  0.000  0.000  0.000  0.000  0.000  0.000  0.000  0.000
   2.69234    -21.443526  0.000  0.000  0.000  0.000  0.000  0.000  0.000  0.000  0.000  0.000
   2.65943    -21.443328  0.000  0.000  0.000  0.000  0.000  0.000  0.000  0.000  0.000  0.000
   2.62651    -21.443154  0.000  0.000  0.000  0.000  0.000  0.000  0.000  0.000  0.000  0.000
   2.59359    -21.442994  0.000  0.000  0.000  0.000  0.000  0.000  0.000  0.000  0.000  0.000
   2.56068    -21.442849  0.000  0.000  0.000  0.000  0.000  0.000  0.000  0.000  0.000  0.000
   2.52776    -21.442721  0.000  0.000  0.000  0.000  0.000  0.000  0.000  0.000  0.000  0.000
   2.49484    -21.442607  0.000  0.000  0.000  0.000  0.000  0.000  0.000  0.000  0.000  0.000
   2.46192    -21.442501  0.000  0.000  0.000  0.000  0.000  0.000  0.000  0.000  0.000  0.000
   2.42901    -21.442413  0.000  0.000  0.000  0.000  0.000  0.000  0.000  0.000  0.000  0.000
   2.39609    -21.442336  0.000  0.000  0.000  0.000  0.000  0.000  0.000  0.000  0.000  0.000
   2.36317    -21.442269  0.000  0.000  0.000  0.000  0.000  0.000  0.000  0.000  0.000  0.000
   2.33025    -21.442214  0.000  0.000  0.000  0.000  0.000  0.000  0.000  0.000  0.000  0.000
   2.29734    -21.442173  0.000  0.000  0.000  0.000  0.000  0.000  0.000  0.000  0.000  0.000
   2.26442    -21.442127  0.000  0.000  0.000  0.000  0.000  0.000  0.000  0.000  0.000  0.000
   2.26442    -21.442127  0.000  0.000  0.000  0.000  0.000  0.000  0.000  0.000  0.000  0.000
   2.24747    -21.442179  0.000  0.000  0.000  0.000  0.000  0.000  0.000  0.000  0.000  0.000
   2.23053    -21.442210  0.000  0.000  0.000  0.000  0.000  0.000  0.000  0.000  0.000  0.000
   2.21358    -21.442248  0.000  0.000  0.000  0.000  0.000  0.000  0.000  0.000  0.000  0.000
   2.19664    -21.442286  0.000  0.000  0.000  0.000  0.000  0.000  0.000  0.000  0.000  0.000
   2.17969    -21.442326  0.000  0.000  0.000  0.000  0.000  0.000  0.000  0.000  0.000  0.000
   2.16275    -21.442357  0.000  0.000  0.000  0.000  0.000  0.000  0.000  0.000  0.000  0.000
   2.14580    -21.442394  0.000  0.000  0.000  0.000  0.000  0.000  0.000  0.000  0.000  0.000
   2.12886    -21.442426  0.000  0.000  0.000  0.000  0.000  0.000  0.000  0.000  0.000  0.000
   2.11191    -21.442459  0.000  0.000  0.000  0.000  0.000  0.000  0.000  0.000  0.000  0.000
   2.09497    -21.442499  0.000  0.000  0.000  0.000  0.000  0.000  0.000  0.000  0.000  0.000
   2.07802    -21.442532  0.000  0.000  0.000  0.000  0.000  0.000  0.000  0.000  0.000  0.000
   2.06108    -21.442561  0.000  0.000  0.000  0.000  0.000  0.000  0.000  0.000  0.000  0.000
   2.04413    -21.442590  0.000  0.000  0.000  0.000  0.000  0.000  0.000  0.000  0.000  0.000
   2.02719    -21.442608  0.000  0.000  0.000  0.000  0.000  0.000  0.000  0.000  0.000  0.000
   2.01024    -21.442630  0.000  0.000  0.000  0.000  0.000  0.000  0.000  0.000  0.000  0.000
   1.99330    -21.442656  0.000  0.000  0.000  0.000  0.000  0.000  0.000  0.000  0.000  0.000
   1.97635    -21.442684  0.000  0.000  0.000  0.000  0.000  0.000  0.000  0.000  0.000  0.000
   1.95941    -21.442710  0.000  0.000  0.000  0.000  0.000  0.000  0.000  0.000  0.000  0.000
   1.94246    -21.442733  0.000  0.000  0.000  0.000  0.000  0.000  0.000  0.000  0.000  0.000
   1.92552    -21.442755  0.000  0.000  0.000  0.000  0.000  0.000  0.000  0.000  0.000  0.000
   1.90857    -21.442780  0.000  0.000  0.000  0.000  0.000  0.000  0.000  0.000  0.000  0.000
   1.89163    -21.442802  0.000  0.000  0.000  0.000  0.000  0.000  0.000  0.000  0.000  0.000
   1.87468    -21.442823  0.000  0.000  0.000  0.000  0.000  0.000  0.000  0.000  0.000  0.000
   1.85774    -21.442840  0.000  0.000  0.000  0.000  0.000  0.000  0.000  0.000  0.000  0.000
   1.84079    -21.442859  0.000  0.000  0.000  0.000  0.000  0.000  0.000  0.000  0.000  0.000
   1.82385    -21.442874  0.000  0.000  0.000  0.000  0.000  0.000  0.000  0.000  0.000  0.000
   1.80690    -21.442897  0.000  0.000  0.000  0.000  0.000  0.000  0.000  0.000  0.000  0.000
   1.78996    -21.442917  0.000  0.000  0.000  0.000  0.000  0.000  0.000  0.000  0.000  0.000
   1.77301    -21.442936  0.000  0.000  0.000  0.000  0.000  0.000  0.000  0.000  0.000  0.000
   1.77301    -21.442936  0.000  0.000  0.000  0.000  0.000  0.000  0.000  0.000  0.000  0.000
   1.74479    -21.442895  0.000  0.000  0.000  0.000  0.000  0.000  0.000  0.000  0.000  0.000
   1.71657    -21.442880  0.000  0.000  0.000  0.000  0.000  0.000  0.000  0.000  0.000  0.000
   1.68835    -21.442891  0.000  0.000  0.000  0.000  0.000  0.000  0.000  0.000  0.000  0.000
   1.66013    -21.442926  0.000  0.000  0.000  0.000  0.000  0.000  0.000  0.000  0.000  0.000
   1.63191    -21.442984  0.000  0.000  0.000  0.000  0.000  0.000  0.000  0.000  0.000  0.000
   1.60369    -21.443060  0.000  0.000  0.000  0.000  0.000  0.000  0.000  0.000  0.000  0.000
   1.57546    -21.443161  0.000  0.000  0.000  0.000  0.000  0.000  0.000  0.000  0.000  0.000
   1.54724    -21.443282  0.000  0.000  0.000  0.000  0.000  0.000  0.000  0.000  0.000  0.000
   1.51902    -21.443420  0.000  0.000  0.000  0.000  0.000  0.000  0.000  0.000  0.000  0.000
   1.49080    -21.443573  0.000  0.000  0.000  0.000  0.000  0.000  0.000  0.000  0.000  0.000
   1.46258    -21.443741  0.000  0.000  0.000  0.000  0.000  0.000  0.000  0.000  0.000  0.000
   1.43436    -21.443921  0.000  0.000  0.000  0.000  0.000  0.000  0.000  0.000  0.000  0.000
   1.40614    -21.444117  0.000  0.000  0.000  0.000  0.000  0.000  0.000  0.000  0.000  0.000
   1.37792    -21.444313  0.000  0.000  0.000  0.000  0.000  0.000  0.000  0.000  0.000  0.000
   1.34970    -21.444509  0.000  0.000  0.000  0.000  0.000  0.000  0.000  0.000  0.000  0.000
   1.32148    -21.444717  0.000  0.000  0.000  0.000  0.000  0.000  0.000  0.000  0.000  0.000
   1.29326    -21.444924  0.000  0.000  0.000  0.000  0.000  0.000  0.000  0.000  0.000  0.000
   1.26503    -21.445119  0.000  0.000  0.000  0.000  0.000  0.000  0.000  0.000  0.000  0.000
   1.23681    -21.445320  0.000  0.000  0.000  0.000  0.000  0.000  0.000  0.000  0.000  0.000
   1.20859    -21.445520  0.000  0.000  0.000  0.000  0.000  0.000  0.000  0.000  0.000  0.000
   1.18037    -21.445715  0.000  0.000  0.000  0.000  0.000  0.000  0.000  0.000  0.000  0.000
   1.15215    -21.445888  0.000  0.000  0.000  0.000  0.000  0.000  0.000  0.000  0.000  0.000
   1.12393    -21.446065  0.000  0.000  0.000  0.000  0.000  0.000  0.000  0.000  0.000  0.000
   1.09571    -21.446226  0.000  0.000  0.000  0.000  0.000  0.000  0.000  0.000  0.000  0.000
   1.06749    -21.446375  0.000  0.000  0.000  0.000  0.000  0.000  0.000  0.000  0.000  0.000
   1.03927    -21.446498  0.000  0.000  0.000  0.000  0.000  0.000  0.000  0.000  0.000  0.000
   1.01105    -21.446610  0.000  0.000  0.000  0.000  0.000  0.000  0.000  0.000  0.000  0.000
   0.98283    -21.446703  0.000  0.000  0.000  0.000  0.000  0.000  0.000  0.000  0.000  0.000
   0.95460    -21.446779  0.000  0.000  0.000  0.000  0.000  0.000  0.000  0.000  0.000  0.000
   0.95460    -21.446779  0.000  0.000  0.000  0.000  0.000  0.000  0.000  0.000  0.000  0.000
   0.92169    -21.446687  0.000  0.000  0.000  0.000  0.000  0.000  0.000  0.000  0.000  0.000
   0.88877    -21.446567  0.000  0.000  0.000  0.000  0.000  0.000  0.000  0.000  0.000  0.000
   0.85585    -21.446425  0.000  0.000  0.000  0.000  0.000  0.000  0.000  0.000  0.000  0.000
   0.82294    -21.446254  0.000  0.000  0.000  0.000  0.000  0.000  0.000  0.000  0.000  0.000
   0.79002    -21.446066  0.000  0.000  0.000  0.000  0.000  0.000  0.000  0.000  0.000  0.000
   0.75710    -21.445863  0.000  0.000  0.000  0.000  0.000  0.000  0.000  0.000  0.000  0.000
   0.72418    -21.445644  0.000  0.000  0.000  0.000  0.000  0.000  0.000  0.000  0.000  0.000
   0.69127    -21.445412  0.000  0.000  0.000  0.000  0.000  0.000  0.000  0.000  0.000  0.000
   0.65835    -21.445174  0.000  0.000  0.000  0.000  0.000  0.000  0.000  0.000  0.000  0.000
   0.62543    -21.444929  0.000  0.000  0.000  0.000  0.000  0.000  0.000  0.000  0.000  0.000
   0.59251    -21.444683  0.000  0.000  0.000  0.000  0.000  0.000  0.000  0.000  0.000  0.000
   0.55960    -21.444434  0.000  0.000  0.000  0.000  0.000  0.000  0.000  0.000  0.000  0.000
   0.52668    -21.444192  0.000  0.000  0.000  0.000  0.000  0.000  0.000  0.000  0.000  0.000
   0.49376    -21.443957  0.000  0.000  0.000  0.000  0.000  0.000  0.000  0.000  0.000  0.000
   0.46084    -21.443734  0.000  0.000  0.000  0.000  0.000  0.000  0.000  0.000  0.000  0.000
   0.42793    -21.443526  0.000  0.000  0.000  0.000  0.000  0.000  0.000  0.000  0.000  0.000
   0.39501    -21.443328  0.000  0.000  0.000  0.000  0.000  0.000  0.000  0.000  0.000  0.000
   0.36209    -21.443154  0.000  0.000  0.000  0.000  0.000  0.000  0.000  0.000  0.000  0.000
   0.32917    -21.442994  0.000  0.000  0.000  0.000  0.000  0.000  0.000  0.000  0.000  0.000
   0.29626    -21.442849  0.000  0.000  0.000  0.000  0.000  0.000  0.000  0.000  0.000  0.000
   0.26334    -21.442721  0.000  0.000  0.000  0.000  0.000  0.000  0.000  0.000  0.000  0.000
   0.23042    -21.442607  0.000  0.000  0.000  0.000  0.000  0.000  0.000  0.000  0.000  0.000
   0.19750    -21.442501  0.000  0.000  0.000  0.000  0.000  0.000  0.000  0.000  0.000  0.000
   0.16459    -21.442413  0.000  0.000  0.000  0.000  0.000  0.000  0.000  0.000  0.000  0.000
   0.13167    -21.442336  0.000  0.000  0.000  0.000  0.000  0.000  0.000  0.000  0.000  0.000
   0.09875    -21.442269  0.000  0.000  0.000  0.000  0.000  0.000  0.000  0.000  0.000  0.000
   0.06583    -21.442214  0.000  0.000  0.000  0.000  0.000  0.000  0.000  0.000  0.000  0.000
   0.03292    -21.442173  0.000  0.000  0.000  0.000  0.000  0.000  0.000  0.000  0.000  0.000
   0.00000    -21.442127  0.000  0.000  0.000  0.000  0.000  0.000  0.000  0.000  0.000  0.000
 
# Band-Index:   11
   0.00000    -10.412545  0.001  0.008  0.000  0.008  0.000  0.001  0.000  0.001  0.000  0.019
   0.03292    -10.423347  0.003  0.008  0.000  0.008  0.000  0.001  0.000  0.001  0.000  0.021
   0.06583    -10.446358  0.010  0.009  0.000  0.007  0.000  0.001  0.000  0.000  0.000  0.027
   0.09875    -10.481914  0.019  0.009  0.001  0.007  0.000  0.001  0.000  0.000  0.000  0.036
   0.13167    -10.529541  0.031  0.009  0.001  0.006  0.000  0.001  0.000  0.000  0.000  0.048
   0.16459    -10.588095  0.044  0.008  0.001  0.005  0.000  0.001  0.000  0.000  0.000  0.060
   0.19750    -10.655989  0.057  0.008  0.002  0.005  0.000  0.001  0.000  0.000  0.000  0.073
   0.23042    -10.731436  0.071  0.008  0.002  0.004  0.000  0.000  0.000  0.000  0.000  0.086
   0.26334    -10.812593  0.083  0.007  0.003  0.004  0.000  0.000  0.000  0.000  0.000  0.098
   0.29626    -10.897693  0.094  0.007  0.003  0.003  0.000  0.000  0.000  0.000  0.000  0.108
   0.32917    -10.985118  0.104  0.006  0.003  0.003  0.000  0.000  0.000  0.000  0.000  0.117
   0.36209    -11.073440  0.113  0.005  0.004  0.002  0.000  0.000  0.000  0.000  0.000  0.125
   0.39501    -11.161447  0.120  0.005  0.004  0.002  0.000  0.000  0.000  0.000  0.000  0.132
   0.42793    -11.248102  0.127  0.004  0.005  0.002  0.000  0.000  0.000  0.000  0.000  0.138
   0.46084    -11.332531  0.133  0.004  0.005  0.002  0.000  0.000  0.000  0.000  0.000  0.144
   0.49376    -11.414003  0.137  0.004  0.005  0.001  0.000  0.000  0.000  0.000  0.000  0.148
   0.52668    -11.491884  0.142  0.003  0.005  0.001  0.000  0.000  0.000  0.000  0.000  0.152
   0.55960    -11.565636  0.145  0.003  0.006  0.001  0.000  0.000  0.000  0.000  0.000  0.155
   0.59251    -11.634802  0.148  0.002  0.006  0.001  0.000  0.000  0.000  0.000  0.000  0.158
   0.62543    -11.698995  0.151  0.002  0.006  0.001  0.000  0.000  0.000  0.000  0.000  0.160
   0.65835    -11.757892  0.153  0.002  0.006  0.001  0.000  0.000  0.000  0.000  0.000  0.162
   0.69127    -11.811219  0.155  0.001  0.007  0.000  0.000  0.000  0.000  0.000  0.000  0.164
   0.72418    -11.858728  0.157  0.001  0.007  0.000  0.000  0.000  0.000  0.000  0.000  0.165
   0.75710    -11.900222  0.158  0.001  0.007  0.000  0.000  0.000  0.000  0.000  0.000  0.166
   0.79002    -11.935540  0.160  0.000  0.007  0.000  0.000  0.000  0.000  0.000  0.000  0.167
   0.82294    -11.964556  0.160  0.000  0.007  0.000  0.000  0.000  0.000  0.000  0.000  0.168
   0.85585    -11.987160  0.161  0.000  0.007  0.000  0.000  0.000  0.000  0.000  0.000  0.168
   0.88877    -12.003272  0.162  0.000  0.007  0.000  0.000  0.000  0.000  0.000  0.000  0.169
   0.92169    -12.012838  0.162  0.000  0.007  0.000  0.000  0.000  0.000  0.000  0.000  0.169
   0.95460    -12.015826  0.162  0.000  0.007  0.000  0.000  0.000  0.000  0.000  0.000  0.169
   0.95460    -12.015826  0.162  0.000  0.007  0.000  0.000  0.000  0.000  0.000  0.000  0.169
   0.98283    -12.013669  0.162  0.000  0.007  0.000  0.000  0.000  0.000  0.000  0.000  0.169
   1.01105    -12.006693  0.162  0.000  0.007  0.000  0.000  0.000  0.000  0.000  0.000  0.169
   1.03927    -11.994915  0.161  0.000  0.007  0.000  0.000  0.000  0.000  0.000  0.000  0.169
   1.06749    -11.978368  0.161  0.000  0.007  0.000  0.000  0.000  0.000  0.000  0.000  0.168
   1.09571    -11.957095  0.160  0.000  0.007  0.000  0.000  0.000  0.000  0.000  0.000  0.168
   1.12393    -11.931164  0.159  0.001  0.007  0.000  0.000  0.000  0.000  0.000  0.000  0.167
   1.15215    -11.900651  0.158  0.001  0.007  0.000  0.000  0.000  0.000  0.000  0.000  0.166
   1.18037    -11.865648  0.157  0.001  0.007  0.000  0.000  0.000  0.000  0.000  0.000  0.165
   1.20859    -11.826268  0.156  0.002  0.007  0.000  0.000  0.000  0.000  0.000  0.000  0.164
   1.23681    -11.782651  0.154  0.002  0.006  0.000  0.000  0.000  0.000  0.000  0.000  0.163
   1.26503    -11.734974  0.152  0.002  0.006  0.000  0.000  0.000  0.000  0.000  0.000  0.161
   1.29326    -11.683436  0.150  0.003  0.006  0.000  0.000  0.000  0.000  0.000  0.000  0.159
   1.32148    -11.628267  0.148  0.003  0.006  0.000  0.000  0.000  0.000  0.000  0.000  0.157
   1.34970    -11.569743  0.145  0.004  0.006  0.000  0.000  0.000  0.000  0.000  0.000  0.155
   1.37792    -11.508198  0.142  0.004  0.006  0.000  0.000  0.000  0.000  0.000  0.000  0.152
   1.40614    -11.444029  0.138  0.005  0.005  0.000  0.000  0.000  0.000  0.000  0.000  0.149
   1.43436    -11.377716  0.134  0.005  0.005  0.000  0.000  0.000  0.000  0.000  0.000  0.145
   1.46258    -11.309831  0.130  0.006  0.005  0.000  0.000  0.000  0.000  0.000  0.000  0.141
   1.49080    -11.241052  0.125  0.007  0.004  0.000  0.000  0.000  0.000  0.000  0.000  0.137
   1.51902    -11.172195  0.119  0.007  0.004  0.000  0.000  0.000  0.000  0.000  0.000  0.132
   1.54724    -11.104239  0.114  0.008  0.004  0.000  0.000  0.001  0.000  0.000  0.000  0.126
   1.57546    -11.038350  0.107  0.008  0.004  0.000  0.000  0.001  0.000  0.000  0.000  0.120
   1.60369    -10.975891  0.100  0.009  0.003  0.000  0.000  0.001  0.000  0.000  0.000  0.114
   1.63191    -10.918431  0.093  0.010  0.003  0.000  0.000  0.001  0.000  0.000  0.000  0.107
   1.66013    -10.867706  0.087  0.010  0.003  0.000  0.000  0.001  0.000  0.000  0.000  0.101
   1.68835    -10.825542  0.080  0.011  0.003  0.000  0.000  0.001  0.000  0.000  0.000  0.095
   1.71657    -10.793722  0.075  0.011  0.002  0.000  0.000  0.001  0.000  0.000  0.000  0.090
   1.74479    -10.773771  0.072  0.011  0.002  0.000  0.000  0.001  0.000  0.000  0.000  0.087
   1.77301    -10.766733  0.071  0.011  0.002  0.000  0.000  0.001  0.000  0.000  0.000  0.086
   1.77301    -10.766733  0.071  0.011  0.002  0.000  0.000  0.001  0.000  0.000  0.000  0.086
   1.78996    -10.766206  0.071  0.011  0.002  0.000  0.000  0.001  0.000  0.000  0.000  0.085
   1.80690    -10.764291  0.070  0.011  0.002  0.000  0.000  0.001  0.000  0.000  0.000  0.085
   1.82385    -10.760998  0.070  0.011  0.002  0.000  0.000  0.001  0.000  0.000  0.000  0.085
   1.84079    -10.756339  0.069  0.011  0.002  0.000  0.000  0.001  0.000  0.000  0.000  0.084
   1.85774    -10.750335  0.068  0.011  0.002  0.000  0.000  0.001  0.000  0.000  0.000  0.083
   1.87468    -10.743013  0.067  0.011  0.002  0.000  0.000  0.001  0.000  0.000  0.000  0.082
   1.89163    -10.734404  0.065  0.011  0.002  0.001  0.000  0.001  0.000  0.000  0.000  0.081
   1.90857    -10.724547  0.064  0.011  0.002  0.001  0.000  0.001  0.000  0.000  0.000  0.079
   1.92552    -10.713489  0.062  0.011  0.002  0.001  0.000  0.001  0.000  0.000  0.000  0.078
   1.94246    -10.701284  0.060  0.011  0.002  0.001  0.000  0.001  0.000  0.000  0.000  0.076
   1.95941    -10.687995  0.058  0.011  0.002  0.001  0.000  0.001  0.000  0.000  0.000  0.074
   1.97635    -10.673693  0.055  0.011  0.002  0.002  0.000  0.001  0.000  0.000  0.000  0.071
   1.99330    -10.658460  0.053  0.011  0.002  0.002  0.000  0.001  0.000  0.000  0.000  0.069
   2.01024    -10.642388  0.050  0.011  0.002  0.002  0.000  0.001  0.000  0.000  0.000  0.066
   2.02719    -10.625583  0.047  0.011  0.001  0.003  0.000  0.001  0.000  0.000  0.000  0.063
   2.04413    -10.608165  0.044  0.011  0.001  0.003  0.000  0.001  0.000  0.000  0.000  0.060
   2.06108    -10.590268  0.040  0.011  0.001  0.003  0.000  0.001  0.000  0.000  0.000  0.057
   2.07802    -10.572043  0.037  0.011  0.001  0.004  0.000  0.001  0.000  0.000  0.000  0.053
   2.09497    -10.553661  0.033  0.011  0.001  0.004  0.000  0.001  0.000  0.000  0.000  0.050
   2.11191    -10.535310  0.029  0.010  0.001  0.004  0.000  0.001  0.000  0.000  0.000  0.046
   2.12886    -10.517198  0.025  0.010  0.001  0.005  0.000  0.001  0.000  0.000  0.000  0.042
   2.14580    -10.499555  0.021  0.010  0.001  0.005  0.000  0.001  0.000  0.000  0.000  0.039
   2.16275    -10.482633  0.017  0.010  0.001  0.006  0.000  0.001  0.000  0.000  0.000  0.035
   2.17969    -10.466704  0.013  0.010  0.000  0.006  0.000  0.001  0.000  0.000  0.000  0.031
   2.19664    -10.452059  0.010  0.009  0.000  0.006  0.000  0.001  0.000  0.000  0.000  0.028
   2.21358    -10.439004  0.007  0.009  0.000  0.007  0.000  0.001  0.000  0.000  0.000  0.025
   2.23053    -10.427855  0.004  0.009  0.000  0.007  0.000  0.001  0.000  0.000  0.000  0.022
   2.24747    -10.418931  0.002  0.009  0.000  0.008  0.000  0.001  0.000  0.001  0.000  0.020
   2.26442    -10.412545  0.001  0.008  0.000  0.008  0.000  0.001  0.000  0.001  0.000  0.019
   2.26442    -10.412545  0.001  0.008  0.000  0.008  0.000  0.001  0.000  0.001  0.000  0.019
   2.29734    -10.423347  0.003  0.008  0.000  0.008  0.000  0.001  0.000  0.001  0.000  0.021
   2.33025    -10.446358  0.010  0.009  0.000  0.007  0.000  0.001  0.000  0.000  0.000  0.027
   2.36317    -10.481914  0.019  0.009  0.001  0.007  0.000  0.001  0.000  0.000  0.000  0.036
   2.39609    -10.529541  0.031  0.009  0.001  0.006  0.000  0.001  0.000  0.000  0.000  0.048
   2.42901    -10.588095  0.044  0.008  0.001  0.005  0.000  0.001  0.000  0.000  0.000  0.060
   2.46192    -10.655989  0.057  0.008  0.002  0.005  0.000  0.001  0.000  0.000  0.000  0.073
   2.49484    -10.731436  0.071  0.008  0.002  0.004  0.000  0.000  0.000  0.000  0.000  0.086
   2.52776    -10.812593  0.083  0.007  0.003  0.004  0.000  0.000  0.000  0.000  0.000  0.098
   2.56068    -10.897693  0.094  0.007  0.003  0.003  0.000  0.000  0.000  0.000  0.000  0.108
   2.59359    -10.985118  0.104  0.006  0.003  0.003  0.000  0.000  0.000  0.000  0.000  0.117
   2.62651    -11.073440  0.113  0.005  0.004  0.002  0.000  0.000  0.000  0.000  0.000  0.125
   2.65943    -11.161447  0.120  0.005  0.004  0.002  0.000  0.000  0.000  0.000  0.000  0.132
   2.69234    -11.248102  0.127  0.004  0.005  0.002  0.000  0.000  0.000  0.000  0.000  0.138
   2.72526    -11.332531  0.133  0.004  0.005  0.002  0.000  0.000  0.000  0.000  0.000  0.144
   2.75818    -11.414003  0.137  0.004  0.005  0.001  0.000  0.000  0.000  0.000  0.000  0.148
   2.79110    -11.491884  0.142  0.003  0.005  0.001  0.000  0.000  0.000  0.000  0.000  0.152
   2.82401    -11.565636  0.145  0.003  0.006  0.001  0.000  0.000  0.000  0.000  0.000  0.155
   2.85693    -11.634802  0.148  0.002  0.006  0.001  0.000  0.000  0.000  0.000  0.000  0.158
   2.88985    -11.698995  0.151  0.002  0.006  0.001  0.000  0.000  0.000  0.000  0.000  0.160
   2.92277    -11.757892  0.153  0.002  0.006  0.001  0.000  0.000  0.000  0.000  0.000  0.162
   2.95568    -11.811219  0.155  0.001  0.007  0.000  0.000  0.000  0.000  0.000  0.000  0.164
   2.98860    -11.858728  0.157  0.001  0.007  0.000  0.000  0.000  0.000  0.000  0.000  0.165
   3.02152    -11.900222  0.158  0.001  0.007  0.000  0.000  0.000  0.000  0.000  0.000  0.166
   3.05444    -11.935540  0.160  0.000  0.007  0.000  0.000  0.000  0.000  0.000  0.000  0.167
   3.08735    -11.964556  0.160  0.000  0.007  0.000  0.000  0.000  0.000  0.000  0.000  0.168
   3.12027    -11.987160  0.161  0.000  0.007  0.000  0.000  0.000  0.000  0.000  0.000  0.168
   3.15319    -12.003272  0.162  0.000  0.007  0.000  0.000  0.000  0.000  0.000  0.000  0.169
   3.18611    -12.012838  0.162  0.000  0.007  0.000  0.000  0.000  0.000  0.000  0.000  0.169
   3.21902    -12.015826  0.162  0.000  0.007  0.000  0.000  0.000  0.000  0.000  0.000  0.169
 
# Band-Index:   12
   3.21902    -12.015826  0.162  0.000  0.007  0.000  0.000  0.000  0.000  0.000  0.000  0.169
   3.18611    -12.012238  0.162  0.000  0.007  0.000  0.000  0.000  0.000  0.000  0.000  0.169
   3.15319    -12.002076  0.161  0.000  0.007  0.000  0.000  0.000  0.000  0.000  0.000  0.169
   3.12027    -11.985376  0.161  0.000  0.007  0.000  0.000  0.000  0.000  0.000  0.000  0.168
   3.08735    -11.962194  0.160  0.000  0.007  0.000  0.000  0.000  0.000  0.000  0.000  0.168
   3.05444    -11.932617  0.159  0.001  0.007  0.000  0.000  0.000  0.000  0.000  0.000  0.167
   3.02152    -11.896758  0.157  0.001  0.007  0.000  0.000  0.000  0.000  0.000  0.000  0.166
   2.98860    -11.854749  0.156  0.001  0.007  0.000  0.000  0.000  0.000  0.000  0.000  0.164
   2.95568    -11.806757  0.154  0.001  0.007  0.001  0.000  0.000  0.000  0.000  0.000  0.163
   2.92277    -11.752985  0.152  0.002  0.007  0.001  0.000  0.000  0.000  0.000  0.000  0.161
   2.88985    -11.693690  0.149  0.002  0.006  0.001  0.000  0.000  0.000  0.000  0.000  0.159
   2.85693    -11.629151  0.147  0.003  0.006  0.001  0.000  0.000  0.000  0.000  0.000  0.157
   2.82401    -11.559700  0.143  0.003  0.006  0.001  0.000  0.000  0.000  0.000  0.000  0.154
   2.79110    -11.485733  0.139  0.003  0.006  0.001  0.000  0.000  0.000  0.000  0.000  0.150
   2.75818    -11.407715  0.135  0.004  0.006  0.002  0.000  0.000  0.000  0.000  0.000  0.147
   2.72526    -11.326189  0.130  0.004  0.005  0.002  0.000  0.000  0.000  0.000  0.000  0.142
   2.69234    -11.241791  0.125  0.005  0.005  0.002  0.000  0.000  0.000  0.000  0.000  0.137
   2.65943    -11.155248  0.118  0.005  0.005  0.002  0.000  0.000  0.000  0.000  0.000  0.131
   2.62651    -11.067417  0.111  0.006  0.004  0.003  0.000  0.000  0.000  0.000  0.000  0.124
   2.59359    -10.979290  0.102  0.006  0.004  0.003  0.000  0.000  0.000  0.000  0.000  0.116
   2.56068    -10.891999  0.093  0.007  0.003  0.003  0.000  0.000  0.000  0.000  0.000  0.107
   2.52776    -10.806840  0.083  0.007  0.003  0.004  0.000  0.000  0.000  0.000  0.000  0.097
   2.49484    -10.725282  0.071  0.007  0.002  0.004  0.000  0.000  0.000  0.000  0.000  0.086
   2.46192    -10.649001  0.059  0.008  0.002  0.004  0.000  0.001  0.000  0.000  0.000  0.074
   2.42901    -10.579866  0.045  0.008  0.001  0.005  0.000  0.001  0.000  0.000  0.000  0.061
   2.39609    -10.519807  0.032  0.008  0.001  0.005  0.000  0.001  0.000  0.000  0.000  0.048
   2.36317    -10.470619  0.020  0.008  0.001  0.006  0.000  0.001  0.000  0.000  0.000  0.036
   2.33025    -10.433685  0.010  0.008  0.000  0.007  0.000  0.001  0.000  0.000  0.000  0.027
   2.29734    -10.409689  0.004  0.008  0.000  0.007  0.000  0.001  0.000  0.001  0.000  0.020
   2.26442    -10.398432  0.001  0.007  0.000  0.007  0.000  0.001  0.000  0.001  0.000  0.017
   2.26442    -10.398432  0.001  0.007  0.000  0.007  0.000  0.001  0.000  0.001  0.000  0.017
   2.24747    -10.405057  0.002  0.008  0.000  0.007  0.000  0.001  0.000  0.001  0.000  0.019
   2.23053    -10.414342  0.004  0.008  0.000  0.007  0.000  0.001  0.000  0.000  0.000  0.021
   2.21358    -10.425957  0.007  0.008  0.000  0.006  0.000  0.001  0.000  0.000  0.000  0.024
   2.19664    -10.439557  0.011  0.009  0.000  0.006  0.000  0.001  0.000  0.000  0.000  0.027
   2.17969    -10.454808  0.014  0.009  0.000  0.005  0.000  0.001  0.000  0.000  0.000  0.031
   2.16275    -10.471383  0.018  0.009  0.001  0.005  0.000  0.001  0.000  0.000  0.000  0.035
   2.14580    -10.488974  0.022  0.009  0.001  0.005  0.000  0.001  0.000  0.000  0.000  0.039
   2.12886    -10.507295  0.027  0.010  0.001  0.004  0.000  0.001  0.000  0.000  0.000  0.043
   2.11191    -10.526082  0.031  0.010  0.001  0.004  0.000  0.001  0.000  0.000  0.000  0.047
   2.09497    -10.545096  0.035  0.010  0.001  0.003  0.000  0.001  0.000  0.000  0.000  0.050
   2.07802    -10.564123  0.038  0.010  0.001  0.003  0.000  0.001  0.000  0.000  0.000  0.054
   2.06108    -10.582969  0.042  0.010  0.001  0.003  0.000  0.001  0.000  0.000  0.000  0.058
   2.04413    -10.601463  0.045  0.010  0.001  0.002  0.000  0.001  0.000  0.000  0.000  0.061
   2.02719    -10.619449  0.049  0.010  0.002  0.002  0.000  0.001  0.000  0.000  0.000  0.064
   2.01024    -10.636796  0.052  0.011  0.002  0.002  0.000  0.001  0.000  0.000  0.000  0.067
   1.99330    -10.653383  0.054  0.011  0.002  0.002  0.000  0.001  0.000  0.000  0.000  0.070
   1.97635    -10.669106  0.057  0.011  0.002  0.001  0.000  0.001  0.000  0.000  0.000  0.072
   1.95941    -10.683873  0.059  0.011  0.002  0.001  0.000  0.001  0.000  0.000  0.000  0.074
   1.94246    -10.697605  0.061  0.011  0.002  0.001  0.000  0.001  0.000  0.000  0.000  0.076
   1.92552    -10.710233  0.063  0.011  0.002  0.001  0.000  0.001  0.000  0.000  0.000  0.078
   1.90857    -10.721696  0.065  0.011  0.002  0.001  0.000  0.001  0.000  0.000  0.000  0.080
   1.89163    -10.731943  0.066  0.011  0.002  0.000  0.000  0.001  0.000  0.000  0.000  0.081
   1.87468    -10.740928  0.068  0.011  0.002  0.000  0.000  0.001  0.000  0.000  0.000  0.082
   1.85774    -10.748615  0.069  0.011  0.002  0.000  0.000  0.001  0.000  0.000  0.000  0.083
   1.84079    -10.754974  0.069  0.011  0.002  0.000  0.000  0.001  0.000  0.000  0.000  0.084
   1.82385    -10.759980  0.070  0.011  0.002  0.000  0.000  0.001  0.000  0.000  0.000  0.085
   1.80690    -10.763616  0.070  0.011  0.002  0.000  0.000  0.001  0.000  0.000  0.000  0.085
   1.78996    -10.765869  0.071  0.011  0.002  0.000  0.000  0.001  0.000  0.000  0.000  0.086
   1.77301    -10.766733  0.071  0.011  0.002  0.000  0.000  0.001  0.000  0.000  0.000  0.086
   1.77301    -10.766733  0.071  0.011  0.002  0.000  0.000  0.001  0.000  0.000  0.000  0.086
   1.74479    -10.772984  0.072  0.011  0.002  0.000  0.000  0.001  0.000  0.000  0.000  0.086
   1.71657    -10.792163  0.074  0.011  0.003  0.000  0.000  0.001  0.000  0.000  0.000  0.089
   1.68835    -10.823237  0.079  0.011  0.003  0.000  0.000  0.001  0.000  0.000  0.000  0.094
   1.66013    -10.864701  0.085  0.010  0.003  0.000  0.000  0.001  0.000  0.000  0.000  0.099
   1.63191    -10.914782  0.091  0.010  0.003  0.000  0.000  0.001  0.000  0.000  0.000  0.106
   1.60369    -10.971669  0.098  0.009  0.004  0.000  0.000  0.001  0.000  0.000  0.000  0.112
   1.57546    -11.033634  0.105  0.009  0.004  0.000  0.000  0.001  0.000  0.000  0.000  0.118
   1.54724    -11.099114  0.111  0.008  0.004  0.000  0.000  0.001  0.000  0.000  0.000  0.124
   1.51902    -11.166750  0.117  0.008  0.005  0.000  0.000  0.000  0.000  0.000  0.000  0.130
   1.49080    -11.235375  0.123  0.007  0.005  0.000  0.000  0.000  0.000  0.000  0.000  0.135
   1.46258    -11.304008  0.128  0.006  0.005  0.000  0.000  0.000  0.000  0.000  0.000  0.140
   1.43436    -11.371828  0.132  0.006  0.005  0.000  0.000  0.000  0.000  0.000  0.000  0.144
   1.40614    -11.438151  0.136  0.005  0.006  0.000  0.000  0.000  0.000  0.000  0.000  0.147
   1.37792    -11.502401  0.140  0.005  0.006  0.000  0.000  0.000  0.000  0.000  0.000  0.151
   1.34970    -11.564091  0.143  0.004  0.006  0.000  0.000  0.000  0.000  0.000  0.000  0.153
   1.32148    -11.622817  0.146  0.004  0.006  0.000  0.000  0.000  0.000  0.000  0.000  0.156
   1.29326    -11.678239  0.148  0.003  0.006  0.000  0.000  0.000  0.000  0.000  0.000  0.158
   1.26503    -11.730074  0.151  0.003  0.007  0.000  0.000  0.000  0.000  0.000  0.000  0.160
   1.23681    -11.778089  0.153  0.002  0.007  0.000  0.000  0.000  0.000  0.000  0.000  0.162
   1.20859    -11.822077  0.154  0.002  0.007  0.000  0.000  0.000  0.000  0.000  0.000  0.163
   1.18037    -11.861857  0.156  0.001  0.007  0.000  0.000  0.000  0.000  0.000  0.000  0.165
   1.15215    -11.897286  0.157  0.001  0.007  0.000  0.000  0.000  0.000  0.000  0.000  0.166
   1.12393    -11.928245  0.158  0.001  0.007  0.000  0.000  0.000  0.000  0.000  0.000  0.167
   1.09571    -11.954638  0.159  0.001  0.007  0.000  0.000  0.000  0.000  0.000  0.000  0.167
   1.06749    -11.976386  0.160  0.000  0.007  0.000  0.000  0.000  0.000  0.000  0.000  0.168
   1.03927    -11.993420  0.161  0.000  0.007  0.000  0.000  0.000  0.000  0.000  0.000  0.168
   1.01105    -12.005692  0.161  0.000  0.007  0.000  0.000  0.000  0.000  0.000  0.000  0.169
   0.98283    -12.013167  0.162  0.000  0.007  0.000  0.000  0.000  0.000  0.000  0.000  0.169
   0.95460    -12.015826  0.162  0.000  0.007  0.000  0.000  0.000  0.000  0.000  0.000  0.169
   0.95460    -12.015826  0.162  0.000  0.007  0.000  0.000  0.000  0.000  0.000  0.000  0.169
   0.92169    -12.012238  0.162  0.000  0.007  0.000  0.000  0.000  0.000  0.000  0.000  0.169
   0.88877    -12.002076  0.161  0.000  0.007  0.000  0.000  0.000  0.000  0.000  0.000  0.169
   0.85585    -11.985376  0.161  0.000  0.007  0.000  0.000  0.000  0.000  0.000  0.000  0.168
   0.82294    -11.962194  0.160  0.000  0.007  0.000  0.000  0.000  0.000  0.000  0.000  0.168
   0.79002    -11.932617  0.159  0.001  0.007  0.000  0.000  0.000  0.000  0.000  0.000  0.167
   0.75710    -11.896758  0.157  0.001  0.007  0.000  0.000  0.000  0.000  0.000  0.000  0.166
   0.72418    -11.854749  0.156  0.001  0.007  0.000  0.000  0.000  0.000  0.000  0.000  0.164
   0.69127    -11.806757  0.154  0.001  0.007  0.001  0.000  0.000  0.000  0.000  0.000  0.163
   0.65835    -11.752985  0.152  0.002  0.007  0.001  0.000  0.000  0.000  0.000  0.000  0.161
   0.62543    -11.693690  0.149  0.002  0.006  0.001  0.000  0.000  0.000  0.000  0.000  0.159
   0.59251    -11.629151  0.147  0.003  0.006  0.001  0.000  0.000  0.000  0.000  0.000  0.157
   0.55960    -11.559700  0.143  0.003  0.006  0.001  0.000  0.000  0.000  0.000  0.000  0.154
   0.52668    -11.485733  0.139  0.003  0.006  0.001  0.000  0.000  0.000  0.000  0.000  0.150
   0.49376    -11.407715  0.135  0.004  0.006  0.002  0.000  0.000  0.000  0.000  0.000  0.147
   0.46084    -11.326189  0.130  0.004  0.005  0.002  0.000  0.000  0.000  0.000  0.000  0.142
   0.42793    -11.241791  0.125  0.005  0.005  0.002  0.000  0.000  0.000  0.000  0.000  0.137
   0.39501    -11.155248  0.118  0.005  0.005  0.002  0.000  0.000  0.000  0.000  0.000  0.131
   0.36209    -11.067417  0.111  0.006  0.004  0.003  0.000  0.000  0.000  0.000  0.000  0.124
   0.32917    -10.979290  0.102  0.006  0.004  0.003  0.000  0.000  0.000  0.000  0.000  0.116
   0.29626    -10.891999  0.093  0.007  0.003  0.003  0.000  0.000  0.000  0.000  0.000  0.107
   0.26334    -10.806840  0.083  0.007  0.003  0.004  0.000  0.000  0.000  0.000  0.000  0.097
   0.23042    -10.725282  0.071  0.007  0.002  0.004  0.000  0.000  0.000  0.000  0.000  0.086
   0.19750    -10.649001  0.059  0.008  0.002  0.004  0.000  0.001  0.000  0.000  0.000  0.074
   0.16459    -10.579866  0.045  0.008  0.001  0.005  0.000  0.001  0.000  0.000  0.000  0.061
   0.13167    -10.519807  0.032  0.008  0.001  0.005  0.000  0.001  0.000  0.000  0.000  0.048
   0.09875    -10.470619  0.020  0.008  0.001  0.006  0.000  0.001  0.000  0.000  0.000  0.036
   0.06583    -10.433685  0.010  0.008  0.000  0.007  0.000  0.001  0.000  0.000  0.000  0.027
   0.03292    -10.409689  0.004  0.008  0.000  0.007  0.000  0.001  0.000  0.001  0.000  0.020
   0.00000    -10.398432  0.001  0.007  0.000  0.007  0.000  0.001  0.000  0.001  0.000  0.017
 
# Band-Index:   13
   0.00000     -8.830014  0.555  0.000  0.004  0.000  0.000  0.000  0.000  0.000  0.000  0.560
   0.03292     -8.823139  0.552  0.000  0.004  0.000  0.000  0.000  0.000  0.000  0.000  0.557
   0.06583     -8.803883  0.546  0.000  0.004  0.000  0.000  0.000  0.000  0.000  0.000  0.550
   0.09875     -8.771737  0.535  0.000  0.004  0.000  0.000  0.000  0.000  0.000  0.000  0.540
   0.13167     -8.727104  0.523  0.001  0.003  0.001  0.000  0.000  0.000  0.000  0.000  0.528
   0.16459     -8.671146  0.510  0.001  0.003  0.001  0.000  0.000  0.000  0.000  0.000  0.515
   0.19750     -8.605527  0.497  0.001  0.002  0.001  0.000  0.000  0.000  0.000  0.000  0.502
   0.23042     -8.532169  0.484  0.002  0.002  0.001  0.000  0.000  0.000  0.000  0.000  0.489
   0.26334     -8.453078  0.473  0.002  0.001  0.001  0.000  0.000  0.000  0.000  0.000  0.478
   0.29626     -8.370227  0.463  0.002  0.001  0.001  0.000  0.000  0.000  0.000  0.000  0.468
   0.32917     -8.285497  0.454  0.002  0.001  0.001  0.000  0.000  0.000  0.000  0.000  0.459
   0.36209     -8.200637  0.446  0.002  0.000  0.001  0.000  0.000  0.000  0.000  0.000  0.450
   0.39501     -8.117236  0.439  0.002  0.000  0.001  0.000  0.000  0.000  0.000  0.000  0.443
   0.42793     -8.036699  0.433  0.002  0.000  0.001  0.000  0.000  0.000  0.000  0.000  0.437
   0.46084     -7.960226  0.428  0.002  0.000  0.001  0.000  0.000  0.000  0.000  0.000  0.431
   0.49376     -7.888788  0.423  0.002  0.000  0.001  0.000  0.000  0.000  0.000  0.000  0.426
   0.52668     -7.823116  0.418  0.002  0.000  0.001  0.000  0.000  0.000  0.000  0.000  0.422
   0.55960     -7.763687  0.414  0.001  0.001  0.000  0.000  0.000  0.000  0.000  0.000  0.417
   0.59251     -7.710732  0.410  0.001  0.001  0.000  0.000  0.000  0.000  0.000  0.000  0.413
   0.62543     -7.664249  0.406  0.001  0.001  0.000  0.000  0.000  0.000  0.000  0.000  0.409
   0.65835     -7.624043  0.402  0.001  0.002  0.000  0.000  0.000  0.000  0.000  0.000  0.406
   0.69127     -7.589758  0.399  0.001  0.002  0.000  0.000  0.000  0.000  0.000  0.000  0.402
   0.72418     -7.560933  0.396  0.000  0.003  0.000  0.000  0.000  0.000  0.000  0.000  0.399
   0.75710     -7.537043  0.393  0.000  0.003  0.000  0.000  0.000  0.000  0.000  0.000  0.397
   0.79002     -7.517552  0.391  0.000  0.004  0.000  0.000  0.000  0.000  0.000  0.000  0.395
   0.82294     -7.501942  0.389  0.000  0.004  0.000  0.000  0.000  0.000  0.000  0.000  0.393
   0.85585     -7.489755  0.387  0.000  0.005  0.000  0.000  0.000  0.000  0.000  0.000  0.392
   0.88877     -7.480614  0.386  0.000  0.005  0.000  0.000  0.000  0.000  0.000  0.000  0.391
   0.92169     -7.474242  0.386  0.000  0.005  0.000  0.000  0.000  0.000  0.000  0.000  0.391
   0.95460     -7.470475  0.386  0.000  0.005  0.000  0.000  0.000  0.000  0.000  0.000  0.392
   0.95460     -7.470475  0.386  0.000  0.005  0.000  0.000  0.000  0.000  0.000  0.000  0.392
   0.98283     -7.473713  0.386  0.000  0.005  0.000  0.000  0.000  0.000  0.000  0.000  0.391
   1.01105     -7.479069  0.386  0.000  0.005  0.000  0.000  0.000  0.000  0.000  0.000  0.391
   1.03927     -7.486638  0.387  0.000  0.005  0.000  0.000  0.000  0.000  0.000  0.000  0.392
   1.06749     -7.496581  0.388  0.000  0.004  0.000  0.000  0.000  0.000  0.000  0.000  0.392
   1.09571     -7.509120  0.389  0.000  0.004  0.000  0.000  0.000  0.000  0.000  0.000  0.394
   1.12393     -7.524538  0.391  0.000  0.004  0.000  0.000  0.000  0.000  0.000  0.000  0.395
   1.15215     -7.543157  0.393  0.000  0.003  0.000  0.000  0.000  0.000  0.000  0.000  0.397
   1.18037     -7.565332  0.395  0.001  0.003  0.000  0.000  0.000  0.000  0.000  0.000  0.399
   1.20859     -7.591433  0.398  0.001  0.003  0.000  0.000  0.000  0.000  0.000  0.000  0.401
   1.23681     -7.621823  0.400  0.001  0.002  0.000  0.000  0.000  0.000  0.000  0.000  0.404
   1.26503     -7.656838  0.403  0.001  0.002  0.000  0.000  0.000  0.000  0.000  0.000  0.407
   1.29326     -7.696751  0.406  0.002  0.001  0.000  0.000  0.000  0.000  0.000  0.000  0.410
   1.32148     -7.741749  0.409  0.002  0.001  0.000  0.000  0.000  0.000  0.000  0.000  0.413
   1.34970     -7.791888  0.413  0.002  0.001  0.000  0.000  0.000  0.000  0.000  0.000  0.416
   1.37792     -7.847080  0.416  0.003  0.000  0.000  0.000  0.000  0.000  0.000  0.000  0.419
   1.40614     -7.907051  0.419  0.003  0.000  0.000  0.000  0.000  0.000  0.000  0.000  0.423
   1.43436     -7.971330  0.423  0.003  0.000  0.000  0.000  0.000  0.000  0.000  0.000  0.427
   1.46258     -8.039232  0.426  0.004  0.000  0.000  0.000  0.000  0.000  0.000  0.000  0.431
   1.49080     -8.109839  0.430  0.004  0.000  0.000  0.000  0.000  0.000  0.000  0.000  0.435
   1.51902     -8.182010  0.435  0.005  0.000  0.000  0.000  0.000  0.000  0.000  0.000  0.440
   1.54724     -8.254368  0.439  0.005  0.000  0.000  0.000  0.000  0.000  0.000  0.000  0.445
   1.57546     -8.325304  0.445  0.005  0.001  0.000  0.000  0.000  0.000  0.000  0.000  0.451
   1.60369     -8.392993  0.450  0.005  0.001  0.000  0.000  0.000  0.000  0.000  0.000  0.457
   1.63191     -8.455422  0.456  0.005  0.001  0.000  0.000  0.000  0.000  0.000  0.000  0.463
   1.66013     -8.510427  0.462  0.005  0.001  0.000  0.000  0.000  0.000  0.000  0.000  0.469
   1.68835     -8.555809  0.468  0.005  0.002  0.000  0.000  0.000  0.000  0.000  0.000  0.475
   1.71657     -8.589494  0.473  0.005  0.002  0.000  0.000  0.000  0.000  0.000  0.000  0.480
   1.74479     -8.609722  0.476  0.005  0.002  0.000  0.000  0.000  0.000  0.000  0.000  0.483
   1.77301     -8.615317  0.478  0.005  0.002  0.000  0.000  0.000  0.000  0.000  0.000  0.485
   1.77301     -8.615317  0.478  0.005  0.002  0.000  0.000  0.000  0.000  0.000  0.000  0.485
   1.78996     -8.617321  0.477  0.005  0.002  0.000  0.000  0.000  0.000  0.000  0.000  0.485
   1.80690     -8.619809  0.477  0.005  0.002  0.000  0.000  0.000  0.000  0.000  0.000  0.485
   1.82385     -8.622783  0.478  0.005  0.002  0.000  0.000  0.000  0.000  0.000  0.000  0.485
   1.84079     -8.626252  0.478  0.005  0.002  0.000  0.000  0.000  0.000  0.000  0.000  0.486
   1.85774     -8.630228  0.479  0.005  0.002  0.000  0.000  0.000  0.000  0.000  0.000  0.486
   1.87468     -8.634722  0.480  0.005  0.002  0.000  0.000  0.000  0.000  0.000  0.000  0.487
   1.89163     -8.639751  0.482  0.005  0.002  0.000  0.000  0.000  0.000  0.000  0.000  0.489
   1.90857     -8.645332  0.483  0.004  0.002  0.000  0.000  0.000  0.000  0.000  0.000  0.490
   1.92552     -8.651479  0.485  0.004  0.002  0.000  0.000  0.000  0.000  0.000  0.000  0.492
   1.94246     -8.658206  0.487  0.004  0.002  0.000  0.000  0.000  0.000  0.000  0.000  0.494
   1.95941     -8.665525  0.490  0.004  0.002  0.000  0.000  0.000  0.000  0.000  0.000  0.496
   1.97635     -8.673440  0.493  0.004  0.002  0.000  0.000  0.000  0.000  0.000  0.000  0.499
   1.99330     -8.681948  0.496  0.003  0.002  0.000  0.000  0.000  0.000  0.000  0.000  0.502
   2.01024     -8.691040  0.499  0.003  0.002  0.000  0.000  0.000  0.000  0.000  0.000  0.505
   2.02719     -8.700689  0.502  0.003  0.003  0.000  0.000  0.000  0.000  0.000  0.000  0.508
   2.04413     -8.710859  0.506  0.003  0.003  0.000  0.000  0.000  0.000  0.000  0.000  0.512
   2.06108     -8.721493  0.510  0.002  0.003  0.000  0.000  0.000  0.000  0.000  0.000  0.515
   2.07802     -8.732514  0.514  0.002  0.003  0.000  0.000  0.000  0.000  0.000  0.000  0.519
   2.09497     -8.743823  0.518  0.002  0.003  0.000  0.000  0.000  0.000  0.000  0.000  0.524
   2.11191     -8.755294  0.523  0.001  0.003  0.000  0.000  0.000  0.000  0.000  0.000  0.528
   2.12886     -8.766771  0.527  0.001  0.003  0.000  0.000  0.000  0.000  0.000  0.000  0.532
   2.14580     -8.778068  0.532  0.001  0.003  0.000  0.000  0.000  0.000  0.000  0.000  0.537
   2.16275     -8.788966  0.536  0.001  0.004  0.000  0.000  0.000  0.000  0.000  0.000  0.541
   2.17969     -8.799217  0.541  0.001  0.004  0.000  0.000  0.000  0.000  0.000  0.000  0.545
   2.19664     -8.808534  0.545  0.000  0.004  0.000  0.000  0.000  0.000  0.000  0.000  0.549
   2.21358     -8.816608  0.548  0.000  0.004  0.000  0.000  0.000  0.000  0.000  0.000  0.553
   2.23053     -8.823108  0.551  0.000  0.004  0.000  0.000  0.000  0.000  0.000  0.000  0.556
   2.24747     -8.827691  0.554  0.000  0.004  0.000  0.000  0.000  0.000  0.000  0.000  0.558
   2.26442     -8.830014  0.555  0.000  0.004  0.000  0.000  0.000  0.000  0.000  0.000  0.560
   2.26442     -8.830014  0.555  0.000  0.004  0.000  0.000  0.000  0.000  0.000  0.000  0.560
   2.29734     -8.823139  0.552  0.000  0.004  0.000  0.000  0.000  0.000  0.000  0.000  0.557
   2.33025     -8.803883  0.546  0.000  0.004  0.000  0.000  0.000  0.000  0.000  0.000  0.550
   2.36317     -8.771737  0.535  0.000  0.004  0.000  0.000  0.000  0.000  0.000  0.000  0.540
   2.39609     -8.727104  0.523  0.001  0.003  0.001  0.000  0.000  0.000  0.000  0.000  0.528
   2.42901     -8.671146  0.510  0.001  0.003  0.001  0.000  0.000  0.000  0.000  0.000  0.515
   2.46192     -8.605527  0.497  0.001  0.002  0.001  0.000  0.000  0.000  0.000  0.000  0.502
   2.49484     -8.532169  0.484  0.002  0.002  0.001  0.000  0.000  0.000  0.000  0.000  0.489
   2.52776     -8.453078  0.473  0.002  0.001  0.001  0.000  0.000  0.000  0.000  0.000  0.478
   2.56068     -8.370227  0.463  0.002  0.001  0.001  0.000  0.000  0.000  0.000  0.000  0.468
   2.59359     -8.285497  0.454  0.002  0.001  0.001  0.000  0.000  0.000  0.000  0.000  0.459
   2.62651     -8.200637  0.446  0.002  0.000  0.001  0.000  0.000  0.000  0.000  0.000  0.450
   2.65943     -8.117236  0.439  0.002  0.000  0.001  0.000  0.000  0.000  0.000  0.000  0.443
   2.69234     -8.036699  0.433  0.002  0.000  0.001  0.000  0.000  0.000  0.000  0.000  0.437
   2.72526     -7.960226  0.428  0.002  0.000  0.001  0.000  0.000  0.000  0.000  0.000  0.431
   2.75818     -7.888788  0.423  0.002  0.000  0.001  0.000  0.000  0.000  0.000  0.000  0.426
   2.79110     -7.823116  0.418  0.002  0.000  0.001  0.000  0.000  0.000  0.000  0.000  0.422
   2.82401     -7.763687  0.414  0.001  0.001  0.000  0.000  0.000  0.000  0.000  0.000  0.417
   2.85693     -7.710732  0.410  0.001  0.001  0.000  0.000  0.000  0.000  0.000  0.000  0.413
   2.88985     -7.664249  0.406  0.001  0.001  0.000  0.000  0.000  0.000  0.000  0.000  0.409
   2.92277     -7.624043  0.402  0.001  0.002  0.000  0.000  0.000  0.000  0.000  0.000  0.406
   2.95568     -7.589758  0.399  0.001  0.002  0.000  0.000  0.000  0.000  0.000  0.000  0.402
   2.98860     -7.560933  0.396  0.000  0.003  0.000  0.000  0.000  0.000  0.000  0.000  0.399
   3.02152     -7.537043  0.393  0.000  0.003  0.000  0.000  0.000  0.000  0.000  0.000  0.397
   3.05444     -7.517552  0.391  0.000  0.004  0.000  0.000  0.000  0.000  0.000  0.000  0.395
   3.08735     -7.501942  0.389  0.000  0.004  0.000  0.000  0.000  0.000  0.000  0.000  0.393
   3.12027     -7.489755  0.387  0.000  0.005  0.000  0.000  0.000  0.000  0.000  0.000  0.392
   3.15319     -7.480614  0.386  0.000  0.005  0.000  0.000  0.000  0.000  0.000  0.000  0.391
   3.18611     -7.474242  0.386  0.000  0.005  0.000  0.000  0.000  0.000  0.000  0.000  0.391
   3.21902     -7.470475  0.386  0.000  0.005  0.000  0.000  0.000  0.000  0.000  0.000  0.392
 
# Band-Index:   14
   3.21902     -7.470474  0.386  0.000  0.005  0.000  0.000  0.000  0.000  0.000  0.000  0.392
   3.18611     -7.469266  0.387  0.000  0.005  0.000  0.000  0.000  0.000  0.000  0.000  0.393
   3.15319     -7.470693  0.389  0.000  0.005  0.000  0.000  0.000  0.000  0.000  0.000  0.394
   3.12027     -7.474959  0.391  0.000  0.005  0.000  0.000  0.000  0.000  0.000  0.000  0.396
   3.08735     -7.482381  0.394  0.000  0.005  0.000  0.000  0.000  0.000  0.000  0.000  0.399
   3.05444     -7.493388  0.397  0.000  0.004  0.000  0.000  0.000  0.000  0.000  0.000  0.402
   3.02152     -7.508501  0.401  0.000  0.004  0.000  0.000  0.000  0.000  0.000  0.000  0.405
   2.98860     -7.528306  0.405  0.000  0.003  0.000  0.000  0.000  0.000  0.000  0.000  0.409
   2.95568     -7.553415  0.409  0.001  0.003  0.000  0.000  0.000  0.000  0.000  0.000  0.413
   2.92277     -7.584428  0.414  0.001  0.002  0.000  0.000  0.000  0.000  0.000  0.000  0.417
   2.88985     -7.621867  0.418  0.001  0.002  0.000  0.000  0.000  0.000  0.000  0.000  0.422
   2.85693     -7.666127  0.423  0.001  0.001  0.000  0.000  0.000  0.000  0.000  0.000  0.427
   2.82401     -7.717405  0.428  0.001  0.001  0.001  0.000  0.000  0.000  0.000  0.000  0.431
   2.79110     -7.775656  0.433  0.002  0.001  0.001  0.000  0.000  0.000  0.000  0.000  0.436
   2.75818     -7.840554  0.438  0.002  0.000  0.001  0.000  0.000  0.000  0.000  0.000  0.441
   2.72526     -7.911476  0.443  0.002  0.000  0.001  0.000  0.000  0.000  0.000  0.000  0.447
   2.69234     -7.987509  0.449  0.002  0.000  0.001  0.000  0.000  0.000  0.000  0.000  0.453
   2.65943     -8.067486  0.455  0.002  0.000  0.001  0.000  0.000  0.000  0.000  0.000  0.459
   2.62651     -8.150027  0.462  0.002  0.000  0.001  0.000  0.000  0.000  0.000  0.000  0.466
   2.59359     -8.233581  0.470  0.002  0.000  0.001  0.000  0.000  0.000  0.000  0.000  0.474
   2.56068     -8.316474  0.479  0.002  0.001  0.001  0.000  0.000  0.000  0.000  0.000  0.483
   2.52776     -8.396934  0.489  0.002  0.001  0.001  0.000  0.000  0.000  0.000  0.000  0.494
   2.49484     -8.473124  0.501  0.002  0.001  0.001  0.000  0.000  0.000  0.000  0.000  0.505
   2.46192     -8.543172  0.513  0.001  0.002  0.001  0.000  0.000  0.000  0.000  0.000  0.518
   2.42901     -8.605234  0.527  0.001  0.002  0.001  0.000  0.000  0.000  0.000  0.000  0.531
   2.39609     -8.657607  0.540  0.001  0.003  0.001  0.000  0.000  0.000  0.000  0.000  0.544
   2.36317     -8.698908  0.552  0.000  0.003  0.000  0.000  0.000  0.000  0.000  0.000  0.556
   2.33025     -8.728284  0.561  0.000  0.003  0.000  0.000  0.000  0.000  0.000  0.000  0.565
   2.29734     -8.745627  0.568  0.000  0.004  0.000  0.000  0.000  0.000  0.000  0.000  0.572
   2.26442     -8.751667  0.571  0.000  0.004  0.000  0.000  0.000  0.000  0.000  0.000  0.575
   2.26442     -8.751667  0.571  0.000  0.004  0.000  0.000  0.000  0.000  0.000  0.000  0.575
   2.24747     -8.749753  0.569  0.000  0.004  0.000  0.000  0.000  0.000  0.000  0.000  0.573
   2.23053     -8.745889  0.567  0.000  0.004  0.000  0.000  0.000  0.000  0.000  0.000  0.571
   2.21358     -8.740403  0.564  0.000  0.004  0.000  0.000  0.000  0.000  0.000  0.000  0.568
   2.19664     -8.733620  0.560  0.000  0.003  0.000  0.000  0.000  0.000  0.000  0.000  0.564
   2.17969     -8.725849  0.556  0.001  0.003  0.000  0.000  0.000  0.000  0.000  0.000  0.560
   2.16275     -8.717382  0.552  0.001  0.003  0.000  0.000  0.000  0.000  0.000  0.000  0.556
   2.14580     -8.708483  0.547  0.001  0.003  0.000  0.000  0.000  0.000  0.000  0.000  0.552
   2.12886     -8.699381  0.543  0.001  0.003  0.000  0.000  0.000  0.000  0.000  0.000  0.547
   2.11191     -8.690277  0.538  0.002  0.003  0.000  0.000  0.000  0.000  0.000  0.000  0.542
   2.09497     -8.681341  0.533  0.002  0.003  0.000  0.000  0.000  0.000  0.000  0.000  0.538
   2.07802     -8.672710  0.528  0.002  0.003  0.000  0.000  0.000  0.000  0.000  0.000  0.533
   2.06108     -8.664495  0.524  0.002  0.003  0.000  0.000  0.000  0.000  0.000  0.000  0.529
   2.04413     -8.656783  0.519  0.003  0.002  0.000  0.000  0.000  0.000  0.000  0.000  0.524
   2.02719     -8.649636  0.515  0.003  0.002  0.000  0.000  0.000  0.000  0.000  0.000  0.520
   2.01024     -8.643096  0.511  0.003  0.002  0.000  0.000  0.000  0.000  0.000  0.000  0.516
   1.99330     -8.637192  0.507  0.003  0.002  0.000  0.000  0.000  0.000  0.000  0.000  0.512
   1.97635     -8.631936  0.503  0.004  0.002  0.000  0.000  0.000  0.000  0.000  0.000  0.509
   1.95941     -8.627330  0.499  0.004  0.002  0.000  0.000  0.000  0.000  0.000  0.000  0.506
   1.94246     -8.623368  0.496  0.004  0.002  0.000  0.000  0.000  0.000  0.000  0.000  0.502
   1.92552     -8.620037  0.493  0.004  0.002  0.000  0.000  0.000  0.000  0.000  0.000  0.500
   1.90857     -8.617318  0.490  0.005  0.002  0.000  0.000  0.000  0.000  0.000  0.000  0.497
   1.89163     -8.615192  0.488  0.005  0.002  0.000  0.000  0.000  0.000  0.000  0.000  0.495
   1.87468     -8.613638  0.485  0.005  0.002  0.000  0.000  0.000  0.000  0.000  0.000  0.492
   1.85774     -8.612635  0.483  0.005  0.002  0.000  0.000  0.000  0.000  0.000  0.000  0.491
   1.84079     -8.612165  0.482  0.005  0.002  0.000  0.000  0.000  0.000  0.000  0.000  0.489
   1.82385     -8.612210  0.480  0.005  0.002  0.000  0.000  0.000  0.000  0.000  0.000  0.488
   1.80690     -8.612756  0.479  0.005  0.002  0.000  0.000  0.000  0.000  0.000  0.000  0.487
   1.78996     -8.613794  0.478  0.005  0.002  0.000  0.000  0.000  0.000  0.000  0.000  0.486
   1.77301     -8.615317  0.478  0.005  0.002  0.000  0.000  0.000  0.000  0.000  0.000  0.485
   1.77301     -8.615317  0.478  0.005  0.002  0.000  0.000  0.000  0.000  0.000  0.000  0.485
   1.74479     -8.605860  0.478  0.005  0.002  0.000  0.000  0.000  0.000  0.000  0.000  0.485
   1.71657     -8.581766  0.476  0.005  0.002  0.000  0.000  0.000  0.000  0.000  0.000  0.483
   1.68835     -8.544212  0.472  0.005  0.001  0.000  0.000  0.000  0.000  0.000  0.000  0.480
   1.66013     -8.494962  0.468  0.005  0.001  0.000  0.000  0.000  0.000  0.000  0.000  0.475
   1.63191     -8.436105  0.464  0.005  0.001  0.000  0.000  0.000  0.000  0.000  0.000  0.470
   1.60369     -8.369872  0.459  0.005  0.001  0.000  0.000  0.000  0.000  0.000  0.000  0.465
   1.57546     -8.298470  0.455  0.005  0.000  0.000  0.000  0.000  0.000  0.000  0.000  0.461
   1.54724     -8.223977  0.450  0.005  0.000  0.000  0.000  0.000  0.000  0.000  0.000  0.456
   1.51902     -8.148294  0.446  0.005  0.000  0.000  0.000  0.000  0.000  0.000  0.000  0.452
   1.49080     -8.073117  0.443  0.004  0.000  0.000  0.000  0.000  0.000  0.000  0.000  0.448
   1.46258     -7.999916  0.440  0.004  0.000  0.000  0.000  0.000  0.000  0.000  0.000  0.444
   1.43436     -7.929919  0.436  0.004  0.000  0.000  0.000  0.000  0.000  0.000  0.000  0.441
   1.40614     -7.864121  0.433  0.003  0.000  0.000  0.000  0.000  0.000  0.000  0.000  0.437
   1.37792     -7.803264  0.430  0.003  0.001  0.000  0.000  0.000  0.000  0.000  0.000  0.433
   1.34970     -7.747854  0.426  0.002  0.001  0.000  0.000  0.000  0.000  0.000  0.000  0.430
   1.32148     -7.698167  0.423  0.002  0.001  0.000  0.000  0.000  0.000  0.000  0.000  0.426
   1.29326     -7.654276  0.419  0.002  0.002  0.000  0.000  0.000  0.000  0.000  0.000  0.422
   1.26503     -7.616078  0.415  0.001  0.002  0.000  0.000  0.000  0.000  0.000  0.000  0.419
   1.23681     -7.583329  0.411  0.001  0.003  0.000  0.000  0.000  0.000  0.000  0.000  0.415
   1.20859     -7.555685  0.408  0.001  0.003  0.000  0.000  0.000  0.000  0.000  0.000  0.412
   1.18037     -7.532736  0.404  0.001  0.003  0.000  0.000  0.000  0.000  0.000  0.000  0.408
   1.15215     -7.514048  0.401  0.000  0.004  0.000  0.000  0.000  0.000  0.000  0.000  0.405
   1.12393     -7.499182  0.397  0.000  0.004  0.000  0.000  0.000  0.000  0.000  0.000  0.402
   1.09571     -7.487726  0.395  0.000  0.004  0.000  0.000  0.000  0.000  0.000  0.000  0.399
   1.06749     -7.479303  0.392  0.000  0.005  0.000  0.000  0.000  0.000  0.000  0.000  0.397
   1.03927     -7.473591  0.390  0.000  0.005  0.000  0.000  0.000  0.000  0.000  0.000  0.395
   1.01105     -7.470331  0.388  0.000  0.005  0.000  0.000  0.000  0.000  0.000  0.000  0.394
   0.98283     -7.469332  0.387  0.000  0.005  0.000  0.000  0.000  0.000  0.000  0.000  0.392
   0.95460     -7.470474  0.386  0.000  0.005  0.000  0.000  0.000  0.000  0.000  0.000  0.392
   0.95460     -7.470474  0.386  0.000  0.005  0.000  0.000  0.000  0.000  0.000  0.000  0.392
   0.92169     -7.469266  0.387  0.000  0.005  0.000  0.000  0.000  0.000  0.000  0.000  0.393
   0.88877     -7.470693  0.389  0.000  0.005  0.000  0.000  0.000  0.000  0.000  0.000  0.394
   0.85585     -7.474959  0.391  0.000  0.005  0.000  0.000  0.000  0.000  0.000  0.000  0.396
   0.82294     -7.482381  0.394  0.000  0.005  0.000  0.000  0.000  0.000  0.000  0.000  0.399
   0.79002     -7.493388  0.397  0.000  0.004  0.000  0.000  0.000  0.000  0.000  0.000  0.402
   0.75710     -7.508501  0.401  0.000  0.004  0.000  0.000  0.000  0.000  0.000  0.000  0.405
   0.72418     -7.528306  0.405  0.000  0.003  0.000  0.000  0.000  0.000  0.000  0.000  0.409
   0.69127     -7.553415  0.409  0.001  0.003  0.000  0.000  0.000  0.000  0.000  0.000  0.413
   0.65835     -7.584428  0.414  0.001  0.002  0.000  0.000  0.000  0.000  0.000  0.000  0.417
   0.62543     -7.621867  0.418  0.001  0.002  0.000  0.000  0.000  0.000  0.000  0.000  0.422
   0.59251     -7.666127  0.423  0.001  0.001  0.000  0.000  0.000  0.000  0.000  0.000  0.427
   0.55960     -7.717405  0.428  0.001  0.001  0.001  0.000  0.000  0.000  0.000  0.000  0.431
   0.52668     -7.775656  0.433  0.002  0.001  0.001  0.000  0.000  0.000  0.000  0.000  0.436
   0.49376     -7.840554  0.438  0.002  0.000  0.001  0.000  0.000  0.000  0.000  0.000  0.441
   0.46084     -7.911476  0.443  0.002  0.000  0.001  0.000  0.000  0.000  0.000  0.000  0.447
   0.42793     -7.987509  0.449  0.002  0.000  0.001  0.000  0.000  0.000  0.000  0.000  0.453
   0.39501     -8.067486  0.455  0.002  0.000  0.001  0.000  0.000  0.000  0.000  0.000  0.459
   0.36209     -8.150027  0.462  0.002  0.000  0.001  0.000  0.000  0.000  0.000  0.000  0.466
   0.32917     -8.233581  0.470  0.002  0.000  0.001  0.000  0.000  0.000  0.000  0.000  0.474
   0.29626     -8.316474  0.479  0.002  0.001  0.001  0.000  0.000  0.000  0.000  0.000  0.483
   0.26334     -8.396934  0.489  0.002  0.001  0.001  0.000  0.000  0.000  0.000  0.000  0.494
   0.23042     -8.473124  0.501  0.002  0.001  0.001  0.000  0.000  0.000  0.000  0.000  0.505
   0.19750     -8.543172  0.513  0.001  0.002  0.001  0.000  0.000  0.000  0.000  0.000  0.518
   0.16459     -8.605234  0.527  0.001  0.002  0.001  0.000  0.000  0.000  0.000  0.000  0.531
   0.13167     -8.657607  0.540  0.001  0.003  0.001  0.000  0.000  0.000  0.000  0.000  0.544
   0.09875     -8.698908  0.552  0.000  0.003  0.000  0.000  0.000  0.000  0.000  0.000  0.556
   0.06583     -8.728284  0.561  0.000  0.003  0.000  0.000  0.000  0.000  0.000  0.000  0.565
   0.03292     -8.745627  0.568  0.000  0.004  0.000  0.000  0.000  0.000  0.000  0.000  0.572
   0.00000     -8.751667  0.571  0.000  0.004  0.000  0.000  0.000  0.000  0.000  0.000  0.575
 
# Band-Index:   15
   0.00000     -3.938055  0.000  0.058  0.000  0.064  0.000  0.001  0.000  0.002  0.000  0.126
   0.03292     -3.926404  0.000  0.058  0.000  0.064  0.000  0.001  0.000  0.002  0.000  0.126
   0.06583     -3.901358  0.001  0.058  0.000  0.064  0.000  0.001  0.000  0.002  0.000  0.126
   0.09875     -3.863378  0.002  0.057  0.000  0.064  0.000  0.001  0.000  0.002  0.000  0.127
   0.13167     -3.813358  0.004  0.056  0.001  0.064  0.000  0.001  0.000  0.002  0.000  0.128
   0.16459     -3.752689  0.005  0.055  0.001  0.064  0.000  0.001  0.000  0.002  0.000  0.129
   0.19750     -3.683461  0.006  0.053  0.002  0.064  0.000  0.001  0.000  0.002  0.000  0.129
   0.23042     -3.608880  0.008  0.051  0.004  0.063  0.000  0.001  0.000  0.002  0.001  0.129
   0.26334     -3.533931  0.008  0.049  0.006  0.060  0.000  0.001  0.000  0.002  0.001  0.128
   0.29626     -3.465721  0.009  0.047  0.011  0.056  0.000  0.001  0.000  0.001  0.001  0.125
   0.32917     -3.411141  0.008  0.047  0.016  0.049  0.000  0.001  0.000  0.001  0.001  0.123
   0.36209     -3.370916  0.006  0.049  0.022  0.042  0.000  0.001  0.001  0.001  0.001  0.122
   0.39501     -3.337991  0.004  0.053  0.026  0.036  0.000  0.001  0.001  0.001  0.001  0.122
   0.42793     -3.303442  0.002  0.056  0.027  0.033  0.000  0.001  0.001  0.001  0.001  0.122
   0.46084     -3.260687  0.001  0.060  0.027  0.030  0.000  0.001  0.001  0.001  0.001  0.122
   0.49376     -3.205736  0.000  0.063  0.026  0.029  0.000  0.001  0.001  0.001  0.001  0.122
   0.52668     -3.136415  0.000  0.066  0.025  0.028  0.000  0.001  0.001  0.001  0.001  0.123
   0.55960     -3.051796  0.001  0.069  0.022  0.027  0.001  0.001  0.001  0.001  0.001  0.124
   0.59251     -2.951907  0.002  0.072  0.020  0.027  0.001  0.001  0.001  0.001  0.001  0.125
   0.62543     -2.837606  0.003  0.075  0.016  0.027  0.001  0.001  0.001  0.001  0.002  0.126
   0.65835     -2.710566  0.006  0.077  0.013  0.027  0.001  0.001  0.001  0.001  0.002  0.128
   0.69127     -2.573335  0.008  0.080  0.009  0.028  0.001  0.001  0.001  0.001  0.002  0.130
   0.72418     -2.429466  0.010  0.081  0.005  0.028  0.001  0.001  0.001  0.001  0.002  0.131
   0.75710     -2.283693  0.013  0.083  0.002  0.030  0.001  0.001  0.001  0.001  0.002  0.133
   0.79002     -2.142040  0.014  0.082  0.001  0.031  0.001  0.002  0.001  0.001  0.002  0.135
   0.82294     -2.011557  0.015  0.080  0.003  0.034  0.001  0.002  0.001  0.001  0.002  0.138
   0.85585     -1.899291  0.015  0.077  0.010  0.036  0.001  0.001  0.001  0.001  0.002  0.143
   0.88877     -1.810512  0.014  0.071  0.021  0.038  0.001  0.001  0.001  0.001  0.002  0.150
   0.92169     -1.747299  0.013  0.066  0.035  0.040  0.001  0.001  0.001  0.001  0.001  0.159
   0.95460     -1.708804  0.011  0.061  0.050  0.041  0.001  0.001  0.000  0.001  0.001  0.168
   0.95460     -1.708804  0.011  0.061  0.050  0.041  0.001  0.001  0.000  0.001  0.001  0.168
   0.98283     -1.742893  0.013  0.067  0.037  0.039  0.001  0.001  0.000  0.001  0.001  0.160
   1.01105     -1.796473  0.014  0.073  0.023  0.036  0.001  0.001  0.001  0.001  0.002  0.152
   1.03927     -1.870436  0.015  0.081  0.012  0.032  0.001  0.002  0.001  0.001  0.002  0.145
   1.06749     -1.964113  0.015  0.087  0.005  0.027  0.001  0.002  0.001  0.001  0.002  0.140
   1.09571     -2.074857  0.015  0.093  0.001  0.022  0.001  0.002  0.001  0.001  0.002  0.137
   1.12393     -2.198496  0.013  0.096  0.001  0.018  0.000  0.002  0.001  0.000  0.002  0.135
   1.15215     -2.330278  0.012  0.098  0.002  0.015  0.000  0.002  0.001  0.000  0.002  0.133
   1.18037     -2.465667  0.010  0.099  0.005  0.012  0.000  0.002  0.001  0.000  0.002  0.132
   1.20859     -2.600742  0.007  0.099  0.008  0.010  0.000  0.002  0.001  0.000  0.002  0.131
   1.23681     -2.732286  0.005  0.099  0.012  0.008  0.000  0.001  0.001  0.000  0.002  0.130
   1.26503     -2.857715  0.003  0.098  0.015  0.007  0.000  0.001  0.001  0.000  0.002  0.129
   1.29326     -2.974979  0.002  0.097  0.018  0.006  0.000  0.001  0.001  0.000  0.002  0.128
   1.32148     -3.082478  0.001  0.096  0.021  0.005  0.000  0.001  0.001  0.000  0.002  0.127
   1.34970     -3.179008  0.000  0.095  0.023  0.005  0.000  0.001  0.001  0.000  0.002  0.127
   1.37792     -3.263722  0.000  0.093  0.026  0.004  0.000  0.001  0.001  0.000  0.001  0.127
   1.40614     -3.336107  0.001  0.092  0.027  0.004  0.000  0.001  0.001  0.000  0.001  0.128
   1.43436     -3.395961  0.002  0.091  0.029  0.004  0.000  0.001  0.001  0.000  0.001  0.129
   1.46258     -3.443370  0.004  0.090  0.031  0.004  0.000  0.001  0.001  0.000  0.001  0.131
   1.49080     -3.478678  0.007  0.089  0.032  0.003  0.000  0.001  0.001  0.000  0.001  0.133
   1.51902     -3.502467  0.009  0.088  0.033  0.003  0.000  0.001  0.001  0.000  0.001  0.136
   1.54724     -3.515516  0.013  0.087  0.034  0.003  0.000  0.001  0.001  0.000  0.001  0.139
   1.57546     -3.518782  0.016  0.087  0.035  0.003  0.000  0.001  0.001  0.000  0.001  0.143
   1.60369     -3.513366  0.019  0.087  0.035  0.003  0.000  0.000  0.000  0.000  0.000  0.146
   1.63191     -3.500501  0.023  0.087  0.036  0.003  0.000  0.000  0.000  0.000  0.000  0.150
   1.66013     -3.481532  0.026  0.087  0.037  0.003  0.000  0.000  0.000  0.000  0.000  0.154
   1.68835     -3.457900  0.029  0.088  0.038  0.003  0.000  0.000  0.000  0.000  0.000  0.159
   1.71657     -3.431120  0.032  0.089  0.039  0.002  0.000  0.000  0.000  0.000  0.000  0.163
   1.74479     -3.402734  0.034  0.091  0.040  0.002  0.000  0.000  0.000  0.000  0.000  0.168
   1.77301     -3.374222  0.036  0.092  0.041  0.002  0.000  0.000  0.000  0.000  0.000  0.172
   1.77301     -3.374222  0.036  0.092  0.041  0.002  0.000  0.000  0.000  0.000  0.000  0.172
   1.78996     -3.384650  0.035  0.092  0.040  0.002  0.000  0.000  0.000  0.000  0.000  0.170
   1.80690     -3.395057  0.035  0.092  0.038  0.003  0.000  0.000  0.000  0.000  0.000  0.169
   1.82385     -3.405598  0.034  0.091  0.037  0.004  0.000  0.000  0.000  0.000  0.000  0.167
   1.84079     -3.416451  0.033  0.091  0.035  0.005  0.000  0.000  0.000  0.000  0.000  0.166
   1.85774     -3.427822  0.033  0.090  0.033  0.007  0.000  0.000  0.000  0.000  0.000  0.164
   1.87468     -3.439935  0.032  0.090  0.031  0.009  0.000  0.000  0.000  0.001  0.000  0.162
   1.89163     -3.453031  0.031  0.089  0.029  0.011  0.000  0.000  0.000  0.001  0.000  0.160
   1.90857     -3.467359  0.030  0.088  0.026  0.013  0.000  0.001  0.000  0.001  0.000  0.158
   1.92552     -3.483160  0.028  0.087  0.024  0.015  0.000  0.001  0.000  0.001  0.000  0.156
   1.94246     -3.500651  0.027  0.085  0.021  0.018  0.000  0.001  0.000  0.001  0.000  0.154
   1.95941     -3.520010  0.026  0.084  0.019  0.021  0.000  0.001  0.000  0.001  0.000  0.151
   1.97635     -3.541345  0.024  0.082  0.016  0.025  0.000  0.001  0.000  0.001  0.000  0.149
   1.99330     -3.564683  0.022  0.080  0.014  0.029  0.000  0.001  0.000  0.001  0.000  0.147
   2.01024     -3.589947  0.020  0.078  0.012  0.032  0.000  0.001  0.000  0.001  0.000  0.145
   2.02719     -3.616952  0.018  0.076  0.010  0.036  0.000  0.001  0.000  0.001  0.000  0.142
   2.04413     -3.645405  0.016  0.073  0.008  0.040  0.000  0.001  0.000  0.002  0.000  0.140
   2.06108     -3.674917  0.014  0.071  0.006  0.044  0.000  0.001  0.000  0.002  0.000  0.138
   2.07802     -3.705028  0.012  0.069  0.005  0.047  0.000  0.001  0.000  0.002  0.000  0.136
   2.09497     -3.735228  0.010  0.067  0.004  0.050  0.000  0.001  0.000  0.002  0.000  0.134
   2.11191     -3.764985  0.008  0.065  0.003  0.053  0.000  0.001  0.000  0.002  0.000  0.133
   2.12886     -3.793770  0.007  0.064  0.002  0.056  0.000  0.001  0.000  0.002  0.000  0.131
   2.14580     -3.821078  0.005  0.062  0.001  0.058  0.000  0.001  0.000  0.002  0.000  0.130
   2.16275     -3.846441  0.004  0.061  0.001  0.060  0.000  0.001  0.000  0.002  0.000  0.129
   2.17969     -3.869440  0.003  0.060  0.001  0.061  0.000  0.001  0.000  0.002  0.000  0.128
   2.19664     -3.889708  0.002  0.059  0.000  0.062  0.000  0.001  0.000  0.002  0.000  0.127
   2.21358     -3.906933  0.001  0.059  0.000  0.063  0.000  0.001  0.000  0.002  0.000  0.126
   2.23053     -3.920860  0.001  0.058  0.000  0.064  0.000  0.001  0.000  0.002  0.000  0.126
   2.24747     -3.931285  0.000  0.058  0.000  0.064  0.000  0.001  0.000  0.002  0.000  0.126
   2.26442     -3.938055  0.000  0.058  0.000  0.064  0.000  0.001  0.000  0.002  0.000  0.126
   2.26442     -3.938055  0.000  0.058  0.000  0.064  0.000  0.001  0.000  0.002  0.000  0.126
   2.29734     -3.926404  0.000  0.058  0.000  0.064  0.000  0.001  0.000  0.002  0.000  0.126
   2.33025     -3.901358  0.001  0.058  0.000  0.064  0.000  0.001  0.000  0.002  0.000  0.126
   2.36317     -3.863378  0.002  0.057  0.000  0.064  0.000  0.001  0.000  0.002  0.000  0.127
   2.39609     -3.813358  0.004  0.056  0.001  0.064  0.000  0.001  0.000  0.002  0.000  0.128
   2.42901     -3.752689  0.005  0.055  0.001  0.064  0.000  0.001  0.000  0.002  0.000  0.129
   2.46192     -3.683461  0.006  0.053  0.002  0.064  0.000  0.001  0.000  0.002  0.000  0.129
   2.49484     -3.608880  0.008  0.051  0.004  0.063  0.000  0.001  0.000  0.002  0.001  0.129
   2.52776     -3.533931  0.008  0.049  0.006  0.060  0.000  0.001  0.000  0.002  0.001  0.128
   2.56068     -3.465721  0.009  0.047  0.011  0.056  0.000  0.001  0.000  0.001  0.001  0.125
   2.59359     -3.411141  0.008  0.047  0.016  0.049  0.000  0.001  0.000  0.001  0.001  0.123
   2.62651     -3.370916  0.006  0.049  0.022  0.042  0.000  0.001  0.001  0.001  0.001  0.122
   2.65943     -3.337991  0.004  0.053  0.026  0.036  0.000  0.001  0.001  0.001  0.001  0.122
   2.69234     -3.303442  0.002  0.056  0.027  0.033  0.000  0.001  0.001  0.001  0.001  0.122
   2.72526     -3.260687  0.001  0.060  0.027  0.030  0.000  0.001  0.001  0.001  0.001  0.122
   2.75818     -3.205736  0.000  0.063  0.026  0.029  0.000  0.001  0.001  0.001  0.001  0.122
   2.79110     -3.136415  0.000  0.066  0.025  0.028  0.000  0.001  0.001  0.001  0.001  0.123
   2.82401     -3.051796  0.001  0.069  0.022  0.027  0.001  0.001  0.001  0.001  0.001  0.124
   2.85693     -2.951907  0.002  0.072  0.020  0.027  0.001  0.001  0.001  0.001  0.001  0.125
   2.88985     -2.837606  0.003  0.075  0.016  0.027  0.001  0.001  0.001  0.001  0.002  0.126
   2.92277     -2.710566  0.006  0.077  0.013  0.027  0.001  0.001  0.001  0.001  0.002  0.128
   2.95568     -2.573335  0.008  0.080  0.009  0.028  0.001  0.001  0.001  0.001  0.002  0.130
   2.98860     -2.429466  0.010  0.081  0.005  0.028  0.001  0.001  0.001  0.001  0.002  0.131
   3.02152     -2.283693  0.013  0.083  0.002  0.030  0.001  0.001  0.001  0.001  0.002  0.133
   3.05444     -2.142040  0.014  0.082  0.001  0.031  0.001  0.002  0.001  0.001  0.002  0.135
   3.08735     -2.011557  0.015  0.080  0.003  0.034  0.001  0.002  0.001  0.001  0.002  0.138
   3.12027     -1.899291  0.015  0.077  0.010  0.036  0.001  0.001  0.001  0.001  0.002  0.143
   3.15319     -1.810512  0.014  0.071  0.021  0.038  0.001  0.001  0.001  0.001  0.002  0.150
   3.18611     -1.747299  0.013  0.066  0.035  0.040  0.001  0.001  0.001  0.001  0.001  0.159
   3.21902     -1.708804  0.011  0.061  0.050  0.041  0.001  0.001  0.000  0.001  0.001  0.168
 
# Band-Index:   16
   3.21902     -1.708804  0.011  0.061  0.050  0.041  0.001  0.001  0.000  0.001  0.001  0.168
   3.18611     -1.692921  0.009  0.058  0.065  0.042  0.001  0.001  0.000  0.001  0.001  0.178
   3.15319     -1.697908  0.007  0.058  0.077  0.043  0.001  0.001  0.000  0.001  0.001  0.189
   3.12027     -1.723125  0.005  0.059  0.087  0.044  0.001  0.001  0.000  0.001  0.001  0.199
   3.08735     -1.768888  0.003  0.063  0.094  0.044  0.001  0.001  0.000  0.001  0.001  0.208
   3.05444     -1.835564  0.002  0.068  0.098  0.044  0.001  0.001  0.000  0.001  0.001  0.216
   3.02152     -1.922100  0.001  0.074  0.100  0.043  0.001  0.001  0.000  0.001  0.001  0.222
   2.98860     -2.024784  0.000  0.080  0.099  0.041  0.000  0.001  0.000  0.001  0.001  0.224
   2.95568     -2.137430  0.000  0.084  0.096  0.040  0.000  0.001  0.001  0.001  0.001  0.224
   2.92277     -2.252965  0.000  0.087  0.093  0.038  0.000  0.001  0.001  0.001  0.001  0.222
   2.88985     -2.365035  0.000  0.088  0.091  0.036  0.000  0.001  0.001  0.000  0.001  0.219
   2.85693     -2.468752  0.000  0.088  0.089  0.035  0.000  0.001  0.001  0.000  0.001  0.216
   2.82401     -2.560710  0.001  0.087  0.088  0.034  0.000  0.001  0.001  0.000  0.001  0.213
   2.79110     -2.638796  0.001  0.087  0.087  0.033  0.000  0.001  0.001  0.000  0.001  0.211
   2.75818     -2.702036  0.002  0.086  0.086  0.031  0.000  0.001  0.001  0.000  0.001  0.210
   2.72526     -2.750789  0.004  0.086  0.085  0.030  0.000  0.001  0.001  0.000  0.001  0.208
   2.69234     -2.788305  0.008  0.087  0.082  0.027  0.000  0.001  0.001  0.000  0.001  0.206
   2.65943     -2.830400  0.015  0.087  0.062  0.027  0.000  0.001  0.000  0.001  0.001  0.194
   2.62651     -2.901932  0.017  0.088  0.036  0.036  0.000  0.001  0.000  0.001  0.000  0.180
   2.59359     -2.969148  0.015  0.090  0.033  0.036  0.000  0.001  0.000  0.001  0.000  0.176
   2.56068     -3.011224  0.012  0.097  0.033  0.035  0.000  0.001  0.000  0.000  0.000  0.178
   2.52776     -3.044973  0.004  0.111  0.019  0.055  0.000  0.001  0.000  0.001  0.000  0.191
   2.49484     -3.113732  0.002  0.106  0.007  0.085  0.000  0.001  0.000  0.001  0.000  0.202
   2.46192     -3.196620  0.002  0.099  0.005  0.092  0.000  0.001  0.000  0.001  0.000  0.201
   2.42901     -3.273874  0.002  0.095  0.004  0.094  0.000  0.001  0.000  0.001  0.000  0.198
   2.39609     -3.340520  0.002  0.092  0.004  0.095  0.000  0.001  0.000  0.001  0.000  0.196
   2.36317     -3.394653  0.001  0.091  0.004  0.095  0.000  0.001  0.000  0.001  0.000  0.194
   2.33025     -3.435271  0.001  0.090  0.003  0.095  0.000  0.001  0.000  0.001  0.000  0.192
   2.29734     -3.461835  0.001  0.089  0.003  0.095  0.000  0.001  0.000  0.001  0.000  0.191
   2.26442     -3.474201  0.000  0.088  0.003  0.096  0.000  0.001  0.000  0.001  0.000  0.191
   2.26442     -3.474201  0.000  0.088  0.003  0.096  0.000  0.001  0.000  0.001  0.000  0.191
   2.24747     -3.466927  0.000  0.089  0.003  0.095  0.000  0.001  0.000  0.001  0.000  0.191
   2.23053     -3.455851  0.001  0.090  0.003  0.094  0.000  0.001  0.000  0.001  0.000  0.191
   2.21358     -3.441188  0.001  0.091  0.003  0.093  0.000  0.001  0.000  0.001  0.000  0.192
   2.19664     -3.423226  0.002  0.093  0.004  0.092  0.000  0.001  0.000  0.002  0.000  0.193
   2.17969     -3.402357  0.003  0.095  0.004  0.090  0.000  0.001  0.000  0.002  0.000  0.194
   2.16275     -3.379096  0.004  0.097  0.005  0.087  0.000  0.001  0.000  0.002  0.000  0.195
   2.14580     -3.354125  0.005  0.099  0.006  0.083  0.000  0.001  0.000  0.002  0.000  0.197
   2.12886     -3.328322  0.008  0.101  0.008  0.079  0.000  0.001  0.000  0.001  0.000  0.198
   2.11191     -3.302804  0.010  0.104  0.010  0.072  0.000  0.001  0.000  0.001  0.000  0.200
   2.09497     -3.278920  0.014  0.107  0.014  0.064  0.000  0.001  0.000  0.001  0.000  0.201
   2.07802     -3.258152  0.018  0.109  0.018  0.055  0.000  0.001  0.000  0.001  0.000  0.202
   2.06108     -3.241870  0.022  0.110  0.023  0.045  0.000  0.001  0.000  0.001  0.000  0.202
   2.04413     -3.231001  0.026  0.110  0.029  0.035  0.000  0.001  0.000  0.001  0.000  0.201
   2.02719     -3.225753  0.029  0.110  0.034  0.025  0.000  0.001  0.000  0.001  0.000  0.200
   2.01024     -3.225638  0.032  0.108  0.038  0.018  0.000  0.001  0.000  0.000  0.000  0.198
   1.99330     -3.229732  0.034  0.106  0.041  0.012  0.000  0.000  0.000  0.000  0.000  0.195
   1.97635     -3.236998  0.036  0.104  0.044  0.008  0.000  0.000  0.000  0.000  0.000  0.193
   1.95941     -3.246494  0.037  0.102  0.045  0.005  0.000  0.000  0.000  0.000  0.000  0.190
   1.94246     -3.257452  0.037  0.100  0.046  0.003  0.000  0.000  0.000  0.000  0.000  0.188
   1.92552     -3.269287  0.038  0.099  0.047  0.002  0.000  0.000  0.000  0.000  0.000  0.186
   1.90857     -3.281567  0.038  0.097  0.047  0.001  0.000  0.000  0.000  0.000  0.000  0.184
   1.89163     -3.293984  0.038  0.096  0.047  0.001  0.000  0.000  0.000  0.000  0.000  0.182
   1.87468     -3.306321  0.038  0.095  0.047  0.000  0.000  0.000  0.000  0.000  0.000  0.181
   1.85774     -3.318437  0.037  0.095  0.046  0.000  0.000  0.000  0.000  0.000  0.000  0.179
   1.84079     -3.330247  0.037  0.094  0.046  0.000  0.000  0.000  0.000  0.000  0.000  0.178
   1.82385     -3.341712  0.037  0.093  0.045  0.000  0.000  0.000  0.000  0.000  0.000  0.176
   1.80690     -3.352835  0.037  0.093  0.044  0.001  0.000  0.000  0.000  0.000  0.000  0.175
   1.78996     -3.363649  0.036  0.093  0.043  0.001  0.000  0.000  0.000  0.000  0.000  0.173
   1.77301     -3.374222  0.036  0.092  0.041  0.002  0.000  0.000  0.000  0.000  0.000  0.172
   1.77301     -3.374222  0.036  0.092  0.041  0.002  0.000  0.000  0.000  0.000  0.000  0.172
   1.74479     -3.346864  0.036  0.094  0.043  0.001  0.000  0.000  0.000  0.000  0.000  0.176
   1.71657     -3.321566  0.036  0.096  0.046  0.001  0.000  0.000  0.000  0.000  0.000  0.180
   1.68835     -3.298661  0.035  0.098  0.048  0.001  0.000  0.000  0.000  0.000  0.000  0.183
   1.66013     -3.277793  0.034  0.100  0.051  0.000  0.000  0.000  0.000  0.000  0.000  0.186
   1.63191     -3.257928  0.031  0.102  0.054  0.000  0.000  0.000  0.000  0.000  0.000  0.188
   1.60369     -3.237506  0.028  0.104  0.057  0.000  0.000  0.000  0.001  0.000  0.000  0.190
   1.57546     -3.214678  0.025  0.105  0.059  0.000  0.000  0.000  0.001  0.000  0.000  0.191
   1.54724     -3.187531  0.021  0.107  0.062  0.001  0.000  0.001  0.001  0.000  0.000  0.192
   1.51902     -3.154269  0.018  0.108  0.064  0.001  0.000  0.001  0.001  0.000  0.000  0.192
   1.49080     -3.113325  0.015  0.109  0.066  0.001  0.000  0.001  0.001  0.000  0.001  0.193
   1.46258     -3.063429  0.012  0.111  0.068  0.002  0.000  0.001  0.001  0.000  0.001  0.194
   1.43436     -3.003629  0.010  0.112  0.069  0.002  0.000  0.001  0.001  0.000  0.001  0.196
   1.40614     -2.933332  0.007  0.113  0.071  0.003  0.000  0.001  0.001  0.000  0.001  0.197
   1.37792     -2.852314  0.006  0.115  0.073  0.003  0.000  0.001  0.001  0.000  0.001  0.200
   1.34970     -2.760755  0.004  0.116  0.075  0.004  0.000  0.001  0.001  0.000  0.001  0.203
   1.32148     -2.659291  0.003  0.116  0.078  0.005  0.000  0.001  0.001  0.000  0.001  0.206
   1.29326     -2.549087  0.003  0.116  0.080  0.007  0.000  0.001  0.001  0.000  0.001  0.210
   1.26503     -2.431973  0.002  0.115  0.084  0.009  0.000  0.001  0.001  0.000  0.001  0.214
   1.23681     -2.310618  0.002  0.113  0.088  0.012  0.000  0.001  0.001  0.000  0.001  0.218
   1.20859     -2.188751  0.001  0.109  0.092  0.016  0.000  0.001  0.001  0.000  0.001  0.222
   1.18037     -2.071263  0.001  0.103  0.096  0.021  0.000  0.001  0.001  0.000  0.001  0.224
   1.15215     -1.963868  0.001  0.093  0.099  0.026  0.000  0.001  0.000  0.000  0.001  0.224
   1.12393     -1.871939  0.001  0.083  0.100  0.032  0.000  0.001  0.000  0.001  0.001  0.221
   1.09571     -1.798907  0.002  0.072  0.098  0.037  0.001  0.001  0.000  0.001  0.001  0.214
   1.06749     -1.745556  0.004  0.064  0.093  0.041  0.001  0.001  0.000  0.001  0.001  0.206
   1.03927     -1.710876  0.006  0.059  0.085  0.043  0.001  0.001  0.000  0.001  0.001  0.196
   1.01105     -1.693505  0.007  0.057  0.075  0.043  0.001  0.001  0.000  0.001  0.001  0.187
   0.98283     -1.692722  0.009  0.058  0.064  0.043  0.001  0.001  0.000  0.001  0.001  0.177
   0.95460     -1.708804  0.011  0.061  0.050  0.041  0.001  0.001  0.000  0.001  0.001  0.168
   0.95460     -1.708804  0.011  0.061  0.050  0.041  0.001  0.001  0.000  0.001  0.001  0.168
   0.92169     -1.692921  0.009  0.058  0.065  0.042  0.001  0.001  0.000  0.001  0.001  0.178
   0.88877     -1.697908  0.007  0.058  0.077  0.043  0.001  0.001  0.000  0.001  0.001  0.189
   0.85585     -1.723125  0.005  0.059  0.087  0.044  0.001  0.001  0.000  0.001  0.001  0.199
   0.82294     -1.768888  0.003  0.063  0.094  0.044  0.001  0.001  0.000  0.001  0.001  0.208
   0.79002     -1.835564  0.002  0.068  0.098  0.044  0.001  0.001  0.000  0.001  0.001  0.216
   0.75710     -1.922100  0.001  0.074  0.100  0.043  0.001  0.001  0.000  0.001  0.001  0.222
   0.72418     -2.024784  0.000  0.080  0.099  0.041  0.000  0.001  0.000  0.001  0.001  0.224
   0.69127     -2.137430  0.000  0.084  0.096  0.040  0.000  0.001  0.001  0.001  0.001  0.224
   0.65835     -2.252965  0.000  0.087  0.093  0.038  0.000  0.001  0.001  0.001  0.001  0.222
   0.62543     -2.365035  0.000  0.088  0.091  0.036  0.000  0.001  0.001  0.000  0.001  0.219
   0.59251     -2.468752  0.000  0.088  0.089  0.035  0.000  0.001  0.001  0.000  0.001  0.216
   0.55960     -2.560710  0.001  0.087  0.088  0.034  0.000  0.001  0.001  0.000  0.001  0.213
   0.52668     -2.638796  0.001  0.087  0.087  0.033  0.000  0.001  0.001  0.000  0.001  0.211
   0.49376     -2.702036  0.002  0.086  0.086  0.031  0.000  0.001  0.001  0.000  0.001  0.210
   0.46084     -2.750789  0.004  0.086  0.085  0.030  0.000  0.001  0.001  0.000  0.001  0.208
   0.42793     -2.788305  0.008  0.087  0.082  0.027  0.000  0.001  0.001  0.000  0.001  0.206
   0.39501     -2.830400  0.015  0.087  0.062  0.027  0.000  0.001  0.000  0.001  0.001  0.194
   0.36209     -2.901932  0.017  0.088  0.036  0.036  0.000  0.001  0.000  0.001  0.000  0.180
   0.32917     -2.969148  0.015  0.090  0.033  0.036  0.000  0.001  0.000  0.001  0.000  0.176
   0.29626     -3.011224  0.012  0.097  0.033  0.035  0.000  0.001  0.000  0.000  0.000  0.178
   0.26334     -3.044973  0.004  0.111  0.019  0.055  0.000  0.001  0.000  0.001  0.000  0.191
   0.23042     -3.113732  0.002  0.106  0.007  0.085  0.000  0.001  0.000  0.001  0.000  0.202
   0.19750     -3.196620  0.002  0.099  0.005  0.092  0.000  0.001  0.000  0.001  0.000  0.201
   0.16459     -3.273874  0.002  0.095  0.004  0.094  0.000  0.001  0.000  0.001  0.000  0.198
   0.13167     -3.340520  0.002  0.092  0.004  0.095  0.000  0.001  0.000  0.001  0.000  0.196
   0.09875     -3.394653  0.001  0.091  0.004  0.095  0.000  0.001  0.000  0.001  0.000  0.194
   0.06583     -3.435271  0.001  0.090  0.003  0.095  0.000  0.001  0.000  0.001  0.000  0.192
   0.03292     -3.461835  0.001  0.089  0.003  0.095  0.000  0.001  0.000  0.001  0.000  0.191
   0.00000     -3.474201  0.000  0.088  0.003  0.096  0.000  0.001  0.000  0.001  0.000  0.191
 
# Band-Index:   17
   0.00000     -2.689649  0.044  0.032  0.064  0.030  0.000  0.000  0.000  0.000  0.000  0.171
   0.03292     -2.700168  0.042  0.036  0.064  0.027  0.000  0.000  0.000  0.000  0.000  0.171
   0.06583     -2.729711  0.040  0.040  0.063  0.025  0.000  0.000  0.000  0.000  0.000  0.170
   0.09875     -2.773273  0.037  0.045  0.061  0.024  0.000  0.000  0.000  0.000  0.000  0.169
   0.13167     -2.824179  0.034  0.048  0.060  0.024  0.000  0.000  0.000  0.000  0.000  0.168
   0.16459     -2.875921  0.031  0.051  0.058  0.025  0.000  0.000  0.000  0.000  0.000  0.167
   0.19750     -2.921980  0.029  0.053  0.056  0.028  0.000  0.000  0.001  0.000  0.000  0.167
   0.23042     -2.953262  0.027  0.052  0.052  0.036  0.000  0.000  0.001  0.000  0.001  0.170
   0.26334     -2.946344  0.021  0.057  0.039  0.066  0.000  0.000  0.000  0.001  0.001  0.187
   0.29626     -2.880432  0.011  0.084  0.029  0.083  0.000  0.001  0.000  0.001  0.001  0.210
   0.32917     -2.815672  0.005  0.098  0.046  0.066  0.000  0.000  0.001  0.001  0.000  0.217
   0.36209     -2.784831  0.002  0.093  0.058  0.057  0.000  0.000  0.001  0.000  0.000  0.212
   0.39501     -2.744054  0.005  0.085  0.035  0.068  0.000  0.000  0.001  0.001  0.000  0.194
   0.42793     -2.648129  0.012  0.080  0.014  0.071  0.000  0.001  0.001  0.001  0.000  0.180
   0.46084     -2.522369  0.015  0.078  0.010  0.071  0.000  0.001  0.001  0.001  0.000  0.178
   0.49376     -2.385057  0.017  0.076  0.010  0.072  0.001  0.001  0.001  0.001  0.000  0.178
   0.52668     -2.242137  0.018  0.075  0.009  0.072  0.001  0.001  0.001  0.001  0.000  0.179
   0.55960     -2.096848  0.020  0.075  0.009  0.072  0.001  0.001  0.001  0.001  0.000  0.179
   0.59251     -1.951414  0.021  0.075  0.010  0.070  0.001  0.001  0.001  0.001  0.000  0.180
   0.62543     -1.807240  0.022  0.075  0.010  0.068  0.001  0.001  0.001  0.001  0.000  0.180
   0.65835     -1.664653  0.024  0.077  0.010  0.064  0.001  0.001  0.001  0.001  0.000  0.180
   0.69127     -1.522443  0.025  0.080  0.010  0.059  0.001  0.001  0.001  0.001  0.000  0.180
   0.72418     -1.377598  0.027  0.086  0.011  0.053  0.001  0.001  0.002  0.001  0.000  0.182
   0.75710     -1.225895  0.028  0.095  0.012  0.046  0.001  0.001  0.002  0.001  0.001  0.186
   0.79002     -1.063950  0.027  0.107  0.016  0.039  0.001  0.001  0.002  0.001  0.001  0.194
   0.82294     -0.893922  0.023  0.111  0.047  0.029  0.001  0.001  0.002  0.000  0.001  0.215
   0.85585     -0.760562  0.002  0.041  0.211  0.015  0.000  0.001  0.000  0.000  0.001  0.272
   0.88877     -0.661727  0.001  0.043  0.215  0.006  0.000  0.001  0.000  0.000  0.001  0.267
   0.92169     -0.569063  0.001  0.057  0.194  0.004  0.000  0.001  0.000  0.000  0.001  0.258
   0.95460     -0.499603  0.000  0.076  0.156  0.011  0.000  0.001  0.000  0.000  0.001  0.246
   0.95460     -0.499603  0.000  0.076  0.156  0.011  0.000  0.001  0.000  0.000  0.001  0.246
   0.98283     -0.564246  0.001  0.061  0.191  0.002  0.000  0.001  0.000  0.000  0.001  0.257
   1.01105     -0.647111  0.001  0.050  0.212  0.001  0.000  0.001  0.000  0.000  0.001  0.266
   1.03927     -0.733021  0.001  0.039  0.221  0.008  0.000  0.001  0.000  0.000  0.001  0.271
   1.06749     -0.812761  0.001  0.030  0.222  0.020  0.000  0.000  0.000  0.000  0.001  0.274
   1.09571     -0.954511  0.030  0.119  0.002  0.023  0.001  0.001  0.002  0.000  0.001  0.180
   1.12393     -1.085866  0.030  0.099  0.004  0.034  0.001  0.001  0.002  0.001  0.001  0.173
   1.15215     -1.200003  0.030  0.081  0.007  0.045  0.001  0.001  0.002  0.001  0.001  0.168
   1.18037     -1.297939  0.029  0.066  0.012  0.056  0.001  0.000  0.002  0.001  0.000  0.167
   1.20859     -1.383145  0.027  0.054  0.016  0.066  0.001  0.000  0.001  0.001  0.000  0.168
   1.23681     -1.459654  0.026  0.045  0.021  0.074  0.001  0.000  0.001  0.001  0.000  0.170
   1.26503     -1.530806  0.025  0.039  0.024  0.081  0.001  0.000  0.001  0.002  0.000  0.173
   1.29326     -1.598867  0.024  0.035  0.027  0.086  0.001  0.000  0.001  0.002  0.000  0.176
   1.32148     -1.665174  0.023  0.033  0.029  0.090  0.001  0.000  0.001  0.002  0.000  0.178
   1.34970     -1.730386  0.023  0.031  0.030  0.093  0.001  0.000  0.000  0.002  0.000  0.180
   1.37792     -1.794714  0.022  0.030  0.032  0.094  0.001  0.000  0.000  0.002  0.000  0.182
   1.40614     -1.858068  0.022  0.030  0.034  0.095  0.001  0.000  0.000  0.002  0.000  0.184
   1.43436     -1.920158  0.022  0.030  0.035  0.095  0.001  0.000  0.000  0.002  0.000  0.185
   1.46258     -1.980526  0.022  0.031  0.037  0.094  0.001  0.000  0.000  0.002  0.000  0.186
   1.49080     -2.038558  0.022  0.032  0.039  0.092  0.001  0.000  0.000  0.002  0.000  0.188
   1.51902     -2.093468  0.021  0.033  0.042  0.090  0.001  0.000  0.000  0.002  0.000  0.189
   1.54724     -2.144269  0.021  0.034  0.045  0.088  0.000  0.000  0.000  0.002  0.000  0.190
   1.57546     -2.189769  0.021  0.035  0.048  0.086  0.000  0.000  0.000  0.002  0.000  0.192
   1.60369     -2.228582  0.020  0.037  0.051  0.083  0.000  0.000  0.000  0.002  0.000  0.194
   1.63191     -2.259208  0.020  0.039  0.055  0.081  0.000  0.000  0.000  0.002  0.000  0.196
   1.66013     -2.280181  0.019  0.041  0.058  0.079  0.000  0.000  0.000  0.002  0.000  0.199
   1.68835     -2.290293  0.019  0.043  0.061  0.078  0.000  0.000  0.000  0.001  0.000  0.203
   1.71657     -2.288824  0.019  0.044  0.064  0.078  0.000  0.000  0.000  0.001  0.000  0.207
   1.74479     -2.275695  0.019  0.046  0.067  0.078  0.000  0.000  0.000  0.001  0.000  0.212
   1.77301     -2.251495  0.019  0.047  0.068  0.080  0.000  0.000  0.000  0.001  0.000  0.217
   1.77301     -2.251495  0.019  0.047  0.068  0.080  0.000  0.000  0.000  0.001  0.000  0.217
   1.78996     -2.264527  0.018  0.047  0.063  0.083  0.000  0.000  0.000  0.002  0.000  0.214
   1.80690     -2.281006  0.017  0.047  0.056  0.088  0.000  0.000  0.000  0.002  0.000  0.211
   1.82385     -2.301236  0.016  0.047  0.050  0.092  0.000  0.000  0.000  0.002  0.000  0.207
   1.84079     -2.325479  0.015  0.046  0.043  0.097  0.000  0.000  0.000  0.002  0.000  0.204
   1.85774     -2.353895  0.014  0.045  0.036  0.103  0.000  0.000  0.000  0.002  0.000  0.200
   1.87468     -2.386480  0.012  0.044  0.029  0.108  0.000  0.000  0.000  0.002  0.001  0.196
   1.89163     -2.423003  0.010  0.043  0.023  0.112  0.000  0.000  0.000  0.002  0.001  0.192
   1.90857     -2.462974  0.009  0.042  0.018  0.116  0.000  0.000  0.000  0.002  0.001  0.188
   1.92552     -2.505637  0.007  0.041  0.015  0.118  0.000  0.000  0.000  0.002  0.001  0.184
   1.94246     -2.549995  0.006  0.040  0.012  0.119  0.000  0.000  0.000  0.002  0.001  0.180
   1.95941     -2.594841  0.005  0.038  0.011  0.119  0.000  0.000  0.000  0.002  0.001  0.177
   1.97635     -2.638795  0.005  0.037  0.011  0.117  0.000  0.000  0.000  0.002  0.001  0.173
   1.99330     -2.680329  0.005  0.035  0.013  0.113  0.000  0.000  0.000  0.002  0.001  0.169
   2.01024     -2.717808  0.007  0.033  0.017  0.107  0.000  0.000  0.000  0.002  0.001  0.166
   2.02719     -2.749595  0.009  0.032  0.021  0.099  0.000  0.000  0.000  0.001  0.001  0.163
   2.04413     -2.774262  0.012  0.031  0.027  0.088  0.000  0.000  0.000  0.001  0.001  0.161
   2.06108     -2.790910  0.016  0.031  0.034  0.077  0.000  0.000  0.000  0.001  0.001  0.160
   2.07802     -2.799435  0.020  0.032  0.040  0.066  0.000  0.000  0.000  0.001  0.001  0.160
   2.09497     -2.800536  0.024  0.034  0.046  0.055  0.000  0.000  0.000  0.000  0.001  0.160
   2.11191     -2.795452  0.027  0.036  0.050  0.046  0.000  0.000  0.000  0.000  0.001  0.162
   2.12886     -2.785628  0.031  0.038  0.054  0.039  0.000  0.000  0.000  0.000  0.001  0.163
   2.14580     -2.772483  0.033  0.039  0.057  0.034  0.000  0.000  0.000  0.000  0.001  0.165
   2.16275     -2.757327  0.036  0.040  0.060  0.030  0.000  0.000  0.000  0.000  0.000  0.166
   2.17969     -2.741375  0.038  0.040  0.061  0.027  0.000  0.000  0.000  0.000  0.000  0.167
   2.19664     -2.725786  0.040  0.040  0.063  0.025  0.000  0.000  0.000  0.000  0.000  0.169
   2.21358     -2.711713  0.041  0.039  0.064  0.025  0.000  0.000  0.000  0.000  0.000  0.170
   2.23053     -2.700299  0.042  0.037  0.064  0.025  0.000  0.000  0.000  0.000  0.000  0.170
   2.24747     -2.692634  0.043  0.035  0.065  0.027  0.000  0.000  0.000  0.000  0.000  0.171
   2.26442     -2.689649  0.044  0.032  0.064  0.030  0.000  0.000  0.000  0.000  0.000  0.171
   2.26442     -2.689649  0.044  0.032  0.064  0.030  0.000  0.000  0.000  0.000  0.000  0.171
   2.29734     -2.700168  0.042  0.036  0.064  0.027  0.000  0.000  0.000  0.000  0.000  0.171
   2.33025     -2.729711  0.040  0.040  0.063  0.025  0.000  0.000  0.000  0.000  0.000  0.170
   2.36317     -2.773273  0.037  0.045  0.061  0.024  0.000  0.000  0.000  0.000  0.000  0.169
   2.39609     -2.824179  0.034  0.048  0.060  0.024  0.000  0.000  0.000  0.000  0.000  0.168
   2.42901     -2.875921  0.031  0.051  0.058  0.025  0.000  0.000  0.000  0.000  0.000  0.167
   2.46192     -2.921980  0.029  0.053  0.056  0.028  0.000  0.000  0.001  0.000  0.000  0.167
   2.49484     -2.953262  0.027  0.052  0.052  0.036  0.000  0.000  0.001  0.000  0.001  0.170
   2.52776     -2.946344  0.021  0.057  0.039  0.066  0.000  0.000  0.000  0.001  0.001  0.187
   2.56068     -2.880432  0.011  0.084  0.029  0.083  0.000  0.001  0.000  0.001  0.001  0.210
   2.59359     -2.815672  0.005  0.098  0.046  0.066  0.000  0.000  0.001  0.001  0.000  0.217
   2.62651     -2.784831  0.002  0.093  0.058  0.057  0.000  0.000  0.001  0.000  0.000  0.212
   2.65943     -2.744054  0.005  0.085  0.035  0.068  0.000  0.000  0.001  0.001  0.000  0.194
   2.69234     -2.648129  0.012  0.080  0.014  0.071  0.000  0.001  0.001  0.001  0.000  0.180
   2.72526     -2.522369  0.015  0.078  0.010  0.071  0.000  0.001  0.001  0.001  0.000  0.178
   2.75818     -2.385057  0.017  0.076  0.010  0.072  0.001  0.001  0.001  0.001  0.000  0.178
   2.79110     -2.242137  0.018  0.075  0.009  0.072  0.001  0.001  0.001  0.001  0.000  0.179
   2.82401     -2.096848  0.020  0.075  0.009  0.072  0.001  0.001  0.001  0.001  0.000  0.179
   2.85693     -1.951414  0.021  0.075  0.010  0.070  0.001  0.001  0.001  0.001  0.000  0.180
   2.88985     -1.807240  0.022  0.075  0.010  0.068  0.001  0.001  0.001  0.001  0.000  0.180
   2.92277     -1.664653  0.024  0.077  0.010  0.064  0.001  0.001  0.001  0.001  0.000  0.180
   2.95568     -1.522443  0.025  0.080  0.010  0.059  0.001  0.001  0.001  0.001  0.000  0.180
   2.98860     -1.377598  0.027  0.086  0.011  0.053  0.001  0.001  0.002  0.001  0.000  0.182
   3.02152     -1.225895  0.028  0.095  0.012  0.046  0.001  0.001  0.002  0.001  0.001  0.186
   3.05444     -1.063950  0.027  0.107  0.016  0.039  0.001  0.001  0.002  0.001  0.001  0.194
   3.08735     -0.893922  0.023  0.111  0.047  0.029  0.001  0.001  0.002  0.000  0.001  0.215
   3.12027     -0.760562  0.002  0.041  0.211  0.015  0.000  0.001  0.000  0.000  0.001  0.272
   3.15319     -0.661727  0.001  0.043  0.215  0.006  0.000  0.001  0.000  0.000  0.001  0.267
   3.18611     -0.569063  0.001  0.057  0.194  0.004  0.000  0.001  0.000  0.000  0.001  0.258
   3.21902     -0.499603  0.000  0.076  0.156  0.011  0.000  0.001  0.000  0.000  0.001  0.246
 
# Band-Index:   18
   3.21902     -0.499603  0.000  0.076  0.156  0.011  0.000  0.001  0.000  0.000  0.001  0.246
   3.18611     -0.474721  0.003  0.111  0.098  0.013  0.000  0.001  0.001  0.000  0.001  0.228
   3.15319     -0.540905  0.017  0.158  0.019  0.010  0.000  0.002  0.002  0.000  0.001  0.208
   3.12027     -0.699349  0.025  0.134  0.012  0.026  0.001  0.001  0.002  0.000  0.001  0.202
   3.08735     -0.833302  0.007  0.037  0.170  0.036  0.000  0.000  0.001  0.000  0.001  0.253
   3.05444     -0.914814  0.002  0.023  0.187  0.052  0.000  0.000  0.000  0.001  0.001  0.266
   3.02152     -0.988486  0.001  0.022  0.168  0.072  0.001  0.000  0.000  0.001  0.001  0.266
   2.98860     -1.065438  0.001  0.027  0.140  0.094  0.001  0.000  0.000  0.001  0.001  0.265
   2.95568     -1.154154  0.001  0.034  0.109  0.114  0.001  0.000  0.000  0.001  0.001  0.262
   2.92277     -1.259696  0.001  0.042  0.081  0.129  0.001  0.000  0.000  0.002  0.001  0.258
   2.88985     -1.382405  0.002  0.049  0.059  0.137  0.001  0.001  0.000  0.002  0.001  0.252
   2.85693     -1.519178  0.004  0.054  0.044  0.140  0.001  0.001  0.000  0.002  0.001  0.246
   2.82401     -1.665703  0.005  0.058  0.034  0.138  0.001  0.001  0.000  0.002  0.001  0.240
   2.79110     -1.817835  0.007  0.060  0.027  0.135  0.001  0.001  0.000  0.002  0.001  0.234
   2.75818     -1.971975  0.008  0.061  0.023  0.131  0.001  0.001  0.000  0.002  0.001  0.228
   2.72526     -2.124987  0.009  0.061  0.021  0.126  0.001  0.001  0.000  0.002  0.001  0.222
   2.69234     -2.273845  0.011  0.059  0.020  0.122  0.001  0.001  0.000  0.002  0.001  0.217
   2.65943     -2.414805  0.012  0.055  0.022  0.117  0.001  0.001  0.000  0.002  0.001  0.210
   2.62651     -2.540612  0.014  0.046  0.029  0.110  0.001  0.001  0.000  0.002  0.001  0.203
   2.59359     -2.630673  0.015  0.037  0.051  0.090  0.000  0.000  0.000  0.001  0.001  0.197
   2.56068     -2.655423  0.015  0.041  0.075  0.065  0.000  0.000  0.001  0.001  0.001  0.199
   2.52776     -2.632714  0.015  0.049  0.085  0.054  0.000  0.000  0.001  0.000  0.001  0.205
   2.49484     -2.588039  0.015  0.052  0.088  0.051  0.000  0.000  0.001  0.000  0.001  0.209
   2.46192     -2.531038  0.016  0.054  0.090  0.051  0.000  0.000  0.001  0.000  0.001  0.213
   2.42901     -2.466331  0.017  0.055  0.090  0.052  0.000  0.000  0.001  0.000  0.001  0.216
   2.39609     -2.397422  0.017  0.055  0.090  0.055  0.000  0.000  0.000  0.000  0.001  0.219
   2.36317     -2.327871  0.017  0.055  0.087  0.059  0.000  0.000  0.000  0.000  0.001  0.220
   2.33025     -2.261964  0.016  0.055  0.084  0.065  0.000  0.000  0.000  0.000  0.001  0.222
   2.29734     -2.205457  0.017  0.054  0.084  0.069  0.000  0.000  0.000  0.000  0.001  0.225
   2.26442     -2.171448  0.023  0.049  0.106  0.062  0.000  0.000  0.000  0.000  0.000  0.242
   2.26442     -2.171448  0.023  0.049  0.106  0.062  0.000  0.000  0.000  0.000  0.000  0.242
   2.24747     -2.185427  0.018  0.046  0.090  0.075  0.000  0.000  0.000  0.000  0.001  0.229
   2.23053     -2.204449  0.016  0.045  0.084  0.078  0.000  0.000  0.000  0.000  0.001  0.225
   2.21358     -2.224315  0.015  0.043  0.084  0.079  0.000  0.000  0.000  0.000  0.001  0.224
   2.19664     -2.243737  0.016  0.041  0.087  0.080  0.000  0.000  0.000  0.000  0.001  0.225
   2.17969     -2.261967  0.016  0.039  0.090  0.080  0.000  0.000  0.000  0.000  0.001  0.226
   2.16275     -2.278436  0.016  0.037  0.093  0.080  0.000  0.000  0.000  0.000  0.001  0.228
   2.14580     -2.292691  0.017  0.035  0.095  0.081  0.000  0.000  0.000  0.000  0.001  0.229
   2.12886     -2.304369  0.017  0.032  0.098  0.082  0.000  0.000  0.000  0.000  0.001  0.231
   2.11191     -2.313193  0.017  0.030  0.100  0.083  0.000  0.000  0.001  0.000  0.001  0.233
   2.09497     -2.318976  0.017  0.028  0.102  0.085  0.000  0.000  0.001  0.000  0.001  0.234
   2.07802     -2.321632  0.017  0.027  0.104  0.086  0.000  0.000  0.001  0.000  0.001  0.236
   2.06108     -2.321188  0.017  0.025  0.106  0.088  0.000  0.000  0.001  0.001  0.001  0.238
   2.04413     -2.317809  0.018  0.024  0.107  0.089  0.000  0.000  0.001  0.001  0.000  0.239
   2.02719     -2.311800  0.018  0.024  0.107  0.089  0.000  0.000  0.001  0.001  0.000  0.240
   2.01024     -2.303610  0.018  0.024  0.108  0.089  0.000  0.000  0.000  0.001  0.000  0.241
   1.99330     -2.293810  0.018  0.025  0.108  0.089  0.000  0.000  0.000  0.001  0.000  0.242
   1.97635     -2.283051  0.018  0.026  0.107  0.088  0.000  0.000  0.000  0.001  0.000  0.242
   1.95941     -2.272007  0.019  0.028  0.106  0.086  0.000  0.000  0.000  0.001  0.000  0.241
   1.94246     -2.261320  0.019  0.031  0.105  0.084  0.000  0.000  0.000  0.001  0.000  0.240
   1.92552     -2.251546  0.020  0.033  0.102  0.082  0.000  0.000  0.000  0.001  0.000  0.238
   1.90857     -2.243134  0.020  0.035  0.100  0.079  0.000  0.000  0.000  0.001  0.000  0.236
   1.89163     -2.236412  0.020  0.038  0.097  0.077  0.000  0.000  0.000  0.001  0.000  0.234
   1.87468     -2.231615  0.020  0.040  0.094  0.076  0.000  0.000  0.000  0.001  0.000  0.232
   1.85774     -2.228908  0.020  0.042  0.091  0.075  0.000  0.000  0.000  0.001  0.000  0.229
   1.84079     -2.228420  0.020  0.044  0.087  0.074  0.000  0.000  0.000  0.001  0.000  0.227
   1.82385     -2.230275  0.020  0.045  0.083  0.074  0.000  0.000  0.000  0.001  0.000  0.224
   1.80690     -2.234614  0.020  0.046  0.079  0.075  0.000  0.000  0.000  0.001  0.000  0.222
   1.78996     -2.241613  0.020  0.047  0.074  0.077  0.000  0.000  0.000  0.001  0.000  0.219
   1.77301     -2.251495  0.019  0.047  0.068  0.080  0.000  0.000  0.000  0.001  0.000  0.217
   1.77301     -2.251495  0.019  0.047  0.068  0.080  0.000  0.000  0.000  0.001  0.000  0.217
   1.74479     -2.217362  0.019  0.048  0.069  0.083  0.000  0.000  0.000  0.001  0.000  0.221
   1.71657     -2.174803  0.020  0.048  0.070  0.087  0.000  0.000  0.000  0.001  0.000  0.226
   1.68835     -2.125488  0.020  0.047  0.070  0.092  0.000  0.000  0.000  0.002  0.000  0.230
   1.66013     -2.071081  0.019  0.045  0.069  0.099  0.000  0.000  0.000  0.002  0.000  0.234
   1.63191     -2.013103  0.018  0.043  0.067  0.106  0.000  0.000  0.000  0.002  0.000  0.237
   1.60369     -1.952835  0.017  0.040  0.066  0.115  0.000  0.000  0.000  0.002  0.000  0.240
   1.57546     -1.891251  0.016  0.036  0.064  0.123  0.000  0.000  0.000  0.002  0.000  0.242
   1.54724     -1.828999  0.015  0.033  0.063  0.131  0.001  0.000  0.000  0.002  0.000  0.244
   1.51902     -1.766436  0.013  0.030  0.062  0.138  0.001  0.000  0.000  0.002  0.000  0.246
   1.49080     -1.703712  0.011  0.027  0.062  0.144  0.001  0.000  0.000  0.002  0.000  0.247
   1.46258     -1.640872  0.010  0.024  0.064  0.148  0.001  0.000  0.000  0.002  0.000  0.249
   1.43436     -1.577944  0.009  0.021  0.066  0.151  0.001  0.000  0.000  0.002  0.000  0.250
   1.40614     -1.515027  0.007  0.019  0.070  0.152  0.001  0.000  0.000  0.002  0.000  0.252
   1.37792     -1.452328  0.006  0.017  0.076  0.151  0.001  0.000  0.000  0.002  0.000  0.254
   1.34970     -1.390192  0.005  0.015  0.083  0.148  0.001  0.000  0.000  0.002  0.000  0.256
   1.32148     -1.329081  0.004  0.014  0.093  0.143  0.001  0.000  0.000  0.002  0.000  0.258
   1.29326     -1.269528  0.003  0.013  0.105  0.136  0.001  0.000  0.000  0.002  0.000  0.260
   1.26503     -1.212027  0.003  0.012  0.120  0.125  0.001  0.000  0.000  0.002  0.000  0.263
   1.23681     -1.156855  0.002  0.011  0.137  0.113  0.001  0.000  0.000  0.002  0.000  0.265
   1.20859     -1.103831  0.001  0.011  0.155  0.098  0.001  0.000  0.000  0.001  0.000  0.268
   1.18037     -1.052069  0.001  0.011  0.173  0.082  0.001  0.000  0.000  0.001  0.000  0.270
   1.15215     -0.999814  0.000  0.013  0.190  0.066  0.001  0.000  0.000  0.001  0.000  0.272
   1.12393     -0.944480  0.000  0.017  0.205  0.050  0.001  0.000  0.000  0.001  0.000  0.274
   1.09571     -0.883012  0.000  0.022  0.216  0.034  0.000  0.000  0.000  0.000  0.001  0.274
   1.06749     -0.808878  0.028  0.140  0.002  0.014  0.001  0.001  0.003  0.000  0.001  0.189
   1.03927     -0.657800  0.024  0.159  0.004  0.005  0.000  0.002  0.002  0.000  0.001  0.198
   1.01105     -0.526859  0.014  0.161  0.028  0.001  0.000  0.002  0.002  0.000  0.002  0.209
   0.98283     -0.474205  0.003  0.109  0.100  0.013  0.000  0.001  0.001  0.000  0.001  0.229
   0.95460     -0.499603  0.000  0.076  0.156  0.011  0.000  0.001  0.000  0.000  0.001  0.246
   0.95460     -0.499603  0.000  0.076  0.156  0.011  0.000  0.001  0.000  0.000  0.001  0.246
   0.92169     -0.474721  0.003  0.111  0.098  0.013  0.000  0.001  0.001  0.000  0.001  0.228
   0.88877     -0.540905  0.017  0.158  0.019  0.010  0.000  0.002  0.002  0.000  0.001  0.208
   0.85585     -0.699349  0.025  0.134  0.012  0.026  0.001  0.001  0.002  0.000  0.001  0.202
   0.82294     -0.833302  0.007  0.037  0.170  0.036  0.000  0.000  0.001  0.000  0.001  0.253
   0.79002     -0.914814  0.002  0.023  0.187  0.052  0.000  0.000  0.000  0.001  0.001  0.266
   0.75710     -0.988486  0.001  0.022  0.168  0.072  0.001  0.000  0.000  0.001  0.001  0.266
   0.72418     -1.065438  0.001  0.027  0.140  0.094  0.001  0.000  0.000  0.001  0.001  0.265
   0.69127     -1.154154  0.001  0.034  0.109  0.114  0.001  0.000  0.000  0.001  0.001  0.262
   0.65835     -1.259696  0.001  0.042  0.081  0.129  0.001  0.000  0.000  0.002  0.001  0.258
   0.62543     -1.382405  0.002  0.049  0.059  0.137  0.001  0.001  0.000  0.002  0.001  0.252
   0.59251     -1.519178  0.004  0.054  0.044  0.140  0.001  0.001  0.000  0.002  0.001  0.246
   0.55960     -1.665703  0.005  0.058  0.034  0.138  0.001  0.001  0.000  0.002  0.001  0.240
   0.52668     -1.817835  0.007  0.060  0.027  0.135  0.001  0.001  0.000  0.002  0.001  0.234
   0.49376     -1.971975  0.008  0.061  0.023  0.131  0.001  0.001  0.000  0.002  0.001  0.228
   0.46084     -2.124987  0.009  0.061  0.021  0.126  0.001  0.001  0.000  0.002  0.001  0.222
   0.42793     -2.273845  0.011  0.059  0.020  0.122  0.001  0.001  0.000  0.002  0.001  0.217
   0.39501     -2.414805  0.012  0.055  0.022  0.117  0.001  0.001  0.000  0.002  0.001  0.210
   0.36209     -2.540612  0.014  0.046  0.029  0.110  0.001  0.001  0.000  0.002  0.001  0.203
   0.32917     -2.630673  0.015  0.037  0.051  0.090  0.000  0.000  0.000  0.001  0.001  0.197
   0.29626     -2.655423  0.015  0.041  0.075  0.065  0.000  0.000  0.001  0.001  0.001  0.199
   0.26334     -2.632714  0.015  0.049  0.085  0.054  0.000  0.000  0.001  0.000  0.001  0.205
   0.23042     -2.588039  0.015  0.052  0.088  0.051  0.000  0.000  0.001  0.000  0.001  0.209
   0.19750     -2.531038  0.016  0.054  0.090  0.051  0.000  0.000  0.001  0.000  0.001  0.213
   0.16459     -2.466331  0.017  0.055  0.090  0.052  0.000  0.000  0.001  0.000  0.001  0.216
   0.13167     -2.397422  0.017  0.055  0.090  0.055  0.000  0.000  0.000  0.000  0.001  0.219
   0.09875     -2.327871  0.017  0.055  0.087  0.059  0.000  0.000  0.000  0.000  0.001  0.220
   0.06583     -2.261964  0.016  0.055  0.084  0.065  0.000  0.000  0.000  0.000  0.001  0.222
   0.03292     -2.205457  0.017  0.054  0.084  0.069  0.000  0.000  0.000  0.000  0.001  0.225
   0.00000     -2.171448  0.023  0.049  0.106  0.062  0.000  0.000  0.000  0.000  0.000  0.242
 
# Band-Index:   19
   0.00000     -2.127015  0.001  0.092  0.004  0.069  0.001  0.000  0.000  0.000  0.001  0.168
   0.03292     -2.098978  0.010  0.082  0.034  0.060  0.001  0.000  0.000  0.000  0.001  0.187
   0.06583     -2.052878  0.015  0.070  0.048  0.057  0.001  0.000  0.000  0.000  0.001  0.192
   0.09875     -1.994197  0.019  0.061  0.056  0.056  0.001  0.000  0.000  0.000  0.001  0.195
   0.13167     -1.924561  0.021  0.055  0.062  0.056  0.001  0.000  0.000  0.000  0.001  0.197
   0.16459     -1.846772  0.023  0.051  0.067  0.056  0.001  0.000  0.000  0.000  0.001  0.199
   0.19750     -1.763485  0.024  0.048  0.071  0.055  0.001  0.000  0.000  0.000  0.001  0.201
   0.23042     -1.676890  0.025  0.046  0.075  0.055  0.001  0.000  0.000  0.000  0.001  0.203
   0.26334     -1.588782  0.026  0.044  0.079  0.054  0.001  0.000  0.000  0.000  0.001  0.204
   0.29626     -1.500685  0.026  0.043  0.082  0.053  0.001  0.000  0.000  0.000  0.001  0.206
   0.32917     -1.413929  0.026  0.042  0.086  0.052  0.001  0.000  0.000  0.000  0.001  0.207
   0.36209     -1.329676  0.026  0.041  0.089  0.051  0.001  0.000  0.000  0.000  0.001  0.208
   0.39501     -1.248915  0.025  0.040  0.093  0.050  0.001  0.000  0.000  0.000  0.001  0.209
   0.42793     -1.172415  0.025  0.039  0.097  0.049  0.000  0.000  0.000  0.000  0.001  0.210
   0.46084     -1.100670  0.024  0.038  0.100  0.047  0.000  0.000  0.000  0.000  0.001  0.211
   0.49376     -1.033825  0.022  0.038  0.105  0.046  0.000  0.000  0.000  0.000  0.001  0.212
   0.52668     -0.971601  0.021  0.038  0.109  0.044  0.000  0.000  0.000  0.000  0.000  0.214
   0.55960     -0.913200  0.019  0.038  0.114  0.043  0.000  0.000  0.000  0.000  0.000  0.216
   0.59251     -0.857207  0.017  0.039  0.119  0.043  0.000  0.000  0.001  0.000  0.000  0.220
   0.62543     -0.801483  0.014  0.042  0.122  0.045  0.000  0.000  0.001  0.000  0.000  0.225
   0.65835     -0.743314  0.011  0.046  0.121  0.051  0.000  0.000  0.000  0.001  0.000  0.231
   0.69127     -0.680479  0.008  0.053  0.113  0.061  0.001  0.000  0.000  0.001  0.000  0.238
   0.72418     -0.613672  0.005  0.061  0.103  0.070  0.001  0.001  0.000  0.001  0.001  0.243
   0.75710     -0.548494  0.003  0.066  0.099  0.073  0.001  0.001  0.000  0.001  0.001  0.244
   0.79002     -0.491425  0.002  0.061  0.099  0.079  0.001  0.001  0.000  0.001  0.001  0.244
   0.82294     -0.443976  0.001  0.052  0.103  0.089  0.001  0.001  0.000  0.001  0.001  0.248
   0.85585     -0.405546  0.001  0.041  0.112  0.099  0.002  0.001  0.000  0.001  0.000  0.257
   0.88877     -0.362929  0.005  0.039  0.110  0.112  0.002  0.000  0.000  0.002  0.000  0.271
   0.92169     -0.262104  0.010  0.099  0.050  0.112  0.002  0.001  0.001  0.002  0.001  0.278
   0.95460     -0.163885  0.001  0.105  0.015  0.163  0.002  0.001  0.000  0.002  0.001  0.290
   0.95460     -0.163885  0.001  0.105  0.015  0.163  0.002  0.001  0.000  0.002  0.001  0.290
   0.98283     -0.239200  0.010  0.088  0.052  0.123  0.002  0.001  0.001  0.002  0.001  0.279
   1.01105     -0.317449  0.006  0.019  0.105  0.138  0.002  0.000  0.000  0.002  0.000  0.273
   1.03927     -0.348171  0.001  0.001  0.112  0.146  0.002  0.000  0.000  0.002  0.000  0.264
   1.06749     -0.368224  0.000  0.001  0.104  0.149  0.002  0.000  0.000  0.002  0.000  0.258
   1.09571     -0.391546  0.000  0.003  0.096  0.151  0.002  0.000  0.000  0.002  0.000  0.254
   1.12393     -0.419599  0.001  0.004  0.092  0.151  0.002  0.000  0.000  0.002  0.000  0.252
   1.15215     -0.451715  0.002  0.006  0.090  0.149  0.002  0.000  0.000  0.002  0.000  0.250
   1.18037     -0.494388  0.003  0.018  0.077  0.141  0.002  0.000  0.000  0.002  0.000  0.243
   1.20859     -0.538461  0.003  0.019  0.093  0.123  0.002  0.000  0.000  0.002  0.000  0.242
   1.23681     -0.581084  0.004  0.021  0.107  0.107  0.001  0.000  0.000  0.002  0.000  0.242
   1.26503     -0.623265  0.005  0.023  0.118  0.092  0.001  0.000  0.000  0.002  0.000  0.242
   1.29326     -0.666473  0.007  0.027  0.127  0.080  0.001  0.000  0.000  0.001  0.000  0.243
   1.32148     -0.712301  0.008  0.031  0.133  0.071  0.001  0.000  0.000  0.001  0.000  0.245
   1.34970     -0.762772  0.011  0.022  0.084  0.127  0.001  0.000  0.000  0.002  0.000  0.247
   1.37792     -0.820684  0.013  0.025  0.081  0.125  0.001  0.000  0.000  0.002  0.000  0.247
   1.40614     -0.881459  0.014  0.027  0.078  0.124  0.001  0.000  0.000  0.002  0.000  0.246
   1.43436     -0.944207  0.014  0.029  0.075  0.124  0.001  0.000  0.000  0.002  0.000  0.245
   1.46258     -1.007809  0.015  0.030  0.072  0.124  0.001  0.000  0.000  0.002  0.000  0.244
   1.49080     -1.071839  0.016  0.050  0.109  0.064  0.000  0.000  0.000  0.001  0.000  0.240
   1.51902     -1.137629  0.015  0.050  0.101  0.069  0.000  0.000  0.000  0.001  0.000  0.237
   1.54724     -1.200452  0.015  0.048  0.093  0.076  0.000  0.000  0.000  0.001  0.000  0.234
   1.57546     -1.258538  0.014  0.046  0.086  0.084  0.000  0.000  0.000  0.002  0.000  0.232
   1.60369     -1.310403  0.013  0.044  0.078  0.092  0.000  0.000  0.000  0.002  0.000  0.230
   1.63191     -1.354916  0.012  0.041  0.072  0.101  0.000  0.000  0.000  0.002  0.000  0.228
   1.66013     -1.391313  0.011  0.038  0.067  0.108  0.000  0.000  0.000  0.002  0.000  0.226
   1.68835     -1.419165  0.010  0.036  0.062  0.115  0.000  0.000  0.000  0.002  0.000  0.226
   1.71657     -1.438300  0.009  0.034  0.058  0.121  0.000  0.000  0.000  0.002  0.000  0.225
   1.74479     -1.448725  0.009  0.032  0.056  0.126  0.000  0.000  0.000  0.002  0.000  0.225
   1.77301     -1.450556  0.009  0.031  0.054  0.129  0.000  0.000  0.000  0.002  0.000  0.226
   1.77301     -1.450556  0.009  0.031  0.054  0.129  0.000  0.000  0.000  0.002  0.000  0.226
   1.78996     -1.461044  0.009  0.033  0.063  0.121  0.000  0.000  0.000  0.002  0.000  0.229
   1.80690     -1.478025  0.010  0.035  0.073  0.111  0.000  0.000  0.000  0.002  0.000  0.231
   1.82385     -1.500099  0.010  0.037  0.084  0.100  0.000  0.000  0.000  0.002  0.000  0.233
   1.84079     -1.525670  0.011  0.039  0.095  0.088  0.000  0.000  0.000  0.002  0.000  0.235
   1.85774     -1.553147  0.012  0.041  0.106  0.076  0.000  0.000  0.000  0.001  0.000  0.237
   1.87468     -1.581157  0.013  0.044  0.116  0.065  0.000  0.000  0.000  0.001  0.000  0.239
   1.89163     -1.608773  0.014  0.046  0.122  0.056  0.000  0.000  0.000  0.001  0.000  0.240
   1.90857     -1.635977  0.015  0.048  0.118  0.055  0.000  0.000  0.000  0.001  0.000  0.237
   1.92552     -1.664648  0.014  0.048  0.088  0.071  0.000  0.000  0.000  0.001  0.001  0.223
   1.94246     -1.696794  0.014  0.046  0.054  0.087  0.000  0.000  0.000  0.001  0.001  0.203
   1.95941     -1.730270  0.014  0.046  0.039  0.090  0.000  0.000  0.000  0.001  0.001  0.192
   1.97635     -1.762849  0.015  0.047  0.034  0.087  0.000  0.000  0.000  0.001  0.001  0.187
   1.99330     -1.793665  0.016  0.049  0.033  0.082  0.000  0.000  0.000  0.001  0.001  0.183
   2.01024     -1.822495  0.017  0.052  0.033  0.077  0.000  0.000  0.000  0.001  0.001  0.181
   2.02719     -1.849423  0.017  0.054  0.034  0.072  0.000  0.000  0.000  0.001  0.001  0.180
   2.04413     -1.874689  0.018  0.056  0.036  0.068  0.000  0.000  0.000  0.001  0.001  0.180
   2.06108     -1.898598  0.018  0.058  0.038  0.065  0.000  0.000  0.000  0.000  0.001  0.181
   2.07802     -1.921465  0.019  0.060  0.039  0.062  0.000  0.000  0.000  0.000  0.001  0.181
   2.09497     -1.943563  0.019  0.061  0.041  0.060  0.001  0.000  0.000  0.000  0.001  0.182
   2.11191     -1.965103  0.018  0.063  0.042  0.058  0.001  0.000  0.000  0.000  0.001  0.183
   2.12886     -1.986206  0.018  0.065  0.043  0.056  0.001  0.000  0.000  0.000  0.001  0.184
   2.14580     -2.006901  0.018  0.067  0.043  0.055  0.001  0.000  0.000  0.000  0.001  0.185
   2.16275     -2.027121  0.017  0.070  0.043  0.055  0.001  0.000  0.000  0.000  0.001  0.186
   2.17969     -2.046717  0.016  0.073  0.042  0.054  0.001  0.000  0.000  0.000  0.001  0.187
   2.19664     -2.065503  0.014  0.077  0.041  0.054  0.001  0.000  0.000  0.000  0.001  0.188
   2.21358     -2.083322  0.013  0.082  0.038  0.053  0.001  0.000  0.000  0.000  0.001  0.188
   2.23053     -2.100118  0.010  0.087  0.033  0.054  0.001  0.000  0.000  0.000  0.001  0.186
   2.24747     -2.115660  0.007  0.092  0.022  0.058  0.001  0.000  0.000  0.000  0.001  0.181
   2.26442     -2.127015  0.001  0.092  0.004  0.069  0.001  0.000  0.000  0.000  0.001  0.168
   2.26442     -2.127015  0.001  0.092  0.004  0.069  0.001  0.000  0.000  0.000  0.001  0.168
   2.29734     -2.098978  0.010  0.082  0.034  0.060  0.001  0.000  0.000  0.000  0.001  0.187
   2.33025     -2.052878  0.015  0.070  0.048  0.057  0.001  0.000  0.000  0.000  0.001  0.192
   2.36317     -1.994197  0.019  0.061  0.056  0.056  0.001  0.000  0.000  0.000  0.001  0.195
   2.39609     -1.924561  0.021  0.055  0.062  0.056  0.001  0.000  0.000  0.000  0.001  0.197
   2.42901     -1.846772  0.023  0.051  0.067  0.056  0.001  0.000  0.000  0.000  0.001  0.199
   2.46192     -1.763485  0.024  0.048  0.071  0.055  0.001  0.000  0.000  0.000  0.001  0.201
   2.49484     -1.676890  0.025  0.046  0.075  0.055  0.001  0.000  0.000  0.000  0.001  0.203
   2.52776     -1.588782  0.026  0.044  0.079  0.054  0.001  0.000  0.000  0.000  0.001  0.204
   2.56068     -1.500685  0.026  0.043  0.082  0.053  0.001  0.000  0.000  0.000  0.001  0.206
   2.59359     -1.413929  0.026  0.042  0.086  0.052  0.001  0.000  0.000  0.000  0.001  0.207
   2.62651     -1.329676  0.026  0.041  0.089  0.051  0.001  0.000  0.000  0.000  0.001  0.208
   2.65943     -1.248915  0.025  0.040  0.093  0.050  0.001  0.000  0.000  0.000  0.001  0.209
   2.69234     -1.172415  0.025  0.039  0.097  0.049  0.000  0.000  0.000  0.000  0.001  0.210
   2.72526     -1.100670  0.024  0.038  0.100  0.047  0.000  0.000  0.000  0.000  0.001  0.211
   2.75818     -1.033825  0.022  0.038  0.105  0.046  0.000  0.000  0.000  0.000  0.001  0.212
   2.79110     -0.971601  0.021  0.038  0.109  0.044  0.000  0.000  0.000  0.000  0.000  0.214
   2.82401     -0.913200  0.019  0.038  0.114  0.043  0.000  0.000  0.000  0.000  0.000  0.216
   2.85693     -0.857207  0.017  0.039  0.119  0.043  0.000  0.000  0.001  0.000  0.000  0.220
   2.88985     -0.801483  0.014  0.042  0.122  0.045  0.000  0.000  0.001  0.000  0.000  0.225
   2.92277     -0.743314  0.011  0.046  0.121  0.051  0.000  0.000  0.000  0.001  0.000  0.231
   2.95568     -0.680479  0.008  0.053  0.113  0.061  0.001  0.000  0.000  0.001  0.000  0.238
   2.98860     -0.613672  0.005  0.061  0.103  0.070  0.001  0.001  0.000  0.001  0.001  0.243
   3.02152     -0.548494  0.003  0.066  0.099  0.073  0.001  0.001  0.000  0.001  0.001  0.244
   3.05444     -0.491425  0.002  0.061  0.099  0.079  0.001  0.001  0.000  0.001  0.001  0.244
   3.08735     -0.443976  0.001  0.052  0.103  0.089  0.001  0.001  0.000  0.001  0.001  0.248
   3.12027     -0.405546  0.001  0.041  0.112  0.099  0.002  0.001  0.000  0.001  0.000  0.257
   3.15319     -0.362929  0.005  0.039  0.110  0.112  0.002  0.000  0.000  0.002  0.000  0.271
   3.18611     -0.262104  0.010  0.099  0.050  0.112  0.002  0.001  0.001  0.002  0.001  0.278
   3.21902     -0.163885  0.001  0.105  0.015  0.163  0.002  0.001  0.000  0.002  0.001  0.290
 
# Band-Index:   20
   3.21902     -0.163885  0.001  0.105  0.015  0.163  0.002  0.001  0.000  0.002  0.001  0.290
   3.18611     -0.179030  0.003  0.050  0.004  0.215  0.002  0.001  0.000  0.003  0.001  0.279
   3.15319     -0.243723  0.005  0.033  0.007  0.214  0.002  0.000  0.001  0.003  0.001  0.265
   3.12027     -0.309714  0.004  0.028  0.017  0.201  0.002  0.000  0.001  0.002  0.001  0.257
   3.08735     -0.375981  0.004  0.024  0.031  0.186  0.002  0.000  0.001  0.002  0.001  0.250
   3.05444     -0.443839  0.004  0.018  0.049  0.167  0.002  0.000  0.001  0.002  0.001  0.242
   3.02152     -0.510547  0.005  0.012  0.071  0.139  0.001  0.000  0.001  0.002  0.001  0.232
   2.98860     -0.571124  0.006  0.014  0.094  0.105  0.001  0.000  0.001  0.001  0.001  0.224
   2.95568     -0.624995  0.007  0.018  0.115  0.079  0.001  0.000  0.001  0.001  0.001  0.222
   2.92277     -0.673519  0.007  0.019  0.136  0.060  0.001  0.000  0.000  0.001  0.001  0.225
   2.88985     -0.717782  0.008  0.019  0.155  0.046  0.000  0.000  0.000  0.001  0.001  0.231
   2.85693     -0.759475  0.009  0.019  0.171  0.037  0.000  0.000  0.000  0.000  0.001  0.237
   2.82401     -0.800929  0.010  0.019  0.183  0.030  0.000  0.000  0.000  0.000  0.000  0.244
   2.79110     -0.844574  0.012  0.020  0.189  0.027  0.000  0.000  0.000  0.000  0.000  0.249
   2.75818     -0.892438  0.014  0.021  0.192  0.026  0.000  0.000  0.000  0.000  0.000  0.253
   2.72526     -0.945897  0.015  0.022  0.193  0.026  0.000  0.000  0.000  0.000  0.000  0.256
   2.69234     -1.005632  0.017  0.023  0.191  0.026  0.000  0.000  0.000  0.000  0.000  0.259
   2.65943     -1.071707  0.019  0.024  0.188  0.027  0.000  0.000  0.000  0.000  0.000  0.260
   2.62651     -1.143686  0.021  0.025  0.185  0.028  0.000  0.000  0.000  0.000  0.000  0.260
   2.59359     -1.220763  0.023  0.026  0.182  0.029  0.000  0.000  0.000  0.000  0.000  0.260
   2.56068     -1.301871  0.025  0.026  0.178  0.029  0.000  0.000  0.000  0.000  0.000  0.259
   2.52776     -1.385781  0.026  0.026  0.176  0.029  0.000  0.000  0.000  0.000  0.000  0.258
   2.49484     -1.471144  0.028  0.026  0.174  0.029  0.000  0.000  0.000  0.000  0.000  0.257
   2.46192     -1.556513  0.030  0.025  0.173  0.028  0.000  0.000  0.000  0.000  0.000  0.257
   2.42901     -1.640281  0.032  0.023  0.174  0.026  0.000  0.000  0.000  0.000  0.000  0.256
   2.39609     -1.720501  0.034  0.021  0.177  0.023  0.000  0.000  0.000  0.000  0.000  0.256
   2.36317     -1.794463  0.037  0.017  0.183  0.019  0.000  0.000  0.000  0.000  0.000  0.257
   2.33025     -1.857703  0.041  0.011  0.194  0.012  0.000  0.000  0.000  0.000  0.000  0.259
   2.29734     -1.902338  0.045  0.004  0.207  0.005  0.000  0.000  0.001  0.000  0.000  0.261
   2.26442     -1.918107  0.047  0.000  0.214  0.000  0.000  0.000  0.001  0.000  0.000  0.262
   2.26442     -1.918107  0.047  0.000  0.214  0.000  0.000  0.000  0.001  0.000  0.000  0.262
   2.24747     -1.915057  0.047  0.002  0.212  0.001  0.000  0.000  0.001  0.000  0.000  0.262
   2.23053     -1.905925  0.045  0.006  0.208  0.002  0.000  0.000  0.001  0.000  0.000  0.262
   2.21358     -1.892774  0.044  0.011  0.203  0.003  0.000  0.000  0.001  0.000  0.000  0.261
   2.19664     -1.877457  0.042  0.016  0.198  0.003  0.000  0.000  0.001  0.000  0.000  0.259
   2.17969     -1.861341  0.040  0.021  0.193  0.003  0.000  0.000  0.000  0.000  0.000  0.258
   2.16275     -1.845317  0.039  0.025  0.190  0.003  0.000  0.000  0.000  0.000  0.000  0.257
   2.14580     -1.829915  0.037  0.029  0.186  0.003  0.000  0.000  0.000  0.000  0.000  0.256
   2.12886     -1.815396  0.036  0.033  0.184  0.002  0.000  0.000  0.000  0.000  0.000  0.255
   2.11191     -1.801835  0.034  0.036  0.181  0.002  0.000  0.000  0.000  0.000  0.000  0.254
   2.09497     -1.789173  0.033  0.038  0.179  0.002  0.000  0.000  0.000  0.000  0.000  0.253
   2.07802     -1.777245  0.032  0.040  0.176  0.003  0.000  0.000  0.000  0.000  0.000  0.251
   2.06108     -1.765815  0.030  0.042  0.174  0.003  0.000  0.000  0.000  0.000  0.000  0.250
   2.04413     -1.754578  0.029  0.043  0.171  0.005  0.000  0.000  0.000  0.000  0.000  0.249
   2.02719     -1.743178  0.028  0.044  0.168  0.007  0.000  0.000  0.000  0.000  0.000  0.247
   2.01024     -1.731213  0.027  0.045  0.164  0.010  0.000  0.000  0.000  0.000  0.000  0.245
   1.99330     -1.718233  0.025  0.045  0.159  0.014  0.000  0.000  0.000  0.000  0.000  0.243
   1.97635     -1.703731  0.024  0.044  0.151  0.020  0.000  0.000  0.000  0.000  0.000  0.240
   1.95941     -1.687085  0.022  0.042  0.140  0.029  0.000  0.000  0.000  0.000  0.000  0.235
   1.94246     -1.667327  0.020  0.039  0.118  0.046  0.000  0.000  0.000  0.001  0.000  0.225
   1.92552     -1.642512  0.018  0.034  0.077  0.078  0.000  0.000  0.000  0.001  0.001  0.208
   1.90857     -1.611256  0.015  0.030  0.039  0.109  0.000  0.000  0.000  0.002  0.001  0.196
   1.89163     -1.576852  0.013  0.028  0.027  0.125  0.000  0.000  0.000  0.002  0.001  0.196
   1.87468     -1.543012  0.012  0.028  0.024  0.133  0.000  0.000  0.000  0.002  0.001  0.200
   1.85774     -1.512049  0.011  0.027  0.026  0.138  0.000  0.000  0.000  0.002  0.001  0.205
   1.84079     -1.485733  0.010  0.027  0.029  0.141  0.000  0.000  0.000  0.002  0.001  0.210
   1.82385     -1.465543  0.010  0.028  0.033  0.141  0.000  0.000  0.000  0.002  0.000  0.215
   1.80690     -1.452607  0.009  0.028  0.039  0.139  0.000  0.000  0.000  0.002  0.000  0.219
   1.78996     -1.447580  0.009  0.030  0.046  0.135  0.000  0.000  0.000  0.002  0.000  0.223
   1.77301     -1.450555  0.009  0.031  0.054  0.129  0.000  0.000  0.000  0.002  0.000  0.226
   1.77301     -1.450555  0.009  0.031  0.054  0.129  0.000  0.000  0.000  0.002  0.000  0.226
   1.74479     -1.443979  0.009  0.030  0.053  0.131  0.000  0.000  0.000  0.002  0.000  0.227
   1.71657     -1.429233  0.009  0.030  0.053  0.133  0.000  0.000  0.000  0.002  0.000  0.228
   1.68835     -1.406606  0.010  0.030  0.053  0.133  0.000  0.000  0.000  0.002  0.000  0.229
   1.66013     -1.376453  0.011  0.030  0.054  0.133  0.000  0.000  0.000  0.002  0.000  0.231
   1.63191     -1.339214  0.011  0.031  0.056  0.132  0.000  0.000  0.000  0.002  0.000  0.232
   1.60369     -1.295442  0.012  0.031  0.058  0.131  0.000  0.000  0.000  0.002  0.000  0.234
   1.57546     -1.245827  0.013  0.032  0.060  0.129  0.000  0.000  0.000  0.002  0.000  0.236
   1.54724     -1.191205  0.014  0.032  0.063  0.128  0.000  0.000  0.000  0.002  0.000  0.238
   1.51902     -1.132561  0.014  0.032  0.066  0.126  0.001  0.000  0.000  0.002  0.000  0.240
   1.49080     -1.071019  0.015  0.031  0.069  0.125  0.001  0.000  0.000  0.002  0.000  0.242
   1.46258     -1.005018  0.015  0.049  0.117  0.060  0.000  0.000  0.000  0.001  0.000  0.242
   1.43436     -0.939105  0.014  0.047  0.123  0.058  0.001  0.000  0.000  0.001  0.000  0.244
   1.40614     -0.875850  0.013  0.044  0.129  0.057  0.001  0.000  0.000  0.001  0.000  0.246
   1.37792     -0.816601  0.012  0.040  0.133  0.059  0.001  0.000  0.000  0.001  0.000  0.246
   1.34970     -0.762089  0.010  0.035  0.134  0.064  0.001  0.000  0.000  0.001  0.000  0.246
   1.32148     -0.708301  0.010  0.019  0.086  0.129  0.001  0.000  0.000  0.002  0.000  0.247
   1.29326     -0.657499  0.008  0.017  0.087  0.132  0.001  0.000  0.000  0.002  0.000  0.247
   1.26503     -0.610277  0.007  0.014  0.088  0.135  0.001  0.000  0.000  0.002  0.000  0.247
   1.23681     -0.566343  0.005  0.011  0.088  0.139  0.001  0.000  0.000  0.002  0.000  0.247
   1.20859     -0.525359  0.004  0.009  0.088  0.142  0.001  0.000  0.000  0.002  0.000  0.248
   1.18037     -0.487121  0.003  0.007  0.089  0.146  0.002  0.000  0.000  0.002  0.000  0.248
   1.15215     -0.448512  0.003  0.017  0.062  0.158  0.002  0.000  0.000  0.002  0.000  0.245
   1.12393     -0.401119  0.002  0.018  0.048  0.175  0.002  0.000  0.000  0.002  0.000  0.248
   1.09571     -0.352919  0.002  0.019  0.035  0.190  0.002  0.000  0.000  0.003  0.000  0.252
   1.06749     -0.304701  0.003  0.021  0.023  0.203  0.003  0.000  0.000  0.003  0.000  0.257
   1.03927     -0.256978  0.003  0.027  0.014  0.213  0.003  0.000  0.000  0.003  0.000  0.263
   1.01105     -0.210197  0.003  0.038  0.008  0.217  0.003  0.000  0.000  0.003  0.000  0.272
   0.98283     -0.168952  0.001  0.063  0.006  0.207  0.002  0.001  0.000  0.003  0.001  0.284
   0.95460     -0.163885  0.001  0.105  0.015  0.163  0.002  0.001  0.000  0.002  0.001  0.290
   0.95460     -0.163885  0.001  0.105  0.015  0.163  0.002  0.001  0.000  0.002  0.001  0.290
   0.92169     -0.179030  0.003  0.050  0.004  0.215  0.002  0.001  0.000  0.003  0.001  0.279
   0.88877     -0.243723  0.005  0.033  0.007  0.214  0.002  0.000  0.001  0.003  0.001  0.265
   0.85585     -0.309714  0.004  0.028  0.017  0.201  0.002  0.000  0.001  0.002  0.001  0.257
   0.82294     -0.375981  0.004  0.024  0.031  0.186  0.002  0.000  0.001  0.002  0.001  0.250
   0.79002     -0.443839  0.004  0.018  0.049  0.167  0.002  0.000  0.001  0.002  0.001  0.242
   0.75710     -0.510547  0.005  0.012  0.071  0.139  0.001  0.000  0.001  0.002  0.001  0.232
   0.72418     -0.571124  0.006  0.014  0.094  0.105  0.001  0.000  0.001  0.001  0.001  0.224
   0.69127     -0.624995  0.007  0.018  0.115  0.079  0.001  0.000  0.001  0.001  0.001  0.222
   0.65835     -0.673519  0.007  0.019  0.136  0.060  0.001  0.000  0.000  0.001  0.001  0.225
   0.62543     -0.717782  0.008  0.019  0.155  0.046  0.000  0.000  0.000  0.001  0.001  0.231
   0.59251     -0.759475  0.009  0.019  0.171  0.037  0.000  0.000  0.000  0.000  0.001  0.237
   0.55960     -0.800929  0.010  0.019  0.183  0.030  0.000  0.000  0.000  0.000  0.000  0.244
   0.52668     -0.844574  0.012  0.020  0.189  0.027  0.000  0.000  0.000  0.000  0.000  0.249
   0.49376     -0.892438  0.014  0.021  0.192  0.026  0.000  0.000  0.000  0.000  0.000  0.253
   0.46084     -0.945897  0.015  0.022  0.193  0.026  0.000  0.000  0.000  0.000  0.000  0.256
   0.42793     -1.005632  0.017  0.023  0.191  0.026  0.000  0.000  0.000  0.000  0.000  0.259
   0.39501     -1.071707  0.019  0.024  0.188  0.027  0.000  0.000  0.000  0.000  0.000  0.260
   0.36209     -1.143686  0.021  0.025  0.185  0.028  0.000  0.000  0.000  0.000  0.000  0.260
   0.32917     -1.220763  0.023  0.026  0.182  0.029  0.000  0.000  0.000  0.000  0.000  0.260
   0.29626     -1.301871  0.025  0.026  0.178  0.029  0.000  0.000  0.000  0.000  0.000  0.259
   0.26334     -1.385781  0.026  0.026  0.176  0.029  0.000  0.000  0.000  0.000  0.000  0.258
   0.23042     -1.471144  0.028  0.026  0.174  0.029  0.000  0.000  0.000  0.000  0.000  0.257
   0.19750     -1.556513  0.030  0.025  0.173  0.028  0.000  0.000  0.000  0.000  0.000  0.257
   0.16459     -1.640281  0.032  0.023  0.174  0.026  0.000  0.000  0.000  0.000  0.000  0.256
   0.13167     -1.720501  0.034  0.021  0.177  0.023  0.000  0.000  0.000  0.000  0.000  0.256
   0.09875     -1.794463  0.037  0.017  0.183  0.019  0.000  0.000  0.000  0.000  0.000  0.257
   0.06583     -1.857703  0.041  0.011  0.194  0.012  0.000  0.000  0.000  0.000  0.000  0.259
   0.03292     -1.902338  0.045  0.004  0.207  0.005  0.000  0.000  0.001  0.000  0.000  0.261
   0.00000     -1.918107  0.047  0.000  0.214  0.000  0.000  0.000  0.001  0.000  0.000  0.262
 
# Band-Index:   21
   0.00000      1.001634  0.000  0.078  0.000  0.090  0.001  0.003  0.000  0.004  0.001  0.176
   0.03292      1.013001  0.000  0.075  0.000  0.093  0.001  0.003  0.000  0.004  0.001  0.177
   0.06583      1.039840  0.000  0.072  0.001  0.097  0.001  0.003  0.000  0.004  0.001  0.179
   0.09875      1.080689  0.000  0.070  0.002  0.101  0.001  0.003  0.000  0.003  0.001  0.181
   0.13167      1.133597  0.001  0.067  0.004  0.106  0.001  0.003  0.000  0.003  0.001  0.185
   0.16459      1.196185  0.001  0.065  0.005  0.112  0.001  0.003  0.000  0.003  0.001  0.191
   0.19750      1.265546  0.001  0.063  0.006  0.120  0.001  0.003  0.000  0.003  0.001  0.197
   0.23042      1.337881  0.001  0.061  0.006  0.130  0.001  0.003  0.000  0.003  0.001  0.206
   0.26334      1.407470  0.001  0.058  0.006  0.144  0.001  0.002  0.000  0.003  0.001  0.217
   0.29626      1.463801  0.002  0.055  0.007  0.161  0.001  0.002  0.000  0.003  0.001  0.230
   0.32917      1.487419  0.004  0.052  0.014  0.165  0.001  0.001  0.000  0.002  0.000  0.240
   0.36209      1.465794  0.007  0.054  0.025  0.146  0.001  0.002  0.000  0.001  0.000  0.238
   0.39501      1.417416  0.010  0.059  0.033  0.127  0.001  0.002  0.000  0.001  0.001  0.234
   0.42793      1.362231  0.012  0.065  0.035  0.116  0.001  0.002  0.000  0.001  0.001  0.233
   0.46084      1.309002  0.013  0.071  0.035  0.110  0.001  0.002  0.000  0.001  0.001  0.234
   0.49376      1.261073  0.014  0.078  0.034  0.106  0.001  0.002  0.000  0.001  0.001  0.237
   0.52668      1.219462  0.015  0.085  0.034  0.104  0.001  0.002  0.000  0.001  0.001  0.242
   0.55960      1.183856  0.016  0.091  0.034  0.101  0.001  0.001  0.000  0.000  0.001  0.247
   0.59251      1.152849  0.017  0.098  0.036  0.097  0.002  0.001  0.000  0.000  0.001  0.252
   0.62543      1.123843  0.018  0.103  0.040  0.091  0.002  0.001  0.000  0.000  0.001  0.257
   0.65835      1.092631  0.021  0.106  0.047  0.082  0.002  0.001  0.001  0.000  0.001  0.261
   0.69127      1.052597  0.025  0.103  0.058  0.069  0.002  0.001  0.001  0.000  0.001  0.260
   0.72418      0.993810  0.032  0.091  0.074  0.053  0.002  0.001  0.001  0.000  0.001  0.256
   0.75710      0.905188  0.040  0.073  0.091  0.042  0.001  0.001  0.002  0.000  0.001  0.250
   0.79002      0.783605  0.044  0.060  0.099  0.041  0.001  0.001  0.002  0.000  0.001  0.249
   0.82294      0.636933  0.046  0.054  0.101  0.045  0.001  0.001  0.002  0.000  0.001  0.251
   0.85585      0.476871  0.046  0.050  0.099  0.052  0.001  0.001  0.003  0.000  0.001  0.252
   0.88877      0.317814  0.048  0.044  0.094  0.057  0.000  0.001  0.003  0.000  0.001  0.249
   0.92169      0.186653  0.054  0.033  0.087  0.057  0.000  0.000  0.004  0.000  0.000  0.236
   0.95460      0.163175  0.060  0.025  0.074  0.057  0.000  0.000  0.005  0.000  0.000  0.221
   0.95460      0.163175  0.060  0.025  0.074  0.057  0.000  0.000  0.005  0.000  0.000  0.221
   0.98283      0.184831  0.053  0.002  0.081  0.096  0.000  0.000  0.004  0.000  0.001  0.237
   1.01105      0.288298  0.049  0.011  0.088  0.096  0.000  0.001  0.003  0.000  0.001  0.250
   1.03927      0.423111  0.048  0.020  0.095  0.087  0.000  0.001  0.003  0.000  0.001  0.255
   1.06749      0.567631  0.048  0.025  0.100  0.078  0.000  0.001  0.003  0.000  0.001  0.256
   1.09571      0.708811  0.048  0.026  0.102  0.072  0.000  0.001  0.002  0.000  0.001  0.253
   1.12393      0.834928  0.049  0.026  0.101  0.066  0.000  0.001  0.002  0.000  0.002  0.246
   1.15215      0.933503  0.048  0.027  0.095  0.059  0.000  0.001  0.002  0.000  0.003  0.235
   1.18037      0.959230  0.017  0.205  0.018  0.026  0.000  0.000  0.002  0.000  0.003  0.270
   1.20859      0.932478  0.018  0.193  0.015  0.027  0.000  0.000  0.001  0.000  0.003  0.258
   1.23681      0.890594  0.020  0.180  0.013  0.027  0.000  0.000  0.001  0.000  0.004  0.245
   1.26503      0.842355  0.021  0.166  0.014  0.026  0.000  0.000  0.001  0.000  0.004  0.233
   1.29326      0.794365  0.022  0.151  0.016  0.026  0.000  0.001  0.001  0.000  0.004  0.222
   1.32148      0.751459  0.023  0.137  0.020  0.026  0.000  0.001  0.001  0.000  0.005  0.213
   1.34970      0.717016  0.023  0.124  0.026  0.025  0.000  0.001  0.001  0.000  0.005  0.205
   1.37792      0.693134  0.023  0.111  0.033  0.025  0.000  0.001  0.001  0.000  0.005  0.199
   1.40614      0.680767  0.023  0.099  0.041  0.024  0.000  0.001  0.001  0.000  0.005  0.194
   1.43436      0.679912  0.022  0.088  0.050  0.023  0.000  0.001  0.001  0.000  0.005  0.191
   1.46258      0.689850  0.022  0.078  0.058  0.023  0.000  0.001  0.001  0.000  0.006  0.188
   1.49080      0.709387  0.021  0.069  0.066  0.022  0.000  0.001  0.001  0.000  0.006  0.187
   1.51902      0.737075  0.021  0.062  0.073  0.022  0.000  0.001  0.001  0.000  0.006  0.186
   1.54724      0.771358  0.021  0.056  0.079  0.021  0.000  0.001  0.001  0.000  0.007  0.186
   1.57546      0.810643  0.020  0.051  0.085  0.021  0.000  0.001  0.001  0.000  0.007  0.186
   1.60369      0.853333  0.021  0.046  0.089  0.020  0.000  0.001  0.001  0.000  0.008  0.187
   1.63191      0.897814  0.021  0.042  0.093  0.020  0.000  0.001  0.001  0.000  0.009  0.187
   1.66013      0.942418  0.021  0.039  0.095  0.020  0.000  0.001  0.001  0.000  0.009  0.187
   1.68835      0.985381  0.022  0.036  0.097  0.019  0.000  0.001  0.001  0.000  0.010  0.186
   1.71657      1.024807  0.023  0.033  0.098  0.019  0.000  0.000  0.001  0.000  0.011  0.186
   1.74479      1.058671  0.024  0.031  0.098  0.018  0.000  0.000  0.001  0.000  0.012  0.184
   1.77301      1.084924  0.024  0.029  0.097  0.017  0.000  0.000  0.001  0.000  0.012  0.181
   1.77301      1.084924  0.024  0.029  0.097  0.017  0.000  0.000  0.001  0.000  0.012  0.181
   1.78996      1.071945  0.024  0.031  0.098  0.011  0.000  0.000  0.001  0.000  0.012  0.179
   1.80690      1.073541  0.024  0.034  0.099  0.007  0.000  0.000  0.001  0.000  0.012  0.178
   1.82385      1.089178  0.024  0.037  0.099  0.004  0.000  0.000  0.001  0.000  0.012  0.178
   1.84079      1.117624  0.023  0.040  0.099  0.003  0.000  0.001  0.001  0.000  0.012  0.178
   1.85774      1.156989  0.022  0.043  0.098  0.002  0.000  0.001  0.001  0.000  0.011  0.179
   1.87468      1.204750  0.022  0.046  0.096  0.003  0.000  0.001  0.001  0.000  0.011  0.181
   1.89163      1.257737  0.020  0.051  0.094  0.005  0.000  0.001  0.001  0.001  0.010  0.183
   1.90857      1.312037  0.019  0.055  0.089  0.009  0.000  0.002  0.001  0.001  0.009  0.184
   1.92552      1.362916  0.016  0.060  0.084  0.014  0.000  0.002  0.001  0.001  0.008  0.186
   1.94246      1.405056  0.014  0.064  0.076  0.023  0.000  0.003  0.001  0.001  0.007  0.188
   1.95941      1.433616  0.011  0.068  0.067  0.034  0.000  0.004  0.001  0.001  0.005  0.190
   1.97635      1.445957  0.008  0.070  0.057  0.047  0.000  0.004  0.001  0.001  0.004  0.192
   1.99330      1.442576  0.005  0.070  0.048  0.060  0.000  0.004  0.000  0.001  0.003  0.192
   2.01024      1.426193  0.004  0.069  0.040  0.071  0.000  0.005  0.000  0.002  0.003  0.193
   2.02719      1.400162  0.002  0.067  0.034  0.080  0.000  0.005  0.000  0.002  0.002  0.193
   2.04413      1.367512  0.002  0.066  0.028  0.087  0.000  0.005  0.000  0.002  0.002  0.192
   2.06108      1.330687  0.001  0.065  0.023  0.092  0.000  0.004  0.000  0.002  0.002  0.191
   2.07802      1.291613  0.001  0.064  0.019  0.096  0.000  0.004  0.000  0.003  0.001  0.190
   2.09497      1.251817  0.001  0.064  0.015  0.099  0.000  0.004  0.000  0.003  0.001  0.188
   2.11191      1.212536  0.001  0.064  0.012  0.101  0.001  0.004  0.000  0.003  0.001  0.187
   2.12886      1.174780  0.001  0.064  0.009  0.102  0.001  0.004  0.000  0.003  0.001  0.185
   2.14580      1.139390  0.001  0.065  0.007  0.102  0.001  0.004  0.000  0.003  0.001  0.183
   2.16275      1.107060  0.000  0.066  0.005  0.102  0.001  0.004  0.000  0.003  0.001  0.182
   2.17969      1.078359  0.000  0.067  0.003  0.101  0.001  0.003  0.000  0.003  0.001  0.180
   2.19664      1.053740  0.000  0.069  0.002  0.099  0.001  0.003  0.000  0.003  0.001  0.179
   2.21358      1.033554  0.000  0.071  0.001  0.097  0.001  0.003  0.000  0.003  0.001  0.178
   2.23053      1.018049  0.000  0.073  0.000  0.095  0.001  0.003  0.000  0.003  0.001  0.177
   2.24747      1.007384  0.000  0.075  0.000  0.093  0.001  0.003  0.000  0.004  0.001  0.176
   2.26442      1.001634  0.000  0.078  0.000  0.090  0.001  0.003  0.000  0.004  0.001  0.176
   2.26442      1.001634  0.000  0.078  0.000  0.090  0.001  0.003  0.000  0.004  0.001  0.176
   2.29734      1.013001  0.000  0.075  0.000  0.093  0.001  0.003  0.000  0.004  0.001  0.177
   2.33025      1.039840  0.000  0.072  0.001  0.097  0.001  0.003  0.000  0.004  0.001  0.179
   2.36317      1.080689  0.000  0.070  0.002  0.101  0.001  0.003  0.000  0.003  0.001  0.181
   2.39609      1.133597  0.001  0.067  0.004  0.106  0.001  0.003  0.000  0.003  0.001  0.185
   2.42901      1.196185  0.001  0.065  0.005  0.112  0.001  0.003  0.000  0.003  0.001  0.191
   2.46192      1.265546  0.001  0.063  0.006  0.120  0.001  0.003  0.000  0.003  0.001  0.197
   2.49484      1.337881  0.001  0.061  0.006  0.130  0.001  0.003  0.000  0.003  0.001  0.206
   2.52776      1.407470  0.001  0.058  0.006  0.144  0.001  0.002  0.000  0.003  0.001  0.217
   2.56068      1.463801  0.002  0.055  0.007  0.161  0.001  0.002  0.000  0.003  0.001  0.230
   2.59359      1.487419  0.004  0.052  0.014  0.165  0.001  0.001  0.000  0.002  0.000  0.240
   2.62651      1.465794  0.007  0.054  0.025  0.146  0.001  0.002  0.000  0.001  0.000  0.238
   2.65943      1.417416  0.010  0.059  0.033  0.127  0.001  0.002  0.000  0.001  0.001  0.234
   2.69234      1.362231  0.012  0.065  0.035  0.116  0.001  0.002  0.000  0.001  0.001  0.233
   2.72526      1.309002  0.013  0.071  0.035  0.110  0.001  0.002  0.000  0.001  0.001  0.234
   2.75818      1.261073  0.014  0.078  0.034  0.106  0.001  0.002  0.000  0.001  0.001  0.237
   2.79110      1.219462  0.015  0.085  0.034  0.104  0.001  0.002  0.000  0.001  0.001  0.242
   2.82401      1.183856  0.016  0.091  0.034  0.101  0.001  0.001  0.000  0.000  0.001  0.247
   2.85693      1.152849  0.017  0.098  0.036  0.097  0.002  0.001  0.000  0.000  0.001  0.252
   2.88985      1.123843  0.018  0.103  0.040  0.091  0.002  0.001  0.000  0.000  0.001  0.257
   2.92277      1.092631  0.021  0.106  0.047  0.082  0.002  0.001  0.001  0.000  0.001  0.261
   2.95568      1.052597  0.025  0.103  0.058  0.069  0.002  0.001  0.001  0.000  0.001  0.260
   2.98860      0.993810  0.032  0.091  0.074  0.053  0.002  0.001  0.001  0.000  0.001  0.256
   3.02152      0.905188  0.040  0.073  0.091  0.042  0.001  0.001  0.002  0.000  0.001  0.250
   3.05444      0.783605  0.044  0.060  0.099  0.041  0.001  0.001  0.002  0.000  0.001  0.249
   3.08735      0.636933  0.046  0.054  0.101  0.045  0.001  0.001  0.002  0.000  0.001  0.251
   3.12027      0.476871  0.046  0.050  0.099  0.052  0.001  0.001  0.003  0.000  0.001  0.252
   3.15319      0.317814  0.048  0.044  0.094  0.057  0.000  0.001  0.003  0.000  0.001  0.249
   3.18611      0.186653  0.054  0.033  0.087  0.057  0.000  0.000  0.004  0.000  0.000  0.236
   3.21902      0.163175  0.060  0.025  0.074  0.057  0.000  0.000  0.005  0.000  0.000  0.221
 
# Band-Index:   22
   3.21902      0.163175  0.060  0.025  0.074  0.057  0.000  0.000  0.005  0.000  0.000  0.221
   3.18611      0.293780  0.051  0.062  0.056  0.061  0.000  0.000  0.004  0.000  0.000  0.235
   3.15319      0.473795  0.042  0.093  0.047  0.064  0.000  0.000  0.004  0.000  0.000  0.252
   3.12027      0.652811  0.035  0.115  0.042  0.071  0.000  0.000  0.003  0.000  0.000  0.267
   3.08735      0.813274  0.028  0.129  0.037  0.082  0.000  0.000  0.003  0.000  0.000  0.280
   3.05444      0.948128  0.022  0.133  0.033  0.098  0.000  0.000  0.002  0.000  0.000  0.288
   3.02152      1.060264  0.020  0.120  0.033  0.109  0.001  0.000  0.002  0.000  0.000  0.285
   2.98860      1.158870  0.022  0.095  0.040  0.108  0.001  0.000  0.002  0.000  0.001  0.269
   2.95568      1.247442  0.026  0.073  0.045  0.100  0.001  0.001  0.002  0.000  0.001  0.249
   2.92277      1.322577  0.027  0.060  0.045  0.092  0.002  0.001  0.001  0.000  0.001  0.229
   2.88985      1.382435  0.026  0.055  0.041  0.086  0.002  0.001  0.001  0.000  0.001  0.214
   2.85693      1.430285  0.023  0.055  0.035  0.084  0.002  0.001  0.001  0.000  0.001  0.203
   2.82401      1.472578  0.020  0.055  0.032  0.084  0.002  0.001  0.001  0.000  0.001  0.197
   2.79110      1.515146  0.018  0.054  0.031  0.084  0.002  0.001  0.001  0.001  0.001  0.193
   2.75818      1.561498  0.016  0.052  0.034  0.084  0.002  0.002  0.001  0.001  0.001  0.191
   2.72526      1.612631  0.016  0.049  0.039  0.083  0.001  0.002  0.001  0.001  0.001  0.191
   2.69234      1.665758  0.016  0.045  0.048  0.081  0.001  0.002  0.001  0.001  0.001  0.195
   2.65943      1.707397  0.016  0.046  0.062  0.074  0.001  0.002  0.001  0.001  0.000  0.204
   2.62651      1.714956  0.016  0.056  0.067  0.053  0.001  0.003  0.000  0.002  0.001  0.199
   2.59359      1.709652  0.016  0.058  0.066  0.033  0.001  0.005  0.000  0.002  0.001  0.183
   2.56068      1.715111  0.014  0.051  0.047  0.050  0.001  0.005  0.000  0.003  0.001  0.172
   2.52776      1.698618  0.008  0.045  0.017  0.082  0.001  0.005  0.000  0.004  0.001  0.162
   2.49484      1.646960  0.004  0.045  0.004  0.091  0.001  0.005  0.000  0.005  0.000  0.155
   2.46192      1.581480  0.002  0.046  0.002  0.090  0.001  0.005  0.000  0.005  0.000  0.151
   2.42901      1.515179  0.002  0.048  0.001  0.086  0.000  0.005  0.000  0.005  0.000  0.147
   2.39609      1.454200  0.001  0.050  0.001  0.082  0.000  0.005  0.000  0.005  0.000  0.144
   2.36317      1.402262  0.001  0.052  0.001  0.078  0.000  0.005  0.000  0.005  0.000  0.142
   2.33025      1.362071  0.001  0.054  0.001  0.074  0.000  0.005  0.000  0.005  0.000  0.140
   2.29734      1.335776  0.001  0.057  0.001  0.071  0.000  0.005  0.000  0.005  0.000  0.139
   2.26442      1.325070  0.000  0.059  0.001  0.067  0.000  0.005  0.000  0.005  0.000  0.138
   2.26442      1.325070  0.000  0.059  0.001  0.067  0.000  0.005  0.000  0.005  0.000  0.138
   2.24747      1.330068  0.001  0.056  0.000  0.070  0.000  0.005  0.000  0.005  0.000  0.139
   2.23053      1.340201  0.001  0.054  0.000  0.074  0.000  0.005  0.000  0.005  0.000  0.139
   2.21358      1.355510  0.001  0.051  0.000  0.077  0.000  0.005  0.000  0.005  0.000  0.140
   2.19664      1.375973  0.001  0.048  0.001  0.080  0.000  0.005  0.000  0.005  0.000  0.141
   2.17969      1.401491  0.001  0.046  0.001  0.084  0.000  0.005  0.000  0.005  0.000  0.142
   2.16275      1.431879  0.001  0.043  0.002  0.087  0.000  0.005  0.000  0.005  0.000  0.144
   2.14580      1.466850  0.001  0.041  0.003  0.090  0.000  0.005  0.000  0.005  0.000  0.146
   2.12886      1.505994  0.001  0.039  0.005  0.093  0.000  0.005  0.000  0.005  0.001  0.148
   2.11191      1.548757  0.001  0.037  0.007  0.096  0.000  0.005  0.000  0.005  0.001  0.150
   2.09497      1.594410  0.001  0.035  0.010  0.097  0.000  0.005  0.000  0.005  0.001  0.154
   2.07802      1.642009  0.001  0.034  0.013  0.099  0.000  0.005  0.000  0.005  0.001  0.157
   2.06108      1.690338  0.001  0.032  0.018  0.099  0.000  0.005  0.000  0.004  0.001  0.161
   2.04413      1.737848  0.001  0.031  0.025  0.098  0.000  0.005  0.000  0.004  0.001  0.165
   2.02719      1.782574  0.002  0.031  0.032  0.095  0.000  0.005  0.000  0.004  0.001  0.169
   2.01024      1.821936  0.003  0.030  0.039  0.093  0.000  0.005  0.000  0.003  0.001  0.174
   1.99330      1.851380  0.005  0.028  0.041  0.096  0.000  0.005  0.000  0.003  0.002  0.179
   1.97635      1.851069  0.011  0.019  0.049  0.126  0.000  0.002  0.000  0.002  0.004  0.212
   1.95941      1.801563  0.015  0.011  0.076  0.133  0.000  0.000  0.000  0.001  0.005  0.242
   1.94246      1.736091  0.016  0.010  0.084  0.129  0.000  0.000  0.000  0.000  0.006  0.246
   1.92552      1.662982  0.018  0.011  0.087  0.119  0.000  0.000  0.000  0.000  0.007  0.242
   1.90857      1.584199  0.019  0.013  0.088  0.106  0.000  0.000  0.000  0.000  0.008  0.235
   1.89163      1.502456  0.021  0.015  0.088  0.092  0.000  0.000  0.001  0.000  0.009  0.226
   1.87468      1.420932  0.022  0.017  0.089  0.078  0.000  0.000  0.001  0.000  0.010  0.217
   1.85774      1.342685  0.023  0.019  0.090  0.066  0.000  0.000  0.001  0.000  0.011  0.208
   1.84079      1.270447  0.024  0.021  0.091  0.054  0.000  0.000  0.001  0.000  0.011  0.201
   1.82385      1.206627  0.024  0.023  0.092  0.043  0.000  0.000  0.001  0.000  0.012  0.194
   1.80690      1.153330  0.024  0.025  0.094  0.033  0.000  0.000  0.001  0.000  0.012  0.189
   1.78996      1.112318  0.024  0.027  0.095  0.025  0.000  0.000  0.001  0.000  0.012  0.185
   1.77301      1.084924  0.024  0.029  0.097  0.017  0.000  0.000  0.001  0.000  0.012  0.181
   1.77301      1.084924  0.024  0.029  0.097  0.017  0.000  0.000  0.001  0.000  0.012  0.181
   1.74479      1.101747  0.025  0.027  0.096  0.016  0.000  0.000  0.001  0.000  0.013  0.178
   1.71657      1.107948  0.025  0.026  0.094  0.014  0.000  0.000  0.001  0.000  0.013  0.174
   1.68835      1.103362  0.025  0.026  0.092  0.013  0.000  0.000  0.001  0.000  0.013  0.170
   1.66013      1.089003  0.025  0.027  0.090  0.011  0.000  0.000  0.001  0.000  0.012  0.166
   1.63191      1.066837  0.025  0.028  0.087  0.009  0.000  0.000  0.001  0.000  0.012  0.162
   1.60369      1.039350  0.024  0.029  0.084  0.008  0.000  0.001  0.001  0.000  0.011  0.159
   1.57546      1.009128  0.024  0.031  0.082  0.007  0.000  0.001  0.001  0.000  0.010  0.156
   1.54724      0.978621  0.024  0.034  0.079  0.006  0.000  0.001  0.001  0.000  0.009  0.154
   1.51902      0.950037  0.024  0.037  0.075  0.005  0.000  0.001  0.001  0.000  0.009  0.152
   1.49080      0.925327  0.024  0.040  0.072  0.005  0.000  0.001  0.001  0.000  0.008  0.151
   1.46258      0.906192  0.025  0.043  0.068  0.005  0.000  0.001  0.001  0.000  0.008  0.151
   1.43436      0.894057  0.025  0.047  0.064  0.005  0.000  0.001  0.001  0.000  0.007  0.151
   1.40614      0.890013  0.026  0.051  0.061  0.005  0.000  0.001  0.001  0.000  0.007  0.152
   1.37792      0.894693  0.027  0.054  0.058  0.006  0.000  0.001  0.001  0.000  0.007  0.155
   1.34970      0.908086  0.029  0.058  0.055  0.008  0.000  0.001  0.001  0.000  0.007  0.158
   1.32148      0.929283  0.030  0.060  0.054  0.011  0.000  0.001  0.001  0.000  0.006  0.163
   1.29326      0.956095  0.032  0.060  0.055  0.015  0.000  0.001  0.001  0.000  0.006  0.170
   1.26503      0.984498  0.035  0.058  0.058  0.020  0.000  0.001  0.001  0.000  0.006  0.178
   1.23681      1.007744  0.038  0.052  0.064  0.028  0.000  0.001  0.001  0.000  0.005  0.188
   1.20859      1.015378  0.041  0.042  0.074  0.038  0.000  0.001  0.001  0.000  0.004  0.202
   1.18037      0.994014  0.045  0.032  0.085  0.049  0.000  0.001  0.002  0.000  0.004  0.219
   1.15215      0.959897  0.018  0.212  0.023  0.023  0.000  0.000  0.002  0.000  0.002  0.281
   1.12393      0.923360  0.021  0.211  0.030  0.019  0.000  0.000  0.002  0.000  0.001  0.285
   1.09571      0.843635  0.027  0.200  0.036  0.015  0.000  0.000  0.003  0.000  0.000  0.281
   1.06749      0.724456  0.034  0.181  0.041  0.011  0.000  0.000  0.003  0.000  0.000  0.272
   1.03927      0.577211  0.040  0.158  0.046  0.010  0.000  0.001  0.004  0.000  0.000  0.258
   1.01105      0.416384  0.046  0.129  0.052  0.012  0.000  0.001  0.004  0.000  0.000  0.244
   0.98283      0.262243  0.054  0.087  0.061  0.021  0.000  0.000  0.005  0.000  0.000  0.228
   0.95460      0.163175  0.060  0.025  0.074  0.057  0.000  0.000  0.005  0.000  0.000  0.221
   0.95460      0.163175  0.060  0.025  0.074  0.057  0.000  0.000  0.005  0.000  0.000  0.221
   0.92169      0.293780  0.051  0.062  0.056  0.061  0.000  0.000  0.004  0.000  0.000  0.235
   0.88877      0.473795  0.042  0.093  0.047  0.064  0.000  0.000  0.004  0.000  0.000  0.252
   0.85585      0.652811  0.035  0.115  0.042  0.071  0.000  0.000  0.003  0.000  0.000  0.267
   0.82294      0.813274  0.028  0.129  0.037  0.082  0.000  0.000  0.003  0.000  0.000  0.280
   0.79002      0.948128  0.022  0.133  0.033  0.098  0.000  0.000  0.002  0.000  0.000  0.288
   0.75710      1.060264  0.020  0.120  0.033  0.109  0.001  0.000  0.002  0.000  0.000  0.285
   0.72418      1.158870  0.022  0.095  0.040  0.108  0.001  0.000  0.002  0.000  0.001  0.269
   0.69127      1.247442  0.026  0.073  0.045  0.100  0.001  0.001  0.002  0.000  0.001  0.249
   0.65835      1.322577  0.027  0.060  0.045  0.092  0.002  0.001  0.001  0.000  0.001  0.229
   0.62543      1.382435  0.026  0.055  0.041  0.086  0.002  0.001  0.001  0.000  0.001  0.214
   0.59251      1.430285  0.023  0.055  0.035  0.084  0.002  0.001  0.001  0.000  0.001  0.203
   0.55960      1.472578  0.020  0.055  0.032  0.084  0.002  0.001  0.001  0.000  0.001  0.197
   0.52668      1.515146  0.018  0.054  0.031  0.084  0.002  0.001  0.001  0.001  0.001  0.193
   0.49376      1.561498  0.016  0.052  0.034  0.084  0.002  0.002  0.001  0.001  0.001  0.191
   0.46084      1.612631  0.016  0.049  0.039  0.083  0.001  0.002  0.001  0.001  0.001  0.191
   0.42793      1.665758  0.016  0.045  0.048  0.081  0.001  0.002  0.001  0.001  0.001  0.195
   0.39501      1.707397  0.016  0.046  0.062  0.074  0.001  0.002  0.001  0.001  0.000  0.204
   0.36209      1.714956  0.016  0.056  0.067  0.053  0.001  0.003  0.000  0.002  0.001  0.199
   0.32917      1.709652  0.016  0.058  0.066  0.033  0.001  0.005  0.000  0.002  0.001  0.183
   0.29626      1.715111  0.014  0.051  0.047  0.050  0.001  0.005  0.000  0.003  0.001  0.172
   0.26334      1.698618  0.008  0.045  0.017  0.082  0.001  0.005  0.000  0.004  0.001  0.162
   0.23042      1.646960  0.004  0.045  0.004  0.091  0.001  0.005  0.000  0.005  0.000  0.155
   0.19750      1.581480  0.002  0.046  0.002  0.090  0.001  0.005  0.000  0.005  0.000  0.151
   0.16459      1.515179  0.002  0.048  0.001  0.086  0.000  0.005  0.000  0.005  0.000  0.147
   0.13167      1.454200  0.001  0.050  0.001  0.082  0.000  0.005  0.000  0.005  0.000  0.144
   0.09875      1.402262  0.001  0.052  0.001  0.078  0.000  0.005  0.000  0.005  0.000  0.142
   0.06583      1.362071  0.001  0.054  0.001  0.074  0.000  0.005  0.000  0.005  0.000  0.140
   0.03292      1.335776  0.001  0.057  0.001  0.071  0.000  0.005  0.000  0.005  0.000  0.139
   0.00000      1.325070  0.000  0.059  0.001  0.067  0.000  0.005  0.000  0.005  0.000  0.138
 
# Band-Index:   23
   0.00000      2.356718  0.017  0.047  0.145  0.034  0.000  0.002  0.000  0.001  0.000  0.246
   0.03292      2.349138  0.017  0.046  0.143  0.034  0.000  0.002  0.000  0.001  0.000  0.244
   0.06583      2.321608  0.016  0.046  0.139  0.034  0.000  0.002  0.000  0.001  0.000  0.241
   0.09875      2.275384  0.016  0.046  0.134  0.034  0.000  0.003  0.000  0.001  0.000  0.235
   0.13167      2.213531  0.016  0.047  0.128  0.033  0.000  0.003  0.000  0.001  0.000  0.229
   0.16459      2.140636  0.015  0.048  0.121  0.033  0.001  0.003  0.000  0.001  0.001  0.222
   0.19750      2.062542  0.015  0.050  0.114  0.032  0.001  0.003  0.000  0.001  0.001  0.216
   0.23042      1.987362  0.014  0.052  0.105  0.033  0.000  0.003  0.000  0.001  0.001  0.209
   0.26334      1.930079  0.011  0.052  0.088  0.045  0.000  0.003  0.000  0.001  0.001  0.201
   0.29626      1.914426  0.006  0.046  0.054  0.083  0.000  0.002  0.000  0.002  0.000  0.195
   0.32917      1.917360  0.004  0.041  0.028  0.119  0.001  0.001  0.001  0.002  0.000  0.197
   0.36209      1.873729  0.005  0.056  0.013  0.100  0.001  0.002  0.001  0.001  0.001  0.181
   0.39501      1.836843  0.005  0.073  0.008  0.095  0.001  0.003  0.001  0.001  0.002  0.189
   0.42793      1.830000  0.007  0.079  0.017  0.102  0.001  0.003  0.001  0.001  0.002  0.213
   0.46084      1.825007  0.008  0.081  0.025  0.110  0.002  0.002  0.001  0.001  0.002  0.230
   0.49376      1.807522  0.009  0.083  0.029  0.114  0.001  0.001  0.001  0.001  0.001  0.241
   0.52668      1.777092  0.009  0.088  0.031  0.115  0.001  0.001  0.001  0.000  0.001  0.248
   0.55960      1.737863  0.008  0.096  0.030  0.114  0.001  0.001  0.001  0.000  0.002  0.253
   0.59251      1.695831  0.007  0.106  0.027  0.111  0.001  0.000  0.001  0.000  0.002  0.254
   0.62543      1.658244  0.005  0.118  0.021  0.104  0.000  0.000  0.001  0.000  0.002  0.252
   0.65835      1.632079  0.003  0.130  0.014  0.094  0.000  0.000  0.001  0.000  0.002  0.246
   0.69127      1.620822  0.003  0.139  0.009  0.082  0.000  0.000  0.001  0.000  0.003  0.237
   0.72418      1.623213  0.003  0.145  0.006  0.070  0.001  0.000  0.001  0.000  0.003  0.230
   0.75710      1.635049  0.003  0.150  0.004  0.061  0.001  0.000  0.001  0.000  0.003  0.224
   0.79002      1.650937  0.003  0.152  0.003  0.057  0.001  0.000  0.001  0.000  0.004  0.221
   0.82294      1.665556  0.003  0.149  0.002  0.058  0.002  0.000  0.001  0.000  0.004  0.219
   0.85585      1.675348  0.002  0.141  0.002  0.066  0.002  0.000  0.001  0.000  0.004  0.219
   0.88877      1.680018  0.003  0.129  0.002  0.077  0.002  0.000  0.001  0.000  0.004  0.219
   0.92169      1.682464  0.004  0.117  0.002  0.085  0.003  0.000  0.001  0.000  0.004  0.217
   0.95460      1.686946  0.006  0.107  0.003  0.089  0.003  0.000  0.001  0.000  0.004  0.214
   0.95460      1.686946  0.006  0.107  0.003  0.089  0.003  0.000  0.001  0.000  0.004  0.214
   0.98283      1.682336  0.004  0.119  0.002  0.083  0.003  0.000  0.001  0.000  0.004  0.217
   1.01105      1.677957  0.002  0.133  0.002  0.074  0.002  0.000  0.001  0.000  0.005  0.219
   1.03927      1.671621  0.001  0.147  0.001  0.063  0.002  0.000  0.001  0.000  0.005  0.220
   1.06749      1.662109  0.000  0.161  0.001  0.051  0.001  0.000  0.001  0.000  0.005  0.221
   1.09571      1.650837  0.000  0.173  0.002  0.040  0.001  0.000  0.001  0.000  0.005  0.222
   1.12393      1.643456  0.001  0.182  0.004  0.033  0.000  0.000  0.001  0.000  0.005  0.225
   1.15215      1.649978  0.002  0.183  0.010  0.031  0.000  0.001  0.001  0.000  0.004  0.231
   1.18037      1.680598  0.006  0.175  0.020  0.035  0.000  0.001  0.001  0.000  0.003  0.241
   1.20859      1.737128  0.009  0.160  0.033  0.044  0.000  0.001  0.001  0.000  0.002  0.250
   1.23681      1.810558  0.013  0.142  0.044  0.054  0.000  0.001  0.001  0.000  0.001  0.256
   1.26503      1.888792  0.015  0.127  0.052  0.063  0.000  0.001  0.001  0.000  0.000  0.259
   1.29326      1.962721  0.015  0.114  0.058  0.069  0.000  0.001  0.001  0.000  0.000  0.258
   1.32148      2.026904  0.015  0.103  0.062  0.073  0.000  0.001  0.001  0.000  0.000  0.256
   1.34970      2.078486  0.015  0.094  0.065  0.075  0.000  0.002  0.001  0.000  0.000  0.253
   1.37792      2.116268  0.014  0.087  0.068  0.074  0.000  0.002  0.001  0.000  0.000  0.248
   1.40614      2.140150  0.013  0.081  0.071  0.072  0.000  0.002  0.001  0.000  0.001  0.242
   1.43436      2.150831  0.012  0.076  0.074  0.067  0.000  0.003  0.001  0.000  0.001  0.235
   1.46258      2.149653  0.011  0.072  0.076  0.062  0.000  0.003  0.001  0.000  0.001  0.228
   1.49080      2.138473  0.010  0.069  0.079  0.056  0.000  0.004  0.001  0.000  0.002  0.221
   1.51902      2.119532  0.009  0.066  0.081  0.050  0.000  0.004  0.001  0.000  0.002  0.214
   1.54724      2.095338  0.008  0.064  0.083  0.044  0.000  0.005  0.002  0.000  0.002  0.207
   1.57546      2.068564  0.007  0.062  0.085  0.038  0.000  0.005  0.002  0.000  0.002  0.201
   1.60369      2.041988  0.006  0.060  0.087  0.033  0.000  0.006  0.002  0.000  0.001  0.195
   1.63191      2.018452  0.005  0.059  0.088  0.028  0.000  0.006  0.002  0.000  0.001  0.188
   1.66013      2.000783  0.004  0.057  0.088  0.023  0.000  0.007  0.002  0.000  0.001  0.182
   1.68835      1.991570  0.004  0.056  0.088  0.019  0.000  0.007  0.002  0.000  0.001  0.176
   1.71657      1.992813  0.004  0.054  0.087  0.015  0.000  0.007  0.002  0.000  0.001  0.170
   1.74479      2.005529  0.004  0.053  0.086  0.012  0.000  0.008  0.002  0.000  0.001  0.165
   1.77301      2.029590  0.005  0.051  0.084  0.010  0.000  0.008  0.002  0.000  0.002  0.160
   1.77301      2.029590  0.005  0.051  0.084  0.010  0.000  0.008  0.002  0.000  0.002  0.160
   1.78996      2.019152  0.005  0.050  0.086  0.011  0.000  0.008  0.002  0.000  0.002  0.163
   1.80690      2.008599  0.005  0.048  0.088  0.014  0.000  0.007  0.001  0.000  0.001  0.166
   1.82385      1.997849  0.006  0.047  0.090  0.016  0.000  0.007  0.001  0.000  0.001  0.169
   1.84079      1.986871  0.006  0.045  0.092  0.019  0.000  0.007  0.001  0.000  0.001  0.172
   1.85774      1.975722  0.007  0.043  0.094  0.022  0.000  0.007  0.001  0.000  0.001  0.176
   1.87468      1.964590  0.007  0.041  0.097  0.025  0.000  0.007  0.001  0.000  0.001  0.179
   1.89163      1.953810  0.008  0.038  0.100  0.028  0.000  0.006  0.001  0.000  0.001  0.183
   1.90857      1.943779  0.008  0.035  0.103  0.031  0.000  0.006  0.001  0.000  0.001  0.187
   1.92552      1.934638  0.009  0.032  0.107  0.035  0.000  0.006  0.001  0.000  0.001  0.191
   1.94246      1.925742  0.009  0.029  0.110  0.039  0.000  0.006  0.000  0.001  0.001  0.195
   1.95941      1.916024  0.008  0.027  0.115  0.045  0.000  0.006  0.000  0.001  0.000  0.202
   1.97635      1.911943  0.010  0.021  0.135  0.057  0.000  0.004  0.000  0.000  0.001  0.230
   1.99330      1.946013  0.015  0.016  0.133  0.087  0.000  0.001  0.000  0.000  0.003  0.256
   2.01024      1.998699  0.016  0.018  0.126  0.089  0.000  0.001  0.000  0.001  0.003  0.254
   2.02719      2.050592  0.016  0.022  0.124  0.083  0.000  0.001  0.000  0.001  0.003  0.251
   2.04413      2.098200  0.016  0.026  0.125  0.076  0.000  0.001  0.000  0.001  0.002  0.248
   2.06108      2.140616  0.016  0.029  0.126  0.069  0.000  0.002  0.000  0.001  0.002  0.245
   2.07802      2.177893  0.016  0.031  0.128  0.062  0.000  0.002  0.000  0.001  0.001  0.243
   2.09497      2.210536  0.016  0.034  0.130  0.056  0.000  0.002  0.000  0.001  0.001  0.241
   2.11191      2.239164  0.016  0.036  0.132  0.051  0.000  0.002  0.000  0.001  0.001  0.240
   2.12886      2.264321  0.016  0.038  0.133  0.047  0.000  0.002  0.000  0.001  0.001  0.239
   2.14580      2.286396  0.016  0.039  0.135  0.044  0.000  0.002  0.000  0.001  0.001  0.239
   2.16275      2.305612  0.016  0.041  0.137  0.041  0.000  0.002  0.000  0.001  0.000  0.239
   2.17969      2.322033  0.016  0.042  0.138  0.039  0.000  0.002  0.000  0.001  0.000  0.240
   2.19664      2.335597  0.016  0.043  0.140  0.038  0.000  0.002  0.000  0.001  0.000  0.241
   2.21358      2.346132  0.017  0.044  0.141  0.036  0.000  0.002  0.000  0.001  0.000  0.242
   2.23053      2.353380  0.017  0.045  0.143  0.035  0.000  0.002  0.000  0.001  0.000  0.244
   2.24747      2.357026  0.017  0.046  0.144  0.035  0.000  0.002  0.000  0.001  0.000  0.245
   2.26442      2.356718  0.017  0.047  0.145  0.034  0.000  0.002  0.000  0.001  0.000  0.246
   2.26442      2.356718  0.017  0.047  0.145  0.034  0.000  0.002  0.000  0.001  0.000  0.246
   2.29734      2.349138  0.017  0.046  0.143  0.034  0.000  0.002  0.000  0.001  0.000  0.244
   2.33025      2.321608  0.016  0.046  0.139  0.034  0.000  0.002  0.000  0.001  0.000  0.241
   2.36317      2.275384  0.016  0.046  0.134  0.034  0.000  0.003  0.000  0.001  0.000  0.235
   2.39609      2.213531  0.016  0.047  0.128  0.033  0.000  0.003  0.000  0.001  0.000  0.229
   2.42901      2.140636  0.015  0.048  0.121  0.033  0.001  0.003  0.000  0.001  0.001  0.222
   2.46192      2.062542  0.015  0.050  0.114  0.032  0.001  0.003  0.000  0.001  0.001  0.216
   2.49484      1.987362  0.014  0.052  0.105  0.033  0.000  0.003  0.000  0.001  0.001  0.209
   2.52776      1.930079  0.011  0.052  0.088  0.045  0.000  0.003  0.000  0.001  0.001  0.201
   2.56068      1.914426  0.006  0.046  0.054  0.083  0.000  0.002  0.000  0.002  0.000  0.195
   2.59359      1.917360  0.004  0.041  0.028  0.119  0.001  0.001  0.001  0.002  0.000  0.197
   2.62651      1.873729  0.005  0.056  0.013  0.100  0.001  0.002  0.001  0.001  0.001  0.181
   2.65943      1.836843  0.005  0.073  0.008  0.095  0.001  0.003  0.001  0.001  0.002  0.189
   2.69234      1.830000  0.007  0.079  0.017  0.102  0.001  0.003  0.001  0.001  0.002  0.213
   2.72526      1.825007  0.008  0.081  0.025  0.110  0.002  0.002  0.001  0.001  0.002  0.230
   2.75818      1.807522  0.009  0.083  0.029  0.114  0.001  0.001  0.001  0.001  0.001  0.241
   2.79110      1.777092  0.009  0.088  0.031  0.115  0.001  0.001  0.001  0.000  0.001  0.248
   2.82401      1.737863  0.008  0.096  0.030  0.114  0.001  0.001  0.001  0.000  0.002  0.253
   2.85693      1.695831  0.007  0.106  0.027  0.111  0.001  0.000  0.001  0.000  0.002  0.254
   2.88985      1.658244  0.005  0.118  0.021  0.104  0.000  0.000  0.001  0.000  0.002  0.252
   2.92277      1.632079  0.003  0.130  0.014  0.094  0.000  0.000  0.001  0.000  0.002  0.246
   2.95568      1.620822  0.003  0.139  0.009  0.082  0.000  0.000  0.001  0.000  0.003  0.237
   2.98860      1.623213  0.003  0.145  0.006  0.070  0.001  0.000  0.001  0.000  0.003  0.230
   3.02152      1.635049  0.003  0.150  0.004  0.061  0.001  0.000  0.001  0.000  0.003  0.224
   3.05444      1.650937  0.003  0.152  0.003  0.057  0.001  0.000  0.001  0.000  0.004  0.221
   3.08735      1.665556  0.003  0.149  0.002  0.058  0.002  0.000  0.001  0.000  0.004  0.219
   3.12027      1.675348  0.002  0.141  0.002  0.066  0.002  0.000  0.001  0.000  0.004  0.219
   3.15319      1.680018  0.003  0.129  0.002  0.077  0.002  0.000  0.001  0.000  0.004  0.219
   3.18611      1.682464  0.004  0.117  0.002  0.085  0.003  0.000  0.001  0.000  0.004  0.217
   3.21902      1.686946  0.006  0.107  0.003  0.089  0.003  0.000  0.001  0.000  0.004  0.214
 
# Band-Index:   24
   3.21902      1.686947  0.006  0.107  0.003  0.089  0.003  0.000  0.001  0.000  0.004  0.214
   3.18611      1.697371  0.009  0.097  0.003  0.091  0.003  0.000  0.001  0.000  0.005  0.210
   3.15319      1.718060  0.014  0.083  0.004  0.095  0.003  0.001  0.001  0.000  0.005  0.205
   3.12027      1.754892  0.020  0.066  0.006  0.097  0.002  0.001  0.002  0.000  0.005  0.199
   3.08735      1.813997  0.028  0.050  0.010  0.095  0.002  0.001  0.002  0.000  0.005  0.192
   3.05444      1.898511  0.037  0.036  0.016  0.084  0.001  0.001  0.002  0.000  0.004  0.183
   3.02152      2.004389  0.048  0.026  0.023  0.066  0.001  0.002  0.002  0.000  0.004  0.173
   2.98860      2.117295  0.060  0.018  0.030  0.040  0.001  0.002  0.002  0.000  0.004  0.158
   2.95568      2.208207  0.067  0.012  0.032  0.011  0.003  0.003  0.002  0.000  0.005  0.134
   2.92277      2.247215  0.059  0.017  0.023  0.008  0.005  0.003  0.001  0.000  0.005  0.122
   2.88985      2.251459  0.049  0.024  0.017  0.021  0.005  0.003  0.001  0.001  0.004  0.125
   2.85693      2.243607  0.041  0.030  0.014  0.033  0.005  0.003  0.000  0.001  0.003  0.131
   2.82401      2.230022  0.035  0.034  0.012  0.043  0.005  0.004  0.000  0.001  0.003  0.137
   2.79110      2.211400  0.029  0.038  0.010  0.051  0.004  0.004  0.000  0.001  0.002  0.141
   2.75818      2.187314  0.024  0.041  0.009  0.058  0.004  0.004  0.000  0.002  0.002  0.145
   2.72526      2.157538  0.020  0.044  0.009  0.063  0.003  0.005  0.000  0.002  0.002  0.147
   2.69234      2.122123  0.016  0.046  0.009  0.067  0.002  0.005  0.000  0.002  0.001  0.149
   2.65943      2.081387  0.013  0.050  0.010  0.066  0.002  0.005  0.000  0.003  0.001  0.149
   2.62651      2.038780  0.011  0.056  0.013  0.053  0.001  0.006  0.000  0.003  0.001  0.143
   2.59359      2.019362  0.011  0.065  0.018  0.022  0.001  0.007  0.001  0.002  0.002  0.129
   2.56068      2.076079  0.010  0.059  0.025  0.034  0.001  0.005  0.001  0.001  0.002  0.139
   2.52776      2.168823  0.010  0.053  0.031  0.044  0.001  0.005  0.002  0.001  0.002  0.147
   2.49484      2.272002  0.010  0.049  0.035  0.047  0.001  0.004  0.002  0.002  0.001  0.151
   2.46192      2.379405  0.009  0.047  0.039  0.049  0.001  0.004  0.002  0.002  0.001  0.154
   2.42901      2.487207  0.009  0.047  0.042  0.049  0.001  0.004  0.002  0.002  0.001  0.157
   2.39609      2.591487  0.010  0.047  0.044  0.050  0.001  0.003  0.001  0.002  0.001  0.160
   2.36317      2.687496  0.010  0.048  0.044  0.051  0.001  0.003  0.001  0.002  0.001  0.162
   2.33025      2.769134  0.010  0.049  0.044  0.053  0.001  0.003  0.001  0.003  0.001  0.165
   2.29734      2.828613  0.010  0.052  0.042  0.055  0.001  0.002  0.001  0.003  0.001  0.168
   2.26442      2.857616  0.010  0.054  0.040  0.056  0.001  0.002  0.001  0.003  0.001  0.169
   2.26442      2.857616  0.010  0.054  0.040  0.056  0.001  0.002  0.001  0.003  0.001  0.169
   2.24747      2.844881  0.010  0.052  0.041  0.056  0.001  0.002  0.001  0.003  0.001  0.168
   2.23053      2.830869  0.010  0.050  0.042  0.056  0.001  0.002  0.001  0.003  0.001  0.167
   2.21358      2.816023  0.010  0.048  0.042  0.057  0.001  0.003  0.001  0.003  0.001  0.165
   2.19664      2.800718  0.009  0.046  0.041  0.059  0.001  0.003  0.001  0.003  0.001  0.164
   2.17969      2.785269  0.009  0.044  0.040  0.061  0.001  0.003  0.001  0.003  0.001  0.163
   2.16275      2.769937  0.008  0.043  0.038  0.064  0.001  0.003  0.001  0.003  0.001  0.162
   2.14580      2.754913  0.008  0.041  0.036  0.067  0.001  0.003  0.001  0.003  0.001  0.161
   2.12886      2.740293  0.008  0.039  0.033  0.071  0.001  0.003  0.002  0.003  0.002  0.161
   2.11191      2.726037  0.007  0.037  0.031  0.077  0.001  0.003  0.002  0.003  0.002  0.161
   2.09497      2.711888  0.007  0.036  0.028  0.083  0.000  0.002  0.002  0.003  0.002  0.163
   2.07802      2.697029  0.005  0.035  0.019  0.098  0.000  0.002  0.001  0.003  0.002  0.166
   2.06108      2.647274  0.010  0.050  0.039  0.060  0.000  0.005  0.001  0.000  0.005  0.170
   2.04413      2.581783  0.010  0.053  0.034  0.054  0.000  0.006  0.001  0.000  0.006  0.163
   2.02719      2.511944  0.010  0.056  0.028  0.048  0.000  0.006  0.001  0.000  0.007  0.155
   2.01024      2.439205  0.010  0.058  0.024  0.039  0.000  0.006  0.001  0.000  0.008  0.146
   1.99330      2.366518  0.010  0.061  0.020  0.030  0.000  0.006  0.001  0.000  0.009  0.136
   1.97635      2.298199  0.009  0.063  0.017  0.020  0.000  0.006  0.002  0.001  0.009  0.127
   1.95941      2.238961  0.007  0.065  0.016  0.013  0.000  0.007  0.002  0.001  0.009  0.119
   1.94246      2.192032  0.005  0.066  0.020  0.008  0.000  0.007  0.002  0.001  0.008  0.117
   1.92552      2.157398  0.003  0.065  0.028  0.006  0.000  0.008  0.002  0.001  0.006  0.120
   1.90857      2.132288  0.003  0.064  0.038  0.005  0.000  0.008  0.002  0.001  0.005  0.125
   1.89163      2.113334  0.002  0.062  0.047  0.005  0.000  0.008  0.002  0.000  0.004  0.131
   1.87468      2.097997  0.003  0.060  0.056  0.005  0.000  0.008  0.002  0.000  0.003  0.137
   1.85774      2.084739  0.003  0.058  0.063  0.005  0.000  0.008  0.002  0.000  0.003  0.142
   1.84079      2.072702  0.003  0.056  0.069  0.005  0.000  0.008  0.002  0.000  0.002  0.146
   1.82385      2.061410  0.004  0.055  0.074  0.006  0.000  0.008  0.002  0.000  0.002  0.150
   1.80690      2.050580  0.004  0.053  0.078  0.007  0.000  0.008  0.002  0.000  0.002  0.154
   1.78996      2.040023  0.005  0.052  0.081  0.008  0.000  0.008  0.002  0.000  0.002  0.157
   1.77301      2.029590  0.005  0.051  0.084  0.010  0.000  0.008  0.002  0.000  0.002  0.160
   1.77301      2.029590  0.005  0.051  0.084  0.010  0.000  0.008  0.002  0.000  0.002  0.160
   1.74479      2.063899  0.006  0.049  0.082  0.008  0.000  0.008  0.002  0.000  0.002  0.156
   1.71657      2.106807  0.008  0.048  0.079  0.006  0.000  0.008  0.002  0.000  0.003  0.153
   1.68835      2.156520  0.009  0.047  0.076  0.005  0.000  0.007  0.002  0.000  0.004  0.151
   1.66013      2.211330  0.011  0.046  0.074  0.004  0.000  0.007  0.002  0.000  0.005  0.149
   1.63191      2.269684  0.013  0.046  0.071  0.004  0.000  0.007  0.002  0.000  0.005  0.148
   1.60369      2.330126  0.015  0.046  0.068  0.004  0.000  0.007  0.002  0.000  0.006  0.147
   1.57546      2.391186  0.017  0.046  0.066  0.004  0.000  0.007  0.002  0.000  0.006  0.148
   1.54724      2.451255  0.020  0.047  0.063  0.004  0.000  0.007  0.002  0.000  0.006  0.149
   1.51902      2.508441  0.022  0.048  0.061  0.005  0.000  0.006  0.002  0.000  0.005  0.150
   1.49080      2.560462  0.025  0.050  0.059  0.005  0.000  0.006  0.002  0.000  0.005  0.153
   1.46258      2.604592  0.029  0.052  0.057  0.007  0.000  0.006  0.002  0.000  0.004  0.156
   1.43436      2.637741  0.032  0.054  0.055  0.008  0.000  0.005  0.002  0.000  0.003  0.159
   1.40614      2.656658  0.036  0.056  0.053  0.008  0.000  0.005  0.001  0.000  0.003  0.162
   1.37792      2.658171  0.040  0.059  0.051  0.007  0.000  0.004  0.001  0.000  0.002  0.165
   1.34970      2.639064  0.045  0.062  0.050  0.003  0.000  0.004  0.002  0.000  0.001  0.167
   1.32148      2.595899  0.049  0.065  0.049  0.000  0.000  0.003  0.002  0.000  0.001  0.169
   1.29326      2.526838  0.052  0.066  0.046  0.003  0.000  0.003  0.002  0.000  0.001  0.172
   1.26503      2.434251  0.053  0.064  0.043  0.009  0.000  0.002  0.002  0.000  0.001  0.175
   1.23681      2.323699  0.054  0.060  0.040  0.016  0.000  0.002  0.002  0.000  0.001  0.176
   1.20859      2.202300  0.054  0.054  0.036  0.023  0.000  0.002  0.003  0.000  0.002  0.174
   1.18037      2.078764  0.053  0.048  0.031  0.031  0.000  0.002  0.003  0.000  0.003  0.171
   1.15215      1.963635  0.050  0.044  0.025  0.042  0.000  0.002  0.003  0.000  0.004  0.169
   1.12393      1.867739  0.043  0.045  0.018  0.055  0.001  0.002  0.003  0.000  0.005  0.170
   1.09571      1.797600  0.035  0.052  0.012  0.068  0.001  0.001  0.002  0.000  0.005  0.177
   1.06749      1.751650  0.026  0.063  0.008  0.079  0.002  0.001  0.002  0.000  0.005  0.187
   1.03927      1.723030  0.019  0.075  0.005  0.087  0.002  0.001  0.002  0.000  0.005  0.197
   1.01105      1.705153  0.013  0.086  0.004  0.092  0.002  0.001  0.001  0.000  0.005  0.204
   0.98283      1.693917  0.009  0.096  0.003  0.092  0.003  0.000  0.001  0.000  0.005  0.210
   0.95460      1.686947  0.006  0.107  0.003  0.089  0.003  0.000  0.001  0.000  0.004  0.214
   0.95460      1.686947  0.006  0.107  0.003  0.089  0.003  0.000  0.001  0.000  0.004  0.214
   0.92169      1.697371  0.009  0.097  0.003  0.091  0.003  0.000  0.001  0.000  0.005  0.210
   0.88877      1.718060  0.014  0.083  0.004  0.095  0.003  0.001  0.001  0.000  0.005  0.205
   0.85585      1.754892  0.020  0.066  0.006  0.097  0.002  0.001  0.002  0.000  0.005  0.199
   0.82294      1.813997  0.028  0.050  0.010  0.095  0.002  0.001  0.002  0.000  0.005  0.192
   0.79002      1.898511  0.037  0.036  0.016  0.084  0.001  0.001  0.002  0.000  0.004  0.183
   0.75710      2.004389  0.048  0.026  0.023  0.066  0.001  0.002  0.002  0.000  0.004  0.173
   0.72418      2.117295  0.060  0.018  0.030  0.040  0.001  0.002  0.002  0.000  0.004  0.158
   0.69127      2.208207  0.067  0.012  0.032  0.011  0.003  0.003  0.002  0.000  0.005  0.134
   0.65835      2.247215  0.059  0.017  0.023  0.008  0.005  0.003  0.001  0.000  0.005  0.122
   0.62543      2.251459  0.049  0.024  0.017  0.021  0.005  0.003  0.001  0.001  0.004  0.125
   0.59251      2.243607  0.041  0.030  0.014  0.033  0.005  0.003  0.000  0.001  0.003  0.131
   0.55960      2.230022  0.035  0.034  0.012  0.043  0.005  0.004  0.000  0.001  0.003  0.137
   0.52668      2.211400  0.029  0.038  0.010  0.051  0.004  0.004  0.000  0.001  0.002  0.141
   0.49376      2.187314  0.024  0.041  0.009  0.058  0.004  0.004  0.000  0.002  0.002  0.145
   0.46084      2.157538  0.020  0.044  0.009  0.063  0.003  0.005  0.000  0.002  0.002  0.147
   0.42793      2.122123  0.016  0.046  0.009  0.067  0.002  0.005  0.000  0.002  0.001  0.149
   0.39501      2.081387  0.013  0.050  0.010  0.066  0.002  0.005  0.000  0.003  0.001  0.149
   0.36209      2.038780  0.011  0.056  0.013  0.053  0.001  0.006  0.000  0.003  0.001  0.143
   0.32917      2.019362  0.011  0.065  0.018  0.022  0.001  0.007  0.001  0.002  0.002  0.129
   0.29626      2.076079  0.010  0.059  0.025  0.034  0.001  0.005  0.001  0.001  0.002  0.139
   0.26334      2.168823  0.010  0.053  0.031  0.044  0.001  0.005  0.002  0.001  0.002  0.147
   0.23042      2.272002  0.010  0.049  0.035  0.047  0.001  0.004  0.002  0.002  0.001  0.151
   0.19750      2.379405  0.009  0.047  0.039  0.049  0.001  0.004  0.002  0.002  0.001  0.154
   0.16459      2.487207  0.009  0.047  0.042  0.049  0.001  0.004  0.002  0.002  0.001  0.157
   0.13167      2.591487  0.010  0.047  0.044  0.050  0.001  0.003  0.001  0.002  0.001  0.160
   0.09875      2.687496  0.010  0.048  0.044  0.051  0.001  0.003  0.001  0.002  0.001  0.162
   0.06583      2.769134  0.010  0.049  0.044  0.053  0.001  0.003  0.001  0.003  0.001  0.165
   0.03292      2.828613  0.010  0.052  0.042  0.055  0.001  0.002  0.001  0.003  0.001  0.168
   0.00000      2.857616  0.010  0.054  0.040  0.056  0.001  0.002  0.001  0.003  0.001  0.169
 
# Band-Index:   25
   0.00000      2.971475  0.008  0.063  0.044  0.046  0.002  0.004  0.001  0.003  0.001  0.170
   0.03292      2.983854  0.010  0.058  0.051  0.046  0.002  0.004  0.001  0.002  0.001  0.174
   0.06583      2.989262  0.011  0.053  0.059  0.045  0.002  0.004  0.001  0.002  0.001  0.178
   0.09875      2.987952  0.013  0.049  0.068  0.044  0.002  0.003  0.001  0.002  0.001  0.183
   0.13167      2.980890  0.015  0.047  0.075  0.042  0.002  0.003  0.001  0.002  0.001  0.188
   0.16459      2.968939  0.017  0.046  0.080  0.041  0.002  0.003  0.000  0.001  0.002  0.193
   0.19750      2.952732  0.019  0.046  0.084  0.039  0.002  0.003  0.000  0.001  0.002  0.196
   0.23042      2.933210  0.021  0.046  0.087  0.037  0.002  0.003  0.000  0.001  0.002  0.198
   0.26334      2.912048  0.022  0.046  0.088  0.034  0.002  0.003  0.000  0.001  0.002  0.198
   0.29626      2.891770  0.023  0.046  0.088  0.032  0.002  0.003  0.000  0.001  0.002  0.198
   0.32917      2.875503  0.024  0.047  0.086  0.030  0.002  0.003  0.000  0.002  0.002  0.196
   0.36209      2.866156  0.024  0.047  0.083  0.029  0.002  0.003  0.000  0.002  0.001  0.193
   0.39501      2.864842  0.025  0.047  0.079  0.031  0.002  0.003  0.000  0.002  0.001  0.192
   0.42793      2.868742  0.027  0.047  0.074  0.034  0.002  0.003  0.000  0.003  0.001  0.191
   0.46084      2.869631  0.030  0.046  0.069  0.038  0.002  0.003  0.000  0.003  0.001  0.192
   0.49376      2.856050  0.034  0.046  0.065  0.041  0.002  0.002  0.000  0.002  0.001  0.193
   0.52668      2.820670  0.037  0.047  0.060  0.047  0.001  0.002  0.001  0.002  0.001  0.196
   0.55960      2.763107  0.037  0.049  0.053  0.056  0.001  0.001  0.001  0.002  0.000  0.200
   0.59251      2.685735  0.034  0.052  0.045  0.068  0.001  0.001  0.001  0.002  0.000  0.205
   0.62543      2.593054  0.027  0.057  0.036  0.084  0.001  0.001  0.001  0.002  0.000  0.209
   0.65835      2.496639  0.016  0.063  0.023  0.103  0.002  0.000  0.001  0.002  0.001  0.211
   0.69127      2.426197  0.006  0.067  0.008  0.108  0.005  0.001  0.001  0.001  0.001  0.198
   0.72418      2.407835  0.009  0.063  0.001  0.088  0.007  0.001  0.000  0.001  0.003  0.173
   0.75710      2.422111  0.013  0.060  0.001  0.073  0.008  0.001  0.000  0.001  0.005  0.161
   0.79002      2.450110  0.013  0.060  0.001  0.067  0.008  0.001  0.000  0.001  0.006  0.157
   0.82294      2.483230  0.011  0.062  0.001  0.067  0.008  0.001  0.000  0.001  0.007  0.157
   0.85585      2.514929  0.007  0.062  0.000  0.073  0.009  0.001  0.000  0.001  0.007  0.161
   0.88877      2.537666  0.003  0.054  0.000  0.092  0.009  0.000  0.000  0.001  0.008  0.167
   0.92169      2.552119  0.001  0.055  0.000  0.094  0.009  0.000  0.000  0.001  0.008  0.168
   0.95460      2.561458  0.000  0.061  0.000  0.087  0.009  0.000  0.000  0.001  0.008  0.167
   0.95460      2.561458  0.000  0.061  0.000  0.087  0.009  0.000  0.000  0.001  0.008  0.167
   0.98283      2.556798  0.001  0.060  0.000  0.087  0.009  0.000  0.000  0.001  0.008  0.167
   1.01105      2.546346  0.002  0.055  0.000  0.091  0.009  0.000  0.000  0.001  0.008  0.166
   1.03927      2.533124  0.004  0.047  0.000  0.097  0.009  0.000  0.000  0.001  0.007  0.166
   1.06749      2.521705  0.006  0.037  0.000  0.107  0.009  0.000  0.000  0.001  0.006  0.167
   1.09571      2.516596  0.007  0.027  0.001  0.119  0.009  0.000  0.000  0.001  0.005  0.170
   1.12393      2.520822  0.008  0.019  0.001  0.132  0.009  0.000  0.000  0.001  0.004  0.174
   1.15215      2.535315  0.008  0.012  0.001  0.145  0.008  0.000  0.000  0.001  0.003  0.180
   1.18037      2.559154  0.007  0.008  0.001  0.157  0.008  0.000  0.000  0.002  0.002  0.186
   1.20859      2.590334  0.007  0.005  0.002  0.168  0.007  0.000  0.000  0.002  0.002  0.193
   1.23681      2.626569  0.005  0.002  0.002  0.179  0.007  0.000  0.000  0.002  0.001  0.199
   1.26503      2.665947  0.004  0.001  0.002  0.189  0.006  0.000  0.000  0.003  0.001  0.205
   1.29326      2.707417  0.002  0.000  0.001  0.198  0.006  0.000  0.000  0.003  0.001  0.211
   1.32148      2.750667  0.001  0.001  0.001  0.203  0.005  0.000  0.000  0.004  0.001  0.216
   1.34970      2.794459  0.001  0.002  0.002  0.202  0.004  0.000  0.000  0.004  0.001  0.218
   1.37792      2.835694  0.002  0.004  0.003  0.200  0.004  0.000  0.000  0.004  0.001  0.217
   1.40614      2.871896  0.001  0.004  0.003  0.199  0.003  0.000  0.000  0.005  0.001  0.217
   1.43436      2.902567  0.001  0.003  0.002  0.200  0.003  0.000  0.000  0.006  0.001  0.216
   1.46258      2.928257  0.001  0.002  0.001  0.201  0.002  0.000  0.000  0.006  0.001  0.216
   1.49080      2.949718  0.000  0.002  0.001  0.202  0.002  0.000  0.000  0.007  0.001  0.215
   1.51902      2.967624  0.000  0.001  0.000  0.202  0.002  0.000  0.000  0.007  0.001  0.215
   1.54724      2.982550  0.000  0.001  0.000  0.202  0.001  0.000  0.000  0.008  0.001  0.214
   1.57546      2.995006  0.000  0.001  0.000  0.201  0.001  0.000  0.000  0.008  0.001  0.213
   1.60369      3.005439  0.000  0.001  0.000  0.200  0.001  0.000  0.001  0.009  0.001  0.213
   1.63191      3.014244  0.000  0.001  0.000  0.199  0.001  0.000  0.001  0.009  0.001  0.212
   1.66013      3.021771  0.000  0.001  0.000  0.198  0.001  0.000  0.001  0.009  0.001  0.211
   1.68835      3.028318  0.000  0.001  0.000  0.196  0.001  0.000  0.001  0.010  0.002  0.210
   1.71657      3.034132  0.000  0.001  0.001  0.195  0.001  0.000  0.001  0.010  0.002  0.210
   1.74479      3.039412  0.000  0.001  0.001  0.194  0.001  0.000  0.001  0.010  0.002  0.209
   1.77301      3.044325  0.001  0.001  0.001  0.192  0.001  0.000  0.001  0.010  0.002  0.208
   1.77301      3.044325  0.001  0.001  0.001  0.192  0.001  0.000  0.001  0.010  0.002  0.208
   1.78996      3.030949  0.001  0.001  0.000  0.193  0.001  0.000  0.001  0.010  0.002  0.208
   1.80690      3.009163  0.001  0.001  0.000  0.193  0.001  0.000  0.001  0.010  0.002  0.208
   1.82385      2.979538  0.002  0.000  0.000  0.190  0.001  0.000  0.000  0.010  0.002  0.207
   1.84079      2.943082  0.003  0.000  0.001  0.187  0.001  0.000  0.000  0.010  0.003  0.204
   1.85774      2.901192  0.004  0.000  0.002  0.181  0.001  0.000  0.000  0.010  0.003  0.202
   1.87468      2.855619  0.006  0.000  0.004  0.175  0.001  0.000  0.000  0.009  0.003  0.198
   1.89163      2.808440  0.007  0.000  0.008  0.166  0.000  0.000  0.000  0.009  0.003  0.195
   1.90857      2.762034  0.009  0.001  0.012  0.157  0.000  0.000  0.000  0.009  0.003  0.191
   1.92552      2.719049  0.011  0.001  0.017  0.145  0.000  0.000  0.000  0.008  0.004  0.188
   1.94246      2.682269  0.013  0.002  0.024  0.133  0.000  0.000  0.000  0.008  0.004  0.185
   1.95941      2.654323  0.015  0.003  0.032  0.120  0.000  0.000  0.000  0.007  0.004  0.182
   1.97635      2.637185  0.016  0.006  0.039  0.108  0.000  0.000  0.001  0.006  0.004  0.179
   1.99330      2.631593  0.017  0.009  0.043  0.098  0.000  0.000  0.001  0.005  0.004  0.177
   2.01024      2.636558  0.016  0.013  0.044  0.092  0.000  0.001  0.001  0.004  0.004  0.175
   2.02719      2.649229  0.014  0.018  0.041  0.090  0.000  0.001  0.001  0.004  0.004  0.173
   2.04413      2.665590  0.011  0.024  0.036  0.088  0.000  0.001  0.001  0.003  0.003  0.169
   2.06108      2.682280  0.010  0.028  0.034  0.084  0.000  0.002  0.002  0.003  0.003  0.166
   2.07802      2.708918  0.014  0.044  0.060  0.043  0.000  0.005  0.001  0.000  0.004  0.171
   2.09497      2.764718  0.013  0.044  0.058  0.052  0.000  0.005  0.001  0.000  0.004  0.177
   2.11191      2.815772  0.013  0.043  0.062  0.053  0.000  0.004  0.001  0.000  0.003  0.180
   2.12886      2.861166  0.013  0.043  0.064  0.052  0.001  0.004  0.001  0.000  0.003  0.181
   2.14580      2.900252  0.013  0.044  0.066  0.051  0.001  0.004  0.001  0.001  0.002  0.182
   2.16275      2.932499  0.013  0.045  0.066  0.050  0.001  0.004  0.001  0.001  0.002  0.182
   2.17969      2.957549  0.012  0.046  0.065  0.049  0.001  0.004  0.001  0.001  0.002  0.181
   2.19664      2.975219  0.012  0.048  0.063  0.048  0.001  0.004  0.001  0.001  0.001  0.180
   2.21358      2.985460  0.011  0.051  0.059  0.047  0.001  0.004  0.001  0.002  0.001  0.178
   2.23053      2.988289  0.010  0.054  0.055  0.047  0.002  0.004  0.001  0.002  0.001  0.175
   2.24747      2.983681  0.009  0.058  0.049  0.046  0.002  0.004  0.001  0.002  0.001  0.173
   2.26442      2.971475  0.008  0.063  0.044  0.046  0.002  0.004  0.001  0.003  0.001  0.170
   2.26442      2.971475  0.008  0.063  0.044  0.046  0.002  0.004  0.001  0.003  0.001  0.170
   2.29734      2.983854  0.010  0.058  0.051  0.046  0.002  0.004  0.001  0.002  0.001  0.174
   2.33025      2.989262  0.011  0.053  0.059  0.045  0.002  0.004  0.001  0.002  0.001  0.178
   2.36317      2.987952  0.013  0.049  0.068  0.044  0.002  0.003  0.001  0.002  0.001  0.183
   2.39609      2.980890  0.015  0.047  0.075  0.042  0.002  0.003  0.001  0.002  0.001  0.188
   2.42901      2.968939  0.017  0.046  0.080  0.041  0.002  0.003  0.000  0.001  0.002  0.193
   2.46192      2.952732  0.019  0.046  0.084  0.039  0.002  0.003  0.000  0.001  0.002  0.196
   2.49484      2.933210  0.021  0.046  0.087  0.037  0.002  0.003  0.000  0.001  0.002  0.198
   2.52776      2.912048  0.022  0.046  0.088  0.034  0.002  0.003  0.000  0.001  0.002  0.198
   2.56068      2.891770  0.023  0.046  0.088  0.032  0.002  0.003  0.000  0.001  0.002  0.198
   2.59359      2.875503  0.024  0.047  0.086  0.030  0.002  0.003  0.000  0.002  0.002  0.196
   2.62651      2.866156  0.024  0.047  0.083  0.029  0.002  0.003  0.000  0.002  0.001  0.193
   2.65943      2.864842  0.025  0.047  0.079  0.031  0.002  0.003  0.000  0.002  0.001  0.192
   2.69234      2.868742  0.027  0.047  0.074  0.034  0.002  0.003  0.000  0.003  0.001  0.191
   2.72526      2.869631  0.030  0.046  0.069  0.038  0.002  0.003  0.000  0.003  0.001  0.192
   2.75818      2.856050  0.034  0.046  0.065  0.041  0.002  0.002  0.000  0.002  0.001  0.193
   2.79110      2.820670  0.037  0.047  0.060  0.047  0.001  0.002  0.001  0.002  0.001  0.196
   2.82401      2.763107  0.037  0.049  0.053  0.056  0.001  0.001  0.001  0.002  0.000  0.200
   2.85693      2.685735  0.034  0.052  0.045  0.068  0.001  0.001  0.001  0.002  0.000  0.205
   2.88985      2.593054  0.027  0.057  0.036  0.084  0.001  0.001  0.001  0.002  0.000  0.209
   2.92277      2.496639  0.016  0.063  0.023  0.103  0.002  0.000  0.001  0.002  0.001  0.211
   2.95568      2.426197  0.006  0.067  0.008  0.108  0.005  0.001  0.001  0.001  0.001  0.198
   2.98860      2.407835  0.009  0.063  0.001  0.088  0.007  0.001  0.000  0.001  0.003  0.173
   3.02152      2.422111  0.013  0.060  0.001  0.073  0.008  0.001  0.000  0.001  0.005  0.161
   3.05444      2.450110  0.013  0.060  0.001  0.067  0.008  0.001  0.000  0.001  0.006  0.157
   3.08735      2.483230  0.011  0.062  0.001  0.067  0.008  0.001  0.000  0.001  0.007  0.157
   3.12027      2.514929  0.007  0.062  0.000  0.073  0.009  0.001  0.000  0.001  0.007  0.161
   3.15319      2.537666  0.003  0.054  0.000  0.092  0.009  0.000  0.000  0.001  0.008  0.167
   3.18611      2.552119  0.001  0.055  0.000  0.094  0.009  0.000  0.000  0.001  0.008  0.168
   3.21902      2.561458  0.000  0.061  0.000  0.087  0.009  0.000  0.000  0.001  0.008  0.167
 
# Band-Index:   26
   3.21902      2.561458  0.000  0.061  0.000  0.087  0.009  0.000  0.000  0.001  0.008  0.167
   3.18611      2.560636  0.002  0.064  0.000  0.081  0.009  0.001  0.000  0.001  0.008  0.165
   3.15319      2.549554  0.004  0.056  0.000  0.085  0.009  0.000  0.000  0.001  0.007  0.164
   3.12027      2.543865  0.006  0.038  0.001  0.107  0.009  0.000  0.000  0.001  0.007  0.168
   3.08735      2.558603  0.008  0.031  0.001  0.117  0.009  0.000  0.000  0.001  0.006  0.172
   3.05444      2.596779  0.010  0.030  0.003  0.119  0.008  0.000  0.000  0.001  0.005  0.177
   3.02152      2.656355  0.012  0.035  0.005  0.117  0.007  0.000  0.000  0.002  0.004  0.183
   2.98860      2.730446  0.014  0.042  0.009  0.112  0.006  0.001  0.000  0.002  0.003  0.189
   2.95568      2.809553  0.015  0.049  0.014  0.105  0.004  0.001  0.000  0.002  0.002  0.193
   2.92277      2.884060  0.016  0.056  0.019  0.098  0.003  0.001  0.000  0.003  0.001  0.197
   2.88985      2.946145  0.017  0.060  0.025  0.089  0.002  0.001  0.001  0.003  0.001  0.198
   2.85693      2.991073  0.018  0.063  0.032  0.079  0.001  0.001  0.001  0.003  0.000  0.198
   2.82401      3.018083  0.019  0.063  0.039  0.068  0.000  0.002  0.001  0.004  0.000  0.196
   2.79110      3.031062  0.022  0.062  0.048  0.056  0.000  0.002  0.001  0.004  0.000  0.194
   2.75818      3.038457  0.027  0.059  0.057  0.042  0.000  0.001  0.001  0.003  0.000  0.191
   2.72526      3.049746  0.034  0.054  0.066  0.029  0.001  0.001  0.001  0.003  0.001  0.189
   2.69234      3.068436  0.038  0.049  0.074  0.021  0.002  0.000  0.001  0.002  0.001  0.189
   2.65943      3.092096  0.040  0.045  0.081  0.017  0.003  0.000  0.000  0.002  0.002  0.190
   2.62651      3.117530  0.040  0.043  0.086  0.017  0.003  0.000  0.000  0.001  0.002  0.192
   2.59359      3.142260  0.039  0.041  0.090  0.017  0.003  0.000  0.000  0.001  0.002  0.194
   2.56068      3.164179  0.038  0.039  0.094  0.019  0.003  0.000  0.000  0.001  0.002  0.196
   2.52776      3.181376  0.036  0.038  0.098  0.021  0.003  0.000  0.000  0.000  0.002  0.198
   2.49484      3.192268  0.034  0.036  0.101  0.022  0.003  0.001  0.000  0.000  0.002  0.199
   2.46192      3.195831  0.032  0.034  0.104  0.022  0.003  0.001  0.000  0.000  0.001  0.199
   2.42901      3.191826  0.031  0.032  0.108  0.022  0.002  0.001  0.001  0.000  0.001  0.198
   2.39609      3.180971  0.030  0.029  0.113  0.020  0.002  0.001  0.001  0.000  0.001  0.197
   2.36317      3.165026  0.029  0.024  0.120  0.017  0.001  0.001  0.001  0.000  0.001  0.195
   2.33025      3.146640  0.029  0.019  0.129  0.013  0.001  0.001  0.002  0.000  0.000  0.194
   2.29734      3.128411  0.029  0.013  0.139  0.009  0.001  0.001  0.002  0.000  0.000  0.194
   2.26442      3.110509  0.030  0.008  0.148  0.005  0.000  0.001  0.002  0.000  0.000  0.196
   2.26442      3.110509  0.030  0.008  0.148  0.005  0.000  0.001  0.002  0.000  0.000  0.196
   2.24747      3.127917  0.029  0.012  0.141  0.008  0.000  0.001  0.002  0.000  0.000  0.194
   2.23053      3.141144  0.029  0.015  0.135  0.010  0.000  0.001  0.002  0.000  0.001  0.193
   2.21358      3.148518  0.029  0.017  0.130  0.011  0.000  0.002  0.002  0.000  0.001  0.192
   2.19664      3.148820  0.029  0.018  0.126  0.012  0.000  0.002  0.002  0.000  0.001  0.190
   2.17969      3.141252  0.030  0.019  0.123  0.012  0.000  0.002  0.002  0.000  0.002  0.189
   2.16275      3.125415  0.031  0.019  0.121  0.012  0.000  0.002  0.001  0.000  0.002  0.188
   2.14580      3.101324  0.032  0.018  0.119  0.011  0.000  0.002  0.001  0.000  0.003  0.186
   2.12886      3.069482  0.033  0.016  0.119  0.009  0.000  0.002  0.001  0.000  0.004  0.183
   2.11191      3.031016  0.034  0.014  0.118  0.006  0.000  0.002  0.001  0.001  0.004  0.181
   2.09497      2.987896  0.036  0.011  0.118  0.004  0.000  0.001  0.001  0.001  0.005  0.177
   2.07802      2.943204  0.036  0.009  0.117  0.002  0.000  0.001  0.001  0.002  0.005  0.173
   2.06108      2.901207  0.036  0.006  0.113  0.003  0.000  0.001  0.001  0.003  0.005  0.168
   2.04413      2.866683  0.034  0.005  0.104  0.010  0.000  0.001  0.001  0.004  0.004  0.163
   2.02719      2.843121  0.030  0.005  0.091  0.023  0.000  0.001  0.001  0.005  0.003  0.160
   2.01024      2.831244  0.026  0.006  0.077  0.039  0.000  0.001  0.001  0.006  0.003  0.158
   1.99330      2.829653  0.022  0.007  0.063  0.056  0.000  0.001  0.001  0.006  0.002  0.159
   1.97635      2.836419  0.018  0.007  0.052  0.072  0.001  0.001  0.002  0.006  0.002  0.160
   1.95941      2.849878  0.016  0.006  0.042  0.088  0.001  0.001  0.002  0.007  0.002  0.163
   1.94246      2.868664  0.013  0.006  0.034  0.102  0.001  0.001  0.002  0.007  0.001  0.167
   1.92552      2.891523  0.011  0.005  0.027  0.116  0.001  0.001  0.001  0.008  0.001  0.171
   1.90857      2.917165  0.009  0.004  0.021  0.129  0.001  0.001  0.001  0.008  0.001  0.176
   1.89163      2.944197  0.008  0.004  0.017  0.142  0.001  0.000  0.001  0.008  0.001  0.181
   1.87468      2.971107  0.006  0.003  0.013  0.153  0.001  0.000  0.001  0.009  0.001  0.186
   1.85774      2.996301  0.004  0.002  0.009  0.163  0.001  0.000  0.001  0.009  0.001  0.191
   1.84079      3.018164  0.003  0.002  0.007  0.172  0.001  0.000  0.001  0.009  0.001  0.196
   1.82385      3.035147  0.002  0.002  0.005  0.179  0.001  0.000  0.001  0.009  0.001  0.200
   1.80690      3.045861  0.001  0.001  0.003  0.185  0.001  0.000  0.001  0.010  0.002  0.204
   1.78996      3.049178  0.001  0.001  0.002  0.189  0.001  0.000  0.001  0.010  0.002  0.206
   1.77301      3.044325  0.001  0.001  0.001  0.192  0.001  0.000  0.001  0.010  0.002  0.208
   1.77301      3.044325  0.001  0.001  0.001  0.192  0.001  0.000  0.001  0.010  0.002  0.208
   1.74479      3.049001  0.001  0.001  0.001  0.191  0.001  0.000  0.001  0.010  0.002  0.207
   1.71657      3.053541  0.001  0.001  0.001  0.189  0.001  0.000  0.001  0.010  0.002  0.206
   1.68835      3.058021  0.001  0.001  0.001  0.187  0.001  0.001  0.001  0.010  0.002  0.204
   1.66013      3.062494  0.001  0.002  0.002  0.185  0.001  0.001  0.001  0.009  0.002  0.203
   1.63191      3.066978  0.002  0.002  0.002  0.182  0.001  0.001  0.001  0.009  0.002  0.202
   1.60369      3.071448  0.002  0.002  0.003  0.179  0.001  0.001  0.001  0.009  0.002  0.200
   1.57546      3.075801  0.003  0.003  0.003  0.175  0.001  0.001  0.001  0.008  0.003  0.199
   1.54724      3.079822  0.003  0.004  0.004  0.171  0.001  0.001  0.001  0.008  0.003  0.197
   1.51902      3.083098  0.004  0.005  0.005  0.166  0.002  0.002  0.001  0.007  0.003  0.195
   1.49080      3.084908  0.006  0.006  0.007  0.161  0.002  0.002  0.001  0.007  0.003  0.194
   1.46258      3.084121  0.007  0.008  0.008  0.156  0.002  0.002  0.001  0.006  0.002  0.192
   1.43436      3.079130  0.009  0.010  0.009  0.151  0.002  0.002  0.001  0.006  0.002  0.192
   1.40614      3.067938  0.010  0.012  0.011  0.146  0.003  0.002  0.001  0.005  0.002  0.191
   1.37792      3.048478  0.012  0.013  0.011  0.143  0.003  0.002  0.001  0.005  0.001  0.191
   1.34970      3.019155  0.014  0.014  0.011  0.141  0.004  0.001  0.001  0.004  0.001  0.191
   1.32148      2.979416  0.015  0.014  0.011  0.140  0.005  0.001  0.001  0.004  0.001  0.191
   1.29326      2.930085  0.016  0.013  0.010  0.141  0.005  0.001  0.001  0.003  0.001  0.190
   1.26503      2.873320  0.016  0.011  0.008  0.142  0.006  0.001  0.001  0.003  0.001  0.189
   1.23681      2.812248  0.016  0.009  0.007  0.143  0.007  0.001  0.001  0.002  0.001  0.186
   1.20859      2.750544  0.015  0.007  0.005  0.144  0.008  0.001  0.001  0.002  0.002  0.184
   1.18037      2.692073  0.014  0.006  0.004  0.143  0.009  0.001  0.001  0.002  0.002  0.180
   1.15215      2.640609  0.013  0.007  0.003  0.139  0.009  0.001  0.000  0.001  0.003  0.176
   1.12393      2.599496  0.012  0.010  0.002  0.134  0.010  0.001  0.000  0.001  0.004  0.173
   1.09571      2.571091  0.010  0.017  0.001  0.125  0.010  0.000  0.000  0.001  0.004  0.169
   1.06749      2.555938  0.007  0.027  0.001  0.115  0.010  0.000  0.000  0.001  0.005  0.167
   1.03927      2.552108  0.005  0.038  0.000  0.105  0.010  0.000  0.000  0.001  0.006  0.166
   1.01105      2.555305  0.003  0.049  0.000  0.096  0.010  0.000  0.000  0.001  0.007  0.166
   0.98283      2.560054  0.001  0.057  0.000  0.090  0.009  0.000  0.000  0.001  0.008  0.167
   0.95460      2.561458  0.000  0.061  0.000  0.087  0.009  0.000  0.000  0.001  0.008  0.167
   0.95460      2.561458  0.000  0.061  0.000  0.087  0.009  0.000  0.000  0.001  0.008  0.167
   0.92169      2.560636  0.002  0.064  0.000  0.081  0.009  0.001  0.000  0.001  0.008  0.165
   0.88877      2.549554  0.004  0.056  0.000  0.085  0.009  0.000  0.000  0.001  0.007  0.164
   0.85585      2.543865  0.006  0.038  0.001  0.107  0.009  0.000  0.000  0.001  0.007  0.168
   0.82294      2.558603  0.008  0.031  0.001  0.117  0.009  0.000  0.000  0.001  0.006  0.172
   0.79002      2.596779  0.010  0.030  0.003  0.119  0.008  0.000  0.000  0.001  0.005  0.177
   0.75710      2.656355  0.012  0.035  0.005  0.117  0.007  0.000  0.000  0.002  0.004  0.183
   0.72418      2.730446  0.014  0.042  0.009  0.112  0.006  0.001  0.000  0.002  0.003  0.189
   0.69127      2.809553  0.015  0.049  0.014  0.105  0.004  0.001  0.000  0.002  0.002  0.193
   0.65835      2.884060  0.016  0.056  0.019  0.098  0.003  0.001  0.000  0.003  0.001  0.197
   0.62543      2.946145  0.017  0.060  0.025  0.089  0.002  0.001  0.001  0.003  0.001  0.198
   0.59251      2.991073  0.018  0.063  0.032  0.079  0.001  0.001  0.001  0.003  0.000  0.198
   0.55960      3.018083  0.019  0.063  0.039  0.068  0.000  0.002  0.001  0.004  0.000  0.196
   0.52668      3.031062  0.022  0.062  0.048  0.056  0.000  0.002  0.001  0.004  0.000  0.194
   0.49376      3.038457  0.027  0.059  0.057  0.042  0.000  0.001  0.001  0.003  0.000  0.191
   0.46084      3.049746  0.034  0.054  0.066  0.029  0.001  0.001  0.001  0.003  0.001  0.189
   0.42793      3.068436  0.038  0.049  0.074  0.021  0.002  0.000  0.001  0.002  0.001  0.189
   0.39501      3.092096  0.040  0.045  0.081  0.017  0.003  0.000  0.000  0.002  0.002  0.190
   0.36209      3.117530  0.040  0.043  0.086  0.017  0.003  0.000  0.000  0.001  0.002  0.192
   0.32917      3.142260  0.039  0.041  0.090  0.017  0.003  0.000  0.000  0.001  0.002  0.194
   0.29626      3.164179  0.038  0.039  0.094  0.019  0.003  0.000  0.000  0.001  0.002  0.196
   0.26334      3.181376  0.036  0.038  0.098  0.021  0.003  0.000  0.000  0.000  0.002  0.198
   0.23042      3.192268  0.034  0.036  0.101  0.022  0.003  0.001  0.000  0.000  0.002  0.199
   0.19750      3.195831  0.032  0.034  0.104  0.022  0.003  0.001  0.000  0.000  0.001  0.199
   0.16459      3.191826  0.031  0.032  0.108  0.022  0.002  0.001  0.001  0.000  0.001  0.198
   0.13167      3.180971  0.030  0.029  0.113  0.020  0.002  0.001  0.001  0.000  0.001  0.197
   0.09875      3.165026  0.029  0.024  0.120  0.017  0.001  0.001  0.001  0.000  0.001  0.195
   0.06583      3.146640  0.029  0.019  0.129  0.013  0.001  0.001  0.002  0.000  0.000  0.194
   0.03292      3.128411  0.029  0.013  0.139  0.009  0.001  0.001  0.002  0.000  0.000  0.194
   0.00000      3.110509  0.030  0.008  0.148  0.005  0.000  0.001  0.002  0.000  0.000  0.196
 
# Band-Index:   27
   0.00000      5.811364  0.000  0.011  0.000  0.000  0.008  0.017  0.000  0.006  0.001  0.044
   0.03292      5.810596  0.001  0.011  0.001  0.000  0.007  0.016  0.001  0.006  0.001  0.043
   0.06583      5.795714  0.002  0.007  0.002  0.001  0.005  0.009  0.002  0.007  0.001  0.037
   0.09875      5.732093  0.004  0.004  0.003  0.003  0.004  0.003  0.004  0.007  0.002  0.033
   0.13167      5.628450  0.004  0.005  0.002  0.006  0.003  0.001  0.004  0.005  0.003  0.034
   0.16459      5.505217  0.004  0.006  0.002  0.011  0.003  0.000  0.003  0.003  0.005  0.036
   0.19750      5.372201  0.003  0.006  0.001  0.014  0.003  0.000  0.002  0.002  0.006  0.038
   0.23042      5.235567  0.002  0.006  0.001  0.017  0.003  0.000  0.001  0.001  0.007  0.039
   0.26334      5.099566  0.002  0.006  0.001  0.018  0.003  0.000  0.001  0.001  0.008  0.039
   0.29626      4.967025  0.001  0.006  0.000  0.018  0.003  0.000  0.001  0.000  0.008  0.037
   0.32917      4.839820  0.001  0.006  0.000  0.017  0.003  0.000  0.001  0.000  0.007  0.035
   0.36209      4.719253  0.001  0.006  0.000  0.015  0.002  0.000  0.001  0.000  0.007  0.033
   0.39501      4.606284  0.000  0.006  0.000  0.014  0.002  0.000  0.001  0.000  0.006  0.030
   0.42793      4.501589  0.000  0.006  0.001  0.012  0.002  0.000  0.001  0.000  0.006  0.028
   0.46084      4.405447  0.001  0.007  0.001  0.010  0.002  0.000  0.001  0.000  0.005  0.026
   0.49376      4.317450  0.001  0.007  0.001  0.008  0.002  0.000  0.002  0.000  0.005  0.025
   0.52668      4.236154  0.001  0.007  0.001  0.006  0.002  0.000  0.002  0.000  0.004  0.024
   0.55960      4.159160  0.002  0.006  0.001  0.006  0.001  0.000  0.003  0.000  0.003  0.022
   0.59251      4.084630  0.002  0.006  0.001  0.005  0.001  0.000  0.003  0.000  0.002  0.020
   0.62543      4.012712  0.002  0.005  0.001  0.005  0.001  0.000  0.004  0.000  0.002  0.019
   0.65835      3.944131  0.002  0.005  0.000  0.004  0.001  0.000  0.004  0.000  0.002  0.019
   0.69127      3.879447  0.002  0.005  0.000  0.004  0.001  0.000  0.004  0.000  0.001  0.018
   0.72418      3.819165  0.003  0.005  0.000  0.004  0.001  0.000  0.005  0.000  0.001  0.018
   0.75710      3.763355  0.005  0.005  0.000  0.003  0.001  0.000  0.005  0.000  0.000  0.019
   0.79002      3.712357  0.006  0.004  0.000  0.003  0.000  0.000  0.005  0.000  0.000  0.019
   0.82294      3.668381  0.007  0.003  0.000  0.002  0.000  0.000  0.006  0.000  0.000  0.018
   0.85585      3.633267  0.007  0.002  0.000  0.001  0.000  0.000  0.006  0.000  0.000  0.016
   0.88877      3.608295  0.008  0.001  0.000  0.001  0.000  0.000  0.006  0.000  0.000  0.015
   0.92169      3.594432  0.008  0.000  0.000  0.000  0.000  0.000  0.006  0.000  0.000  0.015
   0.95460      3.591987  0.007  0.000  0.000  0.000  0.000  0.000  0.006  0.000  0.000  0.014
   0.95460      3.591987  0.007  0.000  0.000  0.000  0.000  0.000  0.006  0.000  0.000  0.014
   0.98283      3.593356  0.008  0.000  0.000  0.000  0.000  0.000  0.006  0.000  0.000  0.015
   1.01105      3.603020  0.008  0.000  0.000  0.001  0.000  0.000  0.006  0.000  0.000  0.015
   1.03927      3.620949  0.007  0.001  0.000  0.001  0.000  0.000  0.006  0.000  0.000  0.016
   1.06749      3.646684  0.007  0.003  0.000  0.001  0.000  0.000  0.006  0.000  0.000  0.017
   1.09571      3.679532  0.006  0.004  0.000  0.001  0.000  0.000  0.006  0.000  0.000  0.018
   1.12393      3.718654  0.006  0.005  0.000  0.001  0.000  0.000  0.005  0.000  0.000  0.019
   1.15215      3.763048  0.005  0.007  0.000  0.002  0.000  0.000  0.005  0.000  0.001  0.020
   1.18037      3.811445  0.005  0.008  0.000  0.002  0.000  0.000  0.005  0.000  0.001  0.022
   1.20859      3.862260  0.004  0.009  0.000  0.002  0.000  0.000  0.005  0.000  0.001  0.022
   1.23681      3.913711  0.004  0.009  0.000  0.002  0.000  0.000  0.005  0.000  0.002  0.023
   1.26503      3.964247  0.003  0.008  0.001  0.002  0.000  0.000  0.005  0.000  0.003  0.023
   1.29326      4.013245  0.002  0.007  0.001  0.002  0.000  0.001  0.005  0.000  0.004  0.022
   1.32148      4.061576  0.001  0.006  0.001  0.002  0.000  0.001  0.005  0.000  0.005  0.021
   1.34970      4.111521  0.000  0.005  0.000  0.002  0.000  0.001  0.004  0.000  0.006  0.019
   1.37792      4.165878  0.000  0.004  0.000  0.002  0.000  0.001  0.004  0.000  0.007  0.018
   1.40614      4.226811  0.000  0.003  0.000  0.002  0.000  0.001  0.004  0.000  0.007  0.018
   1.43436      4.295079  0.001  0.003  0.001  0.001  0.000  0.000  0.004  0.000  0.007  0.018
   1.46258      4.369764  0.001  0.003  0.002  0.001  0.000  0.000  0.003  0.000  0.007  0.019
   1.49080      4.448048  0.001  0.003  0.004  0.001  0.000  0.001  0.003  0.000  0.008  0.020
   1.51902      4.524415  0.001  0.003  0.006  0.001  0.000  0.001  0.003  0.000  0.008  0.024
   1.54724      4.589280  0.001  0.004  0.011  0.001  0.000  0.003  0.002  0.000  0.008  0.030
   1.57546      4.630720  0.001  0.004  0.014  0.001  0.000  0.007  0.003  0.000  0.009  0.039
   1.60369      4.644163  0.001  0.003  0.016  0.001  0.000  0.011  0.004  0.000  0.009  0.045
   1.63191      4.636970  0.001  0.003  0.015  0.001  0.000  0.014  0.005  0.000  0.010  0.048
   1.66013      4.619726  0.001  0.002  0.013  0.001  0.000  0.017  0.007  0.000  0.010  0.049
   1.68835      4.600334  0.000  0.001  0.010  0.001  0.000  0.019  0.007  0.000  0.010  0.048
   1.71657      4.583777  0.000  0.001  0.009  0.001  0.000  0.020  0.008  0.000  0.010  0.048
   1.74479      4.573028  0.000  0.000  0.007  0.001  0.000  0.020  0.008  0.000  0.010  0.048
   1.77301      4.569694  0.000  0.000  0.007  0.001  0.000  0.021  0.008  0.000  0.010  0.048
   1.77301      4.569694  0.000  0.000  0.007  0.001  0.000  0.021  0.008  0.000  0.010  0.048
   1.78996      4.570302  0.000  0.000  0.007  0.001  0.000  0.021  0.008  0.000  0.010  0.048
   1.80690      4.574190  0.000  0.000  0.007  0.001  0.000  0.021  0.008  0.000  0.010  0.048
   1.82385      4.581424  0.000  0.000  0.007  0.002  0.000  0.021  0.008  0.000  0.010  0.048
   1.84079      4.592114  0.000  0.000  0.007  0.002  0.000  0.021  0.008  0.000  0.010  0.049
   1.85774      4.606411  0.000  0.000  0.007  0.002  0.000  0.020  0.008  0.000  0.011  0.049
   1.87468      4.624498  0.000  0.000  0.007  0.002  0.000  0.020  0.009  0.000  0.011  0.049
   1.89163      4.646590  0.000  0.000  0.006  0.003  0.000  0.020  0.009  0.000  0.011  0.050
   1.90857      4.672929  0.000  0.000  0.006  0.003  0.000  0.020  0.009  0.000  0.011  0.050
   1.92552      4.703786  0.000  0.000  0.005  0.003  0.000  0.020  0.009  0.000  0.012  0.050
   1.94246      4.739459  0.001  0.000  0.005  0.004  0.000  0.019  0.009  0.000  0.012  0.051
   1.95941      4.780266  0.001  0.000  0.004  0.005  0.000  0.019  0.009  0.001  0.013  0.052
   1.97635      4.826532  0.001  0.000  0.004  0.006  0.000  0.019  0.009  0.001  0.014  0.052
   1.99330      4.878575  0.001  0.000  0.003  0.007  0.000  0.018  0.009  0.001  0.014  0.053
   2.01024      4.936676  0.002  0.000  0.002  0.008  0.000  0.018  0.009  0.001  0.015  0.054
   2.02719      5.001037  0.002  0.000  0.002  0.009  0.000  0.017  0.009  0.001  0.015  0.055
   2.04413      5.071730  0.002  0.000  0.001  0.011  0.000  0.017  0.009  0.001  0.016  0.057
   2.06108      5.148644  0.003  0.000  0.001  0.012  0.000  0.016  0.009  0.001  0.016  0.058
   2.07802      5.231398  0.003  0.001  0.000  0.014  0.000  0.016  0.008  0.001  0.016  0.059
   2.09497      5.319246  0.004  0.001  0.000  0.015  0.000  0.015  0.008  0.001  0.015  0.060
   2.11191      5.410918  0.004  0.002  0.000  0.016  0.000  0.015  0.007  0.001  0.015  0.060
   2.12886      5.504364  0.005  0.002  0.000  0.016  0.000  0.015  0.007  0.001  0.013  0.059
   2.14580      5.596309  0.005  0.004  0.001  0.015  0.000  0.015  0.006  0.000  0.011  0.057
   2.16275      5.681575  0.005  0.005  0.001  0.013  0.001  0.015  0.005  0.000  0.007  0.053
   2.17969      5.752465  0.005  0.008  0.002  0.008  0.002  0.016  0.004  0.001  0.004  0.048
   2.19664      5.799095  0.003  0.011  0.002  0.003  0.004  0.016  0.002  0.003  0.001  0.045
   2.21358      5.812314  0.001  0.014  0.002  0.001  0.006  0.016  0.000  0.004  0.000  0.045
   2.23053      5.811340  0.001  0.013  0.001  0.000  0.007  0.016  0.000  0.005  0.000  0.044
   2.24747      5.810030  0.000  0.012  0.000  0.000  0.007  0.017  0.000  0.006  0.001  0.043
   2.26442      5.811364  0.000  0.011  0.000  0.000  0.008  0.017  0.000  0.006  0.001  0.044
   2.26442      5.811364  0.000  0.011  0.000  0.000  0.008  0.017  0.000  0.006  0.001  0.044
   2.29734      5.810596  0.001  0.011  0.001  0.000  0.007  0.016  0.001  0.006  0.001  0.043
   2.33025      5.795714  0.002  0.007  0.002  0.001  0.005  0.009  0.002  0.007  0.001  0.037
   2.36317      5.732093  0.004  0.004  0.003  0.003  0.004  0.003  0.004  0.007  0.002  0.033
   2.39609      5.628450  0.004  0.005  0.002  0.006  0.003  0.001  0.004  0.005  0.003  0.034
   2.42901      5.505217  0.004  0.006  0.002  0.011  0.003  0.000  0.003  0.003  0.005  0.036
   2.46192      5.372201  0.003  0.006  0.001  0.014  0.003  0.000  0.002  0.002  0.006  0.038
   2.49484      5.235567  0.002  0.006  0.001  0.017  0.003  0.000  0.001  0.001  0.007  0.039
   2.52776      5.099566  0.002  0.006  0.001  0.018  0.003  0.000  0.001  0.001  0.008  0.039
   2.56068      4.967025  0.001  0.006  0.000  0.018  0.003  0.000  0.001  0.000  0.008  0.037
   2.59359      4.839820  0.001  0.006  0.000  0.017  0.003  0.000  0.001  0.000  0.007  0.035
   2.62651      4.719253  0.001  0.006  0.000  0.015  0.002  0.000  0.001  0.000  0.007  0.033
   2.65943      4.606284  0.000  0.006  0.000  0.014  0.002  0.000  0.001  0.000  0.006  0.030
   2.69234      4.501589  0.000  0.006  0.001  0.012  0.002  0.000  0.001  0.000  0.006  0.028
   2.72526      4.405447  0.001  0.007  0.001  0.010  0.002  0.000  0.001  0.000  0.005  0.026
   2.75818      4.317450  0.001  0.007  0.001  0.008  0.002  0.000  0.002  0.000  0.005  0.025
   2.79110      4.236154  0.001  0.007  0.001  0.006  0.002  0.000  0.002  0.000  0.004  0.024
   2.82401      4.159160  0.002  0.006  0.001  0.006  0.001  0.000  0.003  0.000  0.003  0.022
   2.85693      4.084630  0.002  0.006  0.001  0.005  0.001  0.000  0.003  0.000  0.002  0.020
   2.88985      4.012712  0.002  0.005  0.001  0.005  0.001  0.000  0.004  0.000  0.002  0.019
   2.92277      3.944131  0.002  0.005  0.000  0.004  0.001  0.000  0.004  0.000  0.002  0.019
   2.95568      3.879447  0.002  0.005  0.000  0.004  0.001  0.000  0.004  0.000  0.001  0.018
   2.98860      3.819165  0.003  0.005  0.000  0.004  0.001  0.000  0.005  0.000  0.001  0.018
   3.02152      3.763355  0.005  0.005  0.000  0.003  0.001  0.000  0.005  0.000  0.000  0.019
   3.05444      3.712357  0.006  0.004  0.000  0.003  0.000  0.000  0.005  0.000  0.000  0.019
   3.08735      3.668381  0.007  0.003  0.000  0.002  0.000  0.000  0.006  0.000  0.000  0.018
   3.12027      3.633267  0.007  0.002  0.000  0.001  0.000  0.000  0.006  0.000  0.000  0.016
   3.15319      3.608295  0.008  0.001  0.000  0.001  0.000  0.000  0.006  0.000  0.000  0.015
   3.18611      3.594432  0.008  0.000  0.000  0.000  0.000  0.000  0.006  0.000  0.000  0.015
   3.21902      3.591987  0.007  0.000  0.000  0.000  0.000  0.000  0.006  0.000  0.000  0.014
 
# Band-Index:   28
   3.21902      3.592009  0.007  0.000  0.000  0.000  0.000  0.000  0.006  0.000  0.000  0.014
   3.18611      3.600403  0.006  0.001  0.000  0.001  0.000  0.000  0.006  0.000  0.000  0.014
   3.15319      3.618411  0.005  0.002  0.000  0.001  0.000  0.000  0.006  0.000  0.000  0.015
   3.12027      3.644820  0.004  0.003  0.000  0.001  0.000  0.000  0.006  0.000  0.001  0.015
   3.08735      3.678911  0.003  0.004  0.000  0.002  0.000  0.000  0.006  0.000  0.001  0.015
   3.05444      3.720469  0.003  0.005  0.000  0.002  0.000  0.000  0.005  0.000  0.001  0.016
   3.02152      3.769892  0.003  0.006  0.000  0.002  0.000  0.000  0.005  0.000  0.001  0.018
   2.98860      3.827655  0.004  0.008  0.000  0.003  0.000  0.000  0.005  0.000  0.001  0.021
   2.95568      3.891877  0.004  0.009  0.000  0.003  0.000  0.000  0.005  0.000  0.001  0.023
   2.92277      3.960098  0.004  0.010  0.001  0.003  0.000  0.000  0.004  0.000  0.002  0.025
   2.88985      4.030659  0.003  0.011  0.001  0.004  0.000  0.000  0.004  0.000  0.002  0.025
   2.85693      4.103285  0.002  0.010  0.001  0.004  0.001  0.000  0.003  0.000  0.003  0.024
   2.82401      4.179851  0.001  0.008  0.001  0.005  0.001  0.000  0.003  0.000  0.003  0.023
   2.79110      4.263342  0.000  0.006  0.001  0.006  0.001  0.000  0.003  0.000  0.004  0.022
   2.75818      4.355266  0.000  0.005  0.001  0.008  0.002  0.000  0.002  0.000  0.005  0.023
   2.72526      4.455865  0.000  0.005  0.000  0.009  0.002  0.000  0.002  0.000  0.005  0.024
   2.69234      4.565102  0.001  0.005  0.000  0.011  0.002  0.000  0.001  0.000  0.006  0.026
   2.65943      4.682864  0.001  0.005  0.000  0.013  0.003  0.000  0.001  0.000  0.007  0.029
   2.62651      4.808992  0.001  0.005  0.000  0.015  0.003  0.000  0.001  0.000  0.007  0.032
   2.59359      4.943274  0.002  0.005  0.000  0.016  0.003  0.000  0.001  0.000  0.008  0.036
   2.56068      5.085372  0.002  0.006  0.001  0.018  0.004  0.000  0.000  0.000  0.009  0.040
   2.52776      5.234606  0.003  0.006  0.001  0.019  0.004  0.000  0.000  0.000  0.010  0.044
   2.49484      5.389347  0.003  0.008  0.002  0.019  0.005  0.000  0.000  0.001  0.010  0.049
   2.46192      5.544669  0.004  0.012  0.004  0.017  0.007  0.001  0.000  0.002  0.011  0.058
   2.42901      5.683092  0.003  0.023  0.008  0.014  0.011  0.006  0.001  0.006  0.012  0.082
   2.39609      5.783027  0.002  0.033  0.006  0.012  0.014  0.015  0.002  0.008  0.010  0.101
   2.36317      5.849626  0.002  0.033  0.002  0.009  0.014  0.022  0.002  0.004  0.005  0.093
   2.33025      5.868672  0.002  0.018  0.001  0.002  0.008  0.019  0.002  0.006  0.001  0.058
   2.29734      5.862378  0.001  0.010  0.001  0.001  0.005  0.017  0.001  0.010  0.001  0.046
   2.26442      5.860995  0.001  0.008  0.000  0.001  0.005  0.017  0.001  0.011  0.001  0.046
   2.26442      5.860995  0.001  0.008  0.000  0.001  0.005  0.017  0.001  0.011  0.001  0.046
   2.24747      5.855632  0.001  0.009  0.001  0.000  0.005  0.016  0.001  0.010  0.001  0.045
   2.23053      5.849507  0.001  0.010  0.002  0.000  0.004  0.016  0.001  0.009  0.000  0.044
   2.21358      5.838227  0.002  0.011  0.002  0.001  0.004  0.017  0.001  0.006  0.000  0.044
   2.19664      5.821826  0.002  0.016  0.002  0.004  0.005  0.018  0.001  0.003  0.001  0.051
   2.17969      5.800128  0.003  0.018  0.002  0.011  0.004  0.020  0.001  0.001  0.003  0.063
   2.16275      5.749508  0.005  0.016  0.001  0.020  0.002  0.021  0.002  0.000  0.009  0.075
   2.14580      5.669253  0.005  0.011  0.000  0.024  0.001  0.021  0.003  0.001  0.015  0.081
   2.12886      5.574068  0.005  0.007  0.000  0.024  0.000  0.020  0.004  0.002  0.018  0.081
   2.11191      5.474685  0.005  0.005  0.000  0.022  0.000  0.020  0.005  0.002  0.019  0.079
   2.09497      5.376667  0.005  0.003  0.000  0.020  0.000  0.020  0.006  0.002  0.020  0.075
   2.07802      5.282907  0.004  0.002  0.000  0.017  0.000  0.020  0.007  0.002  0.019  0.071
   2.06108      5.194934  0.004  0.001  0.001  0.015  0.000  0.020  0.007  0.002  0.019  0.068
   2.04413      5.113499  0.003  0.001  0.001  0.012  0.000  0.020  0.007  0.002  0.018  0.064
   2.02719      5.038879  0.003  0.000  0.001  0.010  0.000  0.020  0.007  0.002  0.017  0.061
   2.01024      4.971048  0.002  0.000  0.002  0.008  0.000  0.020  0.008  0.002  0.017  0.058
   1.99330      4.909802  0.002  0.000  0.002  0.006  0.000  0.020  0.008  0.001  0.016  0.056
   1.97635      4.854835  0.002  0.000  0.003  0.005  0.000  0.020  0.008  0.001  0.015  0.054
   1.95941      4.805795  0.002  0.000  0.004  0.003  0.000  0.020  0.008  0.001  0.015  0.052
   1.94246      4.762321  0.001  0.000  0.004  0.003  0.000  0.020  0.008  0.001  0.014  0.051
   1.92552      4.724064  0.001  0.000  0.005  0.002  0.000  0.021  0.008  0.001  0.013  0.050
   1.90857      4.690694  0.001  0.000  0.005  0.001  0.000  0.021  0.008  0.001  0.013  0.049
   1.89163      4.661912  0.001  0.000  0.005  0.001  0.000  0.021  0.008  0.000  0.012  0.049
   1.87468      4.637446  0.001  0.000  0.006  0.000  0.000  0.021  0.008  0.000  0.012  0.048
   1.85774      4.617056  0.001  0.000  0.006  0.000  0.000  0.021  0.008  0.000  0.012  0.048
   1.84079      4.600525  0.001  0.000  0.006  0.000  0.000  0.021  0.008  0.000  0.011  0.048
   1.82385      4.587664  0.000  0.000  0.007  0.000  0.000  0.021  0.008  0.000  0.011  0.048
   1.80690      4.578315  0.000  0.000  0.007  0.001  0.000  0.021  0.008  0.000  0.011  0.048
   1.78996      4.572354  0.000  0.000  0.007  0.001  0.000  0.021  0.008  0.000  0.011  0.048
   1.77301      4.569694  0.000  0.000  0.007  0.001  0.000  0.021  0.008  0.000  0.010  0.048
   1.77301      4.569694  0.000  0.000  0.007  0.001  0.000  0.021  0.008  0.000  0.010  0.048
   1.74479      4.574345  0.000  0.000  0.008  0.001  0.000  0.021  0.008  0.000  0.011  0.049
   1.71657      4.586650  0.000  0.001  0.009  0.001  0.000  0.020  0.008  0.000  0.011  0.050
   1.68835      4.605381  0.001  0.001  0.012  0.001  0.000  0.020  0.007  0.000  0.011  0.052
   1.66013      4.628265  0.001  0.001  0.014  0.001  0.000  0.018  0.007  0.000  0.012  0.054
   1.63191      4.651630  0.001  0.002  0.018  0.001  0.000  0.016  0.006  0.000  0.012  0.056
   1.60369      4.669648  0.001  0.003  0.020  0.001  0.000  0.014  0.004  0.000  0.012  0.055
   1.57546      4.673003  0.001  0.004  0.020  0.001  0.000  0.010  0.003  0.000  0.012  0.051
   1.54724      4.648808  0.001  0.004  0.016  0.001  0.000  0.005  0.002  0.000  0.011  0.040
   1.51902      4.591143  0.001  0.004  0.009  0.001  0.000  0.002  0.003  0.000  0.009  0.028
   1.49080      4.512707  0.002  0.003  0.004  0.000  0.000  0.000  0.004  0.000  0.008  0.022
   1.46258      4.428787  0.001  0.003  0.002  0.000  0.000  0.000  0.004  0.000  0.008  0.019
   1.43436      4.347211  0.001  0.003  0.001  0.000  0.000  0.000  0.005  0.000  0.007  0.018
   1.40614      4.271204  0.001  0.003  0.000  0.001  0.000  0.000  0.005  0.000  0.007  0.017
   1.37792      4.201717  0.000  0.003  0.000  0.001  0.000  0.001  0.005  0.000  0.006  0.016
   1.34970      4.138251  0.000  0.004  0.000  0.001  0.000  0.000  0.005  0.000  0.006  0.016
   1.32148      4.079325  0.000  0.005  0.000  0.001  0.000  0.000  0.005  0.000  0.005  0.016
   1.29326      4.023160  0.000  0.006  0.000  0.001  0.000  0.000  0.005  0.000  0.004  0.017
   1.26503      3.968459  0.001  0.006  0.000  0.001  0.000  0.000  0.005  0.000  0.003  0.017
   1.23681      3.914873  0.001  0.007  0.000  0.001  0.000  0.000  0.005  0.000  0.002  0.017
   1.20859      3.862914  0.001  0.007  0.000  0.001  0.000  0.000  0.005  0.000  0.002  0.017
   1.18037      3.813530  0.002  0.007  0.000  0.001  0.000  0.000  0.005  0.000  0.002  0.016
   1.15215      3.767703  0.002  0.006  0.000  0.001  0.000  0.000  0.005  0.000  0.001  0.016
   1.12393      3.726218  0.002  0.006  0.000  0.000  0.000  0.000  0.005  0.000  0.001  0.015
   1.09571      3.689609  0.003  0.005  0.000  0.000  0.000  0.000  0.006  0.000  0.001  0.015
   1.06749      3.658217  0.004  0.004  0.000  0.000  0.000  0.000  0.006  0.000  0.001  0.015
   1.03927      3.632306  0.004  0.003  0.000  0.000  0.000  0.000  0.006  0.000  0.001  0.015
   1.01105      3.612225  0.005  0.002  0.000  0.000  0.000  0.000  0.006  0.000  0.000  0.015
   0.98283      3.598533  0.006  0.001  0.000  0.000  0.000  0.000  0.006  0.000  0.000  0.014
   0.95460      3.592009  0.007  0.000  0.000  0.000  0.000  0.000  0.006  0.000  0.000  0.014
   0.95460      3.592009  0.007  0.000  0.000  0.000  0.000  0.000  0.006  0.000  0.000  0.014
   0.92169      3.600403  0.006  0.001  0.000  0.001  0.000  0.000  0.006  0.000  0.000  0.014
   0.88877      3.618411  0.005  0.002  0.000  0.001  0.000  0.000  0.006  0.000  0.000  0.015
   0.85585      3.644820  0.004  0.003  0.000  0.001  0.000  0.000  0.006  0.000  0.001  0.015
   0.82294      3.678911  0.003  0.004  0.000  0.002  0.000  0.000  0.006  0.000  0.001  0.015
   0.79002      3.720469  0.003  0.005  0.000  0.002  0.000  0.000  0.005  0.000  0.001  0.016
   0.75710      3.769892  0.003  0.006  0.000  0.002  0.000  0.000  0.005  0.000  0.001  0.018
   0.72418      3.827655  0.004  0.008  0.000  0.003  0.000  0.000  0.005  0.000  0.001  0.021
   0.69127      3.891877  0.004  0.009  0.000  0.003  0.000  0.000  0.005  0.000  0.001  0.023
   0.65835      3.960098  0.004  0.010  0.001  0.003  0.000  0.000  0.004  0.000  0.002  0.025
   0.62543      4.030659  0.003  0.011  0.001  0.004  0.000  0.000  0.004  0.000  0.002  0.025
   0.59251      4.103285  0.002  0.010  0.001  0.004  0.001  0.000  0.003  0.000  0.003  0.024
   0.55960      4.179851  0.001  0.008  0.001  0.005  0.001  0.000  0.003  0.000  0.003  0.023
   0.52668      4.263342  0.000  0.006  0.001  0.006  0.001  0.000  0.003  0.000  0.004  0.022
   0.49376      4.355266  0.000  0.005  0.001  0.008  0.002  0.000  0.002  0.000  0.005  0.023
   0.46084      4.455865  0.000  0.005  0.000  0.009  0.002  0.000  0.002  0.000  0.005  0.024
   0.42793      4.565102  0.001  0.005  0.000  0.011  0.002  0.000  0.001  0.000  0.006  0.026
   0.39501      4.682864  0.001  0.005  0.000  0.013  0.003  0.000  0.001  0.000  0.007  0.029
   0.36209      4.808992  0.001  0.005  0.000  0.015  0.003  0.000  0.001  0.000  0.007  0.032
   0.32917      4.943274  0.002  0.005  0.000  0.016  0.003  0.000  0.001  0.000  0.008  0.036
   0.29626      5.085372  0.002  0.006  0.001  0.018  0.004  0.000  0.000  0.000  0.009  0.040
   0.26334      5.234606  0.003  0.006  0.001  0.019  0.004  0.000  0.000  0.000  0.010  0.044
   0.23042      5.389347  0.003  0.008  0.002  0.019  0.005  0.000  0.000  0.001  0.010  0.049
   0.19750      5.544669  0.004  0.012  0.004  0.017  0.007  0.001  0.000  0.002  0.011  0.058
   0.16459      5.683092  0.003  0.023  0.008  0.014  0.011  0.006  0.001  0.006  0.012  0.082
   0.13167      5.783027  0.002  0.033  0.006  0.012  0.014  0.015  0.002  0.008  0.010  0.101
   0.09875      5.849626  0.002  0.033  0.002  0.009  0.014  0.022  0.002  0.004  0.005  0.093
   0.06583      5.868672  0.002  0.018  0.001  0.002  0.008  0.019  0.002  0.006  0.001  0.058
   0.03292      5.862378  0.001  0.010  0.001  0.001  0.005  0.017  0.001  0.010  0.001  0.046
   0.00000      5.860995  0.001  0.008  0.000  0.001  0.005  0.017  0.001  0.011  0.001  0.046
 
# Band-Index:   29
   0.00000      6.020136  0.007  0.011  0.003  0.009  0.003  0.007  0.008  0.004  0.004  0.056
   0.03292      6.001408  0.006  0.019  0.002  0.006  0.008  0.008  0.007  0.005  0.003  0.063
   0.06583      5.951066  0.003  0.029  0.002  0.004  0.011  0.015  0.004  0.004  0.002  0.074
   0.09875      5.922463  0.001  0.035  0.005  0.009  0.012  0.018  0.002  0.003  0.004  0.089
   0.13167      5.869498  0.004  0.011  0.004  0.008  0.005  0.009  0.001  0.005  0.004  0.049
   0.16459      5.755194  0.004  0.006  0.004  0.013  0.003  0.011  0.001  0.003  0.006  0.051
   0.19750      5.637029  0.002  0.010  0.011  0.011  0.005  0.011  0.002  0.006  0.009  0.067
   0.23042      5.520737  0.001  0.008  0.016  0.009  0.006  0.008  0.004  0.006  0.010  0.068
   0.26334      5.398873  0.001  0.006  0.019  0.007  0.005  0.006  0.005  0.005  0.010  0.064
   0.29626      5.273588  0.001  0.004  0.020  0.006  0.005  0.004  0.006  0.004  0.009  0.059
   0.32917      5.148305  0.001  0.004  0.021  0.004  0.004  0.003  0.007  0.003  0.007  0.054
   0.36209      5.025715  0.001  0.003  0.022  0.003  0.004  0.002  0.007  0.002  0.006  0.050
   0.39501      4.907600  0.001  0.003  0.023  0.002  0.003  0.002  0.007  0.001  0.005  0.047
   0.42793      4.794967  0.001  0.003  0.024  0.002  0.002  0.001  0.007  0.001  0.004  0.045
   0.46084      4.688337  0.002  0.002  0.024  0.001  0.002  0.001  0.006  0.001  0.003  0.043
   0.49376      4.588021  0.002  0.002  0.025  0.001  0.001  0.001  0.006  0.001  0.003  0.041
   0.52668      4.494265  0.002  0.001  0.026  0.001  0.001  0.001  0.006  0.000  0.002  0.040
   0.55960      4.407242  0.002  0.001  0.026  0.001  0.001  0.001  0.005  0.000  0.002  0.039
   0.59251      4.326918  0.002  0.001  0.027  0.001  0.001  0.000  0.005  0.000  0.001  0.038
   0.62543      4.252953  0.002  0.000  0.027  0.001  0.000  0.000  0.005  0.000  0.001  0.037
   0.65835      4.184820  0.002  0.000  0.027  0.001  0.000  0.000  0.005  0.000  0.001  0.037
   0.69127      4.122134  0.002  0.000  0.026  0.001  0.000  0.000  0.005  0.000  0.001  0.035
   0.72418      4.064872  0.002  0.000  0.025  0.001  0.000  0.000  0.005  0.000  0.001  0.034
   0.75710      4.013319  0.003  0.000  0.024  0.001  0.000  0.000  0.005  0.000  0.000  0.033
   0.79002      3.967900  0.003  0.000  0.024  0.001  0.000  0.000  0.004  0.000  0.000  0.033
   0.82294      3.929102  0.004  0.000  0.023  0.000  0.000  0.000  0.004  0.000  0.000  0.032
   0.85585      3.897516  0.005  0.000  0.023  0.000  0.000  0.000  0.004  0.000  0.000  0.032
   0.88877      3.873933  0.006  0.000  0.022  0.000  0.000  0.000  0.004  0.000  0.000  0.032
   0.92169      3.859323  0.006  0.000  0.022  0.000  0.000  0.000  0.004  0.000  0.000  0.032
   0.95460      3.854537  0.006  0.000  0.022  0.000  0.000  0.000  0.004  0.000  0.000  0.032
   0.95460      3.854537  0.006  0.000  0.022  0.000  0.000  0.000  0.004  0.000  0.000  0.032
   0.98283      3.858028  0.006  0.000  0.022  0.000  0.000  0.000  0.004  0.000  0.000  0.033
   1.01105      3.868832  0.006  0.000  0.022  0.000  0.000  0.000  0.004  0.000  0.000  0.033
   1.03927      3.886502  0.006  0.000  0.023  0.000  0.000  0.000  0.004  0.000  0.000  0.033
   1.06749      3.910444  0.005  0.000  0.023  0.000  0.000  0.000  0.004  0.000  0.000  0.033
   1.09571      3.940086  0.004  0.000  0.024  0.000  0.000  0.000  0.004  0.000  0.001  0.033
   1.12393      3.974970  0.004  0.000  0.024  0.000  0.000  0.000  0.004  0.000  0.001  0.033
   1.15215      4.014757  0.003  0.001  0.025  0.000  0.000  0.000  0.004  0.000  0.001  0.034
   1.18037      4.059185  0.003  0.001  0.026  0.000  0.000  0.000  0.004  0.000  0.001  0.035
   1.20859      4.108038  0.002  0.002  0.026  0.000  0.000  0.000  0.004  0.000  0.001  0.036
   1.23681      4.161128  0.002  0.002  0.027  0.000  0.000  0.000  0.004  0.000  0.001  0.038
   1.26503      4.218313  0.002  0.003  0.027  0.000  0.000  0.001  0.004  0.000  0.001  0.039
   1.29326      4.279476  0.003  0.005  0.027  0.000  0.000  0.001  0.004  0.000  0.001  0.040
   1.32148      4.344429  0.003  0.006  0.027  0.000  0.000  0.001  0.003  0.000  0.001  0.041
   1.34970      4.412739  0.003  0.007  0.026  0.000  0.000  0.001  0.003  0.000  0.001  0.042
   1.37792      4.483530  0.004  0.008  0.026  0.000  0.000  0.002  0.002  0.000  0.001  0.043
   1.40614      4.555331  0.004  0.009  0.026  0.000  0.000  0.002  0.002  0.000  0.001  0.045
   1.43436      4.625958  0.005  0.009  0.026  0.000  0.000  0.003  0.002  0.000  0.001  0.048
   1.46258      4.692611  0.005  0.009  0.027  0.000  0.000  0.005  0.003  0.000  0.002  0.051
   1.49080      4.752967  0.006  0.009  0.025  0.000  0.000  0.007  0.004  0.000  0.002  0.054
   1.51902      4.809060  0.007  0.008  0.021  0.000  0.000  0.008  0.006  0.000  0.002  0.053
   1.54724      4.873019  0.007  0.007  0.013  0.000  0.000  0.008  0.008  0.000  0.002  0.046
   1.57546      4.958957  0.007  0.006  0.006  0.000  0.000  0.006  0.009  0.000  0.002  0.036
   1.60369      5.065697  0.007  0.005  0.002  0.000  0.000  0.005  0.009  0.000  0.002  0.030
   1.63191      5.169902  0.006  0.004  0.002  0.000  0.000  0.005  0.008  0.000  0.003  0.029
   1.66013      5.286350  0.006  0.004  0.001  0.000  0.000  0.004  0.007  0.000  0.004  0.026
   1.68835      5.409864  0.006  0.003  0.000  0.000  0.000  0.003  0.006  0.000  0.004  0.024
   1.71657      5.534793  0.007  0.003  0.000  0.000  0.000  0.003  0.005  0.000  0.005  0.023
   1.74479      5.651119  0.007  0.002  0.001  0.000  0.000  0.003  0.003  0.000  0.007  0.023
   1.77301      5.726628  0.008  0.002  0.002  0.000  0.000  0.003  0.000  0.000  0.008  0.023
   1.77301      5.726628  0.008  0.002  0.002  0.000  0.000  0.003  0.000  0.000  0.008  0.023
   1.78996      5.721752  0.008  0.002  0.002  0.000  0.000  0.003  0.000  0.000  0.008  0.023
   1.80690      5.723421  0.008  0.001  0.002  0.000  0.000  0.003  0.000  0.000  0.008  0.022
   1.82385      5.731297  0.007  0.001  0.002  0.001  0.000  0.003  0.000  0.000  0.008  0.022
   1.84079      5.744726  0.006  0.001  0.002  0.002  0.000  0.002  0.000  0.000  0.008  0.022
   1.85774      5.762852  0.006  0.001  0.002  0.003  0.000  0.002  0.000  0.000  0.007  0.022
   1.87468      5.784744  0.005  0.001  0.002  0.005  0.000  0.002  0.000  0.000  0.007  0.022
   1.89163      5.809502  0.004  0.001  0.001  0.006  0.000  0.002  0.000  0.000  0.007  0.022
   1.90857      5.836342  0.003  0.001  0.001  0.007  0.000  0.002  0.001  0.000  0.007  0.021
   1.92552      5.864627  0.003  0.001  0.001  0.007  0.000  0.002  0.001  0.000  0.006  0.021
   1.94246      5.893865  0.002  0.001  0.001  0.008  0.000  0.001  0.001  0.000  0.006  0.021
   1.95941      5.923668  0.002  0.000  0.001  0.008  0.000  0.001  0.001  0.000  0.006  0.021
   1.97635      5.953681  0.002  0.000  0.001  0.009  0.000  0.001  0.001  0.000  0.006  0.021
   1.99330      5.983472  0.002  0.000  0.001  0.009  0.000  0.001  0.002  0.001  0.006  0.022
   2.01024      6.012385  0.002  0.000  0.002  0.009  0.000  0.001  0.002  0.001  0.006  0.023
   2.02719      6.039288  0.002  0.000  0.002  0.009  0.001  0.000  0.002  0.001  0.006  0.024
   2.04413      6.062248  0.002  0.000  0.003  0.009  0.001  0.000  0.002  0.002  0.006  0.026
   2.06108      6.078248  0.002  0.001  0.003  0.008  0.002  0.000  0.002  0.004  0.006  0.029
   2.07802      6.083765  0.001  0.003  0.004  0.007  0.003  0.000  0.003  0.007  0.006  0.034
   2.09497      6.077033  0.001  0.004  0.005  0.005  0.004  0.000  0.003  0.010  0.007  0.040
   2.11191      6.060339  0.001  0.006  0.005  0.005  0.004  0.001  0.004  0.013  0.008  0.045
   2.12886      6.039431  0.000  0.006  0.005  0.005  0.005  0.001  0.004  0.015  0.009  0.051
   2.14580      6.022060  0.000  0.005  0.004  0.008  0.004  0.001  0.004  0.018  0.012  0.057
   2.16275      6.018754  0.001  0.004  0.003  0.015  0.003  0.002  0.004  0.021  0.017  0.068
   2.17969      6.040887  0.002  0.006  0.001  0.024  0.001  0.005  0.004  0.021  0.020  0.084
   2.19664      6.081828  0.003  0.013  0.001  0.026  0.002  0.008  0.004  0.016  0.016  0.089
   2.21358      6.106581  0.008  0.009  0.001  0.001  0.003  0.004  0.007  0.003  0.001  0.038
   2.23053      6.091446  0.008  0.011  0.003  0.003  0.004  0.004  0.007  0.003  0.001  0.043
   2.24747      6.059092  0.007  0.012  0.003  0.007  0.004  0.006  0.007  0.004  0.003  0.052
   2.26442      6.020136  0.007  0.011  0.003  0.009  0.003  0.007  0.008  0.004  0.004  0.056
   2.26442      6.020136  0.007  0.011  0.003  0.009  0.003  0.007  0.008  0.004  0.004  0.056
   2.29734      6.001408  0.006  0.019  0.002  0.006  0.008  0.008  0.007  0.005  0.003  0.063
   2.33025      5.951066  0.003  0.029  0.002  0.004  0.011  0.015  0.004  0.004  0.002  0.074
   2.36317      5.922463  0.001  0.035  0.005  0.009  0.012  0.018  0.002  0.003  0.004  0.089
   2.39609      5.869498  0.004  0.011  0.004  0.008  0.005  0.009  0.001  0.005  0.004  0.049
   2.42901      5.755194  0.004  0.006  0.004  0.013  0.003  0.011  0.001  0.003  0.006  0.051
   2.46192      5.637029  0.002  0.010  0.011  0.011  0.005  0.011  0.002  0.006  0.009  0.067
   2.49484      5.520737  0.001  0.008  0.016  0.009  0.006  0.008  0.004  0.006  0.010  0.068
   2.52776      5.398873  0.001  0.006  0.019  0.007  0.005  0.006  0.005  0.005  0.010  0.064
   2.56068      5.273588  0.001  0.004  0.020  0.006  0.005  0.004  0.006  0.004  0.009  0.059
   2.59359      5.148305  0.001  0.004  0.021  0.004  0.004  0.003  0.007  0.003  0.007  0.054
   2.62651      5.025715  0.001  0.003  0.022  0.003  0.004  0.002  0.007  0.002  0.006  0.050
   2.65943      4.907600  0.001  0.003  0.023  0.002  0.003  0.002  0.007  0.001  0.005  0.047
   2.69234      4.794967  0.001  0.003  0.024  0.002  0.002  0.001  0.007  0.001  0.004  0.045
   2.72526      4.688337  0.002  0.002  0.024  0.001  0.002  0.001  0.006  0.001  0.003  0.043
   2.75818      4.588021  0.002  0.002  0.025  0.001  0.001  0.001  0.006  0.001  0.003  0.041
   2.79110      4.494265  0.002  0.001  0.026  0.001  0.001  0.001  0.006  0.000  0.002  0.040
   2.82401      4.407242  0.002  0.001  0.026  0.001  0.001  0.001  0.005  0.000  0.002  0.039
   2.85693      4.326918  0.002  0.001  0.027  0.001  0.001  0.000  0.005  0.000  0.001  0.038
   2.88985      4.252953  0.002  0.000  0.027  0.001  0.000  0.000  0.005  0.000  0.001  0.037
   2.92277      4.184820  0.002  0.000  0.027  0.001  0.000  0.000  0.005  0.000  0.001  0.037
   2.95568      4.122134  0.002  0.000  0.026  0.001  0.000  0.000  0.005  0.000  0.001  0.035
   2.98860      4.064872  0.002  0.000  0.025  0.001  0.000  0.000  0.005  0.000  0.001  0.034
   3.02152      4.013319  0.003  0.000  0.024  0.001  0.000  0.000  0.005  0.000  0.000  0.033
   3.05444      3.967900  0.003  0.000  0.024  0.001  0.000  0.000  0.004  0.000  0.000  0.033
   3.08735      3.929102  0.004  0.000  0.023  0.000  0.000  0.000  0.004  0.000  0.000  0.032
   3.12027      3.897516  0.005  0.000  0.023  0.000  0.000  0.000  0.004  0.000  0.000  0.032
   3.15319      3.873933  0.006  0.000  0.022  0.000  0.000  0.000  0.004  0.000  0.000  0.032
   3.18611      3.859323  0.006  0.000  0.022  0.000  0.000  0.000  0.004  0.000  0.000  0.032
   3.21902      3.854537  0.006  0.000  0.022  0.000  0.000  0.000  0.004  0.000  0.000  0.032
 
# Band-Index:   30
   3.21902      3.854647  0.006  0.000  0.022  0.000  0.000  0.000  0.004  0.000  0.000  0.032
   3.18611      3.860037  0.006  0.000  0.022  0.000  0.000  0.000  0.004  0.000  0.000  0.032
   3.15319      3.875298  0.005  0.000  0.022  0.000  0.000  0.000  0.004  0.000  0.000  0.032
   3.12027      3.899672  0.005  0.001  0.022  0.000  0.000  0.000  0.004  0.000  0.000  0.032
   3.08735      3.932306  0.004  0.001  0.023  0.000  0.000  0.000  0.004  0.000  0.000  0.032
   3.05444      3.972469  0.003  0.001  0.023  0.000  0.000  0.000  0.005  0.000  0.000  0.032
   3.02152      4.019630  0.002  0.001  0.024  0.000  0.000  0.000  0.005  0.000  0.001  0.033
   2.98860      4.073389  0.002  0.000  0.025  0.000  0.000  0.000  0.005  0.000  0.001  0.034
   2.95568      4.133389  0.001  0.000  0.026  0.001  0.000  0.000  0.005  0.000  0.001  0.035
   2.92277      4.199283  0.001  0.000  0.027  0.001  0.001  0.000  0.005  0.000  0.001  0.036
   2.88985      4.270807  0.001  0.000  0.027  0.001  0.001  0.000  0.006  0.000  0.001  0.037
   2.85693      4.347883  0.001  0.001  0.027  0.001  0.001  0.000  0.006  0.000  0.002  0.038
   2.82401      4.430633  0.001  0.001  0.027  0.001  0.001  0.000  0.006  0.000  0.002  0.039
   2.79110      4.519253  0.001  0.001  0.027  0.001  0.002  0.001  0.006  0.000  0.003  0.040
   2.75818      4.613870  0.001  0.001  0.026  0.001  0.002  0.001  0.006  0.000  0.003  0.042
   2.72526      4.714502  0.001  0.002  0.025  0.002  0.002  0.001  0.006  0.001  0.004  0.044
   2.69234      4.821110  0.001  0.002  0.024  0.002  0.003  0.001  0.007  0.001  0.005  0.046
   2.65943      4.933661  0.001  0.003  0.023  0.003  0.003  0.002  0.007  0.001  0.007  0.048
   2.62651      5.052145  0.001  0.004  0.021  0.003  0.003  0.002  0.007  0.001  0.008  0.050
   2.59359      5.176502  0.001  0.005  0.020  0.004  0.003  0.003  0.007  0.002  0.008  0.052
   2.56068      5.306358  0.001  0.006  0.018  0.004  0.003  0.003  0.007  0.003  0.008  0.054
   2.52776      5.440426  0.001  0.007  0.016  0.005  0.004  0.004  0.006  0.004  0.008  0.056
   2.49484      5.575558  0.001  0.009  0.015  0.008  0.005  0.006  0.005  0.005  0.008  0.061
   2.46192      5.705354  0.001  0.012  0.012  0.012  0.006  0.009  0.003  0.006  0.009  0.072
   2.42901      5.818033  0.001  0.020  0.009  0.016  0.009  0.015  0.002  0.005  0.010  0.087
   2.39609      5.897749  0.002  0.023  0.006  0.012  0.009  0.019  0.002  0.001  0.005  0.079
   2.36317      5.940643  0.003  0.006  0.004  0.004  0.003  0.006  0.001  0.016  0.003  0.046
   2.33025      5.994590  0.003  0.026  0.002  0.020  0.008  0.007  0.002  0.023  0.009  0.100
   2.29734      6.061756  0.002  0.039  0.001  0.029  0.011  0.011  0.002  0.022  0.009  0.126
   2.26442      6.081589  0.001  0.043  0.001  0.031  0.013  0.013  0.002  0.023  0.007  0.135
   2.26442      6.081589  0.001  0.043  0.001  0.031  0.013  0.013  0.002  0.023  0.007  0.135
   2.24747      6.113104  0.000  0.043  0.001  0.035  0.011  0.013  0.002  0.023  0.010  0.138
   2.23053      6.130071  0.000  0.039  0.001  0.039  0.007  0.013  0.001  0.024  0.013  0.138
   2.21358      6.124633  0.001  0.026  0.002  0.043  0.003  0.010  0.000  0.027  0.019  0.129
   2.19664      6.114878  0.004  0.006  0.002  0.022  0.002  0.001  0.002  0.023  0.013  0.075
   2.17969      6.112670  0.002  0.003  0.002  0.018  0.002  0.001  0.002  0.026  0.014  0.071
   2.16275      6.123243  0.001  0.004  0.004  0.016  0.003  0.001  0.002  0.028  0.014  0.073
   2.14580      6.146397  0.000  0.004  0.007  0.013  0.003  0.001  0.002  0.029  0.014  0.074
   2.12886      6.177679  0.000  0.004  0.010  0.012  0.003  0.001  0.003  0.029  0.015  0.076
   2.11191      6.211110  0.000  0.003  0.012  0.011  0.002  0.000  0.004  0.027  0.016  0.076
   2.09497      6.235180  0.002  0.001  0.011  0.011  0.001  0.000  0.006  0.022  0.017  0.070
   2.07802      6.231753  0.003  0.000  0.006  0.008  0.000  0.000  0.008  0.010  0.014  0.050
   2.06108      6.206991  0.004  0.001  0.002  0.005  0.000  0.000  0.009  0.004  0.010  0.035
   2.04413      6.176127  0.003  0.001  0.001  0.004  0.000  0.001  0.008  0.002  0.008  0.028
   2.02719      6.144062  0.003  0.002  0.001  0.004  0.000  0.001  0.007  0.001  0.006  0.025
   2.01024      6.112248  0.002  0.002  0.001  0.004  0.000  0.001  0.007  0.001  0.006  0.023
   1.99330      6.081050  0.002  0.002  0.000  0.004  0.000  0.001  0.006  0.001  0.005  0.022
   1.97635      6.050463  0.001  0.003  0.000  0.004  0.000  0.002  0.005  0.000  0.005  0.021
   1.95941      6.020243  0.001  0.003  0.000  0.005  0.000  0.002  0.004  0.001  0.005  0.021
   1.94246      5.990040  0.000  0.003  0.001  0.006  0.000  0.002  0.003  0.001  0.005  0.021
   1.92552      5.959503  0.000  0.003  0.001  0.006  0.000  0.003  0.002  0.001  0.006  0.021
   1.90857      5.928415  0.000  0.004  0.001  0.006  0.000  0.003  0.001  0.001  0.006  0.022
   1.89163      5.896819  0.001  0.004  0.001  0.006  0.000  0.003  0.001  0.001  0.006  0.023
   1.87468      5.865102  0.002  0.003  0.001  0.006  0.000  0.003  0.000  0.001  0.007  0.024
   1.85774      5.834002  0.003  0.003  0.002  0.005  0.000  0.003  0.000  0.001  0.007  0.024
   1.84079      5.804541  0.005  0.003  0.002  0.004  0.000  0.003  0.000  0.001  0.007  0.025
   1.82385      5.777920  0.006  0.002  0.002  0.003  0.000  0.003  0.000  0.000  0.008  0.024
   1.80690      5.755368  0.007  0.002  0.002  0.002  0.000  0.003  0.000  0.000  0.008  0.024
   1.78996      5.737990  0.007  0.002  0.002  0.001  0.000  0.003  0.000  0.000  0.008  0.024
   1.77301      5.726628  0.008  0.002  0.002  0.000  0.000  0.003  0.000  0.000  0.008  0.023
   1.77301      5.726628  0.008  0.002  0.002  0.000  0.000  0.003  0.000  0.000  0.008  0.023
   1.74479      5.689602  0.008  0.003  0.001  0.000  0.000  0.003  0.003  0.000  0.007  0.025
   1.71657      5.576197  0.008  0.003  0.000  0.000  0.000  0.003  0.006  0.000  0.005  0.025
   1.68835      5.445619  0.007  0.004  0.000  0.000  0.000  0.003  0.007  0.000  0.004  0.025
   1.66013      5.313608  0.007  0.004  0.000  0.000  0.000  0.003  0.008  0.000  0.003  0.026
   1.63191      5.185665  0.007  0.005  0.001  0.000  0.000  0.004  0.008  0.000  0.003  0.027
   1.60369      5.066046  0.006  0.005  0.005  0.000  0.000  0.006  0.008  0.000  0.003  0.034
   1.57546      4.980724  0.007  0.006  0.010  0.000  0.000  0.008  0.008  0.000  0.003  0.042
   1.54724      4.915194  0.007  0.007  0.016  0.000  0.000  0.008  0.008  0.000  0.002  0.049
   1.51902      4.859677  0.007  0.009  0.021  0.000  0.000  0.007  0.006  0.000  0.002  0.051
   1.49080      4.801450  0.006  0.009  0.023  0.000  0.000  0.005  0.004  0.000  0.001  0.050
   1.46258      4.735482  0.006  0.010  0.024  0.000  0.000  0.003  0.003  0.000  0.001  0.046
   1.43436      4.663128  0.005  0.009  0.023  0.000  0.000  0.002  0.003  0.000  0.001  0.043
   1.40614      4.587475  0.004  0.009  0.023  0.000  0.000  0.001  0.002  0.000  0.000  0.041
   1.37792      4.511173  0.004  0.009  0.023  0.000  0.000  0.001  0.003  0.000  0.000  0.040
   1.34970      4.436081  0.003  0.008  0.023  0.000  0.000  0.001  0.003  0.000  0.000  0.039
   1.32148      4.363461  0.003  0.007  0.024  0.000  0.000  0.001  0.004  0.000  0.001  0.038
   1.29326      4.294221  0.003  0.006  0.024  0.000  0.000  0.000  0.004  0.000  0.001  0.037
   1.26503      4.229062  0.002  0.004  0.024  0.000  0.000  0.000  0.005  0.000  0.001  0.037
   1.23681      4.168505  0.002  0.003  0.024  0.000  0.000  0.000  0.005  0.000  0.001  0.036
   1.20859      4.112873  0.002  0.002  0.024  0.000  0.000  0.000  0.005  0.000  0.001  0.034
   1.18037      4.062309  0.002  0.001  0.024  0.000  0.000  0.000  0.005  0.000  0.001  0.033
   1.15215      4.016851  0.002  0.001  0.023  0.000  0.000  0.000  0.005  0.000  0.001  0.033
   1.12393      3.976522  0.003  0.001  0.023  0.000  0.000  0.000  0.005  0.000  0.001  0.032
   1.09571      3.941397  0.003  0.001  0.022  0.000  0.000  0.000  0.005  0.000  0.000  0.032
   1.06749      3.911655  0.004  0.001  0.022  0.000  0.000  0.000  0.005  0.000  0.000  0.032
   1.03927      3.887616  0.005  0.001  0.022  0.000  0.000  0.000  0.004  0.000  0.000  0.032
   1.01105      3.869746  0.006  0.000  0.022  0.000  0.000  0.000  0.004  0.000  0.000  0.032
   0.98283      3.858595  0.006  0.000  0.022  0.000  0.000  0.000  0.004  0.000  0.000  0.032
   0.95460      3.854647  0.006  0.000  0.022  0.000  0.000  0.000  0.004  0.000  0.000  0.032
   0.95460      3.854647  0.006  0.000  0.022  0.000  0.000  0.000  0.004  0.000  0.000  0.032
   0.92169      3.860037  0.006  0.000  0.022  0.000  0.000  0.000  0.004  0.000  0.000  0.032
   0.88877      3.875298  0.005  0.000  0.022  0.000  0.000  0.000  0.004  0.000  0.000  0.032
   0.85585      3.899672  0.005  0.001  0.022  0.000  0.000  0.000  0.004  0.000  0.000  0.032
   0.82294      3.932306  0.004  0.001  0.023  0.000  0.000  0.000  0.004  0.000  0.000  0.032
   0.79002      3.972469  0.003  0.001  0.023  0.000  0.000  0.000  0.005  0.000  0.000  0.032
   0.75710      4.019630  0.002  0.001  0.024  0.000  0.000  0.000  0.005  0.000  0.001  0.033
   0.72418      4.073389  0.002  0.000  0.025  0.000  0.000  0.000  0.005  0.000  0.001  0.034
   0.69127      4.133389  0.001  0.000  0.026  0.001  0.000  0.000  0.005  0.000  0.001  0.035
   0.65835      4.199283  0.001  0.000  0.027  0.001  0.001  0.000  0.005  0.000  0.001  0.036
   0.62543      4.270807  0.001  0.000  0.027  0.001  0.001  0.000  0.006  0.000  0.001  0.037
   0.59251      4.347883  0.001  0.001  0.027  0.001  0.001  0.000  0.006  0.000  0.002  0.038
   0.55960      4.430633  0.001  0.001  0.027  0.001  0.001  0.000  0.006  0.000  0.002  0.039
   0.52668      4.519253  0.001  0.001  0.027  0.001  0.002  0.001  0.006  0.000  0.003  0.040
   0.49376      4.613870  0.001  0.001  0.026  0.001  0.002  0.001  0.006  0.000  0.003  0.042
   0.46084      4.714502  0.001  0.002  0.025  0.002  0.002  0.001  0.006  0.001  0.004  0.044
   0.42793      4.821110  0.001  0.002  0.024  0.002  0.003  0.001  0.007  0.001  0.005  0.046
   0.39501      4.933661  0.001  0.003  0.023  0.003  0.003  0.002  0.007  0.001  0.007  0.048
   0.36209      5.052145  0.001  0.004  0.021  0.003  0.003  0.002  0.007  0.001  0.008  0.050
   0.32917      5.176502  0.001  0.005  0.020  0.004  0.003  0.003  0.007  0.002  0.008  0.052
   0.29626      5.306358  0.001  0.006  0.018  0.004  0.003  0.003  0.007  0.003  0.008  0.054
   0.26334      5.440426  0.001  0.007  0.016  0.005  0.004  0.004  0.006  0.004  0.008  0.056
   0.23042      5.575558  0.001  0.009  0.015  0.008  0.005  0.006  0.005  0.005  0.008  0.061
   0.19750      5.705354  0.001  0.012  0.012  0.012  0.006  0.009  0.003  0.006  0.009  0.072
   0.16459      5.818033  0.001  0.020  0.009  0.016  0.009  0.015  0.002  0.005  0.010  0.087
   0.13167      5.897749  0.002  0.023  0.006  0.012  0.009  0.019  0.002  0.001  0.005  0.079
   0.09875      5.940643  0.003  0.006  0.004  0.004  0.003  0.006  0.001  0.016  0.003  0.046
   0.06583      5.994590  0.003  0.026  0.002  0.020  0.008  0.007  0.002  0.023  0.009  0.100
   0.03292      6.061756  0.002  0.039  0.001  0.029  0.011  0.011  0.002  0.022  0.009  0.126
   0.00000      6.081589  0.001  0.043  0.001  0.031  0.013  0.013  0.002  0.023  0.007  0.135
 
# Band-Index:   31
   0.00000      6.239517  0.002  0.047  0.000  0.020  0.019  0.007  0.001  0.020  0.004  0.119
   0.03292      6.280037  0.003  0.029  0.001  0.033  0.009  0.006  0.001  0.020  0.010  0.111
   0.06583      6.254192  0.003  0.011  0.002  0.044  0.004  0.003  0.001  0.020  0.018  0.105
   0.09875      6.171196  0.002  0.002  0.003  0.037  0.003  0.001  0.002  0.019  0.018  0.088
   0.13167      6.080656  0.003  0.004  0.003  0.020  0.008  0.001  0.004  0.012  0.012  0.067
   0.16459      6.024389  0.001  0.013  0.005  0.005  0.011  0.006  0.009  0.007  0.004  0.062
   0.19750      5.973782  0.001  0.018  0.006  0.002  0.013  0.008  0.012  0.003  0.002  0.064
   0.23042      5.916064  0.001  0.016  0.006  0.003  0.012  0.006  0.010  0.003  0.004  0.061
   0.26334      5.832052  0.001  0.011  0.005  0.006  0.010  0.003  0.007  0.003  0.007  0.053
   0.29626      5.725973  0.001  0.008  0.003  0.008  0.008  0.002  0.005  0.003  0.010  0.048
   0.32917      5.615144  0.001  0.006  0.002  0.009  0.007  0.002  0.004  0.003  0.013  0.046
   0.36209      5.509870  0.000  0.005  0.001  0.009  0.007  0.002  0.004  0.003  0.014  0.045
   0.39501      5.415007  0.000  0.004  0.000  0.009  0.007  0.003  0.004  0.003  0.015  0.045
   0.42793      5.332919  0.000  0.004  0.000  0.008  0.006  0.003  0.004  0.003  0.016  0.044
   0.46084      5.264474  0.000  0.003  0.000  0.008  0.006  0.003  0.004  0.002  0.017  0.044
   0.49376      5.209207  0.000  0.003  0.001  0.007  0.006  0.003  0.004  0.002  0.017  0.042
   0.52668      5.165267  0.001  0.002  0.003  0.005  0.005  0.003  0.003  0.002  0.016  0.041
   0.55960      5.129431  0.002  0.002  0.004  0.004  0.005  0.003  0.003  0.002  0.014  0.038
   0.59251      5.097456  0.003  0.002  0.007  0.003  0.004  0.002  0.002  0.001  0.012  0.036
   0.62543      5.064999  0.005  0.003  0.009  0.002  0.003  0.002  0.001  0.001  0.010  0.035
   0.65835      5.029100  0.007  0.003  0.010  0.002  0.002  0.001  0.001  0.001  0.007  0.034
   0.69127      4.989010  0.009  0.003  0.012  0.002  0.001  0.001  0.000  0.000  0.005  0.034
   0.72418      4.945493  0.011  0.004  0.013  0.002  0.001  0.001  0.000  0.000  0.004  0.035
   0.75710      4.899922  0.014  0.004  0.014  0.002  0.001  0.000  0.000  0.000  0.003  0.037
   0.79002      4.853984  0.016  0.004  0.014  0.002  0.001  0.000  0.000  0.000  0.002  0.038
   0.82294      4.809829  0.020  0.003  0.014  0.001  0.000  0.000  0.000  0.000  0.001  0.039
   0.85585      4.770393  0.023  0.002  0.013  0.001  0.000  0.000  0.000  0.000  0.001  0.041
   0.88877      4.739470  0.026  0.001  0.013  0.001  0.000  0.000  0.000  0.000  0.000  0.041
   0.92169      4.721105  0.028  0.000  0.013  0.000  0.000  0.000  0.000  0.000  0.000  0.042
   0.95460      4.717914  0.028  0.000  0.013  0.000  0.000  0.000  0.001  0.000  0.000  0.042
   0.95460      4.717914  0.028  0.000  0.013  0.000  0.000  0.000  0.001  0.000  0.000  0.042
   0.98283      4.719830  0.028  0.000  0.013  0.000  0.000  0.000  0.001  0.000  0.000  0.042
   1.01105      4.732724  0.027  0.001  0.013  0.000  0.000  0.000  0.000  0.000  0.000  0.042
   1.03927      4.755436  0.024  0.002  0.013  0.000  0.000  0.000  0.000  0.000  0.000  0.041
   1.06749      4.785628  0.022  0.003  0.014  0.000  0.000  0.000  0.000  0.000  0.001  0.040
   1.09571      4.820857  0.019  0.004  0.014  0.000  0.000  0.000  0.000  0.000  0.002  0.039
   1.12393      4.859052  0.016  0.005  0.014  0.000  0.000  0.000  0.000  0.000  0.002  0.038
   1.15215      4.898728  0.014  0.005  0.014  0.000  0.000  0.001  0.000  0.000  0.003  0.037
   1.18037      4.939043  0.011  0.006  0.013  0.000  0.000  0.001  0.000  0.000  0.005  0.036
   1.20859      4.979849  0.009  0.006  0.013  0.000  0.000  0.001  0.000  0.000  0.006  0.036
   1.23681      5.021757  0.008  0.006  0.012  0.000  0.000  0.001  0.000  0.000  0.008  0.036
   1.26503      5.066037  0.006  0.007  0.012  0.000  0.000  0.001  0.001  0.000  0.010  0.038
   1.29326      5.110073  0.003  0.008  0.015  0.000  0.000  0.002  0.001  0.000  0.013  0.044
   1.32148      5.154194  0.003  0.009  0.016  0.000  0.000  0.003  0.002  0.000  0.014  0.047
   1.34970      5.200323  0.002  0.010  0.018  0.000  0.000  0.003  0.002  0.000  0.015  0.050
   1.37792      5.244794  0.002  0.010  0.020  0.001  0.000  0.004  0.002  0.000  0.014  0.053
   1.40614      5.283537  0.001  0.009  0.021  0.001  0.000  0.005  0.003  0.000  0.014  0.054
   1.43436      5.314669  0.001  0.007  0.021  0.001  0.000  0.007  0.003  0.000  0.013  0.052
   1.46258      5.340544  0.000  0.005  0.018  0.001  0.000  0.008  0.004  0.000  0.012  0.048
   1.49080      5.367874  0.000  0.003  0.015  0.001  0.000  0.009  0.004  0.000  0.010  0.041
   1.51902      5.405330  0.000  0.002  0.011  0.001  0.000  0.008  0.004  0.000  0.008  0.034
   1.54724      5.459431  0.000  0.002  0.009  0.000  0.000  0.007  0.003  0.000  0.005  0.028
   1.57546      5.531656  0.001  0.003  0.008  0.000  0.000  0.006  0.002  0.000  0.004  0.024
   1.60369      5.619082  0.001  0.004  0.008  0.000  0.000  0.005  0.002  0.000  0.002  0.022
   1.63191      5.716491  0.002  0.005  0.008  0.000  0.000  0.004  0.001  0.000  0.002  0.022
   1.66013      5.816763  0.004  0.006  0.009  0.000  0.000  0.003  0.001  0.000  0.002  0.024
   1.68835      5.907726  0.006  0.006  0.010  0.000  0.000  0.002  0.000  0.000  0.002  0.026
   1.71657      5.963925  0.010  0.005  0.008  0.000  0.000  0.001  0.003  0.000  0.003  0.029
   1.74479      5.960435  0.012  0.002  0.003  0.000  0.000  0.000  0.009  0.000  0.003  0.028
   1.77301      5.960002  0.013  0.001  0.000  0.000  0.000  0.000  0.014  0.000  0.001  0.029
   1.77301      5.960002  0.013  0.001  0.000  0.000  0.000  0.000  0.014  0.000  0.001  0.029
   1.78996      5.959234  0.012  0.001  0.000  0.000  0.000  0.000  0.014  0.000  0.001  0.029
   1.80690      5.961048  0.012  0.001  0.000  0.000  0.000  0.000  0.014  0.000  0.001  0.029
   1.82385      5.965444  0.012  0.001  0.000  0.000  0.000  0.000  0.014  0.000  0.001  0.029
   1.84079      5.972421  0.012  0.001  0.000  0.000  0.000  0.000  0.014  0.000  0.001  0.030
   1.85774      5.981997  0.012  0.001  0.000  0.000  0.000  0.000  0.014  0.000  0.001  0.030
   1.87468      5.994177  0.012  0.001  0.000  0.000  0.000  0.000  0.014  0.000  0.002  0.030
   1.89163      6.008971  0.012  0.001  0.000  0.001  0.000  0.001  0.014  0.000  0.002  0.031
   1.90857      6.026344  0.012  0.002  0.000  0.001  0.000  0.001  0.014  0.000  0.002  0.031
   1.92552      6.046208  0.011  0.002  0.000  0.001  0.000  0.001  0.013  0.001  0.002  0.031
   1.94246      6.068369  0.010  0.003  0.000  0.001  0.000  0.001  0.013  0.001  0.002  0.032
   1.95941      6.092553  0.010  0.003  0.000  0.002  0.000  0.001  0.012  0.001  0.002  0.032
   1.97635      6.118382  0.009  0.004  0.000  0.002  0.000  0.002  0.012  0.001  0.003  0.032
   1.99330      6.145442  0.008  0.004  0.000  0.002  0.000  0.002  0.011  0.002  0.003  0.032
   2.01024      6.173270  0.006  0.005  0.000  0.002  0.000  0.002  0.011  0.002  0.004  0.033
   2.02719      6.201276  0.005  0.005  0.001  0.002  0.000  0.002  0.010  0.003  0.005  0.033
   2.04413      6.228908  0.004  0.005  0.001  0.003  0.000  0.002  0.010  0.004  0.006  0.035
   2.06108      6.255437  0.002  0.005  0.002  0.004  0.001  0.002  0.009  0.005  0.007  0.038
   2.07802      6.278702  0.001  0.007  0.002  0.006  0.001  0.002  0.008  0.005  0.009  0.041
   2.09497      6.294996  0.002  0.010  0.002  0.007  0.002  0.002  0.006  0.003  0.008  0.042
   2.11191      6.309320  0.003  0.016  0.003  0.012  0.003  0.002  0.004  0.003  0.010  0.056
   2.12886      6.314767  0.003  0.023  0.004  0.018  0.003  0.004  0.002  0.006  0.012  0.074
   2.14580      6.308719  0.003  0.029  0.006  0.023  0.004  0.005  0.001  0.009  0.013  0.092
   2.16275      6.292584  0.002  0.032  0.006  0.028  0.005  0.006  0.000  0.012  0.015  0.107
   2.17969      6.270543  0.002  0.034  0.006  0.034  0.006  0.008  0.001  0.015  0.016  0.121
   2.19664      6.249165  0.001  0.034  0.005  0.042  0.006  0.009  0.000  0.020  0.019  0.136
   2.21358      6.239640  0.000  0.034  0.002  0.047  0.007  0.009  0.000  0.026  0.020  0.145
   2.23053      6.246848  0.001  0.035  0.000  0.041  0.008  0.009  0.000  0.026  0.015  0.135
   2.24747      6.252933  0.002  0.040  0.000  0.030  0.013  0.008  0.001  0.023  0.008  0.123
   2.26442      6.239516  0.002  0.047  0.000  0.020  0.019  0.007  0.001  0.020  0.004  0.119
   2.26442      6.239517  0.002  0.047  0.000  0.020  0.019  0.007  0.001  0.020  0.004  0.119
   2.29734      6.280036  0.003  0.029  0.001  0.033  0.009  0.006  0.001  0.020  0.010  0.112
   2.33025      6.254189  0.003  0.011  0.002  0.044  0.004  0.003  0.001  0.020  0.018  0.106
   2.36317      6.171195  0.002  0.002  0.003  0.037  0.003  0.001  0.002  0.019  0.018  0.088
   2.39609      6.080656  0.003  0.004  0.003  0.020  0.008  0.001  0.004  0.012  0.012  0.067
   2.42901      6.024389  0.001  0.013  0.005  0.005  0.011  0.006  0.009  0.007  0.004  0.062
   2.46192      5.973786  0.001  0.018  0.006  0.002  0.013  0.008  0.012  0.003  0.002  0.064
   2.49484      5.916064  0.001  0.016  0.006  0.003  0.012  0.006  0.010  0.003  0.004  0.061
   2.52776      5.832053  0.001  0.011  0.005  0.006  0.010  0.003  0.007  0.003  0.007  0.053
   2.56068      5.725973  0.001  0.008  0.003  0.008  0.008  0.002  0.005  0.003  0.010  0.048
   2.59359      5.615144  0.001  0.006  0.002  0.009  0.007  0.002  0.004  0.003  0.013  0.046
   2.62651      5.509870  0.000  0.005  0.001  0.009  0.007  0.002  0.004  0.003  0.014  0.045
   2.65943      5.415007  0.000  0.004  0.000  0.009  0.007  0.003  0.004  0.003  0.015  0.045
   2.69234      5.332919  0.000  0.004  0.000  0.008  0.006  0.003  0.004  0.003  0.016  0.044
   2.72526      5.264474  0.000  0.003  0.000  0.008  0.006  0.003  0.004  0.002  0.017  0.044
   2.75818      5.209207  0.000  0.003  0.001  0.007  0.006  0.003  0.004  0.002  0.017  0.042
   2.79110      5.165267  0.001  0.002  0.003  0.005  0.005  0.003  0.003  0.002  0.016  0.041
   2.82401      5.129431  0.002  0.002  0.004  0.004  0.005  0.003  0.003  0.002  0.014  0.038
   2.85693      5.097456  0.003  0.002  0.007  0.003  0.004  0.002  0.002  0.001  0.012  0.036
   2.88985      5.064999  0.005  0.003  0.009  0.002  0.003  0.002  0.001  0.001  0.010  0.035
   2.92277      5.029100  0.007  0.003  0.010  0.002  0.002  0.001  0.001  0.001  0.007  0.034
   2.95568      4.989010  0.009  0.003  0.012  0.002  0.001  0.001  0.000  0.000  0.005  0.034
   2.98860      4.945493  0.011  0.004  0.013  0.002  0.001  0.001  0.000  0.000  0.004  0.035
   3.02152      4.899922  0.014  0.004  0.014  0.002  0.001  0.000  0.000  0.000  0.003  0.037
   3.05444      4.853984  0.016  0.004  0.014  0.002  0.001  0.000  0.000  0.000  0.002  0.038
   3.08735      4.809829  0.020  0.003  0.014  0.001  0.000  0.000  0.000  0.000  0.001  0.039
   3.12027      4.770393  0.023  0.002  0.013  0.001  0.000  0.000  0.000  0.000  0.001  0.041
   3.15319      4.739470  0.026  0.001  0.013  0.001  0.000  0.000  0.000  0.000  0.000  0.041
   3.18611      4.721105  0.028  0.000  0.013  0.000  0.000  0.000  0.000  0.000  0.000  0.042
   3.21902      4.717914  0.028  0.000  0.013  0.000  0.000  0.000  0.001  0.000  0.000  0.042
 
# Band-Index:   32
   3.21902      4.718346  0.028  0.000  0.013  0.000  0.000  0.000  0.001  0.000  0.000  0.042
   3.18611      4.731334  0.027  0.000  0.014  0.000  0.000  0.000  0.001  0.000  0.000  0.042
   3.15319      4.758705  0.024  0.001  0.015  0.000  0.000  0.000  0.000  0.000  0.001  0.042
   3.12027      4.795965  0.021  0.002  0.016  0.001  0.000  0.000  0.000  0.000  0.001  0.041
   3.08735      4.838686  0.017  0.002  0.017  0.001  0.001  0.000  0.000  0.000  0.002  0.040
   3.05444      4.883342  0.014  0.002  0.017  0.001  0.001  0.000  0.000  0.000  0.003  0.038
   3.02152      4.927613  0.011  0.002  0.017  0.002  0.001  0.000  0.000  0.000  0.004  0.037
   2.98860      4.970061  0.008  0.002  0.017  0.002  0.001  0.001  0.000  0.000  0.005  0.036
   2.95568      5.009742  0.006  0.002  0.015  0.002  0.002  0.001  0.000  0.000  0.007  0.036
   2.92277      5.046176  0.005  0.002  0.013  0.002  0.002  0.001  0.001  0.001  0.009  0.037
   2.88985      5.079669  0.003  0.002  0.011  0.003  0.003  0.002  0.001  0.001  0.012  0.038
   2.85693      5.111561  0.002  0.002  0.008  0.004  0.004  0.003  0.002  0.001  0.014  0.041
   2.82401      5.144161  0.001  0.002  0.006  0.005  0.005  0.003  0.002  0.002  0.016  0.043
   2.79110      5.180746  0.001  0.003  0.004  0.006  0.006  0.003  0.003  0.002  0.018  0.046
   2.75818      5.225008  0.000  0.003  0.002  0.008  0.007  0.004  0.003  0.003  0.019  0.048
   2.72526      5.280080  0.000  0.003  0.001  0.009  0.007  0.004  0.003  0.003  0.019  0.050
   2.69234      5.347911  0.000  0.004  0.000  0.010  0.008  0.004  0.003  0.003  0.019  0.051
   2.65943      5.429111  0.000  0.004  0.000  0.011  0.008  0.004  0.003  0.003  0.018  0.051
   2.62651      5.522966  0.000  0.005  0.000  0.011  0.008  0.004  0.002  0.004  0.017  0.051
   2.59359      5.627309  0.001  0.006  0.001  0.011  0.008  0.004  0.002  0.004  0.015  0.051
   2.56068      5.737807  0.001  0.007  0.002  0.010  0.009  0.003  0.002  0.004  0.013  0.052
   2.52776      5.846197  0.001  0.009  0.004  0.008  0.010  0.004  0.003  0.004  0.010  0.053
   2.49484      5.938517  0.001  0.011  0.006  0.006  0.011  0.005  0.006  0.004  0.006  0.054
   2.46192      6.003179  0.001  0.010  0.007  0.006  0.010  0.005  0.008  0.004  0.004  0.056
   2.42901      6.044037  0.001  0.007  0.007  0.010  0.007  0.004  0.007  0.008  0.006  0.057
   2.39609      6.090831  0.001  0.002  0.005  0.021  0.005  0.001  0.005  0.016  0.011  0.067
   2.36317      6.189981  0.006  0.001  0.001  0.031  0.005  0.000  0.002  0.008  0.016  0.070
   2.33025      6.341929  0.010  0.000  0.002  0.028  0.002  0.001  0.001  0.004  0.013  0.061
   2.29734      6.456794  0.015  0.001  0.003  0.014  0.000  0.001  0.002  0.003  0.006  0.045
   2.26442      6.447944  0.016  0.006  0.004  0.000  0.005  0.000  0.004  0.002  0.002  0.039
   2.26442      6.447937  0.016  0.006  0.004  0.000  0.005  0.000  0.004  0.002  0.002  0.039
   2.24747      6.466014  0.018  0.001  0.003  0.000  0.001  0.000  0.003  0.002  0.000  0.028
   2.23053      6.455107  0.019  0.001  0.003  0.000  0.001  0.000  0.003  0.001  0.000  0.027
   2.21358      6.436582  0.017  0.009  0.003  0.000  0.004  0.000  0.002  0.000  0.000  0.037
   2.19664      6.427901  0.015  0.021  0.003  0.001  0.007  0.002  0.002  0.000  0.000  0.050
   2.17969      6.429677  0.012  0.029  0.003  0.002  0.008  0.003  0.001  0.000  0.000  0.058
   2.16275      6.434306  0.010  0.029  0.002  0.003  0.006  0.003  0.000  0.000  0.001  0.055
   2.14580      6.429473  0.007  0.020  0.001  0.005  0.004  0.002  0.001  0.001  0.003  0.043
   2.12886      6.401460  0.002  0.003  0.000  0.007  0.000  0.001  0.004  0.003  0.007  0.027
   2.11191      6.365192  0.001  0.003  0.001  0.006  0.000  0.001  0.004  0.004  0.006  0.026
   2.09497      6.333405  0.001  0.003  0.003  0.003  0.000  0.001  0.004  0.006  0.004  0.025
   2.07802      6.313637  0.001  0.004  0.005  0.001  0.000  0.001  0.003  0.009  0.002  0.027
   2.06108      6.297985  0.002  0.008  0.004  0.000  0.000  0.002  0.004  0.008  0.002  0.030
   2.04413      6.276153  0.004  0.010  0.002  0.000  0.000  0.002  0.005  0.005  0.002  0.030
   2.02719      6.250147  0.005  0.011  0.001  0.000  0.000  0.002  0.006  0.004  0.001  0.030
   2.01024      6.222246  0.006  0.010  0.000  0.001  0.000  0.002  0.007  0.003  0.001  0.030
   1.99330      6.193637  0.007  0.009  0.000  0.001  0.000  0.002  0.008  0.002  0.001  0.030
   1.97635      6.165057  0.008  0.008  0.000  0.001  0.000  0.002  0.009  0.002  0.001  0.030
   1.95941      6.137048  0.009  0.006  0.000  0.002  0.000  0.001  0.010  0.001  0.001  0.030
   1.94246      6.110040  0.010  0.005  0.000  0.002  0.000  0.001  0.011  0.001  0.001  0.031
   1.92552      6.084475  0.010  0.004  0.000  0.002  0.000  0.001  0.012  0.001  0.001  0.031
   1.90857      6.060728  0.011  0.003  0.000  0.002  0.000  0.001  0.012  0.001  0.001  0.031
   1.89163      6.039139  0.012  0.003  0.000  0.001  0.000  0.001  0.013  0.001  0.001  0.031
   1.87468      6.019948  0.012  0.002  0.000  0.001  0.000  0.001  0.014  0.000  0.001  0.031
   1.85774      6.003321  0.012  0.002  0.000  0.001  0.000  0.000  0.014  0.000  0.001  0.031
   1.84079      5.989335  0.013  0.001  0.000  0.001  0.000  0.000  0.014  0.000  0.001  0.030
   1.82385      5.978023  0.013  0.001  0.000  0.000  0.000  0.000  0.014  0.000  0.001  0.030
   1.80690      5.969377  0.013  0.001  0.000  0.000  0.000  0.000  0.014  0.000  0.001  0.030
   1.78996      5.963381  0.013  0.001  0.000  0.000  0.000  0.000  0.014  0.000  0.001  0.030
   1.77301      5.960010  0.013  0.001  0.000  0.000  0.000  0.000  0.014  0.000  0.001  0.029
   1.77301      5.960010  0.013  0.001  0.000  0.000  0.000  0.000  0.014  0.000  0.001  0.029
   1.74479      6.008075  0.014  0.001  0.005  0.000  0.000  0.001  0.010  0.000  0.003  0.033
   1.71657      5.998242  0.011  0.004  0.012  0.000  0.000  0.001  0.003  0.000  0.004  0.035
   1.68835      5.921264  0.007  0.005  0.013  0.000  0.000  0.002  0.001  0.000  0.003  0.031
   1.66013      5.821162  0.004  0.005  0.012  0.000  0.000  0.003  0.001  0.000  0.003  0.027
   1.63191      5.717458  0.003  0.004  0.010  0.000  0.000  0.004  0.001  0.000  0.002  0.025
   1.60369      5.619214  0.001  0.003  0.009  0.000  0.000  0.005  0.002  0.000  0.003  0.023
   1.57546      5.532852  0.001  0.002  0.008  0.000  0.000  0.006  0.003  0.000  0.004  0.024
   1.54724      5.463813  0.000  0.002  0.009  0.000  0.000  0.008  0.003  0.000  0.005  0.027
   1.51902      5.415064  0.000  0.002  0.011  0.000  0.000  0.009  0.004  0.000  0.007  0.033
   1.49080      5.384027  0.000  0.004  0.014  0.000  0.000  0.008  0.004  0.000  0.008  0.039
   1.46258      5.362250  0.001  0.006  0.017  0.000  0.000  0.007  0.004  0.000  0.010  0.045
   1.43436      5.339556  0.001  0.008  0.020  0.000  0.000  0.005  0.003  0.000  0.011  0.048
   1.40614      5.308699  0.002  0.009  0.020  0.000  0.000  0.003  0.003  0.000  0.012  0.049
   1.37792      5.267455  0.002  0.011  0.019  0.000  0.000  0.002  0.002  0.000  0.012  0.048
   1.34970      5.218132  0.003  0.011  0.017  0.000  0.000  0.001  0.002  0.000  0.012  0.046
   1.32148      5.165456  0.004  0.010  0.015  0.000  0.000  0.001  0.001  0.000  0.012  0.043
   1.29326      5.113950  0.005  0.009  0.013  0.000  0.000  0.001  0.001  0.000  0.011  0.040
   1.26503      5.069562  0.004  0.006  0.015  0.000  0.000  0.002  0.001  0.000  0.012  0.041
   1.23681      5.032144  0.005  0.005  0.015  0.000  0.000  0.002  0.001  0.000  0.010  0.038
   1.20859      4.996254  0.007  0.004  0.016  0.000  0.000  0.001  0.000  0.000  0.008  0.037
   1.18037      4.960427  0.009  0.004  0.017  0.000  0.000  0.001  0.000  0.000  0.007  0.037
   1.15215      4.923852  0.011  0.004  0.017  0.000  0.000  0.000  0.000  0.000  0.005  0.038
   1.12393      4.886424  0.013  0.004  0.017  0.000  0.000  0.000  0.000  0.000  0.004  0.038
   1.09571      4.848667  0.016  0.003  0.017  0.000  0.000  0.000  0.000  0.000  0.003  0.040
   1.06749      4.811763  0.019  0.003  0.016  0.000  0.000  0.000  0.000  0.000  0.002  0.041
   1.03927      4.777622  0.023  0.002  0.015  0.000  0.000  0.000  0.000  0.000  0.001  0.042
   1.01105      4.748805  0.025  0.001  0.015  0.000  0.000  0.000  0.000  0.000  0.001  0.042
   0.98283      4.728118  0.027  0.000  0.014  0.000  0.000  0.000  0.001  0.000  0.000  0.043
   0.95460      4.718346  0.028  0.000  0.013  0.000  0.000  0.000  0.001  0.000  0.000  0.042
   0.95460      4.718346  0.028  0.000  0.013  0.000  0.000  0.000  0.001  0.000  0.000  0.042
   0.92169      4.731334  0.027  0.000  0.014  0.000  0.000  0.000  0.001  0.000  0.000  0.042
   0.88877      4.758705  0.024  0.001  0.015  0.000  0.000  0.000  0.000  0.000  0.001  0.042
   0.85585      4.795965  0.021  0.002  0.016  0.001  0.000  0.000  0.000  0.000  0.001  0.041
   0.82294      4.838686  0.017  0.002  0.017  0.001  0.001  0.000  0.000  0.000  0.002  0.040
   0.79002      4.883342  0.014  0.002  0.017  0.001  0.001  0.000  0.000  0.000  0.003  0.038
   0.75710      4.927613  0.011  0.002  0.017  0.002  0.001  0.000  0.000  0.000  0.004  0.037
   0.72418      4.970061  0.008  0.002  0.017  0.002  0.001  0.001  0.000  0.000  0.005  0.036
   0.69127      5.009742  0.006  0.002  0.015  0.002  0.002  0.001  0.000  0.000  0.007  0.036
   0.65835      5.046176  0.005  0.002  0.013  0.002  0.002  0.001  0.001  0.001  0.009  0.037
   0.62543      5.079669  0.003  0.002  0.011  0.003  0.003  0.002  0.001  0.001  0.012  0.038
   0.59251      5.111561  0.002  0.002  0.008  0.004  0.004  0.003  0.002  0.001  0.014  0.041
   0.55960      5.144161  0.001  0.002  0.006  0.005  0.005  0.003  0.002  0.002  0.016  0.043
   0.52668      5.180746  0.001  0.003  0.004  0.006  0.006  0.003  0.003  0.002  0.018  0.046
   0.49376      5.225008  0.000  0.003  0.002  0.008  0.007  0.004  0.003  0.003  0.019  0.048
   0.46084      5.280080  0.000  0.003  0.001  0.009  0.007  0.004  0.003  0.003  0.019  0.050
   0.42793      5.347911  0.000  0.004  0.000  0.010  0.008  0.004  0.003  0.003  0.019  0.051
   0.39501      5.429111  0.000  0.004  0.000  0.011  0.008  0.004  0.003  0.003  0.018  0.051
   0.36209      5.522966  0.000  0.005  0.000  0.011  0.008  0.004  0.002  0.004  0.017  0.051
   0.32917      5.627309  0.001  0.006  0.001  0.011  0.008  0.004  0.002  0.004  0.015  0.051
   0.29626      5.737807  0.001  0.007  0.002  0.010  0.009  0.003  0.002  0.004  0.013  0.052
   0.26334      5.846197  0.001  0.009  0.004  0.008  0.010  0.004  0.003  0.004  0.010  0.053
   0.23042      5.938517  0.001  0.011  0.006  0.006  0.011  0.005  0.006  0.004  0.006  0.054
   0.19750      6.003176  0.001  0.010  0.007  0.006  0.010  0.005  0.008  0.004  0.004  0.056
   0.16459      6.044037  0.001  0.007  0.007  0.010  0.007  0.004  0.007  0.008  0.006  0.057
   0.13167      6.090829  0.001  0.002  0.005  0.021  0.005  0.001  0.005  0.016  0.011  0.067
   0.09875      6.189982  0.006  0.001  0.001  0.031  0.005  0.000  0.002  0.008  0.016  0.069
   0.06583      6.341934  0.010  0.000  0.002  0.028  0.002  0.001  0.001  0.004  0.013  0.061
   0.03292      6.456794  0.015  0.001  0.003  0.014  0.000  0.001  0.002  0.003  0.006  0.045
   0.00000      6.447946  0.016  0.006  0.004  0.000  0.005  0.000  0.004  0.002  0.002  0.039
 
# Band-Index:   33
   0.00000      6.827701  0.001  0.013  0.001  0.012  0.013  0.001  0.003  0.001  0.006  0.051
   0.03292      6.705005  0.001  0.012  0.002  0.013  0.008  0.001  0.007  0.000  0.007  0.051
   0.06583      6.597593  0.001  0.010  0.005  0.005  0.003  0.001  0.015  0.001  0.003  0.043
   0.09875      6.477541  0.001  0.006  0.005  0.010  0.001  0.001  0.019  0.004  0.008  0.054
   0.13167      6.372084  0.001  0.003  0.003  0.017  0.001  0.001  0.019  0.010  0.014  0.068
   0.16459      6.297971  0.001  0.001  0.001  0.024  0.000  0.002  0.016  0.016  0.020  0.081
   0.19750      6.233546  0.001  0.000  0.001  0.023  0.000  0.005  0.015  0.014  0.021  0.080
   0.23042      6.170926  0.001  0.002  0.000  0.017  0.001  0.010  0.016  0.010  0.017  0.075
   0.26334      6.144048  0.001  0.005  0.002  0.011  0.003  0.015  0.019  0.009  0.012  0.077
   0.29626      6.160544  0.001  0.007  0.007  0.007  0.005  0.017  0.020  0.009  0.008  0.080
   0.32917      6.203976  0.001  0.007  0.010  0.003  0.006  0.019  0.020  0.009  0.004  0.079
   0.36209      6.243785  0.002  0.014  0.022  0.005  0.007  0.011  0.017  0.004  0.002  0.084
   0.39501      6.220510  0.001  0.008  0.009  0.003  0.004  0.008  0.001  0.008  0.004  0.047
   0.42793      6.146220  0.002  0.008  0.010  0.004  0.004  0.006  0.001  0.007  0.006  0.047
   0.46084      6.086800  0.002  0.012  0.014  0.003  0.005  0.004  0.004  0.005  0.006  0.055
   0.49376      6.010436  0.002  0.011  0.010  0.004  0.005  0.005  0.003  0.006  0.009  0.055
   0.52668      5.950015  0.001  0.009  0.007  0.005  0.006  0.007  0.003  0.005  0.011  0.055
   0.55960      5.913619  0.001  0.010  0.004  0.005  0.006  0.009  0.004  0.006  0.013  0.058
   0.59251      5.913494  0.002  0.010  0.008  0.006  0.006  0.006  0.009  0.004  0.017  0.067
   0.62543      5.902105  0.000  0.009  0.001  0.005  0.005  0.011  0.009  0.005  0.015  0.060
   0.65835      5.911735  0.000  0.005  0.001  0.003  0.002  0.007  0.018  0.001  0.008  0.046
   0.69127      5.864253  0.000  0.002  0.003  0.001  0.001  0.002  0.016  0.000  0.002  0.028
   0.72418      5.826187  0.001  0.001  0.002  0.001  0.000  0.001  0.018  0.000  0.001  0.024
   0.75710      5.771232  0.000  0.001  0.003  0.001  0.000  0.000  0.018  0.000  0.000  0.024
   0.79002      5.736078  0.000  0.001  0.002  0.000  0.000  0.000  0.018  0.000  0.000  0.023
   0.82294      5.693325  0.000  0.001  0.003  0.000  0.000  0.000  0.019  0.000  0.000  0.023
   0.85585      5.668592  0.000  0.001  0.003  0.000  0.000  0.000  0.019  0.000  0.000  0.023
   0.88877      5.642473  0.000  0.000  0.003  0.000  0.000  0.000  0.020  0.000  0.000  0.024
   0.92169      5.629111  0.001  0.000  0.003  0.000  0.000  0.000  0.021  0.000  0.000  0.025
   0.95460      5.623799  0.001  0.000  0.003  0.000  0.000  0.000  0.021  0.000  0.000  0.025
   0.95460      5.623794  0.001  0.000  0.003  0.000  0.000  0.000  0.021  0.000  0.000  0.025
   0.98283      5.626343  0.001  0.000  0.003  0.000  0.000  0.000  0.020  0.000  0.000  0.025
   1.01105      5.640361  0.000  0.000  0.003  0.000  0.000  0.000  0.020  0.000  0.000  0.024
   1.03927      5.652359  0.000  0.001  0.003  0.000  0.000  0.000  0.020  0.000  0.000  0.024
   1.06749      5.680420  0.000  0.001  0.002  0.000  0.000  0.000  0.019  0.000  0.000  0.023
   1.09571      5.701820  0.000  0.001  0.003  0.000  0.000  0.000  0.019  0.000  0.000  0.024
   1.12393      5.732735  0.000  0.001  0.003  0.000  0.000  0.000  0.018  0.000  0.001  0.024
   1.15215      5.763753  0.001  0.002  0.003  0.000  0.000  0.001  0.017  0.000  0.002  0.026
   1.18037      5.779943  0.001  0.003  0.003  0.000  0.000  0.003  0.014  0.000  0.006  0.031
   1.20859      5.782471  0.002  0.005  0.003  0.000  0.000  0.007  0.010  0.000  0.012  0.039
   1.23681      5.779419  0.004  0.008  0.002  0.000  0.000  0.009  0.009  0.000  0.019  0.053
   1.26503      5.762073  0.006  0.009  0.002  0.000  0.000  0.011  0.005  0.000  0.020  0.055
   1.29326      5.772423  0.008  0.011  0.004  0.000  0.000  0.010  0.006  0.000  0.021  0.059
   1.32148      5.797008  0.010  0.014  0.002  0.000  0.000  0.011  0.004  0.000  0.019  0.061
   1.34970      5.843562  0.012  0.015  0.004  0.000  0.000  0.009  0.004  0.000  0.018  0.064
   1.37792      5.913324  0.013  0.018  0.003  0.000  0.000  0.009  0.003  0.000  0.017  0.063
   1.40614      5.979278  0.013  0.019  0.007  0.000  0.000  0.006  0.005  0.000  0.016  0.066
   1.43436      6.071083  0.013  0.017  0.008  0.001  0.000  0.006  0.004  0.000  0.014  0.062
   1.46258      6.148195  0.011  0.015  0.011  0.001  0.000  0.006  0.004  0.000  0.011  0.059
   1.49080      6.216855  0.009  0.009  0.013  0.000  0.000  0.007  0.004  0.000  0.009  0.052
   1.51902      6.268504  0.008  0.005  0.015  0.000  0.000  0.008  0.003  0.000  0.008  0.047
   1.54724      6.312577  0.008  0.003  0.014  0.000  0.000  0.007  0.002  0.000  0.008  0.043
   1.57546      6.351169  0.010  0.003  0.013  0.000  0.000  0.005  0.001  0.000  0.009  0.040
   1.60369      6.377166  0.012  0.003  0.009  0.000  0.000  0.002  0.001  0.000  0.009  0.036
   1.63191      6.379218  0.012  0.001  0.008  0.000  0.000  0.002  0.001  0.000  0.012  0.036
   1.66013      6.349842  0.011  0.000  0.002  0.000  0.000  0.001  0.002  0.000  0.010  0.026
   1.68835      6.329203  0.009  0.001  0.001  0.000  0.000  0.001  0.005  0.000  0.008  0.025
   1.71657      6.277887  0.003  0.005  0.004  0.000  0.000  0.001  0.006  0.000  0.003  0.023
   1.74479      6.261963  0.001  0.015  0.011  0.000  0.000  0.001  0.003  0.000  0.002  0.033
   1.77301      6.271035  0.002  0.018  0.015  0.000  0.000  0.000  0.001  0.000  0.002  0.039
   1.77301      6.271050  0.002  0.018  0.015  0.000  0.000  0.000  0.001  0.000  0.002  0.039
   1.78996      6.273727  0.002  0.018  0.015  0.000  0.000  0.000  0.001  0.000  0.002  0.039
   1.80690      6.276387  0.002  0.018  0.016  0.000  0.000  0.000  0.001  0.000  0.002  0.039
   1.82385      6.278472  0.002  0.018  0.016  0.001  0.000  0.000  0.001  0.000  0.002  0.040
   1.84079      6.287881  0.002  0.019  0.015  0.001  0.000  0.000  0.001  0.000  0.002  0.040
   1.85774      6.301325  0.002  0.016  0.018  0.002  0.000  0.000  0.001  0.000  0.002  0.042
   1.87468      6.320261  0.002  0.016  0.018  0.002  0.000  0.000  0.001  0.000  0.002  0.042
   1.89163      6.322512  0.002  0.019  0.016  0.003  0.000  0.000  0.002  0.000  0.002  0.045
   1.90857      6.338206  0.002  0.016  0.019  0.004  0.000  0.000  0.002  0.000  0.002  0.047
   1.92552      6.354546  0.002  0.019  0.018  0.005  0.000  0.000  0.003  0.000  0.002  0.048
   1.94246      6.371294  0.002  0.020  0.017  0.005  0.001  0.000  0.003  0.000  0.002  0.050
   1.95941      6.389722  0.002  0.021  0.016  0.006  0.001  0.000  0.004  0.000  0.001  0.052
   1.97635      6.409523  0.002  0.022  0.016  0.007  0.001  0.000  0.004  0.000  0.001  0.054
   1.99330      6.428291  0.001  0.032  0.009  0.005  0.002  0.001  0.006  0.000  0.001  0.057
   2.01024      6.449556  0.002  0.020  0.019  0.009  0.001  0.001  0.006  0.001  0.002  0.060
   2.02719      6.446695  0.001  0.045  0.003  0.003  0.004  0.001  0.006  0.001  0.001  0.065
   2.04413      6.440622  0.000  0.046  0.005  0.001  0.005  0.002  0.003  0.005  0.002  0.069
   2.06108      6.417664  0.001  0.046  0.005  0.000  0.005  0.003  0.001  0.007  0.002  0.070
   2.07802      6.397553  0.002  0.045  0.004  0.000  0.005  0.004  0.001  0.004  0.000  0.065
   2.09497      6.399249  0.003  0.041  0.002  0.000  0.004  0.004  0.002  0.002  0.000  0.058
   2.11191      6.415158  0.003  0.033  0.001  0.001  0.003  0.004  0.003  0.001  0.002  0.051
   2.12886      6.436403  0.004  0.032  0.001  0.002  0.004  0.004  0.003  0.001  0.002  0.052
   2.14580      6.461720  0.002  0.024  0.001  0.006  0.003  0.003  0.004  0.001  0.006  0.051
   2.16275      6.504470  0.000  0.014  0.001  0.011  0.002  0.002  0.004  0.002  0.010  0.047
   2.17969      6.551302  0.000  0.010  0.001  0.014  0.002  0.001  0.004  0.002  0.013  0.047
   2.19664      6.604233  0.000  0.009  0.000  0.019  0.003  0.001  0.003  0.001  0.015  0.052
   2.21358      6.662645  0.000  0.009  0.000  0.024  0.004  0.001  0.002  0.001  0.018  0.059
   2.23053      6.717629  0.000  0.008  0.000  0.029  0.006  0.001  0.001  0.001  0.020  0.065
   2.24747      6.779696  0.001  0.008  0.000  0.030  0.009  0.001  0.001  0.001  0.021  0.072
   2.26442      6.802350  0.001  0.009  0.000  0.008  0.017  0.002  0.002  0.001  0.009  0.049
   2.26442      6.807215  0.001  0.007  0.000  0.009  0.016  0.002  0.002  0.000  0.010  0.047
   2.29734      6.705099  0.001  0.013  0.002  0.014  0.008  0.001  0.007  0.000  0.007  0.052
   2.33025      6.597720  0.001  0.010  0.005  0.005  0.003  0.001  0.015  0.001  0.003  0.042
   2.36317      6.477099  0.001  0.006  0.005  0.009  0.002  0.001  0.019  0.004  0.008  0.053
   2.39609      6.372693  0.001  0.003  0.003  0.017  0.001  0.001  0.018  0.010  0.014  0.067
   2.42901      6.297934  0.001  0.001  0.001  0.024  0.000  0.002  0.016  0.016  0.020  0.081
   2.46192      6.233107  0.001  0.000  0.001  0.023  0.000  0.005  0.015  0.014  0.021  0.081
   2.49484      6.170639  0.001  0.002  0.000  0.017  0.001  0.010  0.016  0.010  0.017  0.075
   2.52776      6.144959  0.001  0.005  0.002  0.011  0.003  0.015  0.019  0.009  0.012  0.078
   2.56068      6.162060  0.001  0.006  0.006  0.006  0.005  0.018  0.021  0.009  0.008  0.079
   2.59359      6.203906  0.001  0.009  0.013  0.005  0.006  0.017  0.020  0.008  0.005  0.083
   2.62651      6.248773  0.001  0.007  0.010  0.001  0.006  0.018  0.015  0.010  0.002  0.070
   2.65943      6.220231  0.001  0.007  0.009  0.002  0.004  0.008  0.001  0.009  0.004  0.046
   2.69234      6.146325  0.001  0.009  0.010  0.003  0.005  0.006  0.001  0.007  0.006  0.047
   2.72526      6.085842  0.001  0.010  0.013  0.005  0.005  0.005  0.003  0.005  0.006  0.052
   2.75818      6.003416  0.001  0.009  0.008  0.004  0.005  0.006  0.002  0.006  0.009  0.051
   2.79110      5.958290  0.002  0.010  0.009  0.006  0.005  0.006  0.004  0.004  0.012  0.059
   2.82401      5.915223  0.001  0.009  0.005  0.006  0.006  0.009  0.004  0.005  0.013  0.058
   2.85693      5.911586  0.002  0.011  0.007  0.007  0.006  0.007  0.009  0.004  0.016  0.067
   2.88985      5.908011  0.000  0.010  0.002  0.005  0.005  0.010  0.009  0.005  0.018  0.064
   2.92277      5.903067  0.000  0.006  0.001  0.004  0.003  0.008  0.015  0.002  0.008  0.047
   2.95568      5.869080  0.000  0.002  0.003  0.002  0.001  0.002  0.017  0.001  0.002  0.028
   2.98860      5.817511  0.000  0.002  0.003  0.001  0.000  0.001  0.017  0.000  0.001  0.025
   3.02152      5.777973  0.000  0.001  0.003  0.000  0.000  0.001  0.018  0.000  0.000  0.023
   3.05444      5.730829  0.000  0.001  0.003  0.000  0.000  0.000  0.018  0.000  0.000  0.023
   3.08735      5.696732  0.000  0.001  0.003  0.000  0.000  0.000  0.019  0.000  0.000  0.023
   3.12027      5.664325  0.000  0.001  0.003  0.000  0.000  0.000  0.019  0.000  0.000  0.024
   3.15319      5.644623  0.000  0.000  0.003  0.000  0.000  0.000  0.020  0.000  0.000  0.024
   3.18611      5.627898  0.001  0.000  0.003  0.000  0.000  0.000  0.021  0.000  0.000  0.025
   3.21902      5.623781  0.001  0.000  0.003  0.000  0.000  0.000  0.021  0.000  0.000  0.025
