  0.00000000E+00 -0.39020686E+02
  0.10097810E-01 -0.39020684E+02
  0.20195621E-01 -0.39020681E+02
  0.30293431E-01 -0.39020677E+02
  0.40391242E-01 -0.39020672E+02
  0.50489052E-01 -0.39020666E+02
  0.60586863E-01 -0.39020659E+02
  0.70684673E-01 -0.39020651E+02
  0.80782483E-01 -0.39020642E+02
  0.90880294E-01 -0.39020632E+02
  0.10097810E+00 -0.39020619E+02
  0.11107591E+00 -0.39020605E+02
  0.12117373E+00 -0.39020588E+02
  0.13127154E+00 -0.39020569E+02
  0.14136935E+00 -0.39020546E+02
  0.15146716E+00 -0.39020520E+02
  0.16156497E+00 -0.39020491E+02
  0.17166278E+00 -0.39020459E+02
  0.18176059E+00 -0.39020425E+02
  0.19185840E+00 -0.39020388E+02
  0.20195621E+00 -0.39020350E+02
  0.21205402E+00 -0.39020311E+02
  0.22215183E+00 -0.39020272E+02
  0.23224964E+00 -0.39020232E+02
  0.24234745E+00 -0.39020193E+02
  0.25244526E+00 -0.39020154E+02
  0.26254307E+00 -0.39020115E+02
  0.27264088E+00 -0.39020077E+02
  0.28273869E+00 -0.39020039E+02
  0.29283650E+00 -0.39020001E+02
  0.30293431E+00 -0.39019962E+02
  0.31303212E+00 -0.39019922E+02
  0.32312993E+00 -0.39019882E+02
  0.33322774E+00 -0.39019840E+02
  0.34332555E+00 -0.39019798E+02
  0.35342337E+00 -0.39019755E+02
  0.36352118E+00 -0.39019711E+02
  0.37361899E+00 -0.39019668E+02
  0.38371680E+00 -0.39019625E+02
  0.39381461E+00 -0.39019583E+02
  0.40391242E+00 -0.39019543E+02
  0.41401023E+00 -0.39019505E+02
  0.42410804E+00 -0.39019470E+02
  0.43420585E+00 -0.39019436E+02
  0.44430366E+00 -0.39019405E+02
  0.45440147E+00 -0.39019376E+02
  0.46449928E+00 -0.39019348E+02
  0.47459709E+00 -0.39019321E+02
  0.48469490E+00 -0.39019295E+02
  0.49479271E+00 -0.39019269E+02
  0.50489052E+00 -0.39019242E+02
  0.51498833E+00 -0.39019215E+02
  0.52508614E+00 -0.39019187E+02
  0.53518395E+00 -0.39019158E+02
  0.54528176E+00 -0.39019128E+02
  0.55537957E+00 -0.39019098E+02
  0.56547738E+00 -0.39019067E+02
  0.57557519E+00 -0.39019037E+02
  0.58567301E+00 -0.39019007E+02
  0.59577082E+00 -0.39018978E+02
  0.60586863E+00 -0.39018950E+02
  0.61596644E+00 -0.39018924E+02
  0.62606425E+00 -0.39018899E+02
  0.63616206E+00 -0.39018875E+02
  0.64625987E+00 -0.39018852E+02
  0.65635768E+00 -0.39018831E+02
  0.66645549E+00 -0.39018810E+02
  0.67655330E+00 -0.39018789E+02
  0.68665111E+00 -0.39018769E+02
  0.69674892E+00 -0.39018749E+02
  0.70684673E+00 -0.39018729E+02
  0.71694454E+00 -0.39018710E+02
  0.72704235E+00 -0.39018690E+02
  0.73714016E+00 -0.39018671E+02
  0.74723797E+00 -0.39018652E+02
  0.75733578E+00 -0.39018634E+02
  0.76743359E+00 -0.39018617E+02
  0.77753140E+00 -0.39018602E+02
  0.78762921E+00 -0.39018588E+02
  0.79772702E+00 -0.39018574E+02
  0.80782483E+00 -0.39018562E+02
  0.81792265E+00 -0.39018551E+02
  0.82802046E+00 -0.39018540E+02
  0.83811827E+00 -0.39018530E+02
  0.84821608E+00 -0.39018520E+02
  0.85831389E+00 -0.39018510E+02
  0.86841170E+00 -0.39018499E+02
  0.87850951E+00 -0.39018488E+02
  0.88860732E+00 -0.39018478E+02
  0.89870513E+00 -0.39018471E+02
  0.90880294E+00 -0.39018468E+02
  0.91890075E+00 -0.39018470E+02
  0.92899856E+00 -0.39018473E+02
  0.93909637E+00 -0.39018476E+02
  0.94919418E+00 -0.39018478E+02
  0.95929199E+00 -0.39018479E+02
  0.96938980E+00 -0.39018477E+02
  0.97948761E+00 -0.39018473E+02
  0.98958542E+00 -0.39018467E+02
  0.99968323E+00 -0.39018460E+02
  0.10097810E+01 -0.39018451E+02
  0.10198328E+01 -0.39018461E+02
  0.10298846E+01 -0.39018469E+02
  0.10399364E+01 -0.39018476E+02
  0.10499882E+01 -0.39018480E+02
  0.10600399E+01 -0.39018482E+02
  0.10700917E+01 -0.39018482E+02
  0.10801435E+01 -0.39018480E+02
  0.10901953E+01 -0.39018477E+02
  0.11002471E+01 -0.39018474E+02
  0.11102988E+01 -0.39018472E+02
  0.11203506E+01 -0.39018484E+02
  0.11304024E+01 -0.39018499E+02
  0.11404542E+01 -0.39018512E+02
  0.11505060E+01 -0.39018522E+02
  0.11605577E+01 -0.39018530E+02
  0.11706095E+01 -0.39018535E+02
  0.11806613E+01 -0.39018537E+02
  0.11907131E+01 -0.39018538E+02
  0.12007648E+01 -0.39018537E+02
  0.12108166E+01 -0.39018537E+02
  0.12208684E+01 -0.39018537E+02
  0.12309202E+01 -0.39018538E+02
  0.12409720E+01 -0.39018541E+02
  0.12510237E+01 -0.39018545E+02
  0.12610755E+01 -0.39018552E+02
  0.12711273E+01 -0.39018561E+02
  0.12811791E+01 -0.39018571E+02
  0.12912309E+01 -0.39018583E+02
  0.13012826E+01 -0.39018595E+02
  0.13113344E+01 -0.39018607E+02
  0.13213862E+01 -0.39018619E+02
  0.13314380E+01 -0.39018628E+02
  0.13414898E+01 -0.39018637E+02
  0.13515415E+01 -0.39018643E+02
  0.13615933E+01 -0.39018648E+02
  0.13716451E+01 -0.39018652E+02
  0.13816969E+01 -0.39018654E+02
  0.13917486E+01 -0.39018655E+02
  0.14018004E+01 -0.39018656E+02
  0.14118522E+01 -0.39018658E+02
  0.14219040E+01 -0.39018661E+02
  0.14319558E+01 -0.39018668E+02
  0.14420075E+01 -0.39018676E+02
  0.14520593E+01 -0.39018685E+02
  0.14621111E+01 -0.39018695E+02
  0.14721629E+01 -0.39018704E+02
  0.14822147E+01 -0.39018714E+02
  0.14922664E+01 -0.39018723E+02
  0.15023182E+01 -0.39018732E+02
  0.15123700E+01 -0.39018740E+02
  0.15224218E+01 -0.39018747E+02
  0.15324736E+01 -0.39018754E+02
  0.15425253E+01 -0.39018763E+02
  0.15525771E+01 -0.39018774E+02
  0.15626289E+01 -0.39018787E+02
  0.15726807E+01 -0.39018798E+02
  0.15827325E+01 -0.39018808E+02
  0.15927842E+01 -0.39018816E+02
  0.16028360E+01 -0.39018822E+02
  0.16128878E+01 -0.39018828E+02
  0.16229396E+01 -0.39018837E+02
  0.16329913E+01 -0.39018848E+02
  0.16430431E+01 -0.39018859E+02
  0.16530949E+01 -0.39018868E+02
  0.16631467E+01 -0.39018876E+02
  0.16731985E+01 -0.39018882E+02
  0.16832502E+01 -0.39018886E+02
  0.16933020E+01 -0.39018887E+02
  0.17033538E+01 -0.39018887E+02
  0.17134056E+01 -0.39018886E+02
  0.17234574E+01 -0.39018885E+02
  0.17335091E+01 -0.39018884E+02
  0.17435609E+01 -0.39018885E+02
  0.17536127E+01 -0.39018888E+02
  0.17636645E+01 -0.39018891E+02
  0.17737163E+01 -0.39018893E+02
  0.17837680E+01 -0.39018894E+02
  0.17938198E+01 -0.39018892E+02
  0.18038716E+01 -0.39018889E+02
  0.18139234E+01 -0.39018885E+02
  0.18239751E+01 -0.39018882E+02
  0.18340269E+01 -0.39018879E+02
  0.18440787E+01 -0.39018876E+02
  0.18541305E+01 -0.39018872E+02
  0.18641823E+01 -0.39018868E+02
  0.18742340E+01 -0.39018864E+02
  0.18842858E+01 -0.39018861E+02
  0.18943836E+01 -0.39018919E+02
  0.19044814E+01 -0.39018978E+02
  0.19145793E+01 -0.39019037E+02
  0.19246771E+01 -0.39019095E+02
  0.19347749E+01 -0.39019151E+02
  0.19448727E+01 -0.39019207E+02
  0.19549705E+01 -0.39019261E+02
  0.19650683E+01 -0.39019314E+02
  0.19751661E+01 -0.39019366E+02
  0.19852639E+01 -0.39019417E+02
  0.19953617E+01 -0.39019468E+02
  0.20054595E+01 -0.39019520E+02
  0.20155574E+01 -0.39019572E+02
  0.20256552E+01 -0.39019626E+02
  0.20357530E+01 -0.39019680E+02
  0.20458508E+01 -0.39019735E+02
  0.20559486E+01 -0.39019792E+02
  0.20660464E+01 -0.39019849E+02
  0.20761442E+01 -0.39019906E+02
  0.20862420E+01 -0.39019962E+02
  0.20963398E+01 -0.39020018E+02
  0.21064377E+01 -0.39020071E+02
  0.21165355E+01 -0.39020123E+02
  0.21266333E+01 -0.39020172E+02
  0.21367311E+01 -0.39020218E+02
  0.21468289E+01 -0.39020261E+02
  0.21569267E+01 -0.39020301E+02
  0.21670245E+01 -0.39020337E+02
  0.21771223E+01 -0.39020371E+02
  0.21872201E+01 -0.39020402E+02
  0.21973179E+01 -0.39020431E+02
  0.22074158E+01 -0.39020457E+02
  0.22175136E+01 -0.39020482E+02
  0.22276114E+01 -0.39020506E+02
  0.22377092E+01 -0.39020528E+02
  0.22478070E+01 -0.39020549E+02
  0.22579048E+01 -0.39020569E+02
  0.22680026E+01 -0.39020588E+02
  0.22781004E+01 -0.39020605E+02
  0.22881982E+01 -0.39020621E+02
  0.22982961E+01 -0.39020636E+02
  0.23083939E+01 -0.39020648E+02
  0.23184917E+01 -0.39020659E+02
  0.23285895E+01 -0.39020668E+02
  0.23386873E+01 -0.39020675E+02
  0.23487851E+01 -0.39020681E+02
  0.23588829E+01 -0.39020684E+02
  0.23689807E+01 -0.39020686E+02
  0.23790785E+01 -0.39020687E+02
  0.23891763E+01 -0.39020686E+02
  0.23992742E+01 -0.39020684E+02
  0.24093720E+01 -0.39020681E+02
  0.24194698E+01 -0.39020677E+02
  0.24295676E+01 -0.39020672E+02
  0.24396654E+01 -0.39020666E+02
  0.24497632E+01 -0.39020659E+02
  0.24598610E+01 -0.39020651E+02
  0.24699588E+01 -0.39020642E+02
  0.24800566E+01 -0.39020632E+02
  0.24901545E+01 -0.39020619E+02
  0.25002523E+01 -0.39020605E+02
  0.25103501E+01 -0.39020588E+02
  0.25204479E+01 -0.39020569E+02
  0.25305457E+01 -0.39020546E+02
  0.25406435E+01 -0.39020520E+02
  0.25507413E+01 -0.39020491E+02
  0.25608391E+01 -0.39020459E+02
  0.25709369E+01 -0.39020425E+02
  0.25810347E+01 -0.39020388E+02
  0.25911326E+01 -0.39020350E+02
  0.26012304E+01 -0.39020311E+02
  0.26113282E+01 -0.39020272E+02
  0.26214260E+01 -0.39020232E+02
  0.26315238E+01 -0.39020193E+02
  0.26416216E+01 -0.39020154E+02
  0.26517194E+01 -0.39020115E+02
  0.26618172E+01 -0.39020077E+02
  0.26719150E+01 -0.39020039E+02
  0.26820129E+01 -0.39020001E+02
  0.26921107E+01 -0.39019962E+02
  0.27022085E+01 -0.39019922E+02
  0.27123063E+01 -0.39019882E+02
  0.27224041E+01 -0.39019840E+02
  0.27325019E+01 -0.39019798E+02
  0.27425997E+01 -0.39019755E+02
  0.27526975E+01 -0.39019711E+02
  0.27627953E+01 -0.39019668E+02
  0.27728931E+01 -0.39019625E+02
  0.27829910E+01 -0.39019583E+02
  0.27930888E+01 -0.39019543E+02
  0.28031866E+01 -0.39019505E+02
  0.28132844E+01 -0.39019470E+02
  0.28233822E+01 -0.39019436E+02
  0.28334800E+01 -0.39019405E+02
  0.28435778E+01 -0.39019376E+02
  0.28536756E+01 -0.39019348E+02
  0.28637734E+01 -0.39019321E+02
  0.28738712E+01 -0.39019295E+02
  0.28839691E+01 -0.39019269E+02
  0.28940669E+01 -0.39019242E+02
  0.29041647E+01 -0.39019215E+02
  0.29142625E+01 -0.39019187E+02
  0.29243603E+01 -0.39019158E+02
  0.29344581E+01 -0.39019128E+02
  0.29445559E+01 -0.39019098E+02
  0.29546537E+01 -0.39019067E+02
  0.29647515E+01 -0.39019037E+02
  0.29748494E+01 -0.39019007E+02
  0.29849472E+01 -0.39018978E+02
  0.29950450E+01 -0.39018950E+02
  0.30051428E+01 -0.39018924E+02
  0.30152406E+01 -0.39018899E+02
  0.30253384E+01 -0.39018875E+02
  0.30354362E+01 -0.39018852E+02
  0.30455340E+01 -0.39018831E+02
  0.30556318E+01 -0.39018810E+02
  0.30657296E+01 -0.39018789E+02
  0.30758275E+01 -0.39018769E+02
  0.30859253E+01 -0.39018749E+02
  0.30960231E+01 -0.39018729E+02
  0.31061209E+01 -0.39018710E+02
  0.31162187E+01 -0.39018690E+02
  0.31263165E+01 -0.39018671E+02
  0.31364143E+01 -0.39018652E+02
  0.31465121E+01 -0.39018634E+02
  0.31566099E+01 -0.39018617E+02
  0.31667078E+01 -0.39018602E+02
  0.31768056E+01 -0.39018588E+02
  0.31869034E+01 -0.39018574E+02
  0.31970012E+01 -0.39018562E+02
  0.32070990E+01 -0.39018551E+02
  0.32171968E+01 -0.39018540E+02
  0.32272946E+01 -0.39018530E+02
  0.32373924E+01 -0.39018520E+02
  0.32474902E+01 -0.39018510E+02
  0.32575880E+01 -0.39018499E+02
  0.32676859E+01 -0.39018488E+02
  0.32777837E+01 -0.39018478E+02
  0.32878815E+01 -0.39018471E+02
  0.32979793E+01 -0.39018468E+02
  0.33080771E+01 -0.39018470E+02
  0.33181749E+01 -0.39018473E+02
  0.33282727E+01 -0.39018476E+02
  0.33383705E+01 -0.39018478E+02
  0.33484683E+01 -0.39018479E+02
  0.33585662E+01 -0.39018477E+02
  0.33686640E+01 -0.39018473E+02
  0.33787618E+01 -0.39018467E+02
  0.33888596E+01 -0.39018460E+02
  0.33989574E+01 -0.39018451E+02
  
  0.00000000E+00 -0.39017527E+02
  0.10097810E-01 -0.39017532E+02
  0.20195621E-01 -0.39017537E+02
  0.30293431E-01 -0.39017543E+02
  0.40391242E-01 -0.39017548E+02
  0.50489052E-01 -0.39017552E+02
  0.60586863E-01 -0.39017555E+02
  0.70684673E-01 -0.39017557E+02
  0.80782483E-01 -0.39017558E+02
  0.90880294E-01 -0.39017559E+02
  0.10097810E+00 -0.39017559E+02
  0.11107591E+00 -0.39017559E+02
  0.12117373E+00 -0.39017560E+02
  0.13127154E+00 -0.39017561E+02
  0.14136935E+00 -0.39017564E+02
  0.15146716E+00 -0.39017569E+02
  0.16156497E+00 -0.39017575E+02
  0.17166278E+00 -0.39017583E+02
  0.18176059E+00 -0.39017593E+02
  0.19185840E+00 -0.39017605E+02
  0.20195621E+00 -0.39017618E+02
  0.21205402E+00 -0.39017632E+02
  0.22215183E+00 -0.39017648E+02
  0.23224964E+00 -0.39017663E+02
  0.24234745E+00 -0.39017679E+02
  0.25244526E+00 -0.39017696E+02
  0.26254307E+00 -0.39017712E+02
  0.27264088E+00 -0.39017729E+02
  0.28273869E+00 -0.39017747E+02
  0.29283650E+00 -0.39017764E+02
  0.30293431E+00 -0.39017782E+02
  0.31303212E+00 -0.39017801E+02
  0.32312993E+00 -0.39017821E+02
  0.33322774E+00 -0.39017842E+02
  0.34332555E+00 -0.39017863E+02
  0.35342337E+00 -0.39017886E+02
  0.36352118E+00 -0.39017908E+02
  0.37361899E+00 -0.39017932E+02
  0.38371680E+00 -0.39017955E+02
  0.39381461E+00 -0.39017978E+02
  0.40391242E+00 -0.39018001E+02
  0.41401023E+00 -0.39018024E+02
  0.42410804E+00 -0.39018046E+02
  0.43420585E+00 -0.39018068E+02
  0.44430366E+00 -0.39018090E+02
  0.45440147E+00 -0.39018111E+02
  0.46449928E+00 -0.39018132E+02
  0.47459709E+00 -0.39018154E+02
  0.48469490E+00 -0.39018176E+02
  0.49479271E+00 -0.39018198E+02
  0.50489052E+00 -0.39018220E+02
  0.51498833E+00 -0.39018242E+02
  0.52508614E+00 -0.39018264E+02
  0.53518395E+00 -0.39018285E+02
  0.54528176E+00 -0.39018306E+02
  0.55537957E+00 -0.39018325E+02
  0.56547738E+00 -0.39018343E+02
  0.57557519E+00 -0.39018359E+02
  0.58567301E+00 -0.39018373E+02
  0.59577082E+00 -0.39018386E+02
  0.60586863E+00 -0.39018396E+02
  0.61596644E+00 -0.39018404E+02
  0.62606425E+00 -0.39018412E+02
  0.63616206E+00 -0.39018418E+02
  0.64625987E+00 -0.39018424E+02
  0.65635768E+00 -0.39018429E+02
  0.66645549E+00 -0.39018435E+02
  0.67655330E+00 -0.39018441E+02
  0.68665111E+00 -0.39018448E+02
  0.69674892E+00 -0.39018456E+02
  0.70684673E+00 -0.39018464E+02
  0.71694454E+00 -0.39018473E+02
  0.72704235E+00 -0.39018481E+02
  0.73714016E+00 -0.39018489E+02
  0.74723797E+00 -0.39018497E+02
  0.75733578E+00 -0.39018502E+02
  0.76743359E+00 -0.39018506E+02
  0.77753140E+00 -0.39018508E+02
  0.78762921E+00 -0.39018507E+02
  0.79772702E+00 -0.39018504E+02
  0.80782483E+00 -0.39018500E+02
  0.81792265E+00 -0.39018494E+02
  0.82802046E+00 -0.39018486E+02
  0.83811827E+00 -0.39018478E+02
  0.84821608E+00 -0.39018471E+02
  0.85831389E+00 -0.39018464E+02
  0.86841170E+00 -0.39018458E+02
  0.87850951E+00 -0.39018455E+02
  0.88860732E+00 -0.39018452E+02
  0.89870513E+00 -0.39018450E+02
  0.90880294E+00 -0.39018444E+02
  0.91890075E+00 -0.39018436E+02
  0.92899856E+00 -0.39018428E+02
  0.93909637E+00 -0.39018423E+02
  0.94919418E+00 -0.39018420E+02
  0.95929199E+00 -0.39018419E+02
  0.96938980E+00 -0.39018422E+02
  0.97948761E+00 -0.39018427E+02
  0.98958542E+00 -0.39018434E+02
  0.99968323E+00 -0.39018442E+02
  0.10097810E+01 -0.39018451E+02
  0.10198328E+01 -0.39018441E+02
  0.10298846E+01 -0.39018432E+02
  0.10399364E+01 -0.39018425E+02
  0.10499882E+01 -0.39018421E+02
  0.10600399E+01 -0.39018420E+02
  0.10700917E+01 -0.39018423E+02
  0.10801435E+01 -0.39018430E+02
  0.10901953E+01 -0.39018441E+02
  0.11002471E+01 -0.39018454E+02
  0.11102988E+01 -0.39018468E+02
  0.11203506E+01 -0.39018469E+02
  0.11304024E+01 -0.39018469E+02
  0.11404542E+01 -0.39018471E+02
  0.11505060E+01 -0.39018475E+02
  0.11605577E+01 -0.39018480E+02
  0.11706095E+01 -0.39018486E+02
  0.11806613E+01 -0.39018492E+02
  0.11907131E+01 -0.39018499E+02
  0.12007648E+01 -0.39018505E+02
  0.12108166E+01 -0.39018511E+02
  0.12208684E+01 -0.39018516E+02
  0.12309202E+01 -0.39018522E+02
  0.12409720E+01 -0.39018527E+02
  0.12510237E+01 -0.39018533E+02
  0.12610755E+01 -0.39018539E+02
  0.12711273E+01 -0.39018546E+02
  0.12811791E+01 -0.39018552E+02
  0.12912309E+01 -0.39018559E+02
  0.13012826E+01 -0.39018566E+02
  0.13113344E+01 -0.39018574E+02
  0.13213862E+01 -0.39018582E+02
  0.13314380E+01 -0.39018589E+02
  0.13414898E+01 -0.39018597E+02
  0.13515415E+01 -0.39018603E+02
  0.13615933E+01 -0.39018610E+02
  0.13716451E+01 -0.39018617E+02
  0.13816969E+01 -0.39018623E+02
  0.13917486E+01 -0.39018630E+02
  0.14018004E+01 -0.39018637E+02
  0.14118522E+01 -0.39018644E+02
  0.14219040E+01 -0.39018650E+02
  0.14319558E+01 -0.39018655E+02
  0.14420075E+01 -0.39018659E+02
  0.14520593E+01 -0.39018664E+02
  0.14621111E+01 -0.39018671E+02
  0.14721629E+01 -0.39018678E+02
  0.14822147E+01 -0.39018687E+02
  0.14922664E+01 -0.39018697E+02
  0.15023182E+01 -0.39018708E+02
  0.15123700E+01 -0.39018720E+02
  0.15224218E+01 -0.39018733E+02
  0.15324736E+01 -0.39018746E+02
  0.15425253E+01 -0.39018758E+02
  0.15525771E+01 -0.39018766E+02
  0.15626289E+01 -0.39018774E+02
  0.15726807E+01 -0.39018781E+02
  0.15827325E+01 -0.39018790E+02
  0.15927842E+01 -0.39018799E+02
  0.16028360E+01 -0.39018809E+02
  0.16128878E+01 -0.39018817E+02
  0.16229396E+01 -0.39018820E+02
  0.16329913E+01 -0.39018821E+02
  0.16430431E+01 -0.39018819E+02
  0.16530949E+01 -0.39018818E+02
  0.16631467E+01 -0.39018818E+02
  0.16731985E+01 -0.39018818E+02
  0.16832502E+01 -0.39018821E+02
  0.16933020E+01 -0.39018826E+02
  0.17033538E+01 -0.39018832E+02
  0.17134056E+01 -0.39018840E+02
  0.17234574E+01 -0.39018849E+02
  0.17335091E+01 -0.39018857E+02
  0.17435609E+01 -0.39018862E+02
  0.17536127E+01 -0.39018865E+02
  0.17636645E+01 -0.39018867E+02
  0.17737163E+01 -0.39018868E+02
  0.17837680E+01 -0.39018869E+02
  0.17938198E+01 -0.39018870E+02
  0.18038716E+01 -0.39018871E+02
  0.18139234E+01 -0.39018870E+02
  0.18239751E+01 -0.39018867E+02
  0.18340269E+01 -0.39018864E+02
  0.18440787E+01 -0.39018861E+02
  0.18541305E+01 -0.39018858E+02
  0.18641823E+01 -0.39018857E+02
  0.18742340E+01 -0.39018858E+02
  0.18842858E+01 -0.39018860E+02
  0.18943836E+01 -0.39018803E+02
  0.19044814E+01 -0.39018746E+02
  0.19145793E+01 -0.39018692E+02
  0.19246771E+01 -0.39018640E+02
  0.19347749E+01 -0.39018590E+02
  0.19448727E+01 -0.39018543E+02
  0.19549705E+01 -0.39018498E+02
  0.19650683E+01 -0.39018456E+02
  0.19751661E+01 -0.39018415E+02
  0.19852639E+01 -0.39018376E+02
  0.19953617E+01 -0.39018337E+02
  0.20054595E+01 -0.39018300E+02
  0.20155574E+01 -0.39018262E+02
  0.20256552E+01 -0.39018224E+02
  0.20357530E+01 -0.39018187E+02
  0.20458508E+01 -0.39018149E+02
  0.20559486E+01 -0.39018112E+02
  0.20660464E+01 -0.39018075E+02
  0.20761442E+01 -0.39018038E+02
  0.20862420E+01 -0.39018003E+02
  0.20963398E+01 -0.39017969E+02
  0.21064377E+01 -0.39017936E+02
  0.21165355E+01 -0.39017906E+02
  0.21266333E+01 -0.39017876E+02
  0.21367311E+01 -0.39017849E+02
  0.21468289E+01 -0.39017822E+02
  0.21569267E+01 -0.39017797E+02
  0.21670245E+01 -0.39017772E+02
  0.21771223E+01 -0.39017748E+02
  0.21872201E+01 -0.39017725E+02
  0.21973179E+01 -0.39017702E+02
  0.22074158E+01 -0.39017679E+02
  0.22175136E+01 -0.39017657E+02
  0.22276114E+01 -0.39017636E+02
  0.22377092E+01 -0.39017615E+02
  0.22478070E+01 -0.39017597E+02
  0.22579048E+01 -0.39017580E+02
  0.22680026E+01 -0.39017566E+02
  0.22781004E+01 -0.39017554E+02
  0.22881982E+01 -0.39017545E+02
  0.22982961E+01 -0.39017538E+02
  0.23083939E+01 -0.39017534E+02
  0.23184917E+01 -0.39017531E+02
  0.23285895E+01 -0.39017530E+02
  0.23386873E+01 -0.39017530E+02
  0.23487851E+01 -0.39017530E+02
  0.23588829E+01 -0.39017530E+02
  0.23689807E+01 -0.39017530E+02
  0.23790785E+01 -0.39017529E+02
  0.23891763E+01 -0.39017527E+02
  0.23992742E+01 -0.39017532E+02
  0.24093720E+01 -0.39017537E+02
  0.24194698E+01 -0.39017543E+02
  0.24295676E+01 -0.39017548E+02
  0.24396654E+01 -0.39017552E+02
  0.24497632E+01 -0.39017555E+02
  0.24598610E+01 -0.39017557E+02
  0.24699588E+01 -0.39017558E+02
  0.24800566E+01 -0.39017559E+02
  0.24901545E+01 -0.39017559E+02
  0.25002523E+01 -0.39017559E+02
  0.25103501E+01 -0.39017560E+02
  0.25204479E+01 -0.39017561E+02
  0.25305457E+01 -0.39017564E+02
  0.25406435E+01 -0.39017569E+02
  0.25507413E+01 -0.39017575E+02
  0.25608391E+01 -0.39017583E+02
  0.25709369E+01 -0.39017593E+02
  0.25810347E+01 -0.39017605E+02
  0.25911326E+01 -0.39017618E+02
  0.26012304E+01 -0.39017632E+02
  0.26113282E+01 -0.39017648E+02
  0.26214260E+01 -0.39017663E+02
  0.26315238E+01 -0.39017679E+02
  0.26416216E+01 -0.39017696E+02
  0.26517194E+01 -0.39017712E+02
  0.26618172E+01 -0.39017729E+02
  0.26719150E+01 -0.39017747E+02
  0.26820129E+01 -0.39017764E+02
  0.26921107E+01 -0.39017782E+02
  0.27022085E+01 -0.39017801E+02
  0.27123063E+01 -0.39017821E+02
  0.27224041E+01 -0.39017842E+02
  0.27325019E+01 -0.39017863E+02
  0.27425997E+01 -0.39017886E+02
  0.27526975E+01 -0.39017908E+02
  0.27627953E+01 -0.39017932E+02
  0.27728931E+01 -0.39017955E+02
  0.27829910E+01 -0.39017978E+02
  0.27930888E+01 -0.39018001E+02
  0.28031866E+01 -0.39018024E+02
  0.28132844E+01 -0.39018046E+02
  0.28233822E+01 -0.39018068E+02
  0.28334800E+01 -0.39018090E+02
  0.28435778E+01 -0.39018111E+02
  0.28536756E+01 -0.39018132E+02
  0.28637734E+01 -0.39018154E+02
  0.28738712E+01 -0.39018176E+02
  0.28839691E+01 -0.39018198E+02
  0.28940669E+01 -0.39018220E+02
  0.29041647E+01 -0.39018242E+02
  0.29142625E+01 -0.39018264E+02
  0.29243603E+01 -0.39018285E+02
  0.29344581E+01 -0.39018306E+02
  0.29445559E+01 -0.39018325E+02
  0.29546537E+01 -0.39018343E+02
  0.29647515E+01 -0.39018359E+02
  0.29748494E+01 -0.39018373E+02
  0.29849472E+01 -0.39018386E+02
  0.29950450E+01 -0.39018396E+02
  0.30051428E+01 -0.39018404E+02
  0.30152406E+01 -0.39018412E+02
  0.30253384E+01 -0.39018418E+02
  0.30354362E+01 -0.39018424E+02
  0.30455340E+01 -0.39018429E+02
  0.30556318E+01 -0.39018435E+02
  0.30657296E+01 -0.39018441E+02
  0.30758275E+01 -0.39018448E+02
  0.30859253E+01 -0.39018456E+02
  0.30960231E+01 -0.39018464E+02
  0.31061209E+01 -0.39018473E+02
  0.31162187E+01 -0.39018481E+02
  0.31263165E+01 -0.39018489E+02
  0.31364143E+01 -0.39018497E+02
  0.31465121E+01 -0.39018502E+02
  0.31566099E+01 -0.39018506E+02
  0.31667078E+01 -0.39018508E+02
  0.31768056E+01 -0.39018507E+02
  0.31869034E+01 -0.39018504E+02
  0.31970012E+01 -0.39018500E+02
  0.32070990E+01 -0.39018494E+02
  0.32171968E+01 -0.39018486E+02
  0.32272946E+01 -0.39018478E+02
  0.32373924E+01 -0.39018471E+02
  0.32474902E+01 -0.39018464E+02
  0.32575880E+01 -0.39018458E+02
  0.32676859E+01 -0.39018455E+02
  0.32777837E+01 -0.39018452E+02
  0.32878815E+01 -0.39018450E+02
  0.32979793E+01 -0.39018444E+02
  0.33080771E+01 -0.39018436E+02
  0.33181749E+01 -0.39018428E+02
  0.33282727E+01 -0.39018423E+02
  0.33383705E+01 -0.39018420E+02
  0.33484683E+01 -0.39018419E+02
  0.33585662E+01 -0.39018422E+02
  0.33686640E+01 -0.39018427E+02
  0.33787618E+01 -0.39018434E+02
  0.33888596E+01 -0.39018442E+02
  0.33989574E+01 -0.39018451E+02
  
  0.00000000E+00 -0.38991667E+02
  0.10097810E-01 -0.38991671E+02
  0.20195621E-01 -0.38991670E+02
  0.30293431E-01 -0.38991667E+02
  0.40391242E-01 -0.38991660E+02
  0.50489052E-01 -0.38991651E+02
  0.60586863E-01 -0.38991642E+02
  0.70684673E-01 -0.38991632E+02
  0.80782483E-01 -0.38991623E+02
  0.90880294E-01 -0.38991616E+02
  0.10097810E+00 -0.38991611E+02
  0.11107591E+00 -0.38991608E+02
  0.12117373E+00 -0.38991608E+02
  0.13127154E+00 -0.38991609E+02
  0.14136935E+00 -0.38991612E+02
  0.15146716E+00 -0.38991615E+02
  0.16156497E+00 -0.38991618E+02
  0.17166278E+00 -0.38991621E+02
  0.18176059E+00 -0.38991623E+02
  0.19185840E+00 -0.38991625E+02
  0.20195621E+00 -0.38991626E+02
  0.21205402E+00 -0.38991628E+02
  0.22215183E+00 -0.38991631E+02
  0.23224964E+00 -0.38991635E+02
  0.24234745E+00 -0.38991643E+02
  0.25244526E+00 -0.38991653E+02
  0.26254307E+00 -0.38991666E+02
  0.27264088E+00 -0.38991683E+02
  0.28273869E+00 -0.38991702E+02
  0.29283650E+00 -0.38991723E+02
  0.30293431E+00 -0.38991745E+02
  0.31303212E+00 -0.38991767E+02
  0.32312993E+00 -0.38991789E+02
  0.33322774E+00 -0.38991811E+02
  0.34332555E+00 -0.38991831E+02
  0.35342337E+00 -0.38991850E+02
  0.36352118E+00 -0.38991869E+02
  0.37361899E+00 -0.38991886E+02
  0.38371680E+00 -0.38991903E+02
  0.39381461E+00 -0.38991920E+02
  0.40391242E+00 -0.38991937E+02
  0.41401023E+00 -0.38991954E+02
  0.42410804E+00 -0.38991972E+02
  0.43420585E+00 -0.38991990E+02
  0.44430366E+00 -0.38992008E+02
  0.45440147E+00 -0.38992027E+02
  0.46449928E+00 -0.38992046E+02
  0.47459709E+00 -0.38992065E+02
  0.48469490E+00 -0.38992083E+02
  0.49479271E+00 -0.38992100E+02
  0.50489052E+00 -0.38992116E+02
  0.51498833E+00 -0.38992130E+02
  0.52508614E+00 -0.38992143E+02
  0.53518395E+00 -0.38992154E+02
  0.54528176E+00 -0.38992164E+02
  0.55537957E+00 -0.38992173E+02
  0.56547738E+00 -0.38992182E+02
  0.57557519E+00 -0.38992190E+02
  0.58567301E+00 -0.38992197E+02
  0.59577082E+00 -0.38992205E+02
  0.60586863E+00 -0.38992213E+02
  0.61596644E+00 -0.38992220E+02
  0.62606425E+00 -0.38992228E+02
  0.63616206E+00 -0.38992235E+02
  0.64625987E+00 -0.38992243E+02
  0.65635768E+00 -0.38992250E+02
  0.66645549E+00 -0.38992258E+02
  0.67655330E+00 -0.38992264E+02
  0.68665111E+00 -0.38992270E+02
  0.69674892E+00 -0.38992275E+02
  0.70684673E+00 -0.38992279E+02
  0.71694454E+00 -0.38992283E+02
  0.72704235E+00 -0.38992285E+02
  0.73714016E+00 -0.38992286E+02
  0.74723797E+00 -0.38992287E+02
  0.75733578E+00 -0.38992288E+02
  0.76743359E+00 -0.38992288E+02
  0.77753140E+00 -0.38992288E+02
  0.78762921E+00 -0.38992288E+02
  0.79772702E+00 -0.38992288E+02
  0.80782483E+00 -0.38992286E+02
  0.81792265E+00 -0.38992284E+02
  0.82802046E+00 -0.38992280E+02
  0.83811827E+00 -0.38992275E+02
  0.84821608E+00 -0.38992268E+02
  0.85831389E+00 -0.38992261E+02
  0.86841170E+00 -0.38992252E+02
  0.87850951E+00 -0.38992242E+02
  0.88860732E+00 -0.38992231E+02
  0.89870513E+00 -0.38992219E+02
  0.90880294E+00 -0.38992207E+02
  0.91890075E+00 -0.38992194E+02
  0.92899856E+00 -0.38992182E+02
  0.93909637E+00 -0.38992171E+02
  0.94919418E+00 -0.38992159E+02
  0.95929199E+00 -0.38992148E+02
  0.96938980E+00 -0.38992138E+02
  0.97948761E+00 -0.38992127E+02
  0.98958542E+00 -0.38992116E+02
  0.99968323E+00 -0.38992104E+02
  0.10097810E+01 -0.38992092E+02
  0.10198328E+01 -0.38992107E+02
  0.10298846E+01 -0.38992122E+02
  0.10399364E+01 -0.38992136E+02
  0.10499882E+01 -0.38992148E+02
  0.10600399E+01 -0.38992160E+02
  0.10700917E+01 -0.38992172E+02
  0.10801435E+01 -0.38992184E+02
  0.10901953E+01 -0.38992196E+02
  0.11002471E+01 -0.38992208E+02
  0.11102988E+01 -0.38992220E+02
  0.11203506E+01 -0.38992232E+02
  0.11304024E+01 -0.38992243E+02
  0.11404542E+01 -0.38992254E+02
  0.11505060E+01 -0.38992264E+02
  0.11605577E+01 -0.38992273E+02
  0.11706095E+01 -0.38992279E+02
  0.11806613E+01 -0.38992285E+02
  0.11907131E+01 -0.38992288E+02
  0.12007648E+01 -0.38992291E+02
  0.12108166E+01 -0.38992293E+02
  0.12208684E+01 -0.38992294E+02
  0.12309202E+01 -0.38992294E+02
  0.12409720E+01 -0.38992295E+02
  0.12510237E+01 -0.38992296E+02
  0.12610755E+01 -0.38992296E+02
  0.12711273E+01 -0.38992297E+02
  0.12811791E+01 -0.38992297E+02
  0.12912309E+01 -0.38992297E+02
  0.13012826E+01 -0.38992295E+02
  0.13113344E+01 -0.38992292E+02
  0.13213862E+01 -0.38992288E+02
  0.13314380E+01 -0.38992282E+02
  0.13414898E+01 -0.38992274E+02
  0.13515415E+01 -0.38992265E+02
  0.13615933E+01 -0.38992255E+02
  0.13716451E+01 -0.38992245E+02
  0.13816969E+01 -0.38992234E+02
  0.13917486E+01 -0.38992224E+02
  0.14018004E+01 -0.38992215E+02
  0.14118522E+01 -0.38992207E+02
  0.14219040E+01 -0.38992200E+02
  0.14319558E+01 -0.38992194E+02
  0.14420075E+01 -0.38992188E+02
  0.14520593E+01 -0.38992181E+02
  0.14621111E+01 -0.38992174E+02
  0.14721629E+01 -0.38992165E+02
  0.14822147E+01 -0.38992154E+02
  0.14922664E+01 -0.38992141E+02
  0.15023182E+01 -0.38992125E+02
  0.15123700E+01 -0.38992106E+02
  0.15224218E+01 -0.38992086E+02
  0.15324736E+01 -0.38992065E+02
  0.15425253E+01 -0.38992043E+02
  0.15525771E+01 -0.38992021E+02
  0.15626289E+01 -0.38992000E+02
  0.15726807E+01 -0.38991981E+02
  0.15827325E+01 -0.38991963E+02
  0.15927842E+01 -0.38991947E+02
  0.16028360E+01 -0.38991932E+02
  0.16128878E+01 -0.38991918E+02
  0.16229396E+01 -0.38991906E+02
  0.16329913E+01 -0.38991893E+02
  0.16430431E+01 -0.38991879E+02
  0.16530949E+01 -0.38991865E+02
  0.16631467E+01 -0.38991848E+02
  0.16731985E+01 -0.38991829E+02
  0.16832502E+01 -0.38991807E+02
  0.16933020E+01 -0.38991783E+02
  0.17033538E+01 -0.38991757E+02
  0.17134056E+01 -0.38991731E+02
  0.17234574E+01 -0.38991704E+02
  0.17335091E+01 -0.38991678E+02
  0.17435609E+01 -0.38991654E+02
  0.17536127E+01 -0.38991631E+02
  0.17636645E+01 -0.38991609E+02
  0.17737163E+01 -0.38991589E+02
  0.17837680E+01 -0.38991570E+02
  0.17938198E+01 -0.38991551E+02
  0.18038716E+01 -0.38991533E+02
  0.18139234E+01 -0.38991515E+02
  0.18239751E+01 -0.38991496E+02
  0.18340269E+01 -0.38991477E+02
  0.18440787E+01 -0.38991457E+02
  0.18541305E+01 -0.38991436E+02
  0.18641823E+01 -0.38991416E+02
  0.18742340E+01 -0.38991395E+02
  0.18842858E+01 -0.38991375E+02
  0.18943836E+01 -0.38991383E+02
  0.19044814E+01 -0.38991389E+02
  0.19145793E+01 -0.38991392E+02
  0.19246771E+01 -0.38991391E+02
  0.19347749E+01 -0.38991390E+02
  0.19448727E+01 -0.38991399E+02
  0.19549705E+01 -0.38991418E+02
  0.19650683E+01 -0.38991441E+02
  0.19751661E+01 -0.38991466E+02
  0.19852639E+01 -0.38991491E+02
  0.19953617E+01 -0.38991512E+02
  0.20054595E+01 -0.38991529E+02
  0.20155574E+01 -0.38991541E+02
  0.20256552E+01 -0.38991546E+02
  0.20357530E+01 -0.38991545E+02
  0.20458508E+01 -0.38991539E+02
  0.20559486E+01 -0.38991530E+02
  0.20660464E+01 -0.38991520E+02
  0.20761442E+01 -0.38991511E+02
  0.20862420E+01 -0.38991505E+02
  0.20963398E+01 -0.38991503E+02
  0.21064377E+01 -0.38991507E+02
  0.21165355E+01 -0.38991517E+02
  0.21266333E+01 -0.38991532E+02
  0.21367311E+01 -0.38991552E+02
  0.21468289E+01 -0.38991575E+02
  0.21569267E+01 -0.38991598E+02
  0.21670245E+01 -0.38991619E+02
  0.21771223E+01 -0.38991635E+02
  0.21872201E+01 -0.38991646E+02
  0.21973179E+01 -0.38991651E+02
  0.22074158E+01 -0.38991647E+02
  0.22175136E+01 -0.38991638E+02
  0.22276114E+01 -0.38991623E+02
  0.22377092E+01 -0.38991605E+02
  0.22478070E+01 -0.38991586E+02
  0.22579048E+01 -0.38991569E+02
  0.22680026E+01 -0.38991555E+02
  0.22781004E+01 -0.38991547E+02
  0.22881982E+01 -0.38991546E+02
  0.22982961E+01 -0.38991551E+02
  0.23083939E+01 -0.38991563E+02
  0.23184917E+01 -0.38991579E+02
  0.23285895E+01 -0.38991599E+02
  0.23386873E+01 -0.38991620E+02
  0.23487851E+01 -0.38991640E+02
  0.23588829E+01 -0.38991655E+02
  0.23689807E+01 -0.38991666E+02
  0.23790785E+01 -0.38991670E+02
  0.23891763E+01 -0.38991667E+02
  0.23992742E+01 -0.38991671E+02
  0.24093720E+01 -0.38991670E+02
  0.24194698E+01 -0.38991667E+02
  0.24295676E+01 -0.38991660E+02
  0.24396654E+01 -0.38991651E+02
  0.24497632E+01 -0.38991642E+02
  0.24598610E+01 -0.38991632E+02
  0.24699588E+01 -0.38991623E+02
  0.24800566E+01 -0.38991616E+02
  0.24901545E+01 -0.38991611E+02
  0.25002523E+01 -0.38991608E+02
  0.25103501E+01 -0.38991608E+02
  0.25204479E+01 -0.38991609E+02
  0.25305457E+01 -0.38991612E+02
  0.25406435E+01 -0.38991615E+02
  0.25507413E+01 -0.38991618E+02
  0.25608391E+01 -0.38991621E+02
  0.25709369E+01 -0.38991623E+02
  0.25810347E+01 -0.38991625E+02
  0.25911326E+01 -0.38991626E+02
  0.26012304E+01 -0.38991628E+02
  0.26113282E+01 -0.38991631E+02
  0.26214260E+01 -0.38991635E+02
  0.26315238E+01 -0.38991643E+02
  0.26416216E+01 -0.38991653E+02
  0.26517194E+01 -0.38991666E+02
  0.26618172E+01 -0.38991683E+02
  0.26719150E+01 -0.38991702E+02
  0.26820129E+01 -0.38991723E+02
  0.26921107E+01 -0.38991745E+02
  0.27022085E+01 -0.38991767E+02
  0.27123063E+01 -0.38991789E+02
  0.27224041E+01 -0.38991811E+02
  0.27325019E+01 -0.38991831E+02
  0.27425997E+01 -0.38991850E+02
  0.27526975E+01 -0.38991869E+02
  0.27627953E+01 -0.38991886E+02
  0.27728931E+01 -0.38991903E+02
  0.27829910E+01 -0.38991920E+02
  0.27930888E+01 -0.38991937E+02
  0.28031866E+01 -0.38991954E+02
  0.28132844E+01 -0.38991972E+02
  0.28233822E+01 -0.38991990E+02
  0.28334800E+01 -0.38992008E+02
  0.28435778E+01 -0.38992027E+02
  0.28536756E+01 -0.38992046E+02
  0.28637734E+01 -0.38992065E+02
  0.28738712E+01 -0.38992083E+02
  0.28839691E+01 -0.38992100E+02
  0.28940669E+01 -0.38992116E+02
  0.29041647E+01 -0.38992130E+02
  0.29142625E+01 -0.38992143E+02
  0.29243603E+01 -0.38992154E+02
  0.29344581E+01 -0.38992164E+02
  0.29445559E+01 -0.38992173E+02
  0.29546537E+01 -0.38992182E+02
  0.29647515E+01 -0.38992190E+02
  0.29748494E+01 -0.38992197E+02
  0.29849472E+01 -0.38992205E+02
  0.29950450E+01 -0.38992213E+02
  0.30051428E+01 -0.38992220E+02
  0.30152406E+01 -0.38992228E+02
  0.30253384E+01 -0.38992235E+02
  0.30354362E+01 -0.38992243E+02
  0.30455340E+01 -0.38992250E+02
  0.30556318E+01 -0.38992258E+02
  0.30657296E+01 -0.38992264E+02
  0.30758275E+01 -0.38992270E+02
  0.30859253E+01 -0.38992275E+02
  0.30960231E+01 -0.38992279E+02
  0.31061209E+01 -0.38992283E+02
  0.31162187E+01 -0.38992285E+02
  0.31263165E+01 -0.38992286E+02
  0.31364143E+01 -0.38992287E+02
  0.31465121E+01 -0.38992288E+02
  0.31566099E+01 -0.38992288E+02
  0.31667078E+01 -0.38992288E+02
  0.31768056E+01 -0.38992288E+02
  0.31869034E+01 -0.38992288E+02
  0.31970012E+01 -0.38992286E+02
  0.32070990E+01 -0.38992284E+02
  0.32171968E+01 -0.38992280E+02
  0.32272946E+01 -0.38992275E+02
  0.32373924E+01 -0.38992268E+02
  0.32474902E+01 -0.38992261E+02
  0.32575880E+01 -0.38992252E+02
  0.32676859E+01 -0.38992242E+02
  0.32777837E+01 -0.38992231E+02
  0.32878815E+01 -0.38992219E+02
  0.32979793E+01 -0.38992207E+02
  0.33080771E+01 -0.38992194E+02
  0.33181749E+01 -0.38992182E+02
  0.33282727E+01 -0.38992171E+02
  0.33383705E+01 -0.38992159E+02
  0.33484683E+01 -0.38992148E+02
  0.33585662E+01 -0.38992138E+02
  0.33686640E+01 -0.38992127E+02
  0.33787618E+01 -0.38992116E+02
  0.33888596E+01 -0.38992104E+02
  0.33989574E+01 -0.38992092E+02
  
  0.00000000E+00 -0.38990934E+02
  0.10097810E-01 -0.38990937E+02
  0.20195621E-01 -0.38990944E+02
  0.30293431E-01 -0.38990955E+02
  0.40391242E-01 -0.38990968E+02
  0.50489052E-01 -0.38990982E+02
  0.60586863E-01 -0.38990995E+02
  0.70684673E-01 -0.38991008E+02
  0.80782483E-01 -0.38991018E+02
  0.90880294E-01 -0.38991026E+02
  0.10097810E+00 -0.38991031E+02
  0.11107591E+00 -0.38991033E+02
  0.12117373E+00 -0.38991034E+02
  0.13127154E+00 -0.38991033E+02
  0.14136935E+00 -0.38991032E+02
  0.15146716E+00 -0.38991031E+02
  0.16156497E+00 -0.38991033E+02
  0.17166278E+00 -0.38991036E+02
  0.18176059E+00 -0.38991042E+02
  0.19185840E+00 -0.38991050E+02
  0.20195621E+00 -0.38991060E+02
  0.21205402E+00 -0.38991072E+02
  0.22215183E+00 -0.38991083E+02
  0.23224964E+00 -0.38991095E+02
  0.24234745E+00 -0.38991104E+02
  0.25244526E+00 -0.38991111E+02
  0.26254307E+00 -0.38991116E+02
  0.27264088E+00 -0.38991119E+02
  0.28273869E+00 -0.38991119E+02
  0.29283650E+00 -0.38991118E+02
  0.30293431E+00 -0.38991116E+02
  0.31303212E+00 -0.38991115E+02
  0.32312993E+00 -0.38991113E+02
  0.33322774E+00 -0.38991113E+02
  0.34332555E+00 -0.38991115E+02
  0.35342337E+00 -0.38991118E+02
  0.36352118E+00 -0.38991122E+02
  0.37361899E+00 -0.38991128E+02
  0.38371680E+00 -0.38991135E+02
  0.39381461E+00 -0.38991142E+02
  0.40391242E+00 -0.38991150E+02
  0.41401023E+00 -0.38991157E+02
  0.42410804E+00 -0.38991165E+02
  0.43420585E+00 -0.38991171E+02
  0.44430366E+00 -0.38991177E+02
  0.45440147E+00 -0.38991183E+02
  0.46449928E+00 -0.38991188E+02
  0.47459709E+00 -0.38991193E+02
  0.48469490E+00 -0.38991198E+02
  0.49479271E+00 -0.38991204E+02
  0.50489052E+00 -0.38991210E+02
  0.51498833E+00 -0.38991218E+02
  0.52508614E+00 -0.38991227E+02
  0.53518395E+00 -0.38991237E+02
  0.54528176E+00 -0.38991248E+02
  0.55537957E+00 -0.38991260E+02
  0.56547738E+00 -0.38991273E+02
  0.57557519E+00 -0.38991287E+02
  0.58567301E+00 -0.38991300E+02
  0.59577082E+00 -0.38991314E+02
  0.60586863E+00 -0.38991327E+02
  0.61596644E+00 -0.38991341E+02
  0.62606425E+00 -0.38991354E+02
  0.63616206E+00 -0.38991368E+02
  0.64625987E+00 -0.38991381E+02
  0.65635768E+00 -0.38991395E+02
  0.66645549E+00 -0.38991410E+02
  0.67655330E+00 -0.38991426E+02
  0.68665111E+00 -0.38991444E+02
  0.69674892E+00 -0.38991463E+02
  0.70684673E+00 -0.38991484E+02
  0.71694454E+00 -0.38991507E+02
  0.72704235E+00 -0.38991532E+02
  0.73714016E+00 -0.38991558E+02
  0.74723797E+00 -0.38991584E+02
  0.75733578E+00 -0.38991609E+02
  0.76743359E+00 -0.38991634E+02
  0.77753140E+00 -0.38991658E+02
  0.78762921E+00 -0.38991680E+02
  0.79772702E+00 -0.38991700E+02
  0.80782483E+00 -0.38991718E+02
  0.81792265E+00 -0.38991734E+02
  0.82802046E+00 -0.38991750E+02
  0.83811827E+00 -0.38991764E+02
  0.84821608E+00 -0.38991778E+02
  0.85831389E+00 -0.38991792E+02
  0.86841170E+00 -0.38991806E+02
  0.87850951E+00 -0.38991822E+02
  0.88860732E+00 -0.38991840E+02
  0.89870513E+00 -0.38991859E+02
  0.90880294E+00 -0.38991880E+02
  0.91890075E+00 -0.38991902E+02
  0.92899856E+00 -0.38991926E+02
  0.93909637E+00 -0.38991950E+02
  0.94919418E+00 -0.38991975E+02
  0.95929199E+00 -0.38991998E+02
  0.96938980E+00 -0.38992021E+02
  0.97948761E+00 -0.38992041E+02
  0.98958542E+00 -0.38992060E+02
  0.99968323E+00 -0.38992077E+02
  0.10097810E+01 -0.38992091E+02
  0.10198328E+01 -0.38992074E+02
  0.10298846E+01 -0.38992056E+02
  0.10399364E+01 -0.38992037E+02
  0.10499882E+01 -0.38992018E+02
  0.10600399E+01 -0.38991999E+02
  0.10700917E+01 -0.38991980E+02
  0.10801435E+01 -0.38991962E+02
  0.10901953E+01 -0.38991945E+02
  0.11002471E+01 -0.38991929E+02
  0.11102988E+01 -0.38991913E+02
  0.11203506E+01 -0.38991897E+02
  0.11304024E+01 -0.38991881E+02
  0.11404542E+01 -0.38991865E+02
  0.11505060E+01 -0.38991847E+02
  0.11605577E+01 -0.38991829E+02
  0.11706095E+01 -0.38991808E+02
  0.11806613E+01 -0.38991786E+02
  0.11907131E+01 -0.38991763E+02
  0.12007648E+01 -0.38991739E+02
  0.12108166E+01 -0.38991715E+02
  0.12208684E+01 -0.38991690E+02
  0.12309202E+01 -0.38991666E+02
  0.12409720E+01 -0.38991643E+02
  0.12510237E+01 -0.38991621E+02
  0.12610755E+01 -0.38991601E+02
  0.12711273E+01 -0.38991581E+02
  0.12811791E+01 -0.38991562E+02
  0.12912309E+01 -0.38991544E+02
  0.13012826E+01 -0.38991526E+02
  0.13113344E+01 -0.38991508E+02
  0.13213862E+01 -0.38991489E+02
  0.13314380E+01 -0.38991469E+02
  0.13414898E+01 -0.38991449E+02
  0.13515415E+01 -0.38991429E+02
  0.13615933E+01 -0.38991408E+02
  0.13716451E+01 -0.38991388E+02
  0.13816969E+01 -0.38991368E+02
  0.13917486E+01 -0.38991349E+02
  0.14018004E+01 -0.38991332E+02
  0.14118522E+01 -0.38991316E+02
  0.14219040E+01 -0.38991301E+02
  0.14319558E+01 -0.38991288E+02
  0.14420075E+01 -0.38991276E+02
  0.14520593E+01 -0.38991265E+02
  0.14621111E+01 -0.38991255E+02
  0.14721629E+01 -0.38991246E+02
  0.14822147E+01 -0.38991238E+02
  0.14922664E+01 -0.38991230E+02
  0.15023182E+01 -0.38991223E+02
  0.15123700E+01 -0.38991216E+02
  0.15224218E+01 -0.38991210E+02
  0.15324736E+01 -0.38991205E+02
  0.15425253E+01 -0.38991200E+02
  0.15525771E+01 -0.38991196E+02
  0.15626289E+01 -0.38991192E+02
  0.15726807E+01 -0.38991188E+02
  0.15827325E+01 -0.38991184E+02
  0.15927842E+01 -0.38991180E+02
  0.16028360E+01 -0.38991175E+02
  0.16128878E+01 -0.38991169E+02
  0.16229396E+01 -0.38991163E+02
  0.16329913E+01 -0.38991157E+02
  0.16430431E+01 -0.38991150E+02
  0.16530949E+01 -0.38991144E+02
  0.16631467E+01 -0.38991139E+02
  0.16731985E+01 -0.38991136E+02
  0.16832502E+01 -0.38991136E+02
  0.16933020E+01 -0.38991139E+02
  0.17033538E+01 -0.38991145E+02
  0.17134056E+01 -0.38991153E+02
  0.17234574E+01 -0.38991164E+02
  0.17335091E+01 -0.38991176E+02
  0.17435609E+01 -0.38991189E+02
  0.17536127E+01 -0.38991202E+02
  0.17636645E+01 -0.38991215E+02
  0.17737163E+01 -0.38991228E+02
  0.17837680E+01 -0.38991240E+02
  0.17938198E+01 -0.38991252E+02
  0.18038716E+01 -0.38991263E+02
  0.18139234E+01 -0.38991274E+02
  0.18239751E+01 -0.38991284E+02
  0.18340269E+01 -0.38991296E+02
  0.18440787E+01 -0.38991308E+02
  0.18541305E+01 -0.38991322E+02
  0.18641823E+01 -0.38991338E+02
  0.18742340E+01 -0.38991356E+02
  0.18842858E+01 -0.38991375E+02
  0.18943836E+01 -0.38991367E+02
  0.19044814E+01 -0.38991361E+02
  0.19145793E+01 -0.38991360E+02
  0.19246771E+01 -0.38991363E+02
  0.19347749E+01 -0.38991366E+02
  0.19448727E+01 -0.38991359E+02
  0.19549705E+01 -0.38991341E+02
  0.19650683E+01 -0.38991318E+02
  0.19751661E+01 -0.38991291E+02
  0.19852639E+01 -0.38991264E+02
  0.19953617E+01 -0.38991239E+02
  0.20054595E+01 -0.38991218E+02
  0.20155574E+01 -0.38991201E+02
  0.20256552E+01 -0.38991190E+02
  0.20357530E+01 -0.38991184E+02
  0.20458508E+01 -0.38991184E+02
  0.20559486E+01 -0.38991187E+02
  0.20660464E+01 -0.38991193E+02
  0.20761442E+01 -0.38991200E+02
  0.20862420E+01 -0.38991205E+02
  0.20963398E+01 -0.38991207E+02
  0.21064377E+01 -0.38991204E+02
  0.21165355E+01 -0.38991197E+02
  0.21266333E+01 -0.38991185E+02
  0.21367311E+01 -0.38991169E+02
  0.21468289E+01 -0.38991149E+02
  0.21569267E+01 -0.38991128E+02
  0.21670245E+01 -0.38991107E+02
  0.21771223E+01 -0.38991088E+02
  0.21872201E+01 -0.38991073E+02
  0.21973179E+01 -0.38991063E+02
  0.22074158E+01 -0.38991057E+02
  0.22175136E+01 -0.38991056E+02
  0.22276114E+01 -0.38991059E+02
  0.22377092E+01 -0.38991065E+02
  0.22478070E+01 -0.38991072E+02
  0.22579048E+01 -0.38991078E+02
  0.22680026E+01 -0.38991081E+02
  0.22781004E+01 -0.38991080E+02
  0.22881982E+01 -0.38991075E+02
  0.22982961E+01 -0.38991064E+02
  0.23083939E+01 -0.38991049E+02
  0.23184917E+01 -0.38991031E+02
  0.23285895E+01 -0.38991010E+02
  0.23386873E+01 -0.38990989E+02
  0.23487851E+01 -0.38990969E+02
  0.23588829E+01 -0.38990953E+02
  0.23689807E+01 -0.38990941E+02
  0.23790785E+01 -0.38990934E+02
  0.23891763E+01 -0.38990934E+02
  0.23992742E+01 -0.38990937E+02
  0.24093720E+01 -0.38990944E+02
  0.24194698E+01 -0.38990955E+02
  0.24295676E+01 -0.38990968E+02
  0.24396654E+01 -0.38990982E+02
  0.24497632E+01 -0.38990995E+02
  0.24598610E+01 -0.38991008E+02
  0.24699588E+01 -0.38991018E+02
  0.24800566E+01 -0.38991026E+02
  0.24901545E+01 -0.38991031E+02
  0.25002523E+01 -0.38991033E+02
  0.25103501E+01 -0.38991034E+02
  0.25204479E+01 -0.38991033E+02
  0.25305457E+01 -0.38991032E+02
  0.25406435E+01 -0.38991031E+02
  0.25507413E+01 -0.38991033E+02
  0.25608391E+01 -0.38991036E+02
  0.25709369E+01 -0.38991042E+02
  0.25810347E+01 -0.38991050E+02
  0.25911326E+01 -0.38991060E+02
  0.26012304E+01 -0.38991072E+02
  0.26113282E+01 -0.38991083E+02
  0.26214260E+01 -0.38991095E+02
  0.26315238E+01 -0.38991104E+02
  0.26416216E+01 -0.38991111E+02
  0.26517194E+01 -0.38991116E+02
  0.26618172E+01 -0.38991119E+02
  0.26719150E+01 -0.38991119E+02
  0.26820129E+01 -0.38991118E+02
  0.26921107E+01 -0.38991116E+02
  0.27022085E+01 -0.38991115E+02
  0.27123063E+01 -0.38991113E+02
  0.27224041E+01 -0.38991113E+02
  0.27325019E+01 -0.38991115E+02
  0.27425997E+01 -0.38991118E+02
  0.27526975E+01 -0.38991122E+02
  0.27627953E+01 -0.38991128E+02
  0.27728931E+01 -0.38991135E+02
  0.27829910E+01 -0.38991142E+02
  0.27930888E+01 -0.38991150E+02
  0.28031866E+01 -0.38991157E+02
  0.28132844E+01 -0.38991165E+02
  0.28233822E+01 -0.38991171E+02
  0.28334800E+01 -0.38991177E+02
  0.28435778E+01 -0.38991183E+02
  0.28536756E+01 -0.38991188E+02
  0.28637734E+01 -0.38991193E+02
  0.28738712E+01 -0.38991198E+02
  0.28839691E+01 -0.38991204E+02
  0.28940669E+01 -0.38991210E+02
  0.29041647E+01 -0.38991218E+02
  0.29142625E+01 -0.38991227E+02
  0.29243603E+01 -0.38991237E+02
  0.29344581E+01 -0.38991248E+02
  0.29445559E+01 -0.38991260E+02
  0.29546537E+01 -0.38991273E+02
  0.29647515E+01 -0.38991287E+02
  0.29748494E+01 -0.38991300E+02
  0.29849472E+01 -0.38991314E+02
  0.29950450E+01 -0.38991327E+02
  0.30051428E+01 -0.38991341E+02
  0.30152406E+01 -0.38991354E+02
  0.30253384E+01 -0.38991368E+02
  0.30354362E+01 -0.38991381E+02
  0.30455340E+01 -0.38991395E+02
  0.30556318E+01 -0.38991410E+02
  0.30657296E+01 -0.38991426E+02
  0.30758275E+01 -0.38991444E+02
  0.30859253E+01 -0.38991463E+02
  0.30960231E+01 -0.38991484E+02
  0.31061209E+01 -0.38991507E+02
  0.31162187E+01 -0.38991532E+02
  0.31263165E+01 -0.38991558E+02
  0.31364143E+01 -0.38991584E+02
  0.31465121E+01 -0.38991609E+02
  0.31566099E+01 -0.38991634E+02
  0.31667078E+01 -0.38991658E+02
  0.31768056E+01 -0.38991680E+02
  0.31869034E+01 -0.38991700E+02
  0.31970012E+01 -0.38991718E+02
  0.32070990E+01 -0.38991734E+02
  0.32171968E+01 -0.38991750E+02
  0.32272946E+01 -0.38991764E+02
  0.32373924E+01 -0.38991778E+02
  0.32474902E+01 -0.38991792E+02
  0.32575880E+01 -0.38991806E+02
  0.32676859E+01 -0.38991822E+02
  0.32777837E+01 -0.38991840E+02
  0.32878815E+01 -0.38991859E+02
  0.32979793E+01 -0.38991880E+02
  0.33080771E+01 -0.38991902E+02
  0.33181749E+01 -0.38991926E+02
  0.33282727E+01 -0.38991950E+02
  0.33383705E+01 -0.38991975E+02
  0.33484683E+01 -0.38991998E+02
  0.33585662E+01 -0.38992021E+02
  0.33686640E+01 -0.38992041E+02
  0.33787618E+01 -0.38992060E+02
  0.33888596E+01 -0.38992077E+02
  0.33989574E+01 -0.38992091E+02
  
  0.00000000E+00 -0.38298761E+02
  0.10097810E-01 -0.38298755E+02
  0.20195621E-01 -0.38298745E+02
  0.30293431E-01 -0.38298731E+02
  0.40391242E-01 -0.38298716E+02
  0.50489052E-01 -0.38298700E+02
  0.60586863E-01 -0.38298684E+02
  0.70684673E-01 -0.38298669E+02
  0.80782483E-01 -0.38298657E+02
  0.90880294E-01 -0.38298646E+02
  0.10097810E+00 -0.38298636E+02
  0.11107591E+00 -0.38298628E+02
  0.12117373E+00 -0.38298618E+02
  0.13127154E+00 -0.38298608E+02
  0.14136935E+00 -0.38298594E+02
  0.15146716E+00 -0.38298577E+02
  0.16156497E+00 -0.38298555E+02
  0.17166278E+00 -0.38298527E+02
  0.18176059E+00 -0.38298494E+02
  0.19185840E+00 -0.38298455E+02
  0.20195621E+00 -0.38298412E+02
  0.21205402E+00 -0.38298366E+02
  0.22215183E+00 -0.38298317E+02
  0.23224964E+00 -0.38298266E+02
  0.24234745E+00 -0.38298215E+02
  0.25244526E+00 -0.38298164E+02
  0.26254307E+00 -0.38298113E+02
  0.27264088E+00 -0.38298062E+02
  0.28273869E+00 -0.38298012E+02
  0.29283650E+00 -0.38297963E+02
  0.30293431E+00 -0.38297912E+02
  0.31303212E+00 -0.38297861E+02
  0.32312993E+00 -0.38297809E+02
  0.33322774E+00 -0.38297756E+02
  0.34332555E+00 -0.38297700E+02
  0.35342337E+00 -0.38297644E+02
  0.36352118E+00 -0.38297588E+02
  0.37361899E+00 -0.38297533E+02
  0.38371680E+00 -0.38297479E+02
  0.39381461E+00 -0.38297429E+02
  0.40391242E+00 -0.38297382E+02
  0.41401023E+00 -0.38297340E+02
  0.42410804E+00 -0.38297303E+02
  0.43420585E+00 -0.38297269E+02
  0.44430366E+00 -0.38297240E+02
  0.45440147E+00 -0.38297213E+02
  0.46449928E+00 -0.38297187E+02
  0.47459709E+00 -0.38297162E+02
  0.48469490E+00 -0.38297135E+02
  0.49479271E+00 -0.38297105E+02
  0.50489052E+00 -0.38297072E+02
  0.51498833E+00 -0.38297034E+02
  0.52508614E+00 -0.38296992E+02
  0.53518395E+00 -0.38296945E+02
  0.54528176E+00 -0.38296895E+02
  0.55537957E+00 -0.38296844E+02
  0.56547738E+00 -0.38296794E+02
  0.57557519E+00 -0.38296746E+02
  0.58567301E+00 -0.38296701E+02
  0.59577082E+00 -0.38296662E+02
  0.60586863E+00 -0.38296627E+02
  0.61596644E+00 -0.38296598E+02
  0.62606425E+00 -0.38296573E+02
  0.63616206E+00 -0.38296552E+02
  0.64625987E+00 -0.38296534E+02
  0.65635768E+00 -0.38296518E+02
  0.66645549E+00 -0.38296503E+02
  0.67655330E+00 -0.38296487E+02
  0.68665111E+00 -0.38296468E+02
  0.69674892E+00 -0.38296446E+02
  0.70684673E+00 -0.38296419E+02
  0.71694454E+00 -0.38296389E+02
  0.72704235E+00 -0.38296355E+02
  0.73714016E+00 -0.38296319E+02
  0.74723797E+00 -0.38296283E+02
  0.75733578E+00 -0.38296250E+02
  0.76743359E+00 -0.38296219E+02
  0.77753140E+00 -0.38296193E+02
  0.78762921E+00 -0.38296170E+02
  0.79772702E+00 -0.38296149E+02
  0.80782483E+00 -0.38296128E+02
  0.81792265E+00 -0.38296109E+02
  0.82802046E+00 -0.38296092E+02
  0.83811827E+00 -0.38296078E+02
  0.84821608E+00 -0.38296068E+02
  0.85831389E+00 -0.38296060E+02
  0.86841170E+00 -0.38296053E+02
  0.87850951E+00 -0.38296044E+02
  0.88860732E+00 -0.38296033E+02
  0.89870513E+00 -0.38296019E+02
  0.90880294E+00 -0.38296004E+02
  0.91890075E+00 -0.38295990E+02
  0.92899856E+00 -0.38295980E+02
  0.93909637E+00 -0.38295976E+02
  0.94919418E+00 -0.38295974E+02
  0.95929199E+00 -0.38295971E+02
  0.96938980E+00 -0.38295966E+02
  0.97948761E+00 -0.38295959E+02
  0.98958542E+00 -0.38295949E+02
  0.99968323E+00 -0.38295937E+02
  0.10097810E+01 -0.38295925E+02
  0.10198328E+01 -0.38295931E+02
  0.10298846E+01 -0.38295937E+02
  0.10399364E+01 -0.38295942E+02
  0.10499882E+01 -0.38295946E+02
  0.10600399E+01 -0.38295949E+02
  0.10700917E+01 -0.38295953E+02
  0.10801435E+01 -0.38295957E+02
  0.10901953E+01 -0.38295963E+02
  0.11002471E+01 -0.38295971E+02
  0.11102988E+01 -0.38295983E+02
  0.11203506E+01 -0.38295997E+02
  0.11304024E+01 -0.38296013E+02
  0.11404542E+01 -0.38296029E+02
  0.11505060E+01 -0.38296044E+02
  0.11605577E+01 -0.38296057E+02
  0.11706095E+01 -0.38296069E+02
  0.11806613E+01 -0.38296080E+02
  0.11907131E+01 -0.38296090E+02
  0.12007648E+01 -0.38296099E+02
  0.12108166E+01 -0.38296109E+02
  0.12208684E+01 -0.38296119E+02
  0.12309202E+01 -0.38296131E+02
  0.12409720E+01 -0.38296143E+02
  0.12510237E+01 -0.38296157E+02
  0.12610755E+01 -0.38296173E+02
  0.12711273E+01 -0.38296190E+02
  0.12811791E+01 -0.38296209E+02
  0.12912309E+01 -0.38296229E+02
  0.13012826E+01 -0.38296249E+02
  0.13113344E+01 -0.38296270E+02
  0.13213862E+01 -0.38296290E+02
  0.13314380E+01 -0.38296309E+02
  0.13414898E+01 -0.38296327E+02
  0.13515415E+01 -0.38296344E+02
  0.13615933E+01 -0.38296360E+02
  0.13716451E+01 -0.38296375E+02
  0.13816969E+01 -0.38296390E+02
  0.13917486E+01 -0.38296404E+02
  0.14018004E+01 -0.38296418E+02
  0.14118522E+01 -0.38296432E+02
  0.14219040E+01 -0.38296447E+02
  0.14319558E+01 -0.38296462E+02
  0.14420075E+01 -0.38296479E+02
  0.14520593E+01 -0.38296497E+02
  0.14621111E+01 -0.38296515E+02
  0.14721629E+01 -0.38296533E+02
  0.14822147E+01 -0.38296552E+02
  0.14922664E+01 -0.38296572E+02
  0.15023182E+01 -0.38296591E+02
  0.15123700E+01 -0.38296611E+02
  0.15224218E+01 -0.38296631E+02
  0.15324736E+01 -0.38296651E+02
  0.15425253E+01 -0.38296672E+02
  0.15525771E+01 -0.38296692E+02
  0.15626289E+01 -0.38296713E+02
  0.15726807E+01 -0.38296732E+02
  0.15827325E+01 -0.38296750E+02
  0.15927842E+01 -0.38296766E+02
  0.16028360E+01 -0.38296781E+02
  0.16128878E+01 -0.38296794E+02
  0.16229396E+01 -0.38296806E+02
  0.16329913E+01 -0.38296817E+02
  0.16430431E+01 -0.38296827E+02
  0.16530949E+01 -0.38296837E+02
  0.16631467E+01 -0.38296845E+02
  0.16731985E+01 -0.38296854E+02
  0.16832502E+01 -0.38296861E+02
  0.16933020E+01 -0.38296867E+02
  0.17033538E+01 -0.38296873E+02
  0.17134056E+01 -0.38296880E+02
  0.17234574E+01 -0.38296886E+02
  0.17335091E+01 -0.38296893E+02
  0.17435609E+01 -0.38296901E+02
  0.17536127E+01 -0.38296907E+02
  0.17636645E+01 -0.38296912E+02
  0.17737163E+01 -0.38296915E+02
  0.17837680E+01 -0.38296916E+02
  0.17938198E+01 -0.38296914E+02
  0.18038716E+01 -0.38296909E+02
  0.18139234E+01 -0.38296904E+02
  0.18239751E+01 -0.38296897E+02
  0.18340269E+01 -0.38296889E+02
  0.18440787E+01 -0.38296882E+02
  0.18541305E+01 -0.38296875E+02
  0.18641823E+01 -0.38296869E+02
  0.18742340E+01 -0.38296863E+02
  0.18842858E+01 -0.38296859E+02
  0.18943836E+01 -0.38296920E+02
  0.19044814E+01 -0.38296982E+02
  0.19145793E+01 -0.38297044E+02
  0.19246771E+01 -0.38297105E+02
  0.19347749E+01 -0.38297166E+02
  0.19448727E+01 -0.38297226E+02
  0.19549705E+01 -0.38297285E+02
  0.19650683E+01 -0.38297342E+02
  0.19751661E+01 -0.38297397E+02
  0.19852639E+01 -0.38297450E+02
  0.19953617E+01 -0.38297501E+02
  0.20054595E+01 -0.38297551E+02
  0.20155574E+01 -0.38297600E+02
  0.20256552E+01 -0.38297649E+02
  0.20357530E+01 -0.38297698E+02
  0.20458508E+01 -0.38297747E+02
  0.20559486E+01 -0.38297798E+02
  0.20660464E+01 -0.38297851E+02
  0.20761442E+01 -0.38297906E+02
  0.20862420E+01 -0.38297964E+02
  0.20963398E+01 -0.38298022E+02
  0.21064377E+01 -0.38298082E+02
  0.21165355E+01 -0.38298142E+02
  0.21266333E+01 -0.38298201E+02
  0.21367311E+01 -0.38298258E+02
  0.21468289E+01 -0.38298311E+02
  0.21569267E+01 -0.38298359E+02
  0.21670245E+01 -0.38298402E+02
  0.21771223E+01 -0.38298438E+02
  0.21872201E+01 -0.38298468E+02
  0.21973179E+01 -0.38298493E+02
  0.22074158E+01 -0.38298511E+02
  0.22175136E+01 -0.38298526E+02
  0.22276114E+01 -0.38298537E+02
  0.22377092E+01 -0.38298547E+02
  0.22478070E+01 -0.38298556E+02
  0.22579048E+01 -0.38298565E+02
  0.22680026E+01 -0.38298577E+02
  0.22781004E+01 -0.38298591E+02
  0.22881982E+01 -0.38298607E+02
  0.22982961E+01 -0.38298626E+02
  0.23083939E+01 -0.38298647E+02
  0.23184917E+01 -0.38298668E+02
  0.23285895E+01 -0.38298690E+02
  0.23386873E+01 -0.38298710E+02
  0.23487851E+01 -0.38298728E+02
  0.23588829E+01 -0.38298743E+02
  0.23689807E+01 -0.38298753E+02
  0.23790785E+01 -0.38298759E+02
  0.23891763E+01 -0.38298761E+02
  0.23992742E+01 -0.38298755E+02
  0.24093720E+01 -0.38298745E+02
  0.24194698E+01 -0.38298731E+02
  0.24295676E+01 -0.38298716E+02
  0.24396654E+01 -0.38298700E+02
  0.24497632E+01 -0.38298684E+02
  0.24598610E+01 -0.38298669E+02
  0.24699588E+01 -0.38298657E+02
  0.24800566E+01 -0.38298646E+02
  0.24901545E+01 -0.38298636E+02
  0.25002523E+01 -0.38298628E+02
  0.25103501E+01 -0.38298618E+02
  0.25204479E+01 -0.38298608E+02
  0.25305457E+01 -0.38298594E+02
  0.25406435E+01 -0.38298577E+02
  0.25507413E+01 -0.38298555E+02
  0.25608391E+01 -0.38298527E+02
  0.25709369E+01 -0.38298494E+02
  0.25810347E+01 -0.38298455E+02
  0.25911326E+01 -0.38298412E+02
  0.26012304E+01 -0.38298366E+02
  0.26113282E+01 -0.38298317E+02
  0.26214260E+01 -0.38298266E+02
  0.26315238E+01 -0.38298215E+02
  0.26416216E+01 -0.38298164E+02
  0.26517194E+01 -0.38298113E+02
  0.26618172E+01 -0.38298062E+02
  0.26719150E+01 -0.38298012E+02
  0.26820129E+01 -0.38297963E+02
  0.26921107E+01 -0.38297912E+02
  0.27022085E+01 -0.38297861E+02
  0.27123063E+01 -0.38297809E+02
  0.27224041E+01 -0.38297756E+02
  0.27325019E+01 -0.38297700E+02
  0.27425997E+01 -0.38297644E+02
  0.27526975E+01 -0.38297588E+02
  0.27627953E+01 -0.38297533E+02
  0.27728931E+01 -0.38297479E+02
  0.27829910E+01 -0.38297429E+02
  0.27930888E+01 -0.38297382E+02
  0.28031866E+01 -0.38297340E+02
  0.28132844E+01 -0.38297303E+02
  0.28233822E+01 -0.38297269E+02
  0.28334800E+01 -0.38297240E+02
  0.28435778E+01 -0.38297213E+02
  0.28536756E+01 -0.38297187E+02
  0.28637734E+01 -0.38297162E+02
  0.28738712E+01 -0.38297135E+02
  0.28839691E+01 -0.38297105E+02
  0.28940669E+01 -0.38297072E+02
  0.29041647E+01 -0.38297034E+02
  0.29142625E+01 -0.38296992E+02
  0.29243603E+01 -0.38296945E+02
  0.29344581E+01 -0.38296895E+02
  0.29445559E+01 -0.38296844E+02
  0.29546537E+01 -0.38296794E+02
  0.29647515E+01 -0.38296746E+02
  0.29748494E+01 -0.38296701E+02
  0.29849472E+01 -0.38296662E+02
  0.29950450E+01 -0.38296627E+02
  0.30051428E+01 -0.38296598E+02
  0.30152406E+01 -0.38296573E+02
  0.30253384E+01 -0.38296552E+02
  0.30354362E+01 -0.38296534E+02
  0.30455340E+01 -0.38296518E+02
  0.30556318E+01 -0.38296503E+02
  0.30657296E+01 -0.38296487E+02
  0.30758275E+01 -0.38296468E+02
  0.30859253E+01 -0.38296446E+02
  0.30960231E+01 -0.38296419E+02
  0.31061209E+01 -0.38296389E+02
  0.31162187E+01 -0.38296355E+02
  0.31263165E+01 -0.38296319E+02
  0.31364143E+01 -0.38296283E+02
  0.31465121E+01 -0.38296250E+02
  0.31566099E+01 -0.38296219E+02
  0.31667078E+01 -0.38296193E+02
  0.31768056E+01 -0.38296170E+02
  0.31869034E+01 -0.38296149E+02
  0.31970012E+01 -0.38296128E+02
  0.32070990E+01 -0.38296109E+02
  0.32171968E+01 -0.38296092E+02
  0.32272946E+01 -0.38296078E+02
  0.32373924E+01 -0.38296068E+02
  0.32474902E+01 -0.38296060E+02
  0.32575880E+01 -0.38296053E+02
  0.32676859E+01 -0.38296044E+02
  0.32777837E+01 -0.38296033E+02
  0.32878815E+01 -0.38296019E+02
  0.32979793E+01 -0.38296004E+02
  0.33080771E+01 -0.38295990E+02
  0.33181749E+01 -0.38295980E+02
  0.33282727E+01 -0.38295976E+02
  0.33383705E+01 -0.38295974E+02
  0.33484683E+01 -0.38295971E+02
  0.33585662E+01 -0.38295966E+02
  0.33686640E+01 -0.38295959E+02
  0.33787618E+01 -0.38295949E+02
  0.33888596E+01 -0.38295937E+02
  0.33989574E+01 -0.38295925E+02
  
  0.00000000E+00 -0.38295439E+02
  0.10097810E-01 -0.38295444E+02
  0.20195621E-01 -0.38295452E+02
  0.30293431E-01 -0.38295463E+02
  0.40391242E-01 -0.38295476E+02
  0.50489052E-01 -0.38295488E+02
  0.60586863E-01 -0.38295500E+02
  0.70684673E-01 -0.38295510E+02
  0.80782483E-01 -0.38295517E+02
  0.90880294E-01 -0.38295521E+02
  0.10097810E+00 -0.38295524E+02
  0.11107591E+00 -0.38295524E+02
  0.12117373E+00 -0.38295523E+02
  0.13127154E+00 -0.38295521E+02
  0.14136935E+00 -0.38295520E+02
  0.15146716E+00 -0.38295521E+02
  0.16156497E+00 -0.38295524E+02
  0.17166278E+00 -0.38295530E+02
  0.18176059E+00 -0.38295538E+02
  0.19185840E+00 -0.38295548E+02
  0.20195621E+00 -0.38295560E+02
  0.21205402E+00 -0.38295574E+02
  0.22215183E+00 -0.38295588E+02
  0.23224964E+00 -0.38295602E+02
  0.24234745E+00 -0.38295616E+02
  0.25244526E+00 -0.38295628E+02
  0.26254307E+00 -0.38295641E+02
  0.27264088E+00 -0.38295653E+02
  0.28273869E+00 -0.38295665E+02
  0.29283650E+00 -0.38295679E+02
  0.30293431E+00 -0.38295693E+02
  0.31303212E+00 -0.38295710E+02
  0.32312993E+00 -0.38295730E+02
  0.33322774E+00 -0.38295752E+02
  0.34332555E+00 -0.38295777E+02
  0.35342337E+00 -0.38295803E+02
  0.36352118E+00 -0.38295831E+02
  0.37361899E+00 -0.38295858E+02
  0.38371680E+00 -0.38295885E+02
  0.39381461E+00 -0.38295908E+02
  0.40391242E+00 -0.38295928E+02
  0.41401023E+00 -0.38295943E+02
  0.42410804E+00 -0.38295954E+02
  0.43420585E+00 -0.38295961E+02
  0.44430366E+00 -0.38295964E+02
  0.45440147E+00 -0.38295965E+02
  0.46449928E+00 -0.38295964E+02
  0.47459709E+00 -0.38295963E+02
  0.48469490E+00 -0.38295963E+02
  0.49479271E+00 -0.38295965E+02
  0.50489052E+00 -0.38295971E+02
  0.51498833E+00 -0.38295981E+02
  0.52508614E+00 -0.38295996E+02
  0.53518395E+00 -0.38296013E+02
  0.54528176E+00 -0.38296033E+02
  0.55537957E+00 -0.38296055E+02
  0.56547738E+00 -0.38296075E+02
  0.57557519E+00 -0.38296092E+02
  0.58567301E+00 -0.38296105E+02
  0.59577082E+00 -0.38296114E+02
  0.60586863E+00 -0.38296116E+02
  0.61596644E+00 -0.38296114E+02
  0.62606425E+00 -0.38296107E+02
  0.63616206E+00 -0.38296096E+02
  0.64625987E+00 -0.38296082E+02
  0.65635768E+00 -0.38296066E+02
  0.66645549E+00 -0.38296049E+02
  0.67655330E+00 -0.38296032E+02
  0.68665111E+00 -0.38296019E+02
  0.69674892E+00 -0.38296008E+02
  0.70684673E+00 -0.38296002E+02
  0.71694454E+00 -0.38296000E+02
  0.72704235E+00 -0.38296002E+02
  0.73714016E+00 -0.38296006E+02
  0.74723797E+00 -0.38296010E+02
  0.75733578E+00 -0.38296013E+02
  0.76743359E+00 -0.38296014E+02
  0.77753140E+00 -0.38296012E+02
  0.78762921E+00 -0.38296008E+02
  0.79772702E+00 -0.38296003E+02
  0.80782483E+00 -0.38295998E+02
  0.81792265E+00 -0.38295994E+02
  0.82802046E+00 -0.38295989E+02
  0.83811827E+00 -0.38295981E+02
  0.84821608E+00 -0.38295971E+02
  0.85831389E+00 -0.38295960E+02
  0.86841170E+00 -0.38295949E+02
  0.87850951E+00 -0.38295940E+02
  0.88860732E+00 -0.38295934E+02
  0.89870513E+00 -0.38295932E+02
  0.90880294E+00 -0.38295931E+02
  0.91890075E+00 -0.38295931E+02
  0.92899856E+00 -0.38295927E+02
  0.93909637E+00 -0.38295919E+02
  0.94919418E+00 -0.38295909E+02
  0.95929199E+00 -0.38295902E+02
  0.96938980E+00 -0.38295898E+02
  0.97948761E+00 -0.38295899E+02
  0.98958542E+00 -0.38295904E+02
  0.99968323E+00 -0.38295913E+02
  0.10097810E+01 -0.38295924E+02
  0.10198328E+01 -0.38295918E+02
  0.10298846E+01 -0.38295912E+02
  0.10399364E+01 -0.38295907E+02
  0.10499882E+01 -0.38295904E+02
  0.10600399E+01 -0.38295904E+02
  0.10700917E+01 -0.38295907E+02
  0.10801435E+01 -0.38295912E+02
  0.10901953E+01 -0.38295920E+02
  0.11002471E+01 -0.38295928E+02
  0.11102988E+01 -0.38295937E+02
  0.11203506E+01 -0.38295946E+02
  0.11304024E+01 -0.38295955E+02
  0.11404542E+01 -0.38295965E+02
  0.11505060E+01 -0.38295975E+02
  0.11605577E+01 -0.38295984E+02
  0.11706095E+01 -0.38295993E+02
  0.11806613E+01 -0.38296001E+02
  0.11907131E+01 -0.38296007E+02
  0.12007648E+01 -0.38296013E+02
  0.12108166E+01 -0.38296017E+02
  0.12208684E+01 -0.38296022E+02
  0.12309202E+01 -0.38296027E+02
  0.12409720E+01 -0.38296034E+02
  0.12510237E+01 -0.38296042E+02
  0.12610755E+01 -0.38296053E+02
  0.12711273E+01 -0.38296067E+02
  0.12811791E+01 -0.38296082E+02
  0.12912309E+01 -0.38296099E+02
  0.13012826E+01 -0.38296118E+02
  0.13113344E+01 -0.38296137E+02
  0.13213862E+01 -0.38296156E+02
  0.13314380E+01 -0.38296174E+02
  0.13414898E+01 -0.38296191E+02
  0.13515415E+01 -0.38296207E+02
  0.13615933E+01 -0.38296221E+02
  0.13716451E+01 -0.38296233E+02
  0.13816969E+01 -0.38296244E+02
  0.13917486E+01 -0.38296255E+02
  0.14018004E+01 -0.38296265E+02
  0.14118522E+01 -0.38296276E+02
  0.14219040E+01 -0.38296288E+02
  0.14319558E+01 -0.38296300E+02
  0.14420075E+01 -0.38296314E+02
  0.14520593E+01 -0.38296329E+02
  0.14621111E+01 -0.38296345E+02
  0.14721629E+01 -0.38296363E+02
  0.14822147E+01 -0.38296381E+02
  0.14922664E+01 -0.38296400E+02
  0.15023182E+01 -0.38296419E+02
  0.15123700E+01 -0.38296438E+02
  0.15224218E+01 -0.38296457E+02
  0.15324736E+01 -0.38296475E+02
  0.15425253E+01 -0.38296492E+02
  0.15525771E+01 -0.38296510E+02
  0.15626289E+01 -0.38296527E+02
  0.15726807E+01 -0.38296544E+02
  0.15827325E+01 -0.38296563E+02
  0.15927842E+01 -0.38296581E+02
  0.16028360E+01 -0.38296600E+02
  0.16128878E+01 -0.38296619E+02
  0.16229396E+01 -0.38296637E+02
  0.16329913E+01 -0.38296654E+02
  0.16430431E+01 -0.38296669E+02
  0.16530949E+01 -0.38296683E+02
  0.16631467E+01 -0.38296695E+02
  0.16731985E+01 -0.38296707E+02
  0.16832502E+01 -0.38296719E+02
  0.16933020E+01 -0.38296731E+02
  0.17033538E+01 -0.38296742E+02
  0.17134056E+01 -0.38296753E+02
  0.17234574E+01 -0.38296764E+02
  0.17335091E+01 -0.38296774E+02
  0.17435609E+01 -0.38296783E+02
  0.17536127E+01 -0.38296792E+02
  0.17636645E+01 -0.38296801E+02
  0.17737163E+01 -0.38296810E+02
  0.17837680E+01 -0.38296818E+02
  0.17938198E+01 -0.38296826E+02
  0.18038716E+01 -0.38296833E+02
  0.18139234E+01 -0.38296839E+02
  0.18239751E+01 -0.38296844E+02
  0.18340269E+01 -0.38296847E+02
  0.18440787E+01 -0.38296849E+02
  0.18541305E+01 -0.38296850E+02
  0.18641823E+01 -0.38296852E+02
  0.18742340E+01 -0.38296855E+02
  0.18842858E+01 -0.38296858E+02
  0.18943836E+01 -0.38296798E+02
  0.19044814E+01 -0.38296739E+02
  0.19145793E+01 -0.38296682E+02
  0.19246771E+01 -0.38296627E+02
  0.19347749E+01 -0.38296574E+02
  0.19448727E+01 -0.38296524E+02
  0.19549705E+01 -0.38296475E+02
  0.19650683E+01 -0.38296430E+02
  0.19751661E+01 -0.38296387E+02
  0.19852639E+01 -0.38296347E+02
  0.19953617E+01 -0.38296310E+02
  0.20054595E+01 -0.38296274E+02
  0.20155574E+01 -0.38296242E+02
  0.20256552E+01 -0.38296210E+02
  0.20357530E+01 -0.38296180E+02
  0.20458508E+01 -0.38296151E+02
  0.20559486E+01 -0.38296121E+02
  0.20660464E+01 -0.38296091E+02
  0.20761442E+01 -0.38296059E+02
  0.20862420E+01 -0.38296026E+02
  0.20963398E+01 -0.38295991E+02
  0.21064377E+01 -0.38295954E+02
  0.21165355E+01 -0.38295915E+02
  0.21266333E+01 -0.38295876E+02
  0.21367311E+01 -0.38295837E+02
  0.21468289E+01 -0.38295798E+02
  0.21569267E+01 -0.38295761E+02
  0.21670245E+01 -0.38295726E+02
  0.21771223E+01 -0.38295695E+02
  0.21872201E+01 -0.38295667E+02
  0.21973179E+01 -0.38295644E+02
  0.22074158E+01 -0.38295624E+02
  0.22175136E+01 -0.38295608E+02
  0.22276114E+01 -0.38295595E+02
  0.22377092E+01 -0.38295585E+02
  0.22478070E+01 -0.38295577E+02
  0.22579048E+01 -0.38295569E+02
  0.22680026E+01 -0.38295562E+02
  0.22781004E+01 -0.38295554E+02
  0.22881982E+01 -0.38295546E+02
  0.22982961E+01 -0.38295536E+02
  0.23083939E+01 -0.38295524E+02
  0.23184917E+01 -0.38295512E+02
  0.23285895E+01 -0.38295499E+02
  0.23386873E+01 -0.38295486E+02
  0.23487851E+01 -0.38295473E+02
  0.23588829E+01 -0.38295462E+02
  0.23689807E+01 -0.38295452E+02
  0.23790785E+01 -0.38295444E+02
  0.23891763E+01 -0.38295439E+02
  0.23992742E+01 -0.38295444E+02
  0.24093720E+01 -0.38295452E+02
  0.24194698E+01 -0.38295463E+02
  0.24295676E+01 -0.38295476E+02
  0.24396654E+01 -0.38295488E+02
  0.24497632E+01 -0.38295500E+02
  0.24598610E+01 -0.38295510E+02
  0.24699588E+01 -0.38295517E+02
  0.24800566E+01 -0.38295521E+02
  0.24901545E+01 -0.38295524E+02
  0.25002523E+01 -0.38295524E+02
  0.25103501E+01 -0.38295523E+02
  0.25204479E+01 -0.38295521E+02
  0.25305457E+01 -0.38295520E+02
  0.25406435E+01 -0.38295521E+02
  0.25507413E+01 -0.38295524E+02
  0.25608391E+01 -0.38295530E+02
  0.25709369E+01 -0.38295538E+02
  0.25810347E+01 -0.38295548E+02
  0.25911326E+01 -0.38295560E+02
  0.26012304E+01 -0.38295574E+02
  0.26113282E+01 -0.38295588E+02
  0.26214260E+01 -0.38295602E+02
  0.26315238E+01 -0.38295616E+02
  0.26416216E+01 -0.38295628E+02
  0.26517194E+01 -0.38295641E+02
  0.26618172E+01 -0.38295653E+02
  0.26719150E+01 -0.38295665E+02
  0.26820129E+01 -0.38295679E+02
  0.26921107E+01 -0.38295693E+02
  0.27022085E+01 -0.38295710E+02
  0.27123063E+01 -0.38295730E+02
  0.27224041E+01 -0.38295752E+02
  0.27325019E+01 -0.38295777E+02
  0.27425997E+01 -0.38295803E+02
  0.27526975E+01 -0.38295831E+02
  0.27627953E+01 -0.38295858E+02
  0.27728931E+01 -0.38295885E+02
  0.27829910E+01 -0.38295908E+02
  0.27930888E+01 -0.38295928E+02
  0.28031866E+01 -0.38295943E+02
  0.28132844E+01 -0.38295954E+02
  0.28233822E+01 -0.38295961E+02
  0.28334800E+01 -0.38295964E+02
  0.28435778E+01 -0.38295965E+02
  0.28536756E+01 -0.38295964E+02
  0.28637734E+01 -0.38295963E+02
  0.28738712E+01 -0.38295963E+02
  0.28839691E+01 -0.38295965E+02
  0.28940669E+01 -0.38295971E+02
  0.29041647E+01 -0.38295981E+02
  0.29142625E+01 -0.38295996E+02
  0.29243603E+01 -0.38296013E+02
  0.29344581E+01 -0.38296033E+02
  0.29445559E+01 -0.38296055E+02
  0.29546537E+01 -0.38296075E+02
  0.29647515E+01 -0.38296092E+02
  0.29748494E+01 -0.38296105E+02
  0.29849472E+01 -0.38296114E+02
  0.29950450E+01 -0.38296116E+02
  0.30051428E+01 -0.38296114E+02
  0.30152406E+01 -0.38296107E+02
  0.30253384E+01 -0.38296096E+02
  0.30354362E+01 -0.38296082E+02
  0.30455340E+01 -0.38296066E+02
  0.30556318E+01 -0.38296049E+02
  0.30657296E+01 -0.38296032E+02
  0.30758275E+01 -0.38296019E+02
  0.30859253E+01 -0.38296008E+02
  0.30960231E+01 -0.38296002E+02
  0.31061209E+01 -0.38296000E+02
  0.31162187E+01 -0.38296002E+02
  0.31263165E+01 -0.38296006E+02
  0.31364143E+01 -0.38296010E+02
  0.31465121E+01 -0.38296013E+02
  0.31566099E+01 -0.38296014E+02
  0.31667078E+01 -0.38296012E+02
  0.31768056E+01 -0.38296008E+02
  0.31869034E+01 -0.38296003E+02
  0.31970012E+01 -0.38295998E+02
  0.32070990E+01 -0.38295994E+02
  0.32171968E+01 -0.38295989E+02
  0.32272946E+01 -0.38295981E+02
  0.32373924E+01 -0.38295971E+02
  0.32474902E+01 -0.38295960E+02
  0.32575880E+01 -0.38295949E+02
  0.32676859E+01 -0.38295940E+02
  0.32777837E+01 -0.38295934E+02
  0.32878815E+01 -0.38295932E+02
  0.32979793E+01 -0.38295931E+02
  0.33080771E+01 -0.38295931E+02
  0.33181749E+01 -0.38295927E+02
  0.33282727E+01 -0.38295919E+02
  0.33383705E+01 -0.38295909E+02
  0.33484683E+01 -0.38295902E+02
  0.33585662E+01 -0.38295898E+02
  0.33686640E+01 -0.38295899E+02
  0.33787618E+01 -0.38295904E+02
  0.33888596E+01 -0.38295913E+02
  0.33989574E+01 -0.38295924E+02
  
  0.00000000E+00 -0.38275538E+02
  0.10097810E-01 -0.38275542E+02
  0.20195621E-01 -0.38275544E+02
  0.30293431E-01 -0.38275542E+02
  0.40391242E-01 -0.38275538E+02
  0.50489052E-01 -0.38275532E+02
  0.60586863E-01 -0.38275523E+02
  0.70684673E-01 -0.38275512E+02
  0.80782483E-01 -0.38275500E+02
  0.90880294E-01 -0.38275487E+02
  0.10097810E+00 -0.38275474E+02
  0.11107591E+00 -0.38275460E+02
  0.12117373E+00 -0.38275447E+02
  0.13127154E+00 -0.38275435E+02
  0.14136935E+00 -0.38275423E+02
  0.15146716E+00 -0.38275412E+02
  0.16156497E+00 -0.38275401E+02
  0.17166278E+00 -0.38275390E+02
  0.18176059E+00 -0.38275379E+02
  0.19185840E+00 -0.38275368E+02
  0.20195621E+00 -0.38275356E+02
  0.21205402E+00 -0.38275343E+02
  0.22215183E+00 -0.38275330E+02
  0.23224964E+00 -0.38275315E+02
  0.24234745E+00 -0.38275298E+02
  0.25244526E+00 -0.38275281E+02
  0.26254307E+00 -0.38275263E+02
  0.27264088E+00 -0.38275244E+02
  0.28273869E+00 -0.38275225E+02
  0.29283650E+00 -0.38275205E+02
  0.30293431E+00 -0.38275186E+02
  0.31303212E+00 -0.38275168E+02
  0.32312993E+00 -0.38275150E+02
  0.33322774E+00 -0.38275134E+02
  0.34332555E+00 -0.38275119E+02
  0.35342337E+00 -0.38275105E+02
  0.36352118E+00 -0.38275092E+02
  0.37361899E+00 -0.38275081E+02
  0.38371680E+00 -0.38275071E+02
  0.39381461E+00 -0.38275062E+02
  0.40391242E+00 -0.38275054E+02
  0.41401023E+00 -0.38275046E+02
  0.42410804E+00 -0.38275039E+02
  0.43420585E+00 -0.38275031E+02
  0.44430366E+00 -0.38275023E+02
  0.45440147E+00 -0.38275014E+02
  0.46449928E+00 -0.38275006E+02
  0.47459709E+00 -0.38274998E+02
  0.48469490E+00 -0.38274990E+02
  0.49479271E+00 -0.38274982E+02
  0.50489052E+00 -0.38274976E+02
  0.51498833E+00 -0.38274970E+02
  0.52508614E+00 -0.38274965E+02
  0.53518395E+00 -0.38274961E+02
  0.54528176E+00 -0.38274958E+02
  0.55537957E+00 -0.38274956E+02
  0.56547738E+00 -0.38274954E+02
  0.57557519E+00 -0.38274954E+02
  0.58567301E+00 -0.38274953E+02
  0.59577082E+00 -0.38274953E+02
  0.60586863E+00 -0.38274953E+02
  0.61596644E+00 -0.38274953E+02
  0.62606425E+00 -0.38274953E+02
  0.63616206E+00 -0.38274953E+02
  0.64625987E+00 -0.38274953E+02
  0.65635768E+00 -0.38274955E+02
  0.66645549E+00 -0.38274958E+02
  0.67655330E+00 -0.38274964E+02
  0.68665111E+00 -0.38274971E+02
  0.69674892E+00 -0.38274980E+02
  0.70684673E+00 -0.38274990E+02
  0.71694454E+00 -0.38275001E+02
  0.72704235E+00 -0.38275013E+02
  0.73714016E+00 -0.38275024E+02
  0.74723797E+00 -0.38275035E+02
  0.75733578E+00 -0.38275047E+02
  0.76743359E+00 -0.38275057E+02
  0.77753140E+00 -0.38275067E+02
  0.78762921E+00 -0.38275075E+02
  0.79772702E+00 -0.38275081E+02
  0.80782483E+00 -0.38275085E+02
  0.81792265E+00 -0.38275087E+02
  0.82802046E+00 -0.38275088E+02
  0.83811827E+00 -0.38275090E+02
  0.84821608E+00 -0.38275098E+02
  0.85831389E+00 -0.38275112E+02
  0.86841170E+00 -0.38275128E+02
  0.87850951E+00 -0.38275144E+02
  0.88860732E+00 -0.38275157E+02
  0.89870513E+00 -0.38275168E+02
  0.90880294E+00 -0.38275178E+02
  0.91890075E+00 -0.38275185E+02
  0.92899856E+00 -0.38275191E+02
  0.93909637E+00 -0.38275195E+02
  0.94919418E+00 -0.38275197E+02
  0.95929199E+00 -0.38275199E+02
  0.96938980E+00 -0.38275198E+02
  0.97948761E+00 -0.38275196E+02
  0.98958542E+00 -0.38275191E+02
  0.99968323E+00 -0.38275184E+02
  0.10097810E+01 -0.38275176E+02
  0.10198328E+01 -0.38275179E+02
  0.10298846E+01 -0.38275181E+02
  0.10399364E+01 -0.38275181E+02
  0.10499882E+01 -0.38275180E+02
  0.10600399E+01 -0.38275177E+02
  0.10700917E+01 -0.38275172E+02
  0.10801435E+01 -0.38275166E+02
  0.10901953E+01 -0.38275158E+02
  0.11002471E+01 -0.38275148E+02
  0.11102988E+01 -0.38275138E+02
  0.11203506E+01 -0.38275132E+02
  0.11304024E+01 -0.38275127E+02
  0.11404542E+01 -0.38275120E+02
  0.11505060E+01 -0.38275113E+02
  0.11605577E+01 -0.38275104E+02
  0.11706095E+01 -0.38275093E+02
  0.11806613E+01 -0.38275081E+02
  0.11907131E+01 -0.38275068E+02
  0.12007648E+01 -0.38275055E+02
  0.12108166E+01 -0.38275041E+02
  0.12208684E+01 -0.38275027E+02
  0.12309202E+01 -0.38275014E+02
  0.12409720E+01 -0.38275001E+02
  0.12510237E+01 -0.38274987E+02
  0.12610755E+01 -0.38274972E+02
  0.12711273E+01 -0.38274956E+02
  0.12811791E+01 -0.38274938E+02
  0.12912309E+01 -0.38274920E+02
  0.13012826E+01 -0.38274901E+02
  0.13113344E+01 -0.38274881E+02
  0.13213862E+01 -0.38274861E+02
  0.13314380E+01 -0.38274841E+02
  0.13414898E+01 -0.38274819E+02
  0.13515415E+01 -0.38274797E+02
  0.13615933E+01 -0.38274773E+02
  0.13716451E+01 -0.38274749E+02
  0.13816969E+01 -0.38274724E+02
  0.13917486E+01 -0.38274698E+02
  0.14018004E+01 -0.38274672E+02
  0.14118522E+01 -0.38274647E+02
  0.14219040E+01 -0.38274622E+02
  0.14319558E+01 -0.38274600E+02
  0.14420075E+01 -0.38274581E+02
  0.14520593E+01 -0.38274563E+02
  0.14621111E+01 -0.38274544E+02
  0.14721629E+01 -0.38274526E+02
  0.14822147E+01 -0.38274508E+02
  0.14922664E+01 -0.38274490E+02
  0.15023182E+01 -0.38274470E+02
  0.15123700E+01 -0.38274449E+02
  0.15224218E+01 -0.38274428E+02
  0.15324736E+01 -0.38274414E+02
  0.15425253E+01 -0.38274401E+02
  0.15525771E+01 -0.38274388E+02
  0.15626289E+01 -0.38274373E+02
  0.15726807E+01 -0.38274357E+02
  0.15827325E+01 -0.38274339E+02
  0.15927842E+01 -0.38274318E+02
  0.16028360E+01 -0.38274296E+02
  0.16128878E+01 -0.38274273E+02
  0.16229396E+01 -0.38274250E+02
  0.16329913E+01 -0.38274232E+02
  0.16430431E+01 -0.38274220E+02
  0.16530949E+01 -0.38274211E+02
  0.16631467E+01 -0.38274201E+02
  0.16731985E+01 -0.38274190E+02
  0.16832502E+01 -0.38274176E+02
  0.16933020E+01 -0.38274160E+02
  0.17033538E+01 -0.38274142E+02
  0.17134056E+01 -0.38274124E+02
  0.17234574E+01 -0.38274108E+02
  0.17335091E+01 -0.38274096E+02
  0.17435609E+01 -0.38274086E+02
  0.17536127E+01 -0.38274076E+02
  0.17636645E+01 -0.38274066E+02
  0.17737163E+01 -0.38274056E+02
  0.17837680E+01 -0.38274044E+02
  0.17938198E+01 -0.38274033E+02
  0.18038716E+01 -0.38274023E+02
  0.18139234E+01 -0.38274014E+02
  0.18239751E+01 -0.38274007E+02
  0.18340269E+01 -0.38274003E+02
  0.18440787E+01 -0.38274002E+02
  0.18541305E+01 -0.38274002E+02
  0.18641823E+01 -0.38274002E+02
  0.18742340E+01 -0.38274001E+02
  0.18842858E+01 -0.38274000E+02
  0.18943836E+01 -0.38274043E+02
  0.19044814E+01 -0.38274086E+02
  0.19145793E+01 -0.38274129E+02
  0.19246771E+01 -0.38274175E+02
  0.19347749E+01 -0.38274224E+02
  0.19448727E+01 -0.38274277E+02
  0.19549705E+01 -0.38274334E+02
  0.19650683E+01 -0.38274394E+02
  0.19751661E+01 -0.38274457E+02
  0.19852639E+01 -0.38274519E+02
  0.19953617E+01 -0.38274580E+02
  0.20054595E+01 -0.38274637E+02
  0.20155574E+01 -0.38274689E+02
  0.20256552E+01 -0.38274736E+02
  0.20357530E+01 -0.38274777E+02
  0.20458508E+01 -0.38274813E+02
  0.20559486E+01 -0.38274846E+02
  0.20660464E+01 -0.38274878E+02
  0.20761442E+01 -0.38274909E+02
  0.20862420E+01 -0.38274942E+02
  0.20963398E+01 -0.38274978E+02
  0.21064377E+01 -0.38275016E+02
  0.21165355E+01 -0.38275058E+02
  0.21266333E+01 -0.38275102E+02
  0.21367311E+01 -0.38275149E+02
  0.21468289E+01 -0.38275197E+02
  0.21569267E+01 -0.38275244E+02
  0.21670245E+01 -0.38275288E+02
  0.21771223E+01 -0.38275327E+02
  0.21872201E+01 -0.38275361E+02
  0.21973179E+01 -0.38275387E+02
  0.22074158E+01 -0.38275405E+02
  0.22175136E+01 -0.38275416E+02
  0.22276114E+01 -0.38275422E+02
  0.22377092E+01 -0.38275423E+02
  0.22478070E+01 -0.38275421E+02
  0.22579048E+01 -0.38275419E+02
  0.22680026E+01 -0.38275418E+02
  0.22781004E+01 -0.38275420E+02
  0.22881982E+01 -0.38275425E+02
  0.22982961E+01 -0.38275435E+02
  0.23083939E+01 -0.38275448E+02
  0.23184917E+01 -0.38275464E+02
  0.23285895E+01 -0.38275481E+02
  0.23386873E+01 -0.38275500E+02
  0.23487851E+01 -0.38275516E+02
  0.23588829E+01 -0.38275530E+02
  0.23689807E+01 -0.38275538E+02
  0.23790785E+01 -0.38275541E+02
  0.23891763E+01 -0.38275538E+02
  0.23992742E+01 -0.38275542E+02
  0.24093720E+01 -0.38275544E+02
  0.24194698E+01 -0.38275542E+02
  0.24295676E+01 -0.38275538E+02
  0.24396654E+01 -0.38275532E+02
  0.24497632E+01 -0.38275523E+02
  0.24598610E+01 -0.38275512E+02
  0.24699588E+01 -0.38275500E+02
  0.24800566E+01 -0.38275487E+02
  0.24901545E+01 -0.38275474E+02
  0.25002523E+01 -0.38275460E+02
  0.25103501E+01 -0.38275447E+02
  0.25204479E+01 -0.38275435E+02
  0.25305457E+01 -0.38275423E+02
  0.25406435E+01 -0.38275412E+02
  0.25507413E+01 -0.38275401E+02
  0.25608391E+01 -0.38275390E+02
  0.25709369E+01 -0.38275379E+02
  0.25810347E+01 -0.38275368E+02
  0.25911326E+01 -0.38275356E+02
  0.26012304E+01 -0.38275343E+02
  0.26113282E+01 -0.38275330E+02
  0.26214260E+01 -0.38275315E+02
  0.26315238E+01 -0.38275298E+02
  0.26416216E+01 -0.38275281E+02
  0.26517194E+01 -0.38275263E+02
  0.26618172E+01 -0.38275244E+02
  0.26719150E+01 -0.38275225E+02
  0.26820129E+01 -0.38275205E+02
  0.26921107E+01 -0.38275186E+02
  0.27022085E+01 -0.38275168E+02
  0.27123063E+01 -0.38275150E+02
  0.27224041E+01 -0.38275134E+02
  0.27325019E+01 -0.38275119E+02
  0.27425997E+01 -0.38275105E+02
  0.27526975E+01 -0.38275092E+02
  0.27627953E+01 -0.38275081E+02
  0.27728931E+01 -0.38275071E+02
  0.27829910E+01 -0.38275062E+02
  0.27930888E+01 -0.38275054E+02
  0.28031866E+01 -0.38275046E+02
  0.28132844E+01 -0.38275039E+02
  0.28233822E+01 -0.38275031E+02
  0.28334800E+01 -0.38275023E+02
  0.28435778E+01 -0.38275014E+02
  0.28536756E+01 -0.38275006E+02
  0.28637734E+01 -0.38274998E+02
  0.28738712E+01 -0.38274990E+02
  0.28839691E+01 -0.38274982E+02
  0.28940669E+01 -0.38274976E+02
  0.29041647E+01 -0.38274970E+02
  0.29142625E+01 -0.38274965E+02
  0.29243603E+01 -0.38274961E+02
  0.29344581E+01 -0.38274958E+02
  0.29445559E+01 -0.38274956E+02
  0.29546537E+01 -0.38274954E+02
  0.29647515E+01 -0.38274954E+02
  0.29748494E+01 -0.38274953E+02
  0.29849472E+01 -0.38274953E+02
  0.29950450E+01 -0.38274953E+02
  0.30051428E+01 -0.38274953E+02
  0.30152406E+01 -0.38274953E+02
  0.30253384E+01 -0.38274953E+02
  0.30354362E+01 -0.38274953E+02
  0.30455340E+01 -0.38274955E+02
  0.30556318E+01 -0.38274958E+02
  0.30657296E+01 -0.38274964E+02
  0.30758275E+01 -0.38274971E+02
  0.30859253E+01 -0.38274980E+02
  0.30960231E+01 -0.38274990E+02
  0.31061209E+01 -0.38275001E+02
  0.31162187E+01 -0.38275013E+02
  0.31263165E+01 -0.38275024E+02
  0.31364143E+01 -0.38275035E+02
  0.31465121E+01 -0.38275047E+02
  0.31566099E+01 -0.38275057E+02
  0.31667078E+01 -0.38275067E+02
  0.31768056E+01 -0.38275075E+02
  0.31869034E+01 -0.38275081E+02
  0.31970012E+01 -0.38275085E+02
  0.32070990E+01 -0.38275087E+02
  0.32171968E+01 -0.38275088E+02
  0.32272946E+01 -0.38275090E+02
  0.32373924E+01 -0.38275098E+02
  0.32474902E+01 -0.38275112E+02
  0.32575880E+01 -0.38275128E+02
  0.32676859E+01 -0.38275144E+02
  0.32777837E+01 -0.38275157E+02
  0.32878815E+01 -0.38275168E+02
  0.32979793E+01 -0.38275178E+02
  0.33080771E+01 -0.38275185E+02
  0.33181749E+01 -0.38275191E+02
  0.33282727E+01 -0.38275195E+02
  0.33383705E+01 -0.38275197E+02
  0.33484683E+01 -0.38275199E+02
  0.33585662E+01 -0.38275198E+02
  0.33686640E+01 -0.38275196E+02
  0.33787618E+01 -0.38275191E+02
  0.33888596E+01 -0.38275184E+02
  0.33989574E+01 -0.38275176E+02
  
  0.00000000E+00 -0.38272246E+02
  0.10097810E-01 -0.38272245E+02
  0.20195621E-01 -0.38272248E+02
  0.30293431E-01 -0.38272255E+02
  0.40391242E-01 -0.38272264E+02
  0.50489052E-01 -0.38272277E+02
  0.60586863E-01 -0.38272292E+02
  0.70684673E-01 -0.38272309E+02
  0.80782483E-01 -0.38272327E+02
  0.90880294E-01 -0.38272347E+02
  0.10097810E+00 -0.38272368E+02
  0.11107591E+00 -0.38272388E+02
  0.12117373E+00 -0.38272409E+02
  0.13127154E+00 -0.38272431E+02
  0.14136935E+00 -0.38272452E+02
  0.15146716E+00 -0.38272474E+02
  0.16156497E+00 -0.38272496E+02
  0.17166278E+00 -0.38272519E+02
  0.18176059E+00 -0.38272543E+02
  0.19185840E+00 -0.38272570E+02
  0.20195621E+00 -0.38272598E+02
  0.21205402E+00 -0.38272628E+02
  0.22215183E+00 -0.38272661E+02
  0.23224964E+00 -0.38272697E+02
  0.24234745E+00 -0.38272735E+02
  0.25244526E+00 -0.38272775E+02
  0.26254307E+00 -0.38272818E+02
  0.27264088E+00 -0.38272863E+02
  0.28273869E+00 -0.38272910E+02
  0.29283650E+00 -0.38272958E+02
  0.30293431E+00 -0.38273006E+02
  0.31303212E+00 -0.38273055E+02
  0.32312993E+00 -0.38273104E+02
  0.33322774E+00 -0.38273152E+02
  0.34332555E+00 -0.38273199E+02
  0.35342337E+00 -0.38273246E+02
  0.36352118E+00 -0.38273292E+02
  0.37361899E+00 -0.38273337E+02
  0.38371680E+00 -0.38273381E+02
  0.39381461E+00 -0.38273425E+02
  0.40391242E+00 -0.38273469E+02
  0.41401023E+00 -0.38273513E+02
  0.42410804E+00 -0.38273558E+02
  0.43420585E+00 -0.38273604E+02
  0.44430366E+00 -0.38273651E+02
  0.45440147E+00 -0.38273700E+02
  0.46449928E+00 -0.38273748E+02
  0.47459709E+00 -0.38273798E+02
  0.48469490E+00 -0.38273847E+02
  0.49479271E+00 -0.38273896E+02
  0.50489052E+00 -0.38273944E+02
  0.51498833E+00 -0.38273991E+02
  0.52508614E+00 -0.38274037E+02
  0.53518395E+00 -0.38274082E+02
  0.54528176E+00 -0.38274125E+02
  0.55537957E+00 -0.38274167E+02
  0.56547738E+00 -0.38274207E+02
  0.57557519E+00 -0.38274246E+02
  0.58567301E+00 -0.38274284E+02
  0.59577082E+00 -0.38274322E+02
  0.60586863E+00 -0.38274359E+02
  0.61596644E+00 -0.38274396E+02
  0.62606425E+00 -0.38274433E+02
  0.63616206E+00 -0.38274470E+02
  0.64625987E+00 -0.38274507E+02
  0.65635768E+00 -0.38274543E+02
  0.66645549E+00 -0.38274578E+02
  0.67655330E+00 -0.38274612E+02
  0.68665111E+00 -0.38274645E+02
  0.69674892E+00 -0.38274677E+02
  0.70684673E+00 -0.38274708E+02
  0.71694454E+00 -0.38274738E+02
  0.72704235E+00 -0.38274768E+02
  0.73714016E+00 -0.38274797E+02
  0.74723797E+00 -0.38274826E+02
  0.75733578E+00 -0.38274853E+02
  0.76743359E+00 -0.38274880E+02
  0.77753140E+00 -0.38274906E+02
  0.78762921E+00 -0.38274931E+02
  0.79772702E+00 -0.38274955E+02
  0.80782483E+00 -0.38274979E+02
  0.81792265E+00 -0.38275003E+02
  0.82802046E+00 -0.38275025E+02
  0.83811827E+00 -0.38275045E+02
  0.84821608E+00 -0.38275056E+02
  0.85831389E+00 -0.38275061E+02
  0.86841170E+00 -0.38275061E+02
  0.87850951E+00 -0.38275062E+02
  0.88860732E+00 -0.38275064E+02
  0.89870513E+00 -0.38275068E+02
  0.90880294E+00 -0.38275074E+02
  0.91890075E+00 -0.38275082E+02
  0.92899856E+00 -0.38275091E+02
  0.93909637E+00 -0.38275101E+02
  0.94919418E+00 -0.38275112E+02
  0.95929199E+00 -0.38275123E+02
  0.96938980E+00 -0.38275134E+02
  0.97948761E+00 -0.38275145E+02
  0.98958542E+00 -0.38275156E+02
  0.99968323E+00 -0.38275167E+02
  0.10097810E+01 -0.38275176E+02
  0.10198328E+01 -0.38275173E+02
  0.10298846E+01 -0.38275169E+02
  0.10399364E+01 -0.38275164E+02
  0.10499882E+01 -0.38275160E+02
  0.10600399E+01 -0.38275156E+02
  0.10700917E+01 -0.38275152E+02
  0.10801435E+01 -0.38275148E+02
  0.10901953E+01 -0.38275144E+02
  0.11002471E+01 -0.38275140E+02
  0.11102988E+01 -0.38275135E+02
  0.11203506E+01 -0.38275125E+02
  0.11304024E+01 -0.38275112E+02
  0.11404542E+01 -0.38275100E+02
  0.11505060E+01 -0.38275088E+02
  0.11605577E+01 -0.38275076E+02
  0.11706095E+01 -0.38275065E+02
  0.11806613E+01 -0.38275054E+02
  0.11907131E+01 -0.38275044E+02
  0.12007648E+01 -0.38275033E+02
  0.12108166E+01 -0.38275022E+02
  0.12208684E+01 -0.38275009E+02
  0.12309202E+01 -0.38274994E+02
  0.12409720E+01 -0.38274979E+02
  0.12510237E+01 -0.38274962E+02
  0.12610755E+01 -0.38274946E+02
  0.12711273E+01 -0.38274928E+02
  0.12811791E+01 -0.38274911E+02
  0.12912309E+01 -0.38274893E+02
  0.13012826E+01 -0.38274874E+02
  0.13113344E+01 -0.38274854E+02
  0.13213862E+01 -0.38274833E+02
  0.13314380E+01 -0.38274812E+02
  0.13414898E+01 -0.38274790E+02
  0.13515415E+01 -0.38274768E+02
  0.13615933E+01 -0.38274746E+02
  0.13716451E+01 -0.38274725E+02
  0.13816969E+01 -0.38274703E+02
  0.13917486E+01 -0.38274682E+02
  0.14018004E+01 -0.38274661E+02
  0.14118522E+01 -0.38274641E+02
  0.14219040E+01 -0.38274620E+02
  0.14319558E+01 -0.38274597E+02
  0.14420075E+01 -0.38274573E+02
  0.14520593E+01 -0.38274550E+02
  0.14621111E+01 -0.38274528E+02
  0.14721629E+01 -0.38274507E+02
  0.14822147E+01 -0.38274487E+02
  0.14922664E+01 -0.38274470E+02
  0.15023182E+01 -0.38274454E+02
  0.15123700E+01 -0.38274439E+02
  0.15224218E+01 -0.38274425E+02
  0.15324736E+01 -0.38274403E+02
  0.15425253E+01 -0.38274379E+02
  0.15525771E+01 -0.38274355E+02
  0.15626289E+01 -0.38274332E+02
  0.15726807E+01 -0.38274309E+02
  0.15827325E+01 -0.38274289E+02
  0.15927842E+01 -0.38274271E+02
  0.16028360E+01 -0.38274255E+02
  0.16128878E+01 -0.38274242E+02
  0.16229396E+01 -0.38274230E+02
  0.16329913E+01 -0.38274215E+02
  0.16430431E+01 -0.38274194E+02
  0.16530949E+01 -0.38274174E+02
  0.16631467E+01 -0.38274155E+02
  0.16731985E+01 -0.38274138E+02
  0.16832502E+01 -0.38274124E+02
  0.16933020E+01 -0.38274113E+02
  0.17033538E+01 -0.38274102E+02
  0.17134056E+01 -0.38274092E+02
  0.17234574E+01 -0.38274079E+02
  0.17335091E+01 -0.38274062E+02
  0.17435609E+01 -0.38274043E+02
  0.17536127E+01 -0.38274024E+02
  0.17636645E+01 -0.38274009E+02
  0.17737163E+01 -0.38273997E+02
  0.17837680E+01 -0.38273989E+02
  0.17938198E+01 -0.38273984E+02
  0.18038716E+01 -0.38273983E+02
  0.18139234E+01 -0.38273984E+02
  0.18239751E+01 -0.38273987E+02
  0.18340269E+01 -0.38273989E+02
  0.18440787E+01 -0.38273991E+02
  0.18541305E+01 -0.38273993E+02
  0.18641823E+01 -0.38273995E+02
  0.18742340E+01 -0.38273997E+02
  0.18842858E+01 -0.38274000E+02
  0.18943836E+01 -0.38273956E+02
  0.19044814E+01 -0.38273911E+02
  0.19145793E+01 -0.38273863E+02
  0.19246771E+01 -0.38273812E+02
  0.19347749E+01 -0.38273758E+02
  0.19448727E+01 -0.38273699E+02
  0.19549705E+01 -0.38273636E+02
  0.19650683E+01 -0.38273570E+02
  0.19751661E+01 -0.38273502E+02
  0.19852639E+01 -0.38273435E+02
  0.19953617E+01 -0.38273371E+02
  0.20054595E+01 -0.38273312E+02
  0.20155574E+01 -0.38273260E+02
  0.20256552E+01 -0.38273213E+02
  0.20357530E+01 -0.38273173E+02
  0.20458508E+01 -0.38273139E+02
  0.20559486E+01 -0.38273108E+02
  0.20660464E+01 -0.38273079E+02
  0.20761442E+01 -0.38273050E+02
  0.20862420E+01 -0.38273019E+02
  0.20963398E+01 -0.38272986E+02
  0.21064377E+01 -0.38272949E+02
  0.21165355E+01 -0.38272908E+02
  0.21266333E+01 -0.38272864E+02
  0.21367311E+01 -0.38272817E+02
  0.21468289E+01 -0.38272768E+02
  0.21569267E+01 -0.38272719E+02
  0.21670245E+01 -0.38272672E+02
  0.21771223E+01 -0.38272628E+02
  0.21872201E+01 -0.38272589E+02
  0.21973179E+01 -0.38272556E+02
  0.22074158E+01 -0.38272529E+02
  0.22175136E+01 -0.38272508E+02
  0.22276114E+01 -0.38272492E+02
  0.22377092E+01 -0.38272479E+02
  0.22478070E+01 -0.38272468E+02
  0.22579048E+01 -0.38272457E+02
  0.22680026E+01 -0.38272445E+02
  0.22781004E+01 -0.38272430E+02
  0.22881982E+01 -0.38272413E+02
  0.22982961E+01 -0.38272392E+02
  0.23083939E+01 -0.38272369E+02
  0.23184917E+01 -0.38272345E+02
  0.23285895E+01 -0.38272319E+02
  0.23386873E+01 -0.38272295E+02
  0.23487851E+01 -0.38272274E+02
  0.23588829E+01 -0.38272258E+02
  0.23689807E+01 -0.38272247E+02
  0.23790785E+01 -0.38272243E+02
  0.23891763E+01 -0.38272246E+02
  0.23992742E+01 -0.38272245E+02
  0.24093720E+01 -0.38272248E+02
  0.24194698E+01 -0.38272255E+02
  0.24295676E+01 -0.38272264E+02
  0.24396654E+01 -0.38272277E+02
  0.24497632E+01 -0.38272292E+02
  0.24598610E+01 -0.38272309E+02
  0.24699588E+01 -0.38272327E+02
  0.24800566E+01 -0.38272347E+02
  0.24901545E+01 -0.38272368E+02
  0.25002523E+01 -0.38272388E+02
  0.25103501E+01 -0.38272409E+02
  0.25204479E+01 -0.38272431E+02
  0.25305457E+01 -0.38272452E+02
  0.25406435E+01 -0.38272474E+02
  0.25507413E+01 -0.38272496E+02
  0.25608391E+01 -0.38272519E+02
  0.25709369E+01 -0.38272543E+02
  0.25810347E+01 -0.38272570E+02
  0.25911326E+01 -0.38272598E+02
  0.26012304E+01 -0.38272628E+02
  0.26113282E+01 -0.38272661E+02
  0.26214260E+01 -0.38272697E+02
  0.26315238E+01 -0.38272735E+02
  0.26416216E+01 -0.38272775E+02
  0.26517194E+01 -0.38272818E+02
  0.26618172E+01 -0.38272863E+02
  0.26719150E+01 -0.38272910E+02
  0.26820129E+01 -0.38272958E+02
  0.26921107E+01 -0.38273006E+02
  0.27022085E+01 -0.38273055E+02
  0.27123063E+01 -0.38273104E+02
  0.27224041E+01 -0.38273152E+02
  0.27325019E+01 -0.38273199E+02
  0.27425997E+01 -0.38273246E+02
  0.27526975E+01 -0.38273292E+02
  0.27627953E+01 -0.38273337E+02
  0.27728931E+01 -0.38273381E+02
  0.27829910E+01 -0.38273425E+02
  0.27930888E+01 -0.38273469E+02
  0.28031866E+01 -0.38273513E+02
  0.28132844E+01 -0.38273558E+02
  0.28233822E+01 -0.38273604E+02
  0.28334800E+01 -0.38273651E+02
  0.28435778E+01 -0.38273700E+02
  0.28536756E+01 -0.38273748E+02
  0.28637734E+01 -0.38273798E+02
  0.28738712E+01 -0.38273847E+02
  0.28839691E+01 -0.38273896E+02
  0.28940669E+01 -0.38273944E+02
  0.29041647E+01 -0.38273991E+02
  0.29142625E+01 -0.38274037E+02
  0.29243603E+01 -0.38274082E+02
  0.29344581E+01 -0.38274125E+02
  0.29445559E+01 -0.38274167E+02
  0.29546537E+01 -0.38274207E+02
  0.29647515E+01 -0.38274246E+02
  0.29748494E+01 -0.38274284E+02
  0.29849472E+01 -0.38274322E+02
  0.29950450E+01 -0.38274359E+02
  0.30051428E+01 -0.38274396E+02
  0.30152406E+01 -0.38274433E+02
  0.30253384E+01 -0.38274470E+02
  0.30354362E+01 -0.38274507E+02
  0.30455340E+01 -0.38274543E+02
  0.30556318E+01 -0.38274578E+02
  0.30657296E+01 -0.38274612E+02
  0.30758275E+01 -0.38274645E+02
  0.30859253E+01 -0.38274677E+02
  0.30960231E+01 -0.38274708E+02
  0.31061209E+01 -0.38274738E+02
  0.31162187E+01 -0.38274768E+02
  0.31263165E+01 -0.38274797E+02
  0.31364143E+01 -0.38274826E+02
  0.31465121E+01 -0.38274853E+02
  0.31566099E+01 -0.38274880E+02
  0.31667078E+01 -0.38274906E+02
  0.31768056E+01 -0.38274931E+02
  0.31869034E+01 -0.38274955E+02
  0.31970012E+01 -0.38274979E+02
  0.32070990E+01 -0.38275003E+02
  0.32171968E+01 -0.38275025E+02
  0.32272946E+01 -0.38275045E+02
  0.32373924E+01 -0.38275056E+02
  0.32474902E+01 -0.38275061E+02
  0.32575880E+01 -0.38275061E+02
  0.32676859E+01 -0.38275062E+02
  0.32777837E+01 -0.38275064E+02
  0.32878815E+01 -0.38275068E+02
  0.32979793E+01 -0.38275074E+02
  0.33080771E+01 -0.38275082E+02
  0.33181749E+01 -0.38275091E+02
  0.33282727E+01 -0.38275101E+02
  0.33383705E+01 -0.38275112E+02
  0.33484683E+01 -0.38275123E+02
  0.33585662E+01 -0.38275134E+02
  0.33686640E+01 -0.38275145E+02
  0.33787618E+01 -0.38275156E+02
  0.33888596E+01 -0.38275167E+02
  0.33989574E+01 -0.38275176E+02
  
  0.00000000E+00 -0.38261386E+02
  0.10097810E-01 -0.38261388E+02
  0.20195621E-01 -0.38261388E+02
  0.30293431E-01 -0.38261387E+02
  0.40391242E-01 -0.38261385E+02
  0.50489052E-01 -0.38261382E+02
  0.60586863E-01 -0.38261378E+02
  0.70684673E-01 -0.38261375E+02
  0.80782483E-01 -0.38261371E+02
  0.90880294E-01 -0.38261369E+02
  0.10097810E+00 -0.38261367E+02
  0.11107591E+00 -0.38261366E+02
  0.12117373E+00 -0.38261365E+02
  0.13127154E+00 -0.38261365E+02
  0.14136935E+00 -0.38261365E+02
  0.15146716E+00 -0.38261365E+02
  0.16156497E+00 -0.38261364E+02
  0.17166278E+00 -0.38261362E+02
  0.18176059E+00 -0.38261360E+02
  0.19185840E+00 -0.38261358E+02
  0.20195621E+00 -0.38261357E+02
  0.21205402E+00 -0.38261356E+02
  0.22215183E+00 -0.38261357E+02
  0.23224964E+00 -0.38261361E+02
  0.24234745E+00 -0.38261368E+02
  0.25244526E+00 -0.38261377E+02
  0.26254307E+00 -0.38261390E+02
  0.27264088E+00 -0.38261406E+02
  0.28273869E+00 -0.38261424E+02
  0.29283650E+00 -0.38261443E+02
  0.30293431E+00 -0.38261463E+02
  0.31303212E+00 -0.38261482E+02
  0.32312993E+00 -0.38261500E+02
  0.33322774E+00 -0.38261515E+02
  0.34332555E+00 -0.38261529E+02
  0.35342337E+00 -0.38261541E+02
  0.36352118E+00 -0.38261550E+02
  0.37361899E+00 -0.38261559E+02
  0.38371680E+00 -0.38261567E+02
  0.39381461E+00 -0.38261575E+02
  0.40391242E+00 -0.38261583E+02
  0.41401023E+00 -0.38261593E+02
  0.42410804E+00 -0.38261604E+02
  0.43420585E+00 -0.38261616E+02
  0.44430366E+00 -0.38261628E+02
  0.45440147E+00 -0.38261642E+02
  0.46449928E+00 -0.38261655E+02
  0.47459709E+00 -0.38261667E+02
  0.48469490E+00 -0.38261677E+02
  0.49479271E+00 -0.38261686E+02
  0.50489052E+00 -0.38261692E+02
  0.51498833E+00 -0.38261695E+02
  0.52508614E+00 -0.38261695E+02
  0.53518395E+00 -0.38261693E+02
  0.54528176E+00 -0.38261689E+02
  0.55537957E+00 -0.38261684E+02
  0.56547738E+00 -0.38261678E+02
  0.57557519E+00 -0.38261673E+02
  0.58567301E+00 -0.38261668E+02
  0.59577082E+00 -0.38261664E+02
  0.60586863E+00 -0.38261661E+02
  0.61596644E+00 -0.38261659E+02
  0.62606425E+00 -0.38261658E+02
  0.63616206E+00 -0.38261658E+02
  0.64625987E+00 -0.38261658E+02
  0.65635768E+00 -0.38261656E+02
  0.66645549E+00 -0.38261654E+02
  0.67655330E+00 -0.38261650E+02
  0.68665111E+00 -0.38261644E+02
  0.69674892E+00 -0.38261636E+02
  0.70684673E+00 -0.38261626E+02
  0.71694454E+00 -0.38261615E+02
  0.72704235E+00 -0.38261603E+02
  0.73714016E+00 -0.38261590E+02
  0.74723797E+00 -0.38261578E+02
  0.75733578E+00 -0.38261566E+02
  0.76743359E+00 -0.38261556E+02
  0.77753140E+00 -0.38261546E+02
  0.78762921E+00 -0.38261538E+02
  0.79772702E+00 -0.38261531E+02
  0.80782483E+00 -0.38261524E+02
  0.81792265E+00 -0.38261518E+02
  0.82802046E+00 -0.38261510E+02
  0.83811827E+00 -0.38261501E+02
  0.84821608E+00 -0.38261489E+02
  0.85831389E+00 -0.38261476E+02
  0.86841170E+00 -0.38261460E+02
  0.87850951E+00 -0.38261441E+02
  0.88860732E+00 -0.38261420E+02
  0.89870513E+00 -0.38261397E+02
  0.90880294E+00 -0.38261374E+02
  0.91890075E+00 -0.38261351E+02
  0.92899856E+00 -0.38261329E+02
  0.93909637E+00 -0.38261310E+02
  0.94919418E+00 -0.38261292E+02
  0.95929199E+00 -0.38261278E+02
  0.96938980E+00 -0.38261266E+02
  0.97948761E+00 -0.38261256E+02
  0.98958542E+00 -0.38261248E+02
  0.99968323E+00 -0.38261240E+02
  0.10097810E+01 -0.38261232E+02
  0.10198328E+01 -0.38261241E+02
  0.10298846E+01 -0.38261249E+02
  0.10399364E+01 -0.38261258E+02
  0.10499882E+01 -0.38261268E+02
  0.10600399E+01 -0.38261281E+02
  0.10700917E+01 -0.38261297E+02
  0.10801435E+01 -0.38261317E+02
  0.10901953E+01 -0.38261340E+02
  0.11002471E+01 -0.38261366E+02
  0.11102988E+01 -0.38261394E+02
  0.11203506E+01 -0.38261422E+02
  0.11304024E+01 -0.38261449E+02
  0.11404542E+01 -0.38261474E+02
  0.11505060E+01 -0.38261495E+02
  0.11605577E+01 -0.38261512E+02
  0.11706095E+01 -0.38261525E+02
  0.11806613E+01 -0.38261534E+02
  0.11907131E+01 -0.38261540E+02
  0.12007648E+01 -0.38261543E+02
  0.12108166E+01 -0.38261546E+02
  0.12208684E+01 -0.38261549E+02
  0.12309202E+01 -0.38261553E+02
  0.12409720E+01 -0.38261559E+02
  0.12510237E+01 -0.38261567E+02
  0.12610755E+01 -0.38261577E+02
  0.12711273E+01 -0.38261589E+02
  0.12811791E+01 -0.38261603E+02
  0.12912309E+01 -0.38261616E+02
  0.13012826E+01 -0.38261628E+02
  0.13113344E+01 -0.38261639E+02
  0.13213862E+01 -0.38261647E+02
  0.13314380E+01 -0.38261652E+02
  0.13414898E+01 -0.38261655E+02
  0.13515415E+01 -0.38261656E+02
  0.13615933E+01 -0.38261656E+02
  0.13716451E+01 -0.38261656E+02
  0.13816969E+01 -0.38261656E+02
  0.13917486E+01 -0.38261657E+02
  0.14018004E+01 -0.38261660E+02
  0.14118522E+01 -0.38261665E+02
  0.14219040E+01 -0.38261672E+02
  0.14319558E+01 -0.38261679E+02
  0.14420075E+01 -0.38261687E+02
  0.14520593E+01 -0.38261695E+02
  0.14621111E+01 -0.38261700E+02
  0.14721629E+01 -0.38261702E+02
  0.14822147E+01 -0.38261701E+02
  0.14922664E+01 -0.38261696E+02
  0.15023182E+01 -0.38261688E+02
  0.15123700E+01 -0.38261677E+02
  0.15224218E+01 -0.38261663E+02
  0.15324736E+01 -0.38261648E+02
  0.15425253E+01 -0.38261633E+02
  0.15525771E+01 -0.38261619E+02
  0.15626289E+01 -0.38261606E+02
  0.15726807E+01 -0.38261596E+02
  0.15827325E+01 -0.38261587E+02
  0.15927842E+01 -0.38261581E+02
  0.16028360E+01 -0.38261577E+02
  0.16128878E+01 -0.38261573E+02
  0.16229396E+01 -0.38261568E+02
  0.16329913E+01 -0.38261563E+02
  0.16430431E+01 -0.38261556E+02
  0.16530949E+01 -0.38261546E+02
  0.16631467E+01 -0.38261533E+02
  0.16731985E+01 -0.38261518E+02
  0.16832502E+01 -0.38261501E+02
  0.16933020E+01 -0.38261482E+02
  0.17033538E+01 -0.38261462E+02
  0.17134056E+01 -0.38261442E+02
  0.17234574E+01 -0.38261422E+02
  0.17335091E+01 -0.38261403E+02
  0.17435609E+01 -0.38261385E+02
  0.17536127E+01 -0.38261368E+02
  0.17636645E+01 -0.38261351E+02
  0.17737163E+01 -0.38261335E+02
  0.17837680E+01 -0.38261319E+02
  0.17938198E+01 -0.38261303E+02
  0.18038716E+01 -0.38261285E+02
  0.18139234E+01 -0.38261266E+02
  0.18239751E+01 -0.38261246E+02
  0.18340269E+01 -0.38261225E+02
  0.18440787E+01 -0.38261204E+02
  0.18541305E+01 -0.38261181E+02
  0.18641823E+01 -0.38261159E+02
  0.18742340E+01 -0.38261137E+02
  0.18842858E+01 -0.38261115E+02
  0.18943836E+01 -0.38261124E+02
  0.19044814E+01 -0.38261133E+02
  0.19145793E+01 -0.38261143E+02
  0.19246771E+01 -0.38261155E+02
  0.19347749E+01 -0.38261167E+02
  0.19448727E+01 -0.38261180E+02
  0.19549705E+01 -0.38261194E+02
  0.19650683E+01 -0.38261207E+02
  0.19751661E+01 -0.38261220E+02
  0.19852639E+01 -0.38261232E+02
  0.19953617E+01 -0.38261242E+02
  0.20054595E+01 -0.38261250E+02
  0.20155574E+01 -0.38261256E+02
  0.20256552E+01 -0.38261261E+02
  0.20357530E+01 -0.38261264E+02
  0.20458508E+01 -0.38261266E+02
  0.20559486E+01 -0.38261268E+02
  0.20660464E+01 -0.38261271E+02
  0.20761442E+01 -0.38261275E+02
  0.20862420E+01 -0.38261280E+02
  0.20963398E+01 -0.38261287E+02
  0.21064377E+01 -0.38261295E+02
  0.21165355E+01 -0.38261305E+02
  0.21266333E+01 -0.38261316E+02
  0.21367311E+01 -0.38261326E+02
  0.21468289E+01 -0.38261336E+02
  0.21569267E+01 -0.38261345E+02
  0.21670245E+01 -0.38261352E+02
  0.21771223E+01 -0.38261356E+02
  0.21872201E+01 -0.38261357E+02
  0.21973179E+01 -0.38261356E+02
  0.22074158E+01 -0.38261351E+02
  0.22175136E+01 -0.38261345E+02
  0.22276114E+01 -0.38261338E+02
  0.22377092E+01 -0.38261330E+02
  0.22478070E+01 -0.38261324E+02
  0.22579048E+01 -0.38261319E+02
  0.22680026E+01 -0.38261317E+02
  0.22781004E+01 -0.38261318E+02
  0.22881982E+01 -0.38261322E+02
  0.22982961E+01 -0.38261329E+02
  0.23083939E+01 -0.38261338E+02
  0.23184917E+01 -0.38261349E+02
  0.23285895E+01 -0.38261360E+02
  0.23386873E+01 -0.38261371E+02
  0.23487851E+01 -0.38261380E+02
  0.23588829E+01 -0.38261386E+02
  0.23689807E+01 -0.38261390E+02
  0.23790785E+01 -0.38261390E+02
  0.23891763E+01 -0.38261386E+02
  0.23992742E+01 -0.38261388E+02
  0.24093720E+01 -0.38261388E+02
  0.24194698E+01 -0.38261387E+02
  0.24295676E+01 -0.38261385E+02
  0.24396654E+01 -0.38261382E+02
  0.24497632E+01 -0.38261378E+02
  0.24598610E+01 -0.38261375E+02
  0.24699588E+01 -0.38261371E+02
  0.24800566E+01 -0.38261369E+02
  0.24901545E+01 -0.38261367E+02
  0.25002523E+01 -0.38261366E+02
  0.25103501E+01 -0.38261365E+02
  0.25204479E+01 -0.38261365E+02
  0.25305457E+01 -0.38261365E+02
  0.25406435E+01 -0.38261365E+02
  0.25507413E+01 -0.38261364E+02
  0.25608391E+01 -0.38261362E+02
  0.25709369E+01 -0.38261360E+02
  0.25810347E+01 -0.38261358E+02
  0.25911326E+01 -0.38261357E+02
  0.26012304E+01 -0.38261356E+02
  0.26113282E+01 -0.38261357E+02
  0.26214260E+01 -0.38261361E+02
  0.26315238E+01 -0.38261368E+02
  0.26416216E+01 -0.38261377E+02
  0.26517194E+01 -0.38261390E+02
  0.26618172E+01 -0.38261406E+02
  0.26719150E+01 -0.38261424E+02
  0.26820129E+01 -0.38261443E+02
  0.26921107E+01 -0.38261463E+02
  0.27022085E+01 -0.38261482E+02
  0.27123063E+01 -0.38261500E+02
  0.27224041E+01 -0.38261515E+02
  0.27325019E+01 -0.38261529E+02
  0.27425997E+01 -0.38261541E+02
  0.27526975E+01 -0.38261550E+02
  0.27627953E+01 -0.38261559E+02
  0.27728931E+01 -0.38261567E+02
  0.27829910E+01 -0.38261575E+02
  0.27930888E+01 -0.38261583E+02
  0.28031866E+01 -0.38261593E+02
  0.28132844E+01 -0.38261604E+02
  0.28233822E+01 -0.38261616E+02
  0.28334800E+01 -0.38261628E+02
  0.28435778E+01 -0.38261642E+02
  0.28536756E+01 -0.38261655E+02
  0.28637734E+01 -0.38261667E+02
  0.28738712E+01 -0.38261677E+02
  0.28839691E+01 -0.38261686E+02
  0.28940669E+01 -0.38261692E+02
  0.29041647E+01 -0.38261695E+02
  0.29142625E+01 -0.38261695E+02
  0.29243603E+01 -0.38261693E+02
  0.29344581E+01 -0.38261689E+02
  0.29445559E+01 -0.38261684E+02
  0.29546537E+01 -0.38261678E+02
  0.29647515E+01 -0.38261673E+02
  0.29748494E+01 -0.38261668E+02
  0.29849472E+01 -0.38261664E+02
  0.29950450E+01 -0.38261661E+02
  0.30051428E+01 -0.38261659E+02
  0.30152406E+01 -0.38261658E+02
  0.30253384E+01 -0.38261658E+02
  0.30354362E+01 -0.38261658E+02
  0.30455340E+01 -0.38261656E+02
  0.30556318E+01 -0.38261654E+02
  0.30657296E+01 -0.38261650E+02
  0.30758275E+01 -0.38261644E+02
  0.30859253E+01 -0.38261636E+02
  0.30960231E+01 -0.38261626E+02
  0.31061209E+01 -0.38261615E+02
  0.31162187E+01 -0.38261603E+02
  0.31263165E+01 -0.38261590E+02
  0.31364143E+01 -0.38261578E+02
  0.31465121E+01 -0.38261566E+02
  0.31566099E+01 -0.38261556E+02
  0.31667078E+01 -0.38261546E+02
  0.31768056E+01 -0.38261538E+02
  0.31869034E+01 -0.38261531E+02
  0.31970012E+01 -0.38261524E+02
  0.32070990E+01 -0.38261518E+02
  0.32171968E+01 -0.38261510E+02
  0.32272946E+01 -0.38261501E+02
  0.32373924E+01 -0.38261489E+02
  0.32474902E+01 -0.38261476E+02
  0.32575880E+01 -0.38261460E+02
  0.32676859E+01 -0.38261441E+02
  0.32777837E+01 -0.38261420E+02
  0.32878815E+01 -0.38261397E+02
  0.32979793E+01 -0.38261374E+02
  0.33080771E+01 -0.38261351E+02
  0.33181749E+01 -0.38261329E+02
  0.33282727E+01 -0.38261310E+02
  0.33383705E+01 -0.38261292E+02
  0.33484683E+01 -0.38261278E+02
  0.33585662E+01 -0.38261266E+02
  0.33686640E+01 -0.38261256E+02
  0.33787618E+01 -0.38261248E+02
  0.33888596E+01 -0.38261240E+02
  0.33989574E+01 -0.38261232E+02
  
  0.00000000E+00 -0.38260598E+02
  0.10097810E-01 -0.38260603E+02
  0.20195621E-01 -0.38260611E+02
  0.30293431E-01 -0.38260620E+02
  0.40391242E-01 -0.38260629E+02
  0.50489052E-01 -0.38260638E+02
  0.60586863E-01 -0.38260646E+02
  0.70684673E-01 -0.38260652E+02
  0.80782483E-01 -0.38260656E+02
  0.90880294E-01 -0.38260658E+02
  0.10097810E+00 -0.38260657E+02
  0.11107591E+00 -0.38260655E+02
  0.12117373E+00 -0.38260652E+02
  0.13127154E+00 -0.38260650E+02
  0.14136935E+00 -0.38260648E+02
  0.15146716E+00 -0.38260648E+02
  0.16156497E+00 -0.38260650E+02
  0.17166278E+00 -0.38260655E+02
  0.18176059E+00 -0.38260662E+02
  0.19185840E+00 -0.38260671E+02
  0.20195621E+00 -0.38260681E+02
  0.21205402E+00 -0.38260691E+02
  0.22215183E+00 -0.38260700E+02
  0.23224964E+00 -0.38260706E+02
  0.24234745E+00 -0.38260710E+02
  0.25244526E+00 -0.38260709E+02
  0.26254307E+00 -0.38260705E+02
  0.27264088E+00 -0.38260697E+02
  0.28273869E+00 -0.38260686E+02
  0.29283650E+00 -0.38260674E+02
  0.30293431E+00 -0.38260661E+02
  0.31303212E+00 -0.38260649E+02
  0.32312993E+00 -0.38260639E+02
  0.33322774E+00 -0.38260632E+02
  0.34332555E+00 -0.38260628E+02
  0.35342337E+00 -0.38260627E+02
  0.36352118E+00 -0.38260630E+02
  0.37361899E+00 -0.38260635E+02
  0.38371680E+00 -0.38260641E+02
  0.39381461E+00 -0.38260647E+02
  0.40391242E+00 -0.38260653E+02
  0.41401023E+00 -0.38260656E+02
  0.42410804E+00 -0.38260658E+02
  0.43420585E+00 -0.38260656E+02
  0.44430366E+00 -0.38260652E+02
  0.45440147E+00 -0.38260646E+02
  0.46449928E+00 -0.38260637E+02
  0.47459709E+00 -0.38260628E+02
  0.48469490E+00 -0.38260619E+02
  0.49479271E+00 -0.38260611E+02
  0.50489052E+00 -0.38260605E+02
  0.51498833E+00 -0.38260602E+02
  0.52508614E+00 -0.38260602E+02
  0.53518395E+00 -0.38260605E+02
  0.54528176E+00 -0.38260610E+02
  0.55537957E+00 -0.38260618E+02
  0.56547738E+00 -0.38260628E+02
  0.57557519E+00 -0.38260638E+02
  0.58567301E+00 -0.38260647E+02
  0.59577082E+00 -0.38260655E+02
  0.60586863E+00 -0.38260662E+02
  0.61596644E+00 -0.38260667E+02
  0.62606425E+00 -0.38260671E+02
  0.63616206E+00 -0.38260673E+02
  0.64625987E+00 -0.38260675E+02
  0.65635768E+00 -0.38260677E+02
  0.66645549E+00 -0.38260680E+02
  0.67655330E+00 -0.38260686E+02
  0.68665111E+00 -0.38260694E+02
  0.69674892E+00 -0.38260706E+02
  0.70684673E+00 -0.38260721E+02
  0.71694454E+00 -0.38260739E+02
  0.72704235E+00 -0.38260760E+02
  0.73714016E+00 -0.38260783E+02
  0.74723797E+00 -0.38260806E+02
  0.75733578E+00 -0.38260828E+02
  0.76743359E+00 -0.38260850E+02
  0.77753140E+00 -0.38260868E+02
  0.78762921E+00 -0.38260884E+02
  0.79772702E+00 -0.38260897E+02
  0.80782483E+00 -0.38260907E+02
  0.81792265E+00 -0.38260914E+02
  0.82802046E+00 -0.38260920E+02
  0.83811827E+00 -0.38260925E+02
  0.84821608E+00 -0.38260930E+02
  0.85831389E+00 -0.38260937E+02
  0.86841170E+00 -0.38260947E+02
  0.87850951E+00 -0.38260961E+02
  0.88860732E+00 -0.38260978E+02
  0.89870513E+00 -0.38260999E+02
  0.90880294E+00 -0.38261023E+02
  0.91890075E+00 -0.38261049E+02
  0.92899856E+00 -0.38261077E+02
  0.93909637E+00 -0.38261105E+02
  0.94919418E+00 -0.38261131E+02
  0.95929199E+00 -0.38261156E+02
  0.96938980E+00 -0.38261177E+02
  0.97948761E+00 -0.38261195E+02
  0.98958542E+00 -0.38261210E+02
  0.99968323E+00 -0.38261222E+02
  0.10097810E+01 -0.38261231E+02
  0.10198328E+01 -0.38261221E+02
  0.10298846E+01 -0.38261208E+02
  0.10399364E+01 -0.38261192E+02
  0.10499882E+01 -0.38261174E+02
  0.10600399E+01 -0.38261154E+02
  0.10700917E+01 -0.38261133E+02
  0.10801435E+01 -0.38261112E+02
  0.10901953E+01 -0.38261091E+02
  0.11002471E+01 -0.38261072E+02
  0.11102988E+01 -0.38261056E+02
  0.11203506E+01 -0.38261041E+02
  0.11304024E+01 -0.38261029E+02
  0.11404542E+01 -0.38261017E+02
  0.11505060E+01 -0.38261006E+02
  0.11605577E+01 -0.38260994E+02
  0.11706095E+01 -0.38260981E+02
  0.11806613E+01 -0.38260964E+02
  0.11907131E+01 -0.38260945E+02
  0.12007648E+01 -0.38260923E+02
  0.12108166E+01 -0.38260897E+02
  0.12208684E+01 -0.38260871E+02
  0.12309202E+01 -0.38260843E+02
  0.12409720E+01 -0.38260817E+02
  0.12510237E+01 -0.38260794E+02
  0.12610755E+01 -0.38260774E+02
  0.12711273E+01 -0.38260759E+02
  0.12811791E+01 -0.38260749E+02
  0.12912309E+01 -0.38260743E+02
  0.13012826E+01 -0.38260741E+02
  0.13113344E+01 -0.38260742E+02
  0.13213862E+01 -0.38260743E+02
  0.13314380E+01 -0.38260744E+02
  0.13414898E+01 -0.38260743E+02
  0.13515415E+01 -0.38260739E+02
  0.13615933E+01 -0.38260731E+02
  0.13716451E+01 -0.38260720E+02
  0.13816969E+01 -0.38260706E+02
  0.13917486E+01 -0.38260689E+02
  0.14018004E+01 -0.38260672E+02
  0.14118522E+01 -0.38260655E+02
  0.14219040E+01 -0.38260639E+02
  0.14319558E+01 -0.38260627E+02
  0.14420075E+01 -0.38260618E+02
  0.14520593E+01 -0.38260613E+02
  0.14621111E+01 -0.38260612E+02
  0.14721629E+01 -0.38260614E+02
  0.14822147E+01 -0.38260619E+02
  0.14922664E+01 -0.38260626E+02
  0.15023182E+01 -0.38260634E+02
  0.15123700E+01 -0.38260641E+02
  0.15224218E+01 -0.38260648E+02
  0.15324736E+01 -0.38260654E+02
  0.15425253E+01 -0.38260659E+02
  0.15525771E+01 -0.38260663E+02
  0.15626289E+01 -0.38260667E+02
  0.15726807E+01 -0.38260671E+02
  0.15827325E+01 -0.38260675E+02
  0.15927842E+01 -0.38260680E+02
  0.16028360E+01 -0.38260686E+02
  0.16128878E+01 -0.38260693E+02
  0.16229396E+01 -0.38260701E+02
  0.16329913E+01 -0.38260709E+02
  0.16430431E+01 -0.38260718E+02
  0.16530949E+01 -0.38260728E+02
  0.16631467E+01 -0.38260737E+02
  0.16731985E+01 -0.38260746E+02
  0.16832502E+01 -0.38260755E+02
  0.16933020E+01 -0.38260765E+02
  0.17033538E+01 -0.38260775E+02
  0.17134056E+01 -0.38260786E+02
  0.17234574E+01 -0.38260798E+02
  0.17335091E+01 -0.38260812E+02
  0.17435609E+01 -0.38260828E+02
  0.17536127E+01 -0.38260845E+02
  0.17636645E+01 -0.38260864E+02
  0.17737163E+01 -0.38260885E+02
  0.17837680E+01 -0.38260906E+02
  0.17938198E+01 -0.38260928E+02
  0.18038716E+01 -0.38260950E+02
  0.18139234E+01 -0.38260971E+02
  0.18239751E+01 -0.38260992E+02
  0.18340269E+01 -0.38261013E+02
  0.18440787E+01 -0.38261033E+02
  0.18541305E+01 -0.38261053E+02
  0.18641823E+01 -0.38261074E+02
  0.18742340E+01 -0.38261094E+02
  0.18842858E+01 -0.38261115E+02
  0.18943836E+01 -0.38261107E+02
  0.19044814E+01 -0.38261099E+02
  0.19145793E+01 -0.38261091E+02
  0.19246771E+01 -0.38261081E+02
  0.19347749E+01 -0.38261071E+02
  0.19448727E+01 -0.38261058E+02
  0.19549705E+01 -0.38261043E+02
  0.19650683E+01 -0.38261026E+02
  0.19751661E+01 -0.38261008E+02
  0.19852639E+01 -0.38260988E+02
  0.19953617E+01 -0.38260967E+02
  0.20054595E+01 -0.38260947E+02
  0.20155574E+01 -0.38260928E+02
  0.20256552E+01 -0.38260910E+02
  0.20357530E+01 -0.38260894E+02
  0.20458508E+01 -0.38260880E+02
  0.20559486E+01 -0.38260868E+02
  0.20660464E+01 -0.38260858E+02
  0.20761442E+01 -0.38260850E+02
  0.20862420E+01 -0.38260842E+02
  0.20963398E+01 -0.38260835E+02
  0.21064377E+01 -0.38260829E+02
  0.21165355E+01 -0.38260821E+02
  0.21266333E+01 -0.38260813E+02
  0.21367311E+01 -0.38260802E+02
  0.21468289E+01 -0.38260791E+02
  0.21569267E+01 -0.38260777E+02
  0.21670245E+01 -0.38260762E+02
  0.21771223E+01 -0.38260747E+02
  0.21872201E+01 -0.38260731E+02
  0.21973179E+01 -0.38260715E+02
  0.22074158E+01 -0.38260700E+02
  0.22175136E+01 -0.38260686E+02
  0.22276114E+01 -0.38260674E+02
  0.22377092E+01 -0.38260665E+02
  0.22478070E+01 -0.38260657E+02
  0.22579048E+01 -0.38260651E+02
  0.22680026E+01 -0.38260647E+02
  0.22781004E+01 -0.38260644E+02
  0.22881982E+01 -0.38260641E+02
  0.22982961E+01 -0.38260640E+02
  0.23083939E+01 -0.38260638E+02
  0.23184917E+01 -0.38260635E+02
  0.23285895E+01 -0.38260632E+02
  0.23386873E+01 -0.38260627E+02
  0.23487851E+01 -0.38260622E+02
  0.23588829E+01 -0.38260616E+02
  0.23689807E+01 -0.38260609E+02
  0.23790785E+01 -0.38260603E+02
  0.23891763E+01 -0.38260598E+02
  0.23992742E+01 -0.38260603E+02
  0.24093720E+01 -0.38260611E+02
  0.24194698E+01 -0.38260620E+02
  0.24295676E+01 -0.38260629E+02
  0.24396654E+01 -0.38260638E+02
  0.24497632E+01 -0.38260646E+02
  0.24598610E+01 -0.38260652E+02
  0.24699588E+01 -0.38260656E+02
  0.24800566E+01 -0.38260658E+02
  0.24901545E+01 -0.38260657E+02
  0.25002523E+01 -0.38260655E+02
  0.25103501E+01 -0.38260652E+02
  0.25204479E+01 -0.38260650E+02
  0.25305457E+01 -0.38260648E+02
  0.25406435E+01 -0.38260648E+02
  0.25507413E+01 -0.38260650E+02
  0.25608391E+01 -0.38260655E+02
  0.25709369E+01 -0.38260662E+02
  0.25810347E+01 -0.38260671E+02
  0.25911326E+01 -0.38260681E+02
  0.26012304E+01 -0.38260691E+02
  0.26113282E+01 -0.38260700E+02
  0.26214260E+01 -0.38260706E+02
  0.26315238E+01 -0.38260710E+02
  0.26416216E+01 -0.38260709E+02
  0.26517194E+01 -0.38260705E+02
  0.26618172E+01 -0.38260697E+02
  0.26719150E+01 -0.38260686E+02
  0.26820129E+01 -0.38260674E+02
  0.26921107E+01 -0.38260661E+02
  0.27022085E+01 -0.38260649E+02
  0.27123063E+01 -0.38260639E+02
  0.27224041E+01 -0.38260632E+02
  0.27325019E+01 -0.38260628E+02
  0.27425997E+01 -0.38260627E+02
  0.27526975E+01 -0.38260630E+02
  0.27627953E+01 -0.38260635E+02
  0.27728931E+01 -0.38260641E+02
  0.27829910E+01 -0.38260647E+02
  0.27930888E+01 -0.38260653E+02
  0.28031866E+01 -0.38260656E+02
  0.28132844E+01 -0.38260658E+02
  0.28233822E+01 -0.38260656E+02
  0.28334800E+01 -0.38260652E+02
  0.28435778E+01 -0.38260646E+02
  0.28536756E+01 -0.38260637E+02
  0.28637734E+01 -0.38260628E+02
  0.28738712E+01 -0.38260619E+02
  0.28839691E+01 -0.38260611E+02
  0.28940669E+01 -0.38260605E+02
  0.29041647E+01 -0.38260602E+02
  0.29142625E+01 -0.38260602E+02
  0.29243603E+01 -0.38260605E+02
  0.29344581E+01 -0.38260610E+02
  0.29445559E+01 -0.38260618E+02
  0.29546537E+01 -0.38260628E+02
  0.29647515E+01 -0.38260638E+02
  0.29748494E+01 -0.38260647E+02
  0.29849472E+01 -0.38260655E+02
  0.29950450E+01 -0.38260662E+02
  0.30051428E+01 -0.38260667E+02
  0.30152406E+01 -0.38260671E+02
  0.30253384E+01 -0.38260673E+02
  0.30354362E+01 -0.38260675E+02
  0.30455340E+01 -0.38260677E+02
  0.30556318E+01 -0.38260680E+02
  0.30657296E+01 -0.38260686E+02
  0.30758275E+01 -0.38260694E+02
  0.30859253E+01 -0.38260706E+02
  0.30960231E+01 -0.38260721E+02
  0.31061209E+01 -0.38260739E+02
  0.31162187E+01 -0.38260760E+02
  0.31263165E+01 -0.38260783E+02
  0.31364143E+01 -0.38260806E+02
  0.31465121E+01 -0.38260828E+02
  0.31566099E+01 -0.38260850E+02
  0.31667078E+01 -0.38260868E+02
  0.31768056E+01 -0.38260884E+02
  0.31869034E+01 -0.38260897E+02
  0.31970012E+01 -0.38260907E+02
  0.32070990E+01 -0.38260914E+02
  0.32171968E+01 -0.38260920E+02
  0.32272946E+01 -0.38260925E+02
  0.32373924E+01 -0.38260930E+02
  0.32474902E+01 -0.38260937E+02
  0.32575880E+01 -0.38260947E+02
  0.32676859E+01 -0.38260961E+02
  0.32777837E+01 -0.38260978E+02
  0.32878815E+01 -0.38260999E+02
  0.32979793E+01 -0.38261023E+02
  0.33080771E+01 -0.38261049E+02
  0.33181749E+01 -0.38261077E+02
  0.33282727E+01 -0.38261105E+02
  0.33383705E+01 -0.38261131E+02
  0.33484683E+01 -0.38261156E+02
  0.33585662E+01 -0.38261177E+02
  0.33686640E+01 -0.38261195E+02
  0.33787618E+01 -0.38261210E+02
  0.33888596E+01 -0.38261222E+02
  0.33989574E+01 -0.38261231E+02
  
  0.00000000E+00 -0.27544514E+02
  0.10097810E-01 -0.27544507E+02
  0.20195621E-01 -0.27544494E+02
  0.30293431E-01 -0.27544476E+02
  0.40391242E-01 -0.27544454E+02
  0.50489052E-01 -0.27544428E+02
  0.60586863E-01 -0.27544400E+02
  0.70684673E-01 -0.27544369E+02
  0.80782483E-01 -0.27544336E+02
  0.90880294E-01 -0.27544301E+02
  0.10097810E+00 -0.27544264E+02
  0.11107591E+00 -0.27544223E+02
  0.12117373E+00 -0.27544180E+02
  0.13127154E+00 -0.27544132E+02
  0.14136935E+00 -0.27544081E+02
  0.15146716E+00 -0.27544026E+02
  0.16156497E+00 -0.27543966E+02
  0.17166278E+00 -0.27543903E+02
  0.18176059E+00 -0.27543836E+02
  0.19185840E+00 -0.27543766E+02
  0.20195621E+00 -0.27543695E+02
  0.21205402E+00 -0.27543623E+02
  0.22215183E+00 -0.27543552E+02
  0.23224964E+00 -0.27543481E+02
  0.24234745E+00 -0.27543411E+02
  0.25244526E+00 -0.27543344E+02
  0.26254307E+00 -0.27543278E+02
  0.27264088E+00 -0.27543214E+02
  0.28273869E+00 -0.27543152E+02
  0.29283650E+00 -0.27543090E+02
  0.30293431E+00 -0.27543029E+02
  0.31303212E+00 -0.27542969E+02
  0.32312993E+00 -0.27542908E+02
  0.33322774E+00 -0.27542847E+02
  0.34332555E+00 -0.27542785E+02
  0.35342337E+00 -0.27542722E+02
  0.36352118E+00 -0.27542660E+02
  0.37361899E+00 -0.27542599E+02
  0.38371680E+00 -0.27542539E+02
  0.39381461E+00 -0.27542480E+02
  0.40391242E+00 -0.27542424E+02
  0.41401023E+00 -0.27542371E+02
  0.42410804E+00 -0.27542320E+02
  0.43420585E+00 -0.27542273E+02
  0.44430366E+00 -0.27542228E+02
  0.45440147E+00 -0.27542185E+02
  0.46449928E+00 -0.27542145E+02
  0.47459709E+00 -0.27542105E+02
  0.48469490E+00 -0.27542066E+02
  0.49479271E+00 -0.27542027E+02
  0.50489052E+00 -0.27541986E+02
  0.51498833E+00 -0.27541944E+02
  0.52508614E+00 -0.27541900E+02
  0.53518395E+00 -0.27541854E+02
  0.54528176E+00 -0.27541807E+02
  0.55537957E+00 -0.27541758E+02
  0.56547738E+00 -0.27541709E+02
  0.57557519E+00 -0.27541661E+02
  0.58567301E+00 -0.27541615E+02
  0.59577082E+00 -0.27541572E+02
  0.60586863E+00 -0.27541532E+02
  0.61596644E+00 -0.27541496E+02
  0.62606425E+00 -0.27541464E+02
  0.63616206E+00 -0.27541438E+02
  0.64625987E+00 -0.27541415E+02
  0.65635768E+00 -0.27541397E+02
  0.66645549E+00 -0.27541382E+02
  0.67655330E+00 -0.27541370E+02
  0.68665111E+00 -0.27541360E+02
  0.69674892E+00 -0.27541349E+02
  0.70684673E+00 -0.27541338E+02
  0.71694454E+00 -0.27541326E+02
  0.72704235E+00 -0.27541313E+02
  0.73714016E+00 -0.27541299E+02
  0.74723797E+00 -0.27541286E+02
  0.75733578E+00 -0.27541272E+02
  0.76743359E+00 -0.27541260E+02
  0.77753140E+00 -0.27541249E+02
  0.78762921E+00 -0.27541240E+02
  0.79772702E+00 -0.27541233E+02
  0.80782483E+00 -0.27541226E+02
  0.81792265E+00 -0.27541220E+02
  0.82802046E+00 -0.27541216E+02
  0.83811827E+00 -0.27541214E+02
  0.84821608E+00 -0.27541215E+02
  0.85831389E+00 -0.27541218E+02
  0.86841170E+00 -0.27541222E+02
  0.87850951E+00 -0.27541226E+02
  0.88860732E+00 -0.27541227E+02
  0.89870513E+00 -0.27541225E+02
  0.90880294E+00 -0.27541220E+02
  0.91890075E+00 -0.27541213E+02
  0.92899856E+00 -0.27541206E+02
  0.93909637E+00 -0.27541204E+02
  0.94919418E+00 -0.27541213E+02
  0.95929199E+00 -0.27541221E+02
  0.96938980E+00 -0.27541225E+02
  0.97948761E+00 -0.27541225E+02
  0.98958542E+00 -0.27541221E+02
  0.99968323E+00 -0.27541214E+02
  0.10097810E+01 -0.27541206E+02
  0.10198328E+01 -0.27541209E+02
  0.10298846E+01 -0.27541212E+02
  0.10399364E+01 -0.27541214E+02
  0.10499882E+01 -0.27541214E+02
  0.10600399E+01 -0.27541212E+02
  0.10700917E+01 -0.27541208E+02
  0.10801435E+01 -0.27541203E+02
  0.10901953E+01 -0.27541197E+02
  0.11002471E+01 -0.27541194E+02
  0.11102988E+01 -0.27541193E+02
  0.11203506E+01 -0.27541192E+02
  0.11304024E+01 -0.27541191E+02
  0.11404542E+01 -0.27541189E+02
  0.11505060E+01 -0.27541185E+02
  0.11605577E+01 -0.27541180E+02
  0.11706095E+01 -0.27541173E+02
  0.11806613E+01 -0.27541164E+02
  0.11907131E+01 -0.27541155E+02
  0.12007648E+01 -0.27541143E+02
  0.12108166E+01 -0.27541131E+02
  0.12208684E+01 -0.27541117E+02
  0.12309202E+01 -0.27541102E+02
  0.12409720E+01 -0.27541086E+02
  0.12510237E+01 -0.27541068E+02
  0.12610755E+01 -0.27541049E+02
  0.12711273E+01 -0.27541028E+02
  0.12811791E+01 -0.27541005E+02
  0.12912309E+01 -0.27540980E+02
  0.13012826E+01 -0.27540953E+02
  0.13113344E+01 -0.27540924E+02
  0.13213862E+01 -0.27540893E+02
  0.13314380E+01 -0.27540859E+02
  0.13414898E+01 -0.27540823E+02
  0.13515415E+01 -0.27540784E+02
  0.13615933E+01 -0.27540744E+02
  0.13716451E+01 -0.27540700E+02
  0.13816969E+01 -0.27540655E+02
  0.13917486E+01 -0.27540608E+02
  0.14018004E+01 -0.27540560E+02
  0.14118522E+01 -0.27540511E+02
  0.14219040E+01 -0.27540463E+02
  0.14319558E+01 -0.27540416E+02
  0.14420075E+01 -0.27540372E+02
  0.14520593E+01 -0.27540329E+02
  0.14621111E+01 -0.27540288E+02
  0.14721629E+01 -0.27540249E+02
  0.14822147E+01 -0.27540212E+02
  0.14922664E+01 -0.27540177E+02
  0.15023182E+01 -0.27540144E+02
  0.15123700E+01 -0.27540112E+02
  0.15224218E+01 -0.27540081E+02
  0.15324736E+01 -0.27540047E+02
  0.15425253E+01 -0.27540011E+02
  0.15525771E+01 -0.27539973E+02
  0.15626289E+01 -0.27539934E+02
  0.15726807E+01 -0.27539893E+02
  0.15827325E+01 -0.27539852E+02
  0.15927842E+01 -0.27539810E+02
  0.16028360E+01 -0.27539767E+02
  0.16128878E+01 -0.27539725E+02
  0.16229396E+01 -0.27539683E+02
  0.16329913E+01 -0.27539641E+02
  0.16430431E+01 -0.27539601E+02
  0.16530949E+01 -0.27539560E+02
  0.16631467E+01 -0.27539518E+02
  0.16731985E+01 -0.27539474E+02
  0.16832502E+01 -0.27539428E+02
  0.16933020E+01 -0.27539380E+02
  0.17033538E+01 -0.27539329E+02
  0.17134056E+01 -0.27539277E+02
  0.17234574E+01 -0.27539225E+02
  0.17335091E+01 -0.27539180E+02
  0.17435609E+01 -0.27539142E+02
  0.17536127E+01 -0.27539105E+02
  0.17636645E+01 -0.27539069E+02
  0.17737163E+01 -0.27539036E+02
  0.17837680E+01 -0.27539004E+02
  0.17938198E+01 -0.27538976E+02
  0.18038716E+01 -0.27538951E+02
  0.18139234E+01 -0.27538930E+02
  0.18239751E+01 -0.27538914E+02
  0.18340269E+01 -0.27538901E+02
  0.18440787E+01 -0.27538894E+02
  0.18541305E+01 -0.27538890E+02
  0.18641823E+01 -0.27538888E+02
  0.18742340E+01 -0.27538886E+02
  0.18842858E+01 -0.27538885E+02
  0.18943836E+01 -0.27539069E+02
  0.19044814E+01 -0.27539254E+02
  0.19145793E+01 -0.27539437E+02
  0.19246771E+01 -0.27539617E+02
  0.19347749E+01 -0.27539793E+02
  0.19448727E+01 -0.27539966E+02
  0.19549705E+01 -0.27540136E+02
  0.19650683E+01 -0.27540303E+02
  0.19751661E+01 -0.27540467E+02
  0.19852639E+01 -0.27540629E+02
  0.19953617E+01 -0.27540790E+02
  0.20054595E+01 -0.27540950E+02
  0.20155574E+01 -0.27541109E+02
  0.20256552E+01 -0.27541268E+02
  0.20357530E+01 -0.27541428E+02
  0.20458508E+01 -0.27541586E+02
  0.20559486E+01 -0.27541745E+02
  0.20660464E+01 -0.27541902E+02
  0.20761442E+01 -0.27542057E+02
  0.20862420E+01 -0.27542209E+02
  0.20963398E+01 -0.27542358E+02
  0.21064377E+01 -0.27542503E+02
  0.21165355E+01 -0.27542643E+02
  0.21266333E+01 -0.27542777E+02
  0.21367311E+01 -0.27542907E+02
  0.21468289E+01 -0.27543030E+02
  0.21569267E+01 -0.27543149E+02
  0.21670245E+01 -0.27543262E+02
  0.21771223E+01 -0.27543371E+02
  0.21872201E+01 -0.27543475E+02
  0.21973179E+01 -0.27543576E+02
  0.22074158E+01 -0.27543672E+02
  0.22175136E+01 -0.27543764E+02
  0.22276114E+01 -0.27543851E+02
  0.22377092E+01 -0.27543934E+02
  0.22478070E+01 -0.27544012E+02
  0.22579048E+01 -0.27544084E+02
  0.22680026E+01 -0.27544150E+02
  0.22781004E+01 -0.27544210E+02
  0.22881982E+01 -0.27544263E+02
  0.22982961E+01 -0.27544311E+02
  0.23083939E+01 -0.27544352E+02
  0.23184917E+01 -0.27544387E+02
  0.23285895E+01 -0.27544418E+02
  0.23386873E+01 -0.27544443E+02
  0.23487851E+01 -0.27544465E+02
  0.23588829E+01 -0.27544482E+02
  0.23689807E+01 -0.27544497E+02
  0.23790785E+01 -0.27544507E+02
  0.23891763E+01 -0.27544514E+02
  0.23992742E+01 -0.27544507E+02
  0.24093720E+01 -0.27544494E+02
  0.24194698E+01 -0.27544476E+02
  0.24295676E+01 -0.27544454E+02
  0.24396654E+01 -0.27544428E+02
  0.24497632E+01 -0.27544400E+02
  0.24598610E+01 -0.27544369E+02
  0.24699588E+01 -0.27544336E+02
  0.24800566E+01 -0.27544301E+02
  0.24901545E+01 -0.27544264E+02
  0.25002523E+01 -0.27544223E+02
  0.25103501E+01 -0.27544180E+02
  0.25204479E+01 -0.27544132E+02
  0.25305457E+01 -0.27544081E+02
  0.25406435E+01 -0.27544026E+02
  0.25507413E+01 -0.27543966E+02
  0.25608391E+01 -0.27543903E+02
  0.25709369E+01 -0.27543836E+02
  0.25810347E+01 -0.27543766E+02
  0.25911326E+01 -0.27543695E+02
  0.26012304E+01 -0.27543623E+02
  0.26113282E+01 -0.27543552E+02
  0.26214260E+01 -0.27543481E+02
  0.26315238E+01 -0.27543411E+02
  0.26416216E+01 -0.27543344E+02
  0.26517194E+01 -0.27543278E+02
  0.26618172E+01 -0.27543214E+02
  0.26719150E+01 -0.27543152E+02
  0.26820129E+01 -0.27543090E+02
  0.26921107E+01 -0.27543029E+02
  0.27022085E+01 -0.27542969E+02
  0.27123063E+01 -0.27542908E+02
  0.27224041E+01 -0.27542847E+02
  0.27325019E+01 -0.27542785E+02
  0.27425997E+01 -0.27542722E+02
  0.27526975E+01 -0.27542660E+02
  0.27627953E+01 -0.27542599E+02
  0.27728931E+01 -0.27542539E+02
  0.27829910E+01 -0.27542480E+02
  0.27930888E+01 -0.27542424E+02
  0.28031866E+01 -0.27542371E+02
  0.28132844E+01 -0.27542320E+02
  0.28233822E+01 -0.27542273E+02
  0.28334800E+01 -0.27542228E+02
  0.28435778E+01 -0.27542185E+02
  0.28536756E+01 -0.27542145E+02
  0.28637734E+01 -0.27542105E+02
  0.28738712E+01 -0.27542066E+02
  0.28839691E+01 -0.27542027E+02
  0.28940669E+01 -0.27541986E+02
  0.29041647E+01 -0.27541944E+02
  0.29142625E+01 -0.27541900E+02
  0.29243603E+01 -0.27541854E+02
  0.29344581E+01 -0.27541807E+02
  0.29445559E+01 -0.27541758E+02
  0.29546537E+01 -0.27541709E+02
  0.29647515E+01 -0.27541661E+02
  0.29748494E+01 -0.27541615E+02
  0.29849472E+01 -0.27541572E+02
  0.29950450E+01 -0.27541532E+02
  0.30051428E+01 -0.27541496E+02
  0.30152406E+01 -0.27541464E+02
  0.30253384E+01 -0.27541438E+02
  0.30354362E+01 -0.27541415E+02
  0.30455340E+01 -0.27541397E+02
  0.30556318E+01 -0.27541382E+02
  0.30657296E+01 -0.27541370E+02
  0.30758275E+01 -0.27541360E+02
  0.30859253E+01 -0.27541349E+02
  0.30960231E+01 -0.27541338E+02
  0.31061209E+01 -0.27541326E+02
  0.31162187E+01 -0.27541313E+02
  0.31263165E+01 -0.27541299E+02
  0.31364143E+01 -0.27541286E+02
  0.31465121E+01 -0.27541272E+02
  0.31566099E+01 -0.27541260E+02
  0.31667078E+01 -0.27541249E+02
  0.31768056E+01 -0.27541240E+02
  0.31869034E+01 -0.27541233E+02
  0.31970012E+01 -0.27541226E+02
  0.32070990E+01 -0.27541220E+02
  0.32171968E+01 -0.27541216E+02
  0.32272946E+01 -0.27541214E+02
  0.32373924E+01 -0.27541215E+02
  0.32474902E+01 -0.27541218E+02
  0.32575880E+01 -0.27541222E+02
  0.32676859E+01 -0.27541226E+02
  0.32777837E+01 -0.27541227E+02
  0.32878815E+01 -0.27541225E+02
  0.32979793E+01 -0.27541220E+02
  0.33080771E+01 -0.27541213E+02
  0.33181749E+01 -0.27541206E+02
  0.33282727E+01 -0.27541204E+02
  0.33383705E+01 -0.27541213E+02
  0.33484683E+01 -0.27541221E+02
  0.33585662E+01 -0.27541225E+02
  0.33686640E+01 -0.27541225E+02
  0.33787618E+01 -0.27541221E+02
  0.33888596E+01 -0.27541214E+02
  0.33989574E+01 -0.27541206E+02
  
  0.00000000E+00 -0.27532882E+02
  0.10097810E-01 -0.27532890E+02
  0.20195621E-01 -0.27532906E+02
  0.30293431E-01 -0.27532930E+02
  0.40391242E-01 -0.27532958E+02
  0.50489052E-01 -0.27532991E+02
  0.60586863E-01 -0.27533026E+02
  0.70684673E-01 -0.27533061E+02
  0.80782483E-01 -0.27533097E+02
  0.90880294E-01 -0.27533132E+02
  0.10097810E+00 -0.27533168E+02
  0.11107591E+00 -0.27533203E+02
  0.12117373E+00 -0.27533241E+02
  0.13127154E+00 -0.27533281E+02
  0.14136935E+00 -0.27533326E+02
  0.15146716E+00 -0.27533377E+02
  0.16156497E+00 -0.27533435E+02
  0.17166278E+00 -0.27533502E+02
  0.18176059E+00 -0.27533578E+02
  0.19185840E+00 -0.27533662E+02
  0.20195621E+00 -0.27533755E+02
  0.21205402E+00 -0.27533856E+02
  0.22215183E+00 -0.27533963E+02
  0.23224964E+00 -0.27534076E+02
  0.24234745E+00 -0.27534194E+02
  0.25244526E+00 -0.27534315E+02
  0.26254307E+00 -0.27534438E+02
  0.27264088E+00 -0.27534564E+02
  0.28273869E+00 -0.27534693E+02
  0.29283650E+00 -0.27534824E+02
  0.30293431E+00 -0.27534958E+02
  0.31303212E+00 -0.27535096E+02
  0.32312993E+00 -0.27535238E+02
  0.33322774E+00 -0.27535384E+02
  0.34332555E+00 -0.27535535E+02
  0.35342337E+00 -0.27535690E+02
  0.36352118E+00 -0.27535848E+02
  0.37361899E+00 -0.27536009E+02
  0.38371680E+00 -0.27536172E+02
  0.39381461E+00 -0.27536335E+02
  0.40391242E+00 -0.27536498E+02
  0.41401023E+00 -0.27536659E+02
  0.42410804E+00 -0.27536817E+02
  0.43420585E+00 -0.27536973E+02
  0.44430366E+00 -0.27537125E+02
  0.45440147E+00 -0.27537275E+02
  0.46449928E+00 -0.27537423E+02
  0.47459709E+00 -0.27537569E+02
  0.48469490E+00 -0.27537715E+02
  0.49479271E+00 -0.27537861E+02
  0.50489052E+00 -0.27538007E+02
  0.51498833E+00 -0.27538155E+02
  0.52508614E+00 -0.27538304E+02
  0.53518395E+00 -0.27538454E+02
  0.54528176E+00 -0.27538604E+02
  0.55537957E+00 -0.27538753E+02
  0.56547738E+00 -0.27538898E+02
  0.57557519E+00 -0.27539040E+02
  0.58567301E+00 -0.27539175E+02
  0.59577082E+00 -0.27539304E+02
  0.60586863E+00 -0.27539424E+02
  0.61596644E+00 -0.27539537E+02
  0.62606425E+00 -0.27539642E+02
  0.63616206E+00 -0.27539739E+02
  0.64625987E+00 -0.27539829E+02
  0.65635768E+00 -0.27539914E+02
  0.66645549E+00 -0.27539994E+02
  0.67655330E+00 -0.27540071E+02
  0.68665111E+00 -0.27540147E+02
  0.69674892E+00 -0.27540222E+02
  0.70684673E+00 -0.27540298E+02
  0.71694454E+00 -0.27540375E+02
  0.72704235E+00 -0.27540452E+02
  0.73714016E+00 -0.27540527E+02
  0.74723797E+00 -0.27540600E+02
  0.75733578E+00 -0.27540669E+02
  0.76743359E+00 -0.27540733E+02
  0.77753140E+00 -0.27540791E+02
  0.78762921E+00 -0.27540844E+02
  0.79772702E+00 -0.27540890E+02
  0.80782483E+00 -0.27540932E+02
  0.81792265E+00 -0.27540968E+02
  0.82802046E+00 -0.27541000E+02
  0.83811827E+00 -0.27541027E+02
  0.84821608E+00 -0.27541048E+02
  0.85831389E+00 -0.27541066E+02
  0.86841170E+00 -0.27541080E+02
  0.87850951E+00 -0.27541094E+02
  0.88860732E+00 -0.27541109E+02
  0.89870513E+00 -0.27541126E+02
  0.90880294E+00 -0.27541144E+02
  0.91890075E+00 -0.27541162E+02
  0.92899856E+00 -0.27541179E+02
  0.93909637E+00 -0.27541189E+02
  0.94919418E+00 -0.27541186E+02
  0.95929199E+00 -0.27541183E+02
  0.96938980E+00 -0.27541182E+02
  0.97948761E+00 -0.27541184E+02
  0.98958542E+00 -0.27541189E+02
  0.99968323E+00 -0.27541197E+02
  0.10097810E+01 -0.27541205E+02
  0.10198328E+01 -0.27541201E+02
  0.10298846E+01 -0.27541197E+02
  0.10399364E+01 -0.27541193E+02
  0.10499882E+01 -0.27541190E+02
  0.10600399E+01 -0.27541188E+02
  0.10700917E+01 -0.27541187E+02
  0.10801435E+01 -0.27541186E+02
  0.10901953E+01 -0.27541186E+02
  0.11002471E+01 -0.27541183E+02
  0.11102988E+01 -0.27541177E+02
  0.11203506E+01 -0.27541170E+02
  0.11304024E+01 -0.27541162E+02
  0.11404542E+01 -0.27541153E+02
  0.11505060E+01 -0.27541144E+02
  0.11605577E+01 -0.27541134E+02
  0.11706095E+01 -0.27541121E+02
  0.11806613E+01 -0.27541106E+02
  0.11907131E+01 -0.27541089E+02
  0.12007648E+01 -0.27541068E+02
  0.12108166E+01 -0.27541044E+02
  0.12208684E+01 -0.27541017E+02
  0.12309202E+01 -0.27540988E+02
  0.12409720E+01 -0.27540958E+02
  0.12510237E+01 -0.27540927E+02
  0.12610755E+01 -0.27540897E+02
  0.12711273E+01 -0.27540868E+02
  0.12811791E+01 -0.27540840E+02
  0.12912309E+01 -0.27540814E+02
  0.13012826E+01 -0.27540790E+02
  0.13113344E+01 -0.27540768E+02
  0.13213862E+01 -0.27540745E+02
  0.13314380E+01 -0.27540722E+02
  0.13414898E+01 -0.27540697E+02
  0.13515415E+01 -0.27540671E+02
  0.13615933E+01 -0.27540641E+02
  0.13716451E+01 -0.27540608E+02
  0.13816969E+01 -0.27540573E+02
  0.13917486E+01 -0.27540535E+02
  0.14018004E+01 -0.27540496E+02
  0.14118522E+01 -0.27540456E+02
  0.14219040E+01 -0.27540415E+02
  0.14319558E+01 -0.27540374E+02
  0.14420075E+01 -0.27540335E+02
  0.14520593E+01 -0.27540297E+02
  0.14621111E+01 -0.27540262E+02
  0.14721629E+01 -0.27540228E+02
  0.14822147E+01 -0.27540197E+02
  0.14922664E+01 -0.27540165E+02
  0.15023182E+01 -0.27540133E+02
  0.15123700E+01 -0.27540100E+02
  0.15224218E+01 -0.27540065E+02
  0.15324736E+01 -0.27540030E+02
  0.15425253E+01 -0.27539993E+02
  0.15525771E+01 -0.27539956E+02
  0.15626289E+01 -0.27539916E+02
  0.15726807E+01 -0.27539875E+02
  0.15827325E+01 -0.27539833E+02
  0.15927842E+01 -0.27539789E+02
  0.16028360E+01 -0.27539745E+02
  0.16128878E+01 -0.27539700E+02
  0.16229396E+01 -0.27539656E+02
  0.16329913E+01 -0.27539610E+02
  0.16430431E+01 -0.27539565E+02
  0.16530949E+01 -0.27539519E+02
  0.16631467E+01 -0.27539474E+02
  0.16731985E+01 -0.27539429E+02
  0.16832502E+01 -0.27539385E+02
  0.16933020E+01 -0.27539342E+02
  0.17033538E+01 -0.27539300E+02
  0.17134056E+01 -0.27539259E+02
  0.17234574E+01 -0.27539219E+02
  0.17335091E+01 -0.27539172E+02
  0.17435609E+01 -0.27539122E+02
  0.17536127E+01 -0.27539076E+02
  0.17636645E+01 -0.27539034E+02
  0.17737163E+01 -0.27538998E+02
  0.17837680E+01 -0.27538968E+02
  0.17938198E+01 -0.27538943E+02
  0.18038716E+01 -0.27538925E+02
  0.18139234E+01 -0.27538912E+02
  0.18239751E+01 -0.27538902E+02
  0.18340269E+01 -0.27538896E+02
  0.18440787E+01 -0.27538890E+02
  0.18541305E+01 -0.27538885E+02
  0.18641823E+01 -0.27538882E+02
  0.18742340E+01 -0.27538881E+02
  0.18842858E+01 -0.27538881E+02
  0.18943836E+01 -0.27538696E+02
  0.19044814E+01 -0.27538507E+02
  0.19145793E+01 -0.27538318E+02
  0.19246771E+01 -0.27538131E+02
  0.19347749E+01 -0.27537944E+02
  0.19448727E+01 -0.27537760E+02
  0.19549705E+01 -0.27537577E+02
  0.19650683E+01 -0.27537397E+02
  0.19751661E+01 -0.27537220E+02
  0.19852639E+01 -0.27537045E+02
  0.19953617E+01 -0.27536873E+02
  0.20054595E+01 -0.27536704E+02
  0.20155574E+01 -0.27536538E+02
  0.20256552E+01 -0.27536375E+02
  0.20357530E+01 -0.27536214E+02
  0.20458508E+01 -0.27536056E+02
  0.20559486E+01 -0.27535899E+02
  0.20660464E+01 -0.27535745E+02
  0.20761442E+01 -0.27535593E+02
  0.20862420E+01 -0.27535442E+02
  0.20963398E+01 -0.27535292E+02
  0.21064377E+01 -0.27535144E+02
  0.21165355E+01 -0.27534996E+02
  0.21266333E+01 -0.27534851E+02
  0.21367311E+01 -0.27534707E+02
  0.21468289E+01 -0.27534565E+02
  0.21569267E+01 -0.27534427E+02
  0.21670245E+01 -0.27534293E+02
  0.21771223E+01 -0.27534163E+02
  0.21872201E+01 -0.27534040E+02
  0.21973179E+01 -0.27533923E+02
  0.22074158E+01 -0.27533813E+02
  0.22175136E+01 -0.27533710E+02
  0.22276114E+01 -0.27533616E+02
  0.22377092E+01 -0.27533529E+02
  0.22478070E+01 -0.27533450E+02
  0.22579048E+01 -0.27533378E+02
  0.22680026E+01 -0.27533312E+02
  0.22781004E+01 -0.27533252E+02
  0.22881982E+01 -0.27533197E+02
  0.22982961E+01 -0.27533146E+02
  0.23083939E+01 -0.27533099E+02
  0.23184917E+01 -0.27533055E+02
  0.23285895E+01 -0.27533016E+02
  0.23386873E+01 -0.27532980E+02
  0.23487851E+01 -0.27532949E+02
  0.23588829E+01 -0.27532923E+02
  0.23689807E+01 -0.27532903E+02
  0.23790785E+01 -0.27532889E+02
  0.23891763E+01 -0.27532882E+02
  0.23992742E+01 -0.27532890E+02
  0.24093720E+01 -0.27532906E+02
  0.24194698E+01 -0.27532930E+02
  0.24295676E+01 -0.27532958E+02
  0.24396654E+01 -0.27532991E+02
  0.24497632E+01 -0.27533026E+02
  0.24598610E+01 -0.27533061E+02
  0.24699588E+01 -0.27533097E+02
  0.24800566E+01 -0.27533132E+02
  0.24901545E+01 -0.27533168E+02
  0.25002523E+01 -0.27533203E+02
  0.25103501E+01 -0.27533241E+02
  0.25204479E+01 -0.27533281E+02
  0.25305457E+01 -0.27533326E+02
  0.25406435E+01 -0.27533377E+02
  0.25507413E+01 -0.27533435E+02
  0.25608391E+01 -0.27533502E+02
  0.25709369E+01 -0.27533578E+02
  0.25810347E+01 -0.27533662E+02
  0.25911326E+01 -0.27533755E+02
  0.26012304E+01 -0.27533856E+02
  0.26113282E+01 -0.27533963E+02
  0.26214260E+01 -0.27534076E+02
  0.26315238E+01 -0.27534194E+02
  0.26416216E+01 -0.27534315E+02
  0.26517194E+01 -0.27534438E+02
  0.26618172E+01 -0.27534564E+02
  0.26719150E+01 -0.27534693E+02
  0.26820129E+01 -0.27534824E+02
  0.26921107E+01 -0.27534958E+02
  0.27022085E+01 -0.27535096E+02
  0.27123063E+01 -0.27535238E+02
  0.27224041E+01 -0.27535384E+02
  0.27325019E+01 -0.27535535E+02
  0.27425997E+01 -0.27535690E+02
  0.27526975E+01 -0.27535848E+02
  0.27627953E+01 -0.27536009E+02
  0.27728931E+01 -0.27536172E+02
  0.27829910E+01 -0.27536335E+02
  0.27930888E+01 -0.27536498E+02
  0.28031866E+01 -0.27536659E+02
  0.28132844E+01 -0.27536817E+02
  0.28233822E+01 -0.27536973E+02
  0.28334800E+01 -0.27537125E+02
  0.28435778E+01 -0.27537275E+02
  0.28536756E+01 -0.27537423E+02
  0.28637734E+01 -0.27537569E+02
  0.28738712E+01 -0.27537715E+02
  0.28839691E+01 -0.27537861E+02
  0.28940669E+01 -0.27538007E+02
  0.29041647E+01 -0.27538155E+02
  0.29142625E+01 -0.27538304E+02
  0.29243603E+01 -0.27538454E+02
  0.29344581E+01 -0.27538604E+02
  0.29445559E+01 -0.27538753E+02
  0.29546537E+01 -0.27538898E+02
  0.29647515E+01 -0.27539040E+02
  0.29748494E+01 -0.27539175E+02
  0.29849472E+01 -0.27539304E+02
  0.29950450E+01 -0.27539424E+02
  0.30051428E+01 -0.27539537E+02
  0.30152406E+01 -0.27539642E+02
  0.30253384E+01 -0.27539739E+02
  0.30354362E+01 -0.27539829E+02
  0.30455340E+01 -0.27539914E+02
  0.30556318E+01 -0.27539994E+02
  0.30657296E+01 -0.27540071E+02
  0.30758275E+01 -0.27540147E+02
  0.30859253E+01 -0.27540222E+02
  0.30960231E+01 -0.27540298E+02
  0.31061209E+01 -0.27540375E+02
  0.31162187E+01 -0.27540452E+02
  0.31263165E+01 -0.27540527E+02
  0.31364143E+01 -0.27540600E+02
  0.31465121E+01 -0.27540669E+02
  0.31566099E+01 -0.27540733E+02
  0.31667078E+01 -0.27540791E+02
  0.31768056E+01 -0.27540844E+02
  0.31869034E+01 -0.27540890E+02
  0.31970012E+01 -0.27540932E+02
  0.32070990E+01 -0.27540968E+02
  0.32171968E+01 -0.27541000E+02
  0.32272946E+01 -0.27541027E+02
  0.32373924E+01 -0.27541048E+02
  0.32474902E+01 -0.27541066E+02
  0.32575880E+01 -0.27541080E+02
  0.32676859E+01 -0.27541094E+02
  0.32777837E+01 -0.27541109E+02
  0.32878815E+01 -0.27541126E+02
  0.32979793E+01 -0.27541144E+02
  0.33080771E+01 -0.27541162E+02
  0.33181749E+01 -0.27541179E+02
  0.33282727E+01 -0.27541189E+02
  0.33383705E+01 -0.27541186E+02
  0.33484683E+01 -0.27541183E+02
  0.33585662E+01 -0.27541182E+02
  0.33686640E+01 -0.27541184E+02
  0.33787618E+01 -0.27541189E+02
  0.33888596E+01 -0.27541197E+02
  0.33989574E+01 -0.27541205E+02
  
  0.00000000E+00 -0.27498284E+02
  0.10097810E-01 -0.27498286E+02
  0.20195621E-01 -0.27498293E+02
  0.30293431E-01 -0.27498304E+02
  0.40391242E-01 -0.27498319E+02
  0.50489052E-01 -0.27498338E+02
  0.60586863E-01 -0.27498362E+02
  0.70684673E-01 -0.27498389E+02
  0.80782483E-01 -0.27498421E+02
  0.90880294E-01 -0.27498456E+02
  0.10097810E+00 -0.27498494E+02
  0.11107591E+00 -0.27498535E+02
  0.12117373E+00 -0.27498578E+02
  0.13127154E+00 -0.27498622E+02
  0.14136935E+00 -0.27498665E+02
  0.15146716E+00 -0.27498709E+02
  0.16156497E+00 -0.27498752E+02
  0.17166278E+00 -0.27498796E+02
  0.18176059E+00 -0.27498840E+02
  0.19185840E+00 -0.27498886E+02
  0.20195621E+00 -0.27498934E+02
  0.21205402E+00 -0.27498985E+02
  0.22215183E+00 -0.27499039E+02
  0.23224964E+00 -0.27499098E+02
  0.24234745E+00 -0.27499160E+02
  0.25244526E+00 -0.27499226E+02
  0.26254307E+00 -0.27499295E+02
  0.27264088E+00 -0.27499365E+02
  0.28273869E+00 -0.27499437E+02
  0.29283650E+00 -0.27499508E+02
  0.30293431E+00 -0.27499577E+02
  0.31303212E+00 -0.27499645E+02
  0.32312993E+00 -0.27499710E+02
  0.33322774E+00 -0.27499772E+02
  0.34332555E+00 -0.27499832E+02
  0.35342337E+00 -0.27499889E+02
  0.36352118E+00 -0.27499945E+02
  0.37361899E+00 -0.27500000E+02
  0.38371680E+00 -0.27500055E+02
  0.39381461E+00 -0.27500111E+02
  0.40391242E+00 -0.27500169E+02
  0.41401023E+00 -0.27500228E+02
  0.42410804E+00 -0.27500289E+02
  0.43420585E+00 -0.27500351E+02
  0.44430366E+00 -0.27500414E+02
  0.45440147E+00 -0.27500477E+02
  0.46449928E+00 -0.27500539E+02
  0.47459709E+00 -0.27500599E+02
  0.48469490E+00 -0.27500657E+02
  0.49479271E+00 -0.27500711E+02
  0.50489052E+00 -0.27500761E+02
  0.51498833E+00 -0.27500808E+02
  0.52508614E+00 -0.27500851E+02
  0.53518395E+00 -0.27500891E+02
  0.54528176E+00 -0.27500928E+02
  0.55537957E+00 -0.27500962E+02
  0.56547738E+00 -0.27500996E+02
  0.57557519E+00 -0.27501029E+02
  0.58567301E+00 -0.27501062E+02
  0.59577082E+00 -0.27501095E+02
  0.60586863E+00 -0.27501128E+02
  0.61596644E+00 -0.27501161E+02
  0.62606425E+00 -0.27501194E+02
  0.63616206E+00 -0.27501226E+02
  0.64625987E+00 -0.27501257E+02
  0.65635768E+00 -0.27501285E+02
  0.66645549E+00 -0.27501311E+02
  0.67655330E+00 -0.27501333E+02
  0.68665111E+00 -0.27501352E+02
  0.69674892E+00 -0.27501367E+02
  0.70684673E+00 -0.27501378E+02
  0.71694454E+00 -0.27501386E+02
  0.72704235E+00 -0.27501392E+02
  0.73714016E+00 -0.27501395E+02
  0.74723797E+00 -0.27501397E+02
  0.75733578E+00 -0.27501397E+02
  0.76743359E+00 -0.27501397E+02
  0.77753140E+00 -0.27501397E+02
  0.78762921E+00 -0.27501397E+02
  0.79772702E+00 -0.27501396E+02
  0.80782483E+00 -0.27501394E+02
  0.81792265E+00 -0.27501391E+02
  0.82802046E+00 -0.27501386E+02
  0.83811827E+00 -0.27501378E+02
  0.84821608E+00 -0.27501366E+02
  0.85831389E+00 -0.27501349E+02
  0.86841170E+00 -0.27501328E+02
  0.87850951E+00 -0.27501302E+02
  0.88860732E+00 -0.27501271E+02
  0.89870513E+00 -0.27501236E+02
  0.90880294E+00 -0.27501195E+02
  0.91890075E+00 -0.27501151E+02
  0.92899856E+00 -0.27501104E+02
  0.93909637E+00 -0.27501054E+02
  0.94919418E+00 -0.27501002E+02
  0.95929199E+00 -0.27500949E+02
  0.96938980E+00 -0.27500895E+02
  0.97948761E+00 -0.27500840E+02
  0.98958542E+00 -0.27500785E+02
  0.99968323E+00 -0.27500728E+02
  0.10097810E+01 -0.27500671E+02
  0.10198328E+01 -0.27500734E+02
  0.10298846E+01 -0.27500795E+02
  0.10399364E+01 -0.27500852E+02
  0.10499882E+01 -0.27500905E+02
  0.10600399E+01 -0.27500955E+02
  0.10700917E+01 -0.27501002E+02
  0.10801435E+01 -0.27501049E+02
  0.10901953E+01 -0.27501094E+02
  0.11002471E+01 -0.27501138E+02
  0.11102988E+01 -0.27501182E+02
  0.11203506E+01 -0.27501224E+02
  0.11304024E+01 -0.27501265E+02
  0.11404542E+01 -0.27501302E+02
  0.11505060E+01 -0.27501335E+02
  0.11605577E+01 -0.27501363E+02
  0.11706095E+01 -0.27501386E+02
  0.11806613E+01 -0.27501403E+02
  0.11907131E+01 -0.27501415E+02
  0.12007648E+01 -0.27501421E+02
  0.12108166E+01 -0.27501424E+02
  0.12208684E+01 -0.27501423E+02
  0.12309202E+01 -0.27501420E+02
  0.12409720E+01 -0.27501417E+02
  0.12510237E+01 -0.27501412E+02
  0.12610755E+01 -0.27501408E+02
  0.12711273E+01 -0.27501405E+02
  0.12811791E+01 -0.27501402E+02
  0.12912309E+01 -0.27501398E+02
  0.13012826E+01 -0.27501393E+02
  0.13113344E+01 -0.27501387E+02
  0.13213862E+01 -0.27501377E+02
  0.13314380E+01 -0.27501364E+02
  0.13414898E+01 -0.27501347E+02
  0.13515415E+01 -0.27501325E+02
  0.13615933E+01 -0.27501299E+02
  0.13716451E+01 -0.27501268E+02
  0.13816969E+01 -0.27501235E+02
  0.13917486E+01 -0.27501199E+02
  0.14018004E+01 -0.27501160E+02
  0.14118522E+01 -0.27501121E+02
  0.14219040E+01 -0.27501080E+02
  0.14319558E+01 -0.27501039E+02
  0.14420075E+01 -0.27500998E+02
  0.14520593E+01 -0.27500956E+02
  0.14621111E+01 -0.27500913E+02
  0.14721629E+01 -0.27500870E+02
  0.14822147E+01 -0.27500825E+02
  0.14922664E+01 -0.27500779E+02
  0.15023182E+01 -0.27500731E+02
  0.15123700E+01 -0.27500681E+02
  0.15224218E+01 -0.27500629E+02
  0.15324736E+01 -0.27500576E+02
  0.15425253E+01 -0.27500520E+02
  0.15525771E+01 -0.27500463E+02
  0.15626289E+01 -0.27500405E+02
  0.15726807E+01 -0.27500345E+02
  0.15827325E+01 -0.27500283E+02
  0.15927842E+01 -0.27500219E+02
  0.16028360E+01 -0.27500153E+02
  0.16128878E+01 -0.27500085E+02
  0.16229396E+01 -0.27500013E+02
  0.16329913E+01 -0.27499939E+02
  0.16430431E+01 -0.27499863E+02
  0.16530949E+01 -0.27499785E+02
  0.16631467E+01 -0.27499705E+02
  0.16731985E+01 -0.27499626E+02
  0.16832502E+01 -0.27499547E+02
  0.16933020E+01 -0.27499470E+02
  0.17033538E+01 -0.27499395E+02
  0.17134056E+01 -0.27499323E+02
  0.17234574E+01 -0.27499254E+02
  0.17335091E+01 -0.27499186E+02
  0.17435609E+01 -0.27499120E+02
  0.17536127E+01 -0.27499054E+02
  0.17636645E+01 -0.27498988E+02
  0.17737163E+01 -0.27498919E+02
  0.17837680E+01 -0.27498847E+02
  0.17938198E+01 -0.27498771E+02
  0.18038716E+01 -0.27498692E+02
  0.18139234E+01 -0.27498609E+02
  0.18239751E+01 -0.27498524E+02
  0.18340269E+01 -0.27498438E+02
  0.18440787E+01 -0.27498353E+02
  0.18541305E+01 -0.27498270E+02
  0.18641823E+01 -0.27498192E+02
  0.18742340E+01 -0.27498119E+02
  0.18842858E+01 -0.27498063E+02
  0.18943836E+01 -0.27498081E+02
  0.19044814E+01 -0.27498107E+02
  0.19145793E+01 -0.27498134E+02
  0.19246771E+01 -0.27498160E+02
  0.19347749E+01 -0.27498186E+02
  0.19448727E+01 -0.27498210E+02
  0.19549705E+01 -0.27498231E+02
  0.19650683E+01 -0.27498251E+02
  0.19751661E+01 -0.27498268E+02
  0.19852639E+01 -0.27498284E+02
  0.19953617E+01 -0.27498298E+02
  0.20054595E+01 -0.27498312E+02
  0.20155574E+01 -0.27498326E+02
  0.20256552E+01 -0.27498340E+02
  0.20357530E+01 -0.27498355E+02
  0.20458508E+01 -0.27498372E+02
  0.20559486E+01 -0.27498391E+02
  0.20660464E+01 -0.27498410E+02
  0.20761442E+01 -0.27498430E+02
  0.20862420E+01 -0.27498449E+02
  0.20963398E+01 -0.27498467E+02
  0.21064377E+01 -0.27498482E+02
  0.21165355E+01 -0.27498494E+02
  0.21266333E+01 -0.27498502E+02
  0.21367311E+01 -0.27498506E+02
  0.21468289E+01 -0.27498507E+02
  0.21569267E+01 -0.27498505E+02
  0.21670245E+01 -0.27498500E+02
  0.21771223E+01 -0.27498493E+02
  0.21872201E+01 -0.27498484E+02
  0.21973179E+01 -0.27498475E+02
  0.22074158E+01 -0.27498466E+02
  0.22175136E+01 -0.27498458E+02
  0.22276114E+01 -0.27498450E+02
  0.22377092E+01 -0.27498443E+02
  0.22478070E+01 -0.27498438E+02
  0.22579048E+01 -0.27498432E+02
  0.22680026E+01 -0.27498427E+02
  0.22781004E+01 -0.27498420E+02
  0.22881982E+01 -0.27498412E+02
  0.22982961E+01 -0.27498403E+02
  0.23083939E+01 -0.27498392E+02
  0.23184917E+01 -0.27498379E+02
  0.23285895E+01 -0.27498365E+02
  0.23386873E+01 -0.27498349E+02
  0.23487851E+01 -0.27498334E+02
  0.23588829E+01 -0.27498318E+02
  0.23689807E+01 -0.27498304E+02
  0.23790785E+01 -0.27498292E+02
  0.23891763E+01 -0.27498284E+02
  0.23992742E+01 -0.27498286E+02
  0.24093720E+01 -0.27498293E+02
  0.24194698E+01 -0.27498304E+02
  0.24295676E+01 -0.27498319E+02
  0.24396654E+01 -0.27498338E+02
  0.24497632E+01 -0.27498362E+02
  0.24598610E+01 -0.27498389E+02
  0.24699588E+01 -0.27498421E+02
  0.24800566E+01 -0.27498456E+02
  0.24901545E+01 -0.27498494E+02
  0.25002523E+01 -0.27498535E+02
  0.25103501E+01 -0.27498578E+02
  0.25204479E+01 -0.27498622E+02
  0.25305457E+01 -0.27498665E+02
  0.25406435E+01 -0.27498709E+02
  0.25507413E+01 -0.27498752E+02
  0.25608391E+01 -0.27498796E+02
  0.25709369E+01 -0.27498840E+02
  0.25810347E+01 -0.27498886E+02
  0.25911326E+01 -0.27498934E+02
  0.26012304E+01 -0.27498985E+02
  0.26113282E+01 -0.27499039E+02
  0.26214260E+01 -0.27499098E+02
  0.26315238E+01 -0.27499160E+02
  0.26416216E+01 -0.27499226E+02
  0.26517194E+01 -0.27499295E+02
  0.26618172E+01 -0.27499365E+02
  0.26719150E+01 -0.27499437E+02
  0.26820129E+01 -0.27499508E+02
  0.26921107E+01 -0.27499577E+02
  0.27022085E+01 -0.27499645E+02
  0.27123063E+01 -0.27499710E+02
  0.27224041E+01 -0.27499772E+02
  0.27325019E+01 -0.27499832E+02
  0.27425997E+01 -0.27499889E+02
  0.27526975E+01 -0.27499945E+02
  0.27627953E+01 -0.27500000E+02
  0.27728931E+01 -0.27500055E+02
  0.27829910E+01 -0.27500111E+02
  0.27930888E+01 -0.27500169E+02
  0.28031866E+01 -0.27500228E+02
  0.28132844E+01 -0.27500289E+02
  0.28233822E+01 -0.27500351E+02
  0.28334800E+01 -0.27500414E+02
  0.28435778E+01 -0.27500477E+02
  0.28536756E+01 -0.27500539E+02
  0.28637734E+01 -0.27500599E+02
  0.28738712E+01 -0.27500657E+02
  0.28839691E+01 -0.27500711E+02
  0.28940669E+01 -0.27500761E+02
  0.29041647E+01 -0.27500808E+02
  0.29142625E+01 -0.27500851E+02
  0.29243603E+01 -0.27500891E+02
  0.29344581E+01 -0.27500928E+02
  0.29445559E+01 -0.27500962E+02
  0.29546537E+01 -0.27500996E+02
  0.29647515E+01 -0.27501029E+02
  0.29748494E+01 -0.27501062E+02
  0.29849472E+01 -0.27501095E+02
  0.29950450E+01 -0.27501128E+02
  0.30051428E+01 -0.27501161E+02
  0.30152406E+01 -0.27501194E+02
  0.30253384E+01 -0.27501226E+02
  0.30354362E+01 -0.27501257E+02
  0.30455340E+01 -0.27501285E+02
  0.30556318E+01 -0.27501311E+02
  0.30657296E+01 -0.27501333E+02
  0.30758275E+01 -0.27501352E+02
  0.30859253E+01 -0.27501367E+02
  0.30960231E+01 -0.27501378E+02
  0.31061209E+01 -0.27501386E+02
  0.31162187E+01 -0.27501392E+02
  0.31263165E+01 -0.27501395E+02
  0.31364143E+01 -0.27501397E+02
  0.31465121E+01 -0.27501397E+02
  0.31566099E+01 -0.27501397E+02
  0.31667078E+01 -0.27501397E+02
  0.31768056E+01 -0.27501397E+02
  0.31869034E+01 -0.27501396E+02
  0.31970012E+01 -0.27501394E+02
  0.32070990E+01 -0.27501391E+02
  0.32171968E+01 -0.27501386E+02
  0.32272946E+01 -0.27501378E+02
  0.32373924E+01 -0.27501366E+02
  0.32474902E+01 -0.27501349E+02
  0.32575880E+01 -0.27501328E+02
  0.32676859E+01 -0.27501302E+02
  0.32777837E+01 -0.27501271E+02
  0.32878815E+01 -0.27501236E+02
  0.32979793E+01 -0.27501195E+02
  0.33080771E+01 -0.27501151E+02
  0.33181749E+01 -0.27501104E+02
  0.33282727E+01 -0.27501054E+02
  0.33383705E+01 -0.27501002E+02
  0.33484683E+01 -0.27500949E+02
  0.33585662E+01 -0.27500895E+02
  0.33686640E+01 -0.27500840E+02
  0.33787618E+01 -0.27500785E+02
  0.33888596E+01 -0.27500728E+02
  0.33989574E+01 -0.27500671E+02
  
  0.00000000E+00 -0.27497806E+02
  0.10097810E-01 -0.27497806E+02
  0.20195621E-01 -0.27497805E+02
  0.30293431E-01 -0.27497803E+02
  0.40391242E-01 -0.27497799E+02
  0.50489052E-01 -0.27497793E+02
  0.60586863E-01 -0.27497784E+02
  0.70684673E-01 -0.27497772E+02
  0.80782483E-01 -0.27497756E+02
  0.90880294E-01 -0.27497736E+02
  0.10097810E+00 -0.27497713E+02
  0.11107591E+00 -0.27497688E+02
  0.12117373E+00 -0.27497661E+02
  0.13127154E+00 -0.27497635E+02
  0.14136935E+00 -0.27497611E+02
  0.15146716E+00 -0.27497589E+02
  0.16156497E+00 -0.27497570E+02
  0.17166278E+00 -0.27497555E+02
  0.18176059E+00 -0.27497542E+02
  0.19185840E+00 -0.27497531E+02
  0.20195621E+00 -0.27497520E+02
  0.21205402E+00 -0.27497509E+02
  0.22215183E+00 -0.27497495E+02
  0.23224964E+00 -0.27497479E+02
  0.24234745E+00 -0.27497460E+02
  0.25244526E+00 -0.27497437E+02
  0.26254307E+00 -0.27497411E+02
  0.27264088E+00 -0.27497384E+02
  0.28273869E+00 -0.27497355E+02
  0.29283650E+00 -0.27497328E+02
  0.30293431E+00 -0.27497302E+02
  0.31303212E+00 -0.27497280E+02
  0.32312993E+00 -0.27497262E+02
  0.33322774E+00 -0.27497250E+02
  0.34332555E+00 -0.27497243E+02
  0.35342337E+00 -0.27497241E+02
  0.36352118E+00 -0.27497242E+02
  0.37361899E+00 -0.27497247E+02
  0.38371680E+00 -0.27497252E+02
  0.39381461E+00 -0.27497258E+02
  0.40391242E+00 -0.27497262E+02
  0.41401023E+00 -0.27497264E+02
  0.42410804E+00 -0.27497263E+02
  0.43420585E+00 -0.27497260E+02
  0.44430366E+00 -0.27497255E+02
  0.45440147E+00 -0.27497250E+02
  0.46449928E+00 -0.27497244E+02
  0.47459709E+00 -0.27497241E+02
  0.48469490E+00 -0.27497242E+02
  0.49479271E+00 -0.27497247E+02
  0.50489052E+00 -0.27497258E+02
  0.51498833E+00 -0.27497275E+02
  0.52508614E+00 -0.27497299E+02
  0.53518395E+00 -0.27497328E+02
  0.54528176E+00 -0.27497363E+02
  0.55537957E+00 -0.27497402E+02
  0.56547738E+00 -0.27497444E+02
  0.57557519E+00 -0.27497489E+02
  0.58567301E+00 -0.27497534E+02
  0.59577082E+00 -0.27497579E+02
  0.60586863E+00 -0.27497625E+02
  0.61596644E+00 -0.27497671E+02
  0.62606425E+00 -0.27497718E+02
  0.63616206E+00 -0.27497766E+02
  0.64625987E+00 -0.27497817E+02
  0.65635768E+00 -0.27497871E+02
  0.66645549E+00 -0.27497929E+02
  0.67655330E+00 -0.27497992E+02
  0.68665111E+00 -0.27498060E+02
  0.69674892E+00 -0.27498134E+02
  0.70684673E+00 -0.27498213E+02
  0.71694454E+00 -0.27498296E+02
  0.72704235E+00 -0.27498383E+02
  0.73714016E+00 -0.27498472E+02
  0.74723797E+00 -0.27498563E+02
  0.75733578E+00 -0.27498654E+02
  0.76743359E+00 -0.27498744E+02
  0.77753140E+00 -0.27498833E+02
  0.78762921E+00 -0.27498921E+02
  0.79772702E+00 -0.27499007E+02
  0.80782483E+00 -0.27499091E+02
  0.81792265E+00 -0.27499174E+02
  0.82802046E+00 -0.27499257E+02
  0.83811827E+00 -0.27499339E+02
  0.84821608E+00 -0.27499422E+02
  0.85831389E+00 -0.27499506E+02
  0.86841170E+00 -0.27499590E+02
  0.87850951E+00 -0.27499676E+02
  0.88860732E+00 -0.27499763E+02
  0.89870513E+00 -0.27499850E+02
  0.90880294E+00 -0.27499937E+02
  0.91890075E+00 -0.27500023E+02
  0.92899856E+00 -0.27500107E+02
  0.93909637E+00 -0.27500189E+02
  0.94919418E+00 -0.27500267E+02
  0.95929199E+00 -0.27500342E+02
  0.96938980E+00 -0.27500414E+02
  0.97948761E+00 -0.27500482E+02
  0.98958542E+00 -0.27500547E+02
  0.99968323E+00 -0.27500609E+02
  0.10097810E+01 -0.27500669E+02
  0.10198328E+01 -0.27500601E+02
  0.10298846E+01 -0.27500530E+02
  0.10399364E+01 -0.27500456E+02
  0.10499882E+01 -0.27500381E+02
  0.10600399E+01 -0.27500306E+02
  0.10700917E+01 -0.27500232E+02
  0.10801435E+01 -0.27500159E+02
  0.10901953E+01 -0.27500086E+02
  0.11002471E+01 -0.27500015E+02
  0.11102988E+01 -0.27499943E+02
  0.11203506E+01 -0.27499871E+02
  0.11304024E+01 -0.27499798E+02
  0.11404542E+01 -0.27499721E+02
  0.11505060E+01 -0.27499641E+02
  0.11605577E+01 -0.27499558E+02
  0.11706095E+01 -0.27499471E+02
  0.11806613E+01 -0.27499380E+02
  0.11907131E+01 -0.27499287E+02
  0.12007648E+01 -0.27499193E+02
  0.12108166E+01 -0.27499098E+02
  0.12208684E+01 -0.27499005E+02
  0.12309202E+01 -0.27498913E+02
  0.12409720E+01 -0.27498825E+02
  0.12510237E+01 -0.27498739E+02
  0.12610755E+01 -0.27498655E+02
  0.12711273E+01 -0.27498574E+02
  0.12811791E+01 -0.27498494E+02
  0.12912309E+01 -0.27498413E+02
  0.13012826E+01 -0.27498332E+02
  0.13113344E+01 -0.27498250E+02
  0.13213862E+01 -0.27498165E+02
  0.13314380E+01 -0.27498080E+02
  0.13414898E+01 -0.27497995E+02
  0.13515415E+01 -0.27497912E+02
  0.13615933E+01 -0.27497832E+02
  0.13716451E+01 -0.27497757E+02
  0.13816969E+01 -0.27497689E+02
  0.13917486E+01 -0.27497629E+02
  0.14018004E+01 -0.27497577E+02
  0.14118522E+01 -0.27497533E+02
  0.14219040E+01 -0.27497497E+02
  0.14319558E+01 -0.27497466E+02
  0.14420075E+01 -0.27497439E+02
  0.14520593E+01 -0.27497414E+02
  0.14621111E+01 -0.27497389E+02
  0.14721629E+01 -0.27497362E+02
  0.14822147E+01 -0.27497332E+02
  0.14922664E+01 -0.27497299E+02
  0.15023182E+01 -0.27497263E+02
  0.15123700E+01 -0.27497226E+02
  0.15224218E+01 -0.27497190E+02
  0.15324736E+01 -0.27497155E+02
  0.15425253E+01 -0.27497125E+02
  0.15525771E+01 -0.27497102E+02
  0.15626289E+01 -0.27497085E+02
  0.15726807E+01 -0.27497078E+02
  0.15827325E+01 -0.27497078E+02
  0.15927842E+01 -0.27497085E+02
  0.16028360E+01 -0.27497099E+02
  0.16128878E+01 -0.27497116E+02
  0.16229396E+01 -0.27497136E+02
  0.16329913E+01 -0.27497155E+02
  0.16430431E+01 -0.27497174E+02
  0.16530949E+01 -0.27497191E+02
  0.16631467E+01 -0.27497206E+02
  0.16731985E+01 -0.27497219E+02
  0.16832502E+01 -0.27497232E+02
  0.16933020E+01 -0.27497246E+02
  0.17033538E+01 -0.27497262E+02
  0.17134056E+01 -0.27497282E+02
  0.17234574E+01 -0.27497307E+02
  0.17335091E+01 -0.27497337E+02
  0.17435609E+01 -0.27497372E+02
  0.17536127E+01 -0.27497413E+02
  0.17636645E+01 -0.27497458E+02
  0.17737163E+01 -0.27497506E+02
  0.17837680E+01 -0.27497555E+02
  0.17938198E+01 -0.27497604E+02
  0.18038716E+01 -0.27497653E+02
  0.18139234E+01 -0.27497701E+02
  0.18239751E+01 -0.27497747E+02
  0.18340269E+01 -0.27497793E+02
  0.18440787E+01 -0.27497840E+02
  0.18541305E+01 -0.27497888E+02
  0.18641823E+01 -0.27497939E+02
  0.18742340E+01 -0.27497995E+02
  0.18842858E+01 -0.27498045E+02
  0.18943836E+01 -0.27498029E+02
  0.19044814E+01 -0.27498011E+02
  0.19145793E+01 -0.27497997E+02
  0.19246771E+01 -0.27497986E+02
  0.19347749E+01 -0.27497977E+02
  0.19448727E+01 -0.27497970E+02
  0.19549705E+01 -0.27497963E+02
  0.19650683E+01 -0.27497955E+02
  0.19751661E+01 -0.27497945E+02
  0.19852639E+01 -0.27497933E+02
  0.19953617E+01 -0.27497918E+02
  0.20054595E+01 -0.27497900E+02
  0.20155574E+01 -0.27497880E+02
  0.20256552E+01 -0.27497860E+02
  0.20357530E+01 -0.27497839E+02
  0.20458508E+01 -0.27497819E+02
  0.20559486E+01 -0.27497801E+02
  0.20660464E+01 -0.27497786E+02
  0.20761442E+01 -0.27497776E+02
  0.20862420E+01 -0.27497771E+02
  0.20963398E+01 -0.27497770E+02
  0.21064377E+01 -0.27497774E+02
  0.21165355E+01 -0.27497781E+02
  0.21266333E+01 -0.27497791E+02
  0.21367311E+01 -0.27497802E+02
  0.21468289E+01 -0.27497813E+02
  0.21569267E+01 -0.27497822E+02
  0.21670245E+01 -0.27497828E+02
  0.21771223E+01 -0.27497832E+02
  0.21872201E+01 -0.27497831E+02
  0.21973179E+01 -0.27497828E+02
  0.22074158E+01 -0.27497822E+02
  0.22175136E+01 -0.27497814E+02
  0.22276114E+01 -0.27497804E+02
  0.22377092E+01 -0.27497794E+02
  0.22478070E+01 -0.27497784E+02
  0.22579048E+01 -0.27497776E+02
  0.22680026E+01 -0.27497769E+02
  0.22781004E+01 -0.27497766E+02
  0.22881982E+01 -0.27497764E+02
  0.22982961E+01 -0.27497765E+02
  0.23083939E+01 -0.27497768E+02
  0.23184917E+01 -0.27497773E+02
  0.23285895E+01 -0.27497778E+02
  0.23386873E+01 -0.27497783E+02
  0.23487851E+01 -0.27497789E+02
  0.23588829E+01 -0.27497795E+02
  0.23689807E+01 -0.27497800E+02
  0.23790785E+01 -0.27497804E+02
  0.23891763E+01 -0.27497806E+02
  0.23992742E+01 -0.27497806E+02
  0.24093720E+01 -0.27497805E+02
  0.24194698E+01 -0.27497803E+02
  0.24295676E+01 -0.27497799E+02
  0.24396654E+01 -0.27497793E+02
  0.24497632E+01 -0.27497784E+02
  0.24598610E+01 -0.27497772E+02
  0.24699588E+01 -0.27497756E+02
  0.24800566E+01 -0.27497736E+02
  0.24901545E+01 -0.27497713E+02
  0.25002523E+01 -0.27497688E+02
  0.25103501E+01 -0.27497661E+02
  0.25204479E+01 -0.27497635E+02
  0.25305457E+01 -0.27497611E+02
  0.25406435E+01 -0.27497589E+02
  0.25507413E+01 -0.27497570E+02
  0.25608391E+01 -0.27497555E+02
  0.25709369E+01 -0.27497542E+02
  0.25810347E+01 -0.27497531E+02
  0.25911326E+01 -0.27497520E+02
  0.26012304E+01 -0.27497509E+02
  0.26113282E+01 -0.27497495E+02
  0.26214260E+01 -0.27497479E+02
  0.26315238E+01 -0.27497460E+02
  0.26416216E+01 -0.27497437E+02
  0.26517194E+01 -0.27497411E+02
  0.26618172E+01 -0.27497384E+02
  0.26719150E+01 -0.27497355E+02
  0.26820129E+01 -0.27497328E+02
  0.26921107E+01 -0.27497302E+02
  0.27022085E+01 -0.27497280E+02
  0.27123063E+01 -0.27497262E+02
  0.27224041E+01 -0.27497250E+02
  0.27325019E+01 -0.27497243E+02
  0.27425997E+01 -0.27497241E+02
  0.27526975E+01 -0.27497242E+02
  0.27627953E+01 -0.27497247E+02
  0.27728931E+01 -0.27497252E+02
  0.27829910E+01 -0.27497258E+02
  0.27930888E+01 -0.27497262E+02
  0.28031866E+01 -0.27497264E+02
  0.28132844E+01 -0.27497263E+02
  0.28233822E+01 -0.27497260E+02
  0.28334800E+01 -0.27497255E+02
  0.28435778E+01 -0.27497250E+02
  0.28536756E+01 -0.27497244E+02
  0.28637734E+01 -0.27497241E+02
  0.28738712E+01 -0.27497242E+02
  0.28839691E+01 -0.27497247E+02
  0.28940669E+01 -0.27497258E+02
  0.29041647E+01 -0.27497275E+02
  0.29142625E+01 -0.27497299E+02
  0.29243603E+01 -0.27497328E+02
  0.29344581E+01 -0.27497363E+02
  0.29445559E+01 -0.27497402E+02
  0.29546537E+01 -0.27497444E+02
  0.29647515E+01 -0.27497489E+02
  0.29748494E+01 -0.27497534E+02
  0.29849472E+01 -0.27497579E+02
  0.29950450E+01 -0.27497625E+02
  0.30051428E+01 -0.27497671E+02
  0.30152406E+01 -0.27497718E+02
  0.30253384E+01 -0.27497766E+02
  0.30354362E+01 -0.27497817E+02
  0.30455340E+01 -0.27497871E+02
  0.30556318E+01 -0.27497929E+02
  0.30657296E+01 -0.27497992E+02
  0.30758275E+01 -0.27498060E+02
  0.30859253E+01 -0.27498134E+02
  0.30960231E+01 -0.27498213E+02
  0.31061209E+01 -0.27498296E+02
  0.31162187E+01 -0.27498383E+02
  0.31263165E+01 -0.27498472E+02
  0.31364143E+01 -0.27498563E+02
  0.31465121E+01 -0.27498654E+02
  0.31566099E+01 -0.27498744E+02
  0.31667078E+01 -0.27498833E+02
  0.31768056E+01 -0.27498921E+02
  0.31869034E+01 -0.27499007E+02
  0.31970012E+01 -0.27499091E+02
  0.32070990E+01 -0.27499174E+02
  0.32171968E+01 -0.27499257E+02
  0.32272946E+01 -0.27499339E+02
  0.32373924E+01 -0.27499422E+02
  0.32474902E+01 -0.27499506E+02
  0.32575880E+01 -0.27499590E+02
  0.32676859E+01 -0.27499676E+02
  0.32777837E+01 -0.27499763E+02
  0.32878815E+01 -0.27499850E+02
  0.32979793E+01 -0.27499937E+02
  0.33080771E+01 -0.27500023E+02
  0.33181749E+01 -0.27500107E+02
  0.33282727E+01 -0.27500189E+02
  0.33383705E+01 -0.27500267E+02
  0.33484683E+01 -0.27500342E+02
  0.33585662E+01 -0.27500414E+02
  0.33686640E+01 -0.27500482E+02
  0.33787618E+01 -0.27500547E+02
  0.33888596E+01 -0.27500609E+02
  0.33989574E+01 -0.27500669E+02
  
  0.00000000E+00 -0.24594764E+02
  0.10097810E-01 -0.24594756E+02
  0.20195621E-01 -0.24594741E+02
  0.30293431E-01 -0.24594719E+02
  0.40391242E-01 -0.24594691E+02
  0.50489052E-01 -0.24594658E+02
  0.60586863E-01 -0.24594619E+02
  0.70684673E-01 -0.24594576E+02
  0.80782483E-01 -0.24594529E+02
  0.90880294E-01 -0.24594477E+02
  0.10097810E+00 -0.24594420E+02
  0.11107591E+00 -0.24594359E+02
  0.12117373E+00 -0.24594293E+02
  0.13127154E+00 -0.24594221E+02
  0.14136935E+00 -0.24594145E+02
  0.15146716E+00 -0.24594064E+02
  0.16156497E+00 -0.24593980E+02
  0.17166278E+00 -0.24593892E+02
  0.18176059E+00 -0.24593801E+02
  0.19185840E+00 -0.24593709E+02
  0.20195621E+00 -0.24593617E+02
  0.21205402E+00 -0.24593525E+02
  0.22215183E+00 -0.24593434E+02
  0.23224964E+00 -0.24593343E+02
  0.24234745E+00 -0.24593254E+02
  0.25244526E+00 -0.24593166E+02
  0.26254307E+00 -0.24593079E+02
  0.27264088E+00 -0.24592993E+02
  0.28273869E+00 -0.24592906E+02
  0.29283650E+00 -0.24592819E+02
  0.30293431E+00 -0.24592731E+02
  0.31303212E+00 -0.24592643E+02
  0.32312993E+00 -0.24592554E+02
  0.33322774E+00 -0.24592465E+02
  0.34332555E+00 -0.24592377E+02
  0.35342337E+00 -0.24592290E+02
  0.36352118E+00 -0.24592205E+02
  0.37361899E+00 -0.24592122E+02
  0.38371680E+00 -0.24592043E+02
  0.39381461E+00 -0.24591968E+02
  0.40391242E+00 -0.24591898E+02
  0.41401023E+00 -0.24591831E+02
  0.42410804E+00 -0.24591769E+02
  0.43420585E+00 -0.24591709E+02
  0.44430366E+00 -0.24591653E+02
  0.45440147E+00 -0.24591598E+02
  0.46449928E+00 -0.24591544E+02
  0.47459709E+00 -0.24591491E+02
  0.48469490E+00 -0.24591438E+02
  0.49479271E+00 -0.24591384E+02
  0.50489052E+00 -0.24591330E+02
  0.51498833E+00 -0.24591273E+02
  0.52508614E+00 -0.24591216E+02
  0.53518395E+00 -0.24591157E+02
  0.54528176E+00 -0.24591097E+02
  0.55537957E+00 -0.24591036E+02
  0.56547738E+00 -0.24590974E+02
  0.57557519E+00 -0.24590912E+02
  0.58567301E+00 -0.24590850E+02
  0.59577082E+00 -0.24590789E+02
  0.60586863E+00 -0.24590728E+02
  0.61596644E+00 -0.24590667E+02
  0.62606425E+00 -0.24590608E+02
  0.63616206E+00 -0.24590550E+02
  0.64625987E+00 -0.24590495E+02
  0.65635768E+00 -0.24590441E+02
  0.66645549E+00 -0.24590390E+02
  0.67655330E+00 -0.24590342E+02
  0.68665111E+00 -0.24590297E+02
  0.69674892E+00 -0.24590255E+02
  0.70684673E+00 -0.24590215E+02
  0.71694454E+00 -0.24590179E+02
  0.72704235E+00 -0.24590144E+02
  0.73714016E+00 -0.24590111E+02
  0.74723797E+00 -0.24590080E+02
  0.75733578E+00 -0.24590048E+02
  0.76743359E+00 -0.24590017E+02
  0.77753140E+00 -0.24589984E+02
  0.78762921E+00 -0.24589950E+02
  0.79772702E+00 -0.24589914E+02
  0.80782483E+00 -0.24589875E+02
  0.81792265E+00 -0.24589836E+02
  0.82802046E+00 -0.24589795E+02
  0.83811827E+00 -0.24589754E+02
  0.84821608E+00 -0.24589714E+02
  0.85831389E+00 -0.24589675E+02
  0.86841170E+00 -0.24589639E+02
  0.87850951E+00 -0.24589605E+02
  0.88860732E+00 -0.24589576E+02
  0.89870513E+00 -0.24589549E+02
  0.90880294E+00 -0.24589526E+02
  0.91890075E+00 -0.24589506E+02
  0.92899856E+00 -0.24589488E+02
  0.93909637E+00 -0.24589470E+02
  0.94919418E+00 -0.24589453E+02
  0.95929199E+00 -0.24589434E+02
  0.96938980E+00 -0.24589413E+02
  0.97948761E+00 -0.24589390E+02
  0.98958542E+00 -0.24589364E+02
  0.99968323E+00 -0.24589337E+02
  0.10097810E+01 -0.24589314E+02
  0.10198328E+01 -0.24589342E+02
  0.10298846E+01 -0.24589372E+02
  0.10399364E+01 -0.24589401E+02
  0.10499882E+01 -0.24589428E+02
  0.10600399E+01 -0.24589452E+02
  0.10700917E+01 -0.24589473E+02
  0.10801435E+01 -0.24589493E+02
  0.10901953E+01 -0.24589512E+02
  0.11002471E+01 -0.24589531E+02
  0.11102988E+01 -0.24589551E+02
  0.11203506E+01 -0.24589572E+02
  0.11304024E+01 -0.24589595E+02
  0.11404542E+01 -0.24589621E+02
  0.11505060E+01 -0.24589649E+02
  0.11605577E+01 -0.24589678E+02
  0.11706095E+01 -0.24589709E+02
  0.11806613E+01 -0.24589740E+02
  0.11907131E+01 -0.24589771E+02
  0.12007648E+01 -0.24589800E+02
  0.12108166E+01 -0.24589827E+02
  0.12208684E+01 -0.24589851E+02
  0.12309202E+01 -0.24589873E+02
  0.12409720E+01 -0.24589892E+02
  0.12510237E+01 -0.24589910E+02
  0.12610755E+01 -0.24589926E+02
  0.12711273E+01 -0.24589941E+02
  0.12811791E+01 -0.24589957E+02
  0.12912309E+01 -0.24589972E+02
  0.13012826E+01 -0.24589989E+02
  0.13113344E+01 -0.24590005E+02
  0.13213862E+01 -0.24590021E+02
  0.13314380E+01 -0.24590034E+02
  0.13414898E+01 -0.24590045E+02
  0.13515415E+01 -0.24590052E+02
  0.13615933E+01 -0.24590053E+02
  0.13716451E+01 -0.24590049E+02
  0.13816969E+01 -0.24590038E+02
  0.13917486E+01 -0.24590022E+02
  0.14018004E+01 -0.24590001E+02
  0.14118522E+01 -0.24589977E+02
  0.14219040E+01 -0.24589951E+02
  0.14319558E+01 -0.24589924E+02
  0.14420075E+01 -0.24589899E+02
  0.14520593E+01 -0.24589876E+02
  0.14621111E+01 -0.24589855E+02
  0.14721629E+01 -0.24589837E+02
  0.14822147E+01 -0.24589822E+02
  0.14922664E+01 -0.24589808E+02
  0.15023182E+01 -0.24589793E+02
  0.15123700E+01 -0.24589776E+02
  0.15224218E+01 -0.24589756E+02
  0.15324736E+01 -0.24589731E+02
  0.15425253E+01 -0.24589701E+02
  0.15525771E+01 -0.24589663E+02
  0.15626289E+01 -0.24589619E+02
  0.15726807E+01 -0.24589569E+02
  0.15827325E+01 -0.24589512E+02
  0.15927842E+01 -0.24589449E+02
  0.16028360E+01 -0.24589382E+02
  0.16128878E+01 -0.24589309E+02
  0.16229396E+01 -0.24589233E+02
  0.16329913E+01 -0.24589153E+02
  0.16430431E+01 -0.24589068E+02
  0.16530949E+01 -0.24588979E+02
  0.16631467E+01 -0.24588885E+02
  0.16731985E+01 -0.24588787E+02
  0.16832502E+01 -0.24588684E+02
  0.16933020E+01 -0.24588576E+02
  0.17033538E+01 -0.24588464E+02
  0.17134056E+01 -0.24588349E+02
  0.17234574E+01 -0.24588232E+02
  0.17335091E+01 -0.24588113E+02
  0.17435609E+01 -0.24587994E+02
  0.17536127E+01 -0.24587876E+02
  0.17636645E+01 -0.24587759E+02
  0.17737163E+01 -0.24587644E+02
  0.17837680E+01 -0.24587530E+02
  0.17938198E+01 -0.24587418E+02
  0.18038716E+01 -0.24587308E+02
  0.18139234E+01 -0.24587200E+02
  0.18239751E+01 -0.24587093E+02
  0.18340269E+01 -0.24586987E+02
  0.18440787E+01 -0.24586883E+02
  0.18541305E+01 -0.24586780E+02
  0.18641823E+01 -0.24586678E+02
  0.18742340E+01 -0.24586579E+02
  0.18842858E+01 -0.24586482E+02
  0.18943836E+01 -0.24586783E+02
  0.19044814E+01 -0.24587081E+02
  0.19145793E+01 -0.24587375E+02
  0.19246771E+01 -0.24587664E+02
  0.19347749E+01 -0.24587949E+02
  0.19448727E+01 -0.24588228E+02
  0.19549705E+01 -0.24588502E+02
  0.19650683E+01 -0.24588770E+02
  0.19751661E+01 -0.24589033E+02
  0.19852639E+01 -0.24589290E+02
  0.19953617E+01 -0.24589542E+02
  0.20054595E+01 -0.24589788E+02
  0.20155574E+01 -0.24590029E+02
  0.20256552E+01 -0.24590266E+02
  0.20357530E+01 -0.24590498E+02
  0.20458508E+01 -0.24590726E+02
  0.20559486E+01 -0.24590949E+02
  0.20660464E+01 -0.24591168E+02
  0.20761442E+01 -0.24591383E+02
  0.20862420E+01 -0.24591592E+02
  0.20963398E+01 -0.24591796E+02
  0.21064377E+01 -0.24591995E+02
  0.21165355E+01 -0.24592188E+02
  0.21266333E+01 -0.24592374E+02
  0.21367311E+01 -0.24592553E+02
  0.21468289E+01 -0.24592725E+02
  0.21569267E+01 -0.24592890E+02
  0.21670245E+01 -0.24593048E+02
  0.21771223E+01 -0.24593199E+02
  0.21872201E+01 -0.24593342E+02
  0.21973179E+01 -0.24593478E+02
  0.22074158E+01 -0.24593608E+02
  0.22175136E+01 -0.24593730E+02
  0.22276114E+01 -0.24593846E+02
  0.22377092E+01 -0.24593956E+02
  0.22478070E+01 -0.24594059E+02
  0.22579048E+01 -0.24594154E+02
  0.22680026E+01 -0.24594243E+02
  0.22781004E+01 -0.24594325E+02
  0.22881982E+01 -0.24594400E+02
  0.22982961E+01 -0.24594467E+02
  0.23083939E+01 -0.24594527E+02
  0.23184917E+01 -0.24594580E+02
  0.23285895E+01 -0.24594627E+02
  0.23386873E+01 -0.24594666E+02
  0.23487851E+01 -0.24594698E+02
  0.23588829E+01 -0.24594724E+02
  0.23689807E+01 -0.24594744E+02
  0.23790785E+01 -0.24594757E+02
  0.23891763E+01 -0.24594764E+02
  0.23992742E+01 -0.24594756E+02
  0.24093720E+01 -0.24594741E+02
  0.24194698E+01 -0.24594719E+02
  0.24295676E+01 -0.24594691E+02
  0.24396654E+01 -0.24594658E+02
  0.24497632E+01 -0.24594619E+02
  0.24598610E+01 -0.24594576E+02
  0.24699588E+01 -0.24594529E+02
  0.24800566E+01 -0.24594477E+02
  0.24901545E+01 -0.24594420E+02
  0.25002523E+01 -0.24594359E+02
  0.25103501E+01 -0.24594293E+02
  0.25204479E+01 -0.24594221E+02
  0.25305457E+01 -0.24594145E+02
  0.25406435E+01 -0.24594064E+02
  0.25507413E+01 -0.24593980E+02
  0.25608391E+01 -0.24593892E+02
  0.25709369E+01 -0.24593801E+02
  0.25810347E+01 -0.24593709E+02
  0.25911326E+01 -0.24593617E+02
  0.26012304E+01 -0.24593525E+02
  0.26113282E+01 -0.24593434E+02
  0.26214260E+01 -0.24593343E+02
  0.26315238E+01 -0.24593254E+02
  0.26416216E+01 -0.24593166E+02
  0.26517194E+01 -0.24593079E+02
  0.26618172E+01 -0.24592993E+02
  0.26719150E+01 -0.24592906E+02
  0.26820129E+01 -0.24592819E+02
  0.26921107E+01 -0.24592731E+02
  0.27022085E+01 -0.24592643E+02
  0.27123063E+01 -0.24592554E+02
  0.27224041E+01 -0.24592465E+02
  0.27325019E+01 -0.24592377E+02
  0.27425997E+01 -0.24592290E+02
  0.27526975E+01 -0.24592205E+02
  0.27627953E+01 -0.24592122E+02
  0.27728931E+01 -0.24592043E+02
  0.27829910E+01 -0.24591968E+02
  0.27930888E+01 -0.24591898E+02
  0.28031866E+01 -0.24591831E+02
  0.28132844E+01 -0.24591769E+02
  0.28233822E+01 -0.24591709E+02
  0.28334800E+01 -0.24591653E+02
  0.28435778E+01 -0.24591598E+02
  0.28536756E+01 -0.24591544E+02
  0.28637734E+01 -0.24591491E+02
  0.28738712E+01 -0.24591438E+02
  0.28839691E+01 -0.24591384E+02
  0.28940669E+01 -0.24591330E+02
  0.29041647E+01 -0.24591273E+02
  0.29142625E+01 -0.24591216E+02
  0.29243603E+01 -0.24591157E+02
  0.29344581E+01 -0.24591097E+02
  0.29445559E+01 -0.24591036E+02
  0.29546537E+01 -0.24590974E+02
  0.29647515E+01 -0.24590912E+02
  0.29748494E+01 -0.24590850E+02
  0.29849472E+01 -0.24590789E+02
  0.29950450E+01 -0.24590728E+02
  0.30051428E+01 -0.24590667E+02
  0.30152406E+01 -0.24590608E+02
  0.30253384E+01 -0.24590550E+02
  0.30354362E+01 -0.24590495E+02
  0.30455340E+01 -0.24590441E+02
  0.30556318E+01 -0.24590390E+02
  0.30657296E+01 -0.24590342E+02
  0.30758275E+01 -0.24590297E+02
  0.30859253E+01 -0.24590255E+02
  0.30960231E+01 -0.24590215E+02
  0.31061209E+01 -0.24590179E+02
  0.31162187E+01 -0.24590144E+02
  0.31263165E+01 -0.24590111E+02
  0.31364143E+01 -0.24590080E+02
  0.31465121E+01 -0.24590048E+02
  0.31566099E+01 -0.24590017E+02
  0.31667078E+01 -0.24589984E+02
  0.31768056E+01 -0.24589950E+02
  0.31869034E+01 -0.24589914E+02
  0.31970012E+01 -0.24589875E+02
  0.32070990E+01 -0.24589836E+02
  0.32171968E+01 -0.24589795E+02
  0.32272946E+01 -0.24589754E+02
  0.32373924E+01 -0.24589714E+02
  0.32474902E+01 -0.24589675E+02
  0.32575880E+01 -0.24589639E+02
  0.32676859E+01 -0.24589605E+02
  0.32777837E+01 -0.24589576E+02
  0.32878815E+01 -0.24589549E+02
  0.32979793E+01 -0.24589526E+02
  0.33080771E+01 -0.24589506E+02
  0.33181749E+01 -0.24589488E+02
  0.33282727E+01 -0.24589470E+02
  0.33383705E+01 -0.24589453E+02
  0.33484683E+01 -0.24589434E+02
  0.33585662E+01 -0.24589413E+02
  0.33686640E+01 -0.24589390E+02
  0.33787618E+01 -0.24589364E+02
  0.33888596E+01 -0.24589337E+02
  0.33989574E+01 -0.24589314E+02
  
  0.00000000E+00 -0.24573298E+02
  0.10097810E-01 -0.24573313E+02
  0.20195621E-01 -0.24573354E+02
  0.30293431E-01 -0.24573417E+02
  0.40391242E-01 -0.24573502E+02
  0.50489052E-01 -0.24573606E+02
  0.60586863E-01 -0.24573725E+02
  0.70684673E-01 -0.24573859E+02
  0.80782483E-01 -0.24574004E+02
  0.90880294E-01 -0.24574159E+02
  0.10097810E+00 -0.24574324E+02
  0.11107591E+00 -0.24574497E+02
  0.12117373E+00 -0.24574679E+02
  0.13127154E+00 -0.24574868E+02
  0.14136935E+00 -0.24575066E+02
  0.15146716E+00 -0.24575272E+02
  0.16156497E+00 -0.24575488E+02
  0.17166278E+00 -0.24575711E+02
  0.18176059E+00 -0.24575944E+02
  0.19185840E+00 -0.24576185E+02
  0.20195621E+00 -0.24576433E+02
  0.21205402E+00 -0.24576688E+02
  0.22215183E+00 -0.24576950E+02
  0.23224964E+00 -0.24577216E+02
  0.24234745E+00 -0.24577487E+02
  0.25244526E+00 -0.24577761E+02
  0.26254307E+00 -0.24578038E+02
  0.27264088E+00 -0.24578317E+02
  0.28273869E+00 -0.24578599E+02
  0.29283650E+00 -0.24578881E+02
  0.30293431E+00 -0.24579166E+02
  0.31303212E+00 -0.24579451E+02
  0.32312993E+00 -0.24579737E+02
  0.33322774E+00 -0.24580023E+02
  0.34332555E+00 -0.24580309E+02
  0.35342337E+00 -0.24580593E+02
  0.36352118E+00 -0.24580874E+02
  0.37361899E+00 -0.24581152E+02
  0.38371680E+00 -0.24581425E+02
  0.39381461E+00 -0.24581693E+02
  0.40391242E+00 -0.24581955E+02
  0.41401023E+00 -0.24582210E+02
  0.42410804E+00 -0.24582458E+02
  0.43420585E+00 -0.24582700E+02
  0.44430366E+00 -0.24582937E+02
  0.45440147E+00 -0.24583169E+02
  0.46449928E+00 -0.24583396E+02
  0.47459709E+00 -0.24583620E+02
  0.48469490E+00 -0.24583842E+02
  0.49479271E+00 -0.24584062E+02
  0.50489052E+00 -0.24584280E+02
  0.51498833E+00 -0.24584496E+02
  0.52508614E+00 -0.24584711E+02
  0.53518395E+00 -0.24584923E+02
  0.54528176E+00 -0.24585132E+02
  0.55537957E+00 -0.24585336E+02
  0.56547738E+00 -0.24585536E+02
  0.57557519E+00 -0.24585730E+02
  0.58567301E+00 -0.24585918E+02
  0.59577082E+00 -0.24586099E+02
  0.60586863E+00 -0.24586273E+02
  0.61596644E+00 -0.24586440E+02
  0.62606425E+00 -0.24586602E+02
  0.63616206E+00 -0.24586757E+02
  0.64625987E+00 -0.24586908E+02
  0.65635768E+00 -0.24587053E+02
  0.66645549E+00 -0.24587193E+02
  0.67655330E+00 -0.24587329E+02
  0.68665111E+00 -0.24587461E+02
  0.69674892E+00 -0.24587588E+02
  0.70684673E+00 -0.24587710E+02
  0.71694454E+00 -0.24587827E+02
  0.72704235E+00 -0.24587939E+02
  0.73714016E+00 -0.24588045E+02
  0.74723797E+00 -0.24588145E+02
  0.75733578E+00 -0.24588240E+02
  0.76743359E+00 -0.24588329E+02
  0.77753140E+00 -0.24588413E+02
  0.78762921E+00 -0.24588492E+02
  0.79772702E+00 -0.24588566E+02
  0.80782483E+00 -0.24588636E+02
  0.81792265E+00 -0.24588702E+02
  0.82802046E+00 -0.24588765E+02
  0.83811827E+00 -0.24588822E+02
  0.84821608E+00 -0.24588876E+02
  0.85831389E+00 -0.24588925E+02
  0.86841170E+00 -0.24588969E+02
  0.87850951E+00 -0.24589007E+02
  0.88860732E+00 -0.24589041E+02
  0.89870513E+00 -0.24589070E+02
  0.90880294E+00 -0.24589095E+02
  0.91890075E+00 -0.24589117E+02
  0.92899856E+00 -0.24589136E+02
  0.93909637E+00 -0.24589153E+02
  0.94919418E+00 -0.24589171E+02
  0.95929199E+00 -0.24589190E+02
  0.96938980E+00 -0.24589210E+02
  0.97948761E+00 -0.24589233E+02
  0.98958542E+00 -0.24589258E+02
  0.99968323E+00 -0.24589285E+02
  0.10097810E+01 -0.24589308E+02
  0.10198328E+01 -0.24589281E+02
  0.10298846E+01 -0.24589251E+02
  0.10399364E+01 -0.24589224E+02
  0.10499882E+01 -0.24589199E+02
  0.10600399E+01 -0.24589177E+02
  0.10700917E+01 -0.24589157E+02
  0.10801435E+01 -0.24589140E+02
  0.10901953E+01 -0.24589123E+02
  0.11002471E+01 -0.24589106E+02
  0.11102988E+01 -0.24589089E+02
  0.11203506E+01 -0.24589069E+02
  0.11304024E+01 -0.24589046E+02
  0.11404542E+01 -0.24589019E+02
  0.11505060E+01 -0.24588987E+02
  0.11605577E+01 -0.24588951E+02
  0.11706095E+01 -0.24588910E+02
  0.11806613E+01 -0.24588865E+02
  0.11907131E+01 -0.24588815E+02
  0.12007648E+01 -0.24588761E+02
  0.12108166E+01 -0.24588703E+02
  0.12208684E+01 -0.24588643E+02
  0.12309202E+01 -0.24588581E+02
  0.12409720E+01 -0.24588517E+02
  0.12510237E+01 -0.24588451E+02
  0.12610755E+01 -0.24588383E+02
  0.12711273E+01 -0.24588313E+02
  0.12811791E+01 -0.24588241E+02
  0.12912309E+01 -0.24588166E+02
  0.13012826E+01 -0.24588089E+02
  0.13113344E+01 -0.24588007E+02
  0.13213862E+01 -0.24587923E+02
  0.13314380E+01 -0.24587834E+02
  0.13414898E+01 -0.24587743E+02
  0.13515415E+01 -0.24587649E+02
  0.13615933E+01 -0.24587553E+02
  0.13716451E+01 -0.24587455E+02
  0.13816969E+01 -0.24587357E+02
  0.13917486E+01 -0.24587260E+02
  0.14018004E+01 -0.24587165E+02
  0.14118522E+01 -0.24587071E+02
  0.14219040E+01 -0.24586981E+02
  0.14319558E+01 -0.24586893E+02
  0.14420075E+01 -0.24586808E+02
  0.14520593E+01 -0.24586726E+02
  0.14621111E+01 -0.24586647E+02
  0.14721629E+01 -0.24586570E+02
  0.14822147E+01 -0.24586495E+02
  0.14922664E+01 -0.24586423E+02
  0.15023182E+01 -0.24586352E+02
  0.15123700E+01 -0.24586283E+02
  0.15224218E+01 -0.24586216E+02
  0.15324736E+01 -0.24586152E+02
  0.15425253E+01 -0.24586090E+02
  0.15525771E+01 -0.24586032E+02
  0.15626289E+01 -0.24585977E+02
  0.15726807E+01 -0.24585927E+02
  0.15827325E+01 -0.24585881E+02
  0.15927842E+01 -0.24585838E+02
  0.16028360E+01 -0.24585800E+02
  0.16128878E+01 -0.24585765E+02
  0.16229396E+01 -0.24585733E+02
  0.16329913E+01 -0.24585703E+02
  0.16430431E+01 -0.24585677E+02
  0.16530949E+01 -0.24585652E+02
  0.16631467E+01 -0.24585630E+02
  0.16731985E+01 -0.24585611E+02
  0.16832502E+01 -0.24585594E+02
  0.16933020E+01 -0.24585582E+02
  0.17033538E+01 -0.24585575E+02
  0.17134056E+01 -0.24585573E+02
  0.17234574E+01 -0.24585577E+02
  0.17335091E+01 -0.24585588E+02
  0.17435609E+01 -0.24585605E+02
  0.17536127E+01 -0.24585630E+02
  0.17636645E+01 -0.24585661E+02
  0.17737163E+01 -0.24585699E+02
  0.17837680E+01 -0.24585744E+02
  0.17938198E+01 -0.24585795E+02
  0.18038716E+01 -0.24585851E+02
  0.18139234E+01 -0.24585913E+02
  0.18239751E+01 -0.24585980E+02
  0.18340269E+01 -0.24586051E+02
  0.18440787E+01 -0.24586128E+02
  0.18541305E+01 -0.24586210E+02
  0.18641823E+01 -0.24586295E+02
  0.18742340E+01 -0.24586385E+02
  0.18842858E+01 -0.24586479E+02
  0.18943836E+01 -0.24586174E+02
  0.19044814E+01 -0.24585864E+02
  0.19145793E+01 -0.24585551E+02
  0.19246771E+01 -0.24585235E+02
  0.19347749E+01 -0.24584915E+02
  0.19448727E+01 -0.24584593E+02
  0.19549705E+01 -0.24584269E+02
  0.19650683E+01 -0.24583942E+02
  0.19751661E+01 -0.24583614E+02
  0.19852639E+01 -0.24583286E+02
  0.19953617E+01 -0.24582957E+02
  0.20054595E+01 -0.24582629E+02
  0.20155574E+01 -0.24582301E+02
  0.20256552E+01 -0.24581975E+02
  0.20357530E+01 -0.24581651E+02
  0.20458508E+01 -0.24581329E+02
  0.20559486E+01 -0.24581008E+02
  0.20660464E+01 -0.24580688E+02
  0.20761442E+01 -0.24580369E+02
  0.20862420E+01 -0.24580051E+02
  0.20963398E+01 -0.24579732E+02
  0.21064377E+01 -0.24579414E+02
  0.21165355E+01 -0.24579095E+02
  0.21266333E+01 -0.24578775E+02
  0.21367311E+01 -0.24578457E+02
  0.21468289E+01 -0.24578139E+02
  0.21569267E+01 -0.24577824E+02
  0.21670245E+01 -0.24577513E+02
  0.21771223E+01 -0.24577206E+02
  0.21872201E+01 -0.24576905E+02
  0.21973179E+01 -0.24576612E+02
  0.22074158E+01 -0.24576328E+02
  0.22175136E+01 -0.24576053E+02
  0.22276114E+01 -0.24575788E+02
  0.22377092E+01 -0.24575533E+02
  0.22478070E+01 -0.24575290E+02
  0.22579048E+01 -0.24575057E+02
  0.22680026E+01 -0.24574835E+02
  0.22781004E+01 -0.24574623E+02
  0.22881982E+01 -0.24574423E+02
  0.22982961E+01 -0.24574234E+02
  0.23083939E+01 -0.24574057E+02
  0.23184917E+01 -0.24573895E+02
  0.23285895E+01 -0.24573748E+02
  0.23386873E+01 -0.24573618E+02
  0.23487851E+01 -0.24573508E+02
  0.23588829E+01 -0.24573419E+02
  0.23689807E+01 -0.24573354E+02
  0.23790785E+01 -0.24573313E+02
  0.23891763E+01 -0.24573298E+02
  0.23992742E+01 -0.24573313E+02
  0.24093720E+01 -0.24573354E+02
  0.24194698E+01 -0.24573417E+02
  0.24295676E+01 -0.24573502E+02
  0.24396654E+01 -0.24573606E+02
  0.24497632E+01 -0.24573725E+02
  0.24598610E+01 -0.24573859E+02
  0.24699588E+01 -0.24574004E+02
  0.24800566E+01 -0.24574159E+02
  0.24901545E+01 -0.24574324E+02
  0.25002523E+01 -0.24574497E+02
  0.25103501E+01 -0.24574679E+02
  0.25204479E+01 -0.24574868E+02
  0.25305457E+01 -0.24575066E+02
  0.25406435E+01 -0.24575272E+02
  0.25507413E+01 -0.24575488E+02
  0.25608391E+01 -0.24575711E+02
  0.25709369E+01 -0.24575944E+02
  0.25810347E+01 -0.24576185E+02
  0.25911326E+01 -0.24576433E+02
  0.26012304E+01 -0.24576688E+02
  0.26113282E+01 -0.24576950E+02
  0.26214260E+01 -0.24577216E+02
  0.26315238E+01 -0.24577487E+02
  0.26416216E+01 -0.24577761E+02
  0.26517194E+01 -0.24578038E+02
  0.26618172E+01 -0.24578317E+02
  0.26719150E+01 -0.24578599E+02
  0.26820129E+01 -0.24578881E+02
  0.26921107E+01 -0.24579166E+02
  0.27022085E+01 -0.24579451E+02
  0.27123063E+01 -0.24579737E+02
  0.27224041E+01 -0.24580023E+02
  0.27325019E+01 -0.24580309E+02
  0.27425997E+01 -0.24580593E+02
  0.27526975E+01 -0.24580874E+02
  0.27627953E+01 -0.24581152E+02
  0.27728931E+01 -0.24581425E+02
  0.27829910E+01 -0.24581693E+02
  0.27930888E+01 -0.24581955E+02
  0.28031866E+01 -0.24582210E+02
  0.28132844E+01 -0.24582458E+02
  0.28233822E+01 -0.24582700E+02
  0.28334800E+01 -0.24582937E+02
  0.28435778E+01 -0.24583169E+02
  0.28536756E+01 -0.24583396E+02
  0.28637734E+01 -0.24583620E+02
  0.28738712E+01 -0.24583842E+02
  0.28839691E+01 -0.24584062E+02
  0.28940669E+01 -0.24584280E+02
  0.29041647E+01 -0.24584496E+02
  0.29142625E+01 -0.24584711E+02
  0.29243603E+01 -0.24584923E+02
  0.29344581E+01 -0.24585132E+02
  0.29445559E+01 -0.24585336E+02
  0.29546537E+01 -0.24585536E+02
  0.29647515E+01 -0.24585730E+02
  0.29748494E+01 -0.24585918E+02
  0.29849472E+01 -0.24586099E+02
  0.29950450E+01 -0.24586273E+02
  0.30051428E+01 -0.24586440E+02
  0.30152406E+01 -0.24586602E+02
  0.30253384E+01 -0.24586757E+02
  0.30354362E+01 -0.24586908E+02
  0.30455340E+01 -0.24587053E+02
  0.30556318E+01 -0.24587193E+02
  0.30657296E+01 -0.24587329E+02
  0.30758275E+01 -0.24587461E+02
  0.30859253E+01 -0.24587588E+02
  0.30960231E+01 -0.24587710E+02
  0.31061209E+01 -0.24587827E+02
  0.31162187E+01 -0.24587939E+02
  0.31263165E+01 -0.24588045E+02
  0.31364143E+01 -0.24588145E+02
  0.31465121E+01 -0.24588240E+02
  0.31566099E+01 -0.24588329E+02
  0.31667078E+01 -0.24588413E+02
  0.31768056E+01 -0.24588492E+02
  0.31869034E+01 -0.24588566E+02
  0.31970012E+01 -0.24588636E+02
  0.32070990E+01 -0.24588702E+02
  0.32171968E+01 -0.24588765E+02
  0.32272946E+01 -0.24588822E+02
  0.32373924E+01 -0.24588876E+02
  0.32474902E+01 -0.24588925E+02
  0.32575880E+01 -0.24588969E+02
  0.32676859E+01 -0.24589007E+02
  0.32777837E+01 -0.24589041E+02
  0.32878815E+01 -0.24589070E+02
  0.32979793E+01 -0.24589095E+02
  0.33080771E+01 -0.24589117E+02
  0.33181749E+01 -0.24589136E+02
  0.33282727E+01 -0.24589153E+02
  0.33383705E+01 -0.24589171E+02
  0.33484683E+01 -0.24589190E+02
  0.33585662E+01 -0.24589210E+02
  0.33686640E+01 -0.24589233E+02
  0.33787618E+01 -0.24589258E+02
  0.33888596E+01 -0.24589285E+02
  0.33989574E+01 -0.24589308E+02
  
  0.00000000E+00 -0.24562707E+02
  0.10097810E-01 -0.24562699E+02
  0.20195621E-01 -0.24562676E+02
  0.30293431E-01 -0.24562639E+02
  0.40391242E-01 -0.24562586E+02
  0.50489052E-01 -0.24562517E+02
  0.60586863E-01 -0.24562431E+02
  0.70684673E-01 -0.24562327E+02
  0.80782483E-01 -0.24562205E+02
  0.90880294E-01 -0.24562066E+02
  0.10097810E+00 -0.24561910E+02
  0.11107591E+00 -0.24561740E+02
  0.12117373E+00 -0.24561558E+02
  0.13127154E+00 -0.24561366E+02
  0.14136935E+00 -0.24561169E+02
  0.15146716E+00 -0.24560967E+02
  0.16156497E+00 -0.24560764E+02
  0.17166278E+00 -0.24560562E+02
  0.18176059E+00 -0.24560363E+02
  0.19185840E+00 -0.24560165E+02
  0.20195621E+00 -0.24559970E+02
  0.21205402E+00 -0.24559777E+02
  0.22215183E+00 -0.24559584E+02
  0.23224964E+00 -0.24559391E+02
  0.24234745E+00 -0.24559197E+02
  0.25244526E+00 -0.24559002E+02
  0.26254307E+00 -0.24558804E+02
  0.27264088E+00 -0.24558605E+02
  0.28273869E+00 -0.24558406E+02
  0.29283650E+00 -0.24558208E+02
  0.30293431E+00 -0.24558012E+02
  0.31303212E+00 -0.24557821E+02
  0.32312993E+00 -0.24557636E+02
  0.33322774E+00 -0.24557458E+02
  0.34332555E+00 -0.24557288E+02
  0.35342337E+00 -0.24557125E+02
  0.36352118E+00 -0.24556970E+02
  0.37361899E+00 -0.24556822E+02
  0.38371680E+00 -0.24556678E+02
  0.39381461E+00 -0.24556538E+02
  0.40391242E+00 -0.24556399E+02
  0.41401023E+00 -0.24556260E+02
  0.42410804E+00 -0.24556120E+02
  0.43420585E+00 -0.24555979E+02
  0.44430366E+00 -0.24555837E+02
  0.45440147E+00 -0.24555693E+02
  0.46449928E+00 -0.24555549E+02
  0.47459709E+00 -0.24555406E+02
  0.48469490E+00 -0.24555266E+02
  0.49479271E+00 -0.24555131E+02
  0.50489052E+00 -0.24555000E+02
  0.51498833E+00 -0.24554875E+02
  0.52508614E+00 -0.24554756E+02
  0.53518395E+00 -0.24554643E+02
  0.54528176E+00 -0.24554535E+02
  0.55537957E+00 -0.24554432E+02
  0.56547738E+00 -0.24554333E+02
  0.57557519E+00 -0.24554236E+02
  0.58567301E+00 -0.24554141E+02
  0.59577082E+00 -0.24554046E+02
  0.60586863E+00 -0.24553951E+02
  0.61596644E+00 -0.24553856E+02
  0.62606425E+00 -0.24553762E+02
  0.63616206E+00 -0.24553668E+02
  0.64625987E+00 -0.24553575E+02
  0.65635768E+00 -0.24553485E+02
  0.66645549E+00 -0.24553398E+02
  0.67655330E+00 -0.24553315E+02
  0.68665111E+00 -0.24553235E+02
  0.69674892E+00 -0.24553161E+02
  0.70684673E+00 -0.24553091E+02
  0.71694454E+00 -0.24553026E+02
  0.72704235E+00 -0.24552966E+02
  0.73714016E+00 -0.24552910E+02
  0.74723797E+00 -0.24552857E+02
  0.75733578E+00 -0.24552808E+02
  0.76743359E+00 -0.24552763E+02
  0.77753140E+00 -0.24552720E+02
  0.78762921E+00 -0.24552680E+02
  0.79772702E+00 -0.24552643E+02
  0.80782483E+00 -0.24552609E+02
  0.81792265E+00 -0.24552577E+02
  0.82802046E+00 -0.24552549E+02
  0.83811827E+00 -0.24552523E+02
  0.84821608E+00 -0.24552500E+02
  0.85831389E+00 -0.24552479E+02
  0.86841170E+00 -0.24552459E+02
  0.87850951E+00 -0.24552440E+02
  0.88860732E+00 -0.24552421E+02
  0.89870513E+00 -0.24552402E+02
  0.90880294E+00 -0.24552383E+02
  0.91890075E+00 -0.24552365E+02
  0.92899856E+00 -0.24552357E+02
  0.93909637E+00 -0.24552356E+02
  0.94919418E+00 -0.24552353E+02
  0.95929199E+00 -0.24552346E+02
  0.96938980E+00 -0.24552336E+02
  0.97948761E+00 -0.24552324E+02
  0.98958542E+00 -0.24552311E+02
  0.99968323E+00 -0.24552298E+02
  0.10097810E+01 -0.24552288E+02
  0.10198328E+01 -0.24552298E+02
  0.10298846E+01 -0.24552309E+02
  0.10399364E+01 -0.24552320E+02
  0.10499882E+01 -0.24552328E+02
  0.10600399E+01 -0.24552334E+02
  0.10700917E+01 -0.24552338E+02
  0.10801435E+01 -0.24552341E+02
  0.10901953E+01 -0.24552347E+02
  0.11002471E+01 -0.24552358E+02
  0.11102988E+01 -0.24552374E+02
  0.11203506E+01 -0.24552394E+02
  0.11304024E+01 -0.24552417E+02
  0.11404542E+01 -0.24552442E+02
  0.11505060E+01 -0.24552470E+02
  0.11605577E+01 -0.24552501E+02
  0.11706095E+01 -0.24552535E+02
  0.11806613E+01 -0.24552573E+02
  0.11907131E+01 -0.24552613E+02
  0.12007648E+01 -0.24552656E+02
  0.12108166E+01 -0.24552702E+02
  0.12208684E+01 -0.24552749E+02
  0.12309202E+01 -0.24552798E+02
  0.12409720E+01 -0.24552848E+02
  0.12510237E+01 -0.24552899E+02
  0.12610755E+01 -0.24552949E+02
  0.12711273E+01 -0.24552999E+02
  0.12811791E+01 -0.24553049E+02
  0.12912309E+01 -0.24553098E+02
  0.13012826E+01 -0.24553145E+02
  0.13113344E+01 -0.24553192E+02
  0.13213862E+01 -0.24553236E+02
  0.13314380E+01 -0.24553279E+02
  0.13414898E+01 -0.24553321E+02
  0.13515415E+01 -0.24553360E+02
  0.13615933E+01 -0.24553398E+02
  0.13716451E+01 -0.24553434E+02
  0.13816969E+01 -0.24553468E+02
  0.13917486E+01 -0.24553502E+02
  0.14018004E+01 -0.24553535E+02
  0.14118522E+01 -0.24553568E+02
  0.14219040E+01 -0.24553602E+02
  0.14319558E+01 -0.24553636E+02
  0.14420075E+01 -0.24553672E+02
  0.14520593E+01 -0.24553707E+02
  0.14621111E+01 -0.24553743E+02
  0.14721629E+01 -0.24553778E+02
  0.14822147E+01 -0.24553813E+02
  0.14922664E+01 -0.24553846E+02
  0.15023182E+01 -0.24553877E+02
  0.15123700E+01 -0.24553905E+02
  0.15224218E+01 -0.24553929E+02
  0.15324736E+01 -0.24553950E+02
  0.15425253E+01 -0.24553966E+02
  0.15525771E+01 -0.24553978E+02
  0.15626289E+01 -0.24553985E+02
  0.15726807E+01 -0.24553988E+02
  0.15827325E+01 -0.24553985E+02
  0.15927842E+01 -0.24553978E+02
  0.16028360E+01 -0.24553965E+02
  0.16128878E+01 -0.24553948E+02
  0.16229396E+01 -0.24553927E+02
  0.16329913E+01 -0.24553900E+02
  0.16430431E+01 -0.24553870E+02
  0.16530949E+01 -0.24553836E+02
  0.16631467E+01 -0.24553799E+02
  0.16731985E+01 -0.24553759E+02
  0.16832502E+01 -0.24553717E+02
  0.16933020E+01 -0.24553672E+02
  0.17033538E+01 -0.24553626E+02
  0.17134056E+01 -0.24553578E+02
  0.17234574E+01 -0.24553528E+02
  0.17335091E+01 -0.24553476E+02
  0.17435609E+01 -0.24553422E+02
  0.17536127E+01 -0.24553365E+02
  0.17636645E+01 -0.24553305E+02
  0.17737163E+01 -0.24553242E+02
  0.17837680E+01 -0.24553175E+02
  0.17938198E+01 -0.24553104E+02
  0.18038716E+01 -0.24553031E+02
  0.18139234E+01 -0.24552956E+02
  0.18239751E+01 -0.24552880E+02
  0.18340269E+01 -0.24552803E+02
  0.18440787E+01 -0.24552728E+02
  0.18541305E+01 -0.24552655E+02
  0.18641823E+01 -0.24552585E+02
  0.18742340E+01 -0.24552517E+02
  0.18842858E+01 -0.24552454E+02
  0.18943836E+01 -0.24552664E+02
  0.19044814E+01 -0.24552884E+02
  0.19145793E+01 -0.24553108E+02
  0.19246771E+01 -0.24553335E+02
  0.19347749E+01 -0.24553567E+02
  0.19448727E+01 -0.24553802E+02
  0.19549705E+01 -0.24554039E+02
  0.19650683E+01 -0.24554277E+02
  0.19751661E+01 -0.24554517E+02
  0.19852639E+01 -0.24554758E+02
  0.19953617E+01 -0.24555000E+02
  0.20054595E+01 -0.24555242E+02
  0.20155574E+01 -0.24555486E+02
  0.20256552E+01 -0.24555731E+02
  0.20357530E+01 -0.24555979E+02
  0.20458508E+01 -0.24556228E+02
  0.20559486E+01 -0.24556480E+02
  0.20660464E+01 -0.24556734E+02
  0.20761442E+01 -0.24556989E+02
  0.20862420E+01 -0.24557247E+02
  0.20963398E+01 -0.24557505E+02
  0.21064377E+01 -0.24557763E+02
  0.21165355E+01 -0.24558020E+02
  0.21266333E+01 -0.24558276E+02
  0.21367311E+01 -0.24558529E+02
  0.21468289E+01 -0.24558780E+02
  0.21569267E+01 -0.24559029E+02
  0.21670245E+01 -0.24559274E+02
  0.21771223E+01 -0.24559517E+02
  0.21872201E+01 -0.24559758E+02
  0.21973179E+01 -0.24559995E+02
  0.22074158E+01 -0.24560231E+02
  0.22175136E+01 -0.24560463E+02
  0.22276114E+01 -0.24560691E+02
  0.22377092E+01 -0.24560914E+02
  0.22478070E+01 -0.24561130E+02
  0.22579048E+01 -0.24561339E+02
  0.22680026E+01 -0.24561538E+02
  0.22781004E+01 -0.24561725E+02
  0.22881982E+01 -0.24561899E+02
  0.22982961E+01 -0.24562057E+02
  0.23083939E+01 -0.24562200E+02
  0.23184917E+01 -0.24562325E+02
  0.23285895E+01 -0.24562433E+02
  0.23386873E+01 -0.24562523E+02
  0.23487851E+01 -0.24562594E+02
  0.23588829E+01 -0.24562648E+02
  0.23689807E+01 -0.24562685E+02
  0.23790785E+01 -0.24562704E+02
  0.23891763E+01 -0.24562707E+02
  0.23992742E+01 -0.24562699E+02
  0.24093720E+01 -0.24562676E+02
  0.24194698E+01 -0.24562639E+02
  0.24295676E+01 -0.24562586E+02
  0.24396654E+01 -0.24562517E+02
  0.24497632E+01 -0.24562431E+02
  0.24598610E+01 -0.24562327E+02
  0.24699588E+01 -0.24562205E+02
  0.24800566E+01 -0.24562066E+02
  0.24901545E+01 -0.24561910E+02
  0.25002523E+01 -0.24561740E+02
  0.25103501E+01 -0.24561558E+02
  0.25204479E+01 -0.24561366E+02
  0.25305457E+01 -0.24561169E+02
  0.25406435E+01 -0.24560967E+02
  0.25507413E+01 -0.24560764E+02
  0.25608391E+01 -0.24560562E+02
  0.25709369E+01 -0.24560363E+02
  0.25810347E+01 -0.24560165E+02
  0.25911326E+01 -0.24559970E+02
  0.26012304E+01 -0.24559777E+02
  0.26113282E+01 -0.24559584E+02
  0.26214260E+01 -0.24559391E+02
  0.26315238E+01 -0.24559197E+02
  0.26416216E+01 -0.24559002E+02
  0.26517194E+01 -0.24558804E+02
  0.26618172E+01 -0.24558605E+02
  0.26719150E+01 -0.24558406E+02
  0.26820129E+01 -0.24558208E+02
  0.26921107E+01 -0.24558012E+02
  0.27022085E+01 -0.24557821E+02
  0.27123063E+01 -0.24557636E+02
  0.27224041E+01 -0.24557458E+02
  0.27325019E+01 -0.24557288E+02
  0.27425997E+01 -0.24557125E+02
  0.27526975E+01 -0.24556970E+02
  0.27627953E+01 -0.24556822E+02
  0.27728931E+01 -0.24556678E+02
  0.27829910E+01 -0.24556538E+02
  0.27930888E+01 -0.24556399E+02
  0.28031866E+01 -0.24556260E+02
  0.28132844E+01 -0.24556120E+02
  0.28233822E+01 -0.24555979E+02
  0.28334800E+01 -0.24555837E+02
  0.28435778E+01 -0.24555693E+02
  0.28536756E+01 -0.24555549E+02
  0.28637734E+01 -0.24555406E+02
  0.28738712E+01 -0.24555266E+02
  0.28839691E+01 -0.24555131E+02
  0.28940669E+01 -0.24555000E+02
  0.29041647E+01 -0.24554875E+02
  0.29142625E+01 -0.24554756E+02
  0.29243603E+01 -0.24554643E+02
  0.29344581E+01 -0.24554535E+02
  0.29445559E+01 -0.24554432E+02
  0.29546537E+01 -0.24554333E+02
  0.29647515E+01 -0.24554236E+02
  0.29748494E+01 -0.24554141E+02
  0.29849472E+01 -0.24554046E+02
  0.29950450E+01 -0.24553951E+02
  0.30051428E+01 -0.24553856E+02
  0.30152406E+01 -0.24553762E+02
  0.30253384E+01 -0.24553668E+02
  0.30354362E+01 -0.24553575E+02
  0.30455340E+01 -0.24553485E+02
  0.30556318E+01 -0.24553398E+02
  0.30657296E+01 -0.24553315E+02
  0.30758275E+01 -0.24553235E+02
  0.30859253E+01 -0.24553161E+02
  0.30960231E+01 -0.24553091E+02
  0.31061209E+01 -0.24553026E+02
  0.31162187E+01 -0.24552966E+02
  0.31263165E+01 -0.24552910E+02
  0.31364143E+01 -0.24552857E+02
  0.31465121E+01 -0.24552808E+02
  0.31566099E+01 -0.24552763E+02
  0.31667078E+01 -0.24552720E+02
  0.31768056E+01 -0.24552680E+02
  0.31869034E+01 -0.24552643E+02
  0.31970012E+01 -0.24552609E+02
  0.32070990E+01 -0.24552577E+02
  0.32171968E+01 -0.24552549E+02
  0.32272946E+01 -0.24552523E+02
  0.32373924E+01 -0.24552500E+02
  0.32474902E+01 -0.24552479E+02
  0.32575880E+01 -0.24552459E+02
  0.32676859E+01 -0.24552440E+02
  0.32777837E+01 -0.24552421E+02
  0.32878815E+01 -0.24552402E+02
  0.32979793E+01 -0.24552383E+02
  0.33080771E+01 -0.24552365E+02
  0.33181749E+01 -0.24552357E+02
  0.33282727E+01 -0.24552356E+02
  0.33383705E+01 -0.24552353E+02
  0.33484683E+01 -0.24552346E+02
  0.33585662E+01 -0.24552336E+02
  0.33686640E+01 -0.24552324E+02
  0.33787618E+01 -0.24552311E+02
  0.33888596E+01 -0.24552298E+02
  0.33989574E+01 -0.24552288E+02
  
  0.00000000E+00 -0.24546316E+02
  0.10097810E-01 -0.24546317E+02
  0.20195621E-01 -0.24546322E+02
  0.30293431E-01 -0.24546334E+02
  0.40391242E-01 -0.24546352E+02
  0.50489052E-01 -0.24546375E+02
  0.60586863E-01 -0.24546405E+02
  0.70684673E-01 -0.24546440E+02
  0.80782483E-01 -0.24546481E+02
  0.90880294E-01 -0.24546527E+02
  0.10097810E+00 -0.24546578E+02
  0.11107591E+00 -0.24546634E+02
  0.12117373E+00 -0.24546694E+02
  0.13127154E+00 -0.24546759E+02
  0.14136935E+00 -0.24546827E+02
  0.15146716E+00 -0.24546899E+02
  0.16156497E+00 -0.24546975E+02
  0.17166278E+00 -0.24547055E+02
  0.18176059E+00 -0.24547138E+02
  0.19185840E+00 -0.24547225E+02
  0.20195621E+00 -0.24547316E+02
  0.21205402E+00 -0.24547409E+02
  0.22215183E+00 -0.24547505E+02
  0.23224964E+00 -0.24547604E+02
  0.24234745E+00 -0.24547705E+02
  0.25244526E+00 -0.24547808E+02
  0.26254307E+00 -0.24547913E+02
  0.27264088E+00 -0.24548020E+02
  0.28273869E+00 -0.24548129E+02
  0.29283650E+00 -0.24548240E+02
  0.30293431E+00 -0.24548353E+02
  0.31303212E+00 -0.24548468E+02
  0.32312993E+00 -0.24548585E+02
  0.33322774E+00 -0.24548704E+02
  0.34332555E+00 -0.24548824E+02
  0.35342337E+00 -0.24548947E+02
  0.36352118E+00 -0.24549070E+02
  0.37361899E+00 -0.24549193E+02
  0.38371680E+00 -0.24549316E+02
  0.39381461E+00 -0.24549439E+02
  0.40391242E+00 -0.24549559E+02
  0.41401023E+00 -0.24549678E+02
  0.42410804E+00 -0.24549794E+02
  0.43420585E+00 -0.24549906E+02
  0.44430366E+00 -0.24550016E+02
  0.45440147E+00 -0.24550122E+02
  0.46449928E+00 -0.24550225E+02
  0.47459709E+00 -0.24550326E+02
  0.48469490E+00 -0.24550425E+02
  0.49479271E+00 -0.24550522E+02
  0.50489052E+00 -0.24550619E+02
  0.51498833E+00 -0.24550714E+02
  0.52508614E+00 -0.24550809E+02
  0.53518395E+00 -0.24550903E+02
  0.54528176E+00 -0.24550996E+02
  0.55537957E+00 -0.24551087E+02
  0.56547738E+00 -0.24551175E+02
  0.57557519E+00 -0.24551258E+02
  0.58567301E+00 -0.24551338E+02
  0.59577082E+00 -0.24551411E+02
  0.60586863E+00 -0.24551479E+02
  0.61596644E+00 -0.24551540E+02
  0.62606425E+00 -0.24551595E+02
  0.63616206E+00 -0.24551644E+02
  0.64625987E+00 -0.24551689E+02
  0.65635768E+00 -0.24551730E+02
  0.66645549E+00 -0.24551768E+02
  0.67655330E+00 -0.24551804E+02
  0.68665111E+00 -0.24551840E+02
  0.69674892E+00 -0.24551876E+02
  0.70684673E+00 -0.24551913E+02
  0.71694454E+00 -0.24551949E+02
  0.72704235E+00 -0.24551986E+02
  0.73714016E+00 -0.24552022E+02
  0.74723797E+00 -0.24552057E+02
  0.75733578E+00 -0.24552089E+02
  0.76743359E+00 -0.24552119E+02
  0.77753140E+00 -0.24552146E+02
  0.78762921E+00 -0.24552170E+02
  0.79772702E+00 -0.24552190E+02
  0.80782483E+00 -0.24552208E+02
  0.81792265E+00 -0.24552224E+02
  0.82802046E+00 -0.24552238E+02
  0.83811827E+00 -0.24552250E+02
  0.84821608E+00 -0.24552262E+02
  0.85831389E+00 -0.24552275E+02
  0.86841170E+00 -0.24552287E+02
  0.87850951E+00 -0.24552300E+02
  0.88860732E+00 -0.24552312E+02
  0.89870513E+00 -0.24552325E+02
  0.90880294E+00 -0.24552335E+02
  0.91890075E+00 -0.24552341E+02
  0.92899856E+00 -0.24552335E+02
  0.93909637E+00 -0.24552319E+02
  0.94919418E+00 -0.24552303E+02
  0.95929199E+00 -0.24552290E+02
  0.96938980E+00 -0.24552280E+02
  0.97948761E+00 -0.24552275E+02
  0.98958542E+00 -0.24552275E+02
  0.99968323E+00 -0.24552280E+02
  0.10097810E+01 -0.24552287E+02
  0.10198328E+01 -0.24552278E+02
  0.10298846E+01 -0.24552271E+02
  0.10399364E+01 -0.24552267E+02
  0.10499882E+01 -0.24552267E+02
  0.10600399E+01 -0.24552271E+02
  0.10700917E+01 -0.24552277E+02
  0.10801435E+01 -0.24552285E+02
  0.10901953E+01 -0.24552291E+02
  0.11002471E+01 -0.24552292E+02
  0.11102988E+01 -0.24552289E+02
  0.11203506E+01 -0.24552282E+02
  0.11304024E+01 -0.24552275E+02
  0.11404542E+01 -0.24552266E+02
  0.11505060E+01 -0.24552256E+02
  0.11605577E+01 -0.24552245E+02
  0.11706095E+01 -0.24552232E+02
  0.11806613E+01 -0.24552216E+02
  0.11907131E+01 -0.24552198E+02
  0.12007648E+01 -0.24552178E+02
  0.12108166E+01 -0.24552154E+02
  0.12208684E+01 -0.24552129E+02
  0.12309202E+01 -0.24552102E+02
  0.12409720E+01 -0.24552073E+02
  0.12510237E+01 -0.24552045E+02
  0.12610755E+01 -0.24552017E+02
  0.12711273E+01 -0.24551991E+02
  0.12811791E+01 -0.24551967E+02
  0.12912309E+01 -0.24551946E+02
  0.13012826E+01 -0.24551926E+02
  0.13113344E+01 -0.24551909E+02
  0.13213862E+01 -0.24551892E+02
  0.13314380E+01 -0.24551876E+02
  0.13414898E+01 -0.24551859E+02
  0.13515415E+01 -0.24551841E+02
  0.13615933E+01 -0.24551821E+02
  0.13716451E+01 -0.24551801E+02
  0.13816969E+01 -0.24551779E+02
  0.13917486E+01 -0.24551756E+02
  0.14018004E+01 -0.24551734E+02
  0.14118522E+01 -0.24551713E+02
  0.14219040E+01 -0.24551694E+02
  0.14319558E+01 -0.24551678E+02
  0.14420075E+01 -0.24551666E+02
  0.14520593E+01 -0.24551657E+02
  0.14621111E+01 -0.24551652E+02
  0.14721629E+01 -0.24551650E+02
  0.14822147E+01 -0.24551651E+02
  0.14922664E+01 -0.24551653E+02
  0.15023182E+01 -0.24551655E+02
  0.15123700E+01 -0.24551658E+02
  0.15224218E+01 -0.24551660E+02
  0.15324736E+01 -0.24551662E+02
  0.15425253E+01 -0.24551663E+02
  0.15525771E+01 -0.24551664E+02
  0.15626289E+01 -0.24551666E+02
  0.15726807E+01 -0.24551670E+02
  0.15827325E+01 -0.24551675E+02
  0.15927842E+01 -0.24551681E+02
  0.16028360E+01 -0.24551690E+02
  0.16128878E+01 -0.24551700E+02
  0.16229396E+01 -0.24551712E+02
  0.16329913E+01 -0.24551724E+02
  0.16430431E+01 -0.24551735E+02
  0.16530949E+01 -0.24551745E+02
  0.16631467E+01 -0.24551754E+02
  0.16731985E+01 -0.24551762E+02
  0.16832502E+01 -0.24551769E+02
  0.16933020E+01 -0.24551775E+02
  0.17033538E+01 -0.24551782E+02
  0.17134056E+01 -0.24551790E+02
  0.17234574E+01 -0.24551801E+02
  0.17335091E+01 -0.24551816E+02
  0.17435609E+01 -0.24551835E+02
  0.17536127E+01 -0.24551858E+02
  0.17636645E+01 -0.24551887E+02
  0.17737163E+01 -0.24551920E+02
  0.17837680E+01 -0.24551957E+02
  0.17938198E+01 -0.24551998E+02
  0.18038716E+01 -0.24552041E+02
  0.18139234E+01 -0.24552085E+02
  0.18239751E+01 -0.24552131E+02
  0.18340269E+01 -0.24552178E+02
  0.18440787E+01 -0.24552227E+02
  0.18541305E+01 -0.24552277E+02
  0.18641823E+01 -0.24552330E+02
  0.18742340E+01 -0.24552386E+02
  0.18842858E+01 -0.24552446E+02
  0.18943836E+01 -0.24552239E+02
  0.19044814E+01 -0.24552032E+02
  0.19145793E+01 -0.24551829E+02
  0.19246771E+01 -0.24551628E+02
  0.19347749E+01 -0.24551429E+02
  0.19448727E+01 -0.24551232E+02
  0.19549705E+01 -0.24551036E+02
  0.19650683E+01 -0.24550841E+02
  0.19751661E+01 -0.24550649E+02
  0.19852639E+01 -0.24550459E+02
  0.19953617E+01 -0.24550272E+02
  0.20054595E+01 -0.24550089E+02
  0.20155574E+01 -0.24549912E+02
  0.20256552E+01 -0.24549740E+02
  0.20357530E+01 -0.24549575E+02
  0.20458508E+01 -0.24549416E+02
  0.20559486E+01 -0.24549264E+02
  0.20660464E+01 -0.24549118E+02
  0.20761442E+01 -0.24548976E+02
  0.20862420E+01 -0.24548839E+02
  0.20963398E+01 -0.24548704E+02
  0.21064377E+01 -0.24548571E+02
  0.21165355E+01 -0.24548438E+02
  0.21266333E+01 -0.24548306E+02
  0.21367311E+01 -0.24548174E+02
  0.21468289E+01 -0.24548042E+02
  0.21569267E+01 -0.24547912E+02
  0.21670245E+01 -0.24547783E+02
  0.21771223E+01 -0.24547657E+02
  0.21872201E+01 -0.24547535E+02
  0.21973179E+01 -0.24547418E+02
  0.22074158E+01 -0.24547307E+02
  0.22175136E+01 -0.24547202E+02
  0.22276114E+01 -0.24547104E+02
  0.22377092E+01 -0.24547012E+02
  0.22478070E+01 -0.24546927E+02
  0.22579048E+01 -0.24546847E+02
  0.22680026E+01 -0.24546773E+02
  0.22781004E+01 -0.24546703E+02
  0.22881982E+01 -0.24546637E+02
  0.22982961E+01 -0.24546576E+02
  0.23083939E+01 -0.24546519E+02
  0.23184917E+01 -0.24546468E+02
  0.23285895E+01 -0.24546423E+02
  0.23386873E+01 -0.24546385E+02
  0.23487851E+01 -0.24546354E+02
  0.23588829E+01 -0.24546331E+02
  0.23689807E+01 -0.24546318E+02
  0.23790785E+01 -0.24546313E+02
  0.23891763E+01 -0.24546316E+02
  0.23992742E+01 -0.24546317E+02
  0.24093720E+01 -0.24546322E+02
  0.24194698E+01 -0.24546334E+02
  0.24295676E+01 -0.24546352E+02
  0.24396654E+01 -0.24546375E+02
  0.24497632E+01 -0.24546405E+02
  0.24598610E+01 -0.24546440E+02
  0.24699588E+01 -0.24546481E+02
  0.24800566E+01 -0.24546527E+02
  0.24901545E+01 -0.24546578E+02
  0.25002523E+01 -0.24546634E+02
  0.25103501E+01 -0.24546694E+02
  0.25204479E+01 -0.24546759E+02
  0.25305457E+01 -0.24546827E+02
  0.25406435E+01 -0.24546899E+02
  0.25507413E+01 -0.24546975E+02
  0.25608391E+01 -0.24547055E+02
  0.25709369E+01 -0.24547138E+02
  0.25810347E+01 -0.24547225E+02
  0.25911326E+01 -0.24547316E+02
  0.26012304E+01 -0.24547409E+02
  0.26113282E+01 -0.24547505E+02
  0.26214260E+01 -0.24547604E+02
  0.26315238E+01 -0.24547705E+02
  0.26416216E+01 -0.24547808E+02
  0.26517194E+01 -0.24547913E+02
  0.26618172E+01 -0.24548020E+02
  0.26719150E+01 -0.24548129E+02
  0.26820129E+01 -0.24548240E+02
  0.26921107E+01 -0.24548353E+02
  0.27022085E+01 -0.24548468E+02
  0.27123063E+01 -0.24548585E+02
  0.27224041E+01 -0.24548704E+02
  0.27325019E+01 -0.24548824E+02
  0.27425997E+01 -0.24548947E+02
  0.27526975E+01 -0.24549070E+02
  0.27627953E+01 -0.24549193E+02
  0.27728931E+01 -0.24549316E+02
  0.27829910E+01 -0.24549439E+02
  0.27930888E+01 -0.24549559E+02
  0.28031866E+01 -0.24549678E+02
  0.28132844E+01 -0.24549794E+02
  0.28233822E+01 -0.24549906E+02
  0.28334800E+01 -0.24550016E+02
  0.28435778E+01 -0.24550122E+02
  0.28536756E+01 -0.24550225E+02
  0.28637734E+01 -0.24550326E+02
  0.28738712E+01 -0.24550425E+02
  0.28839691E+01 -0.24550522E+02
  0.28940669E+01 -0.24550619E+02
  0.29041647E+01 -0.24550714E+02
  0.29142625E+01 -0.24550809E+02
  0.29243603E+01 -0.24550903E+02
  0.29344581E+01 -0.24550996E+02
  0.29445559E+01 -0.24551087E+02
  0.29546537E+01 -0.24551175E+02
  0.29647515E+01 -0.24551258E+02
  0.29748494E+01 -0.24551338E+02
  0.29849472E+01 -0.24551411E+02
  0.29950450E+01 -0.24551479E+02
  0.30051428E+01 -0.24551540E+02
  0.30152406E+01 -0.24551595E+02
  0.30253384E+01 -0.24551644E+02
  0.30354362E+01 -0.24551689E+02
  0.30455340E+01 -0.24551730E+02
  0.30556318E+01 -0.24551768E+02
  0.30657296E+01 -0.24551804E+02
  0.30758275E+01 -0.24551840E+02
  0.30859253E+01 -0.24551876E+02
  0.30960231E+01 -0.24551913E+02
  0.31061209E+01 -0.24551949E+02
  0.31162187E+01 -0.24551986E+02
  0.31263165E+01 -0.24552022E+02
  0.31364143E+01 -0.24552057E+02
  0.31465121E+01 -0.24552089E+02
  0.31566099E+01 -0.24552119E+02
  0.31667078E+01 -0.24552146E+02
  0.31768056E+01 -0.24552170E+02
  0.31869034E+01 -0.24552190E+02
  0.31970012E+01 -0.24552208E+02
  0.32070990E+01 -0.24552224E+02
  0.32171968E+01 -0.24552238E+02
  0.32272946E+01 -0.24552250E+02
  0.32373924E+01 -0.24552262E+02
  0.32474902E+01 -0.24552275E+02
  0.32575880E+01 -0.24552287E+02
  0.32676859E+01 -0.24552300E+02
  0.32777837E+01 -0.24552312E+02
  0.32878815E+01 -0.24552325E+02
  0.32979793E+01 -0.24552335E+02
  0.33080771E+01 -0.24552341E+02
  0.33181749E+01 -0.24552335E+02
  0.33282727E+01 -0.24552319E+02
  0.33383705E+01 -0.24552303E+02
  0.33484683E+01 -0.24552290E+02
  0.33585662E+01 -0.24552280E+02
  0.33686640E+01 -0.24552275E+02
  0.33787618E+01 -0.24552275E+02
  0.33888596E+01 -0.24552280E+02
  0.33989574E+01 -0.24552287E+02
  
  0.00000000E+00 -0.24523646E+02
  0.10097810E-01 -0.24523641E+02
  0.20195621E-01 -0.24523636E+02
  0.30293431E-01 -0.24523632E+02
  0.40391242E-01 -0.24523630E+02
  0.50489052E-01 -0.24523631E+02
  0.60586863E-01 -0.24523635E+02
  0.70684673E-01 -0.24523641E+02
  0.80782483E-01 -0.24523650E+02
  0.90880294E-01 -0.24523662E+02
  0.10097810E+00 -0.24523676E+02
  0.11107591E+00 -0.24523692E+02
  0.12117373E+00 -0.24523708E+02
  0.13127154E+00 -0.24523723E+02
  0.14136935E+00 -0.24523737E+02
  0.15146716E+00 -0.24523750E+02
  0.16156497E+00 -0.24523760E+02
  0.17166278E+00 -0.24523767E+02
  0.18176059E+00 -0.24523773E+02
  0.19185840E+00 -0.24523777E+02
  0.20195621E+00 -0.24523780E+02
  0.21205402E+00 -0.24523784E+02
  0.22215183E+00 -0.24523789E+02
  0.23224964E+00 -0.24523797E+02
  0.24234745E+00 -0.24523808E+02
  0.25244526E+00 -0.24523825E+02
  0.26254307E+00 -0.24523847E+02
  0.27264088E+00 -0.24523874E+02
  0.28273869E+00 -0.24523907E+02
  0.29283650E+00 -0.24523945E+02
  0.30293431E+00 -0.24523987E+02
  0.31303212E+00 -0.24524032E+02
  0.32312993E+00 -0.24524080E+02
  0.33322774E+00 -0.24524131E+02
  0.34332555E+00 -0.24524183E+02
  0.35342337E+00 -0.24524237E+02
  0.36352118E+00 -0.24524293E+02
  0.37361899E+00 -0.24524351E+02
  0.38371680E+00 -0.24524414E+02
  0.39381461E+00 -0.24524481E+02
  0.40391242E+00 -0.24524554E+02
  0.41401023E+00 -0.24524635E+02
  0.42410804E+00 -0.24524724E+02
  0.43420585E+00 -0.24524822E+02
  0.44430366E+00 -0.24524929E+02
  0.45440147E+00 -0.24525045E+02
  0.46449928E+00 -0.24525169E+02
  0.47459709E+00 -0.24525300E+02
  0.48469490E+00 -0.24525437E+02
  0.49479271E+00 -0.24525579E+02
  0.50489052E+00 -0.24525724E+02
  0.51498833E+00 -0.24525872E+02
  0.52508614E+00 -0.24526020E+02
  0.53518395E+00 -0.24526170E+02
  0.54528176E+00 -0.24526320E+02
  0.55537957E+00 -0.24526469E+02
  0.56547738E+00 -0.24526617E+02
  0.57557519E+00 -0.24526764E+02
  0.58567301E+00 -0.24526910E+02
  0.59577082E+00 -0.24527055E+02
  0.60586863E+00 -0.24527198E+02
  0.61596644E+00 -0.24527339E+02
  0.62606425E+00 -0.24527479E+02
  0.63616206E+00 -0.24527617E+02
  0.64625987E+00 -0.24527754E+02
  0.65635768E+00 -0.24527888E+02
  0.66645549E+00 -0.24528020E+02
  0.67655330E+00 -0.24528150E+02
  0.68665111E+00 -0.24528278E+02
  0.69674892E+00 -0.24528402E+02
  0.70684673E+00 -0.24528523E+02
  0.71694454E+00 -0.24528641E+02
  0.72704235E+00 -0.24528755E+02
  0.73714016E+00 -0.24528865E+02
  0.74723797E+00 -0.24528970E+02
  0.75733578E+00 -0.24529070E+02
  0.76743359E+00 -0.24529165E+02
  0.77753140E+00 -0.24529255E+02
  0.78762921E+00 -0.24529340E+02
  0.79772702E+00 -0.24529420E+02
  0.80782483E+00 -0.24529495E+02
  0.81792265E+00 -0.24529565E+02
  0.82802046E+00 -0.24529631E+02
  0.83811827E+00 -0.24529693E+02
  0.84821608E+00 -0.24529750E+02
  0.85831389E+00 -0.24529804E+02
  0.86841170E+00 -0.24529853E+02
  0.87850951E+00 -0.24529898E+02
  0.88860732E+00 -0.24529938E+02
  0.89870513E+00 -0.24529973E+02
  0.90880294E+00 -0.24530001E+02
  0.91890075E+00 -0.24530023E+02
  0.92899856E+00 -0.24530037E+02
  0.93909637E+00 -0.24530043E+02
  0.94919418E+00 -0.24530040E+02
  0.95929199E+00 -0.24530027E+02
  0.96938980E+00 -0.24530006E+02
  0.97948761E+00 -0.24529975E+02
  0.98958542E+00 -0.24529936E+02
  0.99968323E+00 -0.24529888E+02
  0.10097810E+01 -0.24529835E+02
  0.10198328E+01 -0.24529885E+02
  0.10298846E+01 -0.24529926E+02
  0.10399364E+01 -0.24529959E+02
  0.10499882E+01 -0.24529982E+02
  0.10600399E+01 -0.24529996E+02
  0.10700917E+01 -0.24530003E+02
  0.10801435E+01 -0.24530003E+02
  0.10901953E+01 -0.24529998E+02
  0.11002471E+01 -0.24529989E+02
  0.11102988E+01 -0.24529976E+02
  0.11203506E+01 -0.24529959E+02
  0.11304024E+01 -0.24529938E+02
  0.11404542E+01 -0.24529912E+02
  0.11505060E+01 -0.24529880E+02
  0.11605577E+01 -0.24529840E+02
  0.11706095E+01 -0.24529792E+02
  0.11806613E+01 -0.24529735E+02
  0.11907131E+01 -0.24529669E+02
  0.12007648E+01 -0.24529594E+02
  0.12108166E+01 -0.24529511E+02
  0.12208684E+01 -0.24529421E+02
  0.12309202E+01 -0.24529326E+02
  0.12409720E+01 -0.24529228E+02
  0.12510237E+01 -0.24529127E+02
  0.12610755E+01 -0.24529027E+02
  0.12711273E+01 -0.24528927E+02
  0.12811791E+01 -0.24528828E+02
  0.12912309E+01 -0.24528730E+02
  0.13012826E+01 -0.24528633E+02
  0.13113344E+01 -0.24528534E+02
  0.13213862E+01 -0.24528432E+02
  0.13314380E+01 -0.24528326E+02
  0.13414898E+01 -0.24528215E+02
  0.13515415E+01 -0.24528097E+02
  0.13615933E+01 -0.24527972E+02
  0.13716451E+01 -0.24527840E+02
  0.13816969E+01 -0.24527701E+02
  0.13917486E+01 -0.24527557E+02
  0.14018004E+01 -0.24527408E+02
  0.14118522E+01 -0.24527258E+02
  0.14219040E+01 -0.24527106E+02
  0.14319558E+01 -0.24526955E+02
  0.14420075E+01 -0.24526806E+02
  0.14520593E+01 -0.24526659E+02
  0.14621111E+01 -0.24526515E+02
  0.14721629E+01 -0.24526373E+02
  0.14822147E+01 -0.24526233E+02
  0.14922664E+01 -0.24526095E+02
  0.15023182E+01 -0.24525957E+02
  0.15123700E+01 -0.24525818E+02
  0.15224218E+01 -0.24525678E+02
  0.15324736E+01 -0.24525536E+02
  0.15425253E+01 -0.24525393E+02
  0.15525771E+01 -0.24525248E+02
  0.15626289E+01 -0.24525102E+02
  0.15726807E+01 -0.24524955E+02
  0.15827325E+01 -0.24524808E+02
  0.15927842E+01 -0.24524663E+02
  0.16028360E+01 -0.24524519E+02
  0.16128878E+01 -0.24524377E+02
  0.16229396E+01 -0.24524237E+02
  0.16329913E+01 -0.24524100E+02
  0.16430431E+01 -0.24523966E+02
  0.16530949E+01 -0.24523834E+02
  0.16631467E+01 -0.24523703E+02
  0.16731985E+01 -0.24523575E+02
  0.16832502E+01 -0.24523448E+02
  0.16933020E+01 -0.24523324E+02
  0.17033538E+01 -0.24523202E+02
  0.17134056E+01 -0.24523083E+02
  0.17234574E+01 -0.24522969E+02
  0.17335091E+01 -0.24522860E+02
  0.17435609E+01 -0.24522756E+02
  0.17536127E+01 -0.24522659E+02
  0.17636645E+01 -0.24522568E+02
  0.17737163E+01 -0.24522484E+02
  0.17837680E+01 -0.24522406E+02
  0.17938198E+01 -0.24522333E+02
  0.18038716E+01 -0.24522265E+02
  0.18139234E+01 -0.24522202E+02
  0.18239751E+01 -0.24522141E+02
  0.18340269E+01 -0.24522084E+02
  0.18440787E+01 -0.24522029E+02
  0.18541305E+01 -0.24521977E+02
  0.18641823E+01 -0.24521928E+02
  0.18742340E+01 -0.24521883E+02
  0.18842858E+01 -0.24521844E+02
  0.18943836E+01 -0.24521920E+02
  0.19044814E+01 -0.24522015E+02
  0.19145793E+01 -0.24522110E+02
  0.19246771E+01 -0.24522202E+02
  0.19347749E+01 -0.24522292E+02
  0.19448727E+01 -0.24522380E+02
  0.19549705E+01 -0.24522464E+02
  0.19650683E+01 -0.24522545E+02
  0.19751661E+01 -0.24522622E+02
  0.19852639E+01 -0.24522695E+02
  0.19953617E+01 -0.24522764E+02
  0.20054595E+01 -0.24522829E+02
  0.20155574E+01 -0.24522890E+02
  0.20256552E+01 -0.24522949E+02
  0.20357530E+01 -0.24523006E+02
  0.20458508E+01 -0.24523060E+02
  0.20559486E+01 -0.24523114E+02
  0.20660464E+01 -0.24523166E+02
  0.20761442E+01 -0.24523218E+02
  0.20862420E+01 -0.24523269E+02
  0.20963398E+01 -0.24523319E+02
  0.21064377E+01 -0.24523367E+02
  0.21165355E+01 -0.24523413E+02
  0.21266333E+01 -0.24523455E+02
  0.21367311E+01 -0.24523494E+02
  0.21468289E+01 -0.24523529E+02
  0.21569267E+01 -0.24523559E+02
  0.21670245E+01 -0.24523585E+02
  0.21771223E+01 -0.24523606E+02
  0.21872201E+01 -0.24523622E+02
  0.21973179E+01 -0.24523634E+02
  0.22074158E+01 -0.24523644E+02
  0.22175136E+01 -0.24523650E+02
  0.22276114E+01 -0.24523656E+02
  0.22377092E+01 -0.24523660E+02
  0.22478070E+01 -0.24523663E+02
  0.22579048E+01 -0.24523666E+02
  0.22680026E+01 -0.24523669E+02
  0.22781004E+01 -0.24523671E+02
  0.22881982E+01 -0.24523673E+02
  0.22982961E+01 -0.24523674E+02
  0.23083939E+01 -0.24523674E+02
  0.23184917E+01 -0.24523673E+02
  0.23285895E+01 -0.24523671E+02
  0.23386873E+01 -0.24523667E+02
  0.23487851E+01 -0.24523663E+02
  0.23588829E+01 -0.24523659E+02
  0.23689807E+01 -0.24523654E+02
  0.23790785E+01 -0.24523650E+02
  0.23891763E+01 -0.24523646E+02
  0.23992742E+01 -0.24523641E+02
  0.24093720E+01 -0.24523636E+02
  0.24194698E+01 -0.24523632E+02
  0.24295676E+01 -0.24523630E+02
  0.24396654E+01 -0.24523631E+02
  0.24497632E+01 -0.24523635E+02
  0.24598610E+01 -0.24523641E+02
  0.24699588E+01 -0.24523650E+02
  0.24800566E+01 -0.24523662E+02
  0.24901545E+01 -0.24523676E+02
  0.25002523E+01 -0.24523692E+02
  0.25103501E+01 -0.24523708E+02
  0.25204479E+01 -0.24523723E+02
  0.25305457E+01 -0.24523737E+02
  0.25406435E+01 -0.24523750E+02
  0.25507413E+01 -0.24523760E+02
  0.25608391E+01 -0.24523767E+02
  0.25709369E+01 -0.24523773E+02
  0.25810347E+01 -0.24523777E+02
  0.25911326E+01 -0.24523780E+02
  0.26012304E+01 -0.24523784E+02
  0.26113282E+01 -0.24523789E+02
  0.26214260E+01 -0.24523797E+02
  0.26315238E+01 -0.24523808E+02
  0.26416216E+01 -0.24523825E+02
  0.26517194E+01 -0.24523847E+02
  0.26618172E+01 -0.24523874E+02
  0.26719150E+01 -0.24523907E+02
  0.26820129E+01 -0.24523945E+02
  0.26921107E+01 -0.24523987E+02
  0.27022085E+01 -0.24524032E+02
  0.27123063E+01 -0.24524080E+02
  0.27224041E+01 -0.24524131E+02
  0.27325019E+01 -0.24524183E+02
  0.27425997E+01 -0.24524237E+02
  0.27526975E+01 -0.24524293E+02
  0.27627953E+01 -0.24524351E+02
  0.27728931E+01 -0.24524414E+02
  0.27829910E+01 -0.24524481E+02
  0.27930888E+01 -0.24524554E+02
  0.28031866E+01 -0.24524635E+02
  0.28132844E+01 -0.24524724E+02
  0.28233822E+01 -0.24524822E+02
  0.28334800E+01 -0.24524929E+02
  0.28435778E+01 -0.24525045E+02
  0.28536756E+01 -0.24525169E+02
  0.28637734E+01 -0.24525300E+02
  0.28738712E+01 -0.24525437E+02
  0.28839691E+01 -0.24525579E+02
  0.28940669E+01 -0.24525724E+02
  0.29041647E+01 -0.24525872E+02
  0.29142625E+01 -0.24526020E+02
  0.29243603E+01 -0.24526170E+02
  0.29344581E+01 -0.24526320E+02
  0.29445559E+01 -0.24526469E+02
  0.29546537E+01 -0.24526617E+02
  0.29647515E+01 -0.24526764E+02
  0.29748494E+01 -0.24526910E+02
  0.29849472E+01 -0.24527055E+02
  0.29950450E+01 -0.24527198E+02
  0.30051428E+01 -0.24527339E+02
  0.30152406E+01 -0.24527479E+02
  0.30253384E+01 -0.24527617E+02
  0.30354362E+01 -0.24527754E+02
  0.30455340E+01 -0.24527888E+02
  0.30556318E+01 -0.24528020E+02
  0.30657296E+01 -0.24528150E+02
  0.30758275E+01 -0.24528278E+02
  0.30859253E+01 -0.24528402E+02
  0.30960231E+01 -0.24528523E+02
  0.31061209E+01 -0.24528641E+02
  0.31162187E+01 -0.24528755E+02
  0.31263165E+01 -0.24528865E+02
  0.31364143E+01 -0.24528970E+02
  0.31465121E+01 -0.24529070E+02
  0.31566099E+01 -0.24529165E+02
  0.31667078E+01 -0.24529255E+02
  0.31768056E+01 -0.24529340E+02
  0.31869034E+01 -0.24529420E+02
  0.31970012E+01 -0.24529495E+02
  0.32070990E+01 -0.24529565E+02
  0.32171968E+01 -0.24529631E+02
  0.32272946E+01 -0.24529693E+02
  0.32373924E+01 -0.24529750E+02
  0.32474902E+01 -0.24529804E+02
  0.32575880E+01 -0.24529853E+02
  0.32676859E+01 -0.24529898E+02
  0.32777837E+01 -0.24529938E+02
  0.32878815E+01 -0.24529973E+02
  0.32979793E+01 -0.24530001E+02
  0.33080771E+01 -0.24530023E+02
  0.33181749E+01 -0.24530037E+02
  0.33282727E+01 -0.24530043E+02
  0.33383705E+01 -0.24530040E+02
  0.33484683E+01 -0.24530027E+02
  0.33585662E+01 -0.24530006E+02
  0.33686640E+01 -0.24529975E+02
  0.33787618E+01 -0.24529936E+02
  0.33888596E+01 -0.24529888E+02
  0.33989574E+01 -0.24529835E+02
  
  0.00000000E+00 -0.24518379E+02
  0.10097810E-01 -0.24518381E+02
  0.20195621E-01 -0.24518386E+02
  0.30293431E-01 -0.24518394E+02
  0.40391242E-01 -0.24518408E+02
  0.50489052E-01 -0.24518427E+02
  0.60586863E-01 -0.24518452E+02
  0.70684673E-01 -0.24518484E+02
  0.80782483E-01 -0.24518524E+02
  0.90880294E-01 -0.24518572E+02
  0.10097810E+00 -0.24518629E+02
  0.11107591E+00 -0.24518693E+02
  0.12117373E+00 -0.24518764E+02
  0.13127154E+00 -0.24518843E+02
  0.14136935E+00 -0.24518929E+02
  0.15146716E+00 -0.24519021E+02
  0.16156497E+00 -0.24519118E+02
  0.17166278E+00 -0.24519220E+02
  0.18176059E+00 -0.24519326E+02
  0.19185840E+00 -0.24519437E+02
  0.20195621E+00 -0.24519552E+02
  0.21205402E+00 -0.24519671E+02
  0.22215183E+00 -0.24519794E+02
  0.23224964E+00 -0.24519922E+02
  0.24234745E+00 -0.24520054E+02
  0.25244526E+00 -0.24520191E+02
  0.26254307E+00 -0.24520332E+02
  0.27264088E+00 -0.24520478E+02
  0.28273869E+00 -0.24520627E+02
  0.29283650E+00 -0.24520781E+02
  0.30293431E+00 -0.24520937E+02
  0.31303212E+00 -0.24521096E+02
  0.32312993E+00 -0.24521257E+02
  0.33322774E+00 -0.24521419E+02
  0.34332555E+00 -0.24521581E+02
  0.35342337E+00 -0.24521743E+02
  0.36352118E+00 -0.24521904E+02
  0.37361899E+00 -0.24522062E+02
  0.38371680E+00 -0.24522218E+02
  0.39381461E+00 -0.24522371E+02
  0.40391242E+00 -0.24522521E+02
  0.41401023E+00 -0.24522665E+02
  0.42410804E+00 -0.24522806E+02
  0.43420585E+00 -0.24522942E+02
  0.44430366E+00 -0.24523073E+02
  0.45440147E+00 -0.24523200E+02
  0.46449928E+00 -0.24523323E+02
  0.47459709E+00 -0.24523442E+02
  0.48469490E+00 -0.24523557E+02
  0.49479271E+00 -0.24523668E+02
  0.50489052E+00 -0.24523777E+02
  0.51498833E+00 -0.24523883E+02
  0.52508614E+00 -0.24523987E+02
  0.53518395E+00 -0.24524089E+02
  0.54528176E+00 -0.24524191E+02
  0.55537957E+00 -0.24524293E+02
  0.56547738E+00 -0.24524397E+02
  0.57557519E+00 -0.24524503E+02
  0.58567301E+00 -0.24524613E+02
  0.59577082E+00 -0.24524728E+02
  0.60586863E+00 -0.24524848E+02
  0.61596644E+00 -0.24524973E+02
  0.62606425E+00 -0.24525103E+02
  0.63616206E+00 -0.24525239E+02
  0.64625987E+00 -0.24525379E+02
  0.65635768E+00 -0.24525522E+02
  0.66645549E+00 -0.24525667E+02
  0.67655330E+00 -0.24525814E+02
  0.68665111E+00 -0.24525961E+02
  0.69674892E+00 -0.24526109E+02
  0.70684673E+00 -0.24526256E+02
  0.71694454E+00 -0.24526402E+02
  0.72704235E+00 -0.24526548E+02
  0.73714016E+00 -0.24526695E+02
  0.74723797E+00 -0.24526843E+02
  0.75733578E+00 -0.24526992E+02
  0.76743359E+00 -0.24527142E+02
  0.77753140E+00 -0.24527295E+02
  0.78762921E+00 -0.24527450E+02
  0.79772702E+00 -0.24527606E+02
  0.80782483E+00 -0.24527762E+02
  0.81792265E+00 -0.24527917E+02
  0.82802046E+00 -0.24528071E+02
  0.83811827E+00 -0.24528220E+02
  0.84821608E+00 -0.24528364E+02
  0.85831389E+00 -0.24528502E+02
  0.86841170E+00 -0.24528633E+02
  0.87850951E+00 -0.24528755E+02
  0.88860732E+00 -0.24528869E+02
  0.89870513E+00 -0.24528976E+02
  0.90880294E+00 -0.24529075E+02
  0.91890075E+00 -0.24529168E+02
  0.92899856E+00 -0.24529256E+02
  0.93909637E+00 -0.24529339E+02
  0.94919418E+00 -0.24529418E+02
  0.95929199E+00 -0.24529495E+02
  0.96938980E+00 -0.24529569E+02
  0.97948761E+00 -0.24529640E+02
  0.98958542E+00 -0.24529709E+02
  0.99968323E+00 -0.24529774E+02
  0.10097810E+01 -0.24529833E+02
  0.10198328E+01 -0.24529775E+02
  0.10298846E+01 -0.24529711E+02
  0.10399364E+01 -0.24529641E+02
  0.10499882E+01 -0.24529567E+02
  0.10600399E+01 -0.24529491E+02
  0.10700917E+01 -0.24529413E+02
  0.10801435E+01 -0.24529333E+02
  0.10901953E+01 -0.24529250E+02
  0.11002471E+01 -0.24529164E+02
  0.11102988E+01 -0.24529073E+02
  0.11203506E+01 -0.24528977E+02
  0.11304024E+01 -0.24528874E+02
  0.11404542E+01 -0.24528763E+02
  0.11505060E+01 -0.24528645E+02
  0.11605577E+01 -0.24528519E+02
  0.11706095E+01 -0.24528386E+02
  0.11806613E+01 -0.24528247E+02
  0.11907131E+01 -0.24528105E+02
  0.12007648E+01 -0.24527960E+02
  0.12108166E+01 -0.24527813E+02
  0.12208684E+01 -0.24527666E+02
  0.12309202E+01 -0.24527520E+02
  0.12409720E+01 -0.24527373E+02
  0.12510237E+01 -0.24527227E+02
  0.12610755E+01 -0.24527079E+02
  0.12711273E+01 -0.24526929E+02
  0.12811791E+01 -0.24526776E+02
  0.12912309E+01 -0.24526618E+02
  0.13012826E+01 -0.24526456E+02
  0.13113344E+01 -0.24526289E+02
  0.13213862E+01 -0.24526118E+02
  0.13314380E+01 -0.24525946E+02
  0.13414898E+01 -0.24525773E+02
  0.13515415E+01 -0.24525603E+02
  0.13615933E+01 -0.24525438E+02
  0.13716451E+01 -0.24525280E+02
  0.13816969E+01 -0.24525129E+02
  0.13917486E+01 -0.24524988E+02
  0.14018004E+01 -0.24524856E+02
  0.14118522E+01 -0.24524732E+02
  0.14219040E+01 -0.24524614E+02
  0.14319558E+01 -0.24524500E+02
  0.14420075E+01 -0.24524389E+02
  0.14520593E+01 -0.24524278E+02
  0.14621111E+01 -0.24524166E+02
  0.14721629E+01 -0.24524052E+02
  0.14822147E+01 -0.24523936E+02
  0.14922664E+01 -0.24523819E+02
  0.15023182E+01 -0.24523700E+02
  0.15123700E+01 -0.24523582E+02
  0.15224218E+01 -0.24523466E+02
  0.15324736E+01 -0.24523354E+02
  0.15425253E+01 -0.24523245E+02
  0.15525771E+01 -0.24523142E+02
  0.15626289E+01 -0.24523044E+02
  0.15726807E+01 -0.24522951E+02
  0.15827325E+01 -0.24522862E+02
  0.15927842E+01 -0.24522775E+02
  0.16028360E+01 -0.24522689E+02
  0.16128878E+01 -0.24522603E+02
  0.16229396E+01 -0.24522517E+02
  0.16329913E+01 -0.24522430E+02
  0.16430431E+01 -0.24522342E+02
  0.16530949E+01 -0.24522256E+02
  0.16631467E+01 -0.24522172E+02
  0.16731985E+01 -0.24522092E+02
  0.16832502E+01 -0.24522018E+02
  0.16933020E+01 -0.24521953E+02
  0.17033538E+01 -0.24521895E+02
  0.17134056E+01 -0.24521848E+02
  0.17234574E+01 -0.24521809E+02
  0.17335091E+01 -0.24521778E+02
  0.17435609E+01 -0.24521755E+02
  0.17536127E+01 -0.24521738E+02
  0.17636645E+01 -0.24521725E+02
  0.17737163E+01 -0.24521716E+02
  0.17837680E+01 -0.24521709E+02
  0.17938198E+01 -0.24521704E+02
  0.18038716E+01 -0.24521701E+02
  0.18139234E+01 -0.24521700E+02
  0.18239751E+01 -0.24521703E+02
  0.18340269E+01 -0.24521709E+02
  0.18440787E+01 -0.24521720E+02
  0.18541305E+01 -0.24521736E+02
  0.18641823E+01 -0.24521759E+02
  0.18742340E+01 -0.24521788E+02
  0.18842858E+01 -0.24521822E+02
  0.18943836E+01 -0.24521745E+02
  0.19044814E+01 -0.24521648E+02
  0.19145793E+01 -0.24521551E+02
  0.19246771E+01 -0.24521455E+02
  0.19347749E+01 -0.24521357E+02
  0.19448727E+01 -0.24521260E+02
  0.19549705E+01 -0.24521163E+02
  0.19650683E+01 -0.24521065E+02
  0.19751661E+01 -0.24520967E+02
  0.19852639E+01 -0.24520869E+02
  0.19953617E+01 -0.24520770E+02
  0.20054595E+01 -0.24520671E+02
  0.20155574E+01 -0.24520572E+02
  0.20256552E+01 -0.24520474E+02
  0.20357530E+01 -0.24520377E+02
  0.20458508E+01 -0.24520281E+02
  0.20559486E+01 -0.24520188E+02
  0.20660464E+01 -0.24520096E+02
  0.20761442E+01 -0.24520008E+02
  0.20862420E+01 -0.24519923E+02
  0.20963398E+01 -0.24519842E+02
  0.21064377E+01 -0.24519764E+02
  0.21165355E+01 -0.24519690E+02
  0.21266333E+01 -0.24519618E+02
  0.21367311E+01 -0.24519550E+02
  0.21468289E+01 -0.24519482E+02
  0.21569267E+01 -0.24519416E+02
  0.21670245E+01 -0.24519349E+02
  0.21771223E+01 -0.24519281E+02
  0.21872201E+01 -0.24519212E+02
  0.21973179E+01 -0.24519141E+02
  0.22074158E+01 -0.24519069E+02
  0.22175136E+01 -0.24518996E+02
  0.22276114E+01 -0.24518923E+02
  0.22377092E+01 -0.24518851E+02
  0.22478070E+01 -0.24518781E+02
  0.22579048E+01 -0.24518715E+02
  0.22680026E+01 -0.24518655E+02
  0.22781004E+01 -0.24518601E+02
  0.22881982E+01 -0.24518554E+02
  0.22982961E+01 -0.24518515E+02
  0.23083939E+01 -0.24518483E+02
  0.23184917E+01 -0.24518457E+02
  0.23285895E+01 -0.24518438E+02
  0.23386873E+01 -0.24518422E+02
  0.23487851E+01 -0.24518411E+02
  0.23588829E+01 -0.24518401E+02
  0.23689807E+01 -0.24518393E+02
  0.23790785E+01 -0.24518385E+02
  0.23891763E+01 -0.24518379E+02
  0.23992742E+01 -0.24518381E+02
  0.24093720E+01 -0.24518386E+02
  0.24194698E+01 -0.24518394E+02
  0.24295676E+01 -0.24518408E+02
  0.24396654E+01 -0.24518427E+02
  0.24497632E+01 -0.24518452E+02
  0.24598610E+01 -0.24518484E+02
  0.24699588E+01 -0.24518524E+02
  0.24800566E+01 -0.24518572E+02
  0.24901545E+01 -0.24518629E+02
  0.25002523E+01 -0.24518693E+02
  0.25103501E+01 -0.24518764E+02
  0.25204479E+01 -0.24518843E+02
  0.25305457E+01 -0.24518929E+02
  0.25406435E+01 -0.24519021E+02
  0.25507413E+01 -0.24519118E+02
  0.25608391E+01 -0.24519220E+02
  0.25709369E+01 -0.24519326E+02
  0.25810347E+01 -0.24519437E+02
  0.25911326E+01 -0.24519552E+02
  0.26012304E+01 -0.24519671E+02
  0.26113282E+01 -0.24519794E+02
  0.26214260E+01 -0.24519922E+02
  0.26315238E+01 -0.24520054E+02
  0.26416216E+01 -0.24520191E+02
  0.26517194E+01 -0.24520332E+02
  0.26618172E+01 -0.24520478E+02
  0.26719150E+01 -0.24520627E+02
  0.26820129E+01 -0.24520781E+02
  0.26921107E+01 -0.24520937E+02
  0.27022085E+01 -0.24521096E+02
  0.27123063E+01 -0.24521257E+02
  0.27224041E+01 -0.24521419E+02
  0.27325019E+01 -0.24521581E+02
  0.27425997E+01 -0.24521743E+02
  0.27526975E+01 -0.24521904E+02
  0.27627953E+01 -0.24522062E+02
  0.27728931E+01 -0.24522218E+02
  0.27829910E+01 -0.24522371E+02
  0.27930888E+01 -0.24522521E+02
  0.28031866E+01 -0.24522665E+02
  0.28132844E+01 -0.24522806E+02
  0.28233822E+01 -0.24522942E+02
  0.28334800E+01 -0.24523073E+02
  0.28435778E+01 -0.24523200E+02
  0.28536756E+01 -0.24523323E+02
  0.28637734E+01 -0.24523442E+02
  0.28738712E+01 -0.24523557E+02
  0.28839691E+01 -0.24523668E+02
  0.28940669E+01 -0.24523777E+02
  0.29041647E+01 -0.24523883E+02
  0.29142625E+01 -0.24523987E+02
  0.29243603E+01 -0.24524089E+02
  0.29344581E+01 -0.24524191E+02
  0.29445559E+01 -0.24524293E+02
  0.29546537E+01 -0.24524397E+02
  0.29647515E+01 -0.24524503E+02
  0.29748494E+01 -0.24524613E+02
  0.29849472E+01 -0.24524728E+02
  0.29950450E+01 -0.24524848E+02
  0.30051428E+01 -0.24524973E+02
  0.30152406E+01 -0.24525103E+02
  0.30253384E+01 -0.24525239E+02
  0.30354362E+01 -0.24525379E+02
  0.30455340E+01 -0.24525522E+02
  0.30556318E+01 -0.24525667E+02
  0.30657296E+01 -0.24525814E+02
  0.30758275E+01 -0.24525961E+02
  0.30859253E+01 -0.24526109E+02
  0.30960231E+01 -0.24526256E+02
  0.31061209E+01 -0.24526402E+02
  0.31162187E+01 -0.24526548E+02
  0.31263165E+01 -0.24526695E+02
  0.31364143E+01 -0.24526843E+02
  0.31465121E+01 -0.24526992E+02
  0.31566099E+01 -0.24527142E+02
  0.31667078E+01 -0.24527295E+02
  0.31768056E+01 -0.24527450E+02
  0.31869034E+01 -0.24527606E+02
  0.31970012E+01 -0.24527762E+02
  0.32070990E+01 -0.24527917E+02
  0.32171968E+01 -0.24528071E+02
  0.32272946E+01 -0.24528220E+02
  0.32373924E+01 -0.24528364E+02
  0.32474902E+01 -0.24528502E+02
  0.32575880E+01 -0.24528633E+02
  0.32676859E+01 -0.24528755E+02
  0.32777837E+01 -0.24528869E+02
  0.32878815E+01 -0.24528976E+02
  0.32979793E+01 -0.24529075E+02
  0.33080771E+01 -0.24529168E+02
  0.33181749E+01 -0.24529256E+02
  0.33282727E+01 -0.24529339E+02
  0.33383705E+01 -0.24529418E+02
  0.33484683E+01 -0.24529495E+02
  0.33585662E+01 -0.24529569E+02
  0.33686640E+01 -0.24529640E+02
  0.33787618E+01 -0.24529709E+02
  0.33888596E+01 -0.24529774E+02
  0.33989574E+01 -0.24529833E+02
  
  0.00000000E+00 -0.13380147E+02
  0.10097810E-01 -0.13386164E+02
  0.20195621E-01 -0.13404663E+02
  0.30293431E-01 -0.13430358E+02
  0.40391242E-01 -0.13458898E+02
  0.50489052E-01 -0.13488966E+02
  0.60586863E-01 -0.13520032E+02
  0.70684673E-01 -0.13551832E+02
  0.80782483E-01 -0.13584218E+02
  0.90880294E-01 -0.13617096E+02
  0.10097810E+00 -0.13650398E+02
  0.11107591E+00 -0.13684075E+02
  0.12117373E+00 -0.13718087E+02
  0.13127154E+00 -0.13752401E+02
  0.14136935E+00 -0.13786986E+02
  0.15146716E+00 -0.13821814E+02
  0.16156497E+00 -0.13856857E+02
  0.17166278E+00 -0.13892090E+02
  0.18176059E+00 -0.13927484E+02
  0.19185840E+00 -0.13963010E+02
  0.20195621E+00 -0.13998640E+02
  0.21205402E+00 -0.14034342E+02
  0.22215183E+00 -0.14070086E+02
  0.23224964E+00 -0.14105842E+02
  0.24234745E+00 -0.14141580E+02
  0.25244526E+00 -0.14177273E+02
  0.26254307E+00 -0.14212897E+02
  0.27264088E+00 -0.14248428E+02
  0.28273869E+00 -0.14283848E+02
  0.29283650E+00 -0.14319139E+02
  0.30293431E+00 -0.14354284E+02
  0.31303212E+00 -0.14389267E+02
  0.32312993E+00 -0.14424072E+02
  0.33322774E+00 -0.14458683E+02
  0.34332555E+00 -0.14493081E+02
  0.35342337E+00 -0.14527247E+02
  0.36352118E+00 -0.14561160E+02
  0.37361899E+00 -0.14594797E+02
  0.38371680E+00 -0.14628137E+02
  0.39381461E+00 -0.14661156E+02
  0.40391242E+00 -0.14693834E+02
  0.41401023E+00 -0.14726151E+02
  0.42410804E+00 -0.14758091E+02
  0.43420585E+00 -0.14789640E+02
  0.44430366E+00 -0.14820788E+02
  0.45440147E+00 -0.14851528E+02
  0.46449928E+00 -0.14881855E+02
  0.47459709E+00 -0.14911766E+02
  0.48469490E+00 -0.14941259E+02
  0.49479271E+00 -0.14970331E+02
  0.50489052E+00 -0.14998978E+02
  0.51498833E+00 -0.15027194E+02
  0.52508614E+00 -0.15054972E+02
  0.53518395E+00 -0.15082299E+02
  0.54528176E+00 -0.15109164E+02
  0.55537957E+00 -0.15135550E+02
  0.56547738E+00 -0.15161443E+02
  0.57557519E+00 -0.15186826E+02
  0.58567301E+00 -0.15211684E+02
  0.59577082E+00 -0.15236005E+02
  0.60586863E+00 -0.15259778E+02
  0.61596644E+00 -0.15282997E+02
  0.62606425E+00 -0.15305658E+02
  0.63616206E+00 -0.15327762E+02
  0.64625987E+00 -0.15349310E+02
  0.65635768E+00 -0.15370306E+02
  0.66645549E+00 -0.15390756E+02
  0.67655330E+00 -0.15410663E+02
  0.68665111E+00 -0.15430031E+02
  0.69674892E+00 -0.15448859E+02
  0.70684673E+00 -0.15467146E+02
  0.71694454E+00 -0.15484887E+02
  0.72704235E+00 -0.15502075E+02
  0.73714016E+00 -0.15518699E+02
  0.74723797E+00 -0.15534748E+02
  0.75733578E+00 -0.15550212E+02
  0.76743359E+00 -0.15565078E+02
  0.77753140E+00 -0.15579336E+02
  0.78762921E+00 -0.15592981E+02
  0.79772702E+00 -0.15606006E+02
  0.80782483E+00 -0.15618410E+02
  0.81792265E+00 -0.15630193E+02
  0.82802046E+00 -0.15641359E+02
  0.83811827E+00 -0.15651912E+02
  0.84821608E+00 -0.15661857E+02
  0.85831389E+00 -0.15671198E+02
  0.86841170E+00 -0.15679939E+02
  0.87850951E+00 -0.15688080E+02
  0.88860732E+00 -0.15695619E+02
  0.89870513E+00 -0.15702555E+02
  0.90880294E+00 -0.15708881E+02
  0.91890075E+00 -0.15714590E+02
  0.92899856E+00 -0.15719675E+02
  0.93909637E+00 -0.15724127E+02
  0.94919418E+00 -0.15727939E+02
  0.95929199E+00 -0.15731107E+02
  0.96938980E+00 -0.15733627E+02
  0.97948761E+00 -0.15735499E+02
  0.98958542E+00 -0.15736725E+02
  0.99968323E+00 -0.15737311E+02
  0.10097810E+01 -0.15737268E+02
  0.10198328E+01 -0.15737301E+02
  0.10298846E+01 -0.15736696E+02
  0.10399364E+01 -0.15735445E+02
  0.10499882E+01 -0.15733553E+02
  0.10600399E+01 -0.15731024E+02
  0.10700917E+01 -0.15727870E+02
  0.10801435E+01 -0.15724100E+02
  0.10901953E+01 -0.15719723E+02
  0.11002471E+01 -0.15714746E+02
  0.11102988E+01 -0.15709171E+02
  0.11203506E+01 -0.15702998E+02
  0.11304024E+01 -0.15696220E+02
  0.11404542E+01 -0.15688830E+02
  0.11505060E+01 -0.15680819E+02
  0.11605577E+01 -0.15672177E+02
  0.11706095E+01 -0.15662898E+02
  0.11806613E+01 -0.15652979E+02
  0.11907131E+01 -0.15642422E+02
  0.12007648E+01 -0.15631234E+02
  0.12108166E+01 -0.15619425E+02
  0.12208684E+01 -0.15607009E+02
  0.12309202E+01 -0.15594003E+02
  0.12409720E+01 -0.15580422E+02
  0.12510237E+01 -0.15566278E+02
  0.12610755E+01 -0.15551581E+02
  0.12711273E+01 -0.15536335E+02
  0.12811791E+01 -0.15520543E+02
  0.12912309E+01 -0.15504199E+02
  0.13012826E+01 -0.15487297E+02
  0.13113344E+01 -0.15469831E+02
  0.13213862E+01 -0.15451794E+02
  0.13314380E+01 -0.15433183E+02
  0.13414898E+01 -0.15413997E+02
  0.13515415E+01 -0.15394241E+02
  0.13615933E+01 -0.15373925E+02
  0.13716451E+01 -0.15353063E+02
  0.13816969E+01 -0.15331669E+02
  0.13917486E+01 -0.15309760E+02
  0.14018004E+01 -0.15287354E+02
  0.14118522E+01 -0.15264463E+02
  0.14219040E+01 -0.15241099E+02
  0.14319558E+01 -0.15217269E+02
  0.14420075E+01 -0.15192975E+02
  0.14520593E+01 -0.15168221E+02
  0.14621111E+01 -0.15143007E+02
  0.14721629E+01 -0.15117333E+02
  0.14822147E+01 -0.15091205E+02
  0.14922664E+01 -0.15064630E+02
  0.15023182E+01 -0.15037622E+02
  0.15123700E+01 -0.15010198E+02
  0.15224218E+01 -0.14982383E+02
  0.15324736E+01 -0.14954204E+02
  0.15425253E+01 -0.14925692E+02
  0.15525771E+01 -0.14896879E+02
  0.15626289E+01 -0.14867795E+02
  0.15726807E+01 -0.14838471E+02
  0.15827325E+01 -0.14808934E+02
  0.15927842E+01 -0.14779211E+02
  0.16028360E+01 -0.14749326E+02
  0.16128878E+01 -0.14719304E+02
  0.16229396E+01 -0.14689169E+02
  0.16329913E+01 -0.14658953E+02
  0.16430431E+01 -0.14628689E+02
  0.16530949E+01 -0.14598420E+02
  0.16631467E+01 -0.14568194E+02
  0.16731985E+01 -0.14538070E+02
  0.16832502E+01 -0.14508116E+02
  0.16933020E+01 -0.14478407E+02
  0.17033538E+01 -0.14449027E+02
  0.17134056E+01 -0.14420066E+02
  0.17234574E+01 -0.14391623E+02
  0.17335091E+01 -0.14363801E+02
  0.17435609E+01 -0.14336712E+02
  0.17536127E+01 -0.14310473E+02
  0.17636645E+01 -0.14285208E+02
  0.17737163E+01 -0.14261052E+02
  0.17837680E+01 -0.14238145E+02
  0.17938198E+01 -0.14216639E+02
  0.18038716E+01 -0.14196690E+02
  0.18139234E+01 -0.14178462E+02
  0.18239751E+01 -0.14162119E+02
  0.18340269E+01 -0.14147826E+02
  0.18440787E+01 -0.14135735E+02
  0.18541305E+01 -0.14125990E+02
  0.18641823E+01 -0.14118709E+02
  0.18742340E+01 -0.14113988E+02
  0.18842858E+01 -0.14111889E+02
  0.18943836E+01 -0.14111891E+02
  0.19044814E+01 -0.14111236E+02
  0.19145793E+01 -0.14109919E+02
  0.19246771E+01 -0.14107936E+02
  0.19347749E+01 -0.14105280E+02
  0.19448727E+01 -0.14101948E+02
  0.19549705E+01 -0.14097936E+02
  0.19650683E+01 -0.14093241E+02
  0.19751661E+01 -0.14087863E+02
  0.19852639E+01 -0.14081803E+02
  0.19953617E+01 -0.14075064E+02
  0.20054595E+01 -0.14067651E+02
  0.20155574E+01 -0.14059571E+02
  0.20256552E+01 -0.14050831E+02
  0.20357530E+01 -0.14041438E+02
  0.20458508E+01 -0.14031399E+02
  0.20559486E+01 -0.14020719E+02
  0.20660464E+01 -0.14009403E+02
  0.20761442E+01 -0.13997452E+02
  0.20862420E+01 -0.13984866E+02
  0.20963398E+01 -0.13971644E+02
  0.21064377E+01 -0.13957785E+02
  0.21165355E+01 -0.13943285E+02
  0.21266333E+01 -0.13928145E+02
  0.21367311E+01 -0.13912364E+02
  0.21468289E+01 -0.13895944E+02
  0.21569267E+01 -0.13878891E+02
  0.21670245E+01 -0.13861211E+02
  0.21771223E+01 -0.13842914E+02
  0.21872201E+01 -0.13824011E+02
  0.21973179E+01 -0.13804516E+02
  0.22074158E+01 -0.13784442E+02
  0.22175136E+01 -0.13763805E+02
  0.22276114E+01 -0.13742618E+02
  0.22377092E+01 -0.13720894E+02
  0.22478070E+01 -0.13698644E+02
  0.22579048E+01 -0.13675881E+02
  0.22680026E+01 -0.13652615E+02
  0.22781004E+01 -0.13628858E+02
  0.22881982E+01 -0.13604623E+02
  0.22982961E+01 -0.13579932E+02
  0.23083939E+01 -0.13554815E+02
  0.23184917E+01 -0.13529319E+02
  0.23285895E+01 -0.13503521E+02
  0.23386873E+01 -0.13477555E+02
  0.23487851E+01 -0.13451668E+02
  0.23588829E+01 -0.13426376E+02
  0.23689807E+01 -0.13402994E+02
  0.23790785E+01 -0.13385879E+02
  0.23891763E+01 -0.13380147E+02
  0.23992742E+01 -0.13386164E+02
  0.24093720E+01 -0.13404663E+02
  0.24194698E+01 -0.13430358E+02
  0.24295676E+01 -0.13458898E+02
  0.24396654E+01 -0.13488966E+02
  0.24497632E+01 -0.13520032E+02
  0.24598610E+01 -0.13551832E+02
  0.24699588E+01 -0.13584218E+02
  0.24800566E+01 -0.13617096E+02
  0.24901545E+01 -0.13650398E+02
  0.25002523E+01 -0.13684075E+02
  0.25103501E+01 -0.13718087E+02
  0.25204479E+01 -0.13752401E+02
  0.25305457E+01 -0.13786986E+02
  0.25406435E+01 -0.13821814E+02
  0.25507413E+01 -0.13856857E+02
  0.25608391E+01 -0.13892090E+02
  0.25709369E+01 -0.13927484E+02
  0.25810347E+01 -0.13963010E+02
  0.25911326E+01 -0.13998640E+02
  0.26012304E+01 -0.14034342E+02
  0.26113282E+01 -0.14070086E+02
  0.26214260E+01 -0.14105842E+02
  0.26315238E+01 -0.14141580E+02
  0.26416216E+01 -0.14177273E+02
  0.26517194E+01 -0.14212897E+02
  0.26618172E+01 -0.14248428E+02
  0.26719150E+01 -0.14283848E+02
  0.26820129E+01 -0.14319139E+02
  0.26921107E+01 -0.14354284E+02
  0.27022085E+01 -0.14389267E+02
  0.27123063E+01 -0.14424072E+02
  0.27224041E+01 -0.14458683E+02
  0.27325019E+01 -0.14493081E+02
  0.27425997E+01 -0.14527247E+02
  0.27526975E+01 -0.14561160E+02
  0.27627953E+01 -0.14594797E+02
  0.27728931E+01 -0.14628137E+02
  0.27829910E+01 -0.14661156E+02
  0.27930888E+01 -0.14693834E+02
  0.28031866E+01 -0.14726151E+02
  0.28132844E+01 -0.14758091E+02
  0.28233822E+01 -0.14789640E+02
  0.28334800E+01 -0.14820788E+02
  0.28435778E+01 -0.14851528E+02
  0.28536756E+01 -0.14881855E+02
  0.28637734E+01 -0.14911766E+02
  0.28738712E+01 -0.14941259E+02
  0.28839691E+01 -0.14970331E+02
  0.28940669E+01 -0.14998978E+02
  0.29041647E+01 -0.15027194E+02
  0.29142625E+01 -0.15054972E+02
  0.29243603E+01 -0.15082299E+02
  0.29344581E+01 -0.15109164E+02
  0.29445559E+01 -0.15135550E+02
  0.29546537E+01 -0.15161443E+02
  0.29647515E+01 -0.15186826E+02
  0.29748494E+01 -0.15211684E+02
  0.29849472E+01 -0.15236005E+02
  0.29950450E+01 -0.15259778E+02
  0.30051428E+01 -0.15282997E+02
  0.30152406E+01 -0.15305658E+02
  0.30253384E+01 -0.15327762E+02
  0.30354362E+01 -0.15349310E+02
  0.30455340E+01 -0.15370306E+02
  0.30556318E+01 -0.15390756E+02
  0.30657296E+01 -0.15410663E+02
  0.30758275E+01 -0.15430031E+02
  0.30859253E+01 -0.15448859E+02
  0.30960231E+01 -0.15467146E+02
  0.31061209E+01 -0.15484887E+02
  0.31162187E+01 -0.15502075E+02
  0.31263165E+01 -0.15518699E+02
  0.31364143E+01 -0.15534748E+02
  0.31465121E+01 -0.15550212E+02
  0.31566099E+01 -0.15565078E+02
  0.31667078E+01 -0.15579336E+02
  0.31768056E+01 -0.15592981E+02
  0.31869034E+01 -0.15606006E+02
  0.31970012E+01 -0.15618410E+02
  0.32070990E+01 -0.15630193E+02
  0.32171968E+01 -0.15641359E+02
  0.32272946E+01 -0.15651912E+02
  0.32373924E+01 -0.15661857E+02
  0.32474902E+01 -0.15671198E+02
  0.32575880E+01 -0.15679939E+02
  0.32676859E+01 -0.15688080E+02
  0.32777837E+01 -0.15695619E+02
  0.32878815E+01 -0.15702555E+02
  0.32979793E+01 -0.15708881E+02
  0.33080771E+01 -0.15714590E+02
  0.33181749E+01 -0.15719675E+02
  0.33282727E+01 -0.15724127E+02
  0.33383705E+01 -0.15727939E+02
  0.33484683E+01 -0.15731107E+02
  0.33585662E+01 -0.15733627E+02
  0.33686640E+01 -0.15735499E+02
  0.33787618E+01 -0.15736725E+02
  0.33888596E+01 -0.15737311E+02
  0.33989574E+01 -0.15737268E+02
  
  0.00000000E+00 -0.13374077E+02
  0.10097810E-01 -0.13381995E+02
  0.20195621E-01 -0.13398785E+02
  0.30293431E-01 -0.13420269E+02
  0.40391242E-01 -0.13445473E+02
  0.50489052E-01 -0.13473122E+02
  0.60586863E-01 -0.13502429E+02
  0.70684673E-01 -0.13532933E+02
  0.80782483E-01 -0.13564349E+02
  0.90880294E-01 -0.13596496E+02
  0.10097810E+00 -0.13629245E+02
  0.11107591E+00 -0.13662500E+02
  0.12117373E+00 -0.13696189E+02
  0.13127154E+00 -0.13730246E+02
  0.14136935E+00 -0.13764619E+02
  0.15146716E+00 -0.13799258E+02
  0.16156497E+00 -0.13834120E+02
  0.17166278E+00 -0.13869166E+02
  0.18176059E+00 -0.13904360E+02
  0.19185840E+00 -0.13939673E+02
  0.20195621E+00 -0.13975076E+02
  0.21205402E+00 -0.14010548E+02
  0.22215183E+00 -0.14046068E+02
  0.23224964E+00 -0.14081618E+02
  0.24234745E+00 -0.14117179E+02
  0.25244526E+00 -0.14152733E+02
  0.26254307E+00 -0.14188259E+02
  0.27264088E+00 -0.14223734E+02
  0.28273869E+00 -0.14259134E+02
  0.29283650E+00 -0.14294429E+02
  0.30293431E+00 -0.14329592E+02
  0.31303212E+00 -0.14364593E+02
  0.32312993E+00 -0.14399403E+02
  0.33322774E+00 -0.14433994E+02
  0.34332555E+00 -0.14468343E+02
  0.35342337E+00 -0.14502428E+02
  0.36352118E+00 -0.14536232E+02
  0.37361899E+00 -0.14569743E+02
  0.38371680E+00 -0.14602951E+02
  0.39381461E+00 -0.14635849E+02
  0.40391242E+00 -0.14668431E+02
  0.41401023E+00 -0.14700694E+02
  0.42410804E+00 -0.14732631E+02
  0.43420585E+00 -0.14764237E+02
  0.44430366E+00 -0.14795501E+02
  0.45440147E+00 -0.14826412E+02
  0.46449928E+00 -0.14856955E+02
  0.47459709E+00 -0.14887114E+02
  0.48469490E+00 -0.14916871E+02
  0.49479271E+00 -0.14946207E+02
  0.50489052E+00 -0.14975106E+02
  0.51498833E+00 -0.15003551E+02
  0.52508614E+00 -0.15031530E+02
  0.53518395E+00 -0.15059033E+02
  0.54528176E+00 -0.15086052E+02
  0.55537957E+00 -0.15112585E+02
  0.56547738E+00 -0.15138629E+02
  0.57557519E+00 -0.15164184E+02
  0.58567301E+00 -0.15189252E+02
  0.59577082E+00 -0.15213832E+02
  0.60586863E+00 -0.15237924E+02
  0.61596644E+00 -0.15261524E+02
  0.62606425E+00 -0.15284627E+02
  0.63616206E+00 -0.15307225E+02
  0.64625987E+00 -0.15329308E+02
  0.65635768E+00 -0.15350864E+02
  0.66645549E+00 -0.15371882E+02
  0.67655330E+00 -0.15392349E+02
  0.68665111E+00 -0.15412254E+02
  0.69674892E+00 -0.15431590E+02
  0.70684673E+00 -0.15450350E+02
  0.71694454E+00 -0.15468531E+02
  0.72704235E+00 -0.15486132E+02
  0.73714016E+00 -0.15503154E+02
  0.74723797E+00 -0.15519600E+02
  0.75733578E+00 -0.15535473E+02
  0.76743359E+00 -0.15550777E+02
  0.77753140E+00 -0.15565514E+02
  0.78762921E+00 -0.15579684E+02
  0.79772702E+00 -0.15593284E+02
  0.80782483E+00 -0.15606309E+02
  0.81792265E+00 -0.15618751E+02
  0.82802046E+00 -0.15630601E+02
  0.83811827E+00 -0.15641848E+02
  0.84821608E+00 -0.15652481E+02
  0.85831389E+00 -0.15662491E+02
  0.86841170E+00 -0.15671869E+02
  0.87850951E+00 -0.15680611E+02
  0.88860732E+00 -0.15688712E+02
  0.89870513E+00 -0.15696174E+02
  0.90880294E+00 -0.15702998E+02
  0.91890075E+00 -0.15709189E+02
  0.92899856E+00 -0.15714755E+02
  0.93909637E+00 -0.15719700E+02
  0.94919418E+00 -0.15724032E+02
  0.95929199E+00 -0.15727756E+02
  0.96938980E+00 -0.15730875E+02
  0.97948761E+00 -0.15733388E+02
  0.98958542E+00 -0.15735294E+02
  0.99968323E+00 -0.15736588E+02
  0.10097810E+01 -0.15737257E+02
  0.10198328E+01 -0.15736585E+02
  0.10298846E+01 -0.15735275E+02
  0.10399364E+01 -0.15733346E+02
  0.10499882E+01 -0.15730810E+02
  0.10600399E+01 -0.15727676E+02
  0.10700917E+01 -0.15723953E+02
  0.10801435E+01 -0.15719643E+02
  0.10901953E+01 -0.15714745E+02
  0.11002471E+01 -0.15709253E+02
  0.11102988E+01 -0.15703157E+02
  0.11203506E+01 -0.15696447E+02
  0.11304024E+01 -0.15689111E+02
  0.11404542E+01 -0.15681140E+02
  0.11505060E+01 -0.15672528E+02
  0.11605577E+01 -0.15663274E+02
  0.11706095E+01 -0.15653382E+02
  0.11806613E+01 -0.15642860E+02
  0.11907131E+01 -0.15631720E+02
  0.12007648E+01 -0.15619975E+02
  0.12108166E+01 -0.15607641E+02
  0.12208684E+01 -0.15594728E+02
  0.12309202E+01 -0.15581246E+02
  0.12409720E+01 -0.15567201E+02
  0.12510237E+01 -0.15552592E+02
  0.12610755E+01 -0.15537417E+02
  0.12711273E+01 -0.15521672E+02
  0.12811791E+01 -0.15505351E+02
  0.12912309E+01 -0.15488450E+02
  0.13012826E+01 -0.15470966E+02
  0.13113344E+01 -0.15452902E+02
  0.13213862E+01 -0.15434265E+02
  0.13314380E+01 -0.15415067E+02
  0.13414898E+01 -0.15395322E+02
  0.13515415E+01 -0.15375048E+02
  0.13615933E+01 -0.15354263E+02
  0.13716451E+01 -0.15332983E+02
  0.13816969E+01 -0.15311221E+02
  0.13917486E+01 -0.15288989E+02
  0.14018004E+01 -0.15266290E+02
  0.14118522E+01 -0.15243127E+02
  0.14219040E+01 -0.15219499E+02
  0.14319558E+01 -0.15195402E+02
  0.14420075E+01 -0.15170835E+02
  0.14520593E+01 -0.15145798E+02
  0.14621111E+01 -0.15120296E+02
  0.14721629E+01 -0.15094340E+02
  0.14822147E+01 -0.15067943E+02
  0.14922664E+01 -0.15041126E+02
  0.15023182E+01 -0.15013913E+02
  0.15123700E+01 -0.14986331E+02
  0.15224218E+01 -0.14958408E+02
  0.15324736E+01 -0.14930170E+02
  0.15425253E+01 -0.14901643E+02
  0.15525771E+01 -0.14872850E+02
  0.15626289E+01 -0.14843813E+02
  0.15726807E+01 -0.14814550E+02
  0.15827325E+01 -0.14785081E+02
  0.15927842E+01 -0.14755427E+02
  0.16028360E+01 -0.14725612E+02
  0.16128878E+01 -0.14695666E+02
  0.16229396E+01 -0.14665624E+02
  0.16329913E+01 -0.14635529E+02
  0.16430431E+01 -0.14605430E+02
  0.16530949E+01 -0.14575385E+02
  0.16631467E+01 -0.14545456E+02
  0.16731985E+01 -0.14515710E+02
  0.16832502E+01 -0.14486222E+02
  0.16933020E+01 -0.14457066E+02
  0.17033538E+01 -0.14428322E+02
  0.17134056E+01 -0.14400073E+02
  0.17234574E+01 -0.14372409E+02
  0.17335091E+01 -0.14345423E+02
  0.17435609E+01 -0.14319218E+02
  0.17536127E+01 -0.14293904E+02
  0.17636645E+01 -0.14269606E+02
  0.17737163E+01 -0.14246455E+02
  0.17837680E+01 -0.14224598E+02
  0.17938198E+01 -0.14204190E+02
  0.18038716E+01 -0.14185394E+02
  0.18139234E+01 -0.14168379E+02
  0.18239751E+01 -0.14153315E+02
  0.18340269E+01 -0.14140363E+02
  0.18440787E+01 -0.14129678E+02
  0.18541305E+01 -0.14121392E+02
  0.18641823E+01 -0.14115616E+02
  0.18742340E+01 -0.14112432E+02
  0.18842858E+01 -0.14111884E+02
  0.18943836E+01 -0.14111225E+02
  0.19044814E+01 -0.14109909E+02
  0.19145793E+01 -0.14107937E+02
  0.19246771E+01 -0.14105305E+02
  0.19347749E+01 -0.14102010E+02
  0.19448727E+01 -0.14098046E+02
  0.19549705E+01 -0.14093409E+02
  0.19650683E+01 -0.14088097E+02
  0.19751661E+01 -0.14082107E+02
  0.19852639E+01 -0.14075439E+02
  0.19953617E+01 -0.14068095E+02
  0.20054595E+01 -0.14060081E+02
  0.20155574E+01 -0.14051400E+02
  0.20256552E+01 -0.14042062E+02
  0.20357530E+01 -0.14032072E+02
  0.20458508E+01 -0.14021439E+02
  0.20559486E+01 -0.14010170E+02
  0.20660464E+01 -0.13998269E+02
  0.20761442E+01 -0.13985741E+02
  0.20862420E+01 -0.13972588E+02
  0.20963398E+01 -0.13958812E+02
  0.21064377E+01 -0.13944414E+02
  0.21165355E+01 -0.13929392E+02
  0.21266333E+01 -0.13913746E+02
  0.21367311E+01 -0.13897478E+02
  0.21468289E+01 -0.13880591E+02
  0.21569267E+01 -0.13863088E+02
  0.21670245E+01 -0.13844980E+02
  0.21771223E+01 -0.13826275E+02
  0.21872201E+01 -0.13806988E+02
  0.21973179E+01 -0.13787134E+02
  0.22074158E+01 -0.13766732E+02
  0.22175136E+01 -0.13745800E+02
  0.22276114E+01 -0.13724357E+02
  0.22377092E+01 -0.13702424E+02
  0.22478070E+01 -0.13680021E+02
  0.22579048E+01 -0.13657168E+02
  0.22680026E+01 -0.13633891E+02
  0.22781004E+01 -0.13610216E+02
  0.22881982E+01 -0.13586179E+02
  0.22982961E+01 -0.13561828E+02
  0.23083939E+01 -0.13537232E+02
  0.23184917E+01 -0.13512494E+02
  0.23285895E+01 -0.13487776E+02
  0.23386873E+01 -0.13463335E+02
  0.23487851E+01 -0.13439606E+02
  0.23588829E+01 -0.13417334E+02
  0.23689807E+01 -0.13397727E+02
  0.23790785E+01 -0.13381719E+02
  0.23891763E+01 -0.13374077E+02
  0.23992742E+01 -0.13381995E+02
  0.24093720E+01 -0.13398785E+02
  0.24194698E+01 -0.13420269E+02
  0.24295676E+01 -0.13445473E+02
  0.24396654E+01 -0.13473122E+02
  0.24497632E+01 -0.13502429E+02
  0.24598610E+01 -0.13532933E+02
  0.24699588E+01 -0.13564349E+02
  0.24800566E+01 -0.13596496E+02
  0.24901545E+01 -0.13629245E+02
  0.25002523E+01 -0.13662500E+02
  0.25103501E+01 -0.13696189E+02
  0.25204479E+01 -0.13730246E+02
  0.25305457E+01 -0.13764619E+02
  0.25406435E+01 -0.13799258E+02
  0.25507413E+01 -0.13834120E+02
  0.25608391E+01 -0.13869166E+02
  0.25709369E+01 -0.13904360E+02
  0.25810347E+01 -0.13939673E+02
  0.25911326E+01 -0.13975076E+02
  0.26012304E+01 -0.14010548E+02
  0.26113282E+01 -0.14046068E+02
  0.26214260E+01 -0.14081618E+02
  0.26315238E+01 -0.14117179E+02
  0.26416216E+01 -0.14152733E+02
  0.26517194E+01 -0.14188259E+02
  0.26618172E+01 -0.14223734E+02
  0.26719150E+01 -0.14259134E+02
  0.26820129E+01 -0.14294429E+02
  0.26921107E+01 -0.14329592E+02
  0.27022085E+01 -0.14364593E+02
  0.27123063E+01 -0.14399403E+02
  0.27224041E+01 -0.14433994E+02
  0.27325019E+01 -0.14468343E+02
  0.27425997E+01 -0.14502428E+02
  0.27526975E+01 -0.14536232E+02
  0.27627953E+01 -0.14569743E+02
  0.27728931E+01 -0.14602951E+02
  0.27829910E+01 -0.14635849E+02
  0.27930888E+01 -0.14668431E+02
  0.28031866E+01 -0.14700694E+02
  0.28132844E+01 -0.14732631E+02
  0.28233822E+01 -0.14764237E+02
  0.28334800E+01 -0.14795501E+02
  0.28435778E+01 -0.14826412E+02
  0.28536756E+01 -0.14856955E+02
  0.28637734E+01 -0.14887114E+02
  0.28738712E+01 -0.14916871E+02
  0.28839691E+01 -0.14946207E+02
  0.28940669E+01 -0.14975106E+02
  0.29041647E+01 -0.15003551E+02
  0.29142625E+01 -0.15031530E+02
  0.29243603E+01 -0.15059033E+02
  0.29344581E+01 -0.15086052E+02
  0.29445559E+01 -0.15112585E+02
  0.29546537E+01 -0.15138629E+02
  0.29647515E+01 -0.15164184E+02
  0.29748494E+01 -0.15189252E+02
  0.29849472E+01 -0.15213832E+02
  0.29950450E+01 -0.15237924E+02
  0.30051428E+01 -0.15261524E+02
  0.30152406E+01 -0.15284627E+02
  0.30253384E+01 -0.15307225E+02
  0.30354362E+01 -0.15329308E+02
  0.30455340E+01 -0.15350864E+02
  0.30556318E+01 -0.15371882E+02
  0.30657296E+01 -0.15392349E+02
  0.30758275E+01 -0.15412254E+02
  0.30859253E+01 -0.15431590E+02
  0.30960231E+01 -0.15450350E+02
  0.31061209E+01 -0.15468531E+02
  0.31162187E+01 -0.15486132E+02
  0.31263165E+01 -0.15503154E+02
  0.31364143E+01 -0.15519600E+02
  0.31465121E+01 -0.15535473E+02
  0.31566099E+01 -0.15550777E+02
  0.31667078E+01 -0.15565514E+02
  0.31768056E+01 -0.15579684E+02
  0.31869034E+01 -0.15593284E+02
  0.31970012E+01 -0.15606309E+02
  0.32070990E+01 -0.15618751E+02
  0.32171968E+01 -0.15630601E+02
  0.32272946E+01 -0.15641848E+02
  0.32373924E+01 -0.15652481E+02
  0.32474902E+01 -0.15662491E+02
  0.32575880E+01 -0.15671869E+02
  0.32676859E+01 -0.15680611E+02
  0.32777837E+01 -0.15688712E+02
  0.32878815E+01 -0.15696174E+02
  0.32979793E+01 -0.15702998E+02
  0.33080771E+01 -0.15709189E+02
  0.33181749E+01 -0.15714755E+02
  0.33282727E+01 -0.15719700E+02
  0.33383705E+01 -0.15724032E+02
  0.33484683E+01 -0.15727756E+02
  0.33585662E+01 -0.15730875E+02
  0.33686640E+01 -0.15733388E+02
  0.33787618E+01 -0.15735294E+02
  0.33888596E+01 -0.15736588E+02
  0.33989574E+01 -0.15737257E+02
  
  0.00000000E+00 -0.13277358E+02
  0.10097810E-01 -0.13268860E+02
  0.20195621E-01 -0.13248457E+02
  0.30293431E-01 -0.13222624E+02
  0.40391242E-01 -0.13194238E+02
  0.50489052E-01 -0.13164417E+02
  0.60586863E-01 -0.13133641E+02
  0.70684673E-01 -0.13102151E+02
  0.80782483E-01 -0.13070080E+02
  0.90880294E-01 -0.13037508E+02
  0.10097810E+00 -0.13004492E+02
  0.11107591E+00 -0.12971073E+02
  0.12117373E+00 -0.12937283E+02
  0.13127154E+00 -0.12903150E+02
  0.14136935E+00 -0.12868700E+02
  0.15146716E+00 -0.12833956E+02
  0.16156497E+00 -0.12798944E+02
  0.17166278E+00 -0.12763688E+02
  0.18176059E+00 -0.12728215E+02
  0.19185840E+00 -0.12692551E+02
  0.20195621E+00 -0.12656726E+02
  0.21205402E+00 -0.12620771E+02
  0.22215183E+00 -0.12584716E+02
  0.23224964E+00 -0.12548592E+02
  0.24234745E+00 -0.12512432E+02
  0.25244526E+00 -0.12476264E+02
  0.26254307E+00 -0.12440119E+02
  0.27264088E+00 -0.12404023E+02
  0.28273869E+00 -0.12368002E+02
  0.29283650E+00 -0.12332080E+02
  0.30293431E+00 -0.12296277E+02
  0.31303212E+00 -0.12260616E+02
  0.32312993E+00 -0.12225117E+02
  0.33322774E+00 -0.12189801E+02
  0.34332555E+00 -0.12154691E+02
  0.35342337E+00 -0.12119814E+02
  0.36352118E+00 -0.12085198E+02
  0.37361899E+00 -0.12050875E+02
  0.38371680E+00 -0.12016879E+02
  0.39381461E+00 -0.11983246E+02
  0.40391242E+00 -0.11950012E+02
  0.41401023E+00 -0.11917214E+02
  0.42410804E+00 -0.11884885E+02
  0.43420585E+00 -0.11853055E+02
  0.44430366E+00 -0.11821751E+02
  0.45440147E+00 -0.11790993E+02
  0.46449928E+00 -0.11760798E+02
  0.47459709E+00 -0.11731179E+02
  0.48469490E+00 -0.11702145E+02
  0.49479271E+00 -0.11673700E+02
  0.50489052E+00 -0.11645851E+02
  0.51498833E+00 -0.11618603E+02
  0.52508614E+00 -0.11591962E+02
  0.53518395E+00 -0.11565935E+02
  0.54528176E+00 -0.11540531E+02
  0.55537957E+00 -0.11515763E+02
  0.56547738E+00 -0.11491643E+02
  0.57557519E+00 -0.11468182E+02
  0.58567301E+00 -0.11445393E+02
  0.59577082E+00 -0.11423285E+02
  0.60586863E+00 -0.11401865E+02
  0.61596644E+00 -0.11381137E+02
  0.62606425E+00 -0.11361100E+02
  0.63616206E+00 -0.11341750E+02
  0.64625987E+00 -0.11323080E+02
  0.65635768E+00 -0.11305081E+02
  0.66645549E+00 -0.11287742E+02
  0.67655330E+00 -0.11271053E+02
  0.68665111E+00 -0.11255003E+02
  0.69674892E+00 -0.11239584E+02
  0.70684673E+00 -0.11224789E+02
  0.71694454E+00 -0.11210615E+02
  0.72704235E+00 -0.11197060E+02
  0.73714016E+00 -0.11184123E+02
  0.74723797E+00 -0.11171803E+02
  0.75733578E+00 -0.11160100E+02
  0.76743359E+00 -0.11149010E+02
  0.77753140E+00 -0.11138528E+02
  0.78762921E+00 -0.11128644E+02
  0.79772702E+00 -0.11119345E+02
  0.80782483E+00 -0.11110612E+02
  0.81792265E+00 -0.11102426E+02
  0.82802046E+00 -0.11094763E+02
  0.83811827E+00 -0.11087597E+02
  0.84821608E+00 -0.11080902E+02
  0.85831389E+00 -0.11074656E+02
  0.86841170E+00 -0.11068834E+02
  0.87850951E+00 -0.11063419E+02
  0.88860732E+00 -0.11058395E+02
  0.89870513E+00 -0.11053751E+02
  0.90880294E+00 -0.11049480E+02
  0.91890075E+00 -0.11045576E+02
  0.92899856E+00 -0.11042039E+02
  0.93909637E+00 -0.11038867E+02
  0.94919418E+00 -0.11036061E+02
  0.95929199E+00 -0.11033618E+02
  0.96938980E+00 -0.11031536E+02
  0.97948761E+00 -0.11029810E+02
  0.98958542E+00 -0.11028435E+02
  0.99968323E+00 -0.11027401E+02
  0.10097810E+01 -0.11026702E+02
  0.10198328E+01 -0.11027398E+02
  0.10298846E+01 -0.11028441E+02
  0.10399364E+01 -0.11029832E+02
  0.10499882E+01 -0.11031573E+02
  0.10600399E+01 -0.11033661E+02
  0.10700917E+01 -0.11036090E+02
  0.10801435E+01 -0.11038856E+02
  0.10901953E+01 -0.11041955E+02
  0.11002471E+01 -0.11045387E+02
  0.11102988E+01 -0.11049159E+02
  0.11203506E+01 -0.11053282E+02
  0.11304024E+01 -0.11057774E+02
  0.11404542E+01 -0.11062657E+02
  0.11505060E+01 -0.11067959E+02
  0.11605577E+01 -0.11073707E+02
  0.11706095E+01 -0.11079929E+02
  0.11806613E+01 -0.11086648E+02
  0.11907131E+01 -0.11093885E+02
  0.12007648E+01 -0.11101653E+02
  0.12108166E+01 -0.11109963E+02
  0.12208684E+01 -0.11118818E+02
  0.12309202E+01 -0.11128220E+02
  0.12409720E+01 -0.11138172E+02
  0.12510237E+01 -0.11148675E+02
  0.12610755E+01 -0.11159735E+02
  0.12711273E+01 -0.11171362E+02
  0.12811791E+01 -0.11183571E+02
  0.12912309E+01 -0.11196380E+02
  0.13012826E+01 -0.11209810E+02
  0.13113344E+01 -0.11223882E+02
  0.13213862E+01 -0.11238615E+02
  0.13314380E+01 -0.11254026E+02
  0.13414898E+01 -0.11270124E+02
  0.13515415E+01 -0.11286911E+02
  0.13615933E+01 -0.11304387E+02
  0.13716451E+01 -0.11322541E+02
  0.13816969E+01 -0.11341364E+02
  0.13917486E+01 -0.11360844E+02
  0.14018004E+01 -0.11380970E+02
  0.14118522E+01 -0.11401737E+02
  0.14219040E+01 -0.11423146E+02
  0.14319558E+01 -0.11445201E+02
  0.14420075E+01 -0.11467913E+02
  0.14520593E+01 -0.11491298E+02
  0.14621111E+01 -0.11515370E+02
  0.14721629E+01 -0.11540142E+02
  0.14822147E+01 -0.11565622E+02
  0.14922664E+01 -0.11591810E+02
  0.15023182E+01 -0.11618697E+02
  0.15123700E+01 -0.11646262E+02
  0.15224218E+01 -0.11674476E+02
  0.15324736E+01 -0.11703301E+02
  0.15425253E+01 -0.11732693E+02
  0.15525771E+01 -0.11762606E+02
  0.15626289E+01 -0.11792991E+02
  0.15726807E+01 -0.11823802E+02
  0.15827325E+01 -0.11854994E+02
  0.15927842E+01 -0.11886526E+02
  0.16028360E+01 -0.11918359E+02
  0.16128878E+01 -0.11950454E+02
  0.16229396E+01 -0.11982770E+02
  0.16329913E+01 -0.12015262E+02
  0.16430431E+01 -0.12047878E+02
  0.16530949E+01 -0.12080557E+02
  0.16631467E+01 -0.12113229E+02
  0.16731985E+01 -0.12145814E+02
  0.16832502E+01 -0.12178222E+02
  0.16933020E+01 -0.12210354E+02
  0.17033538E+01 -0.12242103E+02
  0.17134056E+01 -0.12273355E+02
  0.17234574E+01 -0.12303993E+02
  0.17335091E+01 -0.12333893E+02
  0.17435609E+01 -0.12362929E+02
  0.17536127E+01 -0.12390968E+02
  0.17636645E+01 -0.12417872E+02
  0.17737163E+01 -0.12443496E+02
  0.17837680E+01 -0.12467689E+02
  0.17938198E+01 -0.12490291E+02
  0.18038716E+01 -0.12511136E+02
  0.18139234E+01 -0.12530053E+02
  0.18239751E+01 -0.12546870E+02
  0.18340269E+01 -0.12561416E+02
  0.18440787E+01 -0.12573530E+02
  0.18541305E+01 -0.12583068E+02
  0.18641823E+01 -0.12589905E+02
  0.18742340E+01 -0.12593946E+02
  0.18842858E+01 -0.12595128E+02
  0.18943836E+01 -0.12595921E+02
  0.19044814E+01 -0.12597189E+02
  0.19145793E+01 -0.12598930E+02
  0.19246771E+01 -0.12601153E+02
  0.19347749E+01 -0.12603868E+02
  0.19448727E+01 -0.12607086E+02
  0.19549705E+01 -0.12610814E+02
  0.19650683E+01 -0.12615061E+02
  0.19751661E+01 -0.12619833E+02
  0.19852639E+01 -0.12625133E+02
  0.19953617E+01 -0.12630961E+02
  0.20054595E+01 -0.12637318E+02
  0.20155574E+01 -0.12644202E+02
  0.20256552E+01 -0.12651613E+02
  0.20357530E+01 -0.12659552E+02
  0.20458508E+01 -0.12668020E+02
  0.20559486E+01 -0.12677025E+02
  0.20660464E+01 -0.12686574E+02
  0.20761442E+01 -0.12696678E+02
  0.20862420E+01 -0.12707352E+02
  0.20963398E+01 -0.12718610E+02
  0.21064377E+01 -0.12730469E+02
  0.21165355E+01 -0.12742943E+02
  0.21266333E+01 -0.12756047E+02
  0.21367311E+01 -0.12769791E+02
  0.21468289E+01 -0.12784182E+02
  0.21569267E+01 -0.12799225E+02
  0.21670245E+01 -0.12814919E+02
  0.21771223E+01 -0.12831262E+02
  0.21872201E+01 -0.12848249E+02
  0.21973179E+01 -0.12865873E+02
  0.22074158E+01 -0.12884126E+02
  0.22175136E+01 -0.12903004E+02
  0.22276114E+01 -0.12922500E+02
  0.22377092E+01 -0.12942610E+02
  0.22478070E+01 -0.12963333E+02
  0.22579048E+01 -0.12984667E+02
  0.22680026E+01 -0.13006610E+02
  0.22781004E+01 -0.13029157E+02
  0.22881982E+01 -0.13052300E+02
  0.22982961E+01 -0.13076023E+02
  0.23083939E+01 -0.13100299E+02
  0.23184917E+01 -0.13125080E+02
  0.23285895E+01 -0.13150288E+02
  0.23386873E+01 -0.13175791E+02
  0.23487851E+01 -0.13201346E+02
  0.23588829E+01 -0.13226468E+02
  0.23689807E+01 -0.13250046E+02
  0.23790785E+01 -0.13269216E+02
  0.23891763E+01 -0.13277358E+02
  0.23992742E+01 -0.13268860E+02
  0.24093720E+01 -0.13248457E+02
  0.24194698E+01 -0.13222624E+02
  0.24295676E+01 -0.13194238E+02
  0.24396654E+01 -0.13164417E+02
  0.24497632E+01 -0.13133641E+02
  0.24598610E+01 -0.13102151E+02
  0.24699588E+01 -0.13070080E+02
  0.24800566E+01 -0.13037508E+02
  0.24901545E+01 -0.13004492E+02
  0.25002523E+01 -0.12971073E+02
  0.25103501E+01 -0.12937283E+02
  0.25204479E+01 -0.12903150E+02
  0.25305457E+01 -0.12868700E+02
  0.25406435E+01 -0.12833956E+02
  0.25507413E+01 -0.12798944E+02
  0.25608391E+01 -0.12763688E+02
  0.25709369E+01 -0.12728215E+02
  0.25810347E+01 -0.12692551E+02
  0.25911326E+01 -0.12656726E+02
  0.26012304E+01 -0.12620771E+02
  0.26113282E+01 -0.12584716E+02
  0.26214260E+01 -0.12548592E+02
  0.26315238E+01 -0.12512432E+02
  0.26416216E+01 -0.12476264E+02
  0.26517194E+01 -0.12440119E+02
  0.26618172E+01 -0.12404023E+02
  0.26719150E+01 -0.12368002E+02
  0.26820129E+01 -0.12332080E+02
  0.26921107E+01 -0.12296277E+02
  0.27022085E+01 -0.12260616E+02
  0.27123063E+01 -0.12225117E+02
  0.27224041E+01 -0.12189801E+02
  0.27325019E+01 -0.12154691E+02
  0.27425997E+01 -0.12119814E+02
  0.27526975E+01 -0.12085198E+02
  0.27627953E+01 -0.12050875E+02
  0.27728931E+01 -0.12016879E+02
  0.27829910E+01 -0.11983246E+02
  0.27930888E+01 -0.11950012E+02
  0.28031866E+01 -0.11917214E+02
  0.28132844E+01 -0.11884885E+02
  0.28233822E+01 -0.11853055E+02
  0.28334800E+01 -0.11821751E+02
  0.28435778E+01 -0.11790993E+02
  0.28536756E+01 -0.11760798E+02
  0.28637734E+01 -0.11731179E+02
  0.28738712E+01 -0.11702145E+02
  0.28839691E+01 -0.11673700E+02
  0.28940669E+01 -0.11645851E+02
  0.29041647E+01 -0.11618603E+02
  0.29142625E+01 -0.11591962E+02
  0.29243603E+01 -0.11565935E+02
  0.29344581E+01 -0.11540531E+02
  0.29445559E+01 -0.11515763E+02
  0.29546537E+01 -0.11491643E+02
  0.29647515E+01 -0.11468182E+02
  0.29748494E+01 -0.11445393E+02
  0.29849472E+01 -0.11423285E+02
  0.29950450E+01 -0.11401865E+02
  0.30051428E+01 -0.11381137E+02
  0.30152406E+01 -0.11361100E+02
  0.30253384E+01 -0.11341750E+02
  0.30354362E+01 -0.11323080E+02
  0.30455340E+01 -0.11305081E+02
  0.30556318E+01 -0.11287742E+02
  0.30657296E+01 -0.11271053E+02
  0.30758275E+01 -0.11255003E+02
  0.30859253E+01 -0.11239584E+02
  0.30960231E+01 -0.11224789E+02
  0.31061209E+01 -0.11210615E+02
  0.31162187E+01 -0.11197060E+02
  0.31263165E+01 -0.11184123E+02
  0.31364143E+01 -0.11171803E+02
  0.31465121E+01 -0.11160100E+02
  0.31566099E+01 -0.11149010E+02
  0.31667078E+01 -0.11138528E+02
  0.31768056E+01 -0.11128644E+02
  0.31869034E+01 -0.11119345E+02
  0.31970012E+01 -0.11110612E+02
  0.32070990E+01 -0.11102426E+02
  0.32171968E+01 -0.11094763E+02
  0.32272946E+01 -0.11087597E+02
  0.32373924E+01 -0.11080902E+02
  0.32474902E+01 -0.11074656E+02
  0.32575880E+01 -0.11068834E+02
  0.32676859E+01 -0.11063419E+02
  0.32777837E+01 -0.11058395E+02
  0.32878815E+01 -0.11053751E+02
  0.32979793E+01 -0.11049480E+02
  0.33080771E+01 -0.11045576E+02
  0.33181749E+01 -0.11042039E+02
  0.33282727E+01 -0.11038867E+02
  0.33383705E+01 -0.11036061E+02
  0.33484683E+01 -0.11033618E+02
  0.33585662E+01 -0.11031536E+02
  0.33686640E+01 -0.11029810E+02
  0.33787618E+01 -0.11028435E+02
  0.33888596E+01 -0.11027401E+02
  0.33989574E+01 -0.11026702E+02
  
  0.00000000E+00 -0.13214921E+02
  0.10097810E-01 -0.13209568E+02
  0.20195621E-01 -0.13194932E+02
  0.30293431E-01 -0.13173983E+02
  0.40391242E-01 -0.13149144E+02
  0.50489052E-01 -0.13121866E+02
  0.60586863E-01 -0.13092963E+02
  0.70684673E-01 -0.13062893E+02
  0.80782483E-01 -0.13031933E+02
  0.90880294E-01 -0.13000252E+02
  0.10097810E+00 -0.12967965E+02
  0.11107591E+00 -0.12935150E+02
  0.12117373E+00 -0.12901867E+02
  0.13127154E+00 -0.12868164E+02
  0.14136935E+00 -0.12834082E+02
  0.15146716E+00 -0.12799659E+02
  0.16156497E+00 -0.12764929E+02
  0.17166278E+00 -0.12729928E+02
  0.18176059E+00 -0.12694688E+02
  0.19185840E+00 -0.12659241E+02
  0.20195621E+00 -0.12623619E+02
  0.21205402E+00 -0.12587851E+02
  0.22215183E+00 -0.12551965E+02
  0.23224964E+00 -0.12515986E+02
  0.24234745E+00 -0.12479941E+02
  0.25244526E+00 -0.12443853E+02
  0.26254307E+00 -0.12407745E+02
  0.27264088E+00 -0.12371642E+02
  0.28273869E+00 -0.12335567E+02
  0.29283650E+00 -0.12299546E+02
  0.30293431E+00 -0.12263608E+02
  0.31303212E+00 -0.12227782E+02
  0.32312993E+00 -0.12192097E+02
  0.33322774E+00 -0.12156588E+02
  0.34332555E+00 -0.12121285E+02
  0.35342337E+00 -0.12086221E+02
  0.36352118E+00 -0.12051426E+02
  0.37361899E+00 -0.12016930E+02
  0.38371680E+00 -0.11982760E+02
  0.39381461E+00 -0.11948943E+02
  0.40391242E+00 -0.11915504E+02
  0.41401023E+00 -0.11882467E+02
  0.42410804E+00 -0.11849859E+02
  0.43420585E+00 -0.11817705E+02
  0.44430366E+00 -0.11786032E+02
  0.45440147E+00 -0.11754867E+02
  0.46449928E+00 -0.11724239E+02
  0.47459709E+00 -0.11694177E+02
  0.48469490E+00 -0.11664711E+02
  0.49479271E+00 -0.11635867E+02
  0.50489052E+00 -0.11607671E+02
  0.51498833E+00 -0.11580144E+02
  0.52508614E+00 -0.11553303E+02
  0.53518395E+00 -0.11527160E+02
  0.54528176E+00 -0.11501725E+02
  0.55537957E+00 -0.11477000E+02
  0.56547738E+00 -0.11452987E+02
  0.57557519E+00 -0.11429683E+02
  0.58567301E+00 -0.11407085E+02
  0.59577082E+00 -0.11385192E+02
  0.60586863E+00 -0.11364000E+02
  0.61596644E+00 -0.11343509E+02
  0.62606425E+00 -0.11323721E+02
  0.63616206E+00 -0.11304641E+02
  0.64625987E+00 -0.11286273E+02
  0.65635768E+00 -0.11268624E+02
  0.66645549E+00 -0.11251699E+02
  0.67655330E+00 -0.11235505E+02
  0.68665111E+00 -0.11220041E+02
  0.69674892E+00 -0.11205308E+02
  0.70684673E+00 -0.11191300E+02
  0.71694454E+00 -0.11178006E+02
  0.72704235E+00 -0.11165413E+02
  0.73714016E+00 -0.11153504E+02
  0.74723797E+00 -0.11142257E+02
  0.75733578E+00 -0.11131651E+02
  0.76743359E+00 -0.11121663E+02
  0.77753140E+00 -0.11112271E+02
  0.78762921E+00 -0.11103454E+02
  0.79772702E+00 -0.11095193E+02
  0.80782483E+00 -0.11087473E+02
  0.81792265E+00 -0.11080278E+02
  0.82802046E+00 -0.11073598E+02
  0.83811827E+00 -0.11067422E+02
  0.84821608E+00 -0.11061740E+02
  0.85831389E+00 -0.11056541E+02
  0.86841170E+00 -0.11051815E+02
  0.87850951E+00 -0.11047548E+02
  0.88860732E+00 -0.11043727E+02
  0.89870513E+00 -0.11040334E+02
  0.90880294E+00 -0.11037352E+02
  0.91890075E+00 -0.11034762E+02
  0.92899856E+00 -0.11032544E+02
  0.93909637E+00 -0.11030681E+02
  0.94919418E+00 -0.11029157E+02
  0.95929199E+00 -0.11027959E+02
  0.96938980E+00 -0.11027079E+02
  0.97948761E+00 -0.11026510E+02
  0.98958542E+00 -0.11026253E+02
  0.99968323E+00 -0.11026308E+02
  0.10097810E+01 -0.11026682E+02
  0.10198328E+01 -0.11026324E+02
  0.10298846E+01 -0.11026294E+02
  0.10399364E+01 -0.11026581E+02
  0.10499882E+01 -0.11027178E+02
  0.10600399E+01 -0.11028077E+02
  0.10700917E+01 -0.11029277E+02
  0.10801435E+01 -0.11030783E+02
  0.10901953E+01 -0.11032606E+02
  0.11002471E+01 -0.11034762E+02
  0.11102988E+01 -0.11037274E+02
  0.11203506E+01 -0.11040166E+02
  0.11304024E+01 -0.11043464E+02
  0.11404542E+01 -0.11047192E+02
  0.11505060E+01 -0.11051371E+02
  0.11605577E+01 -0.11056020E+02
  0.11706095E+01 -0.11061153E+02
  0.11806613E+01 -0.11066780E+02
  0.11907131E+01 -0.11072910E+02
  0.12007648E+01 -0.11079550E+02
  0.12108166E+01 -0.11086709E+02
  0.12208684E+01 -0.11094399E+02
  0.12309202E+01 -0.11102636E+02
  0.12409720E+01 -0.11111439E+02
  0.12510237E+01 -0.11120831E+02
  0.12610755E+01 -0.11130841E+02
  0.12711273E+01 -0.11141496E+02
  0.12811791E+01 -0.11152823E+02
  0.12912309E+01 -0.11164845E+02
  0.13012826E+01 -0.11177582E+02
  0.13113344E+01 -0.11191044E+02
  0.13213862E+01 -0.11205239E+02
  0.13314380E+01 -0.11220163E+02
  0.13414898E+01 -0.11235813E+02
  0.13515415E+01 -0.11252177E+02
  0.13615933E+01 -0.11269247E+02
  0.13716451E+01 -0.11287014E+02
  0.13816969E+01 -0.11305474E+02
  0.13917486E+01 -0.11324629E+02
  0.14018004E+01 -0.11344483E+02
  0.14118522E+01 -0.11365049E+02
  0.14219040E+01 -0.11386341E+02
  0.14319558E+01 -0.11408375E+02
  0.14420075E+01 -0.11431166E+02
  0.14520593E+01 -0.11454727E+02
  0.14621111E+01 -0.11479064E+02
  0.14721629E+01 -0.11504176E+02
  0.14822147E+01 -0.11530055E+02
  0.14922664E+01 -0.11556687E+02
  0.15023182E+01 -0.11584052E+02
  0.15123700E+01 -0.11612122E+02
  0.15224218E+01 -0.11640870E+02
  0.15324736E+01 -0.11670265E+02
  0.15425253E+01 -0.11700275E+02
  0.15525771E+01 -0.11730868E+02
  0.15626289E+01 -0.11762013E+02
  0.15726807E+01 -0.11793676E+02
  0.15827325E+01 -0.11825820E+02
  0.15927842E+01 -0.11858404E+02
  0.16028360E+01 -0.11891380E+02
  0.16128878E+01 -0.11924695E+02
  0.16229396E+01 -0.11958287E+02
  0.16329913E+01 -0.11992084E+02
  0.16430431E+01 -0.12026010E+02
  0.16530949E+01 -0.12059981E+02
  0.16631467E+01 -0.12093908E+02
  0.16731985E+01 -0.12127698E+02
  0.16832502E+01 -0.12161255E+02
  0.16933020E+01 -0.12194484E+02
  0.17033538E+01 -0.12227283E+02
  0.17134056E+01 -0.12259550E+02
  0.17234574E+01 -0.12291180E+02
  0.17335091E+01 -0.12322059E+02
  0.17435609E+01 -0.12352069E+02
  0.17536127E+01 -0.12381079E+02
  0.17636645E+01 -0.12408952E+02
  0.17737163E+01 -0.12435538E+02
  0.17837680E+01 -0.12460674E+02
  0.17938198E+01 -0.12484191E+02
  0.18038716E+01 -0.12505912E+02
  0.18139234E+01 -0.12525656E+02
  0.18239751E+01 -0.12543245E+02
  0.18340269E+01 -0.12558506E+02
  0.18440787E+01 -0.12571280E+02
  0.18541305E+01 -0.12581428E+02
  0.18641823E+01 -0.12588834E+02
  0.18742340E+01 -0.12593414E+02
  0.18842858E+01 -0.12595118E+02
  0.18943836E+01 -0.12594788E+02
  0.19044814E+01 -0.12594913E+02
  0.19145793E+01 -0.12595505E+02
  0.19246771E+01 -0.12596570E+02
  0.19347749E+01 -0.12598118E+02
  0.19448727E+01 -0.12600160E+02
  0.19549705E+01 -0.12602709E+02
  0.19650683E+01 -0.12605777E+02
  0.19751661E+01 -0.12609375E+02
  0.19852639E+01 -0.12613514E+02
  0.19953617E+01 -0.12618199E+02
  0.20054595E+01 -0.12623437E+02
  0.20155574E+01 -0.12629230E+02
  0.20256552E+01 -0.12635581E+02
  0.20357530E+01 -0.12642490E+02
  0.20458508E+01 -0.12649957E+02
  0.20559486E+01 -0.12657987E+02
  0.20660464E+01 -0.12666584E+02
  0.20761442E+01 -0.12675754E+02
  0.20862420E+01 -0.12685508E+02
  0.20963398E+01 -0.12695858E+02
  0.21064377E+01 -0.12706819E+02
  0.21165355E+01 -0.12718406E+02
  0.21266333E+01 -0.12730635E+02
  0.21367311E+01 -0.12743519E+02
  0.21468289E+01 -0.12757072E+02
  0.21569267E+01 -0.12771302E+02
  0.21670245E+01 -0.12786213E+02
  0.21771223E+01 -0.12801806E+02
  0.21872201E+01 -0.12818079E+02
  0.21973179E+01 -0.12835023E+02
  0.22074158E+01 -0.12852631E+02
  0.22175136E+01 -0.12870888E+02
  0.22276114E+01 -0.12889783E+02
  0.22377092E+01 -0.12909302E+02
  0.22478070E+01 -0.12929429E+02
  0.22579048E+01 -0.12950150E+02
  0.22680026E+01 -0.12971445E+02
  0.22781004E+01 -0.12993294E+02
  0.22881982E+01 -0.13015664E+02
  0.22982961E+01 -0.13038512E+02
  0.23083939E+01 -0.13061771E+02
  0.23184917E+01 -0.13085336E+02
  0.23285895E+01 -0.13109044E+02
  0.23386873E+01 -0.13132631E+02
  0.23487851E+01 -0.13155647E+02
  0.23588829E+01 -0.13177301E+02
  0.23689807E+01 -0.13196168E+02
  0.23790785E+01 -0.13209801E+02
  0.23891763E+01 -0.13214921E+02
  0.23992742E+01 -0.13209568E+02
  0.24093720E+01 -0.13194932E+02
  0.24194698E+01 -0.13173983E+02
  0.24295676E+01 -0.13149144E+02
  0.24396654E+01 -0.13121866E+02
  0.24497632E+01 -0.13092963E+02
  0.24598610E+01 -0.13062893E+02
  0.24699588E+01 -0.13031933E+02
  0.24800566E+01 -0.13000252E+02
  0.24901545E+01 -0.12967965E+02
  0.25002523E+01 -0.12935150E+02
  0.25103501E+01 -0.12901867E+02
  0.25204479E+01 -0.12868164E+02
  0.25305457E+01 -0.12834082E+02
  0.25406435E+01 -0.12799659E+02
  0.25507413E+01 -0.12764929E+02
  0.25608391E+01 -0.12729928E+02
  0.25709369E+01 -0.12694688E+02
  0.25810347E+01 -0.12659241E+02
  0.25911326E+01 -0.12623619E+02
  0.26012304E+01 -0.12587851E+02
  0.26113282E+01 -0.12551965E+02
  0.26214260E+01 -0.12515986E+02
  0.26315238E+01 -0.12479941E+02
  0.26416216E+01 -0.12443853E+02
  0.26517194E+01 -0.12407745E+02
  0.26618172E+01 -0.12371642E+02
  0.26719150E+01 -0.12335567E+02
  0.26820129E+01 -0.12299546E+02
  0.26921107E+01 -0.12263608E+02
  0.27022085E+01 -0.12227782E+02
  0.27123063E+01 -0.12192097E+02
  0.27224041E+01 -0.12156588E+02
  0.27325019E+01 -0.12121285E+02
  0.27425997E+01 -0.12086221E+02
  0.27526975E+01 -0.12051426E+02
  0.27627953E+01 -0.12016930E+02
  0.27728931E+01 -0.11982760E+02
  0.27829910E+01 -0.11948943E+02
  0.27930888E+01 -0.11915504E+02
  0.28031866E+01 -0.11882467E+02
  0.28132844E+01 -0.11849859E+02
  0.28233822E+01 -0.11817705E+02
  0.28334800E+01 -0.11786032E+02
  0.28435778E+01 -0.11754867E+02
  0.28536756E+01 -0.11724239E+02
  0.28637734E+01 -0.11694177E+02
  0.28738712E+01 -0.11664711E+02
  0.28839691E+01 -0.11635867E+02
  0.28940669E+01 -0.11607671E+02
  0.29041647E+01 -0.11580144E+02
  0.29142625E+01 -0.11553303E+02
  0.29243603E+01 -0.11527160E+02
  0.29344581E+01 -0.11501725E+02
  0.29445559E+01 -0.11477000E+02
  0.29546537E+01 -0.11452987E+02
  0.29647515E+01 -0.11429683E+02
  0.29748494E+01 -0.11407085E+02
  0.29849472E+01 -0.11385192E+02
  0.29950450E+01 -0.11364000E+02
  0.30051428E+01 -0.11343509E+02
  0.30152406E+01 -0.11323721E+02
  0.30253384E+01 -0.11304641E+02
  0.30354362E+01 -0.11286273E+02
  0.30455340E+01 -0.11268624E+02
  0.30556318E+01 -0.11251699E+02
  0.30657296E+01 -0.11235505E+02
  0.30758275E+01 -0.11220041E+02
  0.30859253E+01 -0.11205308E+02
  0.30960231E+01 -0.11191300E+02
  0.31061209E+01 -0.11178006E+02
  0.31162187E+01 -0.11165413E+02
  0.31263165E+01 -0.11153504E+02
  0.31364143E+01 -0.11142257E+02
  0.31465121E+01 -0.11131651E+02
  0.31566099E+01 -0.11121663E+02
  0.31667078E+01 -0.11112271E+02
  0.31768056E+01 -0.11103454E+02
  0.31869034E+01 -0.11095193E+02
  0.31970012E+01 -0.11087473E+02
  0.32070990E+01 -0.11080278E+02
  0.32171968E+01 -0.11073598E+02
  0.32272946E+01 -0.11067422E+02
  0.32373924E+01 -0.11061740E+02
  0.32474902E+01 -0.11056541E+02
  0.32575880E+01 -0.11051815E+02
  0.32676859E+01 -0.11047548E+02
  0.32777837E+01 -0.11043727E+02
  0.32878815E+01 -0.11040334E+02
  0.32979793E+01 -0.11037352E+02
  0.33080771E+01 -0.11034762E+02
  0.33181749E+01 -0.11032544E+02
  0.33282727E+01 -0.11030681E+02
  0.33383705E+01 -0.11029157E+02
  0.33484683E+01 -0.11027959E+02
  0.33585662E+01 -0.11027079E+02
  0.33686640E+01 -0.11026510E+02
  0.33787618E+01 -0.11026253E+02
  0.33888596E+01 -0.11026308E+02
  0.33989574E+01 -0.11026682E+02
  
  0.00000000E+00 -0.69845438E+01
  0.10097810E-01 -0.69839838E+01
  0.20195621E-01 -0.69823232E+01
  0.30293431E-01 -0.69795534E+01
  0.40391242E-01 -0.69756701E+01
  0.50489052E-01 -0.69706725E+01
  0.60586863E-01 -0.69645640E+01
  0.70684673E-01 -0.69573513E+01
  0.80782483E-01 -0.69490450E+01
  0.90880294E-01 -0.69396594E+01
  0.10097810E+00 -0.69292122E+01
  0.11107591E+00 -0.69177252E+01
  0.12117373E+00 -0.69052238E+01
  0.13127154E+00 -0.68917378E+01
  0.14136935E+00 -0.68773014E+01
  0.15146716E+00 -0.68619538E+01
  0.16156497E+00 -0.68457397E+01
  0.17166278E+00 -0.68287099E+01
  0.18176059E+00 -0.68109218E+01
  0.19185840E+00 -0.67924403E+01
  0.20195621E+00 -0.67733385E+01
  0.21205402E+00 -0.67536988E+01
  0.22215183E+00 -0.67336133E+01
  0.23224964E+00 -0.67131851E+01
  0.24234745E+00 -0.66925293E+01
  0.25244526E+00 -0.66717727E+01
  0.26254307E+00 -0.66510546E+01
  0.27264088E+00 -0.66305248E+01
  0.28273869E+00 -0.66103408E+01
  0.29283650E+00 -0.65906626E+01
  0.30293431E+00 -0.65716447E+01
  0.31303212E+00 -0.65534248E+01
  0.32312993E+00 -0.65361119E+01
  0.33322774E+00 -0.65197735E+01
  0.34332555E+00 -0.65044260E+01
  0.35342337E+00 -0.64900305E+01
  0.36352118E+00 -0.64764946E+01
  0.37361899E+00 -0.64636817E+01
  0.38371680E+00 -0.64514227E+01
  0.39381461E+00 -0.64395304E+01
  0.40391242E+00 -0.64278114E+01
  0.41401023E+00 -0.64160756E+01
  0.42410804E+00 -0.64041421E+01
  0.43420585E+00 -0.63918418E+01
  0.44430366E+00 -0.63790182E+01
  0.45440147E+00 -0.63655271E+01
  0.46449928E+00 -0.63512350E+01
  0.47459709E+00 -0.63360188E+01
  0.48469490E+00 -0.63197645E+01
  0.49479271E+00 -0.63023674E+01
  0.50489052E+00 -0.62837320E+01
  0.51498833E+00 -0.62637728E+01
  0.52508614E+00 -0.62424143E+01
  0.53518395E+00 -0.62195921E+01
  0.54528176E+00 -0.61952523E+01
  0.55537957E+00 -0.61693522E+01
  0.56547738E+00 -0.61418593E+01
  0.57557519E+00 -0.61127512E+01
  0.58567301E+00 -0.60820148E+01
  0.59577082E+00 -0.60496453E+01
  0.60586863E+00 -0.60156459E+01
  0.61596644E+00 -0.59800276E+01
  0.62606425E+00 -0.59428084E+01
  0.63616206E+00 -0.59040141E+01
  0.64625987E+00 -0.58636784E+01
  0.65635768E+00 -0.58218438E+01
  0.66645549E+00 -0.57785619E+01
  0.67655330E+00 -0.57338946E+01
  0.68665111E+00 -0.56879148E+01
  0.69674892E+00 -0.56407065E+01
  0.70684673E+00 -0.55923655E+01
  0.71694454E+00 -0.55429988E+01
  0.72704235E+00 -0.54927246E+01
  0.73714016E+00 -0.54416714E+01
  0.74723797E+00 -0.53899777E+01
  0.75733578E+00 -0.53377907E+01
  0.76743359E+00 -0.52852660E+01
  0.77753140E+00 -0.52325673E+01
  0.78762921E+00 -0.51798656E+01
  0.79772702E+00 -0.51273395E+01
  0.80782483E+00 -0.50751750E+01
  0.81792265E+00 -0.50235648E+01
  0.82802046E+00 -0.49727084E+01
  0.83811827E+00 -0.49228105E+01
  0.84821608E+00 -0.48740794E+01
  0.85831389E+00 -0.48267245E+01
  0.86841170E+00 -0.47809523E+01
  0.87850951E+00 -0.47369622E+01
  0.88860732E+00 -0.46949414E+01
  0.89870513E+00 -0.46550591E+01
  0.90880294E+00 -0.46174622E+01
  0.91890075E+00 -0.45822702E+01
  0.92899856E+00 -0.45495728E+01
  0.93909637E+00 -0.45194288E+01
  0.94919418E+00 -0.44918663E+01
  0.95929199E+00 -0.44668864E+01
  0.96938980E+00 -0.44444661E+01
  0.97948761E+00 -0.44245641E+01
  0.98958542E+00 -0.44071258E+01
  0.99968323E+00 -0.43920888E+01
  0.10097810E+01 -0.43793903E+01
  0.10198328E+01 -0.43920568E+01
  0.10298846E+01 -0.44070578E+01
  0.10399364E+01 -0.44244463E+01
  0.10499882E+01 -0.44442710E+01
  0.10600399E+01 -0.44665748E+01
  0.10700917E+01 -0.44913926E+01
  0.10801435E+01 -0.45187482E+01
  0.10901953E+01 -0.45486497E+01
  0.11002471E+01 -0.45810847E+01
  0.11102988E+01 -0.46160159E+01
  0.11203506E+01 -0.46533777E+01
  0.11304024E+01 -0.46930743E+01
  0.11404542E+01 -0.47349811E+01
  0.11505060E+01 -0.47789473E+01
  0.11605577E+01 -0.48248016E+01
  0.11706095E+01 -0.48723583E+01
  0.11806613E+01 -0.49214240E+01
  0.11907131E+01 -0.49718041E+01
  0.12007648E+01 -0.50233069E+01
  0.12108166E+01 -0.50757473E+01
  0.12208684E+01 -0.51289476E+01
  0.12309202E+01 -0.51827373E+01
  0.12409720E+01 -0.52369519E+01
  0.12510237E+01 -0.52914306E+01
  0.12610755E+01 -0.53460146E+01
  0.12711273E+01 -0.54005456E+01
  0.12811791E+01 -0.54548658E+01
  0.12912309E+01 -0.55088179E+01
  0.13012826E+01 -0.55622469E+01
  0.13113344E+01 -0.56150022E+01
  0.13213862E+01 -0.56669397E+01
  0.13314380E+01 -0.57179245E+01
  0.13414898E+01 -0.57678327E+01
  0.13515415E+01 -0.58165526E+01
  0.13615933E+01 -0.58639857E+01
  0.13716451E+01 -0.59100461E+01
  0.13816969E+01 -0.59546605E+01
  0.13917486E+01 -0.59977675E+01
  0.14018004E+01 -0.60393167E+01
  0.14118522E+01 -0.60792682E+01
  0.14219040E+01 -0.61175928E+01
  0.14319558E+01 -0.61542719E+01
  0.14420075E+01 -0.61892981E+01
  0.14520593E+01 -0.62226749E+01
  0.14621111E+01 -0.62544169E+01
  0.14721629E+01 -0.62845489E+01
  0.14822147E+01 -0.63131043E+01
  0.14922664E+01 -0.63401231E+01
  0.15023182E+01 -0.63656483E+01
  0.15123700E+01 -0.63897231E+01
  0.15224218E+01 -0.64123872E+01
  0.15324736E+01 -0.64336739E+01
  0.15425253E+01 -0.64536080E+01
  0.15525771E+01 -0.64722048E+01
  0.15626289E+01 -0.64894704E+01
  0.15726807E+01 -0.65054037E+01
  0.15827325E+01 -0.65199989E+01
  0.15927842E+01 -0.65332494E+01
  0.16028360E+01 -0.65451513E+01
  0.16128878E+01 -0.65557074E+01
  0.16229396E+01 -0.65649297E+01
  0.16329913E+01 -0.65728411E+01
  0.16430431E+01 -0.65794757E+01
  0.16530949E+01 -0.65848780E+01
  0.16631467E+01 -0.65891002E+01
  0.16731985E+01 -0.65921994E+01
  0.16832502E+01 -0.65942344E+01
  0.16933020E+01 -0.65952619E+01
  0.17033538E+01 -0.65953343E+01
  0.17134056E+01 -0.65944980E+01
  0.17234574E+01 -0.65927926E+01
  0.17335091E+01 -0.65902515E+01
  0.17435609E+01 -0.65869040E+01
  0.17536127E+01 -0.65827774E+01
  0.17636645E+01 -0.65778994E+01
  0.17737163E+01 -0.65723010E+01
  0.17837680E+01 -0.65660186E+01
  0.17938198E+01 -0.65590944E+01
  0.18038716E+01 -0.65515775E+01
  0.18139234E+01 -0.65435223E+01
  0.18239751E+01 -0.65349873E+01
  0.18340269E+01 -0.65260322E+01
  0.18440787E+01 -0.65167158E+01
  0.18541305E+01 -0.65070933E+01
  0.18641823E+01 -0.64972140E+01
  0.18742340E+01 -0.64871199E+01
  0.18842858E+01 -0.64768505E+01
  0.18943836E+01 -0.64852294E+01
  0.19044814E+01 -0.64935690E+01
  0.19145793E+01 -0.65018839E+01
  0.19246771E+01 -0.65101959E+01
  0.19347749E+01 -0.65185287E+01
  0.19448727E+01 -0.65269087E+01
  0.19549705E+01 -0.65353645E+01
  0.19650683E+01 -0.65439277E+01
  0.19751661E+01 -0.65526317E+01
  0.19852639E+01 -0.65615122E+01
  0.19953617E+01 -0.65706054E+01
  0.20054595E+01 -0.65799481E+01
  0.20155574E+01 -0.65895758E+01
  0.20256552E+01 -0.65995221E+01
  0.20357530E+01 -0.66098170E+01
  0.20458508E+01 -0.66204864E+01
  0.20559486E+01 -0.66315505E+01
  0.20660464E+01 -0.66430234E+01
  0.20761442E+01 -0.66549122E+01
  0.20862420E+01 -0.66672166E+01
  0.20963398E+01 -0.66799283E+01
  0.21064377E+01 -0.66930311E+01
  0.21165355E+01 -0.67065000E+01
  0.21266333E+01 -0.67203017E+01
  0.21367311E+01 -0.67343940E+01
  0.21468289E+01 -0.67487267E+01
  0.21569267E+01 -0.67632410E+01
  0.21670245E+01 -0.67778710E+01
  0.21771223E+01 -0.67925444E+01
  0.21872201E+01 -0.68071835E+01
  0.21973179E+01 -0.68217068E+01
  0.22074158E+01 -0.68360309E+01
  0.22175136E+01 -0.68500720E+01
  0.22276114E+01 -0.68637479E+01
  0.22377092E+01 -0.68769794E+01
  0.22478070E+01 -0.68896920E+01
  0.22579048E+01 -0.69018163E+01
  0.22680026E+01 -0.69132896E+01
  0.22781004E+01 -0.69240553E+01
  0.22881982E+01 -0.69340630E+01
  0.22982961E+01 -0.69432683E+01
  0.23083939E+01 -0.69516319E+01
  0.23184917E+01 -0.69591186E+01
  0.23285895E+01 -0.69656963E+01
  0.23386873E+01 -0.69713359E+01
  0.23487851E+01 -0.69760097E+01
  0.23588829E+01 -0.69796917E+01
  0.23689807E+01 -0.69823568E+01
  0.23790785E+01 -0.69839814E+01
  0.23891763E+01 -0.69845438E+01
  0.23992742E+01 -0.69839838E+01
  0.24093720E+01 -0.69823232E+01
  0.24194698E+01 -0.69795534E+01
  0.24295676E+01 -0.69756701E+01
  0.24396654E+01 -0.69706725E+01
  0.24497632E+01 -0.69645640E+01
  0.24598610E+01 -0.69573513E+01
  0.24699588E+01 -0.69490450E+01
  0.24800566E+01 -0.69396594E+01
  0.24901545E+01 -0.69292122E+01
  0.25002523E+01 -0.69177252E+01
  0.25103501E+01 -0.69052238E+01
  0.25204479E+01 -0.68917378E+01
  0.25305457E+01 -0.68773014E+01
  0.25406435E+01 -0.68619538E+01
  0.25507413E+01 -0.68457397E+01
  0.25608391E+01 -0.68287099E+01
  0.25709369E+01 -0.68109218E+01
  0.25810347E+01 -0.67924403E+01
  0.25911326E+01 -0.67733385E+01
  0.26012304E+01 -0.67536988E+01
  0.26113282E+01 -0.67336133E+01
  0.26214260E+01 -0.67131851E+01
  0.26315238E+01 -0.66925293E+01
  0.26416216E+01 -0.66717727E+01
  0.26517194E+01 -0.66510546E+01
  0.26618172E+01 -0.66305248E+01
  0.26719150E+01 -0.66103408E+01
  0.26820129E+01 -0.65906626E+01
  0.26921107E+01 -0.65716447E+01
  0.27022085E+01 -0.65534248E+01
  0.27123063E+01 -0.65361119E+01
  0.27224041E+01 -0.65197735E+01
  0.27325019E+01 -0.65044260E+01
  0.27425997E+01 -0.64900305E+01
  0.27526975E+01 -0.64764946E+01
  0.27627953E+01 -0.64636817E+01
  0.27728931E+01 -0.64514227E+01
  0.27829910E+01 -0.64395304E+01
  0.27930888E+01 -0.64278114E+01
  0.28031866E+01 -0.64160756E+01
  0.28132844E+01 -0.64041421E+01
  0.28233822E+01 -0.63918418E+01
  0.28334800E+01 -0.63790182E+01
  0.28435778E+01 -0.63655271E+01
  0.28536756E+01 -0.63512350E+01
  0.28637734E+01 -0.63360188E+01
  0.28738712E+01 -0.63197645E+01
  0.28839691E+01 -0.63023674E+01
  0.28940669E+01 -0.62837320E+01
  0.29041647E+01 -0.62637728E+01
  0.29142625E+01 -0.62424143E+01
  0.29243603E+01 -0.62195921E+01
  0.29344581E+01 -0.61952523E+01
  0.29445559E+01 -0.61693522E+01
  0.29546537E+01 -0.61418593E+01
  0.29647515E+01 -0.61127512E+01
  0.29748494E+01 -0.60820148E+01
  0.29849472E+01 -0.60496453E+01
  0.29950450E+01 -0.60156459E+01
  0.30051428E+01 -0.59800276E+01
  0.30152406E+01 -0.59428084E+01
  0.30253384E+01 -0.59040141E+01
  0.30354362E+01 -0.58636784E+01
  0.30455340E+01 -0.58218438E+01
  0.30556318E+01 -0.57785619E+01
  0.30657296E+01 -0.57338946E+01
  0.30758275E+01 -0.56879148E+01
  0.30859253E+01 -0.56407065E+01
  0.30960231E+01 -0.55923655E+01
  0.31061209E+01 -0.55429988E+01
  0.31162187E+01 -0.54927246E+01
  0.31263165E+01 -0.54416714E+01
  0.31364143E+01 -0.53899777E+01
  0.31465121E+01 -0.53377907E+01
  0.31566099E+01 -0.52852660E+01
  0.31667078E+01 -0.52325673E+01
  0.31768056E+01 -0.51798656E+01
  0.31869034E+01 -0.51273395E+01
  0.31970012E+01 -0.50751750E+01
  0.32070990E+01 -0.50235648E+01
  0.32171968E+01 -0.49727084E+01
  0.32272946E+01 -0.49228105E+01
  0.32373924E+01 -0.48740794E+01
  0.32474902E+01 -0.48267245E+01
  0.32575880E+01 -0.47809523E+01
  0.32676859E+01 -0.47369622E+01
  0.32777837E+01 -0.46949414E+01
  0.32878815E+01 -0.46550591E+01
  0.32979793E+01 -0.46174622E+01
  0.33080771E+01 -0.45822702E+01
  0.33181749E+01 -0.45495728E+01
  0.33282727E+01 -0.45194288E+01
  0.33383705E+01 -0.44918663E+01
  0.33484683E+01 -0.44668864E+01
  0.33585662E+01 -0.44444661E+01
  0.33686640E+01 -0.44245641E+01
  0.33787618E+01 -0.44071258E+01
  0.33888596E+01 -0.43920888E+01
  0.33989574E+01 -0.43793903E+01
  
  0.00000000E+00 -0.63751743E+01
  0.10097810E-01 -0.63745745E+01
  0.20195621E-01 -0.63727699E+01
  0.30293431E-01 -0.63697379E+01
  0.40391242E-01 -0.63654610E+01
  0.50489052E-01 -0.63599265E+01
  0.60586863E-01 -0.63531259E+01
  0.70684673E-01 -0.63450549E+01
  0.80782483E-01 -0.63357122E+01
  0.90880294E-01 -0.63250997E+01
  0.10097810E+00 -0.63132217E+01
  0.11107591E+00 -0.63000848E+01
  0.12117373E+00 -0.62856977E+01
  0.13127154E+00 -0.62700709E+01
  0.14136935E+00 -0.62532170E+01
  0.15146716E+00 -0.62351505E+01
  0.16156497E+00 -0.62158885E+01
  0.17166278E+00 -0.61954504E+01
  0.18176059E+00 -0.61738596E+01
  0.19185840E+00 -0.61511442E+01
  0.20195621E+00 -0.61273418E+01
  0.21205402E+00 -0.61025106E+01
  0.22215183E+00 -0.60767698E+01
  0.23224964E+00 -0.60504956E+01
  0.24234745E+00 -0.60261182E+01
  0.25244526E+00 -0.60189667E+01
  0.26254307E+00 -0.60238800E+01
  0.27264088E+00 -0.60287981E+01
  0.28273869E+00 -0.60321194E+01
  0.29283650E+00 -0.60333648E+01
  0.30293431E+00 -0.60322324E+01
  0.31303212E+00 -0.60284852E+01
  0.32312993E+00 -0.60219388E+01
  0.33322774E+00 -0.60124687E+01
  0.34332555E+00 -0.60000212E+01
  0.35342337E+00 -0.59846208E+01
  0.36352118E+00 -0.59663720E+01
  0.37361899E+00 -0.59454570E+01
  0.38371680E+00 -0.59221326E+01
  0.39381461E+00 -0.58967324E+01
  0.40391242E+00 -0.58696833E+01
  0.41401023E+00 -0.58415450E+01
  0.42410804E+00 -0.58130806E+01
  0.43420585E+00 -0.57853259E+01
  0.44430366E+00 -0.57595099E+01
  0.45440147E+00 -0.57365721E+01
  0.46449928E+00 -0.57165012E+01
  0.47459709E+00 -0.56983804E+01
  0.48469490E+00 -0.56810822E+01
  0.49479271E+00 -0.56637251E+01
  0.50489052E+00 -0.56457266E+01
  0.51498833E+00 -0.56267172E+01
  0.52508614E+00 -0.56064595E+01
  0.53518395E+00 -0.55847964E+01
  0.54528176E+00 -0.55616210E+01
  0.55537957E+00 -0.55368597E+01
  0.56547738E+00 -0.55104633E+01
  0.57557519E+00 -0.54824014E+01
  0.58567301E+00 -0.54526601E+01
  0.59577082E+00 -0.54212404E+01
  0.60586863E+00 -0.53881581E+01
  0.61596644E+00 -0.53534440E+01
  0.62606425E+00 -0.53171441E+01
  0.63616206E+00 -0.52793203E+01
  0.64625987E+00 -0.52400520E+01
  0.65635768E+00 -0.51994372E+01
  0.66645549E+00 -0.51575942E+01
  0.67655330E+00 -0.51146642E+01
  0.68665111E+00 -0.50708135E+01
  0.69674892E+00 -0.50262365E+01
  0.70684673E+00 -0.49811579E+01
  0.71694454E+00 -0.49358348E+01
  0.72704235E+00 -0.48905567E+01
  0.73714016E+00 -0.48456432E+01
  0.74723797E+00 -0.48014374E+01
  0.75733578E+00 -0.47582950E+01
  0.76743359E+00 -0.47165679E+01
  0.77753140E+00 -0.46765852E+01
  0.78762921E+00 -0.46386329E+01
  0.79772702E+00 -0.46029373E+01
  0.80782483E+00 -0.45696563E+01
  0.81792265E+00 -0.45388785E+01
  0.82802046E+00 -0.45106312E+01
  0.83811827E+00 -0.44848933E+01
  0.84821608E+00 -0.44616105E+01
  0.85831389E+00 -0.44407096E+01
  0.86841170E+00 -0.44221098E+01
  0.87850951E+00 -0.44057324E+01
  0.88860732E+00 -0.43915059E+01
  0.89870513E+00 -0.43793705E+01
  0.90880294E+00 -0.43692791E+01
  0.91890075E+00 -0.43611987E+01
  0.92899856E+00 -0.43551091E+01
  0.93909637E+00 -0.43510029E+01
  0.94919418E+00 -0.43488842E+01
  0.95929199E+00 -0.43487676E+01
  0.96938980E+00 -0.43506775E+01
  0.97948761E+00 -0.43546475E+01
  0.98958542E+00 -0.43607195E+01
  0.99968323E+00 -0.43689434E+01
  0.10097810E+01 -0.43793727E+01
  0.10198328E+01 -0.43689825E+01
  0.10298846E+01 -0.43608090E+01
  0.10399364E+01 -0.43547915E+01
  0.10499882E+01 -0.43508702E+01
  0.10600399E+01 -0.43489906E+01
  0.10700917E+01 -0.43491079E+01
  0.10801435E+01 -0.43511923E+01
  0.10901953E+01 -0.43552339E+01
  0.11002471E+01 -0.43612466E+01
  0.11102988E+01 -0.43692718E+01
  0.11203506E+01 -0.43793789E+01
  0.11304024E+01 -0.43916658E+01
  0.11404542E+01 -0.44062556E+01
  0.11505060E+01 -0.44232928E+01
  0.11605577E+01 -0.44429359E+01
  0.11706095E+01 -0.44653477E+01
  0.11806613E+01 -0.44906810E+01
  0.11907131E+01 -0.45190621E+01
  0.12007648E+01 -0.45505709E+01
  0.12108166E+01 -0.45852212E+01
  0.12208684E+01 -0.46229459E+01
  0.12309202E+01 -0.46635911E+01
  0.12409720E+01 -0.47069212E+01
  0.12510237E+01 -0.47526337E+01
  0.12610755E+01 -0.48003799E+01
  0.12711273E+01 -0.48497863E+01
  0.12811791E+01 -0.49004731E+01
  0.12912309E+01 -0.49520674E+01
  0.13012826E+01 -0.50042122E+01
  0.13113344E+01 -0.50565723E+01
  0.13213862E+01 -0.51088380E+01
  0.13314380E+01 -0.51607282E+01
  0.13414898E+01 -0.52119930E+01
  0.13515415E+01 -0.52624158E+01
  0.13615933E+01 -0.53118147E+01
  0.13716451E+01 -0.53600427E+01
  0.13816969E+01 -0.54069874E+01
  0.13917486E+01 -0.54525683E+01
  0.14018004E+01 -0.54967339E+01
  0.14118522E+01 -0.55394575E+01
  0.14219040E+01 -0.55807323E+01
  0.14319558E+01 -0.56205669E+01
  0.14420075E+01 -0.56589812E+01
  0.14520593E+01 -0.56960025E+01
  0.14621111E+01 -0.57316626E+01
  0.14721629E+01 -0.57659964E+01
  0.14822147E+01 -0.57990401E+01
  0.14922664E+01 -0.58308308E+01
  0.15023182E+01 -0.58614064E+01
  0.15123700E+01 -0.58908047E+01
  0.15224218E+01 -0.59190634E+01
  0.15324736E+01 -0.59462196E+01
  0.15425253E+01 -0.59723092E+01
  0.15525771E+01 -0.59973659E+01
  0.15626289E+01 -0.60214210E+01
  0.15726807E+01 -0.60445032E+01
  0.15827325E+01 -0.60666388E+01
  0.15927842E+01 -0.60878520E+01
  0.16028360E+01 -0.61081670E+01
  0.16128878E+01 -0.61276084E+01
  0.16229396E+01 -0.61462040E+01
  0.16329913E+01 -0.61639855E+01
  0.16430431E+01 -0.61809901E+01
  0.16530949E+01 -0.61972615E+01
  0.16631467E+01 -0.62128492E+01
  0.16731985E+01 -0.62278087E+01
  0.16832502E+01 -0.62421995E+01
  0.16933020E+01 -0.62560837E+01
  0.17033538E+01 -0.62695238E+01
  0.17134056E+01 -0.62825802E+01
  0.17234574E+01 -0.62953098E+01
  0.17335091E+01 -0.63077636E+01
  0.17435609E+01 -0.63199858E+01
  0.17536127E+01 -0.63320130E+01
  0.17636645E+01 -0.63438743E+01
  0.17737163E+01 -0.63555913E+01
  0.17837680E+01 -0.63671794E+01
  0.17938198E+01 -0.63786484E+01
  0.18038716E+01 -0.63900043E+01
  0.18139234E+01 -0.64012503E+01
  0.18239751E+01 -0.64123877E+01
  0.18340269E+01 -0.64234166E+01
  0.18440787E+01 -0.64343362E+01
  0.18541305E+01 -0.64451441E+01
  0.18641823E+01 -0.64558360E+01
  0.18742340E+01 -0.64664041E+01
  0.18842858E+01 -0.64768305E+01
  0.18943836E+01 -0.64683887E+01
  0.19044814E+01 -0.64598605E+01
  0.19145793E+01 -0.64512346E+01
  0.19246771E+01 -0.64424954E+01
  0.19347749E+01 -0.64336283E+01
  0.19448727E+01 -0.64246208E+01
  0.19549705E+01 -0.64154629E+01
  0.19650683E+01 -0.64061480E+01
  0.19751661E+01 -0.63966736E+01
  0.19852639E+01 -0.63870422E+01
  0.19953617E+01 -0.63772623E+01
  0.20054595E+01 -0.63673489E+01
  0.20155574E+01 -0.63573242E+01
  0.20256552E+01 -0.63472185E+01
  0.20357530E+01 -0.63370711E+01
  0.20458508E+01 -0.63269304E+01
  0.20559486E+01 -0.63168560E+01
  0.20660464E+01 -0.63069191E+01
  0.20761442E+01 -0.62972045E+01
  0.20862420E+01 -0.62878122E+01
  0.20963398E+01 -0.62788593E+01
  0.21064377E+01 -0.62704813E+01
  0.21165355E+01 -0.62628330E+01
  0.21266333E+01 -0.62560872E+01
  0.21367311E+01 -0.62504302E+01
  0.21468289E+01 -0.62460532E+01
  0.21569267E+01 -0.62431383E+01
  0.21670245E+01 -0.62418384E+01
  0.21771223E+01 -0.62422558E+01
  0.21872201E+01 -0.62444216E+01
  0.21973179E+01 -0.62482843E+01
  0.22074158E+01 -0.62537101E+01
  0.22175136E+01 -0.62604957E+01
  0.22276114E+01 -0.62683908E+01
  0.22377092E+01 -0.62771225E+01
  0.22478070E+01 -0.62864168E+01
  0.22579048E+01 -0.62960144E+01
  0.22680026E+01 -0.63056807E+01
  0.22781004E+01 -0.63152096E+01
  0.22881982E+01 -0.63244239E+01
  0.22982961E+01 -0.63331733E+01
  0.23083939E+01 -0.63413309E+01
  0.23184917E+01 -0.63487899E+01
  0.23285895E+01 -0.63554595E+01
  0.23386873E+01 -0.63612623E+01
  0.23487851E+01 -0.63661308E+01
  0.23588829E+01 -0.63700060E+01
  0.23689807E+01 -0.63728353E+01
  0.23790785E+01 -0.63745720E+01
  0.23891763E+01 -0.63751743E+01
  0.23992742E+01 -0.63745745E+01
  0.24093720E+01 -0.63727699E+01
  0.24194698E+01 -0.63697379E+01
  0.24295676E+01 -0.63654610E+01
  0.24396654E+01 -0.63599265E+01
  0.24497632E+01 -0.63531259E+01
  0.24598610E+01 -0.63450549E+01
  0.24699588E+01 -0.63357122E+01
  0.24800566E+01 -0.63250997E+01
  0.24901545E+01 -0.63132217E+01
  0.25002523E+01 -0.63000848E+01
  0.25103501E+01 -0.62856977E+01
  0.25204479E+01 -0.62700709E+01
  0.25305457E+01 -0.62532170E+01
  0.25406435E+01 -0.62351505E+01
  0.25507413E+01 -0.62158885E+01
  0.25608391E+01 -0.61954504E+01
  0.25709369E+01 -0.61738596E+01
  0.25810347E+01 -0.61511442E+01
  0.25911326E+01 -0.61273418E+01
  0.26012304E+01 -0.61025106E+01
  0.26113282E+01 -0.60767698E+01
  0.26214260E+01 -0.60504956E+01
  0.26315238E+01 -0.60261182E+01
  0.26416216E+01 -0.60189667E+01
  0.26517194E+01 -0.60238800E+01
  0.26618172E+01 -0.60287981E+01
  0.26719150E+01 -0.60321194E+01
  0.26820129E+01 -0.60333648E+01
  0.26921107E+01 -0.60322324E+01
  0.27022085E+01 -0.60284852E+01
  0.27123063E+01 -0.60219388E+01
  0.27224041E+01 -0.60124687E+01
  0.27325019E+01 -0.60000212E+01
  0.27425997E+01 -0.59846208E+01
  0.27526975E+01 -0.59663720E+01
  0.27627953E+01 -0.59454570E+01
  0.27728931E+01 -0.59221326E+01
  0.27829910E+01 -0.58967324E+01
  0.27930888E+01 -0.58696833E+01
  0.28031866E+01 -0.58415450E+01
  0.28132844E+01 -0.58130806E+01
  0.28233822E+01 -0.57853259E+01
  0.28334800E+01 -0.57595099E+01
  0.28435778E+01 -0.57365721E+01
  0.28536756E+01 -0.57165012E+01
  0.28637734E+01 -0.56983804E+01
  0.28738712E+01 -0.56810822E+01
  0.28839691E+01 -0.56637251E+01
  0.28940669E+01 -0.56457266E+01
  0.29041647E+01 -0.56267172E+01
  0.29142625E+01 -0.56064595E+01
  0.29243603E+01 -0.55847964E+01
  0.29344581E+01 -0.55616210E+01
  0.29445559E+01 -0.55368597E+01
  0.29546537E+01 -0.55104633E+01
  0.29647515E+01 -0.54824014E+01
  0.29748494E+01 -0.54526601E+01
  0.29849472E+01 -0.54212404E+01
  0.29950450E+01 -0.53881581E+01
  0.30051428E+01 -0.53534440E+01
  0.30152406E+01 -0.53171441E+01
  0.30253384E+01 -0.52793203E+01
  0.30354362E+01 -0.52400520E+01
  0.30455340E+01 -0.51994372E+01
  0.30556318E+01 -0.51575942E+01
  0.30657296E+01 -0.51146642E+01
  0.30758275E+01 -0.50708135E+01
  0.30859253E+01 -0.50262365E+01
  0.30960231E+01 -0.49811579E+01
  0.31061209E+01 -0.49358348E+01
  0.31162187E+01 -0.48905567E+01
  0.31263165E+01 -0.48456432E+01
  0.31364143E+01 -0.48014374E+01
  0.31465121E+01 -0.47582950E+01
  0.31566099E+01 -0.47165679E+01
  0.31667078E+01 -0.46765852E+01
  0.31768056E+01 -0.46386329E+01
  0.31869034E+01 -0.46029373E+01
  0.31970012E+01 -0.45696563E+01
  0.32070990E+01 -0.45388785E+01
  0.32171968E+01 -0.45106312E+01
  0.32272946E+01 -0.44848933E+01
  0.32373924E+01 -0.44616105E+01
  0.32474902E+01 -0.44407096E+01
  0.32575880E+01 -0.44221098E+01
  0.32676859E+01 -0.44057324E+01
  0.32777837E+01 -0.43915059E+01
  0.32878815E+01 -0.43793705E+01
  0.32979793E+01 -0.43692791E+01
  0.33080771E+01 -0.43611987E+01
  0.33181749E+01 -0.43551091E+01
  0.33282727E+01 -0.43510029E+01
  0.33383705E+01 -0.43488842E+01
  0.33484683E+01 -0.43487676E+01
  0.33585662E+01 -0.43506775E+01
  0.33686640E+01 -0.43546475E+01
  0.33787618E+01 -0.43607195E+01
  0.33888596E+01 -0.43689434E+01
  0.33989574E+01 -0.43793727E+01
  
  0.00000000E+00 -0.57209799E+01
  0.10097810E-01 -0.57218478E+01
  0.20195621E-01 -0.57245322E+01
  0.30293431E-01 -0.57290318E+01
  0.40391242E-01 -0.57353022E+01
  0.50489052E-01 -0.57432600E+01
  0.60586863E-01 -0.57527880E+01
  0.70684673E-01 -0.57637417E+01
  0.80782483E-01 -0.57759566E+01
  0.90880294E-01 -0.57892550E+01
  0.10097810E+00 -0.58034523E+01
  0.11107591E+00 -0.58183620E+01
  0.12117373E+00 -0.58338006E+01
  0.13127154E+00 -0.58495910E+01
  0.14136935E+00 -0.58655648E+01
  0.15146716E+00 -0.58815634E+01
  0.16156497E+00 -0.58974385E+01
  0.17166278E+00 -0.59130506E+01
  0.18176059E+00 -0.59282664E+01
  0.19185840E+00 -0.59429534E+01
  0.20195621E+00 -0.59569726E+01
  0.21205402E+00 -0.59701616E+01
  0.22215183E+00 -0.59822898E+01
  0.23224964E+00 -0.59928568E+01
  0.24234745E+00 -0.59992918E+01
  0.25244526E+00 -0.59861055E+01
  0.26254307E+00 -0.59582777E+01
  0.27264088E+00 -0.59276676E+01
  0.28273869E+00 -0.58956605E+01
  0.29283650E+00 -0.58625123E+01
  0.30293431E+00 -0.58283080E+01
  0.31303212E+00 -0.57930912E+01
  0.32312993E+00 -0.57569066E+01
  0.33322774E+00 -0.57198801E+01
  0.34332555E+00 -0.56846877E+01
  0.35342337E+00 -0.56852851E+01
  0.36352118E+00 -0.56903637E+01
  0.37361899E+00 -0.56939764E+01
  0.38371680E+00 -0.56958558E+01
  0.39381461E+00 -0.56958125E+01
  0.40391242E+00 -0.56936030E+01
  0.41401023E+00 -0.56888629E+01
  0.42410804E+00 -0.56810239E+01
  0.43420585E+00 -0.56692354E+01
  0.44430366E+00 -0.56524405E+01
  0.45440147E+00 -0.56298562E+01
  0.46449928E+00 -0.56016335E+01
  0.47459709E+00 -0.55688139E+01
  0.48469490E+00 -0.55326346E+01
  0.49479271E+00 -0.54940740E+01
  0.50489052E+00 -0.54538013E+01
  0.51498833E+00 -0.54122642E+01
  0.52508614E+00 -0.53697721E+01
  0.53518395E+00 -0.53265509E+01
  0.54528176E+00 -0.52827748E+01
  0.55537957E+00 -0.52385851E+01
  0.56547738E+00 -0.51941014E+01
  0.57557519E+00 -0.51494276E+01
  0.58567301E+00 -0.51046561E+01
  0.59577082E+00 -0.50598690E+01
  0.60586863E+00 -0.50151390E+01
  0.61596644E+00 -0.49705295E+01
  0.62606425E+00 -0.49260931E+01
  0.63616206E+00 -0.48818707E+01
  0.64625987E+00 -0.48378900E+01
  0.65635768E+00 -0.47941632E+01
  0.66645549E+00 -0.47506849E+01
  0.67655330E+00 -0.47074300E+01
  0.68665111E+00 -0.46643512E+01
  0.69674892E+00 -0.46213766E+01
  0.70684673E+00 -0.45784077E+01
  0.71694454E+00 -0.45353185E+01
  0.72704235E+00 -0.44919554E+01
  0.73714016E+00 -0.44481411E+01
  0.74723797E+00 -0.44036806E+01
  0.75733578E+00 -0.43583726E+01
  0.76743359E+00 -0.43120262E+01
  0.77753140E+00 -0.42644796E+01
  0.78762921E+00 -0.42156201E+01
  0.79772702E+00 -0.41654012E+01
  0.80782483E+00 -0.41138517E+01
  0.81792265E+00 -0.40610775E+01
  0.82802046E+00 -0.40072554E+01
  0.83811827E+00 -0.39526231E+01
  0.84821608E+00 -0.38974682E+01
  0.85831389E+00 -0.38421187E+01
  0.86841170E+00 -0.37869377E+01
  0.87850951E+00 -0.37323216E+01
  0.88860732E+00 -0.36787022E+01
  0.89870513E+00 -0.36265508E+01
  0.90880294E+00 -0.35763839E+01
  0.91890075E+00 -0.35287686E+01
  0.92899856E+00 -0.34843254E+01
  0.93909637E+00 -0.34437280E+01
  0.94919418E+00 -0.34077117E+01
  0.95929199E+00 -0.33771589E+01
  0.96938980E+00 -0.33529830E+01
  0.97948761E+00 -0.33340764E+01
  0.98958542E+00 -0.33196544E+01
  0.99968323E+00 -0.33105988E+01
  0.10097810E+01 -0.33076738E+01
  0.10198328E+01 -0.33105380E+01
  0.10298846E+01 -0.33195219E+01
  0.10399364E+01 -0.33338187E+01
  0.10499882E+01 -0.33522101E+01
  0.10600399E+01 -0.33743679E+01
  0.10700917E+01 -0.34045702E+01
  0.10801435E+01 -0.34397389E+01
  0.10901953E+01 -0.34791827E+01
  0.11002471E+01 -0.35222238E+01
  0.11102988E+01 -0.35682005E+01
  0.11203506E+01 -0.36164794E+01
  0.11304024E+01 -0.36664579E+01
  0.11404542E+01 -0.37175612E+01
  0.11505060E+01 -0.37692387E+01
  0.11605577E+01 -0.38209624E+01
  0.11706095E+01 -0.38722307E+01
  0.11806613E+01 -0.39225770E+01
  0.11907131E+01 -0.39715845E+01
  0.12007648E+01 -0.40189053E+01
  0.12108166E+01 -0.40642795E+01
  0.12208684E+01 -0.41075499E+01
  0.12309202E+01 -0.41486677E+01
  0.12409720E+01 -0.41876852E+01
  0.12510237E+01 -0.42247374E+01
  0.12610755E+01 -0.42600176E+01
  0.12711273E+01 -0.42937507E+01
  0.12811791E+01 -0.43261703E+01
  0.12912309E+01 -0.43575013E+01
  0.13012826E+01 -0.43879485E+01
  0.13113344E+01 -0.44176896E+01
  0.13213862E+01 -0.44468729E+01
  0.13314380E+01 -0.44756171E+01
  0.13414898E+01 -0.45040129E+01
  0.13515415E+01 -0.45321264E+01
  0.13615933E+01 -0.45600026E+01
  0.13716451E+01 -0.45876701E+01
  0.13816969E+01 -0.46151446E+01
  0.13917486E+01 -0.46424338E+01
  0.14018004E+01 -0.46695399E+01
  0.14118522E+01 -0.46964625E+01
  0.14219040E+01 -0.47232001E+01
  0.14319558E+01 -0.47497504E+01
  0.14420075E+01 -0.47761103E+01
  0.14520593E+01 -0.48022743E+01
  0.14621111E+01 -0.48282335E+01
  0.14721629E+01 -0.48539736E+01
  0.14822147E+01 -0.48794737E+01
  0.14922664E+01 -0.49047055E+01
  0.15023182E+01 -0.49296327E+01
  0.15123700E+01 -0.49542117E+01
  0.15224218E+01 -0.49783926E+01
  0.15324736E+01 -0.50021213E+01
  0.15425253E+01 -0.50253410E+01
  0.15525771E+01 -0.50479949E+01
  0.15626289E+01 -0.50700278E+01
  0.15726807E+01 -0.50913880E+01
  0.15827325E+01 -0.51120286E+01
  0.15927842E+01 -0.51319075E+01
  0.16028360E+01 -0.51509876E+01
  0.16128878E+01 -0.51692366E+01
  0.16229396E+01 -0.51866256E+01
  0.16329913E+01 -0.52031287E+01
  0.16430431E+01 -0.52187217E+01
  0.16530949E+01 -0.52333817E+01
  0.16631467E+01 -0.52470869E+01
  0.16731985E+01 -0.52598162E+01
  0.16832502E+01 -0.52715498E+01
  0.16933020E+01 -0.52822698E+01
  0.17033538E+01 -0.52919607E+01
  0.17134056E+01 -0.53006103E+01
  0.17234574E+01 -0.53082101E+01
  0.17335091E+01 -0.53147562E+01
  0.17435609E+01 -0.53202495E+01
  0.17536127E+01 -0.53246956E+01
  0.17636645E+01 -0.53281051E+01
  0.17737163E+01 -0.53304930E+01
  0.17837680E+01 -0.53318786E+01
  0.17938198E+01 -0.53322843E+01
  0.18038716E+01 -0.53317352E+01
  0.18139234E+01 -0.53302585E+01
  0.18239751E+01 -0.53278824E+01
  0.18340269E+01 -0.53246357E+01
  0.18440787E+01 -0.53205475E+01
  0.18541305E+01 -0.53156475E+01
  0.18641823E+01 -0.53099658E+01
  0.18742340E+01 -0.53035334E+01
  0.18842858E+01 -0.52963943E+01
  0.18943836E+01 -0.53073970E+01
  0.19044814E+01 -0.53195873E+01
  0.19145793E+01 -0.53329432E+01
  0.19246771E+01 -0.53474499E+01
  0.19347749E+01 -0.53630841E+01
  0.19448727E+01 -0.53798136E+01
  0.19549705E+01 -0.53975957E+01
  0.19650683E+01 -0.54163768E+01
  0.19751661E+01 -0.54360916E+01
  0.19852639E+01 -0.54566634E+01
  0.19953617E+01 -0.54780038E+01
  0.20054595E+01 -0.55000132E+01
  0.20155574E+01 -0.55225813E+01
  0.20256552E+01 -0.55455879E+01
  0.20357530E+01 -0.55689030E+01
  0.20458508E+01 -0.55923875E+01
  0.20559486E+01 -0.56158928E+01
  0.20660464E+01 -0.56392606E+01
  0.20761442E+01 -0.56623222E+01
  0.20862420E+01 -0.56848963E+01
  0.20963398E+01 -0.57067884E+01
  0.21064377E+01 -0.57277884E+01
  0.21165355E+01 -0.57476705E+01
  0.21266333E+01 -0.57661943E+01
  0.21367311E+01 -0.57831084E+01
  0.21468289E+01 -0.57981603E+01
  0.21569267E+01 -0.58111096E+01
  0.21670245E+01 -0.58217487E+01
  0.21771223E+01 -0.58299250E+01
  0.21872201E+01 -0.58355620E+01
  0.21973179E+01 -0.58386719E+01
  0.22074158E+01 -0.58393571E+01
  0.22175136E+01 -0.58377980E+01
  0.22276114E+01 -0.58342330E+01
  0.22377092E+01 -0.58289356E+01
  0.22478070E+01 -0.58221940E+01
  0.22579048E+01 -0.58142970E+01
  0.22680026E+01 -0.58055250E+01
  0.22781004E+01 -0.57961472E+01
  0.22881982E+01 -0.57864213E+01
  0.22982961E+01 -0.57765952E+01
  0.23083939E+01 -0.57669095E+01
  0.23184917E+01 -0.57575989E+01
  0.23285895E+01 -0.57488932E+01
  0.23386873E+01 -0.57410162E+01
  0.23487851E+01 -0.57341828E+01
  0.23588829E+01 -0.57285945E+01
  0.23689807E+01 -0.57244332E+01
  0.23790785E+01 -0.57218545E+01
  0.23891763E+01 -0.57209799E+01
  0.23992742E+01 -0.57218478E+01
  0.24093720E+01 -0.57245322E+01
  0.24194698E+01 -0.57290318E+01
  0.24295676E+01 -0.57353022E+01
  0.24396654E+01 -0.57432600E+01
  0.24497632E+01 -0.57527880E+01
  0.24598610E+01 -0.57637417E+01
  0.24699588E+01 -0.57759566E+01
  0.24800566E+01 -0.57892550E+01
  0.24901545E+01 -0.58034523E+01
  0.25002523E+01 -0.58183620E+01
  0.25103501E+01 -0.58338006E+01
  0.25204479E+01 -0.58495910E+01
  0.25305457E+01 -0.58655648E+01
  0.25406435E+01 -0.58815634E+01
  0.25507413E+01 -0.58974385E+01
  0.25608391E+01 -0.59130506E+01
  0.25709369E+01 -0.59282664E+01
  0.25810347E+01 -0.59429534E+01
  0.25911326E+01 -0.59569726E+01
  0.26012304E+01 -0.59701616E+01
  0.26113282E+01 -0.59822898E+01
  0.26214260E+01 -0.59928568E+01
  0.26315238E+01 -0.59992918E+01
  0.26416216E+01 -0.59861055E+01
  0.26517194E+01 -0.59582777E+01
  0.26618172E+01 -0.59276676E+01
  0.26719150E+01 -0.58956605E+01
  0.26820129E+01 -0.58625123E+01
  0.26921107E+01 -0.58283080E+01
  0.27022085E+01 -0.57930912E+01
  0.27123063E+01 -0.57569066E+01
  0.27224041E+01 -0.57198801E+01
  0.27325019E+01 -0.56846877E+01
  0.27425997E+01 -0.56852851E+01
  0.27526975E+01 -0.56903637E+01
  0.27627953E+01 -0.56939764E+01
  0.27728931E+01 -0.56958558E+01
  0.27829910E+01 -0.56958125E+01
  0.27930888E+01 -0.56936030E+01
  0.28031866E+01 -0.56888629E+01
  0.28132844E+01 -0.56810239E+01
  0.28233822E+01 -0.56692354E+01
  0.28334800E+01 -0.56524405E+01
  0.28435778E+01 -0.56298562E+01
  0.28536756E+01 -0.56016335E+01
  0.28637734E+01 -0.55688139E+01
  0.28738712E+01 -0.55326346E+01
  0.28839691E+01 -0.54940740E+01
  0.28940669E+01 -0.54538013E+01
  0.29041647E+01 -0.54122642E+01
  0.29142625E+01 -0.53697721E+01
  0.29243603E+01 -0.53265509E+01
  0.29344581E+01 -0.52827748E+01
  0.29445559E+01 -0.52385851E+01
  0.29546537E+01 -0.51941014E+01
  0.29647515E+01 -0.51494276E+01
  0.29748494E+01 -0.51046561E+01
  0.29849472E+01 -0.50598690E+01
  0.29950450E+01 -0.50151390E+01
  0.30051428E+01 -0.49705295E+01
  0.30152406E+01 -0.49260931E+01
  0.30253384E+01 -0.48818707E+01
  0.30354362E+01 -0.48378900E+01
  0.30455340E+01 -0.47941632E+01
  0.30556318E+01 -0.47506849E+01
  0.30657296E+01 -0.47074300E+01
  0.30758275E+01 -0.46643512E+01
  0.30859253E+01 -0.46213766E+01
  0.30960231E+01 -0.45784077E+01
  0.31061209E+01 -0.45353185E+01
  0.31162187E+01 -0.44919554E+01
  0.31263165E+01 -0.44481411E+01
  0.31364143E+01 -0.44036806E+01
  0.31465121E+01 -0.43583726E+01
  0.31566099E+01 -0.43120262E+01
  0.31667078E+01 -0.42644796E+01
  0.31768056E+01 -0.42156201E+01
  0.31869034E+01 -0.41654012E+01
  0.31970012E+01 -0.41138517E+01
  0.32070990E+01 -0.40610775E+01
  0.32171968E+01 -0.40072554E+01
  0.32272946E+01 -0.39526231E+01
  0.32373924E+01 -0.38974682E+01
  0.32474902E+01 -0.38421187E+01
  0.32575880E+01 -0.37869377E+01
  0.32676859E+01 -0.37323216E+01
  0.32777837E+01 -0.36787022E+01
  0.32878815E+01 -0.36265508E+01
  0.32979793E+01 -0.35763839E+01
  0.33080771E+01 -0.35287686E+01
  0.33181749E+01 -0.34843254E+01
  0.33282727E+01 -0.34437280E+01
  0.33383705E+01 -0.34077117E+01
  0.33484683E+01 -0.33771589E+01
  0.33585662E+01 -0.33529830E+01
  0.33686640E+01 -0.33340764E+01
  0.33787618E+01 -0.33196544E+01
  0.33888596E+01 -0.33105988E+01
  0.33989574E+01 -0.33076738E+01
  
  0.00000000E+00 -0.50053423E+01
  0.10097810E-01 -0.50135294E+01
  0.20195621E-01 -0.50321219E+01
  0.30293431E-01 -0.50539498E+01
  0.40391242E-01 -0.50770882E+01
  0.50489052E-01 -0.51009457E+01
  0.60586863E-01 -0.51252610E+01
  0.70684673E-01 -0.51498792E+01
  0.80782483E-01 -0.51746878E+01
  0.90880294E-01 -0.51995932E+01
  0.10097810E+00 -0.52245120E+01
  0.11107591E+00 -0.52493669E+01
  0.12117373E+00 -0.52740860E+01
  0.13127154E+00 -0.52986017E+01
  0.14136935E+00 -0.53228515E+01
  0.15146716E+00 -0.53467778E+01
  0.16156497E+00 -0.53703279E+01
  0.17166278E+00 -0.53934541E+01
  0.18176059E+00 -0.54161129E+01
  0.19185840E+00 -0.54382639E+01
  0.20195621E+00 -0.54598685E+01
  0.21205402E+00 -0.54808887E+01
  0.22215183E+00 -0.55012851E+01
  0.23224964E+00 -0.55210159E+01
  0.24234745E+00 -0.55400354E+01
  0.25244526E+00 -0.55582927E+01
  0.26254307E+00 -0.55757319E+01
  0.27264088E+00 -0.55922912E+01
  0.28273869E+00 -0.56079034E+01
  0.29283650E+00 -0.56224964E+01
  0.30293431E+00 -0.56359931E+01
  0.31303212E+00 -0.56483097E+01
  0.32312993E+00 -0.56593457E+01
  0.33322774E+00 -0.56689142E+01
  0.34332555E+00 -0.56742776E+01
  0.35342337E+00 -0.56414197E+01
  0.36352118E+00 -0.56015883E+01
  0.37361899E+00 -0.55606638E+01
  0.38371680E+00 -0.55188317E+01
  0.39381461E+00 -0.54761651E+01
  0.40391242E+00 -0.54327251E+01
  0.41401023E+00 -0.53885733E+01
  0.42410804E+00 -0.53437743E+01
  0.43420585E+00 -0.52983958E+01
  0.44430366E+00 -0.52525073E+01
  0.45440147E+00 -0.52061793E+01
  0.46449928E+00 -0.51594823E+01
  0.47459709E+00 -0.51124855E+01
  0.48469490E+00 -0.50652567E+01
  0.49479271E+00 -0.50178615E+01
  0.50489052E+00 -0.49703637E+01
  0.51498833E+00 -0.49228253E+01
  0.52508614E+00 -0.48753068E+01
  0.53518395E+00 -0.48278685E+01
  0.54528176E+00 -0.47805704E+01
  0.55537957E+00 -0.47334732E+01
  0.56547738E+00 -0.46866389E+01
  0.57557519E+00 -0.46401306E+01
  0.58567301E+00 -0.45940129E+01
  0.59577082E+00 -0.45483517E+01
  0.60586863E+00 -0.45032134E+01
  0.61596644E+00 -0.44586645E+01
  0.62606425E+00 -0.44147703E+01
  0.63616206E+00 -0.43715946E+01
  0.64625987E+00 -0.43291979E+01
  0.65635768E+00 -0.42876369E+01
  0.66645549E+00 -0.42469629E+01
  0.67655330E+00 -0.42072209E+01
  0.68665111E+00 -0.41684485E+01
  0.69674892E+00 -0.41306745E+01
  0.70684673E+00 -0.40939179E+01
  0.71694454E+00 -0.40581867E+01
  0.72704235E+00 -0.40234767E+01
  0.73714016E+00 -0.39897706E+01
  0.74723797E+00 -0.39570371E+01
  0.75733578E+00 -0.39252308E+01
  0.76743359E+00 -0.38942921E+01
  0.77753140E+00 -0.38641480E+01
  0.78762921E+00 -0.38347131E+01
  0.79772702E+00 -0.38058917E+01
  0.80782483E+00 -0.37775805E+01
  0.81792265E+00 -0.37496711E+01
  0.82802046E+00 -0.37220540E+01
  0.83811827E+00 -0.36946226E+01
  0.84821608E+00 -0.36672781E+01
  0.85831389E+00 -0.36399349E+01
  0.86841170E+00 -0.36125268E+01
  0.87850951E+00 -0.35850146E+01
  0.88860732E+00 -0.35573942E+01
  0.89870513E+00 -0.35297052E+01
  0.90880294E+00 -0.35020408E+01
  0.91890075E+00 -0.34745561E+01
  0.92899856E+00 -0.34474764E+01
  0.93909637E+00 -0.34210980E+01
  0.94919418E+00 -0.33957694E+01
  0.95929199E+00 -0.33717727E+01
  0.96938980E+00 -0.33493801E+01
  0.97948761E+00 -0.33308092E+01
  0.98958542E+00 -0.33177812E+01
  0.99968323E+00 -0.33101850E+01
  0.10097810E+01 -0.33076141E+01
  0.10198328E+01 -0.33102071E+01
  0.10298846E+01 -0.33177604E+01
  0.10399364E+01 -0.33307370E+01
  0.10499882E+01 -0.33495866E+01
  0.10600399E+01 -0.33737063E+01
  0.10700917E+01 -0.33977191E+01
  0.10801435E+01 -0.34235334E+01
  0.10901953E+01 -0.34506909E+01
  0.11002471E+01 -0.34787929E+01
  0.11102988E+01 -0.35075226E+01
  0.11203506E+01 -0.35366367E+01
  0.11304024E+01 -0.35659565E+01
  0.11404542E+01 -0.35953579E+01
  0.11505060E+01 -0.36247622E+01
  0.11605577E+01 -0.36541261E+01
  0.11706095E+01 -0.36834335E+01
  0.11806613E+01 -0.37126872E+01
  0.11907131E+01 -0.37419017E+01
  0.12007648E+01 -0.37710979E+01
  0.12108166E+01 -0.38002987E+01
  0.12208684E+01 -0.38295256E+01
  0.12309202E+01 -0.38587969E+01
  0.12409720E+01 -0.38881266E+01
  0.12510237E+01 -0.39175241E+01
  0.12610755E+01 -0.39469944E+01
  0.12711273E+01 -0.39765385E+01
  0.12811791E+01 -0.40061541E+01
  0.12912309E+01 -0.40358363E+01
  0.13012826E+01 -0.40655774E+01
  0.13113344E+01 -0.40953671E+01
  0.13213862E+01 -0.41251931E+01
  0.13314380E+01 -0.41550400E+01
  0.13414898E+01 -0.41848899E+01
  0.13515415E+01 -0.42147217E+01
  0.13615933E+01 -0.42445120E+01
  0.13716451E+01 -0.42742351E+01
  0.13816969E+01 -0.43038638E+01
  0.13917486E+01 -0.43333707E+01
  0.14018004E+01 -0.43627291E+01
  0.14118522E+01 -0.43919140E+01
  0.14219040E+01 -0.44209031E+01
  0.14319558E+01 -0.44496771E+01
  0.14420075E+01 -0.44782195E+01
  0.14520593E+01 -0.45065166E+01
  0.14621111E+01 -0.45345557E+01
  0.14721629E+01 -0.45623245E+01
  0.14822147E+01 -0.45898092E+01
  0.14922664E+01 -0.46169933E+01
  0.15023182E+01 -0.46438564E+01
  0.15123700E+01 -0.46703742E+01
  0.15224218E+01 -0.46965179E+01
  0.15324736E+01 -0.47222557E+01
  0.15425253E+01 -0.47475536E+01
  0.15525771E+01 -0.47723775E+01
  0.15626289E+01 -0.47966953E+01
  0.15726807E+01 -0.48204784E+01
  0.15827325E+01 -0.48437039E+01
  0.15927842E+01 -0.48663553E+01
  0.16028360E+01 -0.48884229E+01
  0.16128878E+01 -0.49099037E+01
  0.16229396E+01 -0.49308000E+01
  0.16329913E+01 -0.49511187E+01
  0.16430431E+01 -0.49708692E+01
  0.16530949E+01 -0.49900620E+01
  0.16631467E+01 -0.50087077E+01
  0.16731985E+01 -0.50268158E+01
  0.16832502E+01 -0.50443949E+01
  0.16933020E+01 -0.50614528E+01
  0.17033538E+01 -0.50779970E+01
  0.17134056E+01 -0.50940361E+01
  0.17234574E+01 -0.51095799E+01
  0.17335091E+01 -0.51246402E+01
  0.17435609E+01 -0.51392308E+01
  0.17536127E+01 -0.51533669E+01
  0.17636645E+01 -0.51670634E+01
  0.17737163E+01 -0.51803338E+01
  0.17837680E+01 -0.51931877E+01
  0.17938198E+01 -0.52056295E+01
  0.18038716E+01 -0.52176566E+01
  0.18139234E+01 -0.52292590E+01
  0.18239751E+01 -0.52404189E+01
  0.18340269E+01 -0.52511111E+01
  0.18440787E+01 -0.52613050E+01
  0.18541305E+01 -0.52709656E+01
  0.18641823E+01 -0.52800554E+01
  0.18742340E+01 -0.52885362E+01
  0.18842858E+01 -0.52963590E+01
  0.18943836E+01 -0.52865297E+01
  0.19044814E+01 -0.52778566E+01
  0.19145793E+01 -0.52703447E+01
  0.19246771E+01 -0.52639796E+01
  0.19347749E+01 -0.52587410E+01
  0.19448727E+01 -0.52546021E+01
  0.19549705E+01 -0.52515287E+01
  0.19650683E+01 -0.52494782E+01
  0.19751661E+01 -0.52483984E+01
  0.19852639E+01 -0.52482268E+01
  0.19953617E+01 -0.52488902E+01
  0.20054595E+01 -0.52503044E+01
  0.20155574E+01 -0.52523752E+01
  0.20256552E+01 -0.52549986E+01
  0.20357530E+01 -0.52580628E+01
  0.20458508E+01 -0.52614494E+01
  0.20559486E+01 -0.52650353E+01
  0.20660464E+01 -0.52686942E+01
  0.20761442E+01 -0.52722986E+01
  0.20862420E+01 -0.52757216E+01
  0.20963398E+01 -0.52788379E+01
  0.21064377E+01 -0.52815258E+01
  0.21165355E+01 -0.52836686E+01
  0.21266333E+01 -0.52851563E+01
  0.21367311E+01 -0.52858870E+01
  0.21468289E+01 -0.52857691E+01
  0.21569267E+01 -0.52847217E+01
  0.21670245E+01 -0.52826770E+01
  0.21771223E+01 -0.52795806E+01
  0.21872201E+01 -0.52753918E+01
  0.21973179E+01 -0.52700841E+01
  0.22074158E+01 -0.52636445E+01
  0.22175136E+01 -0.52560723E+01
  0.22276114E+01 -0.52473779E+01
  0.22377092E+01 -0.52375809E+01
  0.22478070E+01 -0.52267086E+01
  0.22579048E+01 -0.52147943E+01
  0.22680026E+01 -0.52018753E+01
  0.22781004E+01 -0.51879924E+01
  0.22881982E+01 -0.51731890E+01
  0.22982961E+01 -0.51575110E+01
  0.23083939E+01 -0.51410075E+01
  0.23184917E+01 -0.51237334E+01
  0.23285895E+01 -0.51057535E+01
  0.23386873E+01 -0.50871531E+01
  0.23487851E+01 -0.50680612E+01
  0.23588829E+01 -0.50487176E+01
  0.23689807E+01 -0.50296990E+01
  0.23790785E+01 -0.50129234E+01
  0.23891763E+01 -0.50053423E+01
  0.23992742E+01 -0.50135294E+01
  0.24093720E+01 -0.50321219E+01
  0.24194698E+01 -0.50539498E+01
  0.24295676E+01 -0.50770882E+01
  0.24396654E+01 -0.51009457E+01
  0.24497632E+01 -0.51252610E+01
  0.24598610E+01 -0.51498792E+01
  0.24699588E+01 -0.51746878E+01
  0.24800566E+01 -0.51995932E+01
  0.24901545E+01 -0.52245120E+01
  0.25002523E+01 -0.52493669E+01
  0.25103501E+01 -0.52740860E+01
  0.25204479E+01 -0.52986017E+01
  0.25305457E+01 -0.53228515E+01
  0.25406435E+01 -0.53467778E+01
  0.25507413E+01 -0.53703279E+01
  0.25608391E+01 -0.53934541E+01
  0.25709369E+01 -0.54161129E+01
  0.25810347E+01 -0.54382639E+01
  0.25911326E+01 -0.54598685E+01
  0.26012304E+01 -0.54808887E+01
  0.26113282E+01 -0.55012851E+01
  0.26214260E+01 -0.55210159E+01
  0.26315238E+01 -0.55400354E+01
  0.26416216E+01 -0.55582927E+01
  0.26517194E+01 -0.55757319E+01
  0.26618172E+01 -0.55922912E+01
  0.26719150E+01 -0.56079034E+01
  0.26820129E+01 -0.56224964E+01
  0.26921107E+01 -0.56359931E+01
  0.27022085E+01 -0.56483097E+01
  0.27123063E+01 -0.56593457E+01
  0.27224041E+01 -0.56689142E+01
  0.27325019E+01 -0.56742776E+01
  0.27425997E+01 -0.56414197E+01
  0.27526975E+01 -0.56015883E+01
  0.27627953E+01 -0.55606638E+01
  0.27728931E+01 -0.55188317E+01
  0.27829910E+01 -0.54761651E+01
  0.27930888E+01 -0.54327251E+01
  0.28031866E+01 -0.53885733E+01
  0.28132844E+01 -0.53437743E+01
  0.28233822E+01 -0.52983958E+01
  0.28334800E+01 -0.52525073E+01
  0.28435778E+01 -0.52061793E+01
  0.28536756E+01 -0.51594823E+01
  0.28637734E+01 -0.51124855E+01
  0.28738712E+01 -0.50652567E+01
  0.28839691E+01 -0.50178615E+01
  0.28940669E+01 -0.49703637E+01
  0.29041647E+01 -0.49228253E+01
  0.29142625E+01 -0.48753068E+01
  0.29243603E+01 -0.48278685E+01
  0.29344581E+01 -0.47805704E+01
  0.29445559E+01 -0.47334732E+01
  0.29546537E+01 -0.46866389E+01
  0.29647515E+01 -0.46401306E+01
  0.29748494E+01 -0.45940129E+01
  0.29849472E+01 -0.45483517E+01
  0.29950450E+01 -0.45032134E+01
  0.30051428E+01 -0.44586645E+01
  0.30152406E+01 -0.44147703E+01
  0.30253384E+01 -0.43715946E+01
  0.30354362E+01 -0.43291979E+01
  0.30455340E+01 -0.42876369E+01
  0.30556318E+01 -0.42469629E+01
  0.30657296E+01 -0.42072209E+01
  0.30758275E+01 -0.41684485E+01
  0.30859253E+01 -0.41306745E+01
  0.30960231E+01 -0.40939179E+01
  0.31061209E+01 -0.40581867E+01
  0.31162187E+01 -0.40234767E+01
  0.31263165E+01 -0.39897706E+01
  0.31364143E+01 -0.39570371E+01
  0.31465121E+01 -0.39252308E+01
  0.31566099E+01 -0.38942921E+01
  0.31667078E+01 -0.38641480E+01
  0.31768056E+01 -0.38347131E+01
  0.31869034E+01 -0.38058917E+01
  0.31970012E+01 -0.37775805E+01
  0.32070990E+01 -0.37496711E+01
  0.32171968E+01 -0.37220540E+01
  0.32272946E+01 -0.36946226E+01
  0.32373924E+01 -0.36672781E+01
  0.32474902E+01 -0.36399349E+01
  0.32575880E+01 -0.36125268E+01
  0.32676859E+01 -0.35850146E+01
  0.32777837E+01 -0.35573942E+01
  0.32878815E+01 -0.35297052E+01
  0.32979793E+01 -0.35020408E+01
  0.33080771E+01 -0.34745561E+01
  0.33181749E+01 -0.34474764E+01
  0.33282727E+01 -0.34210980E+01
  0.33383705E+01 -0.33957694E+01
  0.33484683E+01 -0.33717727E+01
  0.33585662E+01 -0.33493801E+01
  0.33686640E+01 -0.33308092E+01
  0.33787618E+01 -0.33177812E+01
  0.33888596E+01 -0.33101850E+01
  0.33989574E+01 -0.33076141E+01
  
  0.00000000E+00 -0.49994916E+01
  0.10097810E-01 -0.49992299E+01
  0.20195621E-01 -0.49963273E+01
  0.30293431E-01 -0.49913152E+01
  0.40391242E-01 -0.49843580E+01
  0.50489052E-01 -0.49755280E+01
  0.60586863E-01 -0.49649069E+01
  0.70684673E-01 -0.49525930E+01
  0.80782483E-01 -0.49386976E+01
  0.90880294E-01 -0.49233404E+01
  0.10097810E+00 -0.49066453E+01
  0.11107591E+00 -0.48887364E+01
  0.12117373E+00 -0.48697362E+01
  0.13127154E+00 -0.48497633E+01
  0.14136935E+00 -0.48289315E+01
  0.15146716E+00 -0.48073488E+01
  0.16156497E+00 -0.47851166E+01
  0.17166278E+00 -0.47623292E+01
  0.18176059E+00 -0.47390735E+01
  0.19185840E+00 -0.47154283E+01
  0.20195621E+00 -0.46914642E+01
  0.21205402E+00 -0.46672436E+01
  0.22215183E+00 -0.46428205E+01
  0.23224964E+00 -0.46182415E+01
  0.24234745E+00 -0.45935459E+01
  0.25244526E+00 -0.45687665E+01
  0.26254307E+00 -0.45439307E+01
  0.27264088E+00 -0.45190614E+01
  0.28273869E+00 -0.44941783E+01
  0.29283650E+00 -0.44692984E+01
  0.30293431E+00 -0.44444371E+01
  0.31303212E+00 -0.44196091E+01
  0.32312993E+00 -0.43948284E+01
  0.33322774E+00 -0.43701090E+01
  0.34332555E+00 -0.43454652E+01
  0.35342337E+00 -0.43209111E+01
  0.36352118E+00 -0.42964607E+01
  0.37361899E+00 -0.42721279E+01
  0.38371680E+00 -0.42479262E+01
  0.39381461E+00 -0.42238687E+01
  0.40391242E+00 -0.41999680E+01
  0.41401023E+00 -0.41762361E+01
  0.42410804E+00 -0.41526848E+01
  0.43420585E+00 -0.41293256E+01
  0.44430366E+00 -0.41061699E+01
  0.45440147E+00 -0.40832295E+01
  0.46449928E+00 -0.40605161E+01
  0.47459709E+00 -0.40380420E+01
  0.48469490E+00 -0.40158192E+01
  0.49479271E+00 -0.39938597E+01
  0.50489052E+00 -0.39721749E+01
  0.51498833E+00 -0.39507750E+01
  0.52508614E+00 -0.39296687E+01
  0.53518395E+00 -0.39088626E+01
  0.54528176E+00 -0.38883603E+01
  0.55537957E+00 -0.38681627E+01
  0.56547738E+00 -0.38482668E+01
  0.57557519E+00 -0.38286665E+01
  0.58567301E+00 -0.38093520E+01
  0.59577082E+00 -0.37903108E+01
  0.60586863E+00 -0.37715276E+01
  0.61596644E+00 -0.37529856E+01
  0.62606425E+00 -0.37346672E+01
  0.63616206E+00 -0.37165548E+01
  0.64625987E+00 -0.36986322E+01
  0.65635768E+00 -0.36808849E+01
  0.66645549E+00 -0.36633017E+01
  0.67655330E+00 -0.36458745E+01
  0.68665111E+00 -0.36285998E+01
  0.69674892E+00 -0.36114780E+01
  0.70684673E+00 -0.35945146E+01
  0.71694454E+00 -0.35777195E+01
  0.72704235E+00 -0.35611072E+01
  0.73714016E+00 -0.35446964E+01
  0.74723797E+00 -0.35285099E+01
  0.75733578E+00 -0.35125740E+01
  0.76743359E+00 -0.34969179E+01
  0.77753140E+00 -0.34815735E+01
  0.78762921E+00 -0.34665745E+01
  0.79772702E+00 -0.34519557E+01
  0.80782483E+00 -0.34377529E+01
  0.81792265E+00 -0.34240016E+01
  0.82802046E+00 -0.34107375E+01
  0.83811827E+00 -0.33979952E+01
  0.84821608E+00 -0.33858089E+01
  0.85831389E+00 -0.33742120E+01
  0.86841170E+00 -0.33632374E+01
  0.87850951E+00 -0.33529181E+01
  0.88860732E+00 -0.33432886E+01
  0.89870513E+00 -0.33343882E+01
  0.90880294E+00 -0.33262721E+01
  0.91890075E+00 -0.33190412E+01
  0.92899856E+00 -0.33128817E+01
  0.93909637E+00 -0.33078733E+01
  0.94919418E+00 -0.33037577E+01
  0.95929199E+00 -0.33003065E+01
  0.96938980E+00 -0.32974270E+01
  0.97948761E+00 -0.32950382E+01
  0.98958542E+00 -0.32929294E+01
  0.99968323E+00 -0.32906274E+01
  0.10097810E+01 -0.32880743E+01
  0.10198328E+01 -0.32906207E+01
  0.10298846E+01 -0.32929643E+01
  0.10399364E+01 -0.32951401E+01
  0.10499882E+01 -0.32976021E+01
  0.10600399E+01 -0.33005309E+01
  0.10700917E+01 -0.33039485E+01
  0.10801435E+01 -0.33078222E+01
  0.10901953E+01 -0.33121043E+01
  0.11002471E+01 -0.33167516E+01
  0.11102988E+01 -0.33229524E+01
  0.11203506E+01 -0.33301381E+01
  0.11304024E+01 -0.33378654E+01
  0.11404542E+01 -0.33461283E+01
  0.11505060E+01 -0.33549210E+01
  0.11605577E+01 -0.33642355E+01
  0.11706095E+01 -0.33740596E+01
  0.11806613E+01 -0.33843756E+01
  0.11907131E+01 -0.33951605E+01
  0.12007648E+01 -0.34063867E+01
  0.12108166E+01 -0.34180235E+01
  0.12208684E+01 -0.34300405E+01
  0.12309202E+01 -0.34424099E+01
  0.12409720E+01 -0.34551102E+01
  0.12510237E+01 -0.34681284E+01
  0.12610755E+01 -0.34814619E+01
  0.12711273E+01 -0.34951186E+01
  0.12811791E+01 -0.35091165E+01
  0.12912309E+01 -0.35234812E+01
  0.13012826E+01 -0.35382433E+01
  0.13113344E+01 -0.35534348E+01
  0.13213862E+01 -0.35690858E+01
  0.13314380E+01 -0.35852218E+01
  0.13414898E+01 -0.36018618E+01
  0.13515415E+01 -0.36190178E+01
  0.13615933E+01 -0.36366957E+01
  0.13716451E+01 -0.36548963E+01
  0.13816969E+01 -0.36736182E+01
  0.13917486E+01 -0.36928594E+01
  0.14018004E+01 -0.37126198E+01
  0.14118522E+01 -0.37329015E+01
  0.14219040E+01 -0.37537093E+01
  0.14319558E+01 -0.37750493E+01
  0.14420075E+01 -0.37969267E+01
  0.14520593E+01 -0.38193431E+01
  0.14621111E+01 -0.38422938E+01
  0.14721629E+01 -0.38657645E+01
  0.14822147E+01 -0.38897301E+01
  0.14922664E+01 -0.39141531E+01
  0.15023182E+01 -0.39389840E+01
  0.15123700E+01 -0.39641623E+01
  0.15224218E+01 -0.39896190E+01
  0.15324736E+01 -0.40152791E+01
  0.15425253E+01 -0.40410648E+01
  0.15525771E+01 -0.40668979E+01
  0.15626289E+01 -0.40927029E+01
  0.15726807E+01 -0.41184076E+01
  0.15827325E+01 -0.41439445E+01
  0.15927842E+01 -0.41692502E+01
  0.16028360E+01 -0.41942647E+01
  0.16128878E+01 -0.42189306E+01
  0.16229396E+01 -0.42431911E+01
  0.16329913E+01 -0.42669891E+01
  0.16430431E+01 -0.42902665E+01
  0.16530949E+01 -0.43129634E+01
  0.16631467E+01 -0.43350186E+01
  0.16731985E+01 -0.43563701E+01
  0.16832502E+01 -0.43769562E+01
  0.16933020E+01 -0.43967171E+01
  0.17033538E+01 -0.44155961E+01
  0.17134056E+01 -0.44335408E+01
  0.17234574E+01 -0.44505041E+01
  0.17335091E+01 -0.44664449E+01
  0.17435609E+01 -0.44813276E+01
  0.17536127E+01 -0.44951219E+01
  0.17636645E+01 -0.45078017E+01
  0.17737163E+01 -0.45193442E+01
  0.17837680E+01 -0.45297285E+01
  0.17938198E+01 -0.45389345E+01
  0.18038716E+01 -0.45469421E+01
  0.18139234E+01 -0.45537303E+01
  0.18239751E+01 -0.45592772E+01
  0.18340269E+01 -0.45635598E+01
  0.18440787E+01 -0.45665548E+01
  0.18541305E+01 -0.45682393E+01
  0.18641823E+01 -0.45685918E+01
  0.18742340E+01 -0.45675932E+01
  0.18842858E+01 -0.45652317E+01
  0.18943836E+01 -0.45680018E+01
  0.19044814E+01 -0.45714734E+01
  0.19145793E+01 -0.45756402E+01
  0.19246771E+01 -0.45805034E+01
  0.19347749E+01 -0.45860532E+01
  0.19448727E+01 -0.45922682E+01
  0.19549705E+01 -0.45991156E+01
  0.19650683E+01 -0.46065516E+01
  0.19751661E+01 -0.46145227E+01
  0.19852639E+01 -0.46229686E+01
  0.19953617E+01 -0.46318240E+01
  0.20054595E+01 -0.46410224E+01
  0.20155574E+01 -0.46504986E+01
  0.20256552E+01 -0.46601912E+01
  0.20357530E+01 -0.46700456E+01
  0.20458508E+01 -0.46800147E+01
  0.20559486E+01 -0.46900604E+01
  0.20660464E+01 -0.47001537E+01
  0.20761442E+01 -0.47102746E+01
  0.20862420E+01 -0.47204115E+01
  0.20963398E+01 -0.47305606E+01
  0.21064377E+01 -0.47407244E+01
  0.21165355E+01 -0.47509105E+01
  0.21266333E+01 -0.47611304E+01
  0.21367311E+01 -0.47713984E+01
  0.21468289E+01 -0.47817296E+01
  0.21569267E+01 -0.47921392E+01
  0.21670245E+01 -0.48026412E+01
  0.21771223E+01 -0.48132476E+01
  0.21872201E+01 -0.48239671E+01
  0.21973179E+01 -0.48348044E+01
  0.22074158E+01 -0.48457593E+01
  0.22175136E+01 -0.48568252E+01
  0.22276114E+01 -0.48679885E+01
  0.22377092E+01 -0.48792265E+01
  0.22478070E+01 -0.48905062E+01
  0.22579048E+01 -0.49017826E+01
  0.22680026E+01 -0.49129971E+01
  0.22781004E+01 -0.49240759E+01
  0.22881982E+01 -0.49349286E+01
  0.22982961E+01 -0.49454475E+01
  0.23083939E+01 -0.49555071E+01
  0.23184917E+01 -0.49649652E+01
  0.23285895E+01 -0.49736642E+01
  0.23386873E+01 -0.49814342E+01
  0.23487851E+01 -0.49880972E+01
  0.23588829E+01 -0.49934702E+01
  0.23689807E+01 -0.49973592E+01
  0.23790785E+01 -0.49994760E+01
  0.23891763E+01 -0.49994916E+01
  0.23992742E+01 -0.49992299E+01
  0.24093720E+01 -0.49963273E+01
  0.24194698E+01 -0.49913152E+01
  0.24295676E+01 -0.49843580E+01
  0.24396654E+01 -0.49755280E+01
  0.24497632E+01 -0.49649069E+01
  0.24598610E+01 -0.49525930E+01
  0.24699588E+01 -0.49386976E+01
  0.24800566E+01 -0.49233404E+01
  0.24901545E+01 -0.49066453E+01
  0.25002523E+01 -0.48887364E+01
  0.25103501E+01 -0.48697362E+01
  0.25204479E+01 -0.48497633E+01
  0.25305457E+01 -0.48289315E+01
  0.25406435E+01 -0.48073488E+01
  0.25507413E+01 -0.47851166E+01
  0.25608391E+01 -0.47623292E+01
  0.25709369E+01 -0.47390735E+01
  0.25810347E+01 -0.47154283E+01
  0.25911326E+01 -0.46914642E+01
  0.26012304E+01 -0.46672436E+01
  0.26113282E+01 -0.46428205E+01
  0.26214260E+01 -0.46182415E+01
  0.26315238E+01 -0.45935459E+01
  0.26416216E+01 -0.45687665E+01
  0.26517194E+01 -0.45439307E+01
  0.26618172E+01 -0.45190614E+01
  0.26719150E+01 -0.44941783E+01
  0.26820129E+01 -0.44692984E+01
  0.26921107E+01 -0.44444371E+01
  0.27022085E+01 -0.44196091E+01
  0.27123063E+01 -0.43948284E+01
  0.27224041E+01 -0.43701090E+01
  0.27325019E+01 -0.43454652E+01
  0.27425997E+01 -0.43209111E+01
  0.27526975E+01 -0.42964607E+01
  0.27627953E+01 -0.42721279E+01
  0.27728931E+01 -0.42479262E+01
  0.27829910E+01 -0.42238687E+01
  0.27930888E+01 -0.41999680E+01
  0.28031866E+01 -0.41762361E+01
  0.28132844E+01 -0.41526848E+01
  0.28233822E+01 -0.41293256E+01
  0.28334800E+01 -0.41061699E+01
  0.28435778E+01 -0.40832295E+01
  0.28536756E+01 -0.40605161E+01
  0.28637734E+01 -0.40380420E+01
  0.28738712E+01 -0.40158192E+01
  0.28839691E+01 -0.39938597E+01
  0.28940669E+01 -0.39721749E+01
  0.29041647E+01 -0.39507750E+01
  0.29142625E+01 -0.39296687E+01
  0.29243603E+01 -0.39088626E+01
  0.29344581E+01 -0.38883603E+01
  0.29445559E+01 -0.38681627E+01
  0.29546537E+01 -0.38482668E+01
  0.29647515E+01 -0.38286665E+01
  0.29748494E+01 -0.38093520E+01
  0.29849472E+01 -0.37903108E+01
  0.29950450E+01 -0.37715276E+01
  0.30051428E+01 -0.37529856E+01
  0.30152406E+01 -0.37346672E+01
  0.30253384E+01 -0.37165548E+01
  0.30354362E+01 -0.36986322E+01
  0.30455340E+01 -0.36808849E+01
  0.30556318E+01 -0.36633017E+01
  0.30657296E+01 -0.36458745E+01
  0.30758275E+01 -0.36285998E+01
  0.30859253E+01 -0.36114780E+01
  0.30960231E+01 -0.35945146E+01
  0.31061209E+01 -0.35777195E+01
  0.31162187E+01 -0.35611072E+01
  0.31263165E+01 -0.35446964E+01
  0.31364143E+01 -0.35285099E+01
  0.31465121E+01 -0.35125740E+01
  0.31566099E+01 -0.34969179E+01
  0.31667078E+01 -0.34815735E+01
  0.31768056E+01 -0.34665745E+01
  0.31869034E+01 -0.34519557E+01
  0.31970012E+01 -0.34377529E+01
  0.32070990E+01 -0.34240016E+01
  0.32171968E+01 -0.34107375E+01
  0.32272946E+01 -0.33979952E+01
  0.32373924E+01 -0.33858089E+01
  0.32474902E+01 -0.33742120E+01
  0.32575880E+01 -0.33632374E+01
  0.32676859E+01 -0.33529181E+01
  0.32777837E+01 -0.33432886E+01
  0.32878815E+01 -0.33343882E+01
  0.32979793E+01 -0.33262721E+01
  0.33080771E+01 -0.33190412E+01
  0.33181749E+01 -0.33128817E+01
  0.33282727E+01 -0.33078733E+01
  0.33383705E+01 -0.33037577E+01
  0.33484683E+01 -0.33003065E+01
  0.33585662E+01 -0.32974270E+01
  0.33686640E+01 -0.32950382E+01
  0.33787618E+01 -0.32929294E+01
  0.33888596E+01 -0.32906274E+01
  0.33989574E+01 -0.32880743E+01
  
  0.00000000E+00 -0.49545442E+01
  0.10097810E-01 -0.49455985E+01
  0.20195621E-01 -0.49269729E+01
  0.30293431E-01 -0.49052589E+01
  0.40391242E-01 -0.48822017E+01
  0.50489052E-01 -0.48583340E+01
  0.60586863E-01 -0.48338730E+01
  0.70684673E-01 -0.48089312E+01
  0.80782483E-01 -0.47835788E+01
  0.90880294E-01 -0.47578671E+01
  0.10097810E+00 -0.47318384E+01
  0.11107591E+00 -0.47055311E+01
  0.12117373E+00 -0.46789817E+01
  0.13127154E+00 -0.46522260E+01
  0.14136935E+00 -0.46252998E+01
  0.15146716E+00 -0.45982385E+01
  0.16156497E+00 -0.45710768E+01
  0.17166278E+00 -0.45438485E+01
  0.18176059E+00 -0.45165857E+01
  0.19185840E+00 -0.44893185E+01
  0.20195621E+00 -0.44620747E+01
  0.21205402E+00 -0.44348794E+01
  0.22215183E+00 -0.44077551E+01
  0.23224964E+00 -0.43807220E+01
  0.24234745E+00 -0.43537981E+01
  0.25244526E+00 -0.43269993E+01
  0.26254307E+00 -0.43003407E+01
  0.27264088E+00 -0.42738361E+01
  0.28273869E+00 -0.42474993E+01
  0.29283650E+00 -0.42213435E+01
  0.30293431E+00 -0.41953821E+01
  0.31303212E+00 -0.41696282E+01
  0.32312993E+00 -0.41440949E+01
  0.33322774E+00 -0.41187946E+01
  0.34332555E+00 -0.40937390E+01
  0.35342337E+00 -0.40689389E+01
  0.36352118E+00 -0.40444040E+01
  0.37361899E+00 -0.40201432E+01
  0.38371680E+00 -0.39961650E+01
  0.39381461E+00 -0.39724778E+01
  0.40391242E+00 -0.39490907E+01
  0.41401023E+00 -0.39260143E+01
  0.42410804E+00 -0.39032615E+01
  0.43420585E+00 -0.38808481E+01
  0.44430366E+00 -0.38587937E+01
  0.45440147E+00 -0.38371212E+01
  0.46449928E+00 -0.38158570E+01
  0.47459709E+00 -0.37950304E+01
  0.48469490E+00 -0.37746724E+01
  0.49479271E+00 -0.37548140E+01
  0.50489052E+00 -0.37354850E+01
  0.51498833E+00 -0.37167121E+01
  0.52508614E+00 -0.36985170E+01
  0.53518395E+00 -0.36809155E+01
  0.54528176E+00 -0.36639162E+01
  0.55537957E+00 -0.36475206E+01
  0.56547738E+00 -0.36317228E+01
  0.57557519E+00 -0.36165111E+01
  0.58567301E+00 -0.36018686E+01
  0.59577082E+00 -0.35877753E+01
  0.60586863E+00 -0.35742097E+01
  0.61596644E+00 -0.35611507E+01
  0.62606425E+00 -0.35485786E+01
  0.63616206E+00 -0.35364764E+01
  0.64625987E+00 -0.35248294E+01
  0.65635768E+00 -0.35136255E+01
  0.66645549E+00 -0.35028540E+01
  0.67655330E+00 -0.34925040E+01
  0.68665111E+00 -0.34825631E+01
  0.69674892E+00 -0.34730154E+01
  0.70684673E+00 -0.34638409E+01
  0.71694454E+00 -0.34550142E+01
  0.72704235E+00 -0.34465048E+01
  0.73714016E+00 -0.34382775E+01
  0.74723797E+00 -0.34302940E+01
  0.75733578E+00 -0.34225149E+01
  0.76743359E+00 -0.34149019E+01
  0.77753140E+00 -0.34074204E+01
  0.78762921E+00 -0.34000420E+01
  0.79772702E+00 -0.33927461E+01
  0.80782483E+00 -0.33855211E+01
  0.81792265E+00 -0.33783655E+01
  0.82802046E+00 -0.33712872E+01
  0.83811827E+00 -0.33643026E+01
  0.84821608E+00 -0.33574351E+01
  0.85831389E+00 -0.33507134E+01
  0.86841170E+00 -0.33441690E+01
  0.87850951E+00 -0.33378340E+01
  0.88860732E+00 -0.33317375E+01
  0.89870513E+00 -0.33259011E+01
  0.90880294E+00 -0.33203267E+01
  0.91890075E+00 -0.33149645E+01
  0.92899856E+00 -0.33096733E+01
  0.93909637E+00 -0.33044101E+01
  0.94919418E+00 -0.32994612E+01
  0.95929199E+00 -0.32950751E+01
  0.96938980E+00 -0.32913659E+01
  0.97948761E+00 -0.32884595E+01
  0.98958542E+00 -0.32866499E+01
  0.99968323E+00 -0.32864391E+01
  0.10097810E+01 -0.32880375E+01
  0.10198328E+01 -0.32864944E+01
  0.10298846E+01 -0.32867882E+01
  0.10399364E+01 -0.32886860E+01
  0.10499882E+01 -0.32916577E+01
  0.10600399E+01 -0.32953856E+01
  0.10700917E+01 -0.32997454E+01
  0.10801435E+01 -0.33046956E+01
  0.10901953E+01 -0.33102192E+01
  0.11002471E+01 -0.33163003E+01
  0.11102988E+01 -0.33216988E+01
  0.11203506E+01 -0.33269403E+01
  0.11304024E+01 -0.33324331E+01
  0.11404542E+01 -0.33381546E+01
  0.11505060E+01 -0.33440837E+01
  0.11605577E+01 -0.33501999E+01
  0.11706095E+01 -0.33564814E+01
  0.11806613E+01 -0.33629048E+01
  0.11907131E+01 -0.33694456E+01
  0.12007648E+01 -0.33760805E+01
  0.12108166E+01 -0.33827899E+01
  0.12208684E+01 -0.33895621E+01
  0.12309202E+01 -0.33963960E+01
  0.12409720E+01 -0.34033040E+01
  0.12510237E+01 -0.34103130E+01
  0.12610755E+01 -0.34174641E+01
  0.12711273E+01 -0.34248104E+01
  0.12811791E+01 -0.34324136E+01
  0.12912309E+01 -0.34403396E+01
  0.13012826E+01 -0.34486539E+01
  0.13113344E+01 -0.34574180E+01
  0.13213862E+01 -0.34666865E+01
  0.13314380E+01 -0.34765056E+01
  0.13414898E+01 -0.34869140E+01
  0.13515415E+01 -0.34979443E+01
  0.13615933E+01 -0.35096259E+01
  0.13716451E+01 -0.35219878E+01
  0.13816969E+01 -0.35350619E+01
  0.13917486E+01 -0.35488842E+01
  0.14018004E+01 -0.35634952E+01
  0.14118522E+01 -0.35789389E+01
  0.14219040E+01 -0.35952602E+01
  0.14319558E+01 -0.36125010E+01
  0.14420075E+01 -0.36306958E+01
  0.14520593E+01 -0.36498682E+01
  0.14621111E+01 -0.36700268E+01
  0.14721629E+01 -0.36911636E+01
  0.14822147E+01 -0.37132532E+01
  0.14922664E+01 -0.37362538E+01
  0.15023182E+01 -0.37601097E+01
  0.15123700E+01 -0.37847546E+01
  0.15224218E+01 -0.38101155E+01
  0.15324736E+01 -0.38361162E+01
  0.15425253E+01 -0.38626806E+01
  0.15525771E+01 -0.38897340E+01
  0.15626289E+01 -0.39172046E+01
  0.15726807E+01 -0.39450223E+01
  0.15827325E+01 -0.39731179E+01
  0.15927842E+01 -0.40014205E+01
  0.16028360E+01 -0.40298563E+01
  0.16128878E+01 -0.40583461E+01
  0.16229396E+01 -0.40868050E+01
  0.16329913E+01 -0.41151425E+01
  0.16430431E+01 -0.41432631E+01
  0.16530949E+01 -0.41710686E+01
  0.16631467E+01 -0.41984607E+01
  0.16731985E+01 -0.42253437E+01
  0.16832502E+01 -0.42516268E+01
  0.16933020E+01 -0.42772263E+01
  0.17033538E+01 -0.43020668E+01
  0.17134056E+01 -0.43260817E+01
  0.17234574E+01 -0.43492121E+01
  0.17335091E+01 -0.43714064E+01
  0.17435609E+01 -0.43926181E+01
  0.17536127E+01 -0.44128045E+01
  0.17636645E+01 -0.44319249E+01
  0.17737163E+01 -0.44499397E+01
  0.17837680E+01 -0.44668097E+01
  0.17938198E+01 -0.44824959E+01
  0.18038716E+01 -0.44969603E+01
  0.18139234E+01 -0.45101665E+01
  0.18239751E+01 -0.45220812E+01
  0.18340269E+01 -0.45326749E+01
  0.18440787E+01 -0.45419232E+01
  0.18541305E+01 -0.45498077E+01
  0.18641823E+01 -0.45563158E+01
  0.18742340E+01 -0.45614416E+01
  0.18842858E+01 -0.45651815E+01
  0.18943836E+01 -0.45630789E+01
  0.19044814E+01 -0.45615993E+01
  0.19145793E+01 -0.45607290E+01
  0.19246771E+01 -0.45604333E+01
  0.19347749E+01 -0.45606750E+01
  0.19448727E+01 -0.45614149E+01
  0.19549705E+01 -0.45626127E+01
  0.19650683E+01 -0.45642279E+01
  0.19751661E+01 -0.45662199E+01
  0.19852639E+01 -0.45685492E+01
  0.19953617E+01 -0.45711781E+01
  0.20054595E+01 -0.45740718E+01
  0.20155574E+01 -0.45771996E+01
  0.20256552E+01 -0.45805358E+01
  0.20357530E+01 -0.45840616E+01
  0.20458508E+01 -0.45877651E+01
  0.20559486E+01 -0.45916426E+01
  0.20660464E+01 -0.45956988E+01
  0.20761442E+01 -0.45999458E+01
  0.20862420E+01 -0.46044030E+01
  0.20963398E+01 -0.46090956E+01
  0.21064377E+01 -0.46140530E+01
  0.21165355E+01 -0.46193077E+01
  0.21266333E+01 -0.46248931E+01
  0.21367311E+01 -0.46308428E+01
  0.21468289E+01 -0.46371893E+01
  0.21569267E+01 -0.46439641E+01
  0.21670245E+01 -0.46511969E+01
  0.21771223E+01 -0.46589168E+01
  0.21872201E+01 -0.46671520E+01
  0.21973179E+01 -0.46759310E+01
  0.22074158E+01 -0.46852832E+01
  0.22175136E+01 -0.46952389E+01
  0.22276114E+01 -0.47058299E+01
  0.22377092E+01 -0.47170884E+01
  0.22478070E+01 -0.47290467E+01
  0.22579048E+01 -0.47417353E+01
  0.22680026E+01 -0.47551813E+01
  0.22781004E+01 -0.47694058E+01
  0.22881982E+01 -0.47844223E+01
  0.22982961E+01 -0.48002338E+01
  0.23083939E+01 -0.48168308E+01
  0.23184917E+01 -0.48341884E+01
  0.23285895E+01 -0.48522622E+01
  0.23386873E+01 -0.48709794E+01
  0.23487851E+01 -0.48902171E+01
  0.23588829E+01 -0.49097407E+01
  0.23689807E+01 -0.49289927E+01
  0.23790785E+01 -0.49461815E+01
  0.23891763E+01 -0.49545442E+01
  0.23992742E+01 -0.49455985E+01
  0.24093720E+01 -0.49269729E+01
  0.24194698E+01 -0.49052589E+01
  0.24295676E+01 -0.48822017E+01
  0.24396654E+01 -0.48583340E+01
  0.24497632E+01 -0.48338730E+01
  0.24598610E+01 -0.48089312E+01
  0.24699588E+01 -0.47835788E+01
  0.24800566E+01 -0.47578671E+01
  0.24901545E+01 -0.47318384E+01
  0.25002523E+01 -0.47055311E+01
  0.25103501E+01 -0.46789817E+01
  0.25204479E+01 -0.46522260E+01
  0.25305457E+01 -0.46252998E+01
  0.25406435E+01 -0.45982385E+01
  0.25507413E+01 -0.45710768E+01
  0.25608391E+01 -0.45438485E+01
  0.25709369E+01 -0.45165857E+01
  0.25810347E+01 -0.44893185E+01
  0.25911326E+01 -0.44620747E+01
  0.26012304E+01 -0.44348794E+01
  0.26113282E+01 -0.44077551E+01
  0.26214260E+01 -0.43807220E+01
  0.26315238E+01 -0.43537981E+01
  0.26416216E+01 -0.43269993E+01
  0.26517194E+01 -0.43003407E+01
  0.26618172E+01 -0.42738361E+01
  0.26719150E+01 -0.42474993E+01
  0.26820129E+01 -0.42213435E+01
  0.26921107E+01 -0.41953821E+01
  0.27022085E+01 -0.41696282E+01
  0.27123063E+01 -0.41440949E+01
  0.27224041E+01 -0.41187946E+01
  0.27325019E+01 -0.40937390E+01
  0.27425997E+01 -0.40689389E+01
  0.27526975E+01 -0.40444040E+01
  0.27627953E+01 -0.40201432E+01
  0.27728931E+01 -0.39961650E+01
  0.27829910E+01 -0.39724778E+01
  0.27930888E+01 -0.39490907E+01
  0.28031866E+01 -0.39260143E+01
  0.28132844E+01 -0.39032615E+01
  0.28233822E+01 -0.38808481E+01
  0.28334800E+01 -0.38587937E+01
  0.28435778E+01 -0.38371212E+01
  0.28536756E+01 -0.38158570E+01
  0.28637734E+01 -0.37950304E+01
  0.28738712E+01 -0.37746724E+01
  0.28839691E+01 -0.37548140E+01
  0.28940669E+01 -0.37354850E+01
  0.29041647E+01 -0.37167121E+01
  0.29142625E+01 -0.36985170E+01
  0.29243603E+01 -0.36809155E+01
  0.29344581E+01 -0.36639162E+01
  0.29445559E+01 -0.36475206E+01
  0.29546537E+01 -0.36317228E+01
  0.29647515E+01 -0.36165111E+01
  0.29748494E+01 -0.36018686E+01
  0.29849472E+01 -0.35877753E+01
  0.29950450E+01 -0.35742097E+01
  0.30051428E+01 -0.35611507E+01
  0.30152406E+01 -0.35485786E+01
  0.30253384E+01 -0.35364764E+01
  0.30354362E+01 -0.35248294E+01
  0.30455340E+01 -0.35136255E+01
  0.30556318E+01 -0.35028540E+01
  0.30657296E+01 -0.34925040E+01
  0.30758275E+01 -0.34825631E+01
  0.30859253E+01 -0.34730154E+01
  0.30960231E+01 -0.34638409E+01
  0.31061209E+01 -0.34550142E+01
  0.31162187E+01 -0.34465048E+01
  0.31263165E+01 -0.34382775E+01
  0.31364143E+01 -0.34302940E+01
  0.31465121E+01 -0.34225149E+01
  0.31566099E+01 -0.34149019E+01
  0.31667078E+01 -0.34074204E+01
  0.31768056E+01 -0.34000420E+01
  0.31869034E+01 -0.33927461E+01
  0.31970012E+01 -0.33855211E+01
  0.32070990E+01 -0.33783655E+01
  0.32171968E+01 -0.33712872E+01
  0.32272946E+01 -0.33643026E+01
  0.32373924E+01 -0.33574351E+01
  0.32474902E+01 -0.33507134E+01
  0.32575880E+01 -0.33441690E+01
  0.32676859E+01 -0.33378340E+01
  0.32777837E+01 -0.33317375E+01
  0.32878815E+01 -0.33259011E+01
  0.32979793E+01 -0.33203267E+01
  0.33080771E+01 -0.33149645E+01
  0.33181749E+01 -0.33096733E+01
  0.33282727E+01 -0.33044101E+01
  0.33383705E+01 -0.32994612E+01
  0.33484683E+01 -0.32950751E+01
  0.33585662E+01 -0.32913659E+01
  0.33686640E+01 -0.32884595E+01
  0.33787618E+01 -0.32866499E+01
  0.33888596E+01 -0.32864391E+01
  0.33989574E+01 -0.32880375E+01
  
  0.00000000E+00 -0.11428970E+01
  0.10097810E-01 -0.11424064E+01
  0.20195621E-01 -0.11409460E+01
  0.30293431E-01 -0.11385132E+01
  0.40391242E-01 -0.11351037E+01
  0.50489052E-01 -0.11307129E+01
  0.60586863E-01 -0.11253385E+01
  0.70684673E-01 -0.11189835E+01
  0.80782483E-01 -0.11116596E+01
  0.90880294E-01 -0.11033901E+01
  0.10097810E+00 -0.10942128E+01
  0.11107591E+00 -0.10841815E+01
  0.12117373E+00 -0.10733670E+01
  0.13127154E+00 -0.10618569E+01
  0.14136935E+00 -0.10497536E+01
  0.15146716E+00 -0.10371727E+01
  0.16156497E+00 -0.10242396E+01
  0.17166278E+00 -0.10110861E+01
  0.18176059E+00 -0.99784745E+00
  0.19185840E+00 -0.98465886E+00
  0.20195621E+00 -0.97165348E+00
  0.21205402E+00 -0.95896058E+00
  0.22215183E+00 -0.94670481E+00
  0.23224964E+00 -0.93500622E+00
  0.24234745E+00 -0.92398101E+00
  0.25244526E+00 -0.91374274E+00
  0.26254307E+00 -0.90440377E+00
  0.27264088E+00 -0.89607682E+00
  0.28273869E+00 -0.88887626E+00
  0.29283650E+00 -0.88291906E+00
  0.30293431E+00 -0.87832521E+00
  0.31303212E+00 -0.87521713E+00
  0.32312993E+00 -0.87371778E+00
  0.33322774E+00 -0.87394636E+00
  0.34332555E+00 -0.87601070E+00
  0.35342337E+00 -0.87999540E+00
  0.36352118E+00 -0.88594623E+00
  0.37361899E+00 -0.89385372E+00
  0.38371680E+00 -0.90364157E+00
  0.39381461E+00 -0.91516595E+00
  0.40391242E+00 -0.92822787E+00
  0.41401023E+00 -0.94259520E+00
  0.42410804E+00 -0.95802686E+00
  0.43420585E+00 -0.97429270E+00
  0.44430366E+00 -0.99118596E+00
  0.45440147E+00 -0.10085286E+01
  0.46449928E+00 -0.10261717E+01
  0.47459709E+00 -0.10439929E+01
  0.48469490E+00 -0.10618931E+01
  0.49479271E+00 -0.10797921E+01
  0.50489052E+00 -0.10976257E+01
  0.51498833E+00 -0.11153431E+01
  0.52508614E+00 -0.11329043E+01
  0.53518395E+00 -0.11502792E+01
  0.54528176E+00 -0.11674463E+01
  0.55537957E+00 -0.11843925E+01
  0.56547738E+00 -0.12011123E+01
  0.57557519E+00 -0.12176078E+01
  0.58567301E+00 -0.12338884E+01
  0.59577082E+00 -0.12499705E+01
  0.60586863E+00 -0.12658771E+01
  0.61596644E+00 -0.12816378E+01
  0.62606425E+00 -0.12972887E+01
  0.63616206E+00 -0.13128729E+01
  0.64625987E+00 -0.13284409E+01
  0.65635768E+00 -0.13440522E+01
  0.66645549E+00 -0.13597779E+01
  0.67655330E+00 -0.13757032E+01
  0.68665111E+00 -0.13919315E+01
  0.69674892E+00 -0.14085887E+01
  0.70684673E+00 -0.14258274E+01
  0.71694454E+00 -0.14438293E+01
  0.72704235E+00 -0.14628024E+01
  0.73714016E+00 -0.14829705E+01
  0.74723797E+00 -0.15045492E+01
  0.75733578E+00 -0.15277126E+01
  0.76743359E+00 -0.15525591E+01
  0.77753140E+00 -0.15790933E+01
  0.78762921E+00 -0.16072327E+01
  0.79772702E+00 -0.16368339E+01
  0.80782483E+00 -0.16677210E+01
  0.81792265E+00 -0.16997063E+01
  0.82802046E+00 -0.17325994E+01
  0.83811827E+00 -0.17662066E+01
  0.84821608E+00 -0.18003252E+01
  0.85831389E+00 -0.18347353E+01
  0.86841170E+00 -0.18691904E+01
  0.87850951E+00 -0.19034077E+01
  0.88860732E+00 -0.19370590E+01
  0.89870513E+00 -0.19697625E+01
  0.90880294E+00 -0.20010762E+01
  0.91890075E+00 -0.20304943E+01
  0.92899856E+00 -0.20574488E+01
  0.93909637E+00 -0.20813197E+01
  0.94919418E+00 -0.21014569E+01
  0.95929199E+00 -0.21172166E+01
  0.96938980E+00 -0.21280147E+01
  0.97948761E+00 -0.21333898E+01
  0.98958542E+00 -0.21330667E+01
  0.99968323E+00 -0.21270033E+01
  0.10097810E+01 -0.21154243E+01
  0.10198328E+01 -0.21269454E+01
  0.10298846E+01 -0.21329455E+01
  0.10399364E+01 -0.21332095E+01
  0.10499882E+01 -0.21277984E+01
  0.10600399E+01 -0.21170052E+01
  0.10700917E+01 -0.21013029E+01
  0.10801435E+01 -0.20812771E+01
  0.10901953E+01 -0.20575613E+01
  0.11002471E+01 -0.20307855E+01
  0.11102988E+01 -0.20015423E+01
  0.11203506E+01 -0.19703702E+01
  0.11304024E+01 -0.19377475E+01
  0.11404542E+01 -0.19040961E+01
  0.11505060E+01 -0.18697873E+01
  0.11605577E+01 -0.18351507E+01
  0.11706095E+01 -0.18004814E+01
  0.11806613E+01 -0.17660458E+01
  0.11907131E+01 -0.17320863E+01
  0.12007648E+01 -0.16988230E+01
  0.12108166E+01 -0.16664556E+01
  0.12208684E+01 -0.16351622E+01
  0.12309202E+01 -0.16050996E+01
  0.12409720E+01 -0.15764025E+01
  0.12510237E+01 -0.15491826E+01
  0.12610755E+01 -0.15271616E+01
  0.12711273E+01 -0.15207797E+01
  0.12811791E+01 -0.15157249E+01
  0.12912309E+01 -0.15118900E+01
  0.13012826E+01 -0.15091680E+01
  0.13113344E+01 -0.15074493E+01
  0.13213862E+01 -0.15066207E+01
  0.13314380E+01 -0.15065647E+01
  0.13414898E+01 -0.15071607E+01
  0.13515415E+01 -0.15082862E+01
  0.13615933E+01 -0.15098196E+01
  0.13716451E+01 -0.15116425E+01
  0.13816969E+01 -0.15136431E+01
  0.13917486E+01 -0.15157177E+01
  0.14018004E+01 -0.15177727E+01
  0.14118522E+01 -0.15197249E+01
  0.14219040E+01 -0.15215007E+01
  0.14319558E+01 -0.15230351E+01
  0.14420075E+01 -0.15242690E+01
  0.14520593E+01 -0.15251476E+01
  0.14621111E+01 -0.15256183E+01
  0.14721629E+01 -0.15256290E+01
  0.14822147E+01 -0.15251284E+01
  0.14922664E+01 -0.15240660E+01
  0.15023182E+01 -0.15223934E+01
  0.15123700E+01 -0.15200667E+01
  0.15224218E+01 -0.15170478E+01
  0.15324736E+01 -0.15133065E+01
  0.15425253E+01 -0.15088218E+01
  0.15525771E+01 -0.15035816E+01
  0.15626289E+01 -0.14975824E+01
  0.15726807E+01 -0.14908279E+01
  0.15827325E+01 -0.14833264E+01
  0.15927842E+01 -0.14750895E+01
  0.16028360E+01 -0.14661297E+01
  0.16128878E+01 -0.14564596E+01
  0.16229396E+01 -0.14460919E+01
  0.16329913E+01 -0.14350406E+01
  0.16430431E+01 -0.14233228E+01
  0.16530949E+01 -0.14109617E+01
  0.16631467E+01 -0.13979891E+01
  0.16731985E+01 -0.13844481E+01
  0.16832502E+01 -0.13703944E+01
  0.16933020E+01 -0.13558964E+01
  0.17033538E+01 -0.13410341E+01
  0.17134056E+01 -0.13258966E+01
  0.17234574E+01 -0.13105782E+01
  0.17335091E+01 -0.12951748E+01
  0.17435609E+01 -0.12797796E+01
  0.17536127E+01 -0.12644802E+01
  0.17636645E+01 -0.12493568E+01
  0.17737163E+01 -0.12344818E+01
  0.17837680E+01 -0.12199214E+01
  0.17938198E+01 -0.12057377E+01
  0.18038716E+01 -0.11919921E+01
  0.18139234E+01 -0.11787478E+01
  0.18239751E+01 -0.11660728E+01
  0.18340269E+01 -0.11540397E+01
  0.18440787E+01 -0.11427259E+01
  0.18541305E+01 -0.11322105E+01
  0.18641823E+01 -0.11225709E+01
  0.18742340E+01 -0.11138782E+01
  0.18842858E+01 -0.11062490E+01
  0.18943836E+01 -0.11105554E+01
  0.19044814E+01 -0.11129971E+01
  0.19145793E+01 -0.11135118E+01
  0.19246771E+01 -0.11120950E+01
  0.19347749E+01 -0.11087684E+01
  0.19448727E+01 -0.11035831E+01
  0.19549705E+01 -0.10966219E+01
  0.19650683E+01 -0.10880016E+01
  0.19751661E+01 -0.10778749E+01
  0.19852639E+01 -0.10664324E+01
  0.19953617E+01 -0.10539035E+01
  0.20054595E+01 -0.10405579E+01
  0.20155574E+01 -0.10267055E+01
  0.20256552E+01 -0.10126950E+01
  0.20357530E+01 -0.99890771E+00
  0.20458508E+01 -0.98574688E+00
  0.20559486E+01 -0.97361801E+00
  0.20660464E+01 -0.96290296E+00
  0.20761442E+01 -0.95393092E+00
  0.20862420E+01 -0.94695304E+00
  0.20963398E+01 -0.94212699E+00
  0.21064377E+01 -0.93951402E+00
  0.21165355E+01 -0.93908733E+00
  0.21266333E+01 -0.94074744E+00
  0.21367311E+01 -0.94434049E+00
  0.21468289E+01 -0.94967609E+00
  0.21569267E+01 -0.95654287E+00
  0.21670245E+01 -0.96472086E+00
  0.21771223E+01 -0.97399059E+00
  0.21872201E+01 -0.98413903E+00
  0.21973179E+01 -0.99496310E+00
  0.22074158E+01 -0.10062713E+01
  0.22175136E+01 -0.10178838E+01
  0.22276114E+01 -0.10296324E+01
  0.22377092E+01 -0.10413598E+01
  0.22478070E+01 -0.10529191E+01
  0.22579048E+01 -0.10641740E+01
  0.22680026E+01 -0.10749986E+01
  0.22781004E+01 -0.10852788E+01
  0.22881982E+01 -0.10949123E+01
  0.22982961E+01 -0.11038106E+01
  0.23083939E+01 -0.11118988E+01
  0.23184917E+01 -0.11191168E+01
  0.23285895E+01 -0.11254188E+01
  0.23386873E+01 -0.11307724E+01
  0.23487851E+01 -0.11351573E+01
  0.23588829E+01 -0.11385631E+01
  0.23689807E+01 -0.11409869E+01
  0.23790785E+01 -0.11424303E+01
  0.23891763E+01 -0.11428970E+01
  0.23992742E+01 -0.11424064E+01
  0.24093720E+01 -0.11409460E+01
  0.24194698E+01 -0.11385132E+01
  0.24295676E+01 -0.11351037E+01
  0.24396654E+01 -0.11307129E+01
  0.24497632E+01 -0.11253385E+01
  0.24598610E+01 -0.11189835E+01
  0.24699588E+01 -0.11116596E+01
  0.24800566E+01 -0.11033901E+01
  0.24901545E+01 -0.10942128E+01
  0.25002523E+01 -0.10841815E+01
  0.25103501E+01 -0.10733670E+01
  0.25204479E+01 -0.10618569E+01
  0.25305457E+01 -0.10497536E+01
  0.25406435E+01 -0.10371727E+01
  0.25507413E+01 -0.10242396E+01
  0.25608391E+01 -0.10110861E+01
  0.25709369E+01 -0.99784745E+00
  0.25810347E+01 -0.98465886E+00
  0.25911326E+01 -0.97165348E+00
  0.26012304E+01 -0.95896058E+00
  0.26113282E+01 -0.94670481E+00
  0.26214260E+01 -0.93500622E+00
  0.26315238E+01 -0.92398101E+00
  0.26416216E+01 -0.91374274E+00
  0.26517194E+01 -0.90440377E+00
  0.26618172E+01 -0.89607682E+00
  0.26719150E+01 -0.88887626E+00
  0.26820129E+01 -0.88291906E+00
  0.26921107E+01 -0.87832521E+00
  0.27022085E+01 -0.87521713E+00
  0.27123063E+01 -0.87371778E+00
  0.27224041E+01 -0.87394636E+00
  0.27325019E+01 -0.87601070E+00
  0.27425997E+01 -0.87999540E+00
  0.27526975E+01 -0.88594623E+00
  0.27627953E+01 -0.89385372E+00
  0.27728931E+01 -0.90364157E+00
  0.27829910E+01 -0.91516595E+00
  0.27930888E+01 -0.92822787E+00
  0.28031866E+01 -0.94259520E+00
  0.28132844E+01 -0.95802686E+00
  0.28233822E+01 -0.97429270E+00
  0.28334800E+01 -0.99118596E+00
  0.28435778E+01 -0.10085286E+01
  0.28536756E+01 -0.10261717E+01
  0.28637734E+01 -0.10439929E+01
  0.28738712E+01 -0.10618931E+01
  0.28839691E+01 -0.10797921E+01
  0.28940669E+01 -0.10976257E+01
  0.29041647E+01 -0.11153431E+01
  0.29142625E+01 -0.11329043E+01
  0.29243603E+01 -0.11502792E+01
  0.29344581E+01 -0.11674463E+01
  0.29445559E+01 -0.11843925E+01
  0.29546537E+01 -0.12011123E+01
  0.29647515E+01 -0.12176078E+01
  0.29748494E+01 -0.12338884E+01
  0.29849472E+01 -0.12499705E+01
  0.29950450E+01 -0.12658771E+01
  0.30051428E+01 -0.12816378E+01
  0.30152406E+01 -0.12972887E+01
  0.30253384E+01 -0.13128729E+01
  0.30354362E+01 -0.13284409E+01
  0.30455340E+01 -0.13440522E+01
  0.30556318E+01 -0.13597779E+01
  0.30657296E+01 -0.13757032E+01
  0.30758275E+01 -0.13919315E+01
  0.30859253E+01 -0.14085887E+01
  0.30960231E+01 -0.14258274E+01
  0.31061209E+01 -0.14438293E+01
  0.31162187E+01 -0.14628024E+01
  0.31263165E+01 -0.14829705E+01
  0.31364143E+01 -0.15045492E+01
  0.31465121E+01 -0.15277126E+01
  0.31566099E+01 -0.15525591E+01
  0.31667078E+01 -0.15790933E+01
  0.31768056E+01 -0.16072327E+01
  0.31869034E+01 -0.16368339E+01
  0.31970012E+01 -0.16677210E+01
  0.32070990E+01 -0.16997063E+01
  0.32171968E+01 -0.17325994E+01
  0.32272946E+01 -0.17662066E+01
  0.32373924E+01 -0.18003252E+01
  0.32474902E+01 -0.18347353E+01
  0.32575880E+01 -0.18691904E+01
  0.32676859E+01 -0.19034077E+01
  0.32777837E+01 -0.19370590E+01
  0.32878815E+01 -0.19697625E+01
  0.32979793E+01 -0.20010762E+01
  0.33080771E+01 -0.20304943E+01
  0.33181749E+01 -0.20574488E+01
  0.33282727E+01 -0.20813197E+01
  0.33383705E+01 -0.21014569E+01
  0.33484683E+01 -0.21172166E+01
  0.33585662E+01 -0.21280147E+01
  0.33686640E+01 -0.21333898E+01
  0.33787618E+01 -0.21330667E+01
  0.33888596E+01 -0.21270033E+01
  0.33989574E+01 -0.21154243E+01
  
  0.00000000E+00 -0.75856966E+00
  0.10097810E-01 -0.75794321E+00
  0.20195621E-01 -0.75606380E+00
  0.30293431E-01 -0.75291925E+00
  0.40391242E-01 -0.74849669E+00
  0.50489052E-01 -0.74278485E+00
  0.60586863E-01 -0.73577700E+00
  0.70684673E-01 -0.72747460E+00
  0.80782483E-01 -0.71789112E+00
  0.90880294E-01 -0.70705580E+00
  0.10097810E+00 -0.69501705E+00
  0.11107591E+00 -0.68184519E+00
  0.12117373E+00 -0.66763468E+00
  0.13127154E+00 -0.65250574E+00
  0.14136935E+00 -0.63660611E+00
  0.15146716E+00 -0.62011386E+00
  0.16156497E+00 -0.60324337E+00
  0.17166278E+00 -0.58625876E+00
  0.18176059E+00 -0.56950335E+00
  0.19185840E+00 -0.55346458E+00
  0.20195621E+00 -0.53891286E+00
  0.21205402E+00 -0.52715837E+00
  0.22215183E+00 -0.52024190E+00
  0.23224964E+00 -0.52005520E+00
  0.24234745E+00 -0.52633320E+00
  0.25244526E+00 -0.53702949E+00
  0.26254307E+00 -0.55032040E+00
  0.27264088E+00 -0.56513175E+00
  0.28273869E+00 -0.58086858E+00
  0.29283650E+00 -0.59717313E+00
  0.30293431E+00 -0.61379914E+00
  0.31303212E+00 -0.63055162E+00
  0.32312993E+00 -0.64725830E+00
  0.33322774E+00 -0.66375767E+00
  0.34332555E+00 -0.67989768E+00
  0.35342337E+00 -0.69554290E+00
  0.36352118E+00 -0.71058809E+00
  0.37361899E+00 -0.72497459E+00
  0.38371680E+00 -0.73870311E+00
  0.39381461E+00 -0.75183674E+00
  0.40391242E+00 -0.76449132E+00
  0.41401023E+00 -0.77681630E+00
  0.42410804E+00 -0.78897314E+00
  0.43420585E+00 -0.80111757E+00
  0.44430366E+00 -0.81338844E+00
  0.45440147E+00 -0.82590295E+00
  0.46449928E+00 -0.83875607E+00
  0.47459709E+00 -0.85202225E+00
  0.48469490E+00 -0.86575805E+00
  0.49479271E+00 -0.88000470E+00
  0.50489052E+00 -0.89479055E+00
  0.51498833E+00 -0.91013319E+00
  0.52508614E+00 -0.92604133E+00
  0.53518395E+00 -0.94251662E+00
  0.54528176E+00 -0.95955529E+00
  0.55537957E+00 -0.97714988E+00
  0.56547738E+00 -0.99529073E+00
  0.57557519E+00 -0.10139675E+01
  0.58567301E+00 -0.10331704E+01
  0.59577082E+00 -0.10528909E+01
  0.60586863E+00 -0.10731224E+01
  0.61596644E+00 -0.10938603E+01
  0.62606425E+00 -0.11151010E+01
  0.63616206E+00 -0.11368408E+01
  0.64625987E+00 -0.11590742E+01
  0.65635768E+00 -0.11817912E+01
  0.66645549E+00 -0.12049745E+01
  0.67655330E+00 -0.12285959E+01
  0.68665111E+00 -0.12526120E+01
  0.69674892E+00 -0.12769604E+01
  0.70684673E+00 -0.13015561E+01
  0.71694454E+00 -0.13262894E+01
  0.72704235E+00 -0.13510291E+01
  0.73714016E+00 -0.13756333E+01
  0.74723797E+00 -0.13999731E+01
  0.75733578E+00 -0.14239644E+01
  0.76743359E+00 -0.14476006E+01
  0.77753140E+00 -0.14709673E+01
  0.78762921E+00 -0.14942314E+01
  0.79772702E+00 -0.15176101E+01
  0.80782483E+00 -0.15413360E+01
  0.81792265E+00 -0.15656289E+01
  0.82802046E+00 -0.15906797E+01
  0.83811827E+00 -0.16166416E+01
  0.84821608E+00 -0.16436268E+01
  0.85831389E+00 -0.16717048E+01
  0.86841170E+00 -0.17009020E+01
  0.87850951E+00 -0.17312002E+01
  0.88860732E+00 -0.17625351E+01
  0.89870513E+00 -0.17947929E+01
  0.90880294E+00 -0.18278072E+01
  0.91890075E+00 -0.18613534E+01
  0.92899856E+00 -0.18951433E+01
  0.93909637E+00 -0.19288183E+01
  0.94919418E+00 -0.19619432E+01
  0.95929199E+00 -0.19940023E+01
  0.96938980E+00 -0.20243987E+01
  0.97948761E+00 -0.20524624E+01
  0.98958542E+00 -0.20774701E+01
  0.99968323E+00 -0.20986812E+01
  0.10097810E+01 -0.21153716E+01
  0.10198328E+01 -0.20987225E+01
  0.10298846E+01 -0.20775443E+01
  0.10399364E+01 -0.20525813E+01
  0.10499882E+01 -0.20245970E+01
  0.10600399E+01 -0.19943396E+01
  0.10700917E+01 -0.19625047E+01
  0.10801435E+01 -0.19297148E+01
  0.10901953E+01 -0.18965140E+01
  0.11002471E+01 -0.18633708E+01
  0.11102988E+01 -0.18306868E+01
  0.11203506E+01 -0.17988056E+01
  0.11304024E+01 -0.17680207E+01
  0.11404542E+01 -0.17385817E+01
  0.11505060E+01 -0.17106967E+01
  0.11605577E+01 -0.16845335E+01
  0.11706095E+01 -0.16602190E+01
  0.11806613E+01 -0.16378389E+01
  0.11907131E+01 -0.16174382E+01
  0.12007648E+01 -0.15990240E+01
  0.12108166E+01 -0.15825693E+01
  0.12208684E+01 -0.15680192E+01
  0.12309202E+01 -0.15552977E+01
  0.12409720E+01 -0.15443140E+01
  0.12510237E+01 -0.15349686E+01
  0.12610755E+01 -0.15235246E+01
  0.12711273E+01 -0.14995019E+01
  0.12811791E+01 -0.14771485E+01
  0.12912309E+01 -0.14564834E+01
  0.13012826E+01 -0.14375005E+01
  0.13113344E+01 -0.14201704E+01
  0.13213862E+01 -0.14044417E+01
  0.13314380E+01 -0.13902424E+01
  0.13414898E+01 -0.13774827E+01
  0.13515415E+01 -0.13660579E+01
  0.13615933E+01 -0.13558528E+01
  0.13716451E+01 -0.13467453E+01
  0.13816969E+01 -0.13386110E+01
  0.13917486E+01 -0.13313269E+01
  0.14018004E+01 -0.13247747E+01
  0.14118522E+01 -0.13188424E+01
  0.14219040E+01 -0.13134261E+01
  0.14319558E+01 -0.13084297E+01
  0.14420075E+01 -0.13037646E+01
  0.14520593E+01 -0.12993483E+01
  0.14621111E+01 -0.12951036E+01
  0.14721629E+01 -0.12909569E+01
  0.14822147E+01 -0.12868382E+01
  0.14922664E+01 -0.12826803E+01
  0.15023182E+01 -0.12784202E+01
  0.15123700E+01 -0.12739995E+01
  0.15224218E+01 -0.12693662E+01
  0.15324736E+01 -0.12644762E+01
  0.15425253E+01 -0.12592946E+01
  0.15525771E+01 -0.12537962E+01
  0.15626289E+01 -0.12479660E+01
  0.15726807E+01 -0.12417979E+01
  0.15827325E+01 -0.12352941E+01
  0.15927842E+01 -0.12284625E+01
  0.16028360E+01 -0.12213161E+01
  0.16128878E+01 -0.12138708E+01
  0.16229396E+01 -0.12061452E+01
  0.16329913E+01 -0.11981613E+01
  0.16430431E+01 -0.11899457E+01
  0.16530949E+01 -0.11815316E+01
  0.16631467E+01 -0.11729622E+01
  0.16731985E+01 -0.11642923E+01
  0.16832502E+01 -0.11555904E+01
  0.16933020E+01 -0.11469392E+01
  0.17033538E+01 -0.11384340E+01
  0.17134056E+01 -0.11301797E+01
  0.17234574E+01 -0.11222866E+01
  0.17335091E+01 -0.11148650E+01
  0.17435609E+01 -0.11080200E+01
  0.17536127E+01 -0.11018466E+01
  0.17636645E+01 -0.10964271E+01
  0.17737163E+01 -0.10918296E+01
  0.17837680E+01 -0.10881087E+01
  0.17938198E+01 -0.10853080E+01
  0.18038716E+01 -0.10834632E+01
  0.18139234E+01 -0.10826054E+01
  0.18239751E+01 -0.10827630E+01
  0.18340269E+01 -0.10839630E+01
  0.18440787E+01 -0.10862299E+01
  0.18541305E+01 -0.10895837E+01
  0.18641823E+01 -0.10940360E+01
  0.18742340E+01 -0.10995869E+01
  0.18842858E+01 -0.11061660E+01
  0.18943836E+01 -0.11000068E+01
  0.19044814E+01 -0.10920304E+01
  0.19145793E+01 -0.10823543E+01
  0.19246771E+01 -0.10710765E+01
  0.19347749E+01 -0.10583085E+01
  0.19448727E+01 -0.10441739E+01
  0.19549705E+01 -0.10288074E+01
  0.19650683E+01 -0.10123522E+01
  0.19751661E+01 -0.99495776E+00
  0.19852639E+01 -0.97677452E+00
  0.19953617E+01 -0.95794830E+00
  0.20054595E+01 -0.93861234E+00
  0.20155574E+01 -0.91887853E+00
  0.20256552E+01 -0.89882896E+00
  0.20357530E+01 -0.87850997E+00
  0.20458508E+01 -0.85793163E+00
  0.20559486E+01 -0.83707500E+00
  0.20660464E+01 -0.81590770E+00
  0.20761442E+01 -0.79440497E+00
  0.20862420E+01 -0.77257111E+00
  0.20963398E+01 -0.75045641E+00
  0.21064377E+01 -0.72816845E+00
  0.21165355E+01 -0.70588078E+00
  0.21266333E+01 -0.68384560E+00
  0.21367311E+01 -0.66241947E+00
  0.21468289E+01 -0.64211340E+00
  0.21569267E+01 -0.62367918E+00
  0.21670245E+01 -0.60821989E+00
  0.21771223E+01 -0.59720112E+00
  0.21872201E+01 -0.59202699E+00
  0.21973179E+01 -0.59309502E+00
  0.22074158E+01 -0.59937753E+00
  0.22175136E+01 -0.60920635E+00
  0.22276114E+01 -0.62113033E+00
  0.22377092E+01 -0.63414328E+00
  0.22478070E+01 -0.64758735E+00
  0.22579048E+01 -0.66102389E+00
  0.22680026E+01 -0.67414550E+00
  0.22781004E+01 -0.68672508E+00
  0.22881982E+01 -0.69858787E+00
  0.22982961E+01 -0.70959608E+00
  0.23083939E+01 -0.71964051E+00
  0.23184917E+01 -0.72863560E+00
  0.23285895E+01 -0.73651606E+00
  0.23386873E+01 -0.74323409E+00
  0.23487851E+01 -0.74875653E+00
  0.23588829E+01 -0.75306190E+00
  0.23689807E+01 -0.75613722E+00
  0.23790785E+01 -0.75797486E+00
  0.23891763E+01 -0.75856966E+00
  0.23992742E+01 -0.75794321E+00
  0.24093720E+01 -0.75606380E+00
  0.24194698E+01 -0.75291925E+00
  0.24295676E+01 -0.74849669E+00
  0.24396654E+01 -0.74278485E+00
  0.24497632E+01 -0.73577700E+00
  0.24598610E+01 -0.72747460E+00
  0.24699588E+01 -0.71789112E+00
  0.24800566E+01 -0.70705580E+00
  0.24901545E+01 -0.69501705E+00
  0.25002523E+01 -0.68184519E+00
  0.25103501E+01 -0.66763468E+00
  0.25204479E+01 -0.65250574E+00
  0.25305457E+01 -0.63660611E+00
  0.25406435E+01 -0.62011386E+00
  0.25507413E+01 -0.60324337E+00
  0.25608391E+01 -0.58625876E+00
  0.25709369E+01 -0.56950335E+00
  0.25810347E+01 -0.55346458E+00
  0.25911326E+01 -0.53891286E+00
  0.26012304E+01 -0.52715837E+00
  0.26113282E+01 -0.52024190E+00
  0.26214260E+01 -0.52005520E+00
  0.26315238E+01 -0.52633320E+00
  0.26416216E+01 -0.53702949E+00
  0.26517194E+01 -0.55032040E+00
  0.26618172E+01 -0.56513175E+00
  0.26719150E+01 -0.58086858E+00
  0.26820129E+01 -0.59717313E+00
  0.26921107E+01 -0.61379914E+00
  0.27022085E+01 -0.63055162E+00
  0.27123063E+01 -0.64725830E+00
  0.27224041E+01 -0.66375767E+00
  0.27325019E+01 -0.67989768E+00
  0.27425997E+01 -0.69554290E+00
  0.27526975E+01 -0.71058809E+00
  0.27627953E+01 -0.72497459E+00
  0.27728931E+01 -0.73870311E+00
  0.27829910E+01 -0.75183674E+00
  0.27930888E+01 -0.76449132E+00
  0.28031866E+01 -0.77681630E+00
  0.28132844E+01 -0.78897314E+00
  0.28233822E+01 -0.80111757E+00
  0.28334800E+01 -0.81338844E+00
  0.28435778E+01 -0.82590295E+00
  0.28536756E+01 -0.83875607E+00
  0.28637734E+01 -0.85202225E+00
  0.28738712E+01 -0.86575805E+00
  0.28839691E+01 -0.88000470E+00
  0.28940669E+01 -0.89479055E+00
  0.29041647E+01 -0.91013319E+00
  0.29142625E+01 -0.92604133E+00
  0.29243603E+01 -0.94251662E+00
  0.29344581E+01 -0.95955529E+00
  0.29445559E+01 -0.97714988E+00
  0.29546537E+01 -0.99529073E+00
  0.29647515E+01 -0.10139675E+01
  0.29748494E+01 -0.10331704E+01
  0.29849472E+01 -0.10528909E+01
  0.29950450E+01 -0.10731224E+01
  0.30051428E+01 -0.10938603E+01
  0.30152406E+01 -0.11151010E+01
  0.30253384E+01 -0.11368408E+01
  0.30354362E+01 -0.11590742E+01
  0.30455340E+01 -0.11817912E+01
  0.30556318E+01 -0.12049745E+01
  0.30657296E+01 -0.12285959E+01
  0.30758275E+01 -0.12526120E+01
  0.30859253E+01 -0.12769604E+01
  0.30960231E+01 -0.13015561E+01
  0.31061209E+01 -0.13262894E+01
  0.31162187E+01 -0.13510291E+01
  0.31263165E+01 -0.13756333E+01
  0.31364143E+01 -0.13999731E+01
  0.31465121E+01 -0.14239644E+01
  0.31566099E+01 -0.14476006E+01
  0.31667078E+01 -0.14709673E+01
  0.31768056E+01 -0.14942314E+01
  0.31869034E+01 -0.15176101E+01
  0.31970012E+01 -0.15413360E+01
  0.32070990E+01 -0.15656289E+01
  0.32171968E+01 -0.15906797E+01
  0.32272946E+01 -0.16166416E+01
  0.32373924E+01 -0.16436268E+01
  0.32474902E+01 -0.16717048E+01
  0.32575880E+01 -0.17009020E+01
  0.32676859E+01 -0.17312002E+01
  0.32777837E+01 -0.17625351E+01
  0.32878815E+01 -0.17947929E+01
  0.32979793E+01 -0.18278072E+01
  0.33080771E+01 -0.18613534E+01
  0.33181749E+01 -0.18951433E+01
  0.33282727E+01 -0.19288183E+01
  0.33383705E+01 -0.19619432E+01
  0.33484683E+01 -0.19940023E+01
  0.33585662E+01 -0.20243987E+01
  0.33686640E+01 -0.20524624E+01
  0.33787618E+01 -0.20774701E+01
  0.33888596E+01 -0.20986812E+01
  0.33989574E+01 -0.21153716E+01
  
  0.00000000E+00 -0.27423021E+00
  0.10097810E-01 -0.27480180E+00
  0.20195621E-01 -0.27638190E+00
  0.30293431E-01 -0.27892571E+00
  0.40391242E-01 -0.28238563E+00
  0.50489052E-01 -0.28671301E+00
  0.60586863E-01 -0.29185985E+00
  0.70684673E-01 -0.29778024E+00
  0.80782483E-01 -0.30443149E+00
  0.90880294E-01 -0.31177455E+00
  0.10097810E+00 -0.31977392E+00
  0.11107591E+00 -0.32839675E+00
  0.12117373E+00 -0.33761106E+00
  0.13127154E+00 -0.34738302E+00
  0.14136935E+00 -0.35767284E+00
  0.15146716E+00 -0.36842843E+00
  0.16156497E+00 -0.37957515E+00
  0.17166278E+00 -0.39099794E+00
  0.18176059E+00 -0.40250722E+00
  0.19185840E+00 -0.41377007E+00
  0.20195621E+00 -0.42416806E+00
  0.21205402E+00 -0.43253815E+00
  0.22215183E+00 -0.43698052E+00
  0.23224964E+00 -0.43573766E+00
  0.24234745E+00 -0.42920197E+00
  0.25244526E+00 -0.41954020E+00
  0.26254307E+00 -0.40868855E+00
  0.27264088E+00 -0.39782390E+00
  0.28273869E+00 -0.38763062E+00
  0.29283650E+00 -0.37853713E+00
  0.30293431E+00 -0.37083472E+00
  0.31303212E+00 -0.36473014E+00
  0.32312993E+00 -0.36036731E+00
  0.33322774E+00 -0.35783522E+00
  0.34332555E+00 -0.35717081E+00
  0.35342337E+00 -0.35836083E+00
  0.36352118E+00 -0.36134535E+00
  0.37361899E+00 -0.36602360E+00
  0.38371680E+00 -0.37226206E+00
  0.39381461E+00 -0.37990385E+00
  0.40391242E+00 -0.38877838E+00
  0.41401023E+00 -0.39871001E+00
  0.42410804E+00 -0.40952508E+00
  0.43420585E+00 -0.42105691E+00
  0.44430366E+00 -0.43314894E+00
  0.45440147E+00 -0.44565630E+00
  0.46449928E+00 -0.45844631E+00
  0.47459709E+00 -0.47139842E+00
  0.48469490E+00 -0.48440386E+00
  0.49479271E+00 -0.49736531E+00
  0.50489052E+00 -0.51019663E+00
  0.51498833E+00 -0.52282267E+00
  0.52508614E+00 -0.53517912E+00
  0.53518395E+00 -0.54721225E+00
  0.54528176E+00 -0.55887850E+00
  0.55537957E+00 -0.57014378E+00
  0.56547738E+00 -0.58098257E+00
  0.57557519E+00 -0.59137666E+00
  0.58567301E+00 -0.60131386E+00
  0.59577082E+00 -0.61078650E+00
  0.60586863E+00 -0.61979014E+00
  0.61596644E+00 -0.62832248E+00
  0.62606425E+00 -0.63638263E+00
  0.63616206E+00 -0.64397088E+00
  0.64625987E+00 -0.65108900E+00
  0.65635768E+00 -0.65774095E+00
  0.66645549E+00 -0.66393398E+00
  0.67655330E+00 -0.66967994E+00
  0.68665111E+00 -0.67499647E+00
  0.69674892E+00 -0.67990806E+00
  0.70684673E+00 -0.68444664E+00
  0.71694454E+00 -0.68865147E+00
  0.72704235E+00 -0.69256856E+00
  0.73714016E+00 -0.69624918E+00
  0.74723797E+00 -0.69974791E+00
  0.75733578E+00 -0.70312016E+00
  0.76743359E+00 -0.70641936E+00
  0.77753140E+00 -0.70969422E+00
  0.78762921E+00 -0.71298614E+00
  0.79772702E+00 -0.71632698E+00
  0.80782483E+00 -0.71973754E+00
  0.81792265E+00 -0.72322665E+00
  0.82802046E+00 -0.72679100E+00
  0.83811827E+00 -0.73041551E+00
  0.84821608E+00 -0.73407430E+00
  0.85831389E+00 -0.73773188E+00
  0.86841170E+00 -0.74134450E+00
  0.87850951E+00 -0.74486156E+00
  0.88860732E+00 -0.74822677E+00
  0.89870513E+00 -0.75137927E+00
  0.90880294E+00 -0.75425448E+00
  0.91890075E+00 -0.75678475E+00
  0.92899856E+00 -0.75889997E+00
  0.93909637E+00 -0.76052796E+00
  0.94919418E+00 -0.76159496E+00
  0.95929199E+00 -0.76202595E+00
  0.96938980E+00 -0.76174508E+00
  0.97948761E+00 -0.76067607E+00
  0.98958542E+00 -0.75874264E+00
  0.99968323E+00 -0.75586892E+00
  0.10097810E+01 -0.75198193E+00
  0.10198328E+01 -0.75582195E+00
  0.10298846E+01 -0.75864219E+00
  0.10399364E+01 -0.76052185E+00
  0.10499882E+01 -0.76154274E+00
  0.10600399E+01 -0.76178489E+00
  0.10700917E+01 -0.76132412E+00
  0.10801435E+01 -0.76023005E+00
  0.10901953E+01 -0.75856481E+00
  0.11002471E+01 -0.75638262E+00
  0.11102988E+01 -0.75373001E+00
  0.11203506E+01 -0.75064673E+00
  0.11304024E+01 -0.74716701E+00
  0.11404542E+01 -0.74332079E+00
  0.11505060E+01 -0.73913480E+00
  0.11605577E+01 -0.73463306E+00
  0.11706095E+01 -0.72983664E+00
  0.11806613E+01 -0.72476270E+00
  0.11907131E+01 -0.71942296E+00
  0.12007648E+01 -0.71382165E+00
  0.12108166E+01 -0.70795361E+00
  0.12208684E+01 -0.70180274E+00
  0.12309202E+01 -0.69534135E+00
  0.12409720E+01 -0.68853068E+00
  0.12510237E+01 -0.68132283E+00
  0.12610755E+01 -0.67366401E+00
  0.12711273E+01 -0.66549892E+00
  0.12811791E+01 -0.65677580E+00
  0.12912309E+01 -0.64745161E+00
  0.13012826E+01 -0.63749660E+00
  0.13113344E+01 -0.62689784E+00
  0.13213862E+01 -0.61566103E+00
  0.13314380E+01 -0.60381050E+00
  0.13414898E+01 -0.59138743E+00
  0.13515415E+01 -0.57844656E+00
  0.13615933E+01 -0.56505201E+00
  0.13716451E+01 -0.55127286E+00
  0.13816969E+01 -0.53717917E+00
  0.13917486E+01 -0.52283886E+00
  0.14018004E+01 -0.50831581E+00
  0.14118522E+01 -0.49366922E+00
  0.14219040E+01 -0.47895396E+00
  0.14319558E+01 -0.46422163E+00
  0.14420075E+01 -0.44952184E+00
  0.14520593E+01 -0.43490332E+00
  0.14621111E+01 -0.42041443E+00
  0.14721629E+01 -0.40610290E+00
  0.14822147E+01 -0.39201477E+00
  0.14922664E+01 -0.37819257E+00
  0.15023182E+01 -0.36467316E+00
  0.15123700E+01 -0.35148538E+00
  0.15224218E+01 -0.33864820E+00
  0.15324736E+01 -0.32616937E+00
  0.15425253E+01 -0.31404515E+00
  0.15525771E+01 -0.30226099E+00
  0.15626289E+01 -0.29079322E+00
  0.15726807E+01 -0.27961149E+00
  0.15827325E+01 -0.26868161E+00
  0.15927842E+01 -0.25796844E+00
  0.16028360E+01 -0.24743828E+00
  0.16128878E+01 -0.23706050E+00
  0.16229396E+01 -0.22680812E+00
  0.16329913E+01 -0.21665727E+00
  0.16430431E+01 -0.20658566E+00
  0.16530949E+01 -0.19657040E+00
  0.16631467E+01 -0.18658563E+00
  0.16731985E+01 -0.17660053E+00
  0.16832502E+01 -0.16657815E+00
  0.16933020E+01 -0.15647546E+00
  0.17033538E+01 -0.14624487E+00
  0.17134056E+01 -0.13583697E+00
  0.17234574E+01 -0.12520428E+00
  0.17335091E+01 -0.11430533E+00
  0.17435609E+01 -0.10310848E+00
  0.17536127E+01 -0.91594686E-01
  0.17636645E+01 -0.79758744E-01
  0.17737163E+01 -0.67608829E-01
  0.17837680E+01 -0.55164377E-01
  0.17938198E+01 -0.42452868E-01
  0.18038716E+01 -0.29506197E-01
  0.18139234E+01 -0.16357466E-01
  0.18239751E+01 -0.30388819E-02
  0.18340269E+01  0.10418784E-01
  0.18440787E+01  0.23985121E-01
  0.18541305E+01  0.37627694E-01
  0.18641823E+01  0.51308981E-01
  0.18742340E+01  0.64983441E-01
  0.18842858E+01  0.78537198E-01
  0.18943836E+01  0.60004322E-01
  0.19044814E+01  0.41070107E-01
  0.19145793E+01  0.21795343E-01
  0.19246771E+01  0.22017682E-02
  0.19347749E+01 -0.17683980E-01
  0.19448727E+01 -0.37829340E-01
  0.19549705E+01 -0.58195187E-01
  0.19650683E+01 -0.78735693E-01
  0.19751661E+01 -0.99398785E-01
  0.19852639E+01 -0.12012720E+00
  0.19953617E+01 -0.14086017E+00
  0.20054595E+01 -0.16153560E+00
  0.20155574E+01 -0.18209270E+00
  0.20256552E+01 -0.20247483E+00
  0.20357530E+01 -0.22263238E+00
  0.20458508E+01 -0.24252507E+00
  0.20559486E+01 -0.26212349E+00
  0.20660464E+01 -0.28140896E+00
  0.20761442E+01 -0.30037125E+00
  0.20862420E+01 -0.31900351E+00
  0.20963398E+01 -0.33729387E+00
  0.21064377E+01 -0.35521311E+00
  0.21165355E+01 -0.37269732E+00
  0.21266333E+01 -0.38962318E+00
  0.21367311E+01 -0.40577048E+00
  0.21468289E+01 -0.42076278E+00
  0.21569267E+01 -0.43397488E+00
  0.21670245E+01 -0.44441861E+00
  0.21771223E+01 -0.45072943E+00
  0.21872201E+01 -0.45158890E+00
  0.21973179E+01 -0.44666850E+00
  0.22074158E+01 -0.43704672E+00
  0.22175136E+01 -0.42442297E+00
  0.22276114E+01 -0.41025915E+00
  0.22377092E+01 -0.39555156E+00
  0.22478070E+01 -0.38092845E+00
  0.22579048E+01 -0.36678158E+00
  0.22680026E+01 -0.35335766E+00
  0.22781004E+01 -0.34081382E+00
  0.22881982E+01 -0.32925070E+00
  0.22982961E+01 -0.31873266E+00
  0.23083939E+01 -0.30930049E+00
  0.23184917E+01 -0.30097950E+00
  0.23285895E+01 -0.29378452E+00
  0.23386873E+01 -0.28772272E+00
  0.23487851E+01 -0.28279496E+00
  0.23588829E+01 -0.27899620E+00
  0.23689807E+01 -0.27631530E+00
  0.23790785E+01 -0.27473470E+00
  0.23891763E+01 -0.27423021E+00
  0.23992742E+01 -0.27480180E+00
  0.24093720E+01 -0.27638190E+00
  0.24194698E+01 -0.27892571E+00
  0.24295676E+01 -0.28238563E+00
  0.24396654E+01 -0.28671301E+00
  0.24497632E+01 -0.29185985E+00
  0.24598610E+01 -0.29778024E+00
  0.24699588E+01 -0.30443149E+00
  0.24800566E+01 -0.31177455E+00
  0.24901545E+01 -0.31977392E+00
  0.25002523E+01 -0.32839675E+00
  0.25103501E+01 -0.33761106E+00
  0.25204479E+01 -0.34738302E+00
  0.25305457E+01 -0.35767284E+00
  0.25406435E+01 -0.36842843E+00
  0.25507413E+01 -0.37957515E+00
  0.25608391E+01 -0.39099794E+00
  0.25709369E+01 -0.40250722E+00
  0.25810347E+01 -0.41377007E+00
  0.25911326E+01 -0.42416806E+00
  0.26012304E+01 -0.43253815E+00
  0.26113282E+01 -0.43698052E+00
  0.26214260E+01 -0.43573766E+00
  0.26315238E+01 -0.42920197E+00
  0.26416216E+01 -0.41954020E+00
  0.26517194E+01 -0.40868855E+00
  0.26618172E+01 -0.39782390E+00
  0.26719150E+01 -0.38763062E+00
  0.26820129E+01 -0.37853713E+00
  0.26921107E+01 -0.37083472E+00
  0.27022085E+01 -0.36473014E+00
  0.27123063E+01 -0.36036731E+00
  0.27224041E+01 -0.35783522E+00
  0.27325019E+01 -0.35717081E+00
  0.27425997E+01 -0.35836083E+00
  0.27526975E+01 -0.36134535E+00
  0.27627953E+01 -0.36602360E+00
  0.27728931E+01 -0.37226206E+00
  0.27829910E+01 -0.37990385E+00
  0.27930888E+01 -0.38877838E+00
  0.28031866E+01 -0.39871001E+00
  0.28132844E+01 -0.40952508E+00
  0.28233822E+01 -0.42105691E+00
  0.28334800E+01 -0.43314894E+00
  0.28435778E+01 -0.44565630E+00
  0.28536756E+01 -0.45844631E+00
  0.28637734E+01 -0.47139842E+00
  0.28738712E+01 -0.48440386E+00
  0.28839691E+01 -0.49736531E+00
  0.28940669E+01 -0.51019663E+00
  0.29041647E+01 -0.52282267E+00
  0.29142625E+01 -0.53517912E+00
  0.29243603E+01 -0.54721225E+00
  0.29344581E+01 -0.55887850E+00
  0.29445559E+01 -0.57014378E+00
  0.29546537E+01 -0.58098257E+00
  0.29647515E+01 -0.59137666E+00
  0.29748494E+01 -0.60131386E+00
  0.29849472E+01 -0.61078650E+00
  0.29950450E+01 -0.61979014E+00
  0.30051428E+01 -0.62832248E+00
  0.30152406E+01 -0.63638263E+00
  0.30253384E+01 -0.64397088E+00
  0.30354362E+01 -0.65108900E+00
  0.30455340E+01 -0.65774095E+00
  0.30556318E+01 -0.66393398E+00
  0.30657296E+01 -0.66967994E+00
  0.30758275E+01 -0.67499647E+00
  0.30859253E+01 -0.67990806E+00
  0.30960231E+01 -0.68444664E+00
  0.31061209E+01 -0.68865147E+00
  0.31162187E+01 -0.69256856E+00
  0.31263165E+01 -0.69624918E+00
  0.31364143E+01 -0.69974791E+00
  0.31465121E+01 -0.70312016E+00
  0.31566099E+01 -0.70641936E+00
  0.31667078E+01 -0.70969422E+00
  0.31768056E+01 -0.71298614E+00
  0.31869034E+01 -0.71632698E+00
  0.31970012E+01 -0.71973754E+00
  0.32070990E+01 -0.72322665E+00
  0.32171968E+01 -0.72679100E+00
  0.32272946E+01 -0.73041551E+00
  0.32373924E+01 -0.73407430E+00
  0.32474902E+01 -0.73773188E+00
  0.32575880E+01 -0.74134450E+00
  0.32676859E+01 -0.74486156E+00
  0.32777837E+01 -0.74822677E+00
  0.32878815E+01 -0.75137927E+00
  0.32979793E+01 -0.75425448E+00
  0.33080771E+01 -0.75678475E+00
  0.33181749E+01 -0.75889997E+00
  0.33282727E+01 -0.76052796E+00
  0.33383705E+01 -0.76159496E+00
  0.33484683E+01 -0.76202595E+00
  0.33585662E+01 -0.76174508E+00
  0.33686640E+01 -0.76067607E+00
  0.33787618E+01 -0.75874264E+00
  0.33888596E+01 -0.75586892E+00
  0.33989574E+01 -0.75198193E+00
  
  0.00000000E+00  0.60765149E+00
  0.10097810E-01  0.60671660E+00
  0.20195621E-01  0.60396715E+00
  0.30293431E-01  0.59944550E+00
  0.40391242E-01  0.59338329E+00
  0.50489052E-01  0.58611974E+00
  0.60586863E-01  0.57799610E+00
  0.70684673E-01  0.56929627E+00
  0.80782483E-01  0.56023474E+00
  0.90880294E-01  0.55096589E+00
  0.10097810E+00  0.54159695E+00
  0.11107591E+00  0.53219805E+00
  0.12117373E+00  0.52280854E+00
  0.13127154E+00  0.51344006E+00
  0.14136935E+00  0.50407737E+00
  0.15146716E+00  0.49467770E+00
  0.16156497E+00  0.48516965E+00
  0.17166278E+00  0.47545299E+00
  0.18176059E+00  0.46540131E+00
  0.19185840E+00  0.45486981E+00
  0.20195621E+00  0.44371013E+00
  0.21205402E+00  0.43179163E+00
  0.22215183E+00  0.41902489E+00
  0.23224964E+00  0.40537987E+00
  0.24234745E+00  0.39089261E+00
  0.25244526E+00  0.37565956E+00
  0.26254307E+00  0.35982382E+00
  0.27264088E+00  0.34355925E+00
  0.28273869E+00  0.32705590E+00
  0.29283650E+00  0.31050814E+00
  0.30293431E+00  0.29410486E+00
  0.31303212E+00  0.27802123E+00
  0.32312993E+00  0.26241165E+00
  0.33322774E+00  0.24740409E+00
  0.34332555E+00  0.23309636E+00
  0.35342337E+00  0.21955483E+00
  0.36352118E+00  0.20681591E+00
  0.37361899E+00  0.19488991E+00
  0.38371680E+00  0.18376666E+00
  0.39381461E+00  0.17342187E+00
  0.40391242E+00  0.16382298E+00
  0.41401023E+00  0.15493397E+00
  0.42410804E+00  0.14671846E+00
  0.43420585E+00  0.13914140E+00
  0.44430366E+00  0.13216943E+00
  0.45440147E+00  0.12577062E+00
  0.46449928E+00  0.11991387E+00
  0.47459709E+00  0.11456849E+00
  0.48469490E+00  0.10970390E+00
  0.49479271E+00  0.10528981E+00
  0.50489052E+00  0.10129656E+00
  0.51498833E+00  0.97695727E-01
  0.52508614E+00  0.94460748E-01
  0.53518395E+00  0.91567434E-01
  0.54528176E+00  0.88994274E-01
  0.55537957E+00  0.86722311E-01
  0.56547738E+00  0.84734376E-01
  0.57557519E+00  0.83013257E-01
  0.58567301E+00  0.81537870E-01
  0.59577082E+00  0.80274997E-01
  0.60586863E+00  0.79159108E-01
  0.61596644E+00  0.78032591E-01
  0.62606425E+00  0.76417535E-01
  0.63616206E+00  0.72414619E-01
  0.64625987E+00  0.60351845E-01
  0.65635768E+00  0.39813762E-01
  0.66645549E+00  0.15891683E-01
  0.67655330E+00 -0.96371905E-02
  0.68665111E+00 -0.36277406E-01
  0.69674892E+00 -0.63823105E-01
  0.70684673E+00 -0.92147854E-01
  0.71694454E+00 -0.12114903E+00
  0.72704235E+00 -0.15072916E+00
  0.73714016E+00 -0.18078842E+00
  0.74723797E+00 -0.21122124E+00
  0.75733578E+00 -0.24191473E+00
  0.76743359E+00 -0.27274805E+00
  0.77753140E+00 -0.30359250E+00
  0.78762921E+00 -0.33431214E+00
  0.79772702E+00 -0.36476502E+00
  0.80782483E+00 -0.39480492E+00
  0.81792265E+00 -0.42428377E+00
  0.82802046E+00 -0.45305441E+00
  0.83811827E+00 -0.48097380E+00
  0.84821608E+00 -0.50790633E+00
  0.85831389E+00 -0.53372699E+00
  0.86841170E+00 -0.55832436E+00
  0.87850951E+00 -0.58160289E+00
  0.88860732E+00 -0.60348460E+00
  0.89870513E+00 -0.62391008E+00
  0.90880294E+00 -0.64283861E+00
  0.91890075E+00 -0.66024772E+00
  0.92899856E+00 -0.67613207E+00
  0.93909637E+00 -0.69050195E+00
  0.94919418E+00 -0.70338149E+00
  0.95929199E+00 -0.71480665E+00
  0.96938980E+00 -0.72482329E+00
  0.97948761E+00 -0.73348530E+00
  0.98958542E+00 -0.74085287E+00
  0.99968323E+00 -0.74699114E+00
  0.10097810E+01 -0.75196691E+00
  0.10198328E+01 -0.74702810E+00
  0.10298846E+01 -0.74091798E+00
  0.10399364E+01 -0.73357457E+00
  0.10499882E+01 -0.72494281E+00
  0.10600399E+01 -0.71497618E+00
  0.10700917E+01 -0.70363612E+00
  0.10801435E+01 -0.69089101E+00
  0.10901953E+01 -0.67671522E+00
  0.11002471E+01 -0.66108871E+00
  0.11102988E+01 -0.64399760E+00
  0.11203506E+01 -0.62543601E+00
  0.11304024E+01 -0.60540917E+00
  0.11404542E+01 -0.58393762E+00
  0.11505060E+01 -0.56106170E+00
  0.11605577E+01 -0.53684562E+00
  0.11706095E+01 -0.51138013E+00
  0.11806613E+01 -0.48478308E+00
  0.11907131E+01 -0.45719761E+00
  0.12007648E+01 -0.42878792E+00
  0.12108166E+01 -0.39973356E+00
  0.12208684E+01 -0.37022296E+00
  0.12309202E+01 -0.34044744E+00
  0.12409720E+01 -0.31059644E+00
  0.12510237E+01 -0.28085455E+00
  0.12610755E+01 -0.25140024E+00
  0.12711273E+01 -0.22240573E+00
  0.12811791E+01 -0.19403717E+00
  0.12912309E+01 -0.16645397E+00
  0.13012826E+01 -0.13980634E+00
  0.13113344E+01 -0.11423055E+00
  0.13213862E+01 -0.89842335E-01
  0.13314380E+01 -0.66729372E-01
  0.13414898E+01 -0.44944909E-01
  0.13515415E+01 -0.24504417E-01
  0.13615933E+01 -0.53865776E-02
  0.13716451E+01  0.12461358E-01
  0.13816969E+01  0.29115096E-01
  0.13917486E+01  0.44663710E-01
  0.14018004E+01  0.59200880E-01
  0.14118522E+01  0.72818224E-01
  0.14219040E+01  0.85601150E-01
  0.14319558E+01  0.97626933E-01
  0.14420075E+01  0.10896435E+00
  0.14520593E+01  0.11967414E+00
  0.14621111E+01  0.12980965E+00
  0.14721629E+01  0.13941736E+00
  0.14822147E+01  0.14853697E+00
  0.14922664E+01  0.15720132E+00
  0.15023182E+01  0.16543610E+00
  0.15123700E+01  0.17325972E+00
  0.15224218E+01  0.18068342E+00
  0.15324736E+01  0.18771188E+00
  0.15425253E+01  0.19434417E+00
  0.15525771E+01  0.20057511E+00
  0.15626289E+01  0.20639679E+00
  0.15726807E+01  0.21179995E+00
  0.15827325E+01  0.21677503E+00
  0.15927842E+01  0.22131265E+00
  0.16028360E+01  0.22540347E+00
  0.16128878E+01  0.22903723E+00
  0.16229396E+01  0.23220150E+00
  0.16329913E+01  0.23487998E+00
  0.16430431E+01  0.23705104E+00
  0.16530949E+01  0.23868666E+00
  0.16631467E+01  0.23975222E+00
  0.16731985E+01  0.24020727E+00
  0.16832502E+01  0.24000740E+00
  0.16933020E+01  0.23910699E+00
  0.17033538E+01  0.23746258E+00
  0.17134056E+01  0.23503617E+00
  0.17234574E+01  0.23179804E+00
  0.17335091E+01  0.22772847E+00
  0.17435609E+01  0.22281819E+00
  0.17536127E+01  0.21706762E+00
  0.17636645E+01  0.21048541E+00
  0.17737163E+01  0.20308676E+00
  0.17837680E+01  0.19489229E+00
  0.17938198E+01  0.18592775E+00
  0.18038716E+01  0.17622472E+00
  0.18139234E+01  0.16582201E+00
  0.18239751E+01  0.15476722E+00
  0.18340269E+01  0.14311788E+00
  0.18440787E+01  0.13094146E+00
  0.18541305E+01  0.11831410E+00
  0.18641823E+01  0.10531775E+00
  0.18742340E+01  0.92036363E-01
  0.18842858E+01  0.78609874E-01
  0.18943836E+01  0.96769112E-01
  0.19044814E+01  0.11458239E+00
  0.19145793E+01  0.13199303E+00
  0.19246771E+01  0.14898699E+00
  0.19347749E+01  0.16555020E+00
  0.19448727E+01  0.18166886E+00
  0.19549705E+01  0.19733006E+00
  0.19650683E+01  0.21252243E+00
  0.19751661E+01  0.22723660E+00
  0.19852639E+01  0.24146495E+00
  0.19953617E+01  0.25520017E+00
  0.20054595E+01  0.26843113E+00
  0.20155574E+01  0.28113319E+00
  0.20256552E+01  0.29324438E+00
  0.20357530E+01  0.30460021E+00
  0.20458508E+01  0.31472775E+00
  0.20559486E+01  0.32220231E+00
  0.20660464E+01  0.32437200E+00
  0.20761442E+01  0.32203499E+00
  0.20862420E+01  0.31896753E+00
  0.20963398E+01  0.31704390E+00
  0.21064377E+01  0.31691234E+00
  0.21165355E+01  0.31880962E+00
  0.21266333E+01  0.32280378E+00
  0.21367311E+01  0.32886914E+00
  0.21468289E+01  0.33691659E+00
  0.21569267E+01  0.34681070E+00
  0.21670245E+01  0.35838230E+00
  0.21771223E+01  0.37143893E+00
  0.21872201E+01  0.38577368E+00
  0.21973179E+01  0.40117248E+00
  0.22074158E+01  0.41741987E+00
  0.22175136E+01  0.43430339E+00
  0.22276114E+01  0.45161659E+00
  0.22377092E+01  0.46916039E+00
  0.22478070E+01  0.48674172E+00
  0.22579048E+01  0.50416537E+00
  0.22680026E+01  0.52120136E+00
  0.22781004E+01  0.53743241E+00
  0.22881982E+01  0.55154249E+00
  0.22982961E+01  0.56197623E+00
  0.23083939E+01  0.57045328E+00
  0.23184917E+01  0.57806080E+00
  0.23285895E+01  0.58497830E+00
  0.23386873E+01  0.59118660E+00
  0.23487851E+01  0.59660787E+00
  0.23588829E+01  0.60113029E+00
  0.23689807E+01  0.60460793E+00
  0.23790785E+01  0.60685548E+00
  0.23891763E+01  0.60765149E+00
  0.23992742E+01  0.60671660E+00
  0.24093720E+01  0.60396715E+00
  0.24194698E+01  0.59944550E+00
  0.24295676E+01  0.59338329E+00
  0.24396654E+01  0.58611974E+00
  0.24497632E+01  0.57799610E+00
  0.24598610E+01  0.56929627E+00
  0.24699588E+01  0.56023474E+00
  0.24800566E+01  0.55096589E+00
  0.24901545E+01  0.54159695E+00
  0.25002523E+01  0.53219805E+00
  0.25103501E+01  0.52280854E+00
  0.25204479E+01  0.51344006E+00
  0.25305457E+01  0.50407737E+00
  0.25406435E+01  0.49467770E+00
  0.25507413E+01  0.48516965E+00
  0.25608391E+01  0.47545299E+00
  0.25709369E+01  0.46540131E+00
  0.25810347E+01  0.45486981E+00
  0.25911326E+01  0.44371013E+00
  0.26012304E+01  0.43179163E+00
  0.26113282E+01  0.41902489E+00
  0.26214260E+01  0.40537987E+00
  0.26315238E+01  0.39089261E+00
  0.26416216E+01  0.37565956E+00
  0.26517194E+01  0.35982382E+00
  0.26618172E+01  0.34355925E+00
  0.26719150E+01  0.32705590E+00
  0.26820129E+01  0.31050814E+00
  0.26921107E+01  0.29410486E+00
  0.27022085E+01  0.27802123E+00
  0.27123063E+01  0.26241165E+00
  0.27224041E+01  0.24740409E+00
  0.27325019E+01  0.23309636E+00
  0.27425997E+01  0.21955483E+00
  0.27526975E+01  0.20681591E+00
  0.27627953E+01  0.19488991E+00
  0.27728931E+01  0.18376666E+00
  0.27829910E+01  0.17342187E+00
  0.27930888E+01  0.16382298E+00
  0.28031866E+01  0.15493397E+00
  0.28132844E+01  0.14671846E+00
  0.28233822E+01  0.13914140E+00
  0.28334800E+01  0.13216943E+00
  0.28435778E+01  0.12577062E+00
  0.28536756E+01  0.11991387E+00
  0.28637734E+01  0.11456849E+00
  0.28738712E+01  0.10970390E+00
  0.28839691E+01  0.10528981E+00
  0.28940669E+01  0.10129656E+00
  0.29041647E+01  0.97695727E-01
  0.29142625E+01  0.94460748E-01
  0.29243603E+01  0.91567434E-01
  0.29344581E+01  0.88994274E-01
  0.29445559E+01  0.86722311E-01
  0.29546537E+01  0.84734376E-01
  0.29647515E+01  0.83013257E-01
  0.29748494E+01  0.81537870E-01
  0.29849472E+01  0.80274997E-01
  0.29950450E+01  0.79159108E-01
  0.30051428E+01  0.78032591E-01
  0.30152406E+01  0.76417535E-01
  0.30253384E+01  0.72414619E-01
  0.30354362E+01  0.60351845E-01
  0.30455340E+01  0.39813762E-01
  0.30556318E+01  0.15891683E-01
  0.30657296E+01 -0.96371905E-02
  0.30758275E+01 -0.36277406E-01
  0.30859253E+01 -0.63823105E-01
  0.30960231E+01 -0.92147854E-01
  0.31061209E+01 -0.12114903E+00
  0.31162187E+01 -0.15072916E+00
  0.31263165E+01 -0.18078842E+00
  0.31364143E+01 -0.21122124E+00
  0.31465121E+01 -0.24191473E+00
  0.31566099E+01 -0.27274805E+00
  0.31667078E+01 -0.30359250E+00
  0.31768056E+01 -0.33431214E+00
  0.31869034E+01 -0.36476502E+00
  0.31970012E+01 -0.39480492E+00
  0.32070990E+01 -0.42428377E+00
  0.32171968E+01 -0.45305441E+00
  0.32272946E+01 -0.48097380E+00
  0.32373924E+01 -0.50790633E+00
  0.32474902E+01 -0.53372699E+00
  0.32575880E+01 -0.55832436E+00
  0.32676859E+01 -0.58160289E+00
  0.32777837E+01 -0.60348460E+00
  0.32878815E+01 -0.62391008E+00
  0.32979793E+01 -0.64283861E+00
  0.33080771E+01 -0.66024772E+00
  0.33181749E+01 -0.67613207E+00
  0.33282727E+01 -0.69050195E+00
  0.33383705E+01 -0.70338149E+00
  0.33484683E+01 -0.71480665E+00
  0.33585662E+01 -0.72482329E+00
  0.33686640E+01 -0.73348530E+00
  0.33787618E+01 -0.74085287E+00
  0.33888596E+01 -0.74699114E+00
  0.33989574E+01 -0.75196691E+00
  
  0.00000000E+00  0.67336419E+00
  0.10097810E-01  0.66736506E+00
  0.20195621E-01  0.66200053E+00
  0.30293431E-01  0.65745494E+00
  0.40391242E-01  0.65351150E+00
  0.50489052E-01  0.64984812E+00
  0.60586863E-01  0.64614246E+00
  0.70684673E-01  0.64213062E+00
  0.80782483E-01  0.63761916E+00
  0.90880294E-01  0.63247647E+00
  0.10097810E+00  0.62662107E+00
  0.11107591E+00  0.62001297E+00
  0.12117373E+00  0.61264839E+00
  0.13127154E+00  0.60455675E+00
  0.14136935E+00  0.59579861E+00
  0.15146716E+00  0.58646407E+00
  0.16156497E+00  0.57667075E+00
  0.17166278E+00  0.56656109E+00
  0.18176059E+00  0.55629741E+00
  0.19185840E+00  0.54605327E+00
  0.20195621E+00  0.53599931E+00
  0.21205402E+00  0.52628400E+00
  0.22215183E+00  0.51701350E+00
  0.23224964E+00  0.50823732E+00
  0.24234745E+00  0.49994592E+00
  0.25244526E+00  0.49208063E+00
  0.26254307E+00  0.48455164E+00
  0.27264088E+00  0.47725794E+00
  0.28273869E+00  0.47010496E+00
  0.29283650E+00  0.46301748E+00
  0.30293431E+00  0.45594686E+00
  0.31303212E+00  0.44887218E+00
  0.32312993E+00  0.44179619E+00
  0.33322774E+00  0.43473765E+00
  0.34332555E+00  0.42772243E+00
  0.35342337E+00  0.42077526E+00
  0.36352118E+00  0.41391317E+00
  0.37361899E+00  0.40714116E+00
  0.38371680E+00  0.40044993E+00
  0.39381461E+00  0.39381533E+00
  0.40391242E+00  0.38719908E+00
  0.41401023E+00  0.38055052E+00
  0.42410804E+00  0.37380876E+00
  0.43420585E+00  0.36690517E+00
  0.44430366E+00  0.35976578E+00
  0.45440147E+00  0.35231349E+00
  0.46449928E+00  0.34447002E+00
  0.47459709E+00  0.33615760E+00
  0.48469490E+00  0.32730040E+00
  0.49479271E+00  0.31782576E+00
  0.50489052E+00  0.30766535E+00
  0.51498833E+00  0.29675616E+00
  0.52508614E+00  0.28504144E+00
  0.53518395E+00  0.27247157E+00
  0.54528176E+00  0.25900476E+00
  0.55537957E+00  0.24460790E+00
  0.56547738E+00  0.22925743E+00
  0.57557519E+00  0.21294092E+00
  0.58567301E+00  0.19566015E+00
  0.59577082E+00  0.17743832E+00
  0.60586863E+00  0.15833892E+00
  0.61596644E+00  0.13852420E+00
  0.62606425E+00  0.11848208E+00
  0.63616206E+00  0.10012615E+00
  0.64625987E+00  0.89146183E-01
  0.65635768E+00  0.85978416E-01
  0.66645549E+00  0.85555275E-01
  0.67655330E+00  0.86126510E-01
  0.68665111E+00  0.87227403E-01
  0.69674892E+00  0.88687425E-01
  0.70684673E+00  0.90421000E-01
  0.71694454E+00  0.92372911E-01
  0.72704235E+00  0.94500606E-01
  0.73714016E+00  0.96767570E-01
  0.74723797E+00  0.99140644E-01
  0.75733578E+00  0.10158890E+00
  0.76743359E+00  0.10408319E+00
  0.77753140E+00  0.10659599E+00
  0.78762921E+00  0.10910133E+00
  0.79772702E+00  0.11157480E+00
  0.80782483E+00  0.11399355E+00
  0.81792265E+00  0.11633632E+00
  0.82802046E+00  0.11858340E+00
  0.83811827E+00  0.12071671E+00
  0.84821608E+00  0.12271985E+00
  0.85831389E+00  0.12457820E+00
  0.86841170E+00  0.12627908E+00
  0.87850951E+00  0.12781196E+00
  0.88860732E+00  0.12916867E+00
  0.89870513E+00  0.13034373E+00
  0.90880294E+00  0.13133466E+00
  0.91890075E+00  0.13214238E+00
  0.92899856E+00  0.13277159E+00
  0.93909637E+00  0.13323124E+00
  0.94919418E+00  0.13353488E+00
  0.95929199E+00  0.13370112E+00
  0.96938980E+00  0.13375385E+00
  0.97948761E+00  0.13372231E+00
  0.98958542E+00  0.13364067E+00
  0.99968323E+00  0.13355173E+00
  0.10097810E+01  0.13351893E+00
  0.10198328E+01  0.13354996E+00
  0.10298846E+01  0.13365784E+00
  0.10399364E+01  0.13384400E+00
  0.10499882E+01  0.13410156E+00
  0.10600399E+01  0.13442651E+00
  0.10700917E+01  0.13481843E+00
  0.10801435E+01  0.13528068E+00
  0.10901953E+01  0.13582095E+00
  0.11002471E+01  0.13645204E+00
  0.11102988E+01  0.13719261E+00
  0.11203506E+01  0.13806768E+00
  0.11304024E+01  0.13910872E+00
  0.11404542E+01  0.14035299E+00
  0.11505060E+01  0.14184239E+00
  0.11605577E+01  0.14362174E+00
  0.11706095E+01  0.14573686E+00
  0.11806613E+01  0.14823272E+00
  0.11907131E+01  0.15115209E+00
  0.12007648E+01  0.15453476E+00
  0.12108166E+01  0.15841776E+00
  0.12208684E+01  0.16283637E+00
  0.12309202E+01  0.16782585E+00
  0.12409720E+01  0.17342362E+00
  0.12510237E+01  0.17967134E+00
  0.12610755E+01  0.18661639E+00
  0.12711273E+01  0.19431212E+00
  0.12811791E+01  0.20281636E+00
  0.12912309E+01  0.21218766E+00
  0.13012826E+01  0.22247926E+00
  0.13113344E+01  0.23373099E+00
  0.13213862E+01  0.24596033E+00
  0.13314380E+01  0.25915397E+00
  0.13414898E+01  0.27326218E+00
  0.13515415E+01  0.28819750E+00
  0.13615933E+01  0.30383873E+00
  0.13716451E+01  0.32003954E+00
  0.13816969E+01  0.33663987E+00
  0.13917486E+01  0.35347738E+00
  0.14018004E+01  0.37039689E+00
  0.14118522E+01  0.38725632E+00
  0.14219040E+01  0.40392899E+00
  0.14319558E+01  0.42030297E+00
  0.14420075E+01  0.43627857E+00
  0.14520593E+01  0.45176542E+00
  0.14621111E+01  0.46668000E+00
  0.14721629E+01  0.48094455E+00
  0.14822147E+01  0.49448746E+00
  0.14922664E+01  0.50724513E+00
  0.15023182E+01  0.51916486E+00
  0.15123700E+01  0.53020786E+00
  0.15224218E+01  0.54035181E+00
  0.15324736E+01  0.54959204E+00
  0.15425253E+01  0.55794091E+00
  0.15525771E+01  0.56542551E+00
  0.15626289E+01  0.57208385E+00
  0.15726807E+01  0.57796038E+00
  0.15827325E+01  0.58310149E+00
  0.15927842E+01  0.58755180E+00
  0.16028360E+01  0.59135186E+00
  0.16128878E+01  0.59453748E+00
  0.16229396E+01  0.59714099E+00
  0.16329913E+01  0.59919401E+00
  0.16430431E+01  0.60073128E+00
  0.16530949E+01  0.60179462E+00
  0.16631467E+01  0.60243621E+00
  0.16731985E+01  0.60272015E+00
  0.16832502E+01  0.60272199E+00
  0.16933020E+01  0.60252581E+00
  0.17033538E+01  0.60221957E+00
  0.17134056E+01  0.60188922E+00
  0.17234574E+01  0.60161280E+00
  0.17335091E+01  0.60145560E+00
  0.17435609E+01  0.60146706E+00
  0.17536127E+01  0.60167994E+00
  0.17636645E+01  0.60211159E+00
  0.17737163E+01  0.60276685E+00
  0.17837680E+01  0.60364178E+00
  0.17938198E+01  0.60472739E+00
  0.18038716E+01  0.60601268E+00
  0.18139234E+01  0.60748656E+00
  0.18239751E+01  0.60913840E+00
  0.18340269E+01  0.61095741E+00
  0.18440787E+01  0.61293130E+00
  0.18541305E+01  0.61504459E+00
  0.18641823E+01  0.61727738E+00
  0.18742340E+01  0.61960466E+00
  0.18842858E+01  0.62195144E+00
  0.18943836E+01  0.60564580E+00
  0.19044814E+01  0.58879318E+00
  0.19145793E+01  0.57153185E+00
  0.19246771E+01  0.55393239E+00
  0.19347749E+01  0.53607651E+00
  0.19448727E+01  0.51805762E+00
  0.19549705E+01  0.49998129E+00
  0.19650683E+01  0.48196573E+00
  0.19751661E+01  0.46414256E+00
  0.19852639E+01  0.44665799E+00
  0.19953617E+01  0.42967500E+00
  0.20054595E+01  0.41337757E+00
  0.20155574E+01  0.39797963E+00
  0.20256552E+01  0.38374703E+00
  0.20357530E+01  0.37105934E+00
  0.20458508E+01  0.36061079E+00
  0.20559486E+01  0.35404682E+00
  0.20660464E+01  0.35423119E+00
  0.20761442E+01  0.36055922E+00
  0.20862420E+01  0.36941999E+00
  0.20963398E+01  0.37906741E+00
  0.21064377E+01  0.38893713E+00
  0.21165355E+01  0.39882771E+00
  0.21266333E+01  0.40865727E+00
  0.21367311E+01  0.41839119E+00
  0.21468289E+01  0.42801752E+00
  0.21569267E+01  0.43753735E+00
  0.21670245E+01  0.44696037E+00
  0.21771223E+01  0.45630204E+00
  0.21872201E+01  0.46558113E+00
  0.21973179E+01  0.47481728E+00
  0.22074158E+01  0.48402830E+00
  0.22175136E+01  0.49322762E+00
  0.22276114E+01  0.50242225E+00
  0.22377092E+01  0.51161191E+00
  0.22478070E+01  0.52079083E+00
  0.22579048E+01  0.52995670E+00
  0.22680026E+01  0.53914429E+00
  0.22781004E+01  0.54857941E+00
  0.22881982E+01  0.55939169E+00
  0.22982961E+01  0.57295644E+00
  0.23083939E+01  0.58738091E+00
  0.23184917E+01  0.60141163E+00
  0.23285895E+01  0.61470803E+00
  0.23386873E+01  0.62713038E+00
  0.23487851E+01  0.63859454E+00
  0.23588829E+01  0.64903964E+00
  0.23689807E+01  0.65841861E+00
  0.23790785E+01  0.66669435E+00
  0.23891763E+01  0.67336419E+00
  0.23992742E+01  0.66736506E+00
  0.24093720E+01  0.66200053E+00
  0.24194698E+01  0.65745494E+00
  0.24295676E+01  0.65351150E+00
  0.24396654E+01  0.64984812E+00
  0.24497632E+01  0.64614246E+00
  0.24598610E+01  0.64213062E+00
  0.24699588E+01  0.63761916E+00
  0.24800566E+01  0.63247647E+00
  0.24901545E+01  0.62662107E+00
  0.25002523E+01  0.62001297E+00
  0.25103501E+01  0.61264839E+00
  0.25204479E+01  0.60455675E+00
  0.25305457E+01  0.59579861E+00
  0.25406435E+01  0.58646407E+00
  0.25507413E+01  0.57667075E+00
  0.25608391E+01  0.56656109E+00
  0.25709369E+01  0.55629741E+00
  0.25810347E+01  0.54605327E+00
  0.25911326E+01  0.53599931E+00
  0.26012304E+01  0.52628400E+00
  0.26113282E+01  0.51701350E+00
  0.26214260E+01  0.50823732E+00
  0.26315238E+01  0.49994592E+00
  0.26416216E+01  0.49208063E+00
  0.26517194E+01  0.48455164E+00
  0.26618172E+01  0.47725794E+00
  0.26719150E+01  0.47010496E+00
  0.26820129E+01  0.46301748E+00
  0.26921107E+01  0.45594686E+00
  0.27022085E+01  0.44887218E+00
  0.27123063E+01  0.44179619E+00
  0.27224041E+01  0.43473765E+00
  0.27325019E+01  0.42772243E+00
  0.27425997E+01  0.42077526E+00
  0.27526975E+01  0.41391317E+00
  0.27627953E+01  0.40714116E+00
  0.27728931E+01  0.40044993E+00
  0.27829910E+01  0.39381533E+00
  0.27930888E+01  0.38719908E+00
  0.28031866E+01  0.38055052E+00
  0.28132844E+01  0.37380876E+00
  0.28233822E+01  0.36690517E+00
  0.28334800E+01  0.35976578E+00
  0.28435778E+01  0.35231349E+00
  0.28536756E+01  0.34447002E+00
  0.28637734E+01  0.33615760E+00
  0.28738712E+01  0.32730040E+00
  0.28839691E+01  0.31782576E+00
  0.28940669E+01  0.30766535E+00
  0.29041647E+01  0.29675616E+00
  0.29142625E+01  0.28504144E+00
  0.29243603E+01  0.27247157E+00
  0.29344581E+01  0.25900476E+00
  0.29445559E+01  0.24460790E+00
  0.29546537E+01  0.22925743E+00
  0.29647515E+01  0.21294092E+00
  0.29748494E+01  0.19566015E+00
  0.29849472E+01  0.17743832E+00
  0.29950450E+01  0.15833892E+00
  0.30051428E+01  0.13852420E+00
  0.30152406E+01  0.11848208E+00
  0.30253384E+01  0.10012615E+00
  0.30354362E+01  0.89146183E-01
  0.30455340E+01  0.85978416E-01
  0.30556318E+01  0.85555275E-01
  0.30657296E+01  0.86126510E-01
  0.30758275E+01  0.87227403E-01
  0.30859253E+01  0.88687425E-01
  0.30960231E+01  0.90421000E-01
  0.31061209E+01  0.92372911E-01
  0.31162187E+01  0.94500606E-01
  0.31263165E+01  0.96767570E-01
  0.31364143E+01  0.99140644E-01
  0.31465121E+01  0.10158890E+00
  0.31566099E+01  0.10408319E+00
  0.31667078E+01  0.10659599E+00
  0.31768056E+01  0.10910133E+00
  0.31869034E+01  0.11157480E+00
  0.31970012E+01  0.11399355E+00
  0.32070990E+01  0.11633632E+00
  0.32171968E+01  0.11858340E+00
  0.32272946E+01  0.12071671E+00
  0.32373924E+01  0.12271985E+00
  0.32474902E+01  0.12457820E+00
  0.32575880E+01  0.12627908E+00
  0.32676859E+01  0.12781196E+00
  0.32777837E+01  0.12916867E+00
  0.32878815E+01  0.13034373E+00
  0.32979793E+01  0.13133466E+00
  0.33080771E+01  0.13214238E+00
  0.33181749E+01  0.13277159E+00
  0.33282727E+01  0.13323124E+00
  0.33383705E+01  0.13353488E+00
  0.33484683E+01  0.13370112E+00
  0.33585662E+01  0.13375385E+00
  0.33686640E+01  0.13372231E+00
  0.33787618E+01  0.13364067E+00
  0.33888596E+01  0.13355173E+00
  0.33989574E+01  0.13351893E+00
  
  0.00000000E+00  0.67391875E+00
  0.10097810E-01  0.67971298E+00
  0.20195621E-01  0.68457977E+00
  0.30293431E-01  0.68829661E+00
  0.40391242E-01  0.69086764E+00
  0.50489052E-01  0.69230914E+00
  0.60586863E-01  0.69264954E+00
  0.70684673E-01  0.69192942E+00
  0.80782483E-01  0.69020077E+00
  0.90880294E-01  0.68752526E+00
  0.10097810E+00  0.68397160E+00
  0.11107591E+00  0.67961251E+00
  0.12117373E+00  0.67452183E+00
  0.13127154E+00  0.66877241E+00
  0.14136935E+00  0.66243529E+00
  0.15146716E+00  0.65558016E+00
  0.16156497E+00  0.64827694E+00
  0.17166278E+00  0.64059785E+00
  0.18176059E+00  0.63261950E+00
  0.19185840E+00  0.62442451E+00
  0.20195621E+00  0.61610254E+00
  0.21205402E+00  0.60775071E+00
  0.22215183E+00  0.59947356E+00
  0.23224964E+00  0.59138256E+00
  0.24234745E+00  0.58359500E+00
  0.25244526E+00  0.57623195E+00
  0.26254307E+00  0.56941463E+00
  0.27264088E+00  0.56325891E+00
  0.28273869E+00  0.55786813E+00
  0.29283650E+00  0.55332523E+00
  0.30293431E+00  0.54968617E+00
  0.31303212E+00  0.54697606E+00
  0.32312993E+00  0.54518866E+00
  0.33322774E+00  0.54428880E+00
  0.34332555E+00  0.54421628E+00
  0.35342337E+00  0.54489026E+00
  0.36352118E+00  0.54621355E+00
  0.37361899E+00  0.54807660E+00
  0.38371680E+00  0.55036149E+00
  0.39381461E+00  0.55294593E+00
  0.40391242E+00  0.55570718E+00
  0.41401023E+00  0.55852563E+00
  0.42410804E+00  0.56128781E+00
  0.43420585E+00  0.56388842E+00
  0.44430366E+00  0.56623140E+00
  0.45440147E+00  0.56822999E+00
  0.46449928E+00  0.56980590E+00
  0.47459709E+00  0.57088801E+00
  0.48469490E+00  0.57141088E+00
  0.49479271E+00  0.57131342E+00
  0.50489052E+00  0.57053796E+00
  0.51498833E+00  0.56902994E+00
  0.52508614E+00  0.56673817E+00
  0.53518395E+00  0.56361574E+00
  0.54528176E+00  0.55962130E+00
  0.55537957E+00  0.55472070E+00
  0.56547738E+00  0.54888851E+00
  0.57557519E+00  0.54210960E+00
  0.58567301E+00  0.53438015E+00
  0.59577082E+00  0.52570832E+00
  0.60586863E+00  0.51611427E+00
  0.61596644E+00  0.50562969E+00
  0.62606425E+00  0.49429676E+00
  0.63616206E+00  0.48216688E+00
  0.64625987E+00  0.46929919E+00
  0.65635768E+00  0.45575926E+00
  0.66645549E+00  0.44161797E+00
  0.67655330E+00  0.42695077E+00
  0.68665111E+00  0.41183743E+00
  0.69674892E+00  0.39636201E+00
  0.70684673E+00  0.38061312E+00
  0.71694454E+00  0.36468412E+00
  0.72704235E+00  0.34867319E+00
  0.73714016E+00  0.33268297E+00
  0.74723797E+00  0.31681966E+00
  0.75733578E+00  0.30119154E+00
  0.76743359E+00  0.28590688E+00
  0.77753140E+00  0.27107138E+00
  0.78762921E+00  0.25678531E+00
  0.79772702E+00  0.24314060E+00
  0.80782483E+00  0.23021815E+00
  0.81792265E+00  0.21808557E+00
  0.82802046E+00  0.20679571E+00
  0.83811827E+00  0.19638581E+00
  0.84821608E+00  0.18687753E+00
  0.85831389E+00  0.17827760E+00
  0.86841170E+00  0.17057901E+00
  0.87850951E+00  0.16376250E+00
  0.88860732E+00  0.15779822E+00
  0.89870513E+00  0.15264734E+00
  0.90880294E+00  0.14826362E+00
  0.91890075E+00  0.14459474E+00
  0.92899856E+00  0.14158355E+00
  0.93909637E+00  0.13916921E+00
  0.94919418E+00  0.13728815E+00
  0.95929199E+00  0.13587512E+00
  0.96938980E+00  0.13486419E+00
  0.97948761E+00  0.13418986E+00
  0.98958542E+00  0.13378860E+00
  0.99968323E+00  0.13359599E+00
  0.10097810E+01  0.13353537E+00
  0.10198328E+01  0.13360150E+00
  0.10298846E+01  0.13378501E+00
  0.10399364E+01  0.13409410E+00
  0.10499882E+01  0.13455201E+00
  0.10600399E+01  0.13518617E+00
  0.10700917E+01  0.13602798E+00
  0.10801435E+01  0.13711305E+00
  0.10901953E+01  0.13848115E+00
  0.11002471E+01  0.14017564E+00
  0.11102988E+01  0.14224257E+00
  0.11203506E+01  0.14472953E+00
  0.11304024E+01  0.14768428E+00
  0.11404542E+01  0.15115333E+00
  0.11505060E+01  0.15518044E+00
  0.11605577E+01  0.15980509E+00
  0.11706095E+01  0.16506105E+00
  0.11806613E+01  0.17097494E+00
  0.11907131E+01  0.17756512E+00
  0.12007648E+01  0.18484090E+00
  0.12108166E+01  0.19280221E+00
  0.12208684E+01  0.20143999E+00
  0.12309202E+01  0.21073704E+00
  0.12409720E+01  0.22066943E+00
  0.12510237E+01  0.23120807E+00
  0.12610755E+01  0.24232026E+00
  0.12711273E+01  0.25397079E+00
  0.12811791E+01  0.26612255E+00
  0.12912309E+01  0.27873645E+00
  0.13012826E+01  0.29177083E+00
  0.13113344E+01  0.30518046E+00
  0.13213862E+01  0.31891558E+00
  0.13314380E+01  0.33292123E+00
  0.13414898E+01  0.34713706E+00
  0.13515415E+01  0.36149801E+00
  0.13615933E+01  0.37593570E+00
  0.13716451E+01  0.39038056E+00
  0.13816969E+01  0.40476433E+00
  0.13917486E+01  0.41902264E+00
  0.14018004E+01  0.43309719E+00
  0.14118522E+01  0.44693713E+00
  0.14219040E+01  0.46049948E+00
  0.14319558E+01  0.47374843E+00
  0.14420075E+01  0.48665376E+00
  0.14520593E+01  0.49918875E+00
  0.14621111E+01  0.51132803E+00
  0.14721629E+01  0.52304579E+00
  0.14822147E+01  0.53431478E+00
  0.14922664E+01  0.54510619E+00
  0.15023182E+01  0.55539055E+00
  0.15123700E+01  0.56513924E+00
  0.15224218E+01  0.57432676E+00
  0.15324736E+01  0.58293298E+00
  0.15425253E+01  0.59094536E+00
  0.15525771E+01  0.59836042E+00
  0.15626289E+01  0.60518426E+00
  0.15726807E+01  0.61143178E+00
  0.15827325E+01  0.61712480E+00
  0.15927842E+01  0.62228932E+00
  0.16028360E+01  0.62695247E+00
  0.16128878E+01  0.63113970E+00
  0.16229396E+01  0.63487256E+00
  0.16329913E+01  0.63816756E+00
  0.16430431E+01  0.64103599E+00
  0.16530949E+01  0.64348491E+00
  0.16631467E+01  0.64551897E+00
  0.16731985E+01  0.64714280E+00
  0.16832502E+01  0.64836352E+00
  0.16933020E+01  0.64919286E+00
  0.17033538E+01  0.64964855E+00
  0.17134056E+01  0.64975452E+00
  0.17234574E+01  0.64954007E+00
  0.17335091E+01  0.64903796E+00
  0.17435609E+01  0.64828197E+00
  0.17536127E+01  0.64730426E+00
  0.17636645E+01  0.64613310E+00
  0.17737163E+01  0.64479139E+00
  0.17837680E+01  0.64329604E+00
  0.17938198E+01  0.64165850E+00
  0.18038716E+01  0.63988609E+00
  0.18139234E+01  0.63798405E+00
  0.18239751E+01  0.63595782E+00
  0.18340269E+01  0.63381539E+00
  0.18440787E+01  0.63156916E+00
  0.18541305E+01  0.62923710E+00
  0.18641823E+01  0.62684306E+00
  0.18742340E+01  0.62441606E+00
  0.18842858E+01  0.62203411E+00
  0.18943836E+01  0.63782152E+00
  0.19044814E+01  0.65312462E+00
  0.19145793E+01  0.66782949E+00
  0.19246771E+01  0.68190576E+00
  0.19347749E+01  0.69532740E+00
  0.19448727E+01  0.70807179E+00
  0.19549705E+01  0.72011912E+00
  0.19650683E+01  0.73145210E+00
  0.19751661E+01  0.74205610E+00
  0.19852639E+01  0.75191949E+00
  0.19953617E+01  0.76103422E+00
  0.20054595E+01  0.76939635E+00
  0.20155574E+01  0.77700654E+00
  0.20256552E+01  0.78387024E+00
  0.20357530E+01  0.78999755E+00
  0.20458508E+01  0.79540275E+00
  0.20559486E+01  0.80010337E+00
  0.20660464E+01  0.80411901E+00
  0.20761442E+01  0.80747001E+00
  0.20862420E+01  0.81017602E+00
  0.20963398E+01  0.81225484E+00
  0.21064377E+01  0.81372155E+00
  0.21165355E+01  0.81458811E+00
  0.21266333E+01  0.81486350E+00
  0.21367311E+01  0.81455435E+00
  0.21468289E+01  0.81366604E+00
  0.21569267E+01  0.81220411E+00
  0.21670245E+01  0.81017574E+00
  0.21771223E+01  0.80759120E+00
  0.21872201E+01  0.80446498E+00
  0.21973179E+01  0.80081649E+00
  0.22074158E+01  0.79667025E+00
  0.22175136E+01  0.79205544E+00
  0.22276114E+01  0.78700488E+00
  0.22377092E+01  0.78155367E+00
  0.22478070E+01  0.77573738E+00
  0.22579048E+01  0.76959042E+00
  0.22680026E+01  0.76314448E+00
  0.22781004E+01  0.75642753E+00
  0.22881982E+01  0.74946357E+00
  0.22982961E+01  0.74227321E+00
  0.23083939E+01  0.73487535E+00
  0.23184917E+01  0.72729005E+00
  0.23285895E+01  0.71954257E+00
  0.23386873E+01  0.71166890E+00
  0.23487851E+01  0.70372297E+00
  0.23588829E+01  0.69578574E+00
  0.23689807E+01  0.68797573E+00
  0.23790785E+01  0.68045849E+00
  0.23891763E+01  0.67391875E+00
  0.23992742E+01  0.67971298E+00
  0.24093720E+01  0.68457977E+00
  0.24194698E+01  0.68829661E+00
  0.24295676E+01  0.69086764E+00
  0.24396654E+01  0.69230914E+00
  0.24497632E+01  0.69264954E+00
  0.24598610E+01  0.69192942E+00
  0.24699588E+01  0.69020077E+00
  0.24800566E+01  0.68752526E+00
  0.24901545E+01  0.68397160E+00
  0.25002523E+01  0.67961251E+00
  0.25103501E+01  0.67452183E+00
  0.25204479E+01  0.66877241E+00
  0.25305457E+01  0.66243529E+00
  0.25406435E+01  0.65558016E+00
  0.25507413E+01  0.64827694E+00
  0.25608391E+01  0.64059785E+00
  0.25709369E+01  0.63261950E+00
  0.25810347E+01  0.62442451E+00
  0.25911326E+01  0.61610254E+00
  0.26012304E+01  0.60775071E+00
  0.26113282E+01  0.59947356E+00
  0.26214260E+01  0.59138256E+00
  0.26315238E+01  0.58359500E+00
  0.26416216E+01  0.57623195E+00
  0.26517194E+01  0.56941463E+00
  0.26618172E+01  0.56325891E+00
  0.26719150E+01  0.55786813E+00
  0.26820129E+01  0.55332523E+00
  0.26921107E+01  0.54968617E+00
  0.27022085E+01  0.54697606E+00
  0.27123063E+01  0.54518866E+00
  0.27224041E+01  0.54428880E+00
  0.27325019E+01  0.54421628E+00
  0.27425997E+01  0.54489026E+00
  0.27526975E+01  0.54621355E+00
  0.27627953E+01  0.54807660E+00
  0.27728931E+01  0.55036149E+00
  0.27829910E+01  0.55294593E+00
  0.27930888E+01  0.55570718E+00
  0.28031866E+01  0.55852563E+00
  0.28132844E+01  0.56128781E+00
  0.28233822E+01  0.56388842E+00
  0.28334800E+01  0.56623140E+00
  0.28435778E+01  0.56822999E+00
  0.28536756E+01  0.56980590E+00
  0.28637734E+01  0.57088801E+00
  0.28738712E+01  0.57141088E+00
  0.28839691E+01  0.57131342E+00
  0.28940669E+01  0.57053796E+00
  0.29041647E+01  0.56902994E+00
  0.29142625E+01  0.56673817E+00
  0.29243603E+01  0.56361574E+00
  0.29344581E+01  0.55962130E+00
  0.29445559E+01  0.55472070E+00
  0.29546537E+01  0.54888851E+00
  0.29647515E+01  0.54210960E+00
  0.29748494E+01  0.53438015E+00
  0.29849472E+01  0.52570832E+00
  0.29950450E+01  0.51611427E+00
  0.30051428E+01  0.50562969E+00
  0.30152406E+01  0.49429676E+00
  0.30253384E+01  0.48216688E+00
  0.30354362E+01  0.46929919E+00
  0.30455340E+01  0.45575926E+00
  0.30556318E+01  0.44161797E+00
  0.30657296E+01  0.42695077E+00
  0.30758275E+01  0.41183743E+00
  0.30859253E+01  0.39636201E+00
  0.30960231E+01  0.38061312E+00
  0.31061209E+01  0.36468412E+00
  0.31162187E+01  0.34867319E+00
  0.31263165E+01  0.33268297E+00
  0.31364143E+01  0.31681966E+00
  0.31465121E+01  0.30119154E+00
  0.31566099E+01  0.28590688E+00
  0.31667078E+01  0.27107138E+00
  0.31768056E+01  0.25678531E+00
  0.31869034E+01  0.24314060E+00
  0.31970012E+01  0.23021815E+00
  0.32070990E+01  0.21808557E+00
  0.32171968E+01  0.20679571E+00
  0.32272946E+01  0.19638581E+00
  0.32373924E+01  0.18687753E+00
  0.32474902E+01  0.17827760E+00
  0.32575880E+01  0.17057901E+00
  0.32676859E+01  0.16376250E+00
  0.32777837E+01  0.15779822E+00
  0.32878815E+01  0.15264734E+00
  0.32979793E+01  0.14826362E+00
  0.33080771E+01  0.14459474E+00
  0.33181749E+01  0.14158355E+00
  0.33282727E+01  0.13916921E+00
  0.33383705E+01  0.13728815E+00
  0.33484683E+01  0.13587512E+00
  0.33585662E+01  0.13486419E+00
  0.33686640E+01  0.13418986E+00
  0.33787618E+01  0.13378860E+00
  0.33888596E+01  0.13359599E+00
  0.33989574E+01  0.13353537E+00
  
