#K-Path          Energy     s    py    pz    px    dxy    dyz    dz2    dxz    dx2-y2    tot
# NKPTS & NBANDS:  80  33
# Band-Index:    1
   0.00000    -14.934120  0.000  0.000  0.000  0.000  0.000  0.000  0.000  0.000  0.000  0.000
   0.04099    -14.934136  0.000  0.000  0.000  0.000  0.000  0.000  0.000  0.000  0.000  0.000
   0.08198    -14.934181  0.000  0.000  0.000  0.000  0.000  0.000  0.000  0.000  0.000  0.000
   0.12297    -14.934261  0.000  0.000  0.000  0.000  0.000  0.000  0.000  0.000  0.000  0.000
   0.16396    -14.934373  0.000  0.000  0.000  0.000  0.000  0.000  0.000  0.000  0.000  0.000
   0.20495    -14.934515  0.000  0.000  0.000  0.000  0.000  0.000  0.000  0.000  0.000  0.000
   0.24594    -14.934686  0.000  0.000  0.000  0.000  0.000  0.000  0.000  0.000  0.000  0.000
   0.28693    -14.934868  0.000  0.000  0.000  0.000  0.000  0.000  0.000  0.000  0.000  0.000
   0.32792    -14.935062  0.000  0.000  0.000  0.000  0.000  0.000  0.000  0.000  0.000  0.000
   0.36891    -14.935254  0.000  0.000  0.000  0.000  0.000  0.000  0.000  0.000  0.000  0.000
   0.40990    -14.935440  0.000  0.000  0.000  0.000  0.000  0.000  0.000  0.000  0.000  0.000
   0.45089    -14.935609  0.000  0.000  0.000  0.000  0.000  0.000  0.000  0.000  0.000  0.000
   0.49188    -14.935759  0.000  0.000  0.000  0.000  0.000  0.000  0.000  0.000  0.000  0.000
   0.53287    -14.935883  0.000  0.000  0.000  0.000  0.000  0.000  0.000  0.000  0.000  0.000
   0.57386    -14.935970  0.000  0.000  0.000  0.000  0.000  0.000  0.000  0.000  0.000  0.000
   0.61485    -14.936020  0.000  0.000  0.000  0.000  0.000  0.000  0.000  0.000  0.000  0.000
   0.65584    -14.936036  0.000  0.000  0.000  0.000  0.000  0.000  0.000  0.000  0.000  0.000
   0.69683    -14.936011  0.000  0.000  0.000  0.000  0.000  0.000  0.000  0.000  0.000  0.000
   0.73782    -14.935955  0.000  0.000  0.000  0.000  0.000  0.000  0.000  0.000  0.000  0.000
   0.77881    -14.935862  0.000  0.000  0.000  0.000  0.000  0.000  0.000  0.000  0.000  0.000
   0.77881    -14.935862  0.000  0.000  0.000  0.000  0.000  0.000  0.000  0.000  0.000  0.000
   0.81431    -14.935942  0.000  0.000  0.000  0.000  0.000  0.000  0.000  0.000  0.000  0.000
   0.84981    -14.936000  0.000  0.000  0.000  0.000  0.000  0.000  0.000  0.000  0.000  0.000
   0.88531    -14.936029  0.000  0.000  0.000  0.000  0.000  0.000  0.000  0.000  0.000  0.000
   0.92081    -14.936033  0.000  0.000  0.000  0.000  0.000  0.000  0.000  0.000  0.000  0.000
   0.95631    -14.936008  0.000  0.000  0.000  0.000  0.000  0.000  0.000  0.000  0.000  0.000
   0.99180    -14.935953  0.000  0.000  0.000  0.000  0.000  0.000  0.000  0.000  0.000  0.000
   1.02730    -14.935876  0.000  0.000  0.000  0.000  0.000  0.000  0.000  0.000  0.000  0.000
   1.06280    -14.935769  0.000  0.000  0.000  0.000  0.000  0.000  0.000  0.000  0.000  0.000
   1.09830    -14.935636  0.000  0.000  0.000  0.000  0.000  0.000  0.000  0.000  0.000  0.000
   1.13380    -14.935489  0.000  0.000  0.000  0.000  0.000  0.000  0.000  0.000  0.000  0.000
   1.16930    -14.935326  0.000  0.000  0.000  0.000  0.000  0.000  0.000  0.000  0.000  0.000
   1.20480    -14.935155  0.000  0.000  0.000  0.000  0.000  0.000  0.000  0.000  0.000  0.000
   1.24029    -14.934977  0.000  0.000  0.000  0.000  0.000  0.000  0.000  0.000  0.000  0.000
   1.27579    -14.934801  0.000  0.000  0.000  0.000  0.000  0.000  0.000  0.000  0.000  0.000
   1.31129    -14.934626  0.000  0.000  0.000  0.000  0.000  0.000  0.000  0.000  0.000  0.000
   1.34679    -14.934461  0.000  0.000  0.000  0.000  0.000  0.000  0.000  0.000  0.000  0.000
   1.38229    -14.934314  0.000  0.000  0.000  0.000  0.000  0.000  0.000  0.000  0.000  0.000
   1.41779    -14.934182  0.000  0.000  0.000  0.000  0.000  0.000  0.000  0.000  0.000  0.000
   1.45329    -14.934070  0.000  0.000  0.000  0.000  0.000  0.000  0.000  0.000  0.000  0.000
   1.45329    -14.934070  0.000  0.000  0.000  0.000  0.000  0.000  0.000  0.000  0.000  0.000
   1.47378    -14.934103  0.000  0.000  0.000  0.000  0.000  0.000  0.000  0.000  0.000  0.000
   1.49428    -14.934128  0.000  0.000  0.000  0.000  0.000  0.000  0.000  0.000  0.000  0.000
   1.51477    -14.934151  0.000  0.000  0.000  0.000  0.000  0.000  0.000  0.000  0.000  0.000
   1.53527    -14.934170  0.000  0.000  0.000  0.000  0.000  0.000  0.000  0.000  0.000  0.000
   1.55576    -14.934188  0.000  0.000  0.000  0.000  0.000  0.000  0.000  0.000  0.000  0.000
   1.57626    -14.934199  0.000  0.000  0.000  0.000  0.000  0.000  0.000  0.000  0.000  0.000
   1.59675    -14.934207  0.000  0.000  0.000  0.000  0.000  0.000  0.000  0.000  0.000  0.000
   1.61725    -14.934211  0.000  0.000  0.000  0.000  0.000  0.000  0.000  0.000  0.000  0.000
   1.63774    -14.934211  0.000  0.000  0.000  0.000  0.000  0.000  0.000  0.000  0.000  0.000
   1.65824    -14.934206  0.000  0.000  0.000  0.000  0.000  0.000  0.000  0.000  0.000  0.000
   1.67873    -14.934199  0.000  0.000  0.000  0.000  0.000  0.000  0.000  0.000  0.000  0.000
   1.69923    -14.934189  0.000  0.000  0.000  0.000  0.000  0.000  0.000  0.000  0.000  0.000
   1.71972    -14.934178  0.000  0.000  0.000  0.000  0.000  0.000  0.000  0.000  0.000  0.000
   1.74022    -14.934168  0.000  0.000  0.000  0.000  0.000  0.000  0.000  0.000  0.000  0.000
   1.76071    -14.934155  0.000  0.000  0.000  0.000  0.000  0.000  0.000  0.000  0.000  0.000
   1.78121    -14.934144  0.000  0.000  0.000  0.000  0.000  0.000  0.000  0.000  0.000  0.000
   1.80170    -14.934133  0.000  0.000  0.000  0.000  0.000  0.000  0.000  0.000  0.000  0.000
   1.82220    -14.934123  0.000  0.000  0.000  0.000  0.000  0.000  0.000  0.000  0.000  0.000
   1.84269    -14.934120  0.000  0.000  0.000  0.000  0.000  0.000  0.000  0.000  0.000  0.000
   1.84269    -14.934120  0.000  0.000  0.000  0.000  0.000  0.000  0.000  0.000  0.000  0.000
   1.88368    -14.934136  0.000  0.000  0.000  0.000  0.000  0.000  0.000  0.000  0.000  0.000
   1.92467    -14.934181  0.000  0.000  0.000  0.000  0.000  0.000  0.000  0.000  0.000  0.000
   1.96566    -14.934261  0.000  0.000  0.000  0.000  0.000  0.000  0.000  0.000  0.000  0.000
   2.00665    -14.934373  0.000  0.000  0.000  0.000  0.000  0.000  0.000  0.000  0.000  0.000
   2.04764    -14.934515  0.000  0.000  0.000  0.000  0.000  0.000  0.000  0.000  0.000  0.000
   2.08863    -14.934686  0.000  0.000  0.000  0.000  0.000  0.000  0.000  0.000  0.000  0.000
   2.12962    -14.934868  0.000  0.000  0.000  0.000  0.000  0.000  0.000  0.000  0.000  0.000
   2.17061    -14.935062  0.000  0.000  0.000  0.000  0.000  0.000  0.000  0.000  0.000  0.000
   2.21160    -14.935254  0.000  0.000  0.000  0.000  0.000  0.000  0.000  0.000  0.000  0.000
   2.25259    -14.935440  0.000  0.000  0.000  0.000  0.000  0.000  0.000  0.000  0.000  0.000
   2.29358    -14.935609  0.000  0.000  0.000  0.000  0.000  0.000  0.000  0.000  0.000  0.000
   2.33457    -14.935759  0.000  0.000  0.000  0.000  0.000  0.000  0.000  0.000  0.000  0.000
   2.37556    -14.935883  0.000  0.000  0.000  0.000  0.000  0.000  0.000  0.000  0.000  0.000
   2.41655    -14.935970  0.000  0.000  0.000  0.000  0.000  0.000  0.000  0.000  0.000  0.000
   2.45754    -14.936020  0.000  0.000  0.000  0.000  0.000  0.000  0.000  0.000  0.000  0.000
   2.49853    -14.936036  0.000  0.000  0.000  0.000  0.000  0.000  0.000  0.000  0.000  0.000
   2.53953    -14.936011  0.000  0.000  0.000  0.000  0.000  0.000  0.000  0.000  0.000  0.000
   2.58052    -14.935955  0.000  0.000  0.000  0.000  0.000  0.000  0.000  0.000  0.000  0.000
   2.62151    -14.935862  0.000  0.000  0.000  0.000  0.000  0.000  0.000  0.000  0.000  0.000
 
# Band-Index:    2
   2.62151    -14.935862  0.000  0.000  0.000  0.000  0.000  0.000  0.000  0.000  0.000  0.000
   2.58052    -14.935728  0.000  0.000  0.000  0.000  0.000  0.000  0.000  0.000  0.000  0.000
   2.53953    -14.935566  0.000  0.000  0.000  0.000  0.000  0.000  0.000  0.000  0.000  0.000
   2.49853    -14.935388  0.000  0.000  0.000  0.000  0.000  0.000  0.000  0.000  0.000  0.000
   2.45754    -14.935193  0.000  0.000  0.000  0.000  0.000  0.000  0.000  0.000  0.000  0.000
   2.41655    -14.934992  0.000  0.000  0.000  0.000  0.000  0.000  0.000  0.000  0.000  0.000
   2.37556    -14.934786  0.000  0.000  0.000  0.000  0.000  0.000  0.000  0.000  0.000  0.000
   2.33457    -14.934581  0.000  0.000  0.000  0.000  0.000  0.000  0.000  0.000  0.000  0.000
   2.29358    -14.934386  0.000  0.000  0.000  0.000  0.000  0.000  0.000  0.000  0.000  0.000
   2.25259    -14.934208  0.000  0.000  0.000  0.000  0.000  0.000  0.000  0.000  0.000  0.000
   2.21160    -14.934049  0.000  0.000  0.000  0.000  0.000  0.000  0.000  0.000  0.000  0.000
   2.17061    -14.933912  0.000  0.000  0.000  0.000  0.000  0.000  0.000  0.000  0.000  0.000
   2.12962    -14.933797  0.000  0.000  0.000  0.000  0.000  0.000  0.000  0.000  0.000  0.000
   2.08863    -14.933710  0.000  0.000  0.000  0.000  0.000  0.000  0.000  0.000  0.000  0.000
   2.04764    -14.933640  0.000  0.000  0.000  0.000  0.000  0.000  0.000  0.000  0.000  0.000
   2.00665    -14.933594  0.000  0.000  0.000  0.000  0.000  0.000  0.000  0.000  0.000  0.000
   1.96566    -14.933561  0.000  0.000  0.000  0.000  0.000  0.000  0.000  0.000  0.000  0.000
   1.92467    -14.933536  0.000  0.000  0.000  0.000  0.000  0.000  0.000  0.000  0.000  0.000
   1.88368    -14.933518  0.000  0.000  0.000  0.000  0.000  0.000  0.000  0.000  0.000  0.000
   1.84269    -14.933508  0.000  0.000  0.000  0.000  0.000  0.000  0.000  0.000  0.000  0.000
   1.84269    -14.933508  0.000  0.000  0.000  0.000  0.000  0.000  0.000  0.000  0.000  0.000
   1.82220    -14.933510  0.000  0.000  0.000  0.000  0.000  0.000  0.000  0.000  0.000  0.000
   1.80170    -14.933520  0.000  0.000  0.000  0.000  0.000  0.000  0.000  0.000  0.000  0.000
   1.78121    -14.933530  0.000  0.000  0.000  0.000  0.000  0.000  0.000  0.000  0.000  0.000
   1.76071    -14.933544  0.000  0.000  0.000  0.000  0.000  0.000  0.000  0.000  0.000  0.000
   1.74022    -14.933563  0.000  0.000  0.000  0.000  0.000  0.000  0.000  0.000  0.000  0.000
   1.71972    -14.933583  0.000  0.000  0.000  0.000  0.000  0.000  0.000  0.000  0.000  0.000
   1.69923    -14.933610  0.000  0.000  0.000  0.000  0.000  0.000  0.000  0.000  0.000  0.000
   1.67873    -14.933642  0.000  0.000  0.000  0.000  0.000  0.000  0.000  0.000  0.000  0.000
   1.65824    -14.933675  0.000  0.000  0.000  0.000  0.000  0.000  0.000  0.000  0.000  0.000
   1.63774    -14.933713  0.000  0.000  0.000  0.000  0.000  0.000  0.000  0.000  0.000  0.000
   1.61725    -14.933751  0.000  0.000  0.000  0.000  0.000  0.000  0.000  0.000  0.000  0.000
   1.59675    -14.933792  0.000  0.000  0.000  0.000  0.000  0.000  0.000  0.000  0.000  0.000
   1.57626    -14.933832  0.000  0.000  0.000  0.000  0.000  0.000  0.000  0.000  0.000  0.000
   1.55576    -14.933875  0.000  0.000  0.000  0.000  0.000  0.000  0.000  0.000  0.000  0.000
   1.53527    -14.933915  0.000  0.000  0.000  0.000  0.000  0.000  0.000  0.000  0.000  0.000
   1.51477    -14.933957  0.000  0.000  0.000  0.000  0.000  0.000  0.000  0.000  0.000  0.000
   1.49428    -14.933997  0.000  0.000  0.000  0.000  0.000  0.000  0.000  0.000  0.000  0.000
   1.47378    -14.934037  0.000  0.000  0.000  0.000  0.000  0.000  0.000  0.000  0.000  0.000
   1.45329    -14.934070  0.000  0.000  0.000  0.000  0.000  0.000  0.000  0.000  0.000  0.000
   1.45329    -14.934070  0.000  0.000  0.000  0.000  0.000  0.000  0.000  0.000  0.000  0.000
   1.41779    -14.933984  0.000  0.000  0.000  0.000  0.000  0.000  0.000  0.000  0.000  0.000
   1.38229    -14.933923  0.000  0.000  0.000  0.000  0.000  0.000  0.000  0.000  0.000  0.000
   1.34679    -14.933888  0.000  0.000  0.000  0.000  0.000  0.000  0.000  0.000  0.000  0.000
   1.31129    -14.933886  0.000  0.000  0.000  0.000  0.000  0.000  0.000  0.000  0.000  0.000
   1.27579    -14.933916  0.000  0.000  0.000  0.000  0.000  0.000  0.000  0.000  0.000  0.000
   1.24029    -14.933971  0.000  0.000  0.000  0.000  0.000  0.000  0.000  0.000  0.000  0.000
   1.20480    -14.934055  0.000  0.000  0.000  0.000  0.000  0.000  0.000  0.000  0.000  0.000
   1.16930    -14.934162  0.000  0.000  0.000  0.000  0.000  0.000  0.000  0.000  0.000  0.000
   1.13380    -14.934294  0.000  0.000  0.000  0.000  0.000  0.000  0.000  0.000  0.000  0.000
   1.09830    -14.934442  0.000  0.000  0.000  0.000  0.000  0.000  0.000  0.000  0.000  0.000
   1.06280    -14.934608  0.000  0.000  0.000  0.000  0.000  0.000  0.000  0.000  0.000  0.000
   1.02730    -14.934780  0.000  0.000  0.000  0.000  0.000  0.000  0.000  0.000  0.000  0.000
   0.99180    -14.934952  0.000  0.000  0.000  0.000  0.000  0.000  0.000  0.000  0.000  0.000
   0.95631    -14.935130  0.000  0.000  0.000  0.000  0.000  0.000  0.000  0.000  0.000  0.000
   0.92081    -14.935300  0.000  0.000  0.000  0.000  0.000  0.000  0.000  0.000  0.000  0.000
   0.88531    -14.935461  0.000  0.000  0.000  0.000  0.000  0.000  0.000  0.000  0.000  0.000
   0.84981    -14.935612  0.000  0.000  0.000  0.000  0.000  0.000  0.000  0.000  0.000  0.000
   0.81431    -14.935746  0.000  0.000  0.000  0.000  0.000  0.000  0.000  0.000  0.000  0.000
   0.77881    -14.935862  0.000  0.000  0.000  0.000  0.000  0.000  0.000  0.000  0.000  0.000
   0.77881    -14.935862  0.000  0.000  0.000  0.000  0.000  0.000  0.000  0.000  0.000  0.000
   0.73782    -14.935728  0.000  0.000  0.000  0.000  0.000  0.000  0.000  0.000  0.000  0.000
   0.69683    -14.935566  0.000  0.000  0.000  0.000  0.000  0.000  0.000  0.000  0.000  0.000
   0.65584    -14.935388  0.000  0.000  0.000  0.000  0.000  0.000  0.000  0.000  0.000  0.000
   0.61485    -14.935193  0.000  0.000  0.000  0.000  0.000  0.000  0.000  0.000  0.000  0.000
   0.57386    -14.934992  0.000  0.000  0.000  0.000  0.000  0.000  0.000  0.000  0.000  0.000
   0.53287    -14.934786  0.000  0.000  0.000  0.000  0.000  0.000  0.000  0.000  0.000  0.000
   0.49188    -14.934581  0.000  0.000  0.000  0.000  0.000  0.000  0.000  0.000  0.000  0.000
   0.45089    -14.934386  0.000  0.000  0.000  0.000  0.000  0.000  0.000  0.000  0.000  0.000
   0.40990    -14.934208  0.000  0.000  0.000  0.000  0.000  0.000  0.000  0.000  0.000  0.000
   0.36891    -14.934049  0.000  0.000  0.000  0.000  0.000  0.000  0.000  0.000  0.000  0.000
   0.32792    -14.933912  0.000  0.000  0.000  0.000  0.000  0.000  0.000  0.000  0.000  0.000
   0.28693    -14.933797  0.000  0.000  0.000  0.000  0.000  0.000  0.000  0.000  0.000  0.000
   0.24594    -14.933710  0.000  0.000  0.000  0.000  0.000  0.000  0.000  0.000  0.000  0.000
   0.20495    -14.933640  0.000  0.000  0.000  0.000  0.000  0.000  0.000  0.000  0.000  0.000
   0.16396    -14.933594  0.000  0.000  0.000  0.000  0.000  0.000  0.000  0.000  0.000  0.000
   0.12297    -14.933561  0.000  0.000  0.000  0.000  0.000  0.000  0.000  0.000  0.000  0.000
   0.08198    -14.933536  0.000  0.000  0.000  0.000  0.000  0.000  0.000  0.000  0.000  0.000
   0.04099    -14.933518  0.000  0.000  0.000  0.000  0.000  0.000  0.000  0.000  0.000  0.000
   0.00000    -14.933508  0.000  0.000  0.000  0.000  0.000  0.000  0.000  0.000  0.000  0.000
 
# Band-Index:    3
   0.00000    -14.854709  0.001  0.000  0.000  0.000  0.000  0.000  0.000  0.000  0.000  0.001
   0.04099    -14.854668  0.001  0.000  0.000  0.000  0.000  0.000  0.000  0.000  0.000  0.001
   0.08198    -14.854528  0.001  0.000  0.000  0.000  0.000  0.000  0.000  0.000  0.000  0.001
   0.12297    -14.854311  0.001  0.000  0.000  0.000  0.000  0.000  0.000  0.000  0.000  0.001
   0.16396    -14.854023  0.001  0.000  0.000  0.000  0.000  0.000  0.000  0.000  0.000  0.001
   0.20495    -14.853684  0.001  0.000  0.000  0.000  0.000  0.000  0.000  0.000  0.000  0.001
   0.24594    -14.853313  0.001  0.000  0.000  0.000  0.000  0.000  0.000  0.000  0.000  0.001
   0.28693    -14.852926  0.001  0.000  0.000  0.000  0.000  0.000  0.000  0.000  0.000  0.001
   0.32792    -14.852535  0.001  0.000  0.000  0.000  0.000  0.000  0.000  0.000  0.000  0.001
   0.36891    -14.852159  0.001  0.000  0.000  0.000  0.000  0.000  0.000  0.000  0.000  0.001
   0.40990    -14.851811  0.000  0.000  0.000  0.000  0.000  0.000  0.000  0.000  0.000  0.001
   0.45089    -14.851497  0.000  0.000  0.000  0.000  0.000  0.000  0.000  0.000  0.000  0.001
   0.49188    -14.851233  0.000  0.000  0.000  0.000  0.000  0.000  0.000  0.000  0.000  0.001
   0.53287    -14.851019  0.000  0.000  0.000  0.000  0.000  0.000  0.000  0.000  0.000  0.001
   0.57386    -14.850854  0.000  0.000  0.000  0.000  0.000  0.000  0.000  0.000  0.000  0.000
   0.61485    -14.850734  0.000  0.000  0.000  0.000  0.000  0.000  0.000  0.000  0.000  0.000
   0.65584    -14.850658  0.000  0.000  0.000  0.000  0.000  0.000  0.000  0.000  0.000  0.000
   0.69683    -14.850614  0.000  0.000  0.000  0.000  0.000  0.000  0.000  0.000  0.000  0.000
   0.73782    -14.850603  0.000  0.000  0.000  0.000  0.000  0.000  0.000  0.000  0.000  0.000
   0.77881    -14.850607  0.000  0.000  0.000  0.000  0.000  0.000  0.000  0.000  0.000  0.000
   0.77881    -14.850607  0.000  0.000  0.000  0.000  0.000  0.000  0.000  0.000  0.000  0.000
   0.81431    -14.850600  0.000  0.000  0.000  0.000  0.000  0.000  0.000  0.000  0.000  0.000
   0.84981    -14.850600  0.000  0.000  0.000  0.000  0.000  0.000  0.000  0.000  0.000  0.000
   0.88531    -14.850602  0.000  0.000  0.000  0.000  0.000  0.000  0.000  0.000  0.000  0.000
   0.92081    -14.850606  0.000  0.000  0.000  0.000  0.000  0.000  0.000  0.000  0.000  0.000
   0.95631    -14.850614  0.000  0.000  0.000  0.000  0.000  0.000  0.000  0.000  0.000  0.000
   0.99180    -14.850620  0.000  0.000  0.000  0.000  0.000  0.000  0.000  0.000  0.000  0.000
   1.02730    -14.850633  0.000  0.000  0.000  0.000  0.000  0.000  0.000  0.000  0.000  0.000
   1.06280    -14.850645  0.000  0.000  0.000  0.000  0.000  0.000  0.000  0.000  0.000  0.000
   1.09830    -14.850650  0.000  0.000  0.000  0.000  0.000  0.000  0.000  0.000  0.000  0.001
   1.13380    -14.850664  0.000  0.000  0.000  0.000  0.000  0.000  0.000  0.000  0.000  0.001
   1.16930    -14.850677  0.000  0.000  0.000  0.000  0.000  0.000  0.000  0.000  0.000  0.001
   1.20480    -14.850689  0.000  0.000  0.000  0.000  0.000  0.000  0.000  0.000  0.000  0.001
   1.24029    -14.850701  0.000  0.000  0.000  0.000  0.000  0.000  0.000  0.000  0.000  0.001
   1.27579    -14.850713  0.000  0.000  0.000  0.000  0.000  0.000  0.000  0.000  0.000  0.001
   1.31129    -14.850720  0.000  0.000  0.000  0.000  0.000  0.000  0.000  0.000  0.000  0.001
   1.34679    -14.850729  0.000  0.000  0.000  0.000  0.000  0.000  0.000  0.000  0.000  0.001
   1.38229    -14.850737  0.001  0.000  0.000  0.000  0.000  0.000  0.000  0.000  0.000  0.001
   1.41779    -14.850740  0.001  0.000  0.000  0.000  0.000  0.000  0.000  0.000  0.000  0.001
   1.45329    -14.850741  0.001  0.000  0.000  0.000  0.000  0.000  0.000  0.000  0.000  0.001
   1.45329    -14.850741  0.001  0.000  0.000  0.000  0.000  0.000  0.000  0.000  0.000  0.001
   1.47378    -14.851076  0.001  0.000  0.000  0.000  0.000  0.000  0.000  0.000  0.000  0.001
   1.49428    -14.851409  0.001  0.000  0.000  0.000  0.000  0.000  0.000  0.000  0.000  0.001
   1.51477    -14.851733  0.001  0.000  0.000  0.000  0.000  0.000  0.000  0.000  0.000  0.001
   1.53527    -14.852055  0.001  0.000  0.000  0.000  0.000  0.000  0.000  0.000  0.000  0.001
   1.55576    -14.852368  0.001  0.000  0.000  0.000  0.000  0.000  0.000  0.000  0.000  0.001
   1.57626    -14.852667  0.001  0.000  0.000  0.000  0.000  0.000  0.000  0.000  0.000  0.001
   1.59675    -14.852951  0.001  0.000  0.000  0.000  0.000  0.000  0.000  0.000  0.000  0.001
   1.61725    -14.853220  0.001  0.000  0.000  0.000  0.000  0.000  0.000  0.000  0.000  0.001
   1.63774    -14.853470  0.001  0.000  0.000  0.000  0.000  0.000  0.000  0.000  0.000  0.001
   1.65824    -14.853701  0.001  0.000  0.000  0.000  0.000  0.000  0.000  0.000  0.000  0.001
   1.67873    -14.853911  0.001  0.000  0.000  0.000  0.000  0.000  0.000  0.000  0.000  0.001
   1.69923    -14.854097  0.001  0.000  0.000  0.000  0.000  0.000  0.000  0.000  0.000  0.001
   1.71972    -14.854262  0.001  0.000  0.000  0.000  0.000  0.000  0.000  0.000  0.000  0.001
   1.74022    -14.854402  0.001  0.000  0.000  0.000  0.000  0.000  0.000  0.000  0.000  0.001
   1.76071    -14.854515  0.001  0.000  0.000  0.000  0.000  0.000  0.000  0.000  0.000  0.001
   1.78121    -14.854603  0.001  0.000  0.000  0.000  0.000  0.000  0.000  0.000  0.000  0.001
   1.80170    -14.854664  0.001  0.000  0.000  0.000  0.000  0.000  0.000  0.000  0.000  0.001
   1.82220    -14.854697  0.001  0.000  0.000  0.000  0.000  0.000  0.000  0.000  0.000  0.001
   1.84269    -14.854709  0.001  0.000  0.000  0.000  0.000  0.000  0.000  0.000  0.000  0.001
   1.84269    -14.854709  0.001  0.000  0.000  0.000  0.000  0.000  0.000  0.000  0.000  0.001
   1.88368    -14.854668  0.001  0.000  0.000  0.000  0.000  0.000  0.000  0.000  0.000  0.001
   1.92467    -14.854528  0.001  0.000  0.000  0.000  0.000  0.000  0.000  0.000  0.000  0.001
   1.96566    -14.854311  0.001  0.000  0.000  0.000  0.000  0.000  0.000  0.000  0.000  0.001
   2.00665    -14.854023  0.001  0.000  0.000  0.000  0.000  0.000  0.000  0.000  0.000  0.001
   2.04764    -14.853684  0.001  0.000  0.000  0.000  0.000  0.000  0.000  0.000  0.000  0.001
   2.08863    -14.853313  0.001  0.000  0.000  0.000  0.000  0.000  0.000  0.000  0.000  0.001
   2.12962    -14.852926  0.001  0.000  0.000  0.000  0.000  0.000  0.000  0.000  0.000  0.001
   2.17061    -14.852535  0.001  0.000  0.000  0.000  0.000  0.000  0.000  0.000  0.000  0.001
   2.21160    -14.852159  0.001  0.000  0.000  0.000  0.000  0.000  0.000  0.000  0.000  0.001
   2.25259    -14.851811  0.000  0.000  0.000  0.000  0.000  0.000  0.000  0.000  0.000  0.001
   2.29358    -14.851497  0.000  0.000  0.000  0.000  0.000  0.000  0.000  0.000  0.000  0.001
   2.33457    -14.851233  0.000  0.000  0.000  0.000  0.000  0.000  0.000  0.000  0.000  0.001
   2.37556    -14.851019  0.000  0.000  0.000  0.000  0.000  0.000  0.000  0.000  0.000  0.001
   2.41655    -14.850854  0.000  0.000  0.000  0.000  0.000  0.000  0.000  0.000  0.000  0.000
   2.45754    -14.850734  0.000  0.000  0.000  0.000  0.000  0.000  0.000  0.000  0.000  0.000
   2.49853    -14.850658  0.000  0.000  0.000  0.000  0.000  0.000  0.000  0.000  0.000  0.000
   2.53953    -14.850614  0.000  0.000  0.000  0.000  0.000  0.000  0.000  0.000  0.000  0.000
   2.58052    -14.850603  0.000  0.000  0.000  0.000  0.000  0.000  0.000  0.000  0.000  0.000
   2.62151    -14.850607  0.000  0.000  0.000  0.000  0.000  0.000  0.000  0.000  0.000  0.000
 
# Band-Index:    4
   2.62151    -14.850607  0.000  0.000  0.000  0.000  0.000  0.000  0.000  0.000  0.000  0.000
   2.58052    -14.850599  0.000  0.000  0.000  0.000  0.000  0.000  0.000  0.000  0.000  0.000
   2.53953    -14.850582  0.000  0.000  0.000  0.000  0.000  0.000  0.000  0.000  0.000  0.000
   2.49853    -14.850552  0.000  0.000  0.000  0.000  0.000  0.000  0.000  0.000  0.000  0.000
   2.45754    -14.850488  0.000  0.000  0.000  0.000  0.000  0.000  0.000  0.000  0.000  0.000
   2.41655    -14.850386  0.000  0.000  0.000  0.000  0.000  0.000  0.000  0.000  0.000  0.000
   2.37556    -14.850237  0.000  0.000  0.000  0.000  0.000  0.000  0.000  0.000  0.000  0.000
   2.33457    -14.850040  0.000  0.000  0.000  0.000  0.000  0.000  0.000  0.000  0.000  0.000
   2.29358    -14.849796  0.000  0.000  0.000  0.000  0.000  0.000  0.000  0.000  0.000  0.000
   2.25259    -14.849513  0.000  0.000  0.000  0.000  0.000  0.000  0.000  0.000  0.000  0.000
   2.21160    -14.849191  0.000  0.000  0.000  0.000  0.000  0.000  0.000  0.000  0.000  0.000
   2.17061    -14.848842  0.000  0.000  0.000  0.000  0.000  0.000  0.000  0.000  0.000  0.000
   2.12962    -14.848478  0.000  0.000  0.000  0.000  0.000  0.000  0.000  0.000  0.000  0.000
   2.08863    -14.848111  0.000  0.000  0.000  0.000  0.000  0.000  0.000  0.000  0.000  0.000
   2.04764    -14.847760  0.000  0.000  0.000  0.000  0.000  0.000  0.000  0.000  0.000  0.000
   2.00665    -14.847443  0.000  0.000  0.000  0.000  0.000  0.000  0.000  0.000  0.000  0.000
   1.96566    -14.847174  0.000  0.000  0.000  0.000  0.000  0.000  0.000  0.000  0.000  0.000
   1.92467    -14.846962  0.000  0.000  0.000  0.000  0.000  0.000  0.000  0.000  0.000  0.000
   1.88368    -14.846828  0.000  0.000  0.000  0.000  0.000  0.000  0.000  0.000  0.000  0.000
   1.84269    -14.846775  0.000  0.000  0.000  0.000  0.000  0.000  0.000  0.000  0.000  0.000
   1.84269    -14.846775  0.000  0.000  0.000  0.000  0.000  0.000  0.000  0.000  0.000  0.000
   1.82220    -14.846788  0.000  0.000  0.000  0.000  0.000  0.000  0.000  0.000  0.000  0.000
   1.80170    -14.846829  0.000  0.000  0.000  0.000  0.000  0.000  0.000  0.000  0.000  0.000
   1.78121    -14.846893  0.000  0.000  0.000  0.000  0.000  0.000  0.000  0.000  0.000  0.000
   1.76071    -14.846980  0.000  0.000  0.000  0.000  0.000  0.000  0.000  0.000  0.000  0.000
   1.74022    -14.847094  0.000  0.000  0.000  0.000  0.000  0.000  0.000  0.000  0.000  0.000
   1.71972    -14.847230  0.000  0.000  0.000  0.000  0.000  0.000  0.000  0.000  0.000  0.000
   1.69923    -14.847390  0.000  0.000  0.000  0.000  0.000  0.000  0.000  0.000  0.000  0.000
   1.67873    -14.847577  0.000  0.000  0.000  0.000  0.000  0.000  0.000  0.000  0.000  0.000
   1.65824    -14.847784  0.000  0.000  0.000  0.000  0.000  0.000  0.000  0.000  0.000  0.000
   1.63774    -14.848014  0.000  0.000  0.000  0.000  0.000  0.000  0.000  0.000  0.000  0.000
   1.61725    -14.848263  0.000  0.000  0.000  0.000  0.000  0.000  0.000  0.000  0.000  0.000
   1.59675    -14.848531  0.000  0.000  0.000  0.000  0.000  0.000  0.000  0.000  0.000  0.000
   1.57626    -14.848815  0.000  0.000  0.000  0.000  0.000  0.000  0.000  0.000  0.000  0.000
   1.55576    -14.849113  0.000  0.000  0.000  0.000  0.000  0.000  0.000  0.000  0.000  0.000
   1.53527    -14.849422  0.000  0.000  0.000  0.000  0.000  0.000  0.000  0.000  0.000  0.000
   1.51477    -14.849741  0.000  0.000  0.000  0.000  0.000  0.000  0.000  0.000  0.000  0.001
   1.49428    -14.850072  0.000  0.000  0.000  0.000  0.000  0.000  0.000  0.000  0.000  0.001
   1.47378    -14.850405  0.000  0.000  0.000  0.000  0.000  0.000  0.000  0.000  0.000  0.001
   1.45329    -14.850741  0.001  0.000  0.000  0.000  0.000  0.000  0.000  0.000  0.000  0.001
   1.45329    -14.850741  0.001  0.000  0.000  0.000  0.000  0.000  0.000  0.000  0.000  0.001
   1.41779    -14.850737  0.001  0.000  0.000  0.000  0.000  0.000  0.000  0.000  0.000  0.001
   1.38229    -14.850731  0.000  0.000  0.000  0.000  0.000  0.000  0.000  0.000  0.000  0.001
   1.34679    -14.850720  0.000  0.000  0.000  0.000  0.000  0.000  0.000  0.000  0.000  0.001
   1.31129    -14.850709  0.000  0.000  0.000  0.000  0.000  0.000  0.000  0.000  0.000  0.001
   1.27579    -14.850700  0.000  0.000  0.000  0.000  0.000  0.000  0.000  0.000  0.000  0.001
   1.24029    -14.850689  0.000  0.000  0.000  0.000  0.000  0.000  0.000  0.000  0.000  0.001
   1.20480    -14.850676  0.000  0.000  0.000  0.000  0.000  0.000  0.000  0.000  0.000  0.001
   1.16930    -14.850665  0.000  0.000  0.000  0.000  0.000  0.000  0.000  0.000  0.000  0.001
   1.13380    -14.850653  0.000  0.000  0.000  0.000  0.000  0.000  0.000  0.000  0.000  0.001
   1.09830    -14.850641  0.000  0.000  0.000  0.000  0.000  0.000  0.000  0.000  0.000  0.001
   1.06280    -14.850638  0.000  0.000  0.000  0.000  0.000  0.000  0.000  0.000  0.000  0.000
   1.02730    -14.850628  0.000  0.000  0.000  0.000  0.000  0.000  0.000  0.000  0.000  0.000
   0.99180    -14.850616  0.000  0.000  0.000  0.000  0.000  0.000  0.000  0.000  0.000  0.000
   0.95631    -14.850612  0.000  0.000  0.000  0.000  0.000  0.000  0.000  0.000  0.000  0.000
   0.92081    -14.850605  0.000  0.000  0.000  0.000  0.000  0.000  0.000  0.000  0.000  0.000
   0.88531    -14.850601  0.000  0.000  0.000  0.000  0.000  0.000  0.000  0.000  0.000  0.000
   0.84981    -14.850599  0.000  0.000  0.000  0.000  0.000  0.000  0.000  0.000  0.000  0.000
   0.81431    -14.850600  0.000  0.000  0.000  0.000  0.000  0.000  0.000  0.000  0.000  0.000
   0.77881    -14.850607  0.000  0.000  0.000  0.000  0.000  0.000  0.000  0.000  0.000  0.000
   0.77881    -14.850607  0.000  0.000  0.000  0.000  0.000  0.000  0.000  0.000  0.000  0.000
   0.73782    -14.850599  0.000  0.000  0.000  0.000  0.000  0.000  0.000  0.000  0.000  0.000
   0.69683    -14.850582  0.000  0.000  0.000  0.000  0.000  0.000  0.000  0.000  0.000  0.000
   0.65584    -14.850552  0.000  0.000  0.000  0.000  0.000  0.000  0.000  0.000  0.000  0.000
   0.61485    -14.850488  0.000  0.000  0.000  0.000  0.000  0.000  0.000  0.000  0.000  0.000
   0.57386    -14.850386  0.000  0.000  0.000  0.000  0.000  0.000  0.000  0.000  0.000  0.000
   0.53287    -14.850237  0.000  0.000  0.000  0.000  0.000  0.000  0.000  0.000  0.000  0.000
   0.49188    -14.850040  0.000  0.000  0.000  0.000  0.000  0.000  0.000  0.000  0.000  0.000
   0.45089    -14.849796  0.000  0.000  0.000  0.000  0.000  0.000  0.000  0.000  0.000  0.000
   0.40990    -14.849513  0.000  0.000  0.000  0.000  0.000  0.000  0.000  0.000  0.000  0.000
   0.36891    -14.849191  0.000  0.000  0.000  0.000  0.000  0.000  0.000  0.000  0.000  0.000
   0.32792    -14.848842  0.000  0.000  0.000  0.000  0.000  0.000  0.000  0.000  0.000  0.000
   0.28693    -14.848478  0.000  0.000  0.000  0.000  0.000  0.000  0.000  0.000  0.000  0.000
   0.24594    -14.848111  0.000  0.000  0.000  0.000  0.000  0.000  0.000  0.000  0.000  0.000
   0.20495    -14.847760  0.000  0.000  0.000  0.000  0.000  0.000  0.000  0.000  0.000  0.000
   0.16396    -14.847443  0.000  0.000  0.000  0.000  0.000  0.000  0.000  0.000  0.000  0.000
   0.12297    -14.847174  0.000  0.000  0.000  0.000  0.000  0.000  0.000  0.000  0.000  0.000
   0.08198    -14.846962  0.000  0.000  0.000  0.000  0.000  0.000  0.000  0.000  0.000  0.000
   0.04099    -14.846828  0.000  0.000  0.000  0.000  0.000  0.000  0.000  0.000  0.000  0.000
   0.00000    -14.846775  0.000  0.000  0.000  0.000  0.000  0.000  0.000  0.000  0.000  0.000
 
# Band-Index:    5
   0.00000    -14.084357  0.000  0.000  0.000  0.000  0.000  0.000  0.000  0.000  0.000  0.000
   0.04099    -14.084387  0.000  0.000  0.000  0.000  0.000  0.000  0.000  0.000  0.000  0.000
   0.08198    -14.084477  0.000  0.000  0.000  0.000  0.000  0.000  0.000  0.000  0.000  0.000
   0.12297    -14.084637  0.000  0.000  0.000  0.000  0.000  0.000  0.000  0.000  0.000  0.000
   0.16396    -14.084864  0.000  0.000  0.000  0.000  0.000  0.000  0.000  0.000  0.000  0.000
   0.20495    -14.085151  0.000  0.000  0.000  0.000  0.000  0.000  0.000  0.000  0.000  0.000
   0.24594    -14.085492  0.000  0.000  0.000  0.000  0.000  0.000  0.000  0.000  0.000  0.001
   0.28693    -14.085863  0.000  0.000  0.000  0.000  0.000  0.000  0.000  0.000  0.000  0.001
   0.32792    -14.086258  0.001  0.000  0.000  0.000  0.000  0.000  0.000  0.000  0.000  0.001
   0.36891    -14.086654  0.001  0.000  0.000  0.000  0.000  0.000  0.000  0.000  0.000  0.001
   0.40990    -14.087040  0.001  0.000  0.000  0.000  0.000  0.000  0.000  0.000  0.000  0.001
   0.45089    -14.087400  0.001  0.000  0.000  0.000  0.000  0.000  0.000  0.000  0.000  0.001
   0.49188    -14.087724  0.001  0.000  0.000  0.000  0.000  0.000  0.000  0.000  0.000  0.001
   0.53287    -14.087999  0.001  0.000  0.000  0.000  0.000  0.000  0.000  0.000  0.000  0.001
   0.57386    -14.088209  0.001  0.000  0.000  0.000  0.000  0.000  0.000  0.000  0.000  0.001
   0.61485    -14.088351  0.001  0.000  0.000  0.000  0.000  0.000  0.000  0.000  0.000  0.001
   0.65584    -14.088425  0.001  0.000  0.000  0.000  0.000  0.000  0.000  0.000  0.000  0.001
   0.69683    -14.088423  0.001  0.000  0.000  0.000  0.000  0.000  0.000  0.000  0.000  0.001
   0.73782    -14.088355  0.001  0.000  0.000  0.000  0.000  0.000  0.000  0.000  0.000  0.001
   0.77881    -14.088215  0.001  0.000  0.000  0.000  0.000  0.000  0.000  0.000  0.000  0.001
   0.77881    -14.088215  0.001  0.000  0.000  0.000  0.000  0.000  0.000  0.000  0.000  0.001
   0.81431    -14.088337  0.001  0.000  0.000  0.000  0.000  0.000  0.000  0.000  0.000  0.001
   0.84981    -14.088412  0.001  0.000  0.000  0.000  0.000  0.000  0.000  0.000  0.000  0.001
   0.88531    -14.088432  0.001  0.000  0.000  0.000  0.000  0.000  0.000  0.000  0.000  0.001
   0.92081    -14.088399  0.001  0.000  0.000  0.000  0.000  0.000  0.000  0.000  0.000  0.001
   0.95631    -14.088313  0.001  0.000  0.000  0.000  0.000  0.000  0.000  0.000  0.000  0.001
   0.99180    -14.088169  0.001  0.000  0.000  0.000  0.000  0.000  0.000  0.000  0.000  0.001
   1.02730    -14.087982  0.001  0.000  0.000  0.000  0.000  0.000  0.000  0.000  0.000  0.001
   1.06280    -14.087743  0.001  0.000  0.000  0.000  0.000  0.000  0.000  0.000  0.000  0.001
   1.09830    -14.087460  0.001  0.000  0.000  0.000  0.000  0.000  0.000  0.000  0.000  0.001
   1.13380    -14.087150  0.001  0.000  0.000  0.000  0.000  0.000  0.000  0.000  0.000  0.001
   1.16930    -14.086814  0.001  0.000  0.000  0.000  0.000  0.000  0.000  0.000  0.000  0.001
   1.20480    -14.086466  0.001  0.000  0.000  0.000  0.000  0.000  0.000  0.000  0.000  0.001
   1.24029    -14.086111  0.000  0.000  0.000  0.000  0.000  0.000  0.000  0.000  0.000  0.001
   1.27579    -14.085764  0.000  0.000  0.000  0.000  0.000  0.000  0.000  0.000  0.000  0.001
   1.31129    -14.085425  0.000  0.000  0.000  0.000  0.000  0.000  0.000  0.000  0.000  0.000
   1.34679    -14.085114  0.000  0.000  0.000  0.000  0.000  0.000  0.000  0.000  0.000  0.000
   1.38229    -14.084840  0.000  0.000  0.000  0.000  0.000  0.000  0.000  0.000  0.000  0.000
   1.41779    -14.084606  0.000  0.000  0.000  0.000  0.000  0.000  0.000  0.000  0.000  0.000
   1.45329    -14.084418  0.000  0.000  0.000  0.000  0.000  0.000  0.000  0.000  0.000  0.000
   1.45329    -14.084418  0.000  0.000  0.000  0.000  0.000  0.000  0.000  0.000  0.000  0.000
   1.47378    -14.084469  0.000  0.000  0.000  0.000  0.000  0.000  0.000  0.000  0.000  0.000
   1.49428    -14.084509  0.000  0.000  0.000  0.000  0.000  0.000  0.000  0.000  0.000  0.000
   1.51477    -14.084541  0.000  0.000  0.000  0.000  0.000  0.000  0.000  0.000  0.000  0.000
   1.53527    -14.084567  0.000  0.000  0.000  0.000  0.000  0.000  0.000  0.000  0.000  0.000
   1.55576    -14.084588  0.000  0.000  0.000  0.000  0.000  0.000  0.000  0.000  0.000  0.000
   1.57626    -14.084597  0.000  0.000  0.000  0.000  0.000  0.000  0.000  0.000  0.000  0.000
   1.59675    -14.084602  0.000  0.000  0.000  0.000  0.000  0.000  0.000  0.000  0.000  0.000
   1.61725    -14.084598  0.000  0.000  0.000  0.000  0.000  0.000  0.000  0.000  0.000  0.000
   1.63774    -14.084586  0.000  0.000  0.000  0.000  0.000  0.000  0.000  0.000  0.000  0.000
   1.65824    -14.084567  0.000  0.000  0.000  0.000  0.000  0.000  0.000  0.000  0.000  0.000
   1.67873    -14.084544  0.000  0.000  0.000  0.000  0.000  0.000  0.000  0.000  0.000  0.000
   1.69923    -14.084515  0.000  0.000  0.000  0.000  0.000  0.000  0.000  0.000  0.000  0.000
   1.71972    -14.084487  0.000  0.000  0.000  0.000  0.000  0.000  0.000  0.000  0.000  0.000
   1.74022    -14.084461  0.000  0.000  0.000  0.000  0.000  0.000  0.000  0.000  0.000  0.000
   1.76071    -14.084430  0.000  0.000  0.000  0.000  0.000  0.000  0.000  0.000  0.000  0.000
   1.78121    -14.084404  0.000  0.000  0.000  0.000  0.000  0.000  0.000  0.000  0.000  0.000
   1.80170    -14.084381  0.000  0.000  0.000  0.000  0.000  0.000  0.000  0.000  0.000  0.000
   1.82220    -14.084363  0.000  0.000  0.000  0.000  0.000  0.000  0.000  0.000  0.000  0.000
   1.84269    -14.084357  0.000  0.000  0.000  0.000  0.000  0.000  0.000  0.000  0.000  0.000
   1.84269    -14.084357  0.000  0.000  0.000  0.000  0.000  0.000  0.000  0.000  0.000  0.000
   1.88368    -14.084387  0.000  0.000  0.000  0.000  0.000  0.000  0.000  0.000  0.000  0.000
   1.92467    -14.084477  0.000  0.000  0.000  0.000  0.000  0.000  0.000  0.000  0.000  0.000
   1.96566    -14.084637  0.000  0.000  0.000  0.000  0.000  0.000  0.000  0.000  0.000  0.000
   2.00665    -14.084864  0.000  0.000  0.000  0.000  0.000  0.000  0.000  0.000  0.000  0.000
   2.04764    -14.085151  0.000  0.000  0.000  0.000  0.000  0.000  0.000  0.000  0.000  0.000
   2.08863    -14.085492  0.000  0.000  0.000  0.000  0.000  0.000  0.000  0.000  0.000  0.001
   2.12962    -14.085863  0.000  0.000  0.000  0.000  0.000  0.000  0.000  0.000  0.000  0.001
   2.17061    -14.086258  0.001  0.000  0.000  0.000  0.000  0.000  0.000  0.000  0.000  0.001
   2.21160    -14.086654  0.001  0.000  0.000  0.000  0.000  0.000  0.000  0.000  0.000  0.001
   2.25259    -14.087040  0.001  0.000  0.000  0.000  0.000  0.000  0.000  0.000  0.000  0.001
   2.29358    -14.087400  0.001  0.000  0.000  0.000  0.000  0.000  0.000  0.000  0.000  0.001
   2.33457    -14.087724  0.001  0.000  0.000  0.000  0.000  0.000  0.000  0.000  0.000  0.001
   2.37556    -14.087999  0.001  0.000  0.000  0.000  0.000  0.000  0.000  0.000  0.000  0.001
   2.41655    -14.088209  0.001  0.000  0.000  0.000  0.000  0.000  0.000  0.000  0.000  0.001
   2.45754    -14.088351  0.001  0.000  0.000  0.000  0.000  0.000  0.000  0.000  0.000  0.001
   2.49853    -14.088425  0.001  0.000  0.000  0.000  0.000  0.000  0.000  0.000  0.000  0.001
   2.53953    -14.088423  0.001  0.000  0.000  0.000  0.000  0.000  0.000  0.000  0.000  0.001
   2.58052    -14.088355  0.001  0.000  0.000  0.000  0.000  0.000  0.000  0.000  0.000  0.001
   2.62151    -14.088215  0.001  0.000  0.000  0.000  0.000  0.000  0.000  0.000  0.000  0.001
 
# Band-Index:    6
   2.62151    -14.088215  0.001  0.000  0.000  0.000  0.000  0.000  0.000  0.000  0.000  0.001
   2.58052    -14.087995  0.001  0.000  0.000  0.000  0.000  0.000  0.000  0.000  0.000  0.001
   2.53953    -14.087715  0.001  0.000  0.000  0.000  0.000  0.000  0.000  0.000  0.000  0.001
   2.49853    -14.087395  0.001  0.000  0.000  0.000  0.000  0.000  0.000  0.000  0.000  0.001
   2.45754    -14.087033  0.000  0.000  0.000  0.000  0.000  0.000  0.000  0.000  0.000  0.001
   2.41655    -14.086648  0.000  0.000  0.000  0.000  0.000  0.000  0.000  0.000  0.000  0.001
   2.37556    -14.086247  0.000  0.000  0.000  0.000  0.000  0.000  0.000  0.000  0.000  0.000
   2.33457    -14.085837  0.000  0.000  0.000  0.000  0.000  0.000  0.000  0.000  0.000  0.000
   2.29358    -14.085436  0.000  0.000  0.000  0.000  0.000  0.000  0.000  0.000  0.000  0.000
   2.25259    -14.085058  0.000  0.000  0.000  0.000  0.000  0.000  0.000  0.000  0.000  0.000
   2.21160    -14.084709  0.000  0.000  0.000  0.000  0.000  0.000  0.000  0.000  0.000  0.000
   2.17061    -14.084398  0.000  0.000  0.000  0.000  0.000  0.000  0.000  0.000  0.000  0.000
   2.12962    -14.084128  0.000  0.000  0.000  0.000  0.000  0.000  0.000  0.000  0.000  0.000
   2.08863    -14.083908  0.000  0.000  0.000  0.000  0.000  0.000  0.000  0.000  0.000  0.000
   2.04764    -14.083731  0.000  0.000  0.000  0.000  0.000  0.000  0.000  0.000  0.000  0.000
   2.00665    -14.083600  0.000  0.000  0.000  0.000  0.000  0.000  0.000  0.000  0.000  0.000
   1.96566    -14.083505  0.000  0.000  0.000  0.000  0.000  0.000  0.000  0.000  0.000  0.000
   1.92467    -14.083437  0.000  0.000  0.000  0.000  0.000  0.000  0.000  0.000  0.000  0.000
   1.88368    -14.083394  0.000  0.000  0.000  0.000  0.000  0.000  0.000  0.000  0.000  0.000
   1.84269    -14.083375  0.000  0.000  0.000  0.000  0.000  0.000  0.000  0.000  0.000  0.000
   1.84269    -14.083375  0.000  0.000  0.000  0.000  0.000  0.000  0.000  0.000  0.000  0.000
   1.82220    -14.083379  0.000  0.000  0.000  0.000  0.000  0.000  0.000  0.000  0.000  0.000
   1.80170    -14.083395  0.000  0.000  0.000  0.000  0.000  0.000  0.000  0.000  0.000  0.000
   1.78121    -14.083417  0.000  0.000  0.000  0.000  0.000  0.000  0.000  0.000  0.000  0.000
   1.76071    -14.083446  0.000  0.000  0.000  0.000  0.000  0.000  0.000  0.000  0.000  0.000
   1.74022    -14.083485  0.000  0.000  0.000  0.000  0.000  0.000  0.000  0.000  0.000  0.000
   1.71972    -14.083527  0.000  0.000  0.000  0.000  0.000  0.000  0.000  0.000  0.000  0.000
   1.69923    -14.083580  0.000  0.000  0.000  0.000  0.000  0.000  0.000  0.000  0.000  0.000
   1.67873    -14.083642  0.000  0.000  0.000  0.000  0.000  0.000  0.000  0.000  0.000  0.000
   1.65824    -14.083708  0.000  0.000  0.000  0.000  0.000  0.000  0.000  0.000  0.000  0.000
   1.63774    -14.083779  0.000  0.000  0.000  0.000  0.000  0.000  0.000  0.000  0.000  0.000
   1.61725    -14.083853  0.000  0.000  0.000  0.000  0.000  0.000  0.000  0.000  0.000  0.000
   1.59675    -14.083928  0.000  0.000  0.000  0.000  0.000  0.000  0.000  0.000  0.000  0.000
   1.57626    -14.084003  0.000  0.000  0.000  0.000  0.000  0.000  0.000  0.000  0.000  0.000
   1.55576    -14.084081  0.000  0.000  0.000  0.000  0.000  0.000  0.000  0.000  0.000  0.000
   1.53527    -14.084152  0.000  0.000  0.000  0.000  0.000  0.000  0.000  0.000  0.000  0.000
   1.51477    -14.084226  0.000  0.000  0.000  0.000  0.000  0.000  0.000  0.000  0.000  0.000
   1.49428    -14.084296  0.000  0.000  0.000  0.000  0.000  0.000  0.000  0.000  0.000  0.000
   1.47378    -14.084362  0.000  0.000  0.000  0.000  0.000  0.000  0.000  0.000  0.000  0.000
   1.45329    -14.084418  0.000  0.000  0.000  0.000  0.000  0.000  0.000  0.000  0.000  0.000
   1.45329    -14.084418  0.000  0.000  0.000  0.000  0.000  0.000  0.000  0.000  0.000  0.000
   1.41779    -14.084284  0.000  0.000  0.000  0.000  0.000  0.000  0.000  0.000  0.000  0.000
   1.38229    -14.084205  0.000  0.000  0.000  0.000  0.000  0.000  0.000  0.000  0.000  0.000
   1.34679    -14.084184  0.000  0.000  0.000  0.000  0.000  0.000  0.000  0.000  0.000  0.000
   1.31129    -14.084228  0.000  0.000  0.000  0.000  0.000  0.000  0.000  0.000  0.000  0.000
   1.27579    -14.084333  0.000  0.000  0.000  0.000  0.000  0.000  0.000  0.000  0.000  0.000
   1.24029    -14.084486  0.000  0.000  0.000  0.000  0.000  0.000  0.000  0.000  0.000  0.000
   1.20480    -14.084693  0.000  0.000  0.000  0.000  0.000  0.000  0.000  0.000  0.000  0.000
   1.16930    -14.084942  0.000  0.000  0.000  0.000  0.000  0.000  0.000  0.000  0.000  0.000
   1.13380    -14.085231  0.000  0.000  0.000  0.000  0.000  0.000  0.000  0.000  0.000  0.000
   1.09830    -14.085546  0.000  0.000  0.000  0.000  0.000  0.000  0.000  0.000  0.000  0.000
   1.06280    -14.085886  0.000  0.000  0.000  0.000  0.000  0.000  0.000  0.000  0.000  0.000
   1.02730    -14.086231  0.000  0.000  0.000  0.000  0.000  0.000  0.000  0.000  0.000  0.000
   0.99180    -14.086572  0.000  0.000  0.000  0.000  0.000  0.000  0.000  0.000  0.000  0.001
   0.95631    -14.086912  0.000  0.000  0.000  0.000  0.000  0.000  0.000  0.000  0.000  0.001
   0.92081    -14.087232  0.001  0.000  0.000  0.000  0.000  0.000  0.000  0.000  0.000  0.001
   0.88531    -14.087528  0.001  0.000  0.000  0.000  0.000  0.000  0.000  0.000  0.000  0.001
   0.84981    -14.087796  0.001  0.000  0.000  0.000  0.000  0.000  0.000  0.000  0.000  0.001
   0.81431    -14.088025  0.001  0.000  0.000  0.000  0.000  0.000  0.000  0.000  0.000  0.001
   0.77881    -14.088215  0.001  0.000  0.000  0.000  0.000  0.000  0.000  0.000  0.000  0.001
   0.77881    -14.088215  0.001  0.000  0.000  0.000  0.000  0.000  0.000  0.000  0.000  0.001
   0.73782    -14.087995  0.001  0.000  0.000  0.000  0.000  0.000  0.000  0.000  0.000  0.001
   0.69683    -14.087715  0.001  0.000  0.000  0.000  0.000  0.000  0.000  0.000  0.000  0.001
   0.65584    -14.087395  0.001  0.000  0.000  0.000  0.000  0.000  0.000  0.000  0.000  0.001
   0.61485    -14.087033  0.000  0.000  0.000  0.000  0.000  0.000  0.000  0.000  0.000  0.001
   0.57386    -14.086648  0.000  0.000  0.000  0.000  0.000  0.000  0.000  0.000  0.000  0.001
   0.53287    -14.086247  0.000  0.000  0.000  0.000  0.000  0.000  0.000  0.000  0.000  0.000
   0.49188    -14.085837  0.000  0.000  0.000  0.000  0.000  0.000  0.000  0.000  0.000  0.000
   0.45089    -14.085436  0.000  0.000  0.000  0.000  0.000  0.000  0.000  0.000  0.000  0.000
   0.40990    -14.085058  0.000  0.000  0.000  0.000  0.000  0.000  0.000  0.000  0.000  0.000
   0.36891    -14.084709  0.000  0.000  0.000  0.000  0.000  0.000  0.000  0.000  0.000  0.000
   0.32792    -14.084398  0.000  0.000  0.000  0.000  0.000  0.000  0.000  0.000  0.000  0.000
   0.28693    -14.084128  0.000  0.000  0.000  0.000  0.000  0.000  0.000  0.000  0.000  0.000
   0.24594    -14.083908  0.000  0.000  0.000  0.000  0.000  0.000  0.000  0.000  0.000  0.000
   0.20495    -14.083731  0.000  0.000  0.000  0.000  0.000  0.000  0.000  0.000  0.000  0.000
   0.16396    -14.083600  0.000  0.000  0.000  0.000  0.000  0.000  0.000  0.000  0.000  0.000
   0.12297    -14.083505  0.000  0.000  0.000  0.000  0.000  0.000  0.000  0.000  0.000  0.000
   0.08198    -14.083437  0.000  0.000  0.000  0.000  0.000  0.000  0.000  0.000  0.000  0.000
   0.04099    -14.083394  0.000  0.000  0.000  0.000  0.000  0.000  0.000  0.000  0.000  0.000
   0.00000    -14.083375  0.000  0.000  0.000  0.000  0.000  0.000  0.000  0.000  0.000  0.000
 
# Band-Index:    7
   0.00000    -14.043788  0.001  0.000  0.000  0.000  0.000  0.000  0.000  0.000  0.000  0.001
   0.04099    -14.043771  0.001  0.000  0.000  0.000  0.000  0.000  0.000  0.000  0.000  0.001
   0.08198    -14.043699  0.001  0.000  0.000  0.000  0.000  0.000  0.000  0.000  0.000  0.001
   0.12297    -14.043577  0.001  0.000  0.000  0.000  0.000  0.000  0.000  0.000  0.000  0.001
   0.16396    -14.043405  0.001  0.000  0.000  0.000  0.000  0.000  0.000  0.000  0.000  0.001
   0.20495    -14.043192  0.001  0.000  0.000  0.000  0.000  0.000  0.000  0.000  0.000  0.001
   0.24594    -14.042953  0.000  0.000  0.000  0.000  0.000  0.000  0.000  0.000  0.000  0.001
   0.28693    -14.042684  0.000  0.000  0.000  0.000  0.000  0.000  0.000  0.000  0.000  0.001
   0.32792    -14.042403  0.000  0.000  0.000  0.000  0.000  0.000  0.000  0.000  0.000  0.000
   0.36891    -14.042114  0.000  0.000  0.000  0.000  0.000  0.000  0.000  0.000  0.000  0.000
   0.40990    -14.041834  0.000  0.000  0.000  0.000  0.000  0.000  0.000  0.000  0.000  0.000
   0.45089    -14.041567  0.000  0.000  0.000  0.000  0.000  0.000  0.000  0.000  0.000  0.000
   0.49188    -14.041328  0.000  0.000  0.000  0.000  0.000  0.000  0.000  0.000  0.000  0.000
   0.53287    -14.041121  0.000  0.000  0.000  0.000  0.000  0.000  0.000  0.000  0.000  0.000
   0.57386    -14.040944  0.000  0.000  0.000  0.000  0.000  0.000  0.000  0.000  0.000  0.000
   0.61485    -14.040800  0.000  0.000  0.000  0.000  0.000  0.000  0.000  0.000  0.000  0.000
   0.65584    -14.040694  0.000  0.000  0.000  0.000  0.000  0.000  0.000  0.000  0.000  0.000
   0.69683    -14.040621  0.000  0.000  0.000  0.000  0.000  0.000  0.000  0.000  0.000  0.000
   0.73782    -14.040589  0.000  0.000  0.000  0.000  0.000  0.000  0.000  0.000  0.000  0.000
   0.77881    -14.040585  0.000  0.000  0.000  0.000  0.000  0.000  0.000  0.000  0.000  0.000
   0.77881    -14.040585  0.000  0.000  0.000  0.000  0.000  0.000  0.000  0.000  0.000  0.000
   0.81431    -14.040584  0.000  0.000  0.000  0.000  0.000  0.000  0.000  0.000  0.000  0.000
   0.84981    -14.040606  0.000  0.000  0.000  0.000  0.000  0.000  0.000  0.000  0.000  0.000
   0.88531    -14.040645  0.000  0.000  0.000  0.000  0.000  0.000  0.000  0.000  0.000  0.000
   0.92081    -14.040702  0.000  0.000  0.000  0.000  0.000  0.000  0.000  0.000  0.000  0.000
   0.95631    -14.040778  0.000  0.000  0.000  0.000  0.000  0.000  0.000  0.000  0.000  0.000
   0.99180    -14.040861  0.000  0.000  0.000  0.000  0.000  0.000  0.000  0.000  0.000  0.000
   1.02730    -14.040966  0.000  0.000  0.000  0.000  0.000  0.000  0.000  0.000  0.000  0.000
   1.06280    -14.041074  0.000  0.000  0.000  0.000  0.000  0.000  0.000  0.000  0.000  0.000
   1.09830    -14.041182  0.000  0.000  0.000  0.000  0.000  0.000  0.000  0.000  0.000  0.000
   1.13380    -14.041301  0.000  0.000  0.000  0.000  0.000  0.000  0.000  0.000  0.000  0.000
   1.16930    -14.041420  0.000  0.000  0.000  0.000  0.000  0.000  0.000  0.000  0.000  0.000
   1.20480    -14.041540  0.000  0.000  0.000  0.000  0.000  0.000  0.000  0.000  0.000  0.000
   1.24029    -14.041654  0.000  0.000  0.000  0.000  0.000  0.000  0.000  0.000  0.000  0.000
   1.27579    -14.041758  0.000  0.000  0.000  0.000  0.000  0.000  0.000  0.000  0.000  0.000
   1.31129    -14.041846  0.000  0.000  0.000  0.000  0.000  0.000  0.000  0.000  0.000  0.000
   1.34679    -14.041919  0.000  0.000  0.000  0.000  0.000  0.000  0.000  0.000  0.000  0.000
   1.38229    -14.041978  0.000  0.000  0.000  0.000  0.000  0.000  0.000  0.000  0.000  0.000
   1.41779    -14.042011  0.000  0.000  0.000  0.000  0.000  0.000  0.000  0.000  0.000  0.000
   1.45329    -14.042017  0.000  0.000  0.000  0.000  0.000  0.000  0.000  0.000  0.000  0.000
   1.45329    -14.042017  0.000  0.000  0.000  0.000  0.000  0.000  0.000  0.000  0.000  0.000
   1.47378    -14.042168  0.000  0.000  0.000  0.000  0.000  0.000  0.000  0.000  0.000  0.000
   1.49428    -14.042314  0.000  0.000  0.000  0.000  0.000  0.000  0.000  0.000  0.000  0.000
   1.51477    -14.042455  0.000  0.000  0.000  0.000  0.000  0.000  0.000  0.000  0.000  0.000
   1.53527    -14.042596  0.000  0.000  0.000  0.000  0.000  0.000  0.000  0.000  0.000  0.001
   1.55576    -14.042735  0.000  0.000  0.000  0.000  0.000  0.000  0.000  0.000  0.000  0.001
   1.57626    -14.042864  0.000  0.000  0.000  0.000  0.000  0.000  0.000  0.000  0.000  0.001
   1.59675    -14.042990  0.001  0.000  0.000  0.000  0.000  0.000  0.000  0.000  0.000  0.001
   1.61725    -14.043108  0.001  0.000  0.000  0.000  0.000  0.000  0.000  0.000  0.000  0.001
   1.63774    -14.043222  0.001  0.000  0.000  0.000  0.000  0.000  0.000  0.000  0.000  0.001
   1.65824    -14.043324  0.001  0.000  0.000  0.000  0.000  0.000  0.000  0.000  0.000  0.001
   1.67873    -14.043421  0.001  0.000  0.000  0.000  0.000  0.000  0.000  0.000  0.000  0.001
   1.69923    -14.043503  0.001  0.000  0.000  0.000  0.000  0.000  0.000  0.000  0.000  0.001
   1.71972    -14.043579  0.001  0.000  0.000  0.000  0.000  0.000  0.000  0.000  0.000  0.001
   1.74022    -14.043647  0.001  0.000  0.000  0.000  0.000  0.000  0.000  0.000  0.000  0.001
   1.76071    -14.043700  0.001  0.000  0.000  0.000  0.000  0.000  0.000  0.000  0.000  0.001
   1.78121    -14.043743  0.001  0.000  0.000  0.000  0.000  0.000  0.000  0.000  0.000  0.001
   1.80170    -14.043772  0.001  0.000  0.000  0.000  0.000  0.000  0.000  0.000  0.000  0.001
   1.82220    -14.043783  0.001  0.000  0.000  0.000  0.000  0.000  0.000  0.000  0.000  0.001
   1.84269    -14.043788  0.001  0.000  0.000  0.000  0.000  0.000  0.000  0.000  0.000  0.001
   1.84269    -14.043788  0.001  0.000  0.000  0.000  0.000  0.000  0.000  0.000  0.000  0.001
   1.88368    -14.043771  0.001  0.000  0.000  0.000  0.000  0.000  0.000  0.000  0.000  0.001
   1.92467    -14.043699  0.001  0.000  0.000  0.000  0.000  0.000  0.000  0.000  0.000  0.001
   1.96566    -14.043577  0.001  0.000  0.000  0.000  0.000  0.000  0.000  0.000  0.000  0.001
   2.00665    -14.043405  0.001  0.000  0.000  0.000  0.000  0.000  0.000  0.000  0.000  0.001
   2.04764    -14.043192  0.001  0.000  0.000  0.000  0.000  0.000  0.000  0.000  0.000  0.001
   2.08863    -14.042953  0.000  0.000  0.000  0.000  0.000  0.000  0.000  0.000  0.000  0.001
   2.12962    -14.042684  0.000  0.000  0.000  0.000  0.000  0.000  0.000  0.000  0.000  0.001
   2.17061    -14.042403  0.000  0.000  0.000  0.000  0.000  0.000  0.000  0.000  0.000  0.000
   2.21160    -14.042114  0.000  0.000  0.000  0.000  0.000  0.000  0.000  0.000  0.000  0.000
   2.25259    -14.041834  0.000  0.000  0.000  0.000  0.000  0.000  0.000  0.000  0.000  0.000
   2.29358    -14.041567  0.000  0.000  0.000  0.000  0.000  0.000  0.000  0.000  0.000  0.000
   2.33457    -14.041328  0.000  0.000  0.000  0.000  0.000  0.000  0.000  0.000  0.000  0.000
   2.37556    -14.041121  0.000  0.000  0.000  0.000  0.000  0.000  0.000  0.000  0.000  0.000
   2.41655    -14.040944  0.000  0.000  0.000  0.000  0.000  0.000  0.000  0.000  0.000  0.000
   2.45754    -14.040800  0.000  0.000  0.000  0.000  0.000  0.000  0.000  0.000  0.000  0.000
   2.49853    -14.040694  0.000  0.000  0.000  0.000  0.000  0.000  0.000  0.000  0.000  0.000
   2.53953    -14.040621  0.000  0.000  0.000  0.000  0.000  0.000  0.000  0.000  0.000  0.000
   2.58052    -14.040589  0.000  0.000  0.000  0.000  0.000  0.000  0.000  0.000  0.000  0.000
   2.62151    -14.040585  0.000  0.000  0.000  0.000  0.000  0.000  0.000  0.000  0.000  0.000
 
# Band-Index:    8
   2.62151    -14.040585  0.000  0.000  0.000  0.000  0.000  0.000  0.000  0.000  0.000  0.000
   2.58052    -14.040587  0.000  0.000  0.000  0.000  0.000  0.000  0.000  0.000  0.000  0.000
   2.53953    -14.040606  0.000  0.000  0.000  0.000  0.000  0.000  0.000  0.000  0.000  0.000
   2.49853    -14.040646  0.000  0.000  0.000  0.000  0.000  0.000  0.000  0.000  0.000  0.000
   2.45754    -14.040689  0.000  0.000  0.000  0.000  0.000  0.000  0.000  0.000  0.000  0.000
   2.41655    -14.040734  0.000  0.000  0.000  0.000  0.000  0.000  0.000  0.000  0.000  0.000
   2.37556    -14.040770  0.000  0.000  0.000  0.000  0.000  0.000  0.000  0.000  0.000  0.000
   2.33457    -14.040793  0.000  0.000  0.000  0.000  0.000  0.000  0.000  0.000  0.000  0.000
   2.29358    -14.040805  0.000  0.000  0.000  0.000  0.000  0.000  0.000  0.000  0.000  0.000
   2.25259    -14.040806  0.000  0.000  0.000  0.000  0.000  0.000  0.000  0.000  0.000  0.000
   2.21160    -14.040788  0.000  0.000  0.000  0.000  0.000  0.000  0.000  0.000  0.000  0.000
   2.17061    -14.040753  0.000  0.000  0.000  0.000  0.000  0.000  0.000  0.000  0.000  0.000
   2.12962    -14.040697  0.000  0.000  0.000  0.000  0.000  0.000  0.000  0.000  0.000  0.000
   2.08863    -14.040628  0.000  0.000  0.000  0.000  0.000  0.000  0.000  0.000  0.000  0.000
   2.04764    -14.040543  0.000  0.000  0.000  0.000  0.000  0.000  0.000  0.000  0.000  0.000
   2.00665    -14.040461  0.000  0.000  0.000  0.000  0.000  0.000  0.000  0.000  0.000  0.000
   1.96566    -14.040379  0.000  0.000  0.000  0.000  0.000  0.000  0.000  0.000  0.000  0.000
   1.92467    -14.040305  0.000  0.000  0.000  0.000  0.000  0.000  0.000  0.000  0.000  0.000
   1.88368    -14.040252  0.000  0.000  0.000  0.000  0.000  0.000  0.000  0.000  0.000  0.000
   1.84269    -14.040225  0.000  0.000  0.000  0.000  0.000  0.000  0.000  0.000  0.000  0.000
   1.84269    -14.040225  0.000  0.000  0.000  0.000  0.000  0.000  0.000  0.000  0.000  0.000
   1.82220    -14.040232  0.000  0.000  0.000  0.000  0.000  0.000  0.000  0.000  0.000  0.000
   1.80170    -14.040255  0.000  0.000  0.000  0.000  0.000  0.000  0.000  0.000  0.000  0.000
   1.78121    -14.040284  0.000  0.000  0.000  0.000  0.000  0.000  0.000  0.000  0.000  0.000
   1.76071    -14.040322  0.000  0.000  0.000  0.000  0.000  0.000  0.000  0.000  0.000  0.000
   1.74022    -14.040373  0.000  0.000  0.000  0.000  0.000  0.000  0.000  0.000  0.000  0.000
   1.71972    -14.040431  0.000  0.000  0.000  0.000  0.000  0.000  0.000  0.000  0.000  0.000
   1.69923    -14.040504  0.000  0.000  0.000  0.000  0.000  0.000  0.000  0.000  0.000  0.000
   1.67873    -14.040592  0.000  0.000  0.000  0.000  0.000  0.000  0.000  0.000  0.000  0.000
   1.65824    -14.040685  0.000  0.000  0.000  0.000  0.000  0.000  0.000  0.000  0.000  0.000
   1.63774    -14.040791  0.000  0.000  0.000  0.000  0.000  0.000  0.000  0.000  0.000  0.000
   1.61725    -14.040903  0.000  0.000  0.000  0.000  0.000  0.000  0.000  0.000  0.000  0.000
   1.59675    -14.041026  0.000  0.000  0.000  0.000  0.000  0.000  0.000  0.000  0.000  0.000
   1.57626    -14.041155  0.000  0.000  0.000  0.000  0.000  0.000  0.000  0.000  0.000  0.000
   1.55576    -14.041292  0.000  0.000  0.000  0.000  0.000  0.000  0.000  0.000  0.000  0.000
   1.53527    -14.041430  0.000  0.000  0.000  0.000  0.000  0.000  0.000  0.000  0.000  0.000
   1.51477    -14.041573  0.000  0.000  0.000  0.000  0.000  0.000  0.000  0.000  0.000  0.000
   1.49428    -14.041722  0.000  0.000  0.000  0.000  0.000  0.000  0.000  0.000  0.000  0.000
   1.47378    -14.041872  0.000  0.000  0.000  0.000  0.000  0.000  0.000  0.000  0.000  0.000
   1.45329    -14.042017  0.000  0.000  0.000  0.000  0.000  0.000  0.000  0.000  0.000  0.000
   1.45329    -14.042017  0.000  0.000  0.000  0.000  0.000  0.000  0.000  0.000  0.000  0.000
   1.41779    -14.042005  0.000  0.000  0.000  0.000  0.000  0.000  0.000  0.000  0.000  0.000
   1.38229    -14.041967  0.000  0.000  0.000  0.000  0.000  0.000  0.000  0.000  0.000  0.000
   1.34679    -14.041902  0.000  0.000  0.000  0.000  0.000  0.000  0.000  0.000  0.000  0.000
   1.31129    -14.041825  0.000  0.000  0.000  0.000  0.000  0.000  0.000  0.000  0.000  0.000
   1.27579    -14.041734  0.000  0.000  0.000  0.000  0.000  0.000  0.000  0.000  0.000  0.000
   1.24029    -14.041628  0.000  0.000  0.000  0.000  0.000  0.000  0.000  0.000  0.000  0.000
   1.20480    -14.041514  0.000  0.000  0.000  0.000  0.000  0.000  0.000  0.000  0.000  0.000
   1.16930    -14.041396  0.000  0.000  0.000  0.000  0.000  0.000  0.000  0.000  0.000  0.000
   1.13380    -14.041278  0.000  0.000  0.000  0.000  0.000  0.000  0.000  0.000  0.000  0.000
   1.09830    -14.041162  0.000  0.000  0.000  0.000  0.000  0.000  0.000  0.000  0.000  0.000
   1.06280    -14.041058  0.000  0.000  0.000  0.000  0.000  0.000  0.000  0.000  0.000  0.000
   1.02730    -14.040954  0.000  0.000  0.000  0.000  0.000  0.000  0.000  0.000  0.000  0.000
   0.99180    -14.040853  0.000  0.000  0.000  0.000  0.000  0.000  0.000  0.000  0.000  0.000
   0.95631    -14.040772  0.000  0.000  0.000  0.000  0.000  0.000  0.000  0.000  0.000  0.000
   0.92081    -14.040699  0.000  0.000  0.000  0.000  0.000  0.000  0.000  0.000  0.000  0.000
   0.88531    -14.040643  0.000  0.000  0.000  0.000  0.000  0.000  0.000  0.000  0.000  0.000
   0.84981    -14.040605  0.000  0.000  0.000  0.000  0.000  0.000  0.000  0.000  0.000  0.000
   0.81431    -14.040584  0.000  0.000  0.000  0.000  0.000  0.000  0.000  0.000  0.000  0.000
   0.77881    -14.040585  0.000  0.000  0.000  0.000  0.000  0.000  0.000  0.000  0.000  0.000
   0.77881    -14.040585  0.000  0.000  0.000  0.000  0.000  0.000  0.000  0.000  0.000  0.000
   0.73782    -14.040587  0.000  0.000  0.000  0.000  0.000  0.000  0.000  0.000  0.000  0.000
   0.69683    -14.040606  0.000  0.000  0.000  0.000  0.000  0.000  0.000  0.000  0.000  0.000
   0.65584    -14.040646  0.000  0.000  0.000  0.000  0.000  0.000  0.000  0.000  0.000  0.000
   0.61485    -14.040689  0.000  0.000  0.000  0.000  0.000  0.000  0.000  0.000  0.000  0.000
   0.57386    -14.040734  0.000  0.000  0.000  0.000  0.000  0.000  0.000  0.000  0.000  0.000
   0.53287    -14.040770  0.000  0.000  0.000  0.000  0.000  0.000  0.000  0.000  0.000  0.000
   0.49188    -14.040793  0.000  0.000  0.000  0.000  0.000  0.000  0.000  0.000  0.000  0.000
   0.45089    -14.040805  0.000  0.000  0.000  0.000  0.000  0.000  0.000  0.000  0.000  0.000
   0.40990    -14.040806  0.000  0.000  0.000  0.000  0.000  0.000  0.000  0.000  0.000  0.000
   0.36891    -14.040788  0.000  0.000  0.000  0.000  0.000  0.000  0.000  0.000  0.000  0.000
   0.32792    -14.040753  0.000  0.000  0.000  0.000  0.000  0.000  0.000  0.000  0.000  0.000
   0.28693    -14.040697  0.000  0.000  0.000  0.000  0.000  0.000  0.000  0.000  0.000  0.000
   0.24594    -14.040628  0.000  0.000  0.000  0.000  0.000  0.000  0.000  0.000  0.000  0.000
   0.20495    -14.040543  0.000  0.000  0.000  0.000  0.000  0.000  0.000  0.000  0.000  0.000
   0.16396    -14.040461  0.000  0.000  0.000  0.000  0.000  0.000  0.000  0.000  0.000  0.000
   0.12297    -14.040379  0.000  0.000  0.000  0.000  0.000  0.000  0.000  0.000  0.000  0.000
   0.08198    -14.040305  0.000  0.000  0.000  0.000  0.000  0.000  0.000  0.000  0.000  0.000
   0.04099    -14.040252  0.000  0.000  0.000  0.000  0.000  0.000  0.000  0.000  0.000  0.000
   0.00000    -14.040225  0.000  0.000  0.000  0.000  0.000  0.000  0.000  0.000  0.000  0.000
 
# Band-Index:    9
   0.00000    -13.984853  0.002  0.000  0.000  0.000  0.000  0.000  0.000  0.000  0.000  0.002
   0.04099    -13.984775  0.002  0.000  0.000  0.000  0.000  0.000  0.000  0.000  0.000  0.002
   0.08198    -13.984522  0.002  0.000  0.000  0.000  0.000  0.000  0.000  0.000  0.000  0.002
   0.12297    -13.984135  0.002  0.000  0.000  0.000  0.000  0.000  0.000  0.000  0.000  0.002
   0.16396    -13.983631  0.002  0.000  0.000  0.000  0.000  0.000  0.000  0.000  0.000  0.002
   0.20495    -13.983047  0.002  0.000  0.000  0.000  0.000  0.000  0.000  0.000  0.000  0.002
   0.24594    -13.982419  0.002  0.000  0.000  0.000  0.000  0.000  0.000  0.000  0.000  0.002
   0.28693    -13.981778  0.001  0.000  0.000  0.000  0.000  0.000  0.000  0.000  0.000  0.002
   0.32792    -13.981145  0.001  0.000  0.000  0.000  0.000  0.000  0.000  0.000  0.000  0.001
   0.36891    -13.980549  0.001  0.000  0.000  0.000  0.000  0.000  0.000  0.000  0.000  0.001
   0.40990    -13.980008  0.001  0.000  0.000  0.000  0.000  0.000  0.000  0.000  0.000  0.001
   0.45089    -13.979533  0.001  0.000  0.000  0.000  0.000  0.000  0.000  0.000  0.000  0.001
   0.49188    -13.979141  0.000  0.000  0.000  0.000  0.000  0.000  0.000  0.000  0.000  0.001
   0.53287    -13.978833  0.000  0.000  0.000  0.000  0.000  0.000  0.000  0.000  0.000  0.001
   0.57386    -13.978606  0.000  0.000  0.000  0.000  0.000  0.000  0.000  0.000  0.000  0.001
   0.61485    -13.978449  0.000  0.000  0.000  0.000  0.000  0.000  0.000  0.000  0.000  0.001
   0.65584    -13.978358  0.000  0.000  0.000  0.000  0.000  0.000  0.000  0.000  0.000  0.001
   0.69683    -13.978312  0.000  0.000  0.000  0.000  0.000  0.000  0.000  0.000  0.000  0.001
   0.73782    -13.978305  0.000  0.000  0.000  0.000  0.000  0.000  0.000  0.000  0.000  0.001
   0.77881    -13.978300  0.000  0.000  0.000  0.000  0.000  0.000  0.000  0.000  0.000  0.001
   0.77881    -13.978300  0.000  0.000  0.000  0.000  0.000  0.000  0.000  0.000  0.000  0.001
   0.81431    -13.978302  0.000  0.000  0.000  0.000  0.000  0.000  0.000  0.000  0.000  0.001
   0.84981    -13.978305  0.000  0.000  0.000  0.000  0.000  0.000  0.000  0.000  0.000  0.001
   0.88531    -13.978305  0.000  0.000  0.000  0.000  0.000  0.000  0.000  0.000  0.000  0.001
   0.92081    -13.978298  0.000  0.000  0.000  0.000  0.000  0.000  0.000  0.000  0.000  0.001
   0.95631    -13.978290  0.000  0.000  0.000  0.000  0.000  0.000  0.000  0.000  0.000  0.001
   0.99180    -13.978269  0.000  0.000  0.000  0.000  0.000  0.000  0.000  0.000  0.000  0.001
   1.02730    -13.978248  0.000  0.000  0.000  0.000  0.000  0.000  0.000  0.000  0.000  0.001
   1.06280    -13.978220  0.000  0.000  0.000  0.000  0.000  0.000  0.000  0.000  0.000  0.001
   1.09830    -13.978172  0.000  0.000  0.000  0.000  0.000  0.000  0.000  0.000  0.000  0.001
   1.13380    -13.978132  0.001  0.000  0.000  0.000  0.000  0.000  0.000  0.000  0.000  0.001
   1.16930    -13.978085  0.001  0.000  0.000  0.000  0.000  0.000  0.000  0.000  0.000  0.001
   1.20480    -13.978032  0.001  0.000  0.000  0.000  0.000  0.000  0.000  0.000  0.000  0.001
   1.24029    -13.977977  0.001  0.000  0.000  0.000  0.000  0.000  0.000  0.000  0.000  0.001
   1.27579    -13.977922  0.001  0.000  0.000  0.000  0.000  0.000  0.000  0.000  0.000  0.001
   1.31129    -13.977864  0.001  0.000  0.000  0.000  0.000  0.000  0.000  0.000  0.000  0.001
   1.34679    -13.977814  0.001  0.000  0.000  0.000  0.000  0.000  0.000  0.000  0.000  0.001
   1.38229    -13.977772  0.001  0.000  0.000  0.000  0.000  0.000  0.000  0.000  0.000  0.001
   1.41779    -13.977735  0.001  0.000  0.000  0.000  0.000  0.000  0.000  0.000  0.000  0.001
   1.45329    -13.977707  0.001  0.000  0.000  0.000  0.000  0.000  0.000  0.000  0.000  0.001
   1.45329    -13.977707  0.001  0.000  0.000  0.000  0.000  0.000  0.000  0.000  0.000  0.001
   1.47378    -13.978291  0.001  0.000  0.000  0.000  0.000  0.000  0.000  0.000  0.000  0.001
   1.49428    -13.978875  0.001  0.000  0.000  0.000  0.000  0.000  0.000  0.000  0.000  0.001
   1.51477    -13.979448  0.001  0.000  0.000  0.000  0.000  0.000  0.000  0.000  0.000  0.001
   1.53527    -13.980019  0.001  0.000  0.000  0.000  0.000  0.000  0.000  0.000  0.000  0.001
   1.55576    -13.980577  0.001  0.000  0.000  0.000  0.000  0.000  0.000  0.000  0.000  0.001
   1.57626    -13.981113  0.001  0.000  0.000  0.000  0.000  0.000  0.000  0.000  0.000  0.002
   1.59675    -13.981627  0.001  0.000  0.000  0.000  0.000  0.000  0.000  0.000  0.000  0.002
   1.61725    -13.982115  0.002  0.000  0.000  0.000  0.000  0.000  0.000  0.000  0.000  0.002
   1.63774    -13.982570  0.002  0.000  0.000  0.000  0.000  0.000  0.000  0.000  0.000  0.002
   1.65824    -13.982992  0.002  0.000  0.000  0.000  0.000  0.000  0.000  0.000  0.000  0.002
   1.67873    -13.983377  0.002  0.000  0.000  0.000  0.000  0.000  0.000  0.000  0.000  0.002
   1.69923    -13.983721  0.002  0.000  0.000  0.000  0.000  0.000  0.000  0.000  0.000  0.002
   1.71972    -13.984025  0.002  0.000  0.000  0.000  0.000  0.000  0.000  0.000  0.000  0.002
   1.74022    -13.984282  0.002  0.000  0.000  0.000  0.000  0.000  0.000  0.000  0.000  0.002
   1.76071    -13.984491  0.002  0.000  0.000  0.000  0.000  0.000  0.000  0.000  0.000  0.002
   1.78121    -13.984654  0.002  0.000  0.000  0.000  0.000  0.000  0.000  0.000  0.000  0.002
   1.80170    -13.984767  0.002  0.000  0.000  0.000  0.000  0.000  0.000  0.000  0.000  0.002
   1.82220    -13.984832  0.002  0.000  0.000  0.000  0.000  0.000  0.000  0.000  0.000  0.002
   1.84269    -13.984853  0.002  0.000  0.000  0.000  0.000  0.000  0.000  0.000  0.000  0.002
   1.84269    -13.984853  0.002  0.000  0.000  0.000  0.000  0.000  0.000  0.000  0.000  0.002
   1.88368    -13.984775  0.002  0.000  0.000  0.000  0.000  0.000  0.000  0.000  0.000  0.002
   1.92467    -13.984522  0.002  0.000  0.000  0.000  0.000  0.000  0.000  0.000  0.000  0.002
   1.96566    -13.984135  0.002  0.000  0.000  0.000  0.000  0.000  0.000  0.000  0.000  0.002
   2.00665    -13.983631  0.002  0.000  0.000  0.000  0.000  0.000  0.000  0.000  0.000  0.002
   2.04764    -13.983047  0.002  0.000  0.000  0.000  0.000  0.000  0.000  0.000  0.000  0.002
   2.08863    -13.982419  0.002  0.000  0.000  0.000  0.000  0.000  0.000  0.000  0.000  0.002
   2.12962    -13.981778  0.001  0.000  0.000  0.000  0.000  0.000  0.000  0.000  0.000  0.002
   2.17061    -13.981145  0.001  0.000  0.000  0.000  0.000  0.000  0.000  0.000  0.000  0.001
   2.21160    -13.980549  0.001  0.000  0.000  0.000  0.000  0.000  0.000  0.000  0.000  0.001
   2.25259    -13.980008  0.001  0.000  0.000  0.000  0.000  0.000  0.000  0.000  0.000  0.001
   2.29358    -13.979533  0.001  0.000  0.000  0.000  0.000  0.000  0.000  0.000  0.000  0.001
   2.33457    -13.979141  0.000  0.000  0.000  0.000  0.000  0.000  0.000  0.000  0.000  0.001
   2.37556    -13.978833  0.000  0.000  0.000  0.000  0.000  0.000  0.000  0.000  0.000  0.001
   2.41655    -13.978606  0.000  0.000  0.000  0.000  0.000  0.000  0.000  0.000  0.000  0.001
   2.45754    -13.978449  0.000  0.000  0.000  0.000  0.000  0.000  0.000  0.000  0.000  0.001
   2.49853    -13.978358  0.000  0.000  0.000  0.000  0.000  0.000  0.000  0.000  0.000  0.001
   2.53953    -13.978312  0.000  0.000  0.000  0.000  0.000  0.000  0.000  0.000  0.000  0.001
   2.58052    -13.978305  0.000  0.000  0.000  0.000  0.000  0.000  0.000  0.000  0.000  0.001
   2.62151    -13.978300  0.000  0.000  0.000  0.000  0.000  0.000  0.000  0.000  0.000  0.001
 
# Band-Index:   10
   2.62151    -13.978300  0.000  0.000  0.000  0.000  0.000  0.000  0.000  0.000  0.000  0.001
   2.58052    -13.978267  0.000  0.000  0.000  0.000  0.000  0.000  0.000  0.000  0.000  0.001
   2.53953    -13.978220  0.000  0.000  0.000  0.000  0.000  0.000  0.000  0.000  0.000  0.001
   2.49853    -13.978145  0.000  0.000  0.000  0.000  0.000  0.000  0.000  0.000  0.000  0.001
   2.45754    -13.978000  0.000  0.000  0.000  0.000  0.000  0.000  0.000  0.000  0.000  0.001
   2.41655    -13.977778  0.000  0.000  0.000  0.000  0.000  0.000  0.000  0.000  0.000  0.001
   2.37556    -13.977464  0.000  0.000  0.000  0.000  0.000  0.000  0.000  0.000  0.000  0.001
   2.33457    -13.977061  0.000  0.000  0.000  0.000  0.000  0.000  0.000  0.000  0.000  0.001
   2.29358    -13.976572  0.000  0.000  0.000  0.000  0.000  0.000  0.000  0.000  0.000  0.001
   2.25259    -13.976011  0.000  0.000  0.000  0.000  0.000  0.000  0.000  0.000  0.000  0.001
   2.21160    -13.975384  0.000  0.000  0.000  0.000  0.000  0.000  0.000  0.000  0.000  0.001
   2.17061    -13.974714  0.000  0.000  0.000  0.000  0.000  0.000  0.000  0.000  0.000  0.001
   2.12962    -13.974028  0.000  0.000  0.000  0.000  0.000  0.000  0.000  0.000  0.000  0.001
   2.08863    -13.973347  0.000  0.000  0.000  0.000  0.000  0.000  0.000  0.000  0.000  0.000
   2.04764    -13.972707  0.000  0.000  0.000  0.000  0.000  0.000  0.000  0.000  0.000  0.000
   2.00665    -13.972136  0.000  0.000  0.000  0.000  0.000  0.000  0.000  0.000  0.000  0.000
   1.96566    -13.971656  0.000  0.000  0.000  0.000  0.000  0.000  0.000  0.000  0.000  0.000
   1.92467    -13.971285  0.000  0.000  0.000  0.000  0.000  0.000  0.000  0.000  0.000  0.000
   1.88368    -13.971057  0.000  0.000  0.000  0.000  0.000  0.000  0.000  0.000  0.000  0.000
   1.84269    -13.970967  0.000  0.000  0.000  0.000  0.000  0.000  0.000  0.000  0.000  0.000
   1.84269    -13.970967  0.000  0.000  0.000  0.000  0.000  0.000  0.000  0.000  0.000  0.000
   1.82220    -13.970989  0.000  0.000  0.000  0.000  0.000  0.000  0.000  0.000  0.000  0.000
   1.80170    -13.971056  0.000  0.000  0.000  0.000  0.000  0.000  0.000  0.000  0.000  0.000
   1.78121    -13.971164  0.000  0.000  0.000  0.000  0.000  0.000  0.000  0.000  0.000  0.000
   1.76071    -13.971311  0.000  0.000  0.000  0.000  0.000  0.000  0.000  0.000  0.000  0.000
   1.74022    -13.971502  0.000  0.000  0.000  0.000  0.000  0.000  0.000  0.000  0.000  0.000
   1.71972    -13.971733  0.000  0.000  0.000  0.000  0.000  0.000  0.000  0.000  0.000  0.000
   1.69923    -13.972001  0.000  0.000  0.000  0.000  0.000  0.000  0.000  0.000  0.000  0.000
   1.67873    -13.972313  0.000  0.000  0.000  0.000  0.000  0.000  0.000  0.000  0.000  0.000
   1.65824    -13.972663  0.000  0.000  0.000  0.000  0.000  0.000  0.000  0.000  0.000  0.000
   1.63774    -13.973048  0.000  0.000  0.000  0.000  0.000  0.000  0.000  0.000  0.000  0.000
   1.61725    -13.973469  0.000  0.000  0.000  0.000  0.000  0.000  0.000  0.000  0.000  0.001
   1.59675    -13.973920  0.000  0.000  0.000  0.000  0.000  0.000  0.000  0.000  0.000  0.001
   1.57626    -13.974400  0.000  0.000  0.000  0.000  0.000  0.000  0.000  0.000  0.000  0.001
   1.55576    -13.974907  0.000  0.000  0.000  0.000  0.000  0.000  0.000  0.000  0.000  0.001
   1.53527    -13.975432  0.001  0.000  0.000  0.000  0.000  0.000  0.000  0.000  0.000  0.001
   1.51477    -13.975978  0.001  0.000  0.000  0.000  0.000  0.000  0.000  0.000  0.000  0.001
   1.49428    -13.976548  0.001  0.000  0.000  0.000  0.000  0.000  0.000  0.000  0.000  0.001
   1.47378    -13.977123  0.001  0.000  0.000  0.000  0.000  0.000  0.000  0.000  0.000  0.001
   1.45329    -13.977707  0.001  0.000  0.000  0.000  0.000  0.000  0.000  0.000  0.000  0.001
   1.45329    -13.977707  0.001  0.000  0.000  0.000  0.000  0.000  0.000  0.000  0.000  0.001
   1.41779    -13.977684  0.001  0.000  0.000  0.000  0.000  0.000  0.000  0.000  0.000  0.001
   1.38229    -13.977673  0.001  0.000  0.000  0.000  0.000  0.000  0.000  0.000  0.000  0.001
   1.34679    -13.977670  0.001  0.000  0.000  0.000  0.000  0.000  0.000  0.000  0.000  0.001
   1.31129    -13.977681  0.001  0.000  0.000  0.000  0.000  0.000  0.000  0.000  0.000  0.001
   1.27579    -13.977708  0.001  0.000  0.000  0.000  0.000  0.000  0.000  0.000  0.000  0.001
   1.24029    -13.977740  0.001  0.000  0.000  0.000  0.000  0.000  0.000  0.000  0.000  0.001
   1.20480    -13.977780  0.001  0.000  0.000  0.000  0.000  0.000  0.000  0.000  0.000  0.001
   1.16930    -13.977827  0.001  0.000  0.000  0.000  0.000  0.000  0.000  0.000  0.000  0.001
   1.13380    -13.977876  0.000  0.000  0.000  0.000  0.000  0.000  0.000  0.000  0.000  0.001
   1.09830    -13.977926  0.000  0.000  0.000  0.000  0.000  0.000  0.000  0.000  0.000  0.001
   1.06280    -13.977990  0.000  0.000  0.000  0.000  0.000  0.000  0.000  0.000  0.000  0.001
   1.02730    -13.978039  0.000  0.000  0.000  0.000  0.000  0.000  0.000  0.000  0.000  0.001
   0.99180    -13.978085  0.000  0.000  0.000  0.000  0.000  0.000  0.000  0.000  0.000  0.001
   0.95631    -13.978134  0.000  0.000  0.000  0.000  0.000  0.000  0.000  0.000  0.000  0.001
   0.92081    -13.978172  0.000  0.000  0.000  0.000  0.000  0.000  0.000  0.000  0.000  0.001
   0.88531    -13.978210  0.000  0.000  0.000  0.000  0.000  0.000  0.000  0.000  0.000  0.001
   0.84981    -13.978241  0.000  0.000  0.000  0.000  0.000  0.000  0.000  0.000  0.000  0.001
   0.81431    -13.978270  0.000  0.000  0.000  0.000  0.000  0.000  0.000  0.000  0.000  0.001
   0.77881    -13.978300  0.000  0.000  0.000  0.000  0.000  0.000  0.000  0.000  0.000  0.001
   0.77881    -13.978300  0.000  0.000  0.000  0.000  0.000  0.000  0.000  0.000  0.000  0.001
   0.73782    -13.978267  0.000  0.000  0.000  0.000  0.000  0.000  0.000  0.000  0.000  0.001
   0.69683    -13.978220  0.000  0.000  0.000  0.000  0.000  0.000  0.000  0.000  0.000  0.001
   0.65584    -13.978145  0.000  0.000  0.000  0.000  0.000  0.000  0.000  0.000  0.000  0.001
   0.61485    -13.978000  0.000  0.000  0.000  0.000  0.000  0.000  0.000  0.000  0.000  0.001
   0.57386    -13.977778  0.000  0.000  0.000  0.000  0.000  0.000  0.000  0.000  0.000  0.001
   0.53287    -13.977464  0.000  0.000  0.000  0.000  0.000  0.000  0.000  0.000  0.000  0.001
   0.49188    -13.977061  0.000  0.000  0.000  0.000  0.000  0.000  0.000  0.000  0.000  0.001
   0.45089    -13.976572  0.000  0.000  0.000  0.000  0.000  0.000  0.000  0.000  0.000  0.001
   0.40990    -13.976011  0.000  0.000  0.000  0.000  0.000  0.000  0.000  0.000  0.000  0.001
   0.36891    -13.975384  0.000  0.000  0.000  0.000  0.000  0.000  0.000  0.000  0.000  0.001
   0.32792    -13.974714  0.000  0.000  0.000  0.000  0.000  0.000  0.000  0.000  0.000  0.001
   0.28693    -13.974028  0.000  0.000  0.000  0.000  0.000  0.000  0.000  0.000  0.000  0.001
   0.24594    -13.973347  0.000  0.000  0.000  0.000  0.000  0.000  0.000  0.000  0.000  0.000
   0.20495    -13.972707  0.000  0.000  0.000  0.000  0.000  0.000  0.000  0.000  0.000  0.000
   0.16396    -13.972136  0.000  0.000  0.000  0.000  0.000  0.000  0.000  0.000  0.000  0.000
   0.12297    -13.971656  0.000  0.000  0.000  0.000  0.000  0.000  0.000  0.000  0.000  0.000
   0.08198    -13.971285  0.000  0.000  0.000  0.000  0.000  0.000  0.000  0.000  0.000  0.000
   0.04099    -13.971057  0.000  0.000  0.000  0.000  0.000  0.000  0.000  0.000  0.000  0.000
   0.00000    -13.970967  0.000  0.000  0.000  0.000  0.000  0.000  0.000  0.000  0.000  0.000
 
# Band-Index:   11
   0.00000     -7.923717  0.578  0.000  0.000  0.000  0.000  0.000  0.000  0.000  0.000  0.578
   0.04099     -7.926566  0.577  0.000  0.000  0.000  0.000  0.000  0.000  0.000  0.000  0.578
   0.08198     -7.935684  0.575  0.000  0.000  0.000  0.000  0.000  0.000  0.000  0.000  0.576
   0.12297     -7.951616  0.571  0.000  0.000  0.000  0.000  0.000  0.000  0.000  0.000  0.572
   0.16396     -7.974448  0.566  0.000  0.000  0.000  0.000  0.000  0.000  0.000  0.000  0.566
   0.20495     -8.003782  0.559  0.000  0.000  0.000  0.000  0.000  0.000  0.000  0.000  0.560
   0.24594     -8.038799  0.551  0.000  0.000  0.000  0.000  0.000  0.000  0.000  0.000  0.552
   0.28693     -8.078339  0.543  0.000  0.000  0.000  0.000  0.000  0.000  0.000  0.000  0.544
   0.32792     -8.121035  0.535  0.000  0.000  0.000  0.000  0.000  0.000  0.000  0.000  0.535
   0.36891     -8.165426  0.526  0.000  0.000  0.000  0.000  0.000  0.000  0.000  0.000  0.527
   0.40990     -8.210067  0.518  0.000  0.000  0.000  0.000  0.000  0.000  0.000  0.000  0.519
   0.45089     -8.253597  0.511  0.000  0.000  0.000  0.000  0.000  0.000  0.000  0.000  0.512
   0.49188     -8.294795  0.505  0.000  0.000  0.000  0.000  0.000  0.000  0.000  0.000  0.506
   0.53287     -8.332565  0.499  0.000  0.000  0.000  0.000  0.000  0.000  0.000  0.000  0.500
   0.57386     -8.365981  0.494  0.000  0.000  0.000  0.000  0.000  0.000  0.000  0.000  0.495
   0.61485     -8.394285  0.490  0.000  0.000  0.000  0.000  0.000  0.000  0.000  0.000  0.491
   0.65584     -8.416887  0.487  0.000  0.000  0.000  0.000  0.000  0.000  0.000  0.000  0.488
   0.69683     -8.433337  0.485  0.000  0.000  0.000  0.000  0.000  0.000  0.000  0.000  0.485
   0.73782     -8.443320  0.484  0.000  0.000  0.000  0.000  0.000  0.000  0.000  0.000  0.484
   0.77881     -8.446647  0.483  0.000  0.000  0.000  0.000  0.000  0.000  0.000  0.000  0.484
   0.77881     -8.446647  0.483  0.000  0.000  0.000  0.000  0.000  0.000  0.000  0.000  0.484
   0.81431     -8.444155  0.484  0.000  0.000  0.000  0.000  0.000  0.000  0.000  0.000  0.484
   0.84981     -8.436657  0.484  0.000  0.000  0.000  0.000  0.000  0.000  0.000  0.000  0.485
   0.88531     -8.424259  0.486  0.000  0.000  0.000  0.000  0.000  0.000  0.000  0.000  0.487
   0.92081     -8.407140  0.488  0.000  0.000  0.000  0.000  0.000  0.000  0.000  0.000  0.489
   0.95631     -8.385556  0.491  0.000  0.000  0.000  0.000  0.000  0.000  0.000  0.000  0.492
   0.99180     -8.359845  0.495  0.000  0.000  0.000  0.000  0.000  0.000  0.000  0.000  0.496
   1.02730     -8.330439  0.499  0.000  0.000  0.000  0.000  0.000  0.000  0.000  0.000  0.500
   1.06280     -8.297873  0.504  0.000  0.000  0.000  0.000  0.000  0.000  0.000  0.000  0.505
   1.09830     -8.262796  0.510  0.000  0.000  0.000  0.000  0.000  0.000  0.000  0.000  0.511
   1.13380     -8.225977  0.516  0.001  0.000  0.000  0.000  0.000  0.000  0.000  0.000  0.517
   1.16930     -8.188307  0.522  0.001  0.000  0.000  0.000  0.000  0.000  0.000  0.000  0.523
   1.20480     -8.150805  0.529  0.001  0.000  0.000  0.000  0.000  0.000  0.000  0.000  0.530
   1.24029     -8.114605  0.536  0.000  0.000  0.000  0.000  0.000  0.000  0.000  0.000  0.537
   1.27579     -8.080935  0.543  0.000  0.000  0.000  0.000  0.000  0.000  0.000  0.000  0.544
   1.31129     -8.051062  0.549  0.000  0.000  0.000  0.000  0.000  0.000  0.000  0.000  0.550
   1.34679     -8.026229  0.555  0.000  0.000  0.000  0.000  0.000  0.000  0.000  0.000  0.556
   1.38229     -8.007560  0.559  0.000  0.000  0.000  0.000  0.000  0.000  0.000  0.000  0.560
   1.41779     -7.995962  0.562  0.000  0.000  0.000  0.000  0.000  0.000  0.000  0.000  0.562
   1.45329     -7.992026  0.563  0.000  0.000  0.000  0.000  0.000  0.000  0.000  0.000  0.563
   1.45329     -7.992026  0.563  0.000  0.000  0.000  0.000  0.000  0.000  0.000  0.000  0.563
   1.47378     -7.991736  0.563  0.000  0.000  0.000  0.000  0.000  0.000  0.000  0.000  0.563
   1.49428     -7.990644  0.563  0.000  0.000  0.000  0.000  0.000  0.000  0.000  0.000  0.564
   1.51477     -7.988773  0.563  0.000  0.000  0.000  0.000  0.000  0.000  0.000  0.000  0.564
   1.53527     -7.986160  0.564  0.000  0.000  0.000  0.000  0.000  0.000  0.000  0.000  0.564
   1.55576     -7.982858  0.565  0.000  0.000  0.000  0.000  0.000  0.000  0.000  0.000  0.565
   1.57626     -7.978929  0.565  0.000  0.000  0.000  0.000  0.000  0.000  0.000  0.000  0.566
   1.59675     -7.974453  0.566  0.000  0.000  0.000  0.000  0.000  0.000  0.000  0.000  0.567
   1.61725     -7.969522  0.567  0.000  0.000  0.000  0.000  0.000  0.000  0.000  0.000  0.568
   1.63774     -7.964244  0.569  0.000  0.000  0.000  0.000  0.000  0.000  0.000  0.000  0.569
   1.65824     -7.958740  0.570  0.000  0.000  0.000  0.000  0.000  0.000  0.000  0.000  0.570
   1.67873     -7.953141  0.571  0.000  0.000  0.000  0.000  0.000  0.000  0.000  0.000  0.572
   1.69923     -7.947591  0.572  0.000  0.000  0.000  0.000  0.000  0.000  0.000  0.000  0.573
   1.71972     -7.942246  0.574  0.000  0.000  0.000  0.000  0.000  0.000  0.000  0.000  0.574
   1.74022     -7.937267  0.575  0.000  0.000  0.000  0.000  0.000  0.000  0.000  0.000  0.575
   1.76071     -7.932821  0.576  0.000  0.000  0.000  0.000  0.000  0.000  0.000  0.000  0.576
   1.78121     -7.929076  0.577  0.000  0.000  0.000  0.000  0.000  0.000  0.000  0.000  0.577
   1.80170     -7.926202  0.577  0.000  0.000  0.000  0.000  0.000  0.000  0.000  0.000  0.578
   1.82220     -7.924363  0.578  0.000  0.000  0.000  0.000  0.000  0.000  0.000  0.000  0.578
   1.84269     -7.923717  0.578  0.000  0.000  0.000  0.000  0.000  0.000  0.000  0.000  0.578
   1.84269     -7.923717  0.578  0.000  0.000  0.000  0.000  0.000  0.000  0.000  0.000  0.578
   1.88368     -7.926566  0.577  0.000  0.000  0.000  0.000  0.000  0.000  0.000  0.000  0.578
   1.92467     -7.935684  0.575  0.000  0.000  0.000  0.000  0.000  0.000  0.000  0.000  0.576
   1.96566     -7.951616  0.571  0.000  0.000  0.000  0.000  0.000  0.000  0.000  0.000  0.572
   2.00665     -7.974448  0.566  0.000  0.000  0.000  0.000  0.000  0.000  0.000  0.000  0.566
   2.04764     -8.003782  0.559  0.000  0.000  0.000  0.000  0.000  0.000  0.000  0.000  0.560
   2.08863     -8.038799  0.551  0.000  0.000  0.000  0.000  0.000  0.000  0.000  0.000  0.552
   2.12962     -8.078339  0.543  0.000  0.000  0.000  0.000  0.000  0.000  0.000  0.000  0.544
   2.17061     -8.121035  0.535  0.000  0.000  0.000  0.000  0.000  0.000  0.000  0.000  0.535
   2.21160     -8.165426  0.526  0.000  0.000  0.000  0.000  0.000  0.000  0.000  0.000  0.527
   2.25259     -8.210067  0.518  0.000  0.000  0.000  0.000  0.000  0.000  0.000  0.000  0.519
   2.29358     -8.253597  0.511  0.000  0.000  0.000  0.000  0.000  0.000  0.000  0.000  0.512
   2.33457     -8.294795  0.505  0.000  0.000  0.000  0.000  0.000  0.000  0.000  0.000  0.506
   2.37556     -8.332565  0.499  0.000  0.000  0.000  0.000  0.000  0.000  0.000  0.000  0.500
   2.41655     -8.365981  0.494  0.000  0.000  0.000  0.000  0.000  0.000  0.000  0.000  0.495
   2.45754     -8.394285  0.490  0.000  0.000  0.000  0.000  0.000  0.000  0.000  0.000  0.491
   2.49853     -8.416887  0.487  0.000  0.000  0.000  0.000  0.000  0.000  0.000  0.000  0.488
   2.53953     -8.433337  0.485  0.000  0.000  0.000  0.000  0.000  0.000  0.000  0.000  0.485
   2.58052     -8.443320  0.484  0.000  0.000  0.000  0.000  0.000  0.000  0.000  0.000  0.484
   2.62151     -8.446647  0.483  0.000  0.000  0.000  0.000  0.000  0.000  0.000  0.000  0.484
 
# Band-Index:   12
   2.62151     -8.446647  0.483  0.000  0.000  0.000  0.000  0.000  0.000  0.000  0.000  0.484
   2.58052     -8.443262  0.484  0.000  0.000  0.000  0.000  0.000  0.000  0.000  0.000  0.484
   2.53953     -8.433224  0.485  0.000  0.000  0.000  0.000  0.000  0.000  0.000  0.000  0.485
   2.49853     -8.416726  0.487  0.000  0.000  0.000  0.000  0.000  0.000  0.000  0.000  0.488
   2.45754     -8.394087  0.490  0.000  0.000  0.000  0.000  0.000  0.000  0.000  0.000  0.491
   2.41655     -8.365757  0.494  0.000  0.000  0.000  0.000  0.000  0.000  0.000  0.000  0.495
   2.37556     -8.332324  0.499  0.000  0.000  0.000  0.000  0.000  0.000  0.000  0.000  0.500
   2.33457     -8.294534  0.505  0.000  0.000  0.000  0.000  0.000  0.000  0.000  0.000  0.505
   2.29358     -8.253288  0.511  0.000  0.000  0.000  0.000  0.000  0.000  0.000  0.000  0.512
   2.25259     -8.209654  0.519  0.000  0.000  0.000  0.000  0.000  0.000  0.000  0.000  0.520
   2.21160     -8.164836  0.527  0.000  0.000  0.000  0.000  0.000  0.000  0.000  0.000  0.528
   2.17061     -8.120193  0.535  0.000  0.000  0.000  0.000  0.000  0.000  0.000  0.000  0.536
   2.12962     -8.077176  0.544  0.000  0.000  0.000  0.000  0.000  0.000  0.000  0.000  0.545
   2.08863     -8.037261  0.552  0.000  0.000  0.000  0.000  0.000  0.000  0.000  0.000  0.553
   2.04764     -8.001836  0.560  0.000  0.000  0.000  0.000  0.000  0.000  0.000  0.000  0.561
   2.00665     -7.972094  0.567  0.000  0.000  0.000  0.000  0.000  0.000  0.000  0.000  0.568
   1.96566     -7.948893  0.573  0.000  0.000  0.000  0.000  0.000  0.000  0.000  0.000  0.573
   1.92467     -7.932667  0.577  0.000  0.000  0.000  0.000  0.000  0.000  0.000  0.000  0.577
   1.88368     -7.923361  0.579  0.000  0.000  0.000  0.000  0.000  0.000  0.000  0.000  0.580
   1.84269     -7.920448  0.580  0.000  0.000  0.000  0.000  0.000  0.000  0.000  0.000  0.580
   1.84269     -7.920448  0.580  0.000  0.000  0.000  0.000  0.000  0.000  0.000  0.000  0.580
   1.82220     -7.921110  0.580  0.000  0.000  0.000  0.000  0.000  0.000  0.000  0.000  0.580
   1.80170     -7.922995  0.579  0.000  0.000  0.000  0.000  0.000  0.000  0.000  0.000  0.580
   1.78121     -7.925946  0.579  0.000  0.000  0.000  0.000  0.000  0.000  0.000  0.000  0.579
   1.76071     -7.929793  0.578  0.000  0.000  0.000  0.000  0.000  0.000  0.000  0.000  0.578
   1.74022     -7.934365  0.577  0.000  0.000  0.000  0.000  0.000  0.000  0.000  0.000  0.577
   1.71972     -7.939492  0.575  0.000  0.000  0.000  0.000  0.000  0.000  0.000  0.000  0.576
   1.69923     -7.945004  0.574  0.000  0.000  0.000  0.000  0.000  0.000  0.000  0.000  0.574
   1.67873     -7.950734  0.573  0.000  0.000  0.000  0.000  0.000  0.000  0.000  0.000  0.573
   1.65824     -7.956527  0.571  0.000  0.000  0.000  0.000  0.000  0.000  0.000  0.000  0.572
   1.63774     -7.962235  0.570  0.000  0.000  0.000  0.000  0.000  0.000  0.000  0.000  0.570
   1.61725     -7.967724  0.569  0.000  0.000  0.000  0.000  0.000  0.000  0.000  0.000  0.569
   1.59675     -7.972872  0.567  0.000  0.000  0.000  0.000  0.000  0.000  0.000  0.000  0.568
   1.57626     -7.977569  0.566  0.000  0.000  0.000  0.000  0.000  0.000  0.000  0.000  0.567
   1.55576     -7.981722  0.565  0.000  0.000  0.000  0.000  0.000  0.000  0.000  0.000  0.566
   1.53527     -7.985250  0.564  0.000  0.000  0.000  0.000  0.000  0.000  0.000  0.000  0.565
   1.51477     -7.988090  0.564  0.000  0.000  0.000  0.000  0.000  0.000  0.000  0.000  0.564
   1.49428     -7.990188  0.563  0.000  0.000  0.000  0.000  0.000  0.000  0.000  0.000  0.564
   1.47378     -7.991508  0.563  0.000  0.000  0.000  0.000  0.000  0.000  0.000  0.000  0.563
   1.45329     -7.992026  0.563  0.000  0.000  0.000  0.000  0.000  0.000  0.000  0.000  0.563
   1.45329     -7.992026  0.563  0.000  0.000  0.000  0.000  0.000  0.000  0.000  0.000  0.563
   1.41779     -7.995960  0.562  0.000  0.000  0.000  0.000  0.000  0.000  0.000  0.000  0.562
   1.38229     -8.007553  0.559  0.000  0.000  0.000  0.000  0.000  0.000  0.000  0.000  0.560
   1.34679     -8.026211  0.555  0.000  0.000  0.000  0.000  0.000  0.000  0.000  0.000  0.555
   1.31129     -8.051026  0.549  0.000  0.000  0.000  0.000  0.000  0.000  0.000  0.000  0.550
   1.27579     -8.080873  0.543  0.000  0.000  0.000  0.000  0.000  0.000  0.000  0.000  0.544
   1.24029     -8.114512  0.536  0.000  0.000  0.000  0.000  0.000  0.000  0.000  0.000  0.537
   1.20480     -8.150678  0.529  0.000  0.000  0.000  0.000  0.000  0.000  0.000  0.000  0.530
   1.16930     -8.188147  0.522  0.000  0.000  0.000  0.000  0.000  0.000  0.000  0.000  0.523
   1.13380     -8.225787  0.516  0.000  0.000  0.000  0.000  0.000  0.000  0.000  0.000  0.517
   1.09830     -8.262583  0.510  0.000  0.000  0.000  0.000  0.000  0.000  0.000  0.000  0.511
   1.06280     -8.297646  0.504  0.000  0.000  0.000  0.000  0.000  0.000  0.000  0.000  0.505
   1.02730     -8.330208  0.499  0.000  0.000  0.000  0.000  0.000  0.000  0.000  0.000  0.500
   0.99180     -8.359621  0.495  0.000  0.000  0.000  0.000  0.000  0.000  0.000  0.000  0.496
   0.95631     -8.385349  0.491  0.000  0.000  0.000  0.000  0.000  0.000  0.000  0.000  0.492
   0.92081     -8.406961  0.488  0.000  0.000  0.000  0.000  0.000  0.000  0.000  0.000  0.489
   0.88531     -8.424117  0.486  0.000  0.000  0.000  0.000  0.000  0.000  0.000  0.000  0.487
   0.84981     -8.436558  0.484  0.000  0.000  0.000  0.000  0.000  0.000  0.000  0.000  0.485
   0.81431     -8.444104  0.484  0.000  0.000  0.000  0.000  0.000  0.000  0.000  0.000  0.484
   0.77881     -8.446647  0.483  0.000  0.000  0.000  0.000  0.000  0.000  0.000  0.000  0.484
   0.77881     -8.446647  0.483  0.000  0.000  0.000  0.000  0.000  0.000  0.000  0.000  0.484
   0.73782     -8.443262  0.484  0.000  0.000  0.000  0.000  0.000  0.000  0.000  0.000  0.484
   0.69683     -8.433224  0.485  0.000  0.000  0.000  0.000  0.000  0.000  0.000  0.000  0.485
   0.65584     -8.416726  0.487  0.000  0.000  0.000  0.000  0.000  0.000  0.000  0.000  0.488
   0.61485     -8.394087  0.490  0.000  0.000  0.000  0.000  0.000  0.000  0.000  0.000  0.491
   0.57386     -8.365757  0.494  0.000  0.000  0.000  0.000  0.000  0.000  0.000  0.000  0.495
   0.53287     -8.332324  0.499  0.000  0.000  0.000  0.000  0.000  0.000  0.000  0.000  0.500
   0.49188     -8.294534  0.505  0.000  0.000  0.000  0.000  0.000  0.000  0.000  0.000  0.505
   0.45089     -8.253288  0.511  0.000  0.000  0.000  0.000  0.000  0.000  0.000  0.000  0.512
   0.40990     -8.209654  0.519  0.000  0.000  0.000  0.000  0.000  0.000  0.000  0.000  0.520
   0.36891     -8.164836  0.527  0.000  0.000  0.000  0.000  0.000  0.000  0.000  0.000  0.528
   0.32792     -8.120193  0.535  0.000  0.000  0.000  0.000  0.000  0.000  0.000  0.000  0.536
   0.28693     -8.077176  0.544  0.000  0.000  0.000  0.000  0.000  0.000  0.000  0.000  0.545
   0.24594     -8.037261  0.552  0.000  0.000  0.000  0.000  0.000  0.000  0.000  0.000  0.553
   0.20495     -8.001836  0.560  0.000  0.000  0.000  0.000  0.000  0.000  0.000  0.000  0.561
   0.16396     -7.972094  0.567  0.000  0.000  0.000  0.000  0.000  0.000  0.000  0.000  0.568
   0.12297     -7.948893  0.573  0.000  0.000  0.000  0.000  0.000  0.000  0.000  0.000  0.573
   0.08198     -7.932667  0.577  0.000  0.000  0.000  0.000  0.000  0.000  0.000  0.000  0.577
   0.04099     -7.923361  0.579  0.000  0.000  0.000  0.000  0.000  0.000  0.000  0.000  0.580
   0.00000     -7.920448  0.580  0.000  0.000  0.000  0.000  0.000  0.000  0.000  0.000  0.580
 
# Band-Index:   13
   0.00000     -4.670015  0.000  0.033  0.000  0.033  0.001  0.000  0.000  0.000  0.001  0.068
   0.04099     -4.664035  0.001  0.035  0.000  0.031  0.001  0.000  0.000  0.000  0.001  0.068
   0.08198     -4.644312  0.003  0.037  0.000  0.029  0.001  0.000  0.000  0.000  0.001  0.071
   0.12297     -4.608576  0.007  0.038  0.000  0.027  0.001  0.000  0.000  0.000  0.001  0.075
   0.16396     -4.555232  0.013  0.040  0.000  0.026  0.000  0.000  0.000  0.000  0.001  0.081
   0.20495     -4.483446  0.021  0.041  0.000  0.024  0.000  0.000  0.000  0.000  0.001  0.088
   0.24594     -4.393159  0.030  0.042  0.001  0.023  0.000  0.000  0.000  0.000  0.001  0.096
   0.28693     -4.284995  0.039  0.042  0.001  0.022  0.000  0.000  0.000  0.000  0.001  0.105
   0.32792     -4.160201  0.050  0.042  0.001  0.021  0.000  0.000  0.000  0.000  0.001  0.115
   0.36891     -4.020564  0.060  0.042  0.001  0.019  0.000  0.000  0.000  0.000  0.001  0.124
   0.40990     -3.868377  0.071  0.041  0.002  0.018  0.000  0.000  0.000  0.000  0.001  0.133
   0.45089     -3.706479  0.082  0.039  0.002  0.016  0.000  0.000  0.000  0.000  0.001  0.141
   0.49188     -3.538352  0.093  0.037  0.003  0.015  0.000  0.000  0.000  0.000  0.001  0.149
   0.53287     -3.368238  0.103  0.033  0.005  0.013  0.000  0.000  0.000  0.000  0.001  0.155
   0.57386     -3.201354  0.114  0.028  0.006  0.011  0.000  0.000  0.001  0.000  0.000  0.160
   0.61485     -3.044151  0.124  0.023  0.008  0.008  0.000  0.000  0.001  0.000  0.000  0.164
   0.65584     -2.904557  0.133  0.016  0.011  0.006  0.000  0.000  0.001  0.000  0.000  0.166
   0.69683     -2.791893  0.141  0.009  0.013  0.003  0.000  0.000  0.001  0.000  0.000  0.167
   0.73782     -2.716037  0.147  0.003  0.014  0.001  0.000  0.000  0.001  0.000  0.000  0.166
   0.77881     -2.685491  0.150  0.000  0.014  0.000  0.000  0.000  0.001  0.000  0.000  0.165
   0.77881     -2.685491  0.150  0.000  0.014  0.000  0.000  0.000  0.001  0.000  0.000  0.165
   0.81431     -2.709166  0.148  0.003  0.014  0.000  0.000  0.000  0.001  0.000  0.000  0.166
   0.84981     -2.767557  0.143  0.009  0.013  0.000  0.000  0.000  0.001  0.000  0.000  0.167
   0.88531     -2.855467  0.137  0.017  0.011  0.000  0.000  0.000  0.001  0.000  0.000  0.167
   0.92081     -2.966559  0.129  0.025  0.010  0.000  0.000  0.000  0.001  0.000  0.000  0.165
   0.95631     -3.094489  0.120  0.033  0.008  0.000  0.000  0.000  0.001  0.000  0.001  0.163
   0.99180     -3.233534  0.112  0.040  0.006  0.000  0.000  0.000  0.001  0.000  0.001  0.159
   1.02730     -3.378802  0.102  0.045  0.005  0.000  0.000  0.000  0.000  0.000  0.001  0.154
   1.06280     -3.526189  0.093  0.050  0.004  0.000  0.000  0.000  0.000  0.000  0.001  0.149
   1.09830     -3.672249  0.084  0.054  0.003  0.000  0.000  0.000  0.000  0.000  0.001  0.142
   1.13380     -3.814022  0.074  0.056  0.002  0.000  0.000  0.000  0.000  0.000  0.001  0.135
   1.16930     -3.948910  0.065  0.058  0.002  0.000  0.000  0.000  0.000  0.000  0.001  0.127
   1.20480     -4.074557  0.055  0.060  0.001  0.000  0.000  0.000  0.000  0.000  0.001  0.119
   1.24029     -4.188784  0.046  0.061  0.001  0.000  0.000  0.000  0.000  0.000  0.001  0.111
   1.27579     -4.289554  0.038  0.063  0.001  0.000  0.000  0.000  0.000  0.000  0.001  0.103
   1.31129     -4.374962  0.030  0.063  0.001  0.000  0.000  0.000  0.000  0.000  0.001  0.095
   1.34679     -4.443281  0.023  0.064  0.001  0.000  0.000  0.000  0.000  0.000  0.001  0.089
   1.38229     -4.493027  0.018  0.064  0.000  0.000  0.000  0.000  0.000  0.000  0.001  0.085
   1.41779     -4.523046  0.015  0.065  0.000  0.000  0.000  0.000  0.000  0.000  0.001  0.081
   1.45329     -4.532595  0.014  0.065  0.000  0.000  0.000  0.000  0.000  0.000  0.001  0.080
   1.45329     -4.532595  0.014  0.065  0.000  0.000  0.000  0.000  0.000  0.000  0.001  0.080
   1.47378     -4.535748  0.014  0.065  0.000  0.001  0.000  0.000  0.000  0.000  0.001  0.081
   1.49428     -4.539899  0.014  0.064  0.000  0.001  0.000  0.000  0.000  0.000  0.001  0.081
   1.51477     -4.545021  0.013  0.064  0.000  0.002  0.000  0.000  0.000  0.000  0.001  0.081
   1.53527     -4.551081  0.013  0.063  0.000  0.003  0.000  0.000  0.000  0.000  0.001  0.080
   1.55576     -4.558035  0.012  0.062  0.000  0.004  0.000  0.000  0.000  0.000  0.001  0.080
   1.57626     -4.565825  0.012  0.060  0.000  0.006  0.000  0.000  0.000  0.000  0.001  0.079
   1.59675     -4.574374  0.011  0.059  0.000  0.007  0.000  0.000  0.000  0.000  0.001  0.079
   1.61725     -4.583585  0.010  0.057  0.000  0.009  0.000  0.000  0.000  0.000  0.001  0.078
   1.63774     -4.593333  0.009  0.055  0.000  0.011  0.000  0.000  0.000  0.000  0.001  0.077
   1.65824     -4.603464  0.008  0.053  0.000  0.013  0.000  0.000  0.000  0.000  0.001  0.076
   1.67873     -4.613788  0.007  0.051  0.000  0.015  0.000  0.000  0.000  0.000  0.001  0.074
   1.69923     -4.624083  0.006  0.049  0.000  0.017  0.000  0.000  0.000  0.000  0.001  0.073
   1.71972     -4.634091  0.004  0.047  0.000  0.019  0.000  0.000  0.000  0.000  0.001  0.072
   1.74022     -4.643523  0.003  0.044  0.000  0.022  0.000  0.000  0.000  0.000  0.001  0.071
   1.76071     -4.652056  0.002  0.042  0.000  0.024  0.000  0.000  0.000  0.000  0.001  0.070
   1.78121     -4.659342  0.001  0.040  0.000  0.026  0.001  0.000  0.000  0.000  0.001  0.069
   1.80170     -4.665017  0.001  0.037  0.000  0.028  0.001  0.000  0.000  0.000  0.001  0.068
   1.82220     -4.668702  0.000  0.035  0.000  0.031  0.001  0.000  0.000  0.000  0.001  0.068
   1.84269     -4.670015  0.000  0.033  0.000  0.033  0.001  0.000  0.000  0.000  0.001  0.068
   1.84269     -4.670015  0.000  0.033  0.000  0.033  0.001  0.000  0.000  0.000  0.001  0.068
   1.88368     -4.664035  0.001  0.035  0.000  0.031  0.001  0.000  0.000  0.000  0.001  0.068
   1.92467     -4.644312  0.003  0.037  0.000  0.029  0.001  0.000  0.000  0.000  0.001  0.071
   1.96566     -4.608576  0.007  0.038  0.000  0.027  0.001  0.000  0.000  0.000  0.001  0.075
   2.00665     -4.555232  0.013  0.040  0.000  0.026  0.000  0.000  0.000  0.000  0.001  0.081
   2.04764     -4.483446  0.021  0.041  0.000  0.024  0.000  0.000  0.000  0.000  0.001  0.088
   2.08863     -4.393159  0.030  0.042  0.001  0.023  0.000  0.000  0.000  0.000  0.001  0.096
   2.12962     -4.284995  0.039  0.042  0.001  0.022  0.000  0.000  0.000  0.000  0.001  0.105
   2.17061     -4.160201  0.050  0.042  0.001  0.021  0.000  0.000  0.000  0.000  0.001  0.115
   2.21160     -4.020564  0.060  0.042  0.001  0.019  0.000  0.000  0.000  0.000  0.001  0.124
   2.25259     -3.868377  0.071  0.041  0.002  0.018  0.000  0.000  0.000  0.000  0.001  0.133
   2.29358     -3.706479  0.082  0.039  0.002  0.016  0.000  0.000  0.000  0.000  0.001  0.141
   2.33457     -3.538352  0.093  0.037  0.003  0.015  0.000  0.000  0.000  0.000  0.001  0.149
   2.37556     -3.368238  0.103  0.033  0.005  0.013  0.000  0.000  0.000  0.000  0.001  0.155
   2.41655     -3.201354  0.114  0.028  0.006  0.011  0.000  0.000  0.001  0.000  0.000  0.160
   2.45754     -3.044151  0.124  0.023  0.008  0.008  0.000  0.000  0.001  0.000  0.000  0.164
   2.49853     -2.904557  0.133  0.016  0.011  0.006  0.000  0.000  0.001  0.000  0.000  0.166
   2.53953     -2.791893  0.141  0.009  0.013  0.003  0.000  0.000  0.001  0.000  0.000  0.167
   2.58052     -2.716037  0.147  0.003  0.014  0.001  0.000  0.000  0.001  0.000  0.000  0.166
   2.62151     -2.685491  0.150  0.000  0.014  0.000  0.000  0.000  0.001  0.000  0.000  0.165
 
# Band-Index:   14
   2.62151     -2.685491  0.150  0.000  0.014  0.000  0.000  0.000  0.001  0.000  0.000  0.165
   2.58052     -2.704662  0.148  0.001  0.012  0.000  0.000  0.000  0.001  0.000  0.000  0.163
   2.53953     -2.771826  0.143  0.006  0.010  0.002  0.000  0.000  0.001  0.000  0.000  0.162
   2.49853     -2.879495  0.135  0.013  0.007  0.005  0.000  0.000  0.001  0.000  0.000  0.161
   2.45754     -3.017089  0.125  0.020  0.005  0.007  0.000  0.000  0.001  0.000  0.000  0.159
   2.41655     -3.173873  0.114  0.027  0.003  0.009  0.000  0.000  0.001  0.000  0.000  0.155
   2.37556     -3.340628  0.104  0.031  0.002  0.011  0.000  0.000  0.000  0.000  0.001  0.150
   2.33457     -3.510081  0.093  0.035  0.001  0.013  0.000  0.000  0.000  0.000  0.001  0.143
   2.29358     -3.676674  0.082  0.037  0.001  0.014  0.000  0.000  0.000  0.000  0.001  0.136
   2.25259     -3.836173  0.071  0.039  0.001  0.015  0.000  0.000  0.000  0.000  0.001  0.127
   2.21160     -3.985264  0.060  0.040  0.001  0.016  0.000  0.000  0.000  0.000  0.001  0.118
   2.17061     -4.121309  0.050  0.040  0.000  0.017  0.000  0.000  0.000  0.000  0.001  0.108
   2.12962     -4.242204  0.039  0.039  0.000  0.018  0.000  0.000  0.000  0.000  0.001  0.099
   2.08863     -4.346328  0.030  0.039  0.000  0.019  0.000  0.000  0.000  0.000  0.001  0.089
   2.04764     -4.432604  0.021  0.038  0.000  0.020  0.000  0.000  0.000  0.000  0.001  0.080
   2.00665     -4.500588  0.013  0.037  0.000  0.021  0.001  0.000  0.000  0.000  0.001  0.073
   1.96566     -4.550548  0.007  0.035  0.000  0.023  0.001  0.000  0.000  0.000  0.001  0.067
   1.92467     -4.583552  0.003  0.033  0.000  0.025  0.001  0.000  0.000  0.000  0.001  0.062
   1.88368     -4.601447  0.001  0.031  0.000  0.026  0.001  0.000  0.000  0.000  0.001  0.060
   1.84269     -4.606764  0.000  0.029  0.000  0.029  0.001  0.000  0.000  0.000  0.001  0.059
   1.84269     -4.606764  0.000  0.029  0.000  0.029  0.001  0.000  0.000  0.000  0.001  0.059
   1.82220     -4.605631  0.000  0.031  0.000  0.026  0.001  0.000  0.000  0.000  0.001  0.059
   1.80170     -4.602501  0.001  0.034  0.000  0.024  0.001  0.000  0.000  0.000  0.001  0.060
   1.78121     -4.597776  0.001  0.036  0.000  0.021  0.001  0.000  0.000  0.000  0.001  0.061
   1.76071     -4.591850  0.002  0.039  0.000  0.019  0.001  0.000  0.000  0.000  0.001  0.062
   1.74022     -4.585095  0.003  0.041  0.000  0.017  0.001  0.000  0.000  0.000  0.001  0.063
   1.71972     -4.577859  0.004  0.044  0.000  0.014  0.000  0.000  0.000  0.000  0.001  0.064
   1.69923     -4.570457  0.005  0.047  0.000  0.012  0.000  0.000  0.000  0.000  0.001  0.066
   1.67873     -4.563165  0.007  0.049  0.000  0.010  0.000  0.000  0.000  0.000  0.001  0.067
   1.65824     -4.556219  0.008  0.051  0.000  0.008  0.000  0.000  0.000  0.000  0.001  0.069
   1.63774     -4.549816  0.009  0.054  0.000  0.006  0.000  0.000  0.000  0.000  0.001  0.071
   1.61725     -4.544113  0.010  0.056  0.000  0.005  0.000  0.000  0.000  0.000  0.001  0.072
   1.59675     -4.539230  0.011  0.058  0.000  0.004  0.000  0.000  0.000  0.000  0.001  0.074
   1.57626     -4.535254  0.012  0.059  0.000  0.002  0.000  0.000  0.000  0.000  0.001  0.075
   1.55576     -4.532248  0.012  0.061  0.000  0.002  0.000  0.000  0.000  0.000  0.001  0.076
   1.53527     -4.530249  0.013  0.062  0.000  0.001  0.000  0.000  0.000  0.000  0.001  0.077
   1.51477     -4.529280  0.013  0.063  0.000  0.000  0.000  0.000  0.000  0.000  0.001  0.078
   1.49428     -4.529350  0.014  0.064  0.000  0.000  0.000  0.000  0.000  0.000  0.001  0.079
   1.47378     -4.530458  0.014  0.064  0.000  0.000  0.000  0.000  0.000  0.000  0.001  0.080
   1.45329     -4.532595  0.014  0.065  0.000  0.000  0.000  0.000  0.000  0.000  0.001  0.080
   1.45329     -4.532595  0.014  0.065  0.000  0.000  0.000  0.000  0.000  0.000  0.001  0.080
   1.41779     -4.521420  0.015  0.064  0.000  0.000  0.000  0.000  0.000  0.000  0.001  0.081
   1.38229     -4.489762  0.018  0.064  0.000  0.000  0.000  0.000  0.000  0.000  0.001  0.084
   1.34679     -4.438347  0.023  0.064  0.000  0.000  0.000  0.000  0.000  0.000  0.001  0.088
   1.31129     -4.368314  0.030  0.063  0.000  0.000  0.000  0.000  0.000  0.000  0.001  0.094
   1.27579     -4.281126  0.037  0.062  0.000  0.000  0.000  0.000  0.000  0.000  0.001  0.101
   1.24029     -4.178492  0.046  0.061  0.000  0.000  0.000  0.000  0.000  0.000  0.001  0.109
   1.20480     -4.062298  0.055  0.060  0.000  0.000  0.000  0.000  0.000  0.000  0.001  0.116
   1.16930     -3.934570  0.064  0.058  0.000  0.000  0.000  0.000  0.000  0.000  0.001  0.124
   1.13380     -3.797486  0.074  0.056  0.001  0.000  0.000  0.000  0.000  0.000  0.001  0.131
   1.09830     -3.653425  0.083  0.053  0.001  0.000  0.000  0.000  0.000  0.000  0.001  0.138
   1.06280     -3.505050  0.093  0.049  0.001  0.000  0.000  0.000  0.000  0.000  0.001  0.145
   1.02730     -3.355460  0.103  0.044  0.002  0.000  0.000  0.000  0.000  0.000  0.001  0.150
   0.99180     -3.208353  0.112  0.038  0.003  0.000  0.000  0.000  0.001  0.000  0.001  0.154
   0.95631     -3.068255  0.121  0.031  0.004  0.000  0.000  0.000  0.001  0.000  0.001  0.158
   0.92081     -2.940675  0.130  0.022  0.006  0.000  0.000  0.000  0.001  0.000  0.000  0.160
   0.88531     -2.832090  0.138  0.014  0.008  0.000  0.000  0.000  0.001  0.000  0.000  0.162
   0.84981     -2.749477  0.145  0.006  0.011  0.000  0.000  0.000  0.001  0.000  0.000  0.163
   0.81431     -2.699205  0.149  0.001  0.013  0.000  0.000  0.000  0.001  0.000  0.000  0.164
   0.77881     -2.685491  0.150  0.000  0.014  0.000  0.000  0.000  0.001  0.000  0.000  0.165
   0.77881     -2.685491  0.150  0.000  0.014  0.000  0.000  0.000  0.001  0.000  0.000  0.165
   0.73782     -2.704662  0.148  0.001  0.012  0.000  0.000  0.000  0.001  0.000  0.000  0.163
   0.69683     -2.771826  0.143  0.006  0.010  0.002  0.000  0.000  0.001  0.000  0.000  0.162
   0.65584     -2.879495  0.135  0.013  0.007  0.005  0.000  0.000  0.001  0.000  0.000  0.161
   0.61485     -3.017089  0.125  0.020  0.005  0.007  0.000  0.000  0.001  0.000  0.000  0.159
   0.57386     -3.173873  0.114  0.027  0.003  0.009  0.000  0.000  0.001  0.000  0.000  0.155
   0.53287     -3.340628  0.104  0.031  0.002  0.011  0.000  0.000  0.000  0.000  0.001  0.150
   0.49188     -3.510081  0.093  0.035  0.001  0.013  0.000  0.000  0.000  0.000  0.001  0.143
   0.45089     -3.676674  0.082  0.037  0.001  0.014  0.000  0.000  0.000  0.000  0.001  0.136
   0.40990     -3.836173  0.071  0.039  0.001  0.015  0.000  0.000  0.000  0.000  0.001  0.127
   0.36891     -3.985264  0.060  0.040  0.001  0.016  0.000  0.000  0.000  0.000  0.001  0.118
   0.32792     -4.121309  0.050  0.040  0.000  0.017  0.000  0.000  0.000  0.000  0.001  0.108
   0.28693     -4.242204  0.039  0.039  0.000  0.018  0.000  0.000  0.000  0.000  0.001  0.099
   0.24594     -4.346328  0.030  0.039  0.000  0.019  0.000  0.000  0.000  0.000  0.001  0.089
   0.20495     -4.432604  0.021  0.038  0.000  0.020  0.000  0.000  0.000  0.000  0.001  0.080
   0.16396     -4.500588  0.013  0.037  0.000  0.021  0.001  0.000  0.000  0.000  0.001  0.073
   0.12297     -4.550548  0.007  0.035  0.000  0.023  0.001  0.000  0.000  0.000  0.001  0.067
   0.08198     -4.583552  0.003  0.033  0.000  0.025  0.001  0.000  0.000  0.000  0.001  0.062
   0.04099     -4.601447  0.001  0.031  0.000  0.026  0.001  0.000  0.000  0.000  0.001  0.060
   0.00000     -4.606764  0.000  0.029  0.000  0.029  0.001  0.000  0.000  0.000  0.001  0.059
 
# Band-Index:   15
   0.00000     -1.869361  0.000  0.115  0.005  0.115  0.000  0.000  0.000  0.000  0.000  0.236
   0.04099     -1.859085  0.000  0.110  0.005  0.120  0.000  0.000  0.000  0.000  0.000  0.236
   0.08198     -1.829462  0.000  0.106  0.005  0.126  0.000  0.000  0.000  0.000  0.000  0.237
   0.12297     -1.782571  0.000  0.102  0.005  0.131  0.000  0.000  0.000  0.000  0.000  0.239
   0.16396     -1.720698  0.000  0.099  0.006  0.136  0.000  0.000  0.000  0.000  0.000  0.242
   0.20495     -1.646261  0.000  0.096  0.006  0.142  0.000  0.000  0.000  0.000  0.000  0.245
   0.24594     -1.561784  0.000  0.094  0.007  0.147  0.000  0.000  0.000  0.000  0.000  0.249
   0.28693     -1.469904  0.000  0.092  0.008  0.153  0.000  0.000  0.000  0.000  0.000  0.254
   0.32792     -1.373454  0.000  0.091  0.010  0.158  0.000  0.000  0.000  0.000  0.000  0.260
   0.36891     -1.275604  0.000  0.089  0.013  0.162  0.001  0.000  0.000  0.000  0.000  0.266
   0.40990     -1.180140  0.000  0.088  0.018  0.165  0.001  0.000  0.000  0.000  0.000  0.273
   0.45089     -1.092093  0.000  0.087  0.027  0.164  0.001  0.000  0.000  0.000  0.000  0.280
   0.49188     -1.018833  0.001  0.085  0.043  0.155  0.001  0.000  0.000  0.000  0.000  0.286
   0.53287     -0.969372  0.002  0.083  0.068  0.135  0.001  0.000  0.000  0.000  0.000  0.289
   0.57386     -0.945270  0.002  0.084  0.091  0.112  0.000  0.000  0.000  0.000  0.000  0.289
   0.61485     -0.933827  0.001  0.090  0.099  0.099  0.000  0.000  0.000  0.000  0.000  0.290
   0.65584     -0.919611  0.000  0.101  0.095  0.097  0.000  0.000  0.000  0.000  0.000  0.294
   0.69683     -0.892490  0.000  0.115  0.082  0.102  0.000  0.000  0.000  0.000  0.000  0.300
   0.73782     -0.848490  0.001  0.127  0.063  0.115  0.000  0.000  0.000  0.000  0.001  0.307
   0.77881     -0.791573  0.002  0.134  0.041  0.134  0.001  0.000  0.000  0.000  0.001  0.312
   0.77881     -0.791573  0.002  0.134  0.041  0.134  0.001  0.000  0.000  0.000  0.001  0.312
   0.81431     -0.841415  0.001  0.134  0.060  0.111  0.000  0.000  0.000  0.000  0.001  0.308
   0.84981     -0.882361  0.000  0.125  0.077  0.098  0.000  0.000  0.000  0.000  0.001  0.302
   0.88531     -0.910522  0.000  0.110  0.091  0.094  0.000  0.000  0.000  0.000  0.000  0.296
   0.92081     -0.926442  0.001  0.094  0.099  0.096  0.000  0.000  0.000  0.000  0.000  0.291
   0.95631     -0.933301  0.002  0.077  0.102  0.106  0.000  0.000  0.000  0.000  0.000  0.288
   0.99180     -0.935723  0.003  0.061  0.098  0.124  0.000  0.000  0.000  0.000  0.000  0.287
   1.02730     -0.939099  0.003  0.046  0.086  0.150  0.001  0.000  0.000  0.000  0.000  0.286
   1.06280     -0.948448  0.003  0.032  0.070  0.180  0.001  0.000  0.000  0.000  0.000  0.286
   1.09830     -0.966451  0.002  0.021  0.052  0.207  0.001  0.000  0.000  0.000  0.000  0.284
   1.13380     -0.992338  0.002  0.014  0.038  0.227  0.001  0.000  0.000  0.000  0.000  0.282
   1.16930     -1.023157  0.001  0.009  0.027  0.239  0.001  0.000  0.000  0.000  0.000  0.278
   1.20480     -1.055688  0.001  0.006  0.020  0.246  0.001  0.000  0.000  0.000  0.000  0.275
   1.24029     -1.087351  0.001  0.005  0.016  0.249  0.001  0.000  0.000  0.000  0.000  0.272
   1.27579     -1.116279  0.001  0.003  0.013  0.251  0.001  0.000  0.000  0.000  0.000  0.269
   1.31129     -1.141163  0.000  0.003  0.011  0.252  0.001  0.000  0.000  0.000  0.000  0.267
   1.34679     -1.161085  0.000  0.002  0.009  0.252  0.001  0.000  0.000  0.000  0.000  0.265
   1.38229     -1.175408  0.000  0.002  0.008  0.253  0.001  0.000  0.000  0.000  0.000  0.264
   1.41779     -1.183702  0.000  0.002  0.007  0.253  0.001  0.000  0.000  0.000  0.000  0.263
   1.45329     -1.185697  0.000  0.001  0.007  0.253  0.001  0.000  0.000  0.000  0.000  0.262
   1.45329     -1.185697  0.000  0.001  0.007  0.253  0.001  0.000  0.000  0.000  0.000  0.262
   1.47378     -1.206653  0.000  0.005  0.008  0.250  0.001  0.000  0.000  0.000  0.000  0.263
   1.49428     -1.239208  0.001  0.010  0.008  0.243  0.000  0.000  0.000  0.000  0.000  0.263
   1.51477     -1.281053  0.001  0.016  0.008  0.235  0.000  0.000  0.000  0.000  0.000  0.261
   1.53527     -1.329663  0.001  0.023  0.008  0.226  0.000  0.000  0.000  0.000  0.000  0.259
   1.55576     -1.382627  0.001  0.029  0.008  0.217  0.000  0.000  0.000  0.000  0.000  0.257
   1.57626     -1.437813  0.001  0.036  0.008  0.208  0.000  0.000  0.000  0.000  0.000  0.254
   1.59675     -1.493423  0.001  0.043  0.007  0.199  0.000  0.000  0.000  0.000  0.000  0.251
   1.61725     -1.547976  0.001  0.050  0.007  0.190  0.000  0.000  0.000  0.000  0.000  0.249
   1.63774     -1.600274  0.001  0.056  0.007  0.182  0.000  0.000  0.000  0.000  0.000  0.246
   1.65824     -1.649359  0.001  0.063  0.006  0.174  0.000  0.000  0.000  0.000  0.000  0.244
   1.67873     -1.694476  0.001  0.069  0.006  0.166  0.000  0.000  0.000  0.000  0.000  0.242
   1.69923     -1.735039  0.001  0.075  0.006  0.159  0.000  0.000  0.000  0.000  0.000  0.241
   1.71972     -1.770622  0.000  0.081  0.005  0.152  0.000  0.000  0.000  0.000  0.000  0.239
   1.74022     -1.800918  0.000  0.087  0.005  0.145  0.000  0.000  0.000  0.000  0.000  0.238
   1.76071     -1.825732  0.000  0.093  0.005  0.139  0.000  0.000  0.000  0.000  0.000  0.237
   1.78121     -1.844965  0.000  0.099  0.005  0.132  0.000  0.000  0.000  0.000  0.000  0.236
   1.80170     -1.858602  0.000  0.104  0.005  0.126  0.000  0.000  0.000  0.000  0.000  0.236
   1.82220     -1.866696  0.000  0.110  0.005  0.121  0.000  0.000  0.000  0.000  0.000  0.236
   1.84269     -1.869361  0.000  0.115  0.005  0.115  0.000  0.000  0.000  0.000  0.000  0.236
   1.84269     -1.869361  0.000  0.115  0.005  0.115  0.000  0.000  0.000  0.000  0.000  0.236
   1.88368     -1.859085  0.000  0.110  0.005  0.120  0.000  0.000  0.000  0.000  0.000  0.236
   1.92467     -1.829462  0.000  0.106  0.005  0.126  0.000  0.000  0.000  0.000  0.000  0.237
   1.96566     -1.782571  0.000  0.102  0.005  0.131  0.000  0.000  0.000  0.000  0.000  0.239
   2.00665     -1.720698  0.000  0.099  0.006  0.136  0.000  0.000  0.000  0.000  0.000  0.242
   2.04764     -1.646261  0.000  0.096  0.006  0.142  0.000  0.000  0.000  0.000  0.000  0.245
   2.08863     -1.561784  0.000  0.094  0.007  0.147  0.000  0.000  0.000  0.000  0.000  0.249
   2.12962     -1.469904  0.000  0.092  0.008  0.153  0.000  0.000  0.000  0.000  0.000  0.254
   2.17061     -1.373454  0.000  0.091  0.010  0.158  0.000  0.000  0.000  0.000  0.000  0.260
   2.21160     -1.275604  0.000  0.089  0.013  0.162  0.001  0.000  0.000  0.000  0.000  0.266
   2.25259     -1.180140  0.000  0.088  0.018  0.165  0.001  0.000  0.000  0.000  0.000  0.273
   2.29358     -1.092093  0.000  0.087  0.027  0.164  0.001  0.000  0.000  0.000  0.000  0.280
   2.33457     -1.018833  0.001  0.085  0.043  0.155  0.001  0.000  0.000  0.000  0.000  0.286
   2.37556     -0.969372  0.002  0.083  0.068  0.135  0.001  0.000  0.000  0.000  0.000  0.289
   2.41655     -0.945270  0.002  0.084  0.091  0.112  0.000  0.000  0.000  0.000  0.000  0.289
   2.45754     -0.933827  0.001  0.090  0.099  0.099  0.000  0.000  0.000  0.000  0.000  0.290
   2.49853     -0.919611  0.000  0.101  0.095  0.097  0.000  0.000  0.000  0.000  0.000  0.294
   2.53953     -0.892490  0.000  0.115  0.082  0.102  0.000  0.000  0.000  0.000  0.000  0.300
   2.58052     -0.848490  0.001  0.127  0.063  0.115  0.000  0.000  0.000  0.000  0.001  0.307
   2.62151     -0.791573  0.002  0.134  0.041  0.134  0.001  0.000  0.000  0.000  0.001  0.312
 
# Band-Index:   16
   2.62151     -0.791573  0.002  0.134  0.041  0.134  0.001  0.000  0.000  0.000  0.001  0.312
   2.58052     -0.735295  0.004  0.131  0.019  0.158  0.001  0.000  0.000  0.000  0.001  0.313
   2.53953     -0.697145  0.004  0.118  0.005  0.178  0.001  0.000  0.000  0.000  0.001  0.307
   2.49853     -0.686322  0.004  0.099  0.003  0.192  0.001  0.000  0.000  0.000  0.000  0.300
   2.45754     -0.703866  0.003  0.082  0.008  0.201  0.001  0.000  0.000  0.000  0.000  0.295
   2.41655     -0.744160  0.003  0.071  0.015  0.198  0.001  0.000  0.000  0.000  0.000  0.288
   2.37556     -0.796560  0.002  0.066  0.017  0.193  0.001  0.000  0.000  0.000  0.000  0.280
   2.33457     -0.859335  0.002  0.065  0.013  0.188  0.001  0.000  0.000  0.000  0.000  0.270
   2.29358     -0.935739  0.002  0.068  0.007  0.182  0.001  0.000  0.000  0.000  0.000  0.260
   2.25259     -1.023527  0.002  0.071  0.004  0.173  0.001  0.000  0.000  0.000  0.000  0.251
   2.21160     -1.117769  0.001  0.073  0.002  0.164  0.001  0.000  0.000  0.000  0.000  0.242
   2.17061     -1.214080  0.001  0.075  0.001  0.155  0.001  0.000  0.000  0.000  0.000  0.234
   2.12962     -1.308843  0.001  0.077  0.001  0.147  0.000  0.000  0.000  0.000  0.000  0.227
   2.08863     -1.398931  0.001  0.080  0.001  0.140  0.000  0.000  0.000  0.000  0.000  0.222
   2.04764     -1.481543  0.001  0.082  0.000  0.133  0.000  0.000  0.000  0.000  0.000  0.217
   2.00665     -1.554096  0.001  0.085  0.000  0.126  0.000  0.000  0.000  0.000  0.000  0.213
   1.96566     -1.614164  0.000  0.089  0.000  0.120  0.000  0.000  0.000  0.000  0.000  0.209
   1.92467     -1.659481  0.000  0.093  0.000  0.114  0.000  0.000  0.000  0.000  0.000  0.207
   1.88368     -1.687967  0.000  0.097  0.000  0.108  0.000  0.000  0.000  0.000  0.000  0.205
   1.84269     -1.697799  0.000  0.102  0.000  0.102  0.000  0.000  0.000  0.000  0.000  0.205
   1.84269     -1.697799  0.000  0.102  0.000  0.102  0.000  0.000  0.000  0.000  0.000  0.205
   1.82220     -1.695265  0.000  0.097  0.000  0.108  0.000  0.000  0.000  0.000  0.000  0.205
   1.80170     -1.687591  0.000  0.091  0.000  0.114  0.000  0.000  0.000  0.000  0.000  0.206
   1.78121     -1.674706  0.000  0.085  0.000  0.121  0.000  0.000  0.000  0.000  0.000  0.206
   1.76071     -1.656605  0.000  0.079  0.000  0.127  0.000  0.000  0.000  0.000  0.000  0.207
   1.74022     -1.633356  0.000  0.073  0.000  0.134  0.000  0.000  0.000  0.000  0.000  0.209
   1.71972     -1.605119  0.001  0.067  0.000  0.142  0.000  0.000  0.000  0.000  0.000  0.210
   1.69923     -1.572165  0.001  0.061  0.000  0.150  0.000  0.000  0.000  0.000  0.000  0.212
   1.67873     -1.534898  0.001  0.054  0.000  0.159  0.000  0.000  0.000  0.000  0.000  0.215
   1.65824     -1.493878  0.001  0.048  0.001  0.168  0.000  0.000  0.000  0.000  0.000  0.218
   1.63774     -1.449870  0.001  0.041  0.001  0.177  0.000  0.000  0.000  0.000  0.000  0.221
   1.61725     -1.403880  0.001  0.035  0.001  0.188  0.000  0.000  0.000  0.000  0.000  0.225
   1.59675     -1.357206  0.001  0.028  0.001  0.198  0.000  0.000  0.000  0.000  0.000  0.229
   1.57626     -1.311496  0.001  0.021  0.002  0.210  0.000  0.000  0.000  0.000  0.000  0.234
   1.55576     -1.268791  0.001  0.015  0.002  0.221  0.000  0.000  0.000  0.000  0.000  0.240
   1.53527     -1.231506  0.001  0.009  0.003  0.232  0.000  0.000  0.000  0.000  0.000  0.245
   1.51477     -1.202307  0.000  0.004  0.004  0.242  0.000  0.000  0.000  0.000  0.000  0.251
   1.49428     -1.183778  0.000  0.001  0.005  0.249  0.000  0.000  0.000  0.000  0.000  0.256
   1.47378     -1.177933  0.000  0.000  0.006  0.253  0.001  0.000  0.000  0.000  0.000  0.260
   1.45329     -1.185697  0.000  0.001  0.007  0.253  0.001  0.000  0.000  0.000  0.000  0.262
   1.45329     -1.185697  0.000  0.001  0.007  0.253  0.001  0.000  0.000  0.000  0.000  0.262
   1.41779     -1.181256  0.000  0.001  0.007  0.254  0.001  0.000  0.000  0.000  0.000  0.262
   1.38229     -1.170364  0.000  0.001  0.006  0.254  0.001  0.000  0.000  0.000  0.000  0.263
   1.34679     -1.153112  0.000  0.001  0.006  0.255  0.001  0.000  0.000  0.000  0.000  0.264
   1.31129     -1.129705  0.000  0.001  0.006  0.256  0.001  0.000  0.000  0.000  0.000  0.265
   1.27579     -1.100461  0.000  0.001  0.007  0.258  0.001  0.000  0.000  0.000  0.000  0.266
   1.24029     -1.065822  0.000  0.001  0.007  0.259  0.001  0.000  0.000  0.000  0.000  0.268
   1.20480     -1.026373  0.000  0.001  0.007  0.261  0.001  0.000  0.000  0.000  0.000  0.271
   1.16930     -0.982852  0.000  0.001  0.008  0.263  0.001  0.000  0.000  0.000  0.000  0.273
   1.13380     -0.936183  0.000  0.001  0.009  0.265  0.001  0.000  0.000  0.000  0.000  0.276
   1.09830     -0.887513  0.000  0.002  0.009  0.267  0.001  0.000  0.000  0.000  0.000  0.280
   1.06280     -0.838268  0.001  0.002  0.010  0.269  0.001  0.000  0.000  0.000  0.000  0.284
   1.02730     -0.790272  0.001  0.003  0.011  0.271  0.001  0.000  0.000  0.000  0.000  0.288
   0.99180     -0.746077  0.002  0.006  0.010  0.273  0.001  0.000  0.000  0.000  0.000  0.292
   0.95631     -0.709909  0.003  0.015  0.006  0.271  0.001  0.000  0.000  0.000  0.000  0.296
   0.92081     -0.688464  0.004  0.037  0.002  0.254  0.001  0.000  0.000  0.000  0.000  0.299
   0.88531     -0.686537  0.004  0.068  0.002  0.227  0.001  0.000  0.000  0.000  0.000  0.303
   0.84981     -0.704750  0.004  0.098  0.008  0.198  0.001  0.000  0.000  0.000  0.000  0.309
   0.81431     -0.742123  0.004  0.122  0.021  0.165  0.001  0.000  0.000  0.000  0.000  0.313
   0.77881     -0.791573  0.002  0.134  0.041  0.134  0.001  0.000  0.000  0.000  0.001  0.312
   0.77881     -0.791573  0.002  0.134  0.041  0.134  0.001  0.000  0.000  0.000  0.001  0.312
   0.73782     -0.735295  0.004  0.131  0.019  0.158  0.001  0.000  0.000  0.000  0.001  0.313
   0.69683     -0.697145  0.004  0.118  0.005  0.178  0.001  0.000  0.000  0.000  0.001  0.307
   0.65584     -0.686322  0.004  0.099  0.003  0.192  0.001  0.000  0.000  0.000  0.000  0.300
   0.61485     -0.703866  0.003  0.082  0.008  0.201  0.001  0.000  0.000  0.000  0.000  0.295
   0.57386     -0.744160  0.003  0.071  0.015  0.198  0.001  0.000  0.000  0.000  0.000  0.288
   0.53287     -0.796560  0.002  0.066  0.017  0.193  0.001  0.000  0.000  0.000  0.000  0.280
   0.49188     -0.859335  0.002  0.065  0.013  0.188  0.001  0.000  0.000  0.000  0.000  0.270
   0.45089     -0.935739  0.002  0.068  0.007  0.182  0.001  0.000  0.000  0.000  0.000  0.260
   0.40990     -1.023527  0.002  0.071  0.004  0.173  0.001  0.000  0.000  0.000  0.000  0.251
   0.36891     -1.117769  0.001  0.073  0.002  0.164  0.001  0.000  0.000  0.000  0.000  0.242
   0.32792     -1.214080  0.001  0.075  0.001  0.155  0.001  0.000  0.000  0.000  0.000  0.234
   0.28693     -1.308843  0.001  0.077  0.001  0.147  0.000  0.000  0.000  0.000  0.000  0.227
   0.24594     -1.398931  0.001  0.080  0.001  0.140  0.000  0.000  0.000  0.000  0.000  0.222
   0.20495     -1.481543  0.001  0.082  0.000  0.133  0.000  0.000  0.000  0.000  0.000  0.217
   0.16396     -1.554096  0.001  0.085  0.000  0.126  0.000  0.000  0.000  0.000  0.000  0.213
   0.12297     -1.614164  0.000  0.089  0.000  0.120  0.000  0.000  0.000  0.000  0.000  0.209
   0.08198     -1.659481  0.000  0.093  0.000  0.114  0.000  0.000  0.000  0.000  0.000  0.207
   0.04099     -1.687967  0.000  0.097  0.000  0.108  0.000  0.000  0.000  0.000  0.000  0.205
   0.00000     -1.697799  0.000  0.102  0.000  0.102  0.000  0.000  0.000  0.000  0.000  0.205
 
# Band-Index:   17
   0.00000      0.010849  0.004  0.004  0.312  0.004  0.000  0.000  0.000  0.000  0.000  0.324
   0.04099      0.001869  0.005  0.005  0.308  0.004  0.000  0.000  0.000  0.000  0.000  0.322
   0.08198     -0.025248  0.005  0.006  0.300  0.005  0.000  0.000  0.000  0.000  0.000  0.316
   0.12297     -0.068917  0.005  0.009  0.287  0.007  0.000  0.000  0.000  0.000  0.000  0.308
   0.16396     -0.126043  0.005  0.011  0.272  0.009  0.000  0.000  0.000  0.000  0.000  0.298
   0.20495     -0.192893  0.006  0.014  0.256  0.011  0.000  0.000  0.000  0.000  0.000  0.287
   0.24594     -0.265640  0.006  0.018  0.241  0.013  0.000  0.000  0.000  0.000  0.000  0.278
   0.28693     -0.340615  0.006  0.021  0.227  0.014  0.000  0.000  0.000  0.000  0.000  0.269
   0.32792     -0.414347  0.006  0.025  0.213  0.016  0.000  0.000  0.000  0.000  0.000  0.261
   0.36891     -0.483320  0.006  0.029  0.199  0.019  0.000  0.000  0.000  0.000  0.000  0.254
   0.40990     -0.543442  0.005  0.034  0.184  0.024  0.000  0.000  0.000  0.000  0.000  0.248
   0.45089     -0.589012  0.004  0.041  0.165  0.033  0.000  0.000  0.000  0.000  0.000  0.243
   0.49188     -0.611854  0.003  0.048  0.137  0.052  0.000  0.000  0.000  0.000  0.000  0.240
   0.53287     -0.606588  0.001  0.049  0.113  0.075  0.000  0.000  0.000  0.000  0.000  0.238
   0.57386     -0.595527  0.001  0.041  0.141  0.042  0.000  0.000  0.000  0.000  0.000  0.226
   0.61485     -0.590932  0.000  0.050  0.148  0.027  0.000  0.000  0.000  0.000  0.001  0.225
   0.65584     -0.565539  0.000  0.053  0.145  0.032  0.000  0.000  0.000  0.000  0.001  0.231
   0.69683     -0.515152  0.002  0.057  0.140  0.034  0.000  0.000  0.000  0.000  0.001  0.234
   0.73782     -0.441260  0.005  0.062  0.136  0.030  0.000  0.000  0.001  0.000  0.001  0.235
   0.77881     -0.348734  0.012  0.018  0.168  0.019  0.000  0.000  0.001  0.000  0.000  0.218
   0.77881     -0.348734  0.012  0.018  0.168  0.019  0.000  0.000  0.001  0.000  0.000  0.218
   0.81431     -0.429546  0.005  0.081  0.136  0.011  0.000  0.000  0.001  0.000  0.001  0.234
   0.84981     -0.497771  0.003  0.073  0.139  0.019  0.000  0.000  0.000  0.000  0.001  0.235
   0.88531     -0.548603  0.001  0.069  0.142  0.020  0.000  0.000  0.000  0.000  0.001  0.233
   0.92081     -0.582057  0.000  0.071  0.146  0.009  0.000  0.000  0.000  0.000  0.001  0.228
   0.95631     -0.596169  0.000  0.072  0.149  0.001  0.000  0.000  0.000  0.000  0.001  0.223
   0.99180     -0.593010  0.001  0.066  0.152  0.001  0.000  0.000  0.000  0.000  0.001  0.221
   1.02730     -0.577410  0.002  0.057  0.158  0.002  0.000  0.000  0.000  0.000  0.000  0.220
   1.06280     -0.579560  0.002  0.039  0.104  0.095  0.001  0.000  0.000  0.000  0.000  0.242
   1.09830     -0.572429  0.004  0.043  0.128  0.065  0.000  0.000  0.000  0.000  0.000  0.240
   1.13380     -0.550496  0.005  0.045  0.147  0.042  0.000  0.000  0.000  0.000  0.000  0.240
   1.16930     -0.517006  0.006  0.045  0.163  0.027  0.000  0.000  0.000  0.000  0.000  0.242
   1.20480     -0.475670  0.008  0.044  0.174  0.018  0.000  0.000  0.000  0.000  0.000  0.245
   1.24029     -0.429825  0.009  0.043  0.184  0.013  0.000  0.000  0.000  0.000  0.000  0.248
   1.27579     -0.382415  0.009  0.042  0.191  0.009  0.000  0.000  0.000  0.000  0.000  0.252
   1.31129     -0.336167  0.010  0.040  0.197  0.007  0.000  0.000  0.000  0.000  0.000  0.255
   1.34679     -0.293741  0.011  0.039  0.203  0.005  0.000  0.000  0.000  0.000  0.000  0.258
   1.38229     -0.257761  0.012  0.037  0.207  0.004  0.000  0.000  0.000  0.000  0.000  0.261
   1.41779     -0.230702  0.012  0.036  0.210  0.003  0.000  0.000  0.000  0.000  0.000  0.262
   1.45329     -0.214642  0.012  0.034  0.213  0.003  0.000  0.000  0.000  0.000  0.000  0.262
   1.45329     -0.214642  0.012  0.034  0.213  0.003  0.000  0.000  0.000  0.000  0.000  0.262
   1.47378     -0.224950  0.012  0.036  0.214  0.001  0.000  0.000  0.000  0.000  0.000  0.263
   1.49428     -0.228271  0.012  0.036  0.218  0.000  0.000  0.000  0.000  0.000  0.000  0.266
   1.51477     -0.224769  0.012  0.034  0.223  0.001  0.000  0.000  0.000  0.000  0.000  0.270
   1.53527     -0.215450  0.011  0.031  0.230  0.003  0.000  0.000  0.000  0.000  0.000  0.275
   1.55576     -0.201716  0.010  0.028  0.237  0.004  0.000  0.000  0.000  0.000  0.000  0.280
   1.57626     -0.184953  0.009  0.024  0.245  0.006  0.000  0.000  0.000  0.000  0.000  0.284
   1.59675     -0.166311  0.008  0.021  0.252  0.007  0.000  0.000  0.000  0.000  0.000  0.289
   1.61725     -0.146643  0.008  0.018  0.260  0.008  0.000  0.000  0.000  0.000  0.000  0.293
   1.63774     -0.126566  0.007  0.015  0.267  0.008  0.000  0.000  0.000  0.000  0.000  0.297
   1.65824     -0.106527  0.007  0.013  0.273  0.008  0.000  0.000  0.000  0.000  0.000  0.301
   1.67873     -0.086883  0.006  0.011  0.280  0.007  0.000  0.000  0.000  0.000  0.000  0.305
   1.69923     -0.067958  0.006  0.010  0.286  0.007  0.000  0.000  0.000  0.000  0.000  0.308
   1.71972     -0.050084  0.005  0.008  0.291  0.006  0.000  0.000  0.000  0.000  0.000  0.312
   1.74022     -0.033631  0.005  0.007  0.297  0.006  0.000  0.000  0.000  0.000  0.000  0.315
   1.76071     -0.019018  0.005  0.006  0.301  0.005  0.000  0.000  0.000  0.000  0.000  0.318
   1.78121     -0.006727  0.005  0.005  0.306  0.005  0.000  0.000  0.000  0.000  0.000  0.320
   1.80170      0.002709  0.005  0.005  0.309  0.004  0.000  0.000  0.000  0.000  0.000  0.322
   1.82220      0.008740  0.005  0.004  0.311  0.004  0.000  0.000  0.000  0.000  0.000  0.323
   1.84269      0.010849  0.004  0.004  0.312  0.004  0.000  0.000  0.000  0.000  0.000  0.324
   1.84269      0.010849  0.004  0.004  0.312  0.004  0.000  0.000  0.000  0.000  0.000  0.324
   1.88368      0.001869  0.005  0.005  0.308  0.004  0.000  0.000  0.000  0.000  0.000  0.322
   1.92467     -0.025248  0.005  0.006  0.300  0.005  0.000  0.000  0.000  0.000  0.000  0.316
   1.96566     -0.068917  0.005  0.009  0.287  0.007  0.000  0.000  0.000  0.000  0.000  0.308
   2.00665     -0.126043  0.005  0.011  0.272  0.009  0.000  0.000  0.000  0.000  0.000  0.298
   2.04764     -0.192893  0.006  0.014  0.256  0.011  0.000  0.000  0.000  0.000  0.000  0.287
   2.08863     -0.265640  0.006  0.018  0.241  0.013  0.000  0.000  0.000  0.000  0.000  0.278
   2.12962     -0.340615  0.006  0.021  0.227  0.014  0.000  0.000  0.000  0.000  0.000  0.269
   2.17061     -0.414347  0.006  0.025  0.213  0.016  0.000  0.000  0.000  0.000  0.000  0.261
   2.21160     -0.483320  0.006  0.029  0.199  0.019  0.000  0.000  0.000  0.000  0.000  0.254
   2.25259     -0.543442  0.005  0.034  0.184  0.024  0.000  0.000  0.000  0.000  0.000  0.248
   2.29358     -0.589012  0.004  0.041  0.165  0.033  0.000  0.000  0.000  0.000  0.000  0.243
   2.33457     -0.611854  0.003  0.048  0.137  0.052  0.000  0.000  0.000  0.000  0.000  0.240
   2.37556     -0.606588  0.001  0.049  0.113  0.075  0.000  0.000  0.000  0.000  0.000  0.238
   2.41655     -0.595527  0.001  0.041  0.141  0.042  0.000  0.000  0.000  0.000  0.000  0.226
   2.45754     -0.590932  0.000  0.050  0.148  0.027  0.000  0.000  0.000  0.000  0.001  0.225
   2.49853     -0.565539  0.000  0.053  0.145  0.032  0.000  0.000  0.000  0.000  0.001  0.231
   2.53953     -0.515152  0.002  0.057  0.140  0.034  0.000  0.000  0.000  0.000  0.001  0.234
   2.58052     -0.441260  0.005  0.062  0.136  0.030  0.000  0.000  0.001  0.000  0.001  0.235
   2.62151     -0.348734  0.012  0.018  0.168  0.019  0.000  0.000  0.001  0.000  0.000  0.218
 
# Band-Index:   18
   2.62151     -0.348734  0.012  0.018  0.168  0.019  0.000  0.000  0.001  0.000  0.000  0.218
   2.58052     -0.380850  0.002  0.068  0.054  0.140  0.001  0.000  0.000  0.000  0.000  0.266
   2.53953     -0.422501  0.001  0.071  0.044  0.149  0.001  0.000  0.000  0.000  0.000  0.267
   2.49853     -0.465747  0.000  0.072  0.043  0.147  0.001  0.000  0.000  0.000  0.000  0.264
   2.45754     -0.511321  0.000  0.074  0.049  0.134  0.001  0.000  0.000  0.000  0.000  0.259
   2.41655     -0.551872  0.000  0.075  0.077  0.094  0.001  0.000  0.000  0.000  0.000  0.247
   2.37556     -0.556222  0.001  0.055  0.144  0.026  0.000  0.000  0.000  0.000  0.000  0.226
   2.33457     -0.525906  0.002  0.039  0.167  0.014  0.000  0.000  0.000  0.000  0.000  0.224
   2.29358     -0.480901  0.003  0.031  0.181  0.011  0.000  0.000  0.000  0.000  0.000  0.226
   2.25259     -0.425809  0.003  0.025  0.193  0.009  0.000  0.000  0.000  0.000  0.000  0.231
   2.21160     -0.363209  0.004  0.020  0.206  0.007  0.000  0.000  0.000  0.000  0.000  0.237
   2.17061     -0.295530  0.004  0.016  0.219  0.006  0.000  0.000  0.000  0.000  0.000  0.245
   2.12962     -0.225401  0.004  0.012  0.233  0.005  0.000  0.000  0.000  0.000  0.000  0.255
   2.08863     -0.155823  0.004  0.009  0.249  0.004  0.000  0.000  0.000  0.000  0.000  0.266
   2.04764     -0.090198  0.004  0.007  0.265  0.003  0.000  0.000  0.000  0.000  0.000  0.278
   2.00665     -0.032206  0.004  0.004  0.280  0.002  0.000  0.000  0.000  0.000  0.000  0.291
   1.96566      0.014645  0.004  0.002  0.295  0.001  0.000  0.000  0.000  0.000  0.000  0.302
   1.92467      0.047817  0.004  0.001  0.305  0.001  0.000  0.000  0.000  0.000  0.000  0.311
   1.88368      0.066622  0.004  0.001  0.312  0.001  0.000  0.000  0.000  0.000  0.000  0.317
   1.84269      0.072397  0.004  0.000  0.314  0.000  0.000  0.000  0.000  0.000  0.000  0.319
   1.84269      0.072397  0.004  0.000  0.314  0.000  0.000  0.000  0.000  0.000  0.000  0.319
   1.82220      0.071091  0.004  0.000  0.313  0.001  0.000  0.000  0.000  0.000  0.000  0.318
   1.80170      0.067334  0.004  0.000  0.312  0.001  0.000  0.000  0.000  0.000  0.000  0.317
   1.78121      0.061349  0.004  0.000  0.310  0.001  0.000  0.000  0.000  0.000  0.000  0.315
   1.76071      0.053349  0.004  0.000  0.307  0.002  0.000  0.000  0.000  0.000  0.000  0.313
   1.74022      0.043545  0.004  0.000  0.303  0.003  0.000  0.000  0.000  0.000  0.000  0.310
   1.71972      0.032146  0.004  0.001  0.299  0.004  0.000  0.000  0.000  0.000  0.000  0.307
   1.69923      0.019332  0.004  0.001  0.294  0.005  0.000  0.000  0.000  0.000  0.000  0.304
   1.67873      0.005238  0.005  0.001  0.288  0.006  0.000  0.000  0.000  0.000  0.000  0.300
   1.65824     -0.010062  0.005  0.002  0.282  0.008  0.000  0.000  0.000  0.000  0.000  0.296
   1.63774     -0.026571  0.005  0.003  0.275  0.009  0.000  0.000  0.000  0.000  0.000  0.292
   1.61725     -0.044363  0.006  0.005  0.267  0.011  0.000  0.000  0.000  0.000  0.000  0.288
   1.59675     -0.063560  0.006  0.007  0.259  0.012  0.000  0.000  0.000  0.000  0.000  0.284
   1.57626     -0.084274  0.007  0.009  0.250  0.013  0.000  0.000  0.000  0.000  0.000  0.280
   1.55576     -0.106507  0.008  0.013  0.241  0.014  0.000  0.000  0.000  0.000  0.000  0.276
   1.53527     -0.129990  0.009  0.017  0.232  0.013  0.000  0.000  0.000  0.000  0.000  0.271
   1.51477     -0.154024  0.010  0.021  0.225  0.012  0.000  0.000  0.000  0.000  0.000  0.268
   1.49428     -0.177353  0.011  0.026  0.218  0.009  0.000  0.000  0.000  0.000  0.000  0.264
   1.47378     -0.198218  0.012  0.031  0.214  0.006  0.000  0.000  0.000  0.000  0.000  0.262
   1.45329     -0.214642  0.012  0.034  0.213  0.003  0.000  0.000  0.000  0.000  0.000  0.262
   1.45329     -0.214642  0.012  0.034  0.213  0.003  0.000  0.000  0.000  0.000  0.000  0.262
   1.41779     -0.210914  0.012  0.032  0.213  0.002  0.000  0.000  0.000  0.000  0.000  0.260
   1.38229     -0.219782  0.012  0.031  0.212  0.002  0.000  0.000  0.000  0.000  0.000  0.257
   1.34679     -0.240345  0.011  0.030  0.210  0.002  0.000  0.000  0.000  0.000  0.000  0.253
   1.31129     -0.270725  0.010  0.030  0.207  0.002  0.000  0.000  0.000  0.000  0.000  0.249
   1.27579     -0.308451  0.009  0.030  0.202  0.002  0.000  0.000  0.000  0.000  0.000  0.243
   1.24029     -0.350867  0.008  0.031  0.197  0.002  0.000  0.000  0.000  0.000  0.000  0.238
   1.20480     -0.395423  0.007  0.033  0.191  0.002  0.000  0.000  0.000  0.000  0.000  0.233
   1.16930     -0.439804  0.006  0.035  0.185  0.002  0.000  0.000  0.000  0.000  0.000  0.229
   1.13380     -0.481963  0.005  0.039  0.179  0.002  0.000  0.000  0.000  0.000  0.000  0.226
   1.09830     -0.520071  0.004  0.044  0.172  0.002  0.000  0.000  0.000  0.000  0.000  0.223
   1.06280     -0.552444  0.003  0.050  0.165  0.002  0.000  0.000  0.000  0.000  0.000  0.221
   1.02730     -0.570920  0.001  0.034  0.081  0.129  0.001  0.000  0.000  0.000  0.000  0.246
   0.99180     -0.548939  0.000  0.029  0.063  0.158  0.001  0.000  0.000  0.000  0.000  0.252
   0.95631     -0.518166  0.000  0.026  0.051  0.179  0.001  0.000  0.000  0.000  0.000  0.258
   0.92081     -0.483083  0.000  0.024  0.045  0.192  0.001  0.000  0.000  0.000  0.000  0.263
   0.88531     -0.446919  0.000  0.025  0.043  0.196  0.001  0.000  0.000  0.000  0.000  0.266
   0.84981     -0.411164  0.001  0.028  0.046  0.191  0.001  0.000  0.000  0.000  0.000  0.267
   0.81431     -0.375162  0.003  0.031  0.057  0.173  0.001  0.000  0.000  0.000  0.000  0.265
   0.77881     -0.348734  0.012  0.018  0.168  0.019  0.000  0.000  0.001  0.000  0.000  0.218
   0.77881     -0.348734  0.012  0.018  0.168  0.019  0.000  0.000  0.001  0.000  0.000  0.218
   0.73782     -0.380850  0.002  0.068  0.054  0.140  0.001  0.000  0.000  0.000  0.000  0.266
   0.69683     -0.422501  0.001  0.071  0.044  0.149  0.001  0.000  0.000  0.000  0.000  0.267
   0.65584     -0.465747  0.000  0.072  0.043  0.147  0.001  0.000  0.000  0.000  0.000  0.264
   0.61485     -0.511321  0.000  0.074  0.049  0.134  0.001  0.000  0.000  0.000  0.000  0.259
   0.57386     -0.551872  0.000  0.075  0.077  0.094  0.001  0.000  0.000  0.000  0.000  0.247
   0.53287     -0.556222  0.001  0.055  0.144  0.026  0.000  0.000  0.000  0.000  0.000  0.226
   0.49188     -0.525906  0.002  0.039  0.167  0.014  0.000  0.000  0.000  0.000  0.000  0.224
   0.45089     -0.480901  0.003  0.031  0.181  0.011  0.000  0.000  0.000  0.000  0.000  0.226
   0.40990     -0.425809  0.003  0.025  0.193  0.009  0.000  0.000  0.000  0.000  0.000  0.231
   0.36891     -0.363209  0.004  0.020  0.206  0.007  0.000  0.000  0.000  0.000  0.000  0.237
   0.32792     -0.295530  0.004  0.016  0.219  0.006  0.000  0.000  0.000  0.000  0.000  0.245
   0.28693     -0.225401  0.004  0.012  0.233  0.005  0.000  0.000  0.000  0.000  0.000  0.255
   0.24594     -0.155823  0.004  0.009  0.249  0.004  0.000  0.000  0.000  0.000  0.000  0.266
   0.20495     -0.090198  0.004  0.007  0.265  0.003  0.000  0.000  0.000  0.000  0.000  0.278
   0.16396     -0.032206  0.004  0.004  0.280  0.002  0.000  0.000  0.000  0.000  0.000  0.291
   0.12297      0.014645  0.004  0.002  0.295  0.001  0.000  0.000  0.000  0.000  0.000  0.302
   0.08198      0.047817  0.004  0.001  0.305  0.001  0.000  0.000  0.000  0.000  0.000  0.311
   0.04099      0.066622  0.004  0.001  0.312  0.001  0.000  0.000  0.000  0.000  0.000  0.317
   0.00000      0.072397  0.004  0.000  0.314  0.000  0.000  0.000  0.000  0.000  0.000  0.319
 
# Band-Index:   19
   0.00000      1.222648  0.001  0.079  0.003  0.079  0.000  0.001  0.000  0.001  0.000  0.165
   0.04099      1.221559  0.001  0.082  0.005  0.077  0.000  0.001  0.000  0.001  0.000  0.169
   0.08198      1.220276  0.001  0.087  0.012  0.077  0.000  0.001  0.000  0.001  0.000  0.181
   0.12297      1.219358  0.002  0.094  0.023  0.079  0.000  0.001  0.000  0.001  0.000  0.200
   0.16396      1.215514  0.004  0.102  0.036  0.082  0.000  0.001  0.000  0.001  0.000  0.226
   0.20495      1.202086  0.006  0.111  0.049  0.085  0.000  0.001  0.000  0.000  0.000  0.253
   0.24594      1.171357  0.009  0.120  0.059  0.087  0.000  0.000  0.000  0.000  0.000  0.277
   0.28693      1.117840  0.013  0.128  0.065  0.087  0.000  0.000  0.000  0.000  0.000  0.295
   0.32792      1.040342  0.017  0.133  0.067  0.085  0.000  0.000  0.001  0.000  0.000  0.304
   0.36891      0.941257  0.021  0.137  0.068  0.080  0.000  0.000  0.001  0.000  0.000  0.308
   0.40990      0.824349  0.025  0.139  0.067  0.075  0.000  0.000  0.001  0.000  0.000  0.307
   0.45089      0.693154  0.027  0.140  0.067  0.069  0.000  0.000  0.001  0.000  0.000  0.305
   0.49188      0.550632  0.029  0.141  0.067  0.064  0.000  0.000  0.001  0.000  0.000  0.302
   0.53287      0.399716  0.029  0.140  0.068  0.061  0.000  0.000  0.001  0.000  0.000  0.299
   0.57386      0.244205  0.027  0.137  0.070  0.059  0.000  0.000  0.001  0.000  0.000  0.295
   0.61485      0.089867  0.024  0.132  0.072  0.060  0.000  0.000  0.001  0.000  0.000  0.290
   0.65584     -0.054541  0.019  0.124  0.072  0.067  0.000  0.000  0.001  0.000  0.000  0.284
   0.69683     -0.177434  0.013  0.111  0.068  0.083  0.001  0.000  0.001  0.000  0.001  0.278
   0.73782     -0.269287  0.007  0.101  0.055  0.111  0.001  0.000  0.000  0.000  0.001  0.275
   0.77881     -0.325988  0.000  0.146  0.000  0.146  0.001  0.000  0.000  0.000  0.001  0.294
   0.77881     -0.325988  0.000  0.146  0.000  0.146  0.001  0.000  0.000  0.000  0.001  0.294
   0.81431     -0.279105  0.006  0.094  0.052  0.122  0.001  0.000  0.000  0.000  0.000  0.276
   0.84981     -0.205106  0.011  0.119  0.065  0.079  0.001  0.000  0.001  0.000  0.000  0.277
   0.88531     -0.107123  0.017  0.144  0.071  0.047  0.000  0.000  0.001  0.000  0.000  0.281
   0.92081      0.009071  0.022  0.164  0.072  0.027  0.000  0.000  0.001  0.000  0.000  0.286
   0.95631      0.133805  0.025  0.176  0.071  0.016  0.000  0.000  0.001  0.000  0.000  0.290
   0.99180      0.257632  0.028  0.182  0.070  0.010  0.000  0.000  0.001  0.000  0.000  0.291
   1.02730      0.372755  0.029  0.184  0.069  0.006  0.000  0.000  0.001  0.000  0.000  0.290
   1.06280      0.473427  0.029  0.183  0.069  0.004  0.000  0.000  0.001  0.000  0.001  0.287
   1.09830      0.556178  0.028  0.179  0.070  0.003  0.000  0.000  0.001  0.000  0.001  0.282
   1.13380      0.619954  0.027  0.173  0.071  0.002  0.000  0.000  0.001  0.000  0.001  0.275
   1.16930      0.665887  0.026  0.166  0.072  0.002  0.000  0.000  0.001  0.000  0.002  0.268
   1.20480      0.696696  0.024  0.159  0.074  0.001  0.000  0.000  0.001  0.000  0.002  0.262
   1.24029      0.715975  0.022  0.153  0.076  0.001  0.000  0.000  0.001  0.000  0.002  0.256
   1.27579      0.727550  0.021  0.146  0.079  0.001  0.000  0.000  0.001  0.000  0.002  0.251
   1.31129      0.735057  0.019  0.140  0.083  0.001  0.000  0.000  0.001  0.000  0.003  0.247
   1.34679      0.741652  0.018  0.135  0.087  0.001  0.000  0.000  0.001  0.000  0.003  0.244
   1.38229      0.749779  0.017  0.131  0.090  0.001  0.000  0.000  0.001  0.000  0.003  0.242
   1.41779      0.760948  0.016  0.127  0.093  0.001  0.000  0.000  0.001  0.000  0.003  0.241
   1.45329      0.775587  0.016  0.124  0.095  0.000  0.000  0.000  0.001  0.000  0.003  0.240
   1.45329      0.775587  0.016  0.124  0.095  0.000  0.000  0.000  0.001  0.000  0.003  0.240
   1.47378      0.766032  0.016  0.126  0.095  0.000  0.000  0.000  0.001  0.000  0.003  0.241
   1.49428      0.770329  0.016  0.127  0.092  0.003  0.000  0.000  0.001  0.000  0.003  0.241
   1.51477      0.787802  0.016  0.128  0.087  0.008  0.000  0.000  0.001  0.000  0.003  0.242
   1.53527      0.816994  0.015  0.129  0.080  0.015  0.000  0.000  0.001  0.000  0.003  0.243
   1.55576      0.855715  0.014  0.129  0.073  0.023  0.000  0.000  0.001  0.000  0.002  0.243
   1.57626      0.901186  0.013  0.128  0.066  0.032  0.000  0.000  0.001  0.000  0.002  0.242
   1.59675      0.950287  0.012  0.127  0.058  0.040  0.000  0.001  0.000  0.000  0.002  0.240
   1.61725      0.999863  0.010  0.124  0.051  0.048  0.000  0.001  0.000  0.000  0.002  0.236
   1.63774      1.047059  0.009  0.121  0.044  0.054  0.000  0.001  0.000  0.000  0.001  0.231
   1.65824      1.089619  0.007  0.117  0.037  0.059  0.000  0.001  0.000  0.000  0.001  0.223
   1.67873      1.126083  0.005  0.112  0.031  0.063  0.000  0.001  0.000  0.000  0.001  0.215
   1.69923      1.155823  0.004  0.107  0.025  0.066  0.000  0.001  0.000  0.000  0.001  0.205
   1.71972      1.178922  0.003  0.102  0.020  0.068  0.000  0.001  0.000  0.000  0.001  0.196
   1.74022      1.195971  0.002  0.097  0.015  0.070  0.000  0.002  0.000  0.001  0.000  0.187
   1.76071      1.207846  0.002  0.093  0.011  0.071  0.000  0.002  0.000  0.001  0.000  0.179
   1.78121      1.215526  0.001  0.089  0.007  0.073  0.000  0.002  0.000  0.001  0.000  0.173
   1.80170      1.219980  0.001  0.085  0.005  0.075  0.000  0.001  0.000  0.001  0.000  0.168
   1.82220      1.222095  0.001  0.082  0.003  0.077  0.000  0.001  0.000  0.001  0.000  0.166
   1.84269      1.222648  0.001  0.079  0.003  0.079  0.000  0.001  0.000  0.001  0.000  0.165
   1.84269      1.222648  0.001  0.079  0.003  0.079  0.000  0.001  0.000  0.001  0.000  0.165
   1.88368      1.221559  0.001  0.082  0.005  0.077  0.000  0.001  0.000  0.001  0.000  0.169
   1.92467      1.220276  0.001  0.087  0.012  0.077  0.000  0.001  0.000  0.001  0.000  0.181
   1.96566      1.219358  0.002  0.094  0.023  0.079  0.000  0.001  0.000  0.001  0.000  0.200
   2.00665      1.215514  0.004  0.102  0.036  0.082  0.000  0.001  0.000  0.001  0.000  0.226
   2.04764      1.202086  0.006  0.111  0.049  0.085  0.000  0.001  0.000  0.000  0.000  0.253
   2.08863      1.171357  0.009  0.120  0.059  0.087  0.000  0.000  0.000  0.000  0.000  0.277
   2.12962      1.117840  0.013  0.128  0.065  0.087  0.000  0.000  0.000  0.000  0.000  0.295
   2.17061      1.040342  0.017  0.133  0.067  0.085  0.000  0.000  0.001  0.000  0.000  0.304
   2.21160      0.941257  0.021  0.137  0.068  0.080  0.000  0.000  0.001  0.000  0.000  0.308
   2.25259      0.824349  0.025  0.139  0.067  0.075  0.000  0.000  0.001  0.000  0.000  0.307
   2.29358      0.693154  0.027  0.140  0.067  0.069  0.000  0.000  0.001  0.000  0.000  0.305
   2.33457      0.550632  0.029  0.141  0.067  0.064  0.000  0.000  0.001  0.000  0.000  0.302
   2.37556      0.399716  0.029  0.140  0.068  0.061  0.000  0.000  0.001  0.000  0.000  0.299
   2.41655      0.244205  0.027  0.137  0.070  0.059  0.000  0.000  0.001  0.000  0.000  0.295
   2.45754      0.089867  0.024  0.132  0.072  0.060  0.000  0.000  0.001  0.000  0.000  0.290
   2.49853     -0.054541  0.019  0.124  0.072  0.067  0.000  0.000  0.001  0.000  0.000  0.284
   2.53953     -0.177434  0.013  0.111  0.068  0.083  0.001  0.000  0.001  0.000  0.001  0.278
   2.58052     -0.269287  0.007  0.101  0.055  0.111  0.001  0.000  0.000  0.000  0.001  0.275
   2.62151     -0.325988  0.000  0.146  0.000  0.146  0.001  0.000  0.000  0.000  0.001  0.294
 
# Band-Index:   20
   2.62151     -0.325988  0.000  0.146  0.000  0.146  0.001  0.000  0.000  0.000  0.001  0.294
   2.58052     -0.217024  0.012  0.103  0.093  0.042  0.000  0.000  0.001  0.000  0.001  0.252
   2.53953     -0.072594  0.017  0.108  0.087  0.041  0.000  0.000  0.001  0.000  0.001  0.256
   2.49853      0.087699  0.022  0.115  0.079  0.043  0.000  0.000  0.001  0.000  0.000  0.261
   2.45754      0.257573  0.026  0.120  0.073  0.046  0.000  0.000  0.001  0.000  0.000  0.266
   2.41655      0.431374  0.029  0.123  0.067  0.050  0.000  0.000  0.001  0.000  0.000  0.271
   2.37556      0.604518  0.031  0.125  0.064  0.054  0.000  0.000  0.001  0.000  0.000  0.275
   2.33457      0.773514  0.031  0.126  0.062  0.059  0.000  0.000  0.001  0.000  0.000  0.280
   2.29358      0.935589  0.030  0.126  0.062  0.065  0.000  0.000  0.001  0.000  0.000  0.285
   2.25259      1.087890  0.028  0.126  0.063  0.071  0.000  0.000  0.001  0.000  0.000  0.291
   2.21160      1.226246  0.024  0.126  0.066  0.078  0.001  0.000  0.001  0.000  0.000  0.296
   2.17061      1.343484  0.019  0.124  0.070  0.083  0.001  0.000  0.001  0.000  0.000  0.299
   2.12962      1.428752  0.013  0.118  0.073  0.085  0.000  0.000  0.001  0.000  0.000  0.291
   2.08863      1.472330  0.007  0.106  0.069  0.082  0.000  0.001  0.000  0.000  0.000  0.267
   2.04764      1.476263  0.003  0.092  0.058  0.075  0.000  0.001  0.000  0.001  0.000  0.231
   2.00665      1.455366  0.001  0.080  0.043  0.069  0.000  0.001  0.000  0.001  0.000  0.195
   1.96566      1.426237  0.000  0.071  0.026  0.065  0.000  0.002  0.000  0.001  0.000  0.166
   1.92467      1.400613  0.000  0.066  0.012  0.062  0.000  0.002  0.000  0.001  0.000  0.144
   1.88368      1.384814  0.000  0.063  0.003  0.061  0.000  0.002  0.000  0.001  0.000  0.131
   1.84269      1.380107  0.000  0.062  0.000  0.062  0.000  0.002  0.000  0.002  0.000  0.127
   1.84269      1.380107  0.000  0.062  0.000  0.062  0.000  0.002  0.000  0.002  0.000  0.127
   1.82220      1.380934  0.000  0.063  0.001  0.061  0.000  0.002  0.000  0.001  0.000  0.128
   1.80170      1.382765  0.000  0.065  0.003  0.060  0.000  0.002  0.000  0.001  0.000  0.131
   1.78121      1.384447  0.000  0.067  0.006  0.060  0.000  0.002  0.000  0.001  0.000  0.136
   1.76071      1.384605  0.000  0.070  0.010  0.060  0.000  0.002  0.000  0.001  0.000  0.144
   1.74022      1.381657  0.001  0.074  0.016  0.060  0.000  0.002  0.000  0.001  0.000  0.153
   1.71972      1.373819  0.001  0.079  0.021  0.060  0.000  0.002  0.000  0.001  0.000  0.164
   1.69923      1.359144  0.002  0.085  0.028  0.060  0.000  0.002  0.000  0.000  0.000  0.178
   1.67873      1.335682  0.003  0.091  0.035  0.060  0.000  0.002  0.000  0.000  0.001  0.192
   1.65824      1.301853  0.005  0.098  0.042  0.059  0.000  0.001  0.000  0.000  0.001  0.206
   1.63774      1.257013  0.007  0.104  0.049  0.057  0.000  0.001  0.000  0.000  0.001  0.219
   1.61725      1.201982  0.009  0.109  0.055  0.052  0.000  0.001  0.000  0.000  0.002  0.229
   1.59675      1.139149  0.011  0.113  0.062  0.046  0.000  0.001  0.000  0.000  0.002  0.236
   1.57626      1.072021  0.013  0.116  0.068  0.039  0.000  0.001  0.001  0.000  0.002  0.239
   1.55576      1.004529  0.014  0.118  0.074  0.030  0.000  0.000  0.001  0.000  0.002  0.241
   1.53527      0.940456  0.015  0.120  0.080  0.022  0.000  0.000  0.001  0.000  0.003  0.241
   1.51477      0.883118  0.016  0.121  0.086  0.014  0.000  0.000  0.001  0.000  0.003  0.240
   1.49428      0.835240  0.016  0.122  0.091  0.008  0.000  0.000  0.001  0.000  0.003  0.240
   1.47378      0.798915  0.016  0.123  0.094  0.003  0.000  0.000  0.001  0.000  0.003  0.240
   1.45329      0.775587  0.016  0.124  0.095  0.000  0.000  0.000  0.001  0.000  0.003  0.240
   1.45329      0.775587  0.016  0.124  0.095  0.000  0.000  0.000  0.001  0.000  0.003  0.240
   1.41779      0.793094  0.017  0.123  0.096  0.000  0.000  0.000  0.001  0.000  0.003  0.239
   1.38229      0.812096  0.018  0.122  0.095  0.000  0.000  0.000  0.001  0.000  0.003  0.239
   1.34679      0.830770  0.019  0.123  0.092  0.000  0.000  0.000  0.001  0.000  0.003  0.238
   1.31129      0.847045  0.020  0.125  0.088  0.000  0.000  0.000  0.001  0.000  0.003  0.238
   1.27579      0.858606  0.022  0.129  0.083  0.000  0.000  0.000  0.001  0.000  0.003  0.238
   1.24029      0.862768  0.023  0.134  0.079  0.000  0.000  0.000  0.001  0.000  0.003  0.240
   1.20480      0.856355  0.025  0.139  0.075  0.000  0.000  0.000  0.001  0.000  0.003  0.243
   1.16930      0.835767  0.026  0.146  0.072  0.000  0.000  0.000  0.001  0.000  0.002  0.248
   1.13380      0.797339  0.028  0.152  0.069  0.000  0.000  0.000  0.001  0.000  0.002  0.253
   1.09830      0.738085  0.029  0.158  0.068  0.000  0.000  0.000  0.001  0.000  0.001  0.258
   1.06280      0.656611  0.030  0.163  0.067  0.000  0.000  0.000  0.001  0.000  0.001  0.263
   1.02730      0.553842  0.030  0.165  0.068  0.001  0.000  0.000  0.001  0.000  0.001  0.266
   0.99180      0.433124  0.029  0.165  0.069  0.001  0.000  0.000  0.001  0.000  0.001  0.266
   0.95631      0.299673  0.027  0.162  0.073  0.002  0.000  0.000  0.001  0.000  0.001  0.265
   0.92081      0.159763  0.024  0.156  0.077  0.003  0.000  0.000  0.001  0.000  0.001  0.262
   0.88531      0.019943  0.020  0.149  0.083  0.004  0.000  0.000  0.001  0.000  0.001  0.258
   0.84981     -0.113493  0.016  0.140  0.090  0.007  0.000  0.000  0.001  0.000  0.001  0.254
   0.81431     -0.234843  0.011  0.133  0.093  0.014  0.000  0.000  0.001  0.000  0.001  0.252
   0.77881     -0.325988  0.000  0.146  0.000  0.146  0.001  0.000  0.000  0.000  0.001  0.294
   0.77881     -0.325988  0.000  0.146  0.000  0.146  0.001  0.000  0.000  0.000  0.001  0.294
   0.73782     -0.217024  0.012  0.103  0.093  0.042  0.000  0.000  0.001  0.000  0.001  0.252
   0.69683     -0.072594  0.017  0.108  0.087  0.041  0.000  0.000  0.001  0.000  0.001  0.256
   0.65584      0.087699  0.022  0.115  0.079  0.043  0.000  0.000  0.001  0.000  0.000  0.261
   0.61485      0.257573  0.026  0.120  0.073  0.046  0.000  0.000  0.001  0.000  0.000  0.266
   0.57386      0.431374  0.029  0.123  0.067  0.050  0.000  0.000  0.001  0.000  0.000  0.271
   0.53287      0.604518  0.031  0.125  0.064  0.054  0.000  0.000  0.001  0.000  0.000  0.275
   0.49188      0.773514  0.031  0.126  0.062  0.059  0.000  0.000  0.001  0.000  0.000  0.280
   0.45089      0.935589  0.030  0.126  0.062  0.065  0.000  0.000  0.001  0.000  0.000  0.285
   0.40990      1.087890  0.028  0.126  0.063  0.071  0.000  0.000  0.001  0.000  0.000  0.291
   0.36891      1.226246  0.024  0.126  0.066  0.078  0.001  0.000  0.001  0.000  0.000  0.296
   0.32792      1.343484  0.019  0.124  0.070  0.083  0.001  0.000  0.001  0.000  0.000  0.299
   0.28693      1.428752  0.013  0.118  0.073  0.085  0.000  0.000  0.001  0.000  0.000  0.291
   0.24594      1.472330  0.007  0.106  0.069  0.082  0.000  0.001  0.000  0.000  0.000  0.267
   0.20495      1.476263  0.003  0.092  0.058  0.075  0.000  0.001  0.000  0.001  0.000  0.231
   0.16396      1.455366  0.001  0.080  0.043  0.069  0.000  0.001  0.000  0.001  0.000  0.195
   0.12297      1.426237  0.000  0.071  0.026  0.065  0.000  0.002  0.000  0.001  0.000  0.166
   0.08198      1.400613  0.000  0.066  0.012  0.062  0.000  0.002  0.000  0.001  0.000  0.144
   0.04099      1.384814  0.000  0.063  0.003  0.061  0.000  0.002  0.000  0.001  0.000  0.131
   0.00000      1.380107  0.000  0.062  0.000  0.062  0.000  0.002  0.000  0.002  0.000  0.127
 
# Band-Index:   21
   0.00000      2.772250  0.000  0.093  0.002  0.093  0.003  0.002  0.000  0.002  0.003  0.197
   0.04099      2.738831  0.003  0.088  0.002  0.088  0.002  0.002  0.000  0.002  0.003  0.189
   0.08198      2.658629  0.008  0.078  0.002  0.076  0.002  0.002  0.001  0.001  0.003  0.173
   0.12297      2.557077  0.014  0.066  0.002  0.062  0.002  0.002  0.001  0.001  0.002  0.152
   0.16396      2.451030  0.019  0.054  0.002  0.047  0.002  0.002  0.001  0.001  0.002  0.129
   0.20495      2.355802  0.023  0.038  0.002  0.031  0.001  0.002  0.002  0.001  0.001  0.102
   0.24594      2.290417  0.024  0.022  0.006  0.015  0.001  0.003  0.002  0.001  0.001  0.075
   0.28693      2.270567  0.022  0.009  0.017  0.005  0.001  0.003  0.002  0.001  0.000  0.060
   0.32792      2.296994  0.018  0.002  0.032  0.001  0.001  0.003  0.002  0.001  0.000  0.061
   0.36891      2.357259  0.015  0.001  0.048  0.001  0.001  0.003  0.002  0.001  0.000  0.071
   0.40990      2.437187  0.013  0.002  0.061  0.002  0.001  0.003  0.002  0.001  0.001  0.084
   0.45089      2.526284  0.011  0.004  0.071  0.003  0.001  0.002  0.002  0.001  0.001  0.097
   0.49188      2.617594  0.010  0.007  0.078  0.005  0.001  0.002  0.002  0.001  0.002  0.107
   0.53287      2.706480  0.008  0.010  0.083  0.006  0.001  0.002  0.002  0.001  0.002  0.114
   0.57386      2.789462  0.006  0.012  0.087  0.006  0.001  0.001  0.002  0.000  0.003  0.120
   0.61485      2.863157  0.004  0.014  0.091  0.007  0.001  0.001  0.002  0.000  0.003  0.123
   0.65584      2.923733  0.002  0.014  0.095  0.007  0.001  0.001  0.003  0.000  0.003  0.125
   0.69683      2.968098  0.001  0.012  0.097  0.008  0.002  0.000  0.003  0.000  0.003  0.125
   0.73782      2.996728  0.000  0.011  0.097  0.009  0.002  0.000  0.003  0.000  0.002  0.124
   0.77881      3.014119  0.000  0.009  0.099  0.009  0.002  0.000  0.003  0.000  0.002  0.123
   0.77881      3.014119  0.000  0.009  0.099  0.009  0.002  0.000  0.003  0.000  0.002  0.123
   0.81431      2.999613  0.000  0.011  0.097  0.009  0.002  0.000  0.003  0.000  0.003  0.124
   0.84981      2.977523  0.001  0.013  0.097  0.007  0.001  0.000  0.003  0.000  0.003  0.125
   0.88531      2.945216  0.002  0.015  0.097  0.005  0.001  0.001  0.003  0.000  0.004  0.126
   0.92081      2.901729  0.003  0.016  0.096  0.004  0.000  0.001  0.003  0.000  0.004  0.126
   0.95631      2.848286  0.004  0.016  0.094  0.003  0.000  0.001  0.002  0.000  0.003  0.125
   0.99180      2.786925  0.006  0.015  0.093  0.002  0.000  0.002  0.002  0.000  0.003  0.122
   1.02730      2.719141  0.007  0.013  0.091  0.002  0.000  0.002  0.002  0.000  0.002  0.119
   1.06280      2.645695  0.008  0.011  0.088  0.001  0.000  0.003  0.002  0.000  0.002  0.114
   1.09830      2.567201  0.008  0.009  0.084  0.001  0.000  0.003  0.002  0.000  0.001  0.108
   1.13380      2.484720  0.008  0.007  0.077  0.001  0.000  0.004  0.001  0.000  0.001  0.100
   1.16930      2.399985  0.009  0.006  0.069  0.001  0.000  0.004  0.001  0.000  0.001  0.091
   1.20480      2.315338  0.009  0.005  0.059  0.001  0.000  0.005  0.001  0.000  0.001  0.080
   1.24029      2.233560  0.009  0.004  0.049  0.001  0.000  0.005  0.001  0.000  0.001  0.070
   1.27579      2.157686  0.009  0.003  0.038  0.001  0.000  0.005  0.001  0.000  0.001  0.059
   1.31129      2.090831  0.010  0.002  0.028  0.001  0.000  0.005  0.001  0.000  0.002  0.048
   1.34679      2.035994  0.010  0.002  0.019  0.001  0.000  0.005  0.001  0.000  0.002  0.039
   1.38229      1.995813  0.011  0.001  0.011  0.001  0.000  0.006  0.001  0.000  0.002  0.032
   1.41779      1.972311  0.011  0.001  0.007  0.001  0.000  0.006  0.001  0.000  0.002  0.028
   1.45329      1.966661  0.011  0.001  0.006  0.001  0.000  0.006  0.001  0.000  0.003  0.027
   1.45329      1.966661  0.011  0.001  0.006  0.001  0.000  0.006  0.001  0.000  0.003  0.027
   1.47378      1.962600  0.011  0.001  0.005  0.000  0.000  0.006  0.001  0.000  0.003  0.027
   1.49428      1.961954  0.012  0.001  0.005  0.000  0.000  0.006  0.001  0.000  0.003  0.026
   1.51477      1.965112  0.012  0.001  0.004  0.000  0.000  0.005  0.001  0.000  0.003  0.026
   1.53527      1.972815  0.013  0.001  0.003  0.000  0.000  0.005  0.001  0.000  0.003  0.027
   1.55576      1.986209  0.014  0.002  0.002  0.001  0.000  0.005  0.001  0.000  0.003  0.028
   1.57626      2.006879  0.015  0.003  0.001  0.002  0.000  0.005  0.001  0.000  0.003  0.031
   1.59675      2.036779  0.017  0.006  0.001  0.005  0.000  0.004  0.001  0.000  0.003  0.037
   1.61725      2.077933  0.019  0.009  0.000  0.009  0.000  0.004  0.001  0.000  0.004  0.047
   1.63774      2.131839  0.020  0.015  0.001  0.015  0.000  0.004  0.001  0.001  0.004  0.060
   1.65824      2.198668  0.021  0.022  0.001  0.022  0.000  0.003  0.001  0.001  0.004  0.076
   1.67873      2.276686  0.020  0.031  0.002  0.032  0.000  0.003  0.001  0.001  0.004  0.094
   1.69923      2.362278  0.019  0.040  0.003  0.042  0.000  0.003  0.001  0.001  0.004  0.112
   1.71972      2.450633  0.017  0.049  0.003  0.053  0.000  0.002  0.001  0.001  0.004  0.130
   1.74022      2.536652  0.013  0.058  0.003  0.063  0.001  0.002  0.001  0.001  0.004  0.147
   1.76071      2.615375  0.010  0.068  0.003  0.073  0.001  0.002  0.001  0.001  0.004  0.162
   1.78121      2.681965  0.006  0.077  0.002  0.082  0.001  0.002  0.000  0.001  0.004  0.176
   1.80170      2.732001  0.003  0.085  0.002  0.088  0.002  0.002  0.000  0.001  0.003  0.187
   1.82220      2.762374  0.001  0.091  0.002  0.092  0.002  0.002  0.000  0.002  0.003  0.195
   1.84269      2.772250  0.000  0.093  0.002  0.093  0.003  0.002  0.000  0.002  0.003  0.197
   1.84269      2.772250  0.000  0.093  0.002  0.093  0.003  0.002  0.000  0.002  0.003  0.197
   1.88368      2.738831  0.003  0.088  0.002  0.088  0.002  0.002  0.000  0.002  0.003  0.189
   1.92467      2.658629  0.008  0.078  0.002  0.076  0.002  0.002  0.001  0.001  0.003  0.173
   1.96566      2.557077  0.014  0.066  0.002  0.062  0.002  0.002  0.001  0.001  0.002  0.152
   2.00665      2.451030  0.019  0.054  0.002  0.047  0.002  0.002  0.001  0.001  0.002  0.129
   2.04764      2.355802  0.023  0.038  0.002  0.031  0.001  0.002  0.002  0.001  0.001  0.102
   2.08863      2.290417  0.024  0.022  0.006  0.015  0.001  0.003  0.002  0.001  0.001  0.075
   2.12962      2.270567  0.022  0.009  0.017  0.005  0.001  0.003  0.002  0.001  0.000  0.060
   2.17061      2.296994  0.018  0.002  0.032  0.001  0.001  0.003  0.002  0.001  0.000  0.061
   2.21160      2.357259  0.015  0.001  0.048  0.001  0.001  0.003  0.002  0.001  0.000  0.071
   2.25259      2.437187  0.013  0.002  0.061  0.002  0.001  0.003  0.002  0.001  0.001  0.084
   2.29358      2.526284  0.011  0.004  0.071  0.003  0.001  0.002  0.002  0.001  0.001  0.097
   2.33457      2.617594  0.010  0.007  0.078  0.005  0.001  0.002  0.002  0.001  0.002  0.107
   2.37556      2.706480  0.008  0.010  0.083  0.006  0.001  0.002  0.002  0.001  0.002  0.114
   2.41655      2.789462  0.006  0.012  0.087  0.006  0.001  0.001  0.002  0.000  0.003  0.120
   2.45754      2.863157  0.004  0.014  0.091  0.007  0.001  0.001  0.002  0.000  0.003  0.123
   2.49853      2.923733  0.002  0.014  0.095  0.007  0.001  0.001  0.003  0.000  0.003  0.125
   2.53953      2.968098  0.001  0.012  0.097  0.008  0.002  0.000  0.003  0.000  0.003  0.125
   2.58052      2.996728  0.000  0.011  0.097  0.009  0.002  0.000  0.003  0.000  0.002  0.124
   2.62151      3.014119  0.000  0.009  0.099  0.009  0.002  0.000  0.003  0.000  0.002  0.123
 
# Band-Index:   22
   2.62151      3.014119  0.000  0.009  0.099  0.009  0.002  0.000  0.003  0.000  0.002  0.123
   2.58052      3.022432  0.000  0.005  0.108  0.005  0.001  0.000  0.003  0.000  0.001  0.123
   2.53953      3.015849  0.000  0.001  0.114  0.002  0.000  0.000  0.003  0.000  0.000  0.121
   2.49853      2.988992  0.001  0.001  0.110  0.001  0.000  0.001  0.003  0.000  0.001  0.118
   2.45754      2.942306  0.003  0.002  0.101  0.001  0.001  0.001  0.003  0.000  0.001  0.114
   2.41655      2.880326  0.006  0.002  0.093  0.001  0.001  0.001  0.003  0.001  0.002  0.109
   2.37556      2.808343  0.008  0.002  0.086  0.001  0.001  0.002  0.003  0.001  0.001  0.104
   2.33457      2.730734  0.010  0.001  0.078  0.000  0.001  0.002  0.003  0.001  0.001  0.097
   2.29358      2.651702  0.012  0.000  0.070  0.000  0.001  0.003  0.003  0.001  0.001  0.089
   2.25259      2.576271  0.013  0.001  0.059  0.000  0.001  0.003  0.002  0.001  0.000  0.081
   2.21160      2.510808  0.015  0.002  0.047  0.002  0.001  0.003  0.002  0.001  0.000  0.074
   2.17061      2.462989  0.017  0.006  0.034  0.005  0.001  0.003  0.002  0.001  0.000  0.070
   2.12962      2.441056  0.018  0.013  0.021  0.011  0.001  0.003  0.002  0.002  0.001  0.072
   2.08863      2.452056  0.020  0.023  0.011  0.021  0.001  0.003  0.002  0.002  0.001  0.083
   2.04764      2.499631  0.021  0.036  0.004  0.033  0.002  0.003  0.002  0.002  0.001  0.102
   2.00665      2.582880  0.020  0.051  0.001  0.048  0.002  0.002  0.002  0.001  0.002  0.129
   1.96566      2.695414  0.018  0.066  0.000  0.064  0.002  0.002  0.001  0.001  0.002  0.158
   1.92467      2.822971  0.013  0.082  0.001  0.081  0.002  0.002  0.001  0.001  0.003  0.186
   1.88368      2.939937  0.006  0.099  0.001  0.100  0.003  0.001  0.000  0.001  0.003  0.214
   1.84269      2.995533  0.000  0.110  0.000  0.110  0.004  0.001  0.000  0.001  0.004  0.229
   1.84269      2.995533  0.000  0.110  0.000  0.110  0.004  0.001  0.000  0.001  0.004  0.229
   1.82220      2.978132  0.002  0.104  0.000  0.108  0.003  0.001  0.000  0.001  0.004  0.224
   1.80170      2.927056  0.007  0.092  0.001  0.100  0.002  0.002  0.000  0.001  0.004  0.210
   1.78121      2.849706  0.012  0.078  0.001  0.090  0.001  0.002  0.001  0.001  0.004  0.191
   1.76071      2.756117  0.016  0.065  0.001  0.079  0.001  0.002  0.001  0.001  0.005  0.171
   1.74022      2.655150  0.019  0.053  0.001  0.068  0.001  0.002  0.001  0.001  0.005  0.150
   1.71972      2.553750  0.020  0.043  0.001  0.057  0.000  0.002  0.001  0.001  0.005  0.130
   1.69923      2.457028  0.020  0.033  0.000  0.047  0.000  0.003  0.001  0.001  0.005  0.111
   1.67873      2.368283  0.020  0.025  0.000  0.038  0.000  0.003  0.001  0.001  0.005  0.093
   1.65824      2.289281  0.019  0.018  0.000  0.029  0.000  0.004  0.001  0.001  0.004  0.076
   1.63774      2.220746  0.018  0.012  0.000  0.022  0.000  0.004  0.001  0.001  0.004  0.063
   1.61725      2.162686  0.017  0.008  0.001  0.016  0.000  0.004  0.001  0.001  0.004  0.052
   1.59675      2.114547  0.016  0.005  0.001  0.011  0.000  0.005  0.001  0.000  0.004  0.044
   1.57626      2.075361  0.015  0.003  0.002  0.008  0.000  0.005  0.001  0.000  0.003  0.038
   1.55576      2.043946  0.014  0.002  0.003  0.006  0.000  0.005  0.001  0.000  0.003  0.034
   1.53527      2.019094  0.013  0.001  0.004  0.004  0.000  0.005  0.001  0.000  0.003  0.031
   1.51477      1.999717  0.012  0.001  0.005  0.003  0.000  0.005  0.001  0.000  0.003  0.029
   1.49428      1.984922  0.012  0.001  0.005  0.002  0.000  0.006  0.001  0.000  0.003  0.028
   1.47378      1.974044  0.011  0.001  0.006  0.001  0.000  0.006  0.001  0.000  0.003  0.027
   1.45329      1.966661  0.011  0.001  0.006  0.001  0.000  0.006  0.001  0.000  0.003  0.027
   1.45329      1.966661  0.011  0.001  0.006  0.001  0.000  0.006  0.001  0.000  0.003  0.027
   1.41779      1.979066  0.011  0.000  0.008  0.001  0.000  0.006  0.001  0.000  0.003  0.029
   1.38229      2.008778  0.011  0.000  0.013  0.000  0.000  0.006  0.001  0.000  0.003  0.033
   1.34679      2.054238  0.011  0.000  0.020  0.000  0.000  0.005  0.001  0.000  0.002  0.040
   1.31129      2.113284  0.011  0.000  0.028  0.000  0.000  0.005  0.001  0.000  0.002  0.049
   1.27579      2.183378  0.011  0.000  0.038  0.000  0.000  0.005  0.001  0.000  0.002  0.058
   1.24029      2.261787  0.010  0.001  0.048  0.000  0.000  0.005  0.001  0.000  0.002  0.067
   1.20480      2.345743  0.010  0.001  0.057  0.000  0.000  0.004  0.001  0.000  0.002  0.077
   1.16930      2.432578  0.010  0.002  0.065  0.000  0.000  0.004  0.001  0.000  0.002  0.085
   1.13380      2.519843  0.009  0.003  0.073  0.000  0.000  0.004  0.002  0.000  0.002  0.093
   1.09830      2.605443  0.009  0.004  0.078  0.000  0.000  0.003  0.002  0.000  0.003  0.099
   1.06280      2.687734  0.008  0.005  0.082  0.000  0.000  0.003  0.002  0.000  0.003  0.104
   1.02730      2.765498  0.007  0.006  0.085  0.000  0.000  0.002  0.002  0.000  0.004  0.108
   0.99180      2.837658  0.006  0.007  0.088  0.000  0.000  0.002  0.002  0.000  0.004  0.110
   0.95631      2.902616  0.004  0.008  0.092  0.000  0.000  0.001  0.003  0.000  0.004  0.113
   0.92081      2.957393  0.002  0.006  0.099  0.000  0.000  0.001  0.003  0.000  0.003  0.115
   0.88531      2.997387  0.001  0.003  0.108  0.001  0.000  0.001  0.003  0.000  0.002  0.119
   0.84981      3.018565  0.000  0.002  0.112  0.002  0.000  0.000  0.003  0.000  0.001  0.122
   0.81431      3.021972  0.000  0.005  0.106  0.006  0.001  0.000  0.003  0.000  0.001  0.123
   0.77881      3.014119  0.000  0.009  0.099  0.009  0.002  0.000  0.003  0.000  0.002  0.123
   0.77881      3.014119  0.000  0.009  0.099  0.009  0.002  0.000  0.003  0.000  0.002  0.123
   0.73782      3.022432  0.000  0.005  0.108  0.005  0.001  0.000  0.003  0.000  0.001  0.123
   0.69683      3.015849  0.000  0.001  0.114  0.002  0.000  0.000  0.003  0.000  0.000  0.121
   0.65584      2.988992  0.001  0.001  0.110  0.001  0.000  0.001  0.003  0.000  0.001  0.118
   0.61485      2.942306  0.003  0.002  0.101  0.001  0.001  0.001  0.003  0.000  0.001  0.114
   0.57386      2.880326  0.006  0.002  0.093  0.001  0.001  0.001  0.003  0.001  0.002  0.109
   0.53287      2.808343  0.008  0.002  0.086  0.001  0.001  0.002  0.003  0.001  0.001  0.104
   0.49188      2.730734  0.010  0.001  0.078  0.000  0.001  0.002  0.003  0.001  0.001  0.097
   0.45089      2.651702  0.012  0.000  0.070  0.000  0.001  0.003  0.003  0.001  0.001  0.089
   0.40990      2.576271  0.013  0.001  0.059  0.000  0.001  0.003  0.002  0.001  0.000  0.081
   0.36891      2.510808  0.015  0.002  0.047  0.002  0.001  0.003  0.002  0.001  0.000  0.074
   0.32792      2.462989  0.017  0.006  0.034  0.005  0.001  0.003  0.002  0.001  0.000  0.070
   0.28693      2.441056  0.018  0.013  0.021  0.011  0.001  0.003  0.002  0.002  0.001  0.072
   0.24594      2.452056  0.020  0.023  0.011  0.021  0.001  0.003  0.002  0.002  0.001  0.083
   0.20495      2.499631  0.021  0.036  0.004  0.033  0.002  0.003  0.002  0.002  0.001  0.102
   0.16396      2.582880  0.020  0.051  0.001  0.048  0.002  0.002  0.002  0.001  0.002  0.129
   0.12297      2.695414  0.018  0.066  0.000  0.064  0.002  0.002  0.001  0.001  0.002  0.158
   0.08198      2.822971  0.013  0.082  0.001  0.081  0.002  0.002  0.001  0.001  0.003  0.186
   0.04099      2.939937  0.006  0.099  0.001  0.100  0.003  0.001  0.000  0.001  0.003  0.214
   0.00000      2.995533  0.000  0.110  0.000  0.110  0.004  0.001  0.000  0.001  0.004  0.229
 
# Band-Index:   23
   0.00000      3.646012  0.080  0.000  0.020  0.000  0.000  0.000  0.005  0.000  0.000  0.106
   0.04099      3.673011  0.073  0.007  0.019  0.011  0.000  0.000  0.005  0.000  0.001  0.117
   0.08198      3.698175  0.062  0.015  0.018  0.027  0.001  0.000  0.004  0.000  0.003  0.130
   0.12297      3.682931  0.051  0.019  0.016  0.038  0.002  0.000  0.003  0.000  0.005  0.135
   0.16396      3.631979  0.043  0.021  0.016  0.043  0.003  0.000  0.002  0.000  0.007  0.135
   0.20495      3.560326  0.037  0.022  0.015  0.044  0.003  0.000  0.002  0.000  0.009  0.133
   0.24594      3.480489  0.032  0.022  0.015  0.044  0.004  0.000  0.001  0.000  0.010  0.129
   0.28693      3.401031  0.028  0.023  0.016  0.042  0.004  0.000  0.001  0.000  0.011  0.125
   0.32792      3.327544  0.025  0.023  0.016  0.040  0.004  0.000  0.001  0.000  0.011  0.121
   0.36891      3.263527  0.022  0.023  0.017  0.037  0.005  0.000  0.000  0.000  0.012  0.117
   0.40990      3.210825  0.020  0.024  0.018  0.034  0.005  0.000  0.000  0.000  0.012  0.113
   0.45089      3.169881  0.018  0.024  0.019  0.031  0.005  0.000  0.000  0.000  0.013  0.109
   0.49188      3.140384  0.016  0.024  0.019  0.029  0.005  0.000  0.000  0.000  0.013  0.106
   0.53287      3.121896  0.013  0.025  0.018  0.027  0.005  0.000  0.000  0.000  0.014  0.103
   0.57386      3.113227  0.011  0.027  0.016  0.026  0.005  0.000  0.000  0.000  0.015  0.100
   0.61485      3.111830  0.008  0.031  0.010  0.026  0.005  0.000  0.000  0.000  0.016  0.097
   0.65584      3.113270  0.006  0.034  0.003  0.027  0.007  0.000  0.000  0.000  0.016  0.093
   0.69683      3.111342  0.003  0.035  0.000  0.028  0.009  0.000  0.000  0.000  0.015  0.090
   0.73782      3.106701  0.001  0.030  0.008  0.027  0.010  0.000  0.000  0.000  0.012  0.089
   0.77881      3.108544  0.000  0.025  0.017  0.025  0.010  0.000  0.001  0.000  0.010  0.088
   0.77881      3.108544  0.000  0.025  0.017  0.025  0.010  0.000  0.001  0.000  0.010  0.088
   0.81431      3.106455  0.001  0.030  0.009  0.025  0.010  0.000  0.001  0.000  0.012  0.088
   0.84981      3.111311  0.002  0.039  0.003  0.022  0.008  0.000  0.000  0.000  0.016  0.090
   0.88531      3.121066  0.004  0.046  0.006  0.015  0.004  0.000  0.000  0.000  0.018  0.094
   0.92081      3.135056  0.006  0.047  0.015  0.009  0.002  0.000  0.001  0.000  0.018  0.097
   0.95631      3.156168  0.007  0.043  0.023  0.002  0.000  0.000  0.000  0.000  0.018  0.093
   0.99180      3.176186  0.010  0.046  0.021  0.001  0.000  0.000  0.000  0.000  0.018  0.097
   1.02730      3.214646  0.013  0.052  0.019  0.001  0.000  0.000  0.000  0.000  0.017  0.103
   1.06280      3.277756  0.017  0.060  0.016  0.000  0.000  0.000  0.000  0.000  0.017  0.111
   1.09830      3.369592  0.021  0.070  0.014  0.000  0.000  0.000  0.000  0.000  0.016  0.122
   1.13380      3.491139  0.025  0.082  0.012  0.000  0.000  0.000  0.001  0.000  0.014  0.134
   1.16930      3.640073  0.028  0.093  0.011  0.000  0.000  0.000  0.001  0.000  0.013  0.146
   1.20480      3.811285  0.031  0.105  0.010  0.000  0.000  0.000  0.001  0.000  0.011  0.158
   1.24029      3.997690  0.032  0.114  0.011  0.000  0.000  0.000  0.001  0.000  0.009  0.168
   1.27579      4.190831  0.033  0.123  0.011  0.000  0.000  0.000  0.001  0.000  0.007  0.175
   1.31129      4.381124  0.032  0.128  0.013  0.000  0.000  0.000  0.001  0.000  0.005  0.180
   1.34679      4.557625  0.031  0.133  0.015  0.000  0.000  0.000  0.000  0.000  0.003  0.184
   1.38229      4.706807  0.030  0.136  0.019  0.000  0.000  0.000  0.000  0.000  0.002  0.187
   1.41779      4.808770  0.028  0.134  0.021  0.000  0.000  0.001  0.000  0.000  0.001  0.185
   1.45329      4.846996  0.028  0.138  0.023  0.000  0.000  0.000  0.000  0.000  0.000  0.190
   1.45329      4.846996  0.028  0.138  0.023  0.000  0.000  0.000  0.000  0.000  0.000  0.190
   1.47378      4.837462  0.028  0.138  0.023  0.002  0.000  0.000  0.000  0.000  0.000  0.192
   1.49428      4.816202  0.029  0.138  0.022  0.005  0.001  0.000  0.000  0.000  0.000  0.196
   1.51477      4.782907  0.031  0.137  0.021  0.009  0.001  0.000  0.000  0.000  0.000  0.200
   1.53527      4.737630  0.033  0.134  0.019  0.014  0.002  0.000  0.000  0.000  0.000  0.203
   1.55576      4.681257  0.035  0.129  0.018  0.019  0.003  0.000  0.000  0.000  0.000  0.204
   1.57626      4.615515  0.037  0.122  0.017  0.024  0.004  0.000  0.001  0.000  0.000  0.203
   1.59675      4.542309  0.039  0.114  0.016  0.028  0.004  0.000  0.001  0.000  0.000  0.201
   1.61725      4.461517  0.040  0.109  0.015  0.034  0.004  0.000  0.001  0.000  0.000  0.203
   1.63774      4.371733  0.041  0.101  0.015  0.038  0.004  0.000  0.002  0.000  0.000  0.201
   1.65824      4.277737  0.042  0.091  0.015  0.039  0.004  0.000  0.002  0.000  0.000  0.195
   1.67873      4.182608  0.045  0.082  0.015  0.039  0.004  0.000  0.002  0.000  0.000  0.188
   1.69923      4.088051  0.048  0.073  0.015  0.037  0.004  0.000  0.003  0.000  0.000  0.180
   1.71972      3.995579  0.051  0.063  0.015  0.034  0.004  0.000  0.003  0.000  0.000  0.171
   1.74022      3.906946  0.055  0.053  0.016  0.030  0.003  0.000  0.003  0.000  0.000  0.161
   1.76071      3.824546  0.060  0.042  0.017  0.024  0.002  0.000  0.004  0.000  0.000  0.149
   1.78121      3.751919  0.066  0.029  0.018  0.017  0.002  0.000  0.004  0.000  0.000  0.136
   1.80170      3.694240  0.072  0.015  0.019  0.009  0.001  0.000  0.005  0.000  0.000  0.122
   1.82220      3.657740  0.078  0.004  0.020  0.002  0.000  0.000  0.005  0.000  0.000  0.110
   1.84269      3.646012  0.080  0.000  0.020  0.000  0.000  0.000  0.005  0.000  0.000  0.106
   1.84269      3.646012  0.080  0.000  0.020  0.000  0.000  0.000  0.005  0.000  0.000  0.106
   1.88368      3.673011  0.073  0.007  0.019  0.011  0.000  0.000  0.005  0.000  0.001  0.117
   1.92467      3.698175  0.062  0.015  0.018  0.027  0.001  0.000  0.004  0.000  0.003  0.130
   1.96566      3.682931  0.051  0.019  0.016  0.038  0.002  0.000  0.003  0.000  0.005  0.135
   2.00665      3.631979  0.043  0.021  0.016  0.043  0.003  0.000  0.002  0.000  0.007  0.135
   2.04764      3.560326  0.037  0.022  0.015  0.044  0.003  0.000  0.002  0.000  0.009  0.133
   2.08863      3.480489  0.032  0.022  0.015  0.044  0.004  0.000  0.001  0.000  0.010  0.129
   2.12962      3.401031  0.028  0.023  0.016  0.042  0.004  0.000  0.001  0.000  0.011  0.125
   2.17061      3.327544  0.025  0.023  0.016  0.040  0.004  0.000  0.001  0.000  0.011  0.121
   2.21160      3.263527  0.022  0.023  0.017  0.037  0.005  0.000  0.000  0.000  0.012  0.117
   2.25259      3.210825  0.020  0.024  0.018  0.034  0.005  0.000  0.000  0.000  0.012  0.113
   2.29358      3.169881  0.018  0.024  0.019  0.031  0.005  0.000  0.000  0.000  0.013  0.109
   2.33457      3.140384  0.016  0.024  0.019  0.029  0.005  0.000  0.000  0.000  0.013  0.106
   2.37556      3.121896  0.013  0.025  0.018  0.027  0.005  0.000  0.000  0.000  0.014  0.103
   2.41655      3.113227  0.011  0.027  0.016  0.026  0.005  0.000  0.000  0.000  0.015  0.100
   2.45754      3.111830  0.008  0.031  0.010  0.026  0.005  0.000  0.000  0.000  0.016  0.097
   2.49853      3.113270  0.006  0.034  0.003  0.027  0.007  0.000  0.000  0.000  0.016  0.093
   2.53953      3.111342  0.003  0.035  0.000  0.028  0.009  0.000  0.000  0.000  0.015  0.090
   2.58052      3.106701  0.001  0.030  0.008  0.027  0.010  0.000  0.000  0.000  0.012  0.089
   2.62151      3.108544  0.000  0.025  0.017  0.025  0.010  0.000  0.001  0.000  0.010  0.088
 
# Band-Index:   24
   2.62151      3.108544  0.000  0.025  0.017  0.025  0.010  0.000  0.001  0.000  0.010  0.088
   2.58052      3.119644  0.000  0.025  0.020  0.022  0.009  0.000  0.001  0.000  0.010  0.088
   2.53953      3.134647  0.001  0.029  0.021  0.017  0.008  0.000  0.001  0.000  0.012  0.089
   2.49853      3.143006  0.003  0.031  0.023  0.013  0.006  0.000  0.000  0.000  0.012  0.090
   2.45754      3.143671  0.005  0.029  0.026  0.013  0.005  0.000  0.000  0.000  0.012  0.091
   2.41655      3.143943  0.007  0.026  0.028  0.016  0.005  0.000  0.000  0.000  0.012  0.094
   2.37556      3.149928  0.010  0.023  0.027  0.019  0.005  0.000  0.000  0.000  0.012  0.097
   2.33457      3.166007  0.013  0.021  0.025  0.023  0.005  0.000  0.000  0.000  0.013  0.100
   2.29358      3.195705  0.017  0.019  0.022  0.027  0.005  0.000  0.000  0.000  0.013  0.103
   2.25259      3.241084  0.022  0.018  0.019  0.030  0.005  0.000  0.000  0.000  0.013  0.107
   2.21160      3.302014  0.026  0.017  0.017  0.032  0.005  0.000  0.000  0.000  0.012  0.110
   2.17061      3.376846  0.030  0.016  0.016  0.033  0.005  0.000  0.001  0.000  0.012  0.113
   2.12962      3.463044  0.035  0.015  0.015  0.033  0.005  0.000  0.001  0.000  0.011  0.116
   2.08863      3.557093  0.040  0.014  0.015  0.033  0.005  0.000  0.001  0.000  0.010  0.118
   2.04764      3.653999  0.045  0.013  0.015  0.032  0.004  0.000  0.002  0.000  0.009  0.120
   2.00665      3.746519  0.052  0.012  0.015  0.029  0.003  0.000  0.002  0.000  0.007  0.121
   1.96566      3.824320  0.060  0.010  0.016  0.023  0.002  0.000  0.003  0.000  0.005  0.120
   1.92467      3.874783  0.070  0.007  0.017  0.015  0.001  0.000  0.004  0.000  0.003  0.116
   1.88368      3.890689  0.079  0.003  0.018  0.005  0.000  0.000  0.005  0.000  0.001  0.110
   1.84269      3.887464  0.082  0.000  0.018  0.000  0.000  0.000  0.005  0.000  0.000  0.106
   1.84269      3.887464  0.082  0.000  0.018  0.000  0.000  0.000  0.005  0.000  0.000  0.106
   1.82220      3.891191  0.081  0.002  0.018  0.001  0.000  0.000  0.005  0.000  0.000  0.107
   1.80170      3.905433  0.078  0.008  0.018  0.003  0.001  0.000  0.005  0.000  0.000  0.112
   1.78121      3.932883  0.074  0.017  0.017  0.006  0.001  0.000  0.004  0.000  0.000  0.120
   1.76071      3.973704  0.069  0.027  0.017  0.010  0.002  0.000  0.004  0.000  0.000  0.130
   1.74022      4.026348  0.064  0.039  0.016  0.015  0.003  0.000  0.004  0.000  0.000  0.140
   1.71972      4.088557  0.059  0.050  0.016  0.019  0.003  0.000  0.003  0.000  0.000  0.150
   1.69923      4.158026  0.055  0.060  0.015  0.023  0.004  0.000  0.003  0.000  0.000  0.160
   1.67873      4.232673  0.051  0.071  0.015  0.026  0.004  0.000  0.002  0.000  0.000  0.169
   1.65824      4.310687  0.047  0.081  0.015  0.028  0.004  0.000  0.002  0.000  0.000  0.177
   1.63774      4.390576  0.044  0.091  0.015  0.029  0.005  0.000  0.002  0.000  0.000  0.185
   1.61725      4.471975  0.040  0.102  0.015  0.032  0.004  0.000  0.001  0.000  0.000  0.195
   1.59675      4.555599  0.037  0.117  0.016  0.032  0.004  0.000  0.001  0.000  0.000  0.207
   1.57626      4.635101  0.035  0.128  0.017  0.026  0.004  0.000  0.001  0.000  0.000  0.212
   1.55576      4.704766  0.033  0.137  0.019  0.019  0.003  0.000  0.000  0.000  0.000  0.212
   1.53527      4.761304  0.032  0.141  0.021  0.012  0.002  0.000  0.000  0.000  0.000  0.208
   1.51477      4.803181  0.030  0.142  0.022  0.006  0.001  0.000  0.000  0.000  0.000  0.201
   1.49428      4.830650  0.029  0.141  0.023  0.002  0.000  0.000  0.000  0.000  0.000  0.195
   1.47378      4.844891  0.028  0.139  0.024  0.000  0.000  0.000  0.000  0.000  0.000  0.191
   1.45329      4.846996  0.028  0.138  0.023  0.000  0.000  0.000  0.000  0.000  0.000  0.190
   1.45329      4.846996  0.028  0.138  0.023  0.000  0.000  0.000  0.000  0.000  0.000  0.190
   1.41779      4.810274  0.029  0.138  0.022  0.000  0.000  0.000  0.000  0.000  0.000  0.190
   1.38229      4.708923  0.029  0.130  0.017  0.000  0.000  0.001  0.000  0.000  0.002  0.180
   1.34679      4.567446  0.031  0.127  0.013  0.000  0.000  0.001  0.000  0.000  0.003  0.176
   1.31129      4.400033  0.032  0.124  0.011  0.000  0.000  0.001  0.000  0.000  0.005  0.174
   1.27579      4.218470  0.033  0.119  0.009  0.000  0.000  0.001  0.001  0.000  0.007  0.170
   1.24029      4.032820  0.032  0.111  0.009  0.000  0.000  0.001  0.001  0.000  0.009  0.163
   1.20480      3.852166  0.031  0.102  0.009  0.000  0.000  0.001  0.001  0.000  0.010  0.155
   1.16930      3.684482  0.029  0.092  0.010  0.000  0.000  0.001  0.001  0.000  0.012  0.144
   1.13380      3.536256  0.026  0.081  0.011  0.000  0.000  0.001  0.001  0.000  0.013  0.134
   1.09830      3.412000  0.022  0.071  0.014  0.001  0.000  0.001  0.001  0.000  0.014  0.124
   1.06280      3.313732  0.018  0.062  0.017  0.001  0.000  0.001  0.001  0.000  0.015  0.115
   1.02730      3.240738  0.015  0.055  0.019  0.002  0.000  0.000  0.001  0.000  0.016  0.109
   0.99180      3.189862  0.011  0.051  0.021  0.003  0.000  0.000  0.001  0.000  0.016  0.104
   0.95631      3.156375  0.009  0.048  0.020  0.005  0.001  0.000  0.001  0.000  0.017  0.100
   0.92081      3.147176  0.005  0.040  0.022  0.004  0.001  0.000  0.000  0.000  0.017  0.090
   0.88531      3.140913  0.002  0.037  0.021  0.009  0.003  0.000  0.000  0.000  0.016  0.089
   0.84981      3.130675  0.001  0.031  0.020  0.016  0.006  0.000  0.001  0.000  0.013  0.088
   0.81431      3.117708  0.000  0.025  0.020  0.022  0.009  0.000  0.001  0.000  0.011  0.088
   0.77881      3.108544  0.000  0.025  0.017  0.025  0.010  0.000  0.001  0.000  0.010  0.088
   0.77881      3.108544  0.000  0.025  0.017  0.025  0.010  0.000  0.001  0.000  0.010  0.088
   0.73782      3.119644  0.000  0.025  0.020  0.022  0.009  0.000  0.001  0.000  0.010  0.088
   0.69683      3.134647  0.001  0.029  0.021  0.017  0.008  0.000  0.001  0.000  0.012  0.089
   0.65584      3.143006  0.003  0.031  0.023  0.013  0.006  0.000  0.000  0.000  0.012  0.090
   0.61485      3.143671  0.005  0.029  0.026  0.013  0.005  0.000  0.000  0.000  0.012  0.091
   0.57386      3.143943  0.007  0.026  0.028  0.016  0.005  0.000  0.000  0.000  0.012  0.094
   0.53287      3.149928  0.010  0.023  0.027  0.019  0.005  0.000  0.000  0.000  0.012  0.097
   0.49188      3.166007  0.013  0.021  0.025  0.023  0.005  0.000  0.000  0.000  0.013  0.100
   0.45089      3.195705  0.017  0.019  0.022  0.027  0.005  0.000  0.000  0.000  0.013  0.103
   0.40990      3.241084  0.022  0.018  0.019  0.030  0.005  0.000  0.000  0.000  0.013  0.107
   0.36891      3.302014  0.026  0.017  0.017  0.032  0.005  0.000  0.000  0.000  0.012  0.110
   0.32792      3.376846  0.030  0.016  0.016  0.033  0.005  0.000  0.001  0.000  0.012  0.113
   0.28693      3.463044  0.035  0.015  0.015  0.033  0.005  0.000  0.001  0.000  0.011  0.116
   0.24594      3.557093  0.040  0.014  0.015  0.033  0.005  0.000  0.001  0.000  0.010  0.118
   0.20495      3.653999  0.045  0.013  0.015  0.032  0.004  0.000  0.002  0.000  0.009  0.120
   0.16396      3.746519  0.052  0.012  0.015  0.029  0.003  0.000  0.002  0.000  0.007  0.121
   0.12297      3.824320  0.060  0.010  0.016  0.023  0.002  0.000  0.003  0.000  0.005  0.120
   0.08198      3.874783  0.070  0.007  0.017  0.015  0.001  0.000  0.004  0.000  0.003  0.116
   0.04099      3.890689  0.079  0.003  0.018  0.005  0.000  0.000  0.005  0.000  0.001  0.110
   0.00000      3.887464  0.082  0.000  0.018  0.000  0.000  0.000  0.005  0.000  0.000  0.106
 
# Band-Index:   25
   0.00000      4.577121  0.000  0.028  0.000  0.028  0.000  0.010  0.000  0.010  0.000  0.075
   0.04099      4.591885  0.000  0.030  0.000  0.025  0.000  0.009  0.000  0.010  0.000  0.075
   0.08198      4.634237  0.000  0.031  0.000  0.022  0.000  0.009  0.000  0.011  0.000  0.074
   0.12297      4.695300  0.000  0.032  0.001  0.021  0.000  0.009  0.000  0.011  0.000  0.073
   0.16396      4.764002  0.000  0.032  0.001  0.020  0.000  0.008  0.000  0.011  0.000  0.074
   0.20495      4.830043  0.000  0.035  0.001  0.022  0.001  0.007  0.000  0.011  0.001  0.078
   0.24594      4.877544  0.000  0.040  0.001  0.025  0.002  0.005  0.000  0.010  0.001  0.084
   0.28693      4.861253  0.001  0.031  0.000  0.016  0.003  0.001  0.003  0.004  0.001  0.062
   0.32792      4.763245  0.002  0.018  0.001  0.008  0.003  0.001  0.005  0.001  0.001  0.040
   0.36891      4.651930  0.003  0.026  0.002  0.013  0.005  0.001  0.003  0.001  0.002  0.056
   0.40990      4.500895  0.003  0.057  0.001  0.046  0.014  0.001  0.000  0.002  0.005  0.128
   0.45089      4.282822  0.003  0.055  0.000  0.056  0.018  0.001  0.000  0.001  0.006  0.141
   0.49188      4.055702  0.002  0.047  0.000  0.056  0.019  0.000  0.000  0.001  0.007  0.133
   0.53287      3.844061  0.001  0.039  0.000  0.055  0.020  0.000  0.000  0.001  0.007  0.123
   0.57386      3.659605  0.001  0.031  0.000  0.053  0.020  0.000  0.000  0.001  0.008  0.113
   0.61485      3.510461  0.001  0.025  0.000  0.050  0.020  0.000  0.000  0.000  0.008  0.105
   0.65584      3.403928  0.001  0.021  0.000  0.047  0.019  0.000  0.000  0.000  0.009  0.098
   0.69683      3.344827  0.001  0.022  0.000  0.041  0.017  0.000  0.000  0.000  0.012  0.094
   0.73782      3.324079  0.000  0.027  0.000  0.035  0.015  0.000  0.000  0.000  0.014  0.093
   0.77881      3.320467  0.000  0.031  0.000  0.031  0.015  0.000  0.000  0.000  0.015  0.092
   0.77881      3.320467  0.000  0.031  0.000  0.031  0.015  0.000  0.000  0.000  0.015  0.092
   0.81431      3.323103  0.000  0.028  0.000  0.034  0.016  0.000  0.000  0.000  0.014  0.093
   0.84981      3.336918  0.001  0.019  0.000  0.044  0.020  0.000  0.000  0.000  0.010  0.094
   0.88531      3.375084  0.001  0.010  0.000  0.056  0.023  0.000  0.000  0.000  0.005  0.096
   0.92081      3.444918  0.001  0.004  0.000  0.066  0.026  0.000  0.000  0.000  0.003  0.100
   0.95631      3.543210  0.000  0.002  0.001  0.073  0.026  0.000  0.000  0.001  0.001  0.105
   0.99180      3.664612  0.000  0.001  0.000  0.081  0.027  0.000  0.000  0.001  0.001  0.111
   1.02730      3.804826  0.000  0.000  0.000  0.087  0.027  0.000  0.000  0.001  0.000  0.117
   1.06280      3.959762  0.000  0.000  0.000  0.094  0.027  0.000  0.000  0.001  0.000  0.123
   1.09830      4.125591  0.000  0.000  0.000  0.100  0.026  0.000  0.000  0.002  0.000  0.128
   1.13380      4.298415  0.000  0.000  0.000  0.106  0.026  0.000  0.000  0.002  0.000  0.134
   1.16930      4.473992  0.000  0.000  0.000  0.111  0.024  0.000  0.000  0.003  0.000  0.139
   1.20480      4.647528  0.000  0.001  0.000  0.116  0.023  0.000  0.000  0.004  0.000  0.143
   1.24029      4.813656  0.000  0.002  0.000  0.118  0.020  0.000  0.000  0.005  0.000  0.146
   1.27579      4.967063  0.000  0.004  0.000  0.118  0.018  0.000  0.001  0.006  0.000  0.148
   1.31129      5.094713  0.000  0.014  0.002  0.075  0.009  0.001  0.004  0.005  0.001  0.111
   1.34679      5.199770  0.000  0.011  0.002  0.094  0.010  0.001  0.002  0.007  0.001  0.127
   1.38229      5.276024  0.000  0.007  0.002  0.106  0.009  0.001  0.001  0.010  0.001  0.136
   1.41779      5.322119  0.000  0.005  0.001  0.111  0.008  0.001  0.001  0.011  0.001  0.138
   1.45329      5.340307  0.000  0.003  0.001  0.117  0.008  0.001  0.000  0.012  0.001  0.143
   1.45329      5.340307  0.000  0.003  0.001  0.117  0.008  0.001  0.000  0.012  0.001  0.143
   1.47378      5.308131  0.000  0.007  0.002  0.094  0.007  0.002  0.002  0.010  0.001  0.125
   1.49428      5.259863  0.000  0.005  0.003  0.082  0.006  0.003  0.002  0.009  0.001  0.113
   1.51477      5.204018  0.002  0.002  0.003  0.090  0.006  0.002  0.002  0.011  0.000  0.118
   1.53527      5.136810  0.001  0.000  0.003  0.083  0.005  0.003  0.002  0.011  0.000  0.108
   1.55576      5.072984  0.001  0.002  0.005  0.070  0.003  0.004  0.002  0.011  0.000  0.097
   1.57626      5.014214  0.000  0.006  0.006  0.059  0.002  0.004  0.002  0.011  0.000  0.090
   1.59675      4.959741  0.000  0.012  0.006  0.049  0.001  0.005  0.001  0.011  0.000  0.086
   1.61725      4.908371  0.000  0.017  0.006  0.041  0.001  0.005  0.001  0.011  0.000  0.083
   1.63774      4.859380  0.000  0.022  0.006  0.036  0.000  0.006  0.001  0.012  0.000  0.082
   1.65824      4.812673  0.000  0.025  0.005  0.031  0.000  0.006  0.001  0.012  0.000  0.080
   1.67873      4.768599  0.000  0.027  0.004  0.029  0.000  0.006  0.000  0.012  0.000  0.079
   1.69923      4.727720  0.000  0.029  0.003  0.027  0.000  0.007  0.000  0.012  0.000  0.077
   1.71972      4.690646  0.000  0.030  0.002  0.025  0.000  0.007  0.000  0.012  0.000  0.076
   1.74022      4.657950  0.000  0.030  0.001  0.025  0.000  0.008  0.000  0.011  0.000  0.076
   1.76071      4.630143  0.000  0.031  0.001  0.024  0.000  0.008  0.000  0.011  0.000  0.075
   1.78121      4.607689  0.000  0.031  0.000  0.025  0.000  0.008  0.000  0.011  0.000  0.075
   1.80170      4.591041  0.000  0.030  0.000  0.025  0.000  0.009  0.000  0.010  0.000  0.075
   1.82220      4.580682  0.000  0.029  0.000  0.026  0.000  0.009  0.000  0.010  0.000  0.075
   1.84269      4.577121  0.000  0.028  0.000  0.028  0.000  0.010  0.000  0.010  0.000  0.075
   1.84269      4.577121  0.000  0.028  0.000  0.028  0.000  0.010  0.000  0.010  0.000  0.075
   1.88368      4.591885  0.000  0.030  0.000  0.025  0.000  0.009  0.000  0.010  0.000  0.075
   1.92467      4.634237  0.000  0.031  0.000  0.022  0.000  0.009  0.000  0.011  0.000  0.074
   1.96566      4.695300  0.000  0.032  0.001  0.021  0.000  0.009  0.000  0.011  0.000  0.073
   2.00665      4.764002  0.000  0.032  0.001  0.020  0.000  0.008  0.000  0.011  0.000  0.074
   2.04764      4.830043  0.000  0.035  0.001  0.022  0.001  0.007  0.000  0.011  0.001  0.078
   2.08863      4.877544  0.000  0.040  0.001  0.025  0.002  0.005  0.000  0.010  0.001  0.084
   2.12962      4.861253  0.001  0.031  0.000  0.016  0.003  0.001  0.003  0.004  0.001  0.062
   2.17061      4.763245  0.002  0.018  0.001  0.008  0.003  0.001  0.005  0.001  0.001  0.040
   2.21160      4.651930  0.003  0.026  0.002  0.013  0.005  0.001  0.003  0.001  0.002  0.056
   2.25259      4.500895  0.003  0.057  0.001  0.046  0.014  0.001  0.000  0.002  0.005  0.128
   2.29358      4.282822  0.003  0.055  0.000  0.056  0.018  0.001  0.000  0.001  0.006  0.141
   2.33457      4.055702  0.002  0.047  0.000  0.056  0.019  0.000  0.000  0.001  0.007  0.133
   2.37556      3.844061  0.001  0.039  0.000  0.055  0.020  0.000  0.000  0.001  0.007  0.123
   2.41655      3.659605  0.001  0.031  0.000  0.053  0.020  0.000  0.000  0.001  0.008  0.113
   2.45754      3.510461  0.001  0.025  0.000  0.050  0.020  0.000  0.000  0.000  0.008  0.105
   2.49853      3.403928  0.001  0.021  0.000  0.047  0.019  0.000  0.000  0.000  0.009  0.098
   2.53953      3.344827  0.001  0.022  0.000  0.041  0.017  0.000  0.000  0.000  0.012  0.094
   2.58052      3.324079  0.000  0.027  0.000  0.035  0.015  0.000  0.000  0.000  0.014  0.093
   2.62151      3.320467  0.000  0.031  0.000  0.031  0.015  0.000  0.000  0.000  0.015  0.092
 
# Band-Index:   26
   2.62151      3.320467  0.000  0.031  0.000  0.031  0.015  0.000  0.000  0.000  0.015  0.092
   2.58052      3.324547  0.000  0.031  0.000  0.031  0.016  0.000  0.000  0.000  0.014  0.093
   2.53953      3.348263  0.001  0.027  0.001  0.036  0.018  0.000  0.000  0.000  0.011  0.094
   2.49853      3.412733  0.001  0.025  0.002  0.042  0.019  0.000  0.000  0.000  0.009  0.098
   2.45754      3.524613  0.001  0.027  0.002  0.047  0.020  0.000  0.000  0.000  0.008  0.104
   2.41655      3.678313  0.001  0.032  0.002  0.050  0.019  0.000  0.000  0.001  0.007  0.112
   2.37556      3.867011  0.001  0.038  0.001  0.053  0.019  0.000  0.000  0.001  0.007  0.121
   2.33457      4.083488  0.001  0.046  0.001  0.056  0.018  0.000  0.000  0.001  0.007  0.131
   2.29358      4.317666  0.002  0.054  0.001  0.059  0.017  0.001  0.001  0.002  0.006  0.141
   2.25259      4.551488  0.002  0.061  0.001  0.057  0.016  0.001  0.000  0.003  0.005  0.146
   2.21160      4.678533  0.002  0.007  0.003  0.002  0.002  0.001  0.006  0.001  0.002  0.025
   2.17061      4.784335  0.001  0.007  0.001  0.002  0.002  0.001  0.006  0.001  0.002  0.024
   2.12962      4.892742  0.001  0.021  0.000  0.010  0.003  0.001  0.004  0.003  0.002  0.046
   2.08863      4.901965  0.000  0.034  0.002  0.025  0.003  0.006  0.000  0.010  0.001  0.081
   2.04764      4.850533  0.000  0.029  0.002  0.021  0.001  0.007  0.000  0.011  0.001  0.072
   2.00665      4.785362  0.000  0.027  0.001  0.019  0.001  0.008  0.000  0.011  0.001  0.067
   1.96566      4.720009  0.000  0.026  0.001  0.019  0.000  0.008  0.000  0.011  0.000  0.065
   1.92467      4.663359  0.000  0.025  0.000  0.020  0.000  0.009  0.000  0.010  0.000  0.066
   1.88368      4.624228  0.000  0.025  0.000  0.022  0.000  0.009  0.000  0.010  0.000  0.066
   1.84269      4.610373  0.000  0.024  0.000  0.024  0.000  0.009  0.000  0.009  0.000  0.067
   1.84269      4.610373  0.000  0.024  0.000  0.024  0.000  0.009  0.000  0.009  0.000  0.067
   1.82220      4.613796  0.000  0.025  0.000  0.023  0.000  0.009  0.000  0.010  0.000  0.067
   1.80170      4.623848  0.000  0.025  0.000  0.022  0.000  0.009  0.000  0.010  0.000  0.067
   1.78121      4.640147  0.000  0.025  0.000  0.022  0.000  0.008  0.000  0.011  0.000  0.067
   1.76071      4.662304  0.000  0.025  0.001  0.022  0.000  0.008  0.000  0.011  0.000  0.067
   1.74022      4.689936  0.000  0.024  0.001  0.023  0.000  0.007  0.000  0.011  0.000  0.067
   1.71972      4.722626  0.000  0.023  0.002  0.023  0.000  0.007  0.000  0.012  0.000  0.068
   1.69923      4.759892  0.000  0.022  0.003  0.025  0.000  0.007  0.000  0.012  0.000  0.069
   1.67873      4.801155  0.000  0.021  0.004  0.026  0.000  0.006  0.000  0.012  0.000  0.070
   1.65824      4.845745  0.000  0.019  0.005  0.029  0.001  0.006  0.000  0.012  0.000  0.072
   1.63774      4.892944  0.000  0.016  0.006  0.032  0.001  0.006  0.001  0.011  0.000  0.073
   1.61725      4.942066  0.000  0.013  0.007  0.036  0.001  0.005  0.001  0.011  0.000  0.075
   1.59675      4.992590  0.000  0.009  0.008  0.041  0.002  0.005  0.001  0.011  0.000  0.078
   1.57626      5.044285  0.000  0.005  0.008  0.048  0.002  0.005  0.001  0.010  0.001  0.081
   1.55576      5.097214  0.000  0.002  0.007  0.056  0.003  0.004  0.002  0.010  0.001  0.086
   1.53527      5.151471  0.000  0.000  0.006  0.065  0.004  0.004  0.002  0.009  0.001  0.092
   1.51477      5.207068  0.000  0.001  0.004  0.079  0.006  0.004  0.002  0.009  0.001  0.105
   1.49428      5.272340  0.001  0.003  0.001  0.109  0.007  0.002  0.002  0.012  0.000  0.136
   1.47378      5.327602  0.001  0.001  0.000  0.126  0.009  0.000  0.000  0.013  0.000  0.151
   1.45329      5.340307  0.000  0.003  0.001  0.117  0.008  0.001  0.000  0.012  0.001  0.143
   1.45329      5.340307  0.000  0.003  0.001  0.117  0.008  0.001  0.000  0.012  0.001  0.143
   1.41779      5.329237  0.000  0.002  0.001  0.123  0.009  0.000  0.000  0.013  0.000  0.149
   1.38229      5.285458  0.000  0.001  0.000  0.126  0.011  0.000  0.000  0.012  0.000  0.152
   1.34679      5.208913  0.000  0.001  0.000  0.128  0.014  0.000  0.000  0.010  0.000  0.154
   1.31129      5.101752  0.000  0.002  0.000  0.128  0.016  0.000  0.000  0.009  0.000  0.155
   1.27579      4.967309  0.000  0.004  0.001  0.109  0.016  0.000  0.001  0.005  0.000  0.137
   1.24029      4.816375  0.000  0.001  0.001  0.119  0.020  0.000  0.000  0.004  0.000  0.146
   1.20480      4.650548  0.000  0.001  0.000  0.116  0.023  0.000  0.000  0.003  0.000  0.143
   1.16930      4.476958  0.000  0.000  0.000  0.111  0.024  0.000  0.000  0.002  0.000  0.139
   1.13380      4.301220  0.000  0.000  0.000  0.105  0.025  0.000  0.000  0.002  0.000  0.133
   1.09830      4.128165  0.000  0.000  0.000  0.100  0.026  0.000  0.000  0.001  0.000  0.128
   1.06280      3.962025  0.000  0.000  0.000  0.094  0.027  0.000  0.000  0.001  0.000  0.122
   1.02730      3.806666  0.000  0.000  0.000  0.087  0.027  0.000  0.000  0.001  0.000  0.116
   0.99180      3.665871  0.000  0.001  0.000  0.081  0.027  0.000  0.000  0.001  0.001  0.111
   0.95631      3.543689  0.001  0.001  0.000  0.074  0.027  0.000  0.000  0.001  0.001  0.105
   0.92081      3.445338  0.001  0.005  0.001  0.065  0.025  0.000  0.000  0.000  0.003  0.100
   0.88531      3.376073  0.001  0.010  0.001  0.054  0.023  0.000  0.000  0.000  0.006  0.096
   0.84981      3.337600  0.001  0.020  0.001  0.043  0.019  0.000  0.000  0.000  0.010  0.093
   0.81431      3.323225  0.000  0.028  0.000  0.034  0.016  0.000  0.000  0.000  0.014  0.093
   0.77881      3.320467  0.000  0.031  0.000  0.031  0.015  0.000  0.000  0.000  0.015  0.092
   0.77881      3.320467  0.000  0.031  0.000  0.031  0.015  0.000  0.000  0.000  0.015  0.092
   0.73782      3.324547  0.000  0.031  0.000  0.031  0.016  0.000  0.000  0.000  0.014  0.093
   0.69683      3.348263  0.001  0.027  0.001  0.036  0.018  0.000  0.000  0.000  0.011  0.094
   0.65584      3.412733  0.001  0.025  0.002  0.042  0.019  0.000  0.000  0.000  0.009  0.098
   0.61485      3.524613  0.001  0.027  0.002  0.047  0.020  0.000  0.000  0.000  0.008  0.104
   0.57386      3.678313  0.001  0.032  0.002  0.050  0.019  0.000  0.000  0.001  0.007  0.112
   0.53287      3.867011  0.001  0.038  0.001  0.053  0.019  0.000  0.000  0.001  0.007  0.121
   0.49188      4.083488  0.001  0.046  0.001  0.056  0.018  0.000  0.000  0.001  0.007  0.131
   0.45089      4.317666  0.002  0.054  0.001  0.059  0.017  0.001  0.001  0.002  0.006  0.141
   0.40990      4.551488  0.002  0.061  0.001  0.057  0.016  0.001  0.000  0.003  0.005  0.146
   0.36891      4.678533  0.002  0.007  0.003  0.002  0.002  0.001  0.006  0.001  0.002  0.025
   0.32792      4.784335  0.001  0.007  0.001  0.002  0.002  0.001  0.006  0.001  0.002  0.024
   0.28693      4.892742  0.001  0.021  0.000  0.010  0.003  0.001  0.004  0.003  0.002  0.046
   0.24594      4.901965  0.000  0.034  0.002  0.025  0.003  0.006  0.000  0.010  0.001  0.081
   0.20495      4.850533  0.000  0.029  0.002  0.021  0.001  0.007  0.000  0.011  0.001  0.072
   0.16396      4.785362  0.000  0.027  0.001  0.019  0.001  0.008  0.000  0.011  0.001  0.067
   0.12297      4.720009  0.000  0.026  0.001  0.019  0.000  0.008  0.000  0.011  0.000  0.065
   0.08198      4.663359  0.000  0.025  0.000  0.020  0.000  0.009  0.000  0.010  0.000  0.066
   0.04099      4.624228  0.000  0.025  0.000  0.022  0.000  0.009  0.000  0.010  0.000  0.066
   0.00000      4.610373  0.000  0.024  0.000  0.024  0.000  0.009  0.000  0.009  0.000  0.067
 
# Band-Index:   27
   0.00000      5.546665  0.000  0.031  0.000  0.031  0.013  0.003  0.000  0.003  0.013  0.094
   0.04099      5.570508  0.000  0.037  0.000  0.026  0.012  0.003  0.001  0.002  0.012  0.092
   0.08198      5.582981  0.000  0.022  0.000  0.010  0.003  0.003  0.008  0.001  0.004  0.051
   0.12297      5.468566  0.001  0.007  0.000  0.002  0.000  0.002  0.011  0.001  0.000  0.024
   0.16396      5.322374  0.001  0.004  0.000  0.002  0.000  0.002  0.010  0.001  0.000  0.020
   0.20495      5.176759  0.001  0.002  0.000  0.002  0.000  0.002  0.009  0.001  0.000  0.018
   0.24594      5.040790  0.001  0.001  0.001  0.003  0.000  0.003  0.009  0.001  0.000  0.019
   0.28693      4.940407  0.000  0.021  0.004  0.024  0.002  0.006  0.004  0.006  0.001  0.068
   0.32792      4.880193  0.000  0.044  0.003  0.042  0.006  0.005  0.003  0.006  0.002  0.110
   0.36891      4.750285  0.000  0.043  0.003  0.047  0.009  0.003  0.003  0.003  0.004  0.115
   0.40990      4.587688  0.001  0.002  0.005  0.004  0.001  0.001  0.006  0.000  0.002  0.023
   0.45089      4.506306  0.002  0.003  0.008  0.002  0.001  0.001  0.005  0.000  0.002  0.024
   0.49188      4.439551  0.003  0.003  0.013  0.002  0.001  0.001  0.004  0.000  0.002  0.029
   0.53287      4.385108  0.004  0.003  0.018  0.002  0.001  0.001  0.003  0.000  0.002  0.034
   0.57386      4.340953  0.005  0.003  0.025  0.001  0.001  0.001  0.003  0.000  0.002  0.040
   0.61485      4.304853  0.006  0.003  0.032  0.001  0.001  0.000  0.002  0.000  0.001  0.046
   0.65584      4.275092  0.007  0.002  0.038  0.001  0.000  0.000  0.002  0.000  0.001  0.052
   0.69683      4.251402  0.009  0.001  0.043  0.000  0.000  0.000  0.001  0.000  0.001  0.056
   0.73782      4.235406  0.010  0.001  0.047  0.000  0.000  0.000  0.001  0.000  0.000  0.059
   0.77881      4.229660  0.010  0.000  0.048  0.000  0.000  0.000  0.001  0.000  0.000  0.060
   0.77881      4.229660  0.010  0.000  0.048  0.000  0.000  0.000  0.001  0.000  0.000  0.060
   0.81431      4.233991  0.010  0.001  0.047  0.000  0.000  0.000  0.001  0.000  0.000  0.059
   0.84981      4.246265  0.009  0.002  0.044  0.000  0.000  0.000  0.001  0.000  0.001  0.057
   0.88531      4.264855  0.008  0.003  0.040  0.000  0.000  0.000  0.002  0.000  0.001  0.054
   0.92081      4.288459  0.007  0.004  0.035  0.000  0.000  0.000  0.002  0.000  0.002  0.049
   0.95631      4.316849  0.005  0.004  0.029  0.000  0.000  0.001  0.002  0.000  0.002  0.044
   0.99180      4.350899  0.004  0.005  0.023  0.000  0.000  0.001  0.003  0.000  0.002  0.039
   1.02730      4.392170  0.003  0.006  0.018  0.000  0.000  0.001  0.004  0.000  0.003  0.035
   1.06280      4.442426  0.003  0.006  0.013  0.000  0.000  0.001  0.004  0.000  0.003  0.031
   1.09830      4.503271  0.002  0.007  0.009  0.000  0.000  0.001  0.005  0.000  0.003  0.028
   1.13380      4.575985  0.001  0.009  0.007  0.001  0.000  0.001  0.006  0.000  0.003  0.028
   1.16930      4.661500  0.001  0.011  0.004  0.001  0.000  0.001  0.006  0.000  0.003  0.029
   1.20480      4.758288  0.001  0.014  0.004  0.001  0.000  0.002  0.008  0.000  0.003  0.033
   1.24029      4.865827  0.001  0.019  0.003  0.003  0.001  0.002  0.008  0.000  0.003  0.039
   1.27579      4.984227  0.001  0.023  0.002  0.016  0.002  0.002  0.008  0.001  0.002  0.059
   1.31129      5.111298  0.001  0.023  0.002  0.052  0.006  0.002  0.006  0.003  0.001  0.097
   1.34679      5.231064  0.001  0.037  0.002  0.035  0.003  0.003  0.007  0.003  0.001  0.092
   1.38229      5.332494  0.001  0.048  0.003  0.023  0.002  0.003  0.008  0.002  0.001  0.091
   1.41779      5.404838  0.000  0.055  0.001  0.019  0.001  0.004  0.007  0.002  0.001  0.090
   1.45329      5.443395  0.000  0.062  0.000  0.013  0.001  0.004  0.007  0.002  0.001  0.090
   1.45329      5.443395  0.000  0.062  0.000  0.013  0.001  0.004  0.007  0.002  0.001  0.090
   1.47378      5.434799  0.000  0.063  0.001  0.001  0.000  0.005  0.007  0.000  0.001  0.078
   1.49428      5.451159  0.000  0.057  0.000  0.010  0.000  0.003  0.005  0.001  0.002  0.080
   1.51477      5.469149  0.000  0.053  0.000  0.011  0.000  0.003  0.005  0.002  0.002  0.077
   1.53527      5.484106  0.001  0.050  0.000  0.010  0.000  0.002  0.005  0.002  0.002  0.072
   1.55576      5.496694  0.001  0.045  0.000  0.007  0.000  0.002  0.006  0.002  0.002  0.065
   1.57626      5.508399  0.002  0.041  0.000  0.005  0.000  0.002  0.006  0.002  0.002  0.060
   1.59675      5.520666  0.002  0.036  0.000  0.004  0.000  0.002  0.007  0.002  0.002  0.054
   1.61725      5.534640  0.003  0.031  0.001  0.003  0.000  0.002  0.007  0.002  0.002  0.050
   1.63774      5.551065  0.004  0.028  0.001  0.002  0.000  0.002  0.008  0.001  0.002  0.047
   1.65824      5.570231  0.004  0.025  0.001  0.002  0.001  0.002  0.008  0.001  0.002  0.046
   1.67873      5.591833  0.004  0.024  0.002  0.002  0.001  0.002  0.008  0.001  0.002  0.046
   1.69923      5.614365  0.005  0.027  0.002  0.003  0.001  0.002  0.006  0.000  0.003  0.051
   1.71972      5.632403  0.005  0.035  0.003  0.007  0.003  0.003  0.003  0.000  0.006  0.065
   1.74022      5.632904  0.003  0.045  0.002  0.013  0.006  0.004  0.000  0.000  0.010  0.084
   1.76071      5.614810  0.002  0.046  0.001  0.018  0.009  0.004  0.000  0.001  0.011  0.091
   1.78121      5.590717  0.001  0.043  0.001  0.020  0.010  0.003  0.000  0.002  0.012  0.093
   1.80170      5.568364  0.000  0.040  0.000  0.023  0.012  0.003  0.000  0.002  0.013  0.094
   1.82220      5.552519  0.000  0.036  0.000  0.027  0.013  0.003  0.000  0.002  0.013  0.094
   1.84269      5.546665  0.000  0.031  0.000  0.031  0.013  0.003  0.000  0.003  0.013  0.094
   1.84269      5.546665  0.000  0.031  0.000  0.031  0.013  0.003  0.000  0.003  0.013  0.094
   1.88368      5.570508  0.000  0.037  0.000  0.026  0.012  0.003  0.001  0.002  0.012  0.092
   1.92467      5.582981  0.000  0.022  0.000  0.010  0.003  0.003  0.008  0.001  0.004  0.051
   1.96566      5.468566  0.001  0.007  0.000  0.002  0.000  0.002  0.011  0.001  0.000  0.024
   2.00665      5.322374  0.001  0.004  0.000  0.002  0.000  0.002  0.010  0.001  0.000  0.020
   2.04764      5.176759  0.001  0.002  0.000  0.002  0.000  0.002  0.009  0.001  0.000  0.018
   2.08863      5.040790  0.001  0.001  0.001  0.003  0.000  0.003  0.009  0.001  0.000  0.019
   2.12962      4.940407  0.000  0.021  0.004  0.024  0.002  0.006  0.004  0.006  0.001  0.068
   2.17061      4.880193  0.000  0.044  0.003  0.042  0.006  0.005  0.003  0.006  0.002  0.110
   2.21160      4.750285  0.000  0.043  0.003  0.047  0.009  0.003  0.003  0.003  0.004  0.115
   2.25259      4.587688  0.001  0.002  0.005  0.004  0.001  0.001  0.006  0.000  0.002  0.023
   2.29358      4.506306  0.002  0.003  0.008  0.002  0.001  0.001  0.005  0.000  0.002  0.024
   2.33457      4.439551  0.003  0.003  0.013  0.002  0.001  0.001  0.004  0.000  0.002  0.029
   2.37556      4.385108  0.004  0.003  0.018  0.002  0.001  0.001  0.003  0.000  0.002  0.034
   2.41655      4.340953  0.005  0.003  0.025  0.001  0.001  0.001  0.003  0.000  0.002  0.040
   2.45754      4.304853  0.006  0.003  0.032  0.001  0.001  0.000  0.002  0.000  0.001  0.046
   2.49853      4.275092  0.007  0.002  0.038  0.001  0.000  0.000  0.002  0.000  0.001  0.052
   2.53953      4.251402  0.009  0.001  0.043  0.000  0.000  0.000  0.001  0.000  0.001  0.056
   2.58052      4.235406  0.010  0.001  0.047  0.000  0.000  0.000  0.001  0.000  0.000  0.059
   2.62151      4.229660  0.010  0.000  0.048  0.000  0.000  0.000  0.001  0.000  0.000  0.060
 
# Band-Index:   28
   2.62151      4.229660  0.010  0.000  0.048  0.000  0.000  0.000  0.001  0.000  0.000  0.060
   2.58052      4.235496  0.010  0.000  0.047  0.000  0.000  0.000  0.001  0.000  0.000  0.059
   2.53953      4.251768  0.008  0.001  0.044  0.000  0.000  0.000  0.002  0.000  0.001  0.056
   2.49853      4.276038  0.007  0.001  0.039  0.001  0.000  0.000  0.002  0.000  0.001  0.051
   2.45754      4.306666  0.005  0.002  0.032  0.001  0.001  0.001  0.002  0.000  0.002  0.046
   2.41655      4.343804  0.004  0.002  0.026  0.001  0.001  0.001  0.003  0.000  0.002  0.040
   2.37556      4.389068  0.003  0.002  0.019  0.002  0.001  0.001  0.004  0.000  0.002  0.034
   2.33457      4.444797  0.002  0.002  0.014  0.003  0.001  0.001  0.005  0.000  0.002  0.030
   2.29358      4.514021  0.001  0.002  0.009  0.004  0.001  0.001  0.006  0.001  0.002  0.027
   2.25259      4.606122  0.000  0.008  0.005  0.016  0.003  0.002  0.006  0.001  0.003  0.044
   2.21160      4.760789  0.001  0.055  0.001  0.055  0.011  0.002  0.002  0.004  0.004  0.134
   2.17061      4.894074  0.000  0.047  0.002  0.044  0.006  0.004  0.002  0.006  0.002  0.114
   2.12962      4.953895  0.000  0.020  0.003  0.022  0.001  0.005  0.004  0.005  0.001  0.062
   2.08863      5.048404  0.001  0.001  0.001  0.004  0.000  0.002  0.008  0.001  0.000  0.019
   2.04764      5.185260  0.001  0.002  0.000  0.002  0.000  0.002  0.009  0.001  0.000  0.017
   2.00665      5.333513  0.001  0.003  0.000  0.001  0.000  0.002  0.010  0.001  0.000  0.017
   1.96566      5.484499  0.001  0.004  0.000  0.001  0.000  0.002  0.011  0.001  0.000  0.020
   1.92467      5.618356  0.000  0.012  0.000  0.005  0.002  0.002  0.011  0.001  0.002  0.035
   1.88368      5.635465  0.000  0.032  0.000  0.022  0.015  0.002  0.001  0.001  0.015  0.089
   1.84269      5.609421  0.000  0.028  0.000  0.028  0.018  0.002  0.000  0.002  0.018  0.094
   1.84269      5.609421  0.000  0.028  0.000  0.028  0.018  0.002  0.000  0.002  0.018  0.094
   1.82220      5.616111  0.000  0.032  0.000  0.024  0.017  0.002  0.000  0.001  0.018  0.094
   1.80170      5.633972  0.001  0.035  0.000  0.021  0.016  0.002  0.000  0.001  0.017  0.093
   1.78121      5.658186  0.002  0.038  0.001  0.018  0.014  0.002  0.000  0.001  0.016  0.091
   1.76071      5.680346  0.003  0.038  0.002  0.014  0.010  0.003  0.000  0.000  0.014  0.083
   1.74022      5.681988  0.005  0.028  0.002  0.006  0.005  0.002  0.004  0.000  0.008  0.060
   1.71972      5.659921  0.005  0.018  0.002  0.002  0.002  0.002  0.008  0.001  0.004  0.044
   1.69923      5.632980  0.005  0.016  0.001  0.001  0.001  0.001  0.009  0.001  0.002  0.039
   1.67873      5.607612  0.004  0.017  0.001  0.001  0.001  0.001  0.009  0.001  0.002  0.038
   1.65824      5.585437  0.004  0.019  0.001  0.001  0.000  0.001  0.009  0.002  0.001  0.039
   1.63774      5.567036  0.004  0.022  0.000  0.002  0.000  0.001  0.009  0.002  0.001  0.041
   1.61725      5.552580  0.003  0.025  0.000  0.002  0.000  0.001  0.008  0.002  0.001  0.044
   1.59675      5.541898  0.003  0.030  0.000  0.004  0.000  0.001  0.008  0.003  0.001  0.049
   1.57626      5.534388  0.002  0.034  0.000  0.006  0.000  0.001  0.007  0.003  0.001  0.055
   1.55576      5.528868  0.002  0.039  0.000  0.009  0.000  0.001  0.007  0.004  0.001  0.062
   1.53527      5.523383  0.001  0.044  0.000  0.014  0.000  0.001  0.006  0.004  0.001  0.072
   1.51477      5.515000  0.000  0.048  0.000  0.021  0.001  0.002  0.006  0.004  0.001  0.083
   1.49428      5.499813  0.000  0.051  0.000  0.028  0.001  0.002  0.005  0.005  0.001  0.094
   1.47378      5.474459  0.000  0.055  0.000  0.030  0.002  0.003  0.006  0.004  0.001  0.099
   1.45329      5.443396  0.000  0.062  0.000  0.013  0.001  0.004  0.007  0.002  0.001  0.090
   1.45329      5.443396  0.000  0.062  0.000  0.013  0.001  0.004  0.007  0.002  0.001  0.090
   1.41779      5.438115  0.001  0.068  0.002  0.007  0.000  0.003  0.008  0.001  0.001  0.091
   1.38229      5.373512  0.001  0.066  0.003  0.004  0.000  0.002  0.010  0.000  0.001  0.087
   1.34679      5.260597  0.001  0.054  0.002  0.002  0.000  0.002  0.010  0.000  0.002  0.073
   1.31129      5.127857  0.001  0.039  0.002  0.001  0.000  0.001  0.010  0.000  0.003  0.057
   1.27579      4.996414  0.000  0.026  0.002  0.008  0.002  0.001  0.008  0.000  0.003  0.050
   1.24029      4.872622  0.000  0.019  0.002  0.005  0.001  0.001  0.008  0.000  0.003  0.040
   1.20480      4.760391  0.001  0.014  0.003  0.002  0.001  0.001  0.007  0.000  0.003  0.033
   1.16930      4.662447  0.001  0.011  0.005  0.001  0.000  0.002  0.007  0.000  0.003  0.029
   1.13380      4.578701  0.001  0.008  0.007  0.000  0.000  0.002  0.006  0.000  0.003  0.028
   1.09830      4.506834  0.002  0.007  0.010  0.000  0.000  0.002  0.005  0.000  0.003  0.029
   1.06280      4.446166  0.002  0.005  0.014  0.000  0.000  0.002  0.005  0.000  0.003  0.031
   1.02730      4.395606  0.003  0.005  0.019  0.000  0.000  0.001  0.004  0.000  0.003  0.035
   0.99180      4.353713  0.004  0.004  0.024  0.000  0.000  0.001  0.003  0.000  0.003  0.039
   0.95631      4.318888  0.005  0.003  0.030  0.000  0.000  0.001  0.003  0.000  0.002  0.044
   0.92081      4.289734  0.006  0.002  0.036  0.000  0.000  0.001  0.002  0.000  0.002  0.049
   0.88531      4.265513  0.007  0.002  0.041  0.000  0.000  0.000  0.002  0.000  0.001  0.053
   0.84981      4.246525  0.009  0.001  0.045  0.000  0.000  0.000  0.001  0.000  0.001  0.057
   0.81431      4.234061  0.010  0.000  0.047  0.000  0.000  0.000  0.001  0.000  0.000  0.059
   0.77881      4.229660  0.010  0.000  0.048  0.000  0.000  0.000  0.001  0.000  0.000  0.060
   0.77881      4.229660  0.010  0.000  0.048  0.000  0.000  0.000  0.001  0.000  0.000  0.060
   0.73782      4.235496  0.010  0.000  0.047  0.000  0.000  0.000  0.001  0.000  0.000  0.059
   0.69683      4.251768  0.008  0.001  0.044  0.000  0.000  0.000  0.002  0.000  0.001  0.056
   0.65584      4.276038  0.007  0.001  0.039  0.001  0.000  0.000  0.002  0.000  0.001  0.051
   0.61485      4.306666  0.005  0.002  0.032  0.001  0.001  0.001  0.002  0.000  0.002  0.046
   0.57386      4.343804  0.004  0.002  0.026  0.001  0.001  0.001  0.003  0.000  0.002  0.040
   0.53287      4.389068  0.003  0.002  0.019  0.002  0.001  0.001  0.004  0.000  0.002  0.034
   0.49188      4.444797  0.002  0.002  0.014  0.003  0.001  0.001  0.005  0.000  0.002  0.030
   0.45089      4.514021  0.001  0.002  0.009  0.004  0.001  0.001  0.006  0.001  0.002  0.027
   0.40990      4.606122  0.000  0.008  0.005  0.016  0.003  0.002  0.006  0.001  0.003  0.044
   0.36891      4.760789  0.001  0.055  0.001  0.055  0.011  0.002  0.002  0.004  0.004  0.134
   0.32792      4.894074  0.000  0.047  0.002  0.044  0.006  0.004  0.002  0.006  0.002  0.114
   0.28693      4.953895  0.000  0.020  0.003  0.022  0.001  0.005  0.004  0.005  0.001  0.062
   0.24594      5.048404  0.001  0.001  0.001  0.004  0.000  0.002  0.008  0.001  0.000  0.019
   0.20495      5.185260  0.001  0.002  0.000  0.002  0.000  0.002  0.009  0.001  0.000  0.017
   0.16396      5.333513  0.001  0.003  0.000  0.001  0.000  0.002  0.010  0.001  0.000  0.017
   0.12297      5.484499  0.001  0.004  0.000  0.001  0.000  0.002  0.011  0.001  0.000  0.020
   0.08198      5.618356  0.000  0.012  0.000  0.005  0.002  0.002  0.011  0.001  0.002  0.035
   0.04099      5.635465  0.000  0.032  0.000  0.022  0.015  0.002  0.001  0.001  0.015  0.089
   0.00000      5.609421  0.000  0.028  0.000  0.028  0.018  0.002  0.000  0.002  0.018  0.094
 
# Band-Index:   29
   0.00000      5.844313  0.006  0.000  0.004  0.000  0.000  0.000  0.021  0.000  0.000  0.031
   0.04099      5.796965  0.006  0.001  0.003  0.002  0.001  0.000  0.018  0.000  0.001  0.032
   0.08198      5.756441  0.006  0.026  0.005  0.018  0.008  0.000  0.006  0.001  0.007  0.079
   0.12297      5.861912  0.006  0.054  0.010  0.028  0.007  0.001  0.001  0.001  0.008  0.116
   0.16396      5.947406  0.002  0.058  0.016  0.029  0.002  0.000  0.000  0.000  0.004  0.112
   0.20495      5.882067  0.000  0.041  0.015  0.023  0.001  0.000  0.000  0.000  0.002  0.082
   0.24594      5.734884  0.000  0.032  0.013  0.020  0.002  0.000  0.000  0.000  0.001  0.069
   0.28693      5.568065  0.001  0.025  0.011  0.018  0.003  0.000  0.000  0.000  0.002  0.060
   0.32792      5.409336  0.001  0.015  0.011  0.011  0.003  0.000  0.000  0.000  0.002  0.043
   0.36891      5.282470  0.001  0.005  0.010  0.004  0.001  0.000  0.000  0.000  0.001  0.024
   0.40990      5.184940  0.001  0.001  0.009  0.001  0.001  0.000  0.000  0.000  0.001  0.015
   0.45089      5.101745  0.001  0.000  0.008  0.000  0.000  0.000  0.001  0.000  0.000  0.011
   0.49188      5.027311  0.000  0.000  0.006  0.000  0.000  0.000  0.001  0.000  0.000  0.008
   0.53287      4.961653  0.000  0.000  0.004  0.000  0.000  0.000  0.001  0.000  0.000  0.006
   0.57386      4.905682  0.000  0.000  0.003  0.000  0.000  0.000  0.001  0.000  0.000  0.005
   0.61485      4.859818  0.000  0.000  0.002  0.000  0.000  0.000  0.001  0.000  0.000  0.004
   0.65584      4.824253  0.000  0.000  0.001  0.000  0.000  0.000  0.001  0.000  0.000  0.003
   0.69683      4.799200  0.000  0.000  0.001  0.000  0.000  0.000  0.001  0.000  0.000  0.002
   0.73782      4.784450  0.000  0.000  0.001  0.000  0.000  0.000  0.001  0.000  0.000  0.002
   0.77881      4.779745  0.000  0.000  0.001  0.000  0.000  0.000  0.001  0.000  0.000  0.002
   0.77881      4.779745  0.000  0.000  0.001  0.000  0.000  0.000  0.001  0.000  0.000  0.002
   0.81431      4.783242  0.000  0.000  0.001  0.000  0.000  0.000  0.001  0.000  0.000  0.002
   0.84981      4.794249  0.000  0.000  0.001  0.000  0.000  0.000  0.001  0.000  0.000  0.002
   0.88531      4.812937  0.000  0.000  0.001  0.000  0.000  0.000  0.001  0.000  0.000  0.003
   0.92081      4.839491  0.000  0.000  0.002  0.000  0.000  0.000  0.001  0.000  0.000  0.003
   0.95631      4.874070  0.000  0.000  0.003  0.000  0.000  0.000  0.001  0.000  0.000  0.004
   0.99180      4.916329  0.000  0.000  0.003  0.000  0.000  0.000  0.001  0.000  0.000  0.005
   1.02730      4.966538  0.000  0.000  0.005  0.000  0.000  0.000  0.001  0.000  0.000  0.006
   1.06280      5.024572  0.000  0.000  0.006  0.000  0.000  0.000  0.001  0.000  0.000  0.008
   1.09830      5.089995  0.000  0.000  0.008  0.000  0.000  0.000  0.001  0.000  0.000  0.010
   1.13380      5.162091  0.000  0.000  0.010  0.000  0.000  0.000  0.001  0.000  0.000  0.012
   1.16930      5.239816  0.001  0.000  0.012  0.000  0.000  0.000  0.000  0.000  0.001  0.014
   1.20480      5.321743  0.001  0.000  0.014  0.000  0.000  0.000  0.000  0.000  0.001  0.017
   1.24029      5.404285  0.001  0.000  0.018  0.000  0.000  0.001  0.000  0.000  0.001  0.020
   1.27579      5.484744  0.001  0.000  0.020  0.000  0.000  0.001  0.000  0.000  0.001  0.024
   1.31129      5.560160  0.001  0.001  0.022  0.000  0.000  0.002  0.000  0.000  0.001  0.028
   1.34679      5.628475  0.002  0.002  0.023  0.000  0.000  0.003  0.000  0.000  0.002  0.031
   1.38229      5.691425  0.002  0.004  0.019  0.000  0.000  0.003  0.002  0.000  0.002  0.033
   1.41779      5.754475  0.002  0.005  0.013  0.000  0.000  0.003  0.006  0.000  0.001  0.030
   1.45329      5.815164  0.001  0.003  0.009  0.000  0.000  0.003  0.010  0.000  0.000  0.026
   1.45329      5.815164  0.001  0.003  0.009  0.000  0.000  0.003  0.010  0.000  0.000  0.026
   1.47378      5.810203  0.001  0.003  0.009  0.000  0.000  0.003  0.010  0.000  0.000  0.026
   1.49428      5.803315  0.000  0.002  0.008  0.001  0.000  0.003  0.010  0.000  0.001  0.025
   1.51477      5.794363  0.000  0.001  0.007  0.001  0.000  0.003  0.010  0.001  0.001  0.025
   1.53527      5.784284  0.000  0.000  0.006  0.003  0.000  0.003  0.010  0.001  0.001  0.024
   1.55576      5.774441  0.000  0.000  0.004  0.004  0.000  0.003  0.010  0.001  0.001  0.024
   1.57626      5.765818  0.000  0.001  0.003  0.005  0.000  0.003  0.010  0.001  0.001  0.025
   1.59675      5.758688  0.000  0.003  0.002  0.006  0.000  0.003  0.010  0.001  0.002  0.028
   1.61725      5.752610  0.000  0.006  0.002  0.007  0.000  0.003  0.009  0.001  0.002  0.032
   1.63774      5.746597  0.000  0.010  0.001  0.008  0.000  0.003  0.009  0.001  0.003  0.036
   1.65824      5.739384  0.000  0.014  0.001  0.009  0.001  0.003  0.009  0.001  0.003  0.042
   1.67873      5.729882  0.000  0.017  0.001  0.010  0.001  0.003  0.010  0.002  0.004  0.047
   1.69923      5.718230  0.000  0.017  0.000  0.010  0.002  0.002  0.011  0.002  0.004  0.049
   1.71972      5.709057  0.001  0.010  0.000  0.008  0.002  0.001  0.014  0.002  0.003  0.041
   1.74022      5.715748  0.003  0.001  0.001  0.003  0.001  0.000  0.017  0.002  0.001  0.028
   1.76071      5.740845  0.004  0.000  0.002  0.001  0.000  0.000  0.018  0.001  0.000  0.026
   1.78121      5.773150  0.005  0.000  0.002  0.000  0.000  0.000  0.018  0.001  0.000  0.027
   1.80170      5.805923  0.005  0.000  0.003  0.000  0.000  0.000  0.019  0.001  0.000  0.029
   1.82220      5.832861  0.006  0.000  0.004  0.000  0.000  0.000  0.020  0.000  0.000  0.030
   1.84269      5.844313  0.006  0.000  0.004  0.000  0.000  0.000  0.021  0.000  0.000  0.031
   1.84269      5.844313  0.006  0.000  0.004  0.000  0.000  0.000  0.021  0.000  0.000  0.031
   1.88368      5.796965  0.006  0.001  0.003  0.002  0.001  0.000  0.018  0.000  0.001  0.032
   1.92467      5.756441  0.006  0.026  0.005  0.018  0.008  0.000  0.006  0.001  0.007  0.079
   1.96566      5.861912  0.006  0.054  0.010  0.028  0.007  0.001  0.001  0.001  0.008  0.116
   2.00665      5.947406  0.002  0.058  0.016  0.029  0.002  0.000  0.000  0.000  0.004  0.112
   2.04764      5.882067  0.000  0.041  0.015  0.023  0.001  0.000  0.000  0.000  0.002  0.082
   2.08863      5.734884  0.000  0.032  0.013  0.020  0.002  0.000  0.000  0.000  0.001  0.069
   2.12962      5.568065  0.001  0.025  0.011  0.018  0.003  0.000  0.000  0.000  0.002  0.060
   2.17061      5.409336  0.001  0.015  0.011  0.011  0.003  0.000  0.000  0.000  0.002  0.043
   2.21160      5.282470  0.001  0.005  0.010  0.004  0.001  0.000  0.000  0.000  0.001  0.024
   2.25259      5.184940  0.001  0.001  0.009  0.001  0.001  0.000  0.000  0.000  0.001  0.015
   2.29358      5.101745  0.001  0.000  0.008  0.000  0.000  0.000  0.001  0.000  0.000  0.011
   2.33457      5.027311  0.000  0.000  0.006  0.000  0.000  0.000  0.001  0.000  0.000  0.008
   2.37556      4.961653  0.000  0.000  0.004  0.000  0.000  0.000  0.001  0.000  0.000  0.006
   2.41655      4.905682  0.000  0.000  0.003  0.000  0.000  0.000  0.001  0.000  0.000  0.005
   2.45754      4.859818  0.000  0.000  0.002  0.000  0.000  0.000  0.001  0.000  0.000  0.004
   2.49853      4.824253  0.000  0.000  0.001  0.000  0.000  0.000  0.001  0.000  0.000  0.003
   2.53953      4.799200  0.000  0.000  0.001  0.000  0.000  0.000  0.001  0.000  0.000  0.002
   2.58052      4.784450  0.000  0.000  0.001  0.000  0.000  0.000  0.001  0.000  0.000  0.002
   2.62151      4.779745  0.000  0.000  0.001  0.000  0.000  0.000  0.001  0.000  0.000  0.002
 
# Band-Index:   30
   2.62151      4.779745  0.000  0.000  0.001  0.000  0.000  0.000  0.001  0.000  0.000  0.002
   2.58052      4.784900  0.000  0.000  0.001  0.000  0.000  0.000  0.001  0.000  0.000  0.002
   2.53953      4.799884  0.000  0.000  0.001  0.000  0.000  0.000  0.001  0.000  0.000  0.002
   2.49853      4.824857  0.000  0.000  0.001  0.000  0.000  0.000  0.001  0.000  0.000  0.003
   2.45754      4.860102  0.000  0.000  0.002  0.000  0.000  0.000  0.001  0.000  0.000  0.004
   2.41655      4.906074  0.000  0.000  0.003  0.000  0.000  0.000  0.001  0.000  0.000  0.005
   2.37556      4.962565  0.000  0.000  0.005  0.000  0.000  0.000  0.001  0.000  0.000  0.006
   2.33457      5.028742  0.000  0.000  0.006  0.000  0.000  0.000  0.001  0.000  0.000  0.008
   2.29358      5.103887  0.000  0.000  0.008  0.000  0.000  0.000  0.001  0.000  0.000  0.011
   2.25259      5.189058  0.001  0.001  0.010  0.001  0.001  0.000  0.000  0.000  0.000  0.015
   2.21160      5.292503  0.001  0.006  0.011  0.005  0.002  0.000  0.000  0.000  0.001  0.025
   2.17061      5.431460  0.001  0.015  0.010  0.012  0.003  0.000  0.000  0.000  0.001  0.044
   2.12962      5.604090  0.001  0.023  0.010  0.017  0.003  0.000  0.000  0.000  0.001  0.057
   2.08863      5.784594  0.001  0.025  0.011  0.018  0.002  0.000  0.000  0.000  0.001  0.059
   2.04764      5.955360  0.000  0.028  0.014  0.018  0.001  0.000  0.000  0.000  0.001  0.062
   2.00665      6.069238  0.002  0.049  0.017  0.025  0.002  0.000  0.000  0.000  0.003  0.097
   1.96566      5.966818  0.008  0.051  0.009  0.024  0.010  0.001  0.001  0.001  0.010  0.115
   1.92467      5.816248  0.007  0.031  0.005  0.019  0.013  0.001  0.004  0.001  0.012  0.092
   1.88368      5.813874  0.005  0.002  0.003  0.003  0.002  0.000  0.017  0.000  0.002  0.034
   1.84269      5.861157  0.005  0.000  0.003  0.000  0.000  0.000  0.022  0.000  0.000  0.031
   1.84269      5.861157  0.005  0.000  0.003  0.000  0.000  0.000  0.022  0.000  0.000  0.031
   1.82220      5.848860  0.005  0.000  0.003  0.000  0.000  0.000  0.021  0.000  0.000  0.030
   1.80170      5.820422  0.004  0.000  0.003  0.000  0.000  0.000  0.020  0.000  0.000  0.028
   1.78121      5.787062  0.003  0.000  0.002  0.001  0.000  0.000  0.019  0.001  0.000  0.026
   1.76071      5.758135  0.002  0.001  0.001  0.002  0.001  0.000  0.018  0.001  0.001  0.028
   1.74022      5.750119  0.000  0.010  0.000  0.008  0.004  0.001  0.014  0.001  0.005  0.043
   1.71972      5.763506  0.000  0.017  0.000  0.010  0.004  0.002  0.010  0.001  0.006  0.051
   1.69923      5.778421  0.000  0.016  0.000  0.009  0.003  0.002  0.009  0.001  0.006  0.047
   1.67873      5.788892  0.000  0.013  0.000  0.008  0.002  0.003  0.009  0.001  0.004  0.040
   1.65824      5.794859  0.000  0.010  0.001  0.007  0.001  0.003  0.009  0.000  0.003  0.034
   1.63774      5.797719  0.000  0.006  0.001  0.007  0.000  0.003  0.009  0.000  0.002  0.029
   1.61725      5.799073  0.000  0.004  0.001  0.006  0.000  0.003  0.009  0.000  0.002  0.025
   1.59675      5.800280  0.000  0.002  0.001  0.005  0.000  0.003  0.009  0.000  0.001  0.022
   1.57626      5.802297  0.000  0.000  0.002  0.005  0.000  0.003  0.010  0.000  0.001  0.021
   1.55576      5.805568  0.000  0.000  0.003  0.004  0.000  0.003  0.010  0.000  0.001  0.021
   1.53527      5.809923  0.000  0.000  0.004  0.004  0.000  0.003  0.010  0.000  0.001  0.022
   1.51477      5.814493  0.000  0.001  0.005  0.003  0.000  0.003  0.010  0.000  0.001  0.023
   1.49428      5.817759  0.000  0.002  0.006  0.002  0.000  0.003  0.010  0.000  0.000  0.025
   1.47378      5.818075  0.000  0.003  0.008  0.001  0.000  0.003  0.010  0.000  0.000  0.026
   1.45329      5.815167  0.001  0.003  0.009  0.000  0.000  0.003  0.010  0.000  0.000  0.026
   1.45329      5.815167  0.001  0.003  0.009  0.000  0.000  0.003  0.010  0.000  0.000  0.026
   1.41779      5.814632  0.001  0.014  0.014  0.001  0.000  0.002  0.007  0.000  0.002  0.041
   1.38229      5.741939  0.002  0.011  0.018  0.001  0.000  0.002  0.003  0.000  0.003  0.041
   1.34679      5.658068  0.002  0.005  0.020  0.001  0.000  0.002  0.001  0.000  0.003  0.034
   1.31129      5.574641  0.001  0.002  0.021  0.001  0.000  0.001  0.000  0.000  0.002  0.029
   1.27579      5.490804  0.001  0.001  0.019  0.001  0.000  0.001  0.000  0.000  0.002  0.024
   1.24029      5.406061  0.001  0.000  0.017  0.001  0.000  0.001  0.000  0.000  0.001  0.020
   1.20480      5.322055  0.000  0.000  0.015  0.000  0.000  0.001  0.000  0.000  0.000  0.017
   1.16930      5.241073  0.000  0.000  0.012  0.000  0.000  0.000  0.001  0.000  0.000  0.014
   1.13380      5.163675  0.000  0.000  0.010  0.000  0.000  0.000  0.001  0.000  0.000  0.012
   1.09830      5.091548  0.000  0.000  0.008  0.000  0.000  0.000  0.001  0.000  0.000  0.010
   1.06280      5.025867  0.000  0.000  0.007  0.000  0.000  0.000  0.001  0.000  0.000  0.008
   1.02730      4.967430  0.000  0.000  0.005  0.000  0.000  0.000  0.001  0.000  0.000  0.007
   0.99180      4.916741  0.000  0.000  0.004  0.000  0.000  0.000  0.001  0.000  0.000  0.005
   0.95631      4.874136  0.000  0.000  0.002  0.000  0.000  0.000  0.001  0.000  0.000  0.004
   0.92081      4.839948  0.000  0.000  0.002  0.000  0.000  0.000  0.001  0.000  0.000  0.003
   0.88531      4.813608  0.000  0.000  0.001  0.000  0.000  0.000  0.001  0.000  0.000  0.003
   0.84981      4.794900  0.000  0.000  0.001  0.000  0.000  0.000  0.001  0.000  0.000  0.002
   0.81431      4.783640  0.000  0.000  0.001  0.000  0.000  0.000  0.001  0.000  0.000  0.002
   0.77881      4.779745  0.000  0.000  0.001  0.000  0.000  0.000  0.001  0.000  0.000  0.002
   0.77881      4.779745  0.000  0.000  0.001  0.000  0.000  0.000  0.001  0.000  0.000  0.002
   0.73782      4.784900  0.000  0.000  0.001  0.000  0.000  0.000  0.001  0.000  0.000  0.002
   0.69683      4.799884  0.000  0.000  0.001  0.000  0.000  0.000  0.001  0.000  0.000  0.002
   0.65584      4.824857  0.000  0.000  0.001  0.000  0.000  0.000  0.001  0.000  0.000  0.003
   0.61485      4.860102  0.000  0.000  0.002  0.000  0.000  0.000  0.001  0.000  0.000  0.004
   0.57386      4.906074  0.000  0.000  0.003  0.000  0.000  0.000  0.001  0.000  0.000  0.005
   0.53287      4.962565  0.000  0.000  0.005  0.000  0.000  0.000  0.001  0.000  0.000  0.006
   0.49188      5.028742  0.000  0.000  0.006  0.000  0.000  0.000  0.001  0.000  0.000  0.008
   0.45089      5.103887  0.000  0.000  0.008  0.000  0.000  0.000  0.001  0.000  0.000  0.011
   0.40990      5.189058  0.001  0.001  0.010  0.001  0.001  0.000  0.000  0.000  0.000  0.015
   0.36891      5.292503  0.001  0.006  0.011  0.005  0.002  0.000  0.000  0.000  0.001  0.025
   0.32792      5.431460  0.001  0.015  0.010  0.012  0.003  0.000  0.000  0.000  0.001  0.044
   0.28693      5.604090  0.001  0.023  0.010  0.017  0.003  0.000  0.000  0.000  0.001  0.057
   0.24594      5.784594  0.001  0.025  0.011  0.018  0.002  0.000  0.000  0.000  0.001  0.059
   0.20495      5.955360  0.000  0.028  0.014  0.018  0.001  0.000  0.000  0.000  0.001  0.062
   0.16396      6.069238  0.002  0.049  0.017  0.025  0.002  0.000  0.000  0.000  0.003  0.097
   0.12297      5.966818  0.008  0.051  0.009  0.024  0.010  0.001  0.001  0.001  0.010  0.115
   0.08198      5.816248  0.007  0.031  0.005  0.019  0.013  0.001  0.004  0.001  0.012  0.092
   0.04099      5.813874  0.005  0.002  0.003  0.003  0.002  0.000  0.017  0.000  0.002  0.034
   0.00000      5.861157  0.005  0.000  0.003  0.000  0.000  0.000  0.022  0.000  0.000  0.031
 
# Band-Index:   31
   0.00000      6.109065  0.000  0.001  0.000  0.001  0.000  0.003  0.000  0.003  0.000  0.007
   0.04099      6.156055  0.001  0.000  0.001  0.001  0.001  0.002  0.003  0.002  0.000  0.012
   0.08198      6.266043  0.001  0.001  0.002  0.001  0.001  0.002  0.006  0.002  0.001  0.017
   0.12297      6.377019  0.001  0.001  0.008  0.001  0.004  0.001  0.002  0.003  0.002  0.022
   0.16396      6.315965  0.010  0.013  0.000  0.004  0.006  0.002  0.003  0.002  0.005  0.046
   0.20495      6.294136  0.003  0.000  0.001  0.000  0.000  0.000  0.007  0.000  0.000  0.013
   0.24594      6.144756  0.002  0.000  0.001  0.000  0.000  0.001  0.005  0.000  0.000  0.009
   0.28693      5.998524  0.001  0.000  0.000  0.000  0.000  0.001  0.004  0.000  0.000  0.008
   0.32792      5.862459  0.001  0.000  0.000  0.000  0.000  0.001  0.004  0.000  0.000  0.007
   0.36891      5.737810  0.001  0.000  0.000  0.000  0.000  0.001  0.004  0.000  0.000  0.007
   0.40990      5.624774  0.001  0.000  0.000  0.000  0.000  0.001  0.003  0.000  0.000  0.006
   0.45089      5.524321  0.002  0.000  0.000  0.000  0.000  0.001  0.003  0.000  0.000  0.007
   0.49188      5.436546  0.002  0.000  0.000  0.000  0.000  0.000  0.003  0.000  0.000  0.007
   0.53287      5.361060  0.003  0.001  0.001  0.000  0.000  0.000  0.002  0.000  0.000  0.008
   0.57386      5.297148  0.003  0.001  0.001  0.000  0.000  0.000  0.002  0.000  0.000  0.008
   0.61485      5.243958  0.004  0.001  0.002  0.000  0.000  0.000  0.001  0.000  0.000  0.009
   0.65584      5.200959  0.005  0.001  0.003  0.000  0.000  0.000  0.001  0.000  0.000  0.010
   0.69683      5.168550  0.006  0.000  0.003  0.000  0.000  0.000  0.001  0.000  0.000  0.011
   0.73782      5.148230  0.006  0.000  0.004  0.000  0.000  0.000  0.001  0.000  0.000  0.011
   0.77881      5.141773  0.007  0.000  0.004  0.000  0.000  0.000  0.001  0.000  0.000  0.011
   0.77881      5.141773  0.007  0.000  0.004  0.000  0.000  0.000  0.001  0.000  0.000  0.011
   0.81431      5.146529  0.006  0.000  0.004  0.000  0.000  0.000  0.001  0.000  0.000  0.011
   0.84981      5.161841  0.006  0.000  0.004  0.000  0.000  0.000  0.001  0.000  0.000  0.011
   0.88531      5.186606  0.005  0.001  0.003  0.000  0.000  0.000  0.001  0.000  0.000  0.010
   0.92081      5.219691  0.004  0.001  0.003  0.000  0.000  0.000  0.001  0.000  0.000  0.010
   0.95631      5.260489  0.004  0.001  0.002  0.000  0.000  0.000  0.002  0.000  0.001  0.009
   0.99180      5.309032  0.003  0.001  0.001  0.000  0.000  0.000  0.002  0.000  0.001  0.008
   1.02730      5.365752  0.002  0.001  0.001  0.000  0.000  0.001  0.002  0.000  0.001  0.008
   1.06280      5.431165  0.002  0.001  0.000  0.000  0.000  0.001  0.003  0.000  0.001  0.007
   1.09830      5.505671  0.002  0.001  0.000  0.000  0.000  0.001  0.003  0.000  0.001  0.007
   1.13380      5.589451  0.001  0.001  0.000  0.000  0.000  0.001  0.003  0.000  0.001  0.007
   1.16930      5.682414  0.001  0.001  0.000  0.000  0.000  0.001  0.004  0.000  0.000  0.007
   1.20480      5.783677  0.001  0.001  0.000  0.000  0.000  0.001  0.004  0.000  0.000  0.008
   1.24029      5.891808  0.001  0.001  0.000  0.000  0.000  0.001  0.005  0.000  0.000  0.009
   1.27579      6.003103  0.001  0.002  0.001  0.000  0.000  0.002  0.005  0.000  0.000  0.011
   1.31129      6.101005  0.002  0.002  0.002  0.000  0.000  0.002  0.006  0.000  0.001  0.015
   1.34679      6.115634  0.004  0.002  0.002  0.000  0.000  0.003  0.008  0.000  0.001  0.020
   1.38229      6.044014  0.007  0.000  0.002  0.000  0.000  0.001  0.006  0.000  0.001  0.017
   1.41779      5.954681  0.009  0.006  0.007  0.000  0.000  0.001  0.003  0.000  0.000  0.026
   1.45329      5.934686  0.011  0.018  0.013  0.000  0.000  0.000  0.001  0.000  0.000  0.044
   1.45329      5.934686  0.011  0.018  0.013  0.000  0.000  0.000  0.001  0.000  0.000  0.044
   1.47378      5.941682  0.011  0.019  0.014  0.002  0.000  0.000  0.001  0.000  0.000  0.047
   1.49428      5.970779  0.010  0.022  0.014  0.008  0.001  0.000  0.001  0.001  0.000  0.056
   1.51477      6.015704  0.008  0.025  0.014  0.016  0.001  0.000  0.001  0.001  0.000  0.066
   1.53527      6.068491  0.006  0.029  0.014  0.021  0.001  0.000  0.000  0.001  0.001  0.074
   1.55576      6.122962  0.004  0.033  0.014  0.025  0.001  0.000  0.000  0.001  0.001  0.080
   1.57626      6.174555  0.003  0.036  0.015  0.027  0.000  0.000  0.000  0.001  0.001  0.084
   1.59675      6.219538  0.001  0.038  0.015  0.028  0.000  0.000  0.000  0.001  0.002  0.086
   1.61725      6.254479  0.001  0.040  0.015  0.028  0.000  0.000  0.000  0.001  0.003  0.086
   1.63774      6.276024  0.000  0.040  0.013  0.026  0.001  0.000  0.000  0.000  0.004  0.084
   1.65824      6.281840  0.000  0.038  0.011  0.023  0.002  0.000  0.000  0.000  0.005  0.079
   1.67873      6.272921  0.001  0.032  0.009  0.020  0.004  0.000  0.000  0.000  0.005  0.070
   1.69923      6.254233  0.001  0.024  0.006  0.016  0.005  0.000  0.001  0.000  0.005  0.059
   1.71972      6.231665  0.002  0.016  0.005  0.012  0.006  0.001  0.001  0.001  0.004  0.046
   1.74022      6.208978  0.002  0.009  0.003  0.009  0.005  0.001  0.002  0.001  0.003  0.035
   1.76071      6.187067  0.001  0.004  0.002  0.007  0.004  0.001  0.002  0.001  0.002  0.025
   1.78121      6.164991  0.001  0.001  0.002  0.005  0.003  0.002  0.002  0.002  0.001  0.018
   1.80170      6.141937  0.001  0.000  0.001  0.003  0.002  0.002  0.002  0.002  0.000  0.013
   1.82220      6.119629  0.000  0.000  0.000  0.002  0.001  0.002  0.001  0.003  0.000  0.009
   1.84269      6.109065  0.000  0.001  0.000  0.001  0.000  0.003  0.000  0.003  0.000  0.007
   1.84269      6.109065  0.000  0.001  0.000  0.001  0.000  0.003  0.000  0.003  0.000  0.007
   1.88368      6.156055  0.001  0.000  0.001  0.001  0.001  0.002  0.003  0.002  0.000  0.012
   1.92467      6.266043  0.001  0.001  0.002  0.001  0.001  0.002  0.006  0.002  0.001  0.017
   1.96566      6.377244  0.001  0.001  0.008  0.001  0.004  0.001  0.001  0.003  0.002  0.022
   2.00665      6.315972  0.010  0.013  0.000  0.004  0.006  0.002  0.003  0.002  0.005  0.046
   2.04764      6.294136  0.003  0.000  0.001  0.000  0.000  0.000  0.007  0.000  0.000  0.013
   2.08863      6.144756  0.002  0.000  0.001  0.000  0.000  0.001  0.005  0.000  0.000  0.009
   2.12962      5.998524  0.001  0.000  0.000  0.000  0.000  0.001  0.004  0.000  0.000  0.008
   2.17061      5.862459  0.001  0.000  0.000  0.000  0.000  0.001  0.004  0.000  0.000  0.007
   2.21160      5.737810  0.001  0.000  0.000  0.000  0.000  0.001  0.004  0.000  0.000  0.007
   2.25259      5.624774  0.001  0.000  0.000  0.000  0.000  0.001  0.003  0.000  0.000  0.006
   2.29358      5.524321  0.002  0.000  0.000  0.000  0.000  0.001  0.003  0.000  0.000  0.007
   2.33457      5.436546  0.002  0.000  0.000  0.000  0.000  0.000  0.003  0.000  0.000  0.007
   2.37556      5.361060  0.003  0.001  0.001  0.000  0.000  0.000  0.002  0.000  0.000  0.008
   2.41655      5.297148  0.003  0.001  0.001  0.000  0.000  0.000  0.002  0.000  0.000  0.008
   2.45754      5.243958  0.004  0.001  0.002  0.000  0.000  0.000  0.001  0.000  0.000  0.009
   2.49853      5.200959  0.005  0.001  0.003  0.000  0.000  0.000  0.001  0.000  0.000  0.010
   2.53953      5.168550  0.006  0.000  0.003  0.000  0.000  0.000  0.001  0.000  0.000  0.011
   2.58052      5.148230  0.006  0.000  0.004  0.000  0.000  0.000  0.001  0.000  0.000  0.011
   2.62151      5.141773  0.007  0.000  0.004  0.000  0.000  0.000  0.001  0.000  0.000  0.011
 
# Band-Index:   32
   2.62151      5.141774  0.007  0.000  0.004  0.000  0.000  0.000  0.001  0.000  0.000  0.011
   2.58052      5.149863  0.006  0.000  0.004  0.000  0.000  0.000  0.001  0.000  0.000  0.011
   2.53953      5.171456  0.006  0.000  0.004  0.000  0.000  0.000  0.001  0.000  0.000  0.011
   2.49853      5.204569  0.005  0.000  0.003  0.000  0.000  0.000  0.001  0.000  0.000  0.010
   2.45754      5.247707  0.004  0.001  0.002  0.000  0.000  0.000  0.002  0.000  0.000  0.009
   2.41655      5.300618  0.003  0.001  0.001  0.000  0.000  0.000  0.002  0.000  0.000  0.009
   2.37556      5.364006  0.002  0.000  0.001  0.000  0.000  0.001  0.002  0.000  0.000  0.008
   2.33457      5.438851  0.002  0.000  0.000  0.000  0.000  0.001  0.003  0.000  0.000  0.007
   2.29358      5.525923  0.002  0.000  0.000  0.000  0.000  0.001  0.003  0.000  0.000  0.007
   2.25259      5.625624  0.001  0.000  0.000  0.000  0.000  0.001  0.003  0.000  0.000  0.007
   2.21160      5.738046  0.001  0.000  0.000  0.000  0.000  0.001  0.004  0.000  0.000  0.007
   2.17061      5.863258  0.001  0.000  0.000  0.000  0.000  0.001  0.004  0.000  0.000  0.007
   2.12962      5.999796  0.001  0.000  0.000  0.000  0.000  0.001  0.004  0.000  0.000  0.007
   2.08863      6.146358  0.002  0.000  0.001  0.000  0.000  0.001  0.004  0.000  0.000  0.008
   2.04764      6.297332  0.003  0.000  0.002  0.000  0.000  0.000  0.006  0.000  0.000  0.012
   2.00665      6.343270  0.009  0.008  0.000  0.003  0.004  0.002  0.004  0.002  0.003  0.036
   1.96566      6.423691  0.002  0.002  0.007  0.001  0.004  0.002  0.002  0.002  0.002  0.023
   1.92467      6.282840  0.001  0.001  0.001  0.001  0.002  0.001  0.006  0.002  0.001  0.017
   1.88368      6.163171  0.001  0.000  0.001  0.001  0.001  0.002  0.003  0.002  0.000  0.011
   1.84269      6.112038  0.000  0.001  0.000  0.001  0.000  0.002  0.000  0.002  0.000  0.007
   1.84269      6.112038  0.000  0.001  0.000  0.001  0.000  0.002  0.000  0.002  0.000  0.007
   1.82220      6.121925  0.000  0.000  0.000  0.002  0.001  0.002  0.001  0.002  0.000  0.009
   1.80170      6.144007  0.001  0.000  0.001  0.003  0.002  0.002  0.002  0.002  0.000  0.013
   1.78121      6.171347  0.001  0.002  0.002  0.004  0.005  0.002  0.002  0.002  0.002  0.021
   1.76071      6.200822  0.002  0.005  0.002  0.006  0.007  0.001  0.002  0.002  0.003  0.030
   1.74022      6.233830  0.002  0.010  0.003  0.008  0.009  0.001  0.001  0.001  0.005  0.042
   1.71972      6.272080  0.003  0.017  0.004  0.012  0.010  0.001  0.001  0.001  0.007  0.055
   1.69923      6.314546  0.003  0.026  0.006  0.016  0.010  0.000  0.000  0.001  0.009  0.070
   1.67873      6.354872  0.002  0.035  0.009  0.021  0.007  0.000  0.000  0.000  0.009  0.084
   1.65824      6.379708  0.001  0.043  0.013  0.027  0.003  0.000  0.000  0.000  0.007  0.094
   1.63774      6.375544  0.000  0.044  0.016  0.031  0.001  0.000  0.000  0.001  0.004  0.096
   1.61725      6.344617  0.001  0.042  0.016  0.033  0.000  0.000  0.000  0.001  0.002  0.095
   1.59675      6.296178  0.002  0.040  0.015  0.034  0.000  0.000  0.000  0.002  0.001  0.095
   1.57626      6.236827  0.003  0.037  0.014  0.034  0.001  0.000  0.000  0.002  0.001  0.093
   1.55576      6.171267  0.005  0.034  0.013  0.032  0.001  0.000  0.000  0.002  0.000  0.088
   1.53527      6.104063  0.007  0.030  0.012  0.027  0.002  0.000  0.000  0.002  0.000  0.081
   1.51477      6.040647  0.008  0.026  0.012  0.020  0.001  0.000  0.001  0.001  0.000  0.070
   1.49428      5.987478  0.009  0.021  0.012  0.011  0.001  0.000  0.001  0.001  0.000  0.057
   1.47378      5.950724  0.010  0.019  0.013  0.004  0.000  0.000  0.001  0.000  0.000  0.048
   1.45329      5.934686  0.011  0.018  0.013  0.000  0.000  0.000  0.001  0.000  0.000  0.044
   1.45329      5.934686  0.011  0.018  0.013  0.000  0.000  0.000  0.001  0.000  0.000  0.044
   1.41779      5.979849  0.009  0.007  0.009  0.000  0.000  0.001  0.005  0.000  0.000  0.030
   1.38229      6.048928  0.007  0.000  0.003  0.000  0.000  0.002  0.007  0.000  0.000  0.020
   1.34679      6.121313  0.004  0.001  0.002  0.000  0.000  0.002  0.007  0.000  0.001  0.018
   1.31129      6.101064  0.002  0.002  0.002  0.000  0.000  0.002  0.007  0.000  0.001  0.016
   1.27579      6.004920  0.001  0.002  0.001  0.000  0.000  0.001  0.005  0.000  0.000  0.011
   1.24029      5.893006  0.001  0.001  0.000  0.000  0.000  0.001  0.005  0.000  0.000  0.009
   1.20480      5.784062  0.001  0.001  0.000  0.000  0.000  0.001  0.004  0.000  0.000  0.008
   1.16930      5.682786  0.001  0.001  0.000  0.000  0.000  0.001  0.004  0.000  0.000  0.008
   1.13380      5.590518  0.001  0.001  0.000  0.000  0.000  0.001  0.003  0.000  0.001  0.007
   1.09830      5.507389  0.002  0.001  0.000  0.000  0.000  0.001  0.003  0.000  0.001  0.007
   1.06280      5.433498  0.002  0.001  0.000  0.000  0.000  0.001  0.003  0.000  0.001  0.007
   1.02730      5.368652  0.002  0.001  0.001  0.000  0.000  0.001  0.002  0.000  0.001  0.008
   0.99180      5.312413  0.003  0.001  0.001  0.000  0.000  0.001  0.002  0.000  0.001  0.008
   0.95631      5.264185  0.003  0.001  0.002  0.000  0.000  0.001  0.002  0.000  0.001  0.009
   0.92081      5.223431  0.004  0.001  0.003  0.000  0.000  0.000  0.001  0.000  0.001  0.010
   0.88531      5.190007  0.005  0.001  0.003  0.000  0.000  0.000  0.001  0.000  0.000  0.010
   0.84981      5.164457  0.006  0.000  0.004  0.000  0.000  0.000  0.001  0.000  0.000  0.011
   0.81431      5.147957  0.006  0.000  0.004  0.000  0.000  0.000  0.001  0.000  0.000  0.011
   0.77881      5.141774  0.007  0.000  0.004  0.000  0.000  0.000  0.001  0.000  0.000  0.011
   0.77881      5.141774  0.007  0.000  0.004  0.000  0.000  0.000  0.001  0.000  0.000  0.011
   0.73782      5.149863  0.006  0.000  0.004  0.000  0.000  0.000  0.001  0.000  0.000  0.011
   0.69683      5.171456  0.006  0.000  0.004  0.000  0.000  0.000  0.001  0.000  0.000  0.011
   0.65584      5.204569  0.005  0.000  0.003  0.000  0.000  0.000  0.001  0.000  0.000  0.010
   0.61485      5.247707  0.004  0.001  0.002  0.000  0.000  0.000  0.002  0.000  0.000  0.009
   0.57386      5.300618  0.003  0.001  0.001  0.000  0.000  0.000  0.002  0.000  0.000  0.009
   0.53287      5.364006  0.002  0.000  0.001  0.000  0.000  0.001  0.002  0.000  0.000  0.008
   0.49188      5.438851  0.002  0.000  0.000  0.000  0.000  0.001  0.003  0.000  0.000  0.007
   0.45089      5.525923  0.002  0.000  0.000  0.000  0.000  0.001  0.003  0.000  0.000  0.007
   0.40990      5.625624  0.001  0.000  0.000  0.000  0.000  0.001  0.003  0.000  0.000  0.007
   0.36891      5.738046  0.001  0.000  0.000  0.000  0.000  0.001  0.004  0.000  0.000  0.007
   0.32792      5.863258  0.001  0.000  0.000  0.000  0.000  0.001  0.004  0.000  0.000  0.007
   0.28693      5.999796  0.001  0.000  0.000  0.000  0.000  0.001  0.004  0.000  0.000  0.007
   0.24594      6.146358  0.002  0.000  0.001  0.000  0.000  0.001  0.004  0.000  0.000  0.008
   0.20495      6.297332  0.003  0.000  0.002  0.000  0.000  0.000  0.006  0.000  0.000  0.012
   0.16396      6.343265  0.009  0.008  0.000  0.003  0.004  0.002  0.004  0.002  0.003  0.036
   0.12297      6.426263  0.001  0.002  0.007  0.001  0.004  0.001  0.002  0.003  0.002  0.023
   0.08198      6.282840  0.001  0.001  0.001  0.001  0.002  0.001  0.006  0.002  0.001  0.017
   0.04099      6.163171  0.001  0.000  0.001  0.001  0.001  0.002  0.003  0.002  0.000  0.011
   0.00000      6.112038  0.000  0.001  0.000  0.001  0.000  0.002  0.000  0.002  0.000  0.007
 
# Band-Index:   33
   0.00000      6.768462  0.000  0.004  0.004  0.004  0.003  0.000  0.000  0.000  0.003  0.020
   0.04099      6.732036  0.002  0.002  0.021  0.002  0.000  0.001  0.002  0.000  0.000  0.030
   0.08198      6.573453  0.002  0.002  0.013  0.002  0.001  0.001  0.002  0.001  0.000  0.026
   0.12297      6.430193  0.005  0.002  0.002  0.002  0.000  0.002  0.009  0.001  0.000  0.022
   0.16396      6.457284  0.001  0.007  0.002  0.003  0.000  0.001  0.006  0.000  0.001  0.020
   0.20495      6.404606  0.004  0.047  0.000  0.018  0.002  0.004  0.002  0.003  0.003  0.083
   0.24594      6.431468  0.001  0.056  0.002  0.026  0.002  0.004  0.004  0.004  0.003  0.102
   0.28693      6.367212  0.000  0.040  0.001  0.021  0.006  0.006  0.003  0.007  0.004  0.088
   0.32792      6.309641  0.000  0.021  0.001  0.012  0.007  0.008  0.002  0.010  0.005  0.066
   0.36891      6.300964  0.001  0.009  0.002  0.005  0.007  0.010  0.002  0.013  0.004  0.053
   0.40990      6.362147  0.001  0.004  0.003  0.002  0.005  0.010  0.001  0.015  0.004  0.044
   0.45089      6.461858  0.000  0.002  0.006  0.001  0.003  0.009  0.000  0.015  0.003  0.039
   0.49188      6.576389  0.000  0.001  0.008  0.000  0.003  0.009  0.000  0.016  0.002  0.039
   0.53287      6.680351  0.000  0.000  0.012  0.000  0.001  0.005  0.000  0.011  0.001  0.031
   0.57386      6.721736  0.002  0.001  0.013  0.001  0.000  0.002  0.000  0.005  0.001  0.024
   0.61485      6.692795  0.011  0.006  0.004  0.002  0.000  0.001  0.001  0.002  0.000  0.028
   0.65584      6.551904  0.017  0.005  0.000  0.002  0.000  0.001  0.003  0.000  0.001  0.030
   0.69683      6.439237  0.017  0.002  0.002  0.001  0.000  0.000  0.004  0.000  0.000  0.027
   0.73782      6.370914  0.017  0.001  0.003  0.000  0.000  0.000  0.004  0.000  0.000  0.025
   0.77881      6.348193  0.017  0.000  0.003  0.000  0.000  0.000  0.004  0.000  0.000  0.024
   0.77881      6.348193  0.017  0.000  0.003  0.000  0.000  0.000  0.004  0.000  0.000  0.024
   0.81431      6.365719  0.017  0.001  0.002  0.000  0.000  0.000  0.004  0.000  0.000  0.025
   0.84981      6.417244  0.017  0.002  0.002  0.000  0.000  0.001  0.004  0.000  0.000  0.026
   0.88531      6.501622  0.017  0.005  0.001  0.000  0.000  0.001  0.004  0.000  0.001  0.029
   0.92081      6.613392  0.016  0.009  0.000  0.000  0.000  0.002  0.003  0.000  0.001  0.031
   0.95631      6.710746  0.006  0.005  0.009  0.000  0.000  0.004  0.001  0.000  0.001  0.026
   0.99180      6.730314  0.001  0.003  0.014  0.000  0.000  0.005  0.001  0.000  0.001  0.025
   1.02730      6.705633  0.001  0.003  0.018  0.000  0.000  0.008  0.001  0.000  0.001  0.032
   1.06280      6.664225  0.001  0.003  0.021  0.000  0.000  0.010  0.001  0.000  0.002  0.037
   1.09830      6.615788  0.000  0.003  0.021  0.000  0.000  0.012  0.001  0.000  0.002  0.040
   1.13380      6.548102  0.000  0.003  0.022  0.000  0.000  0.012  0.001  0.000  0.003  0.041
   1.16930      6.486552  0.000  0.003  0.021  0.000  0.000  0.012  0.001  0.000  0.003  0.041
   1.20480      6.428810  0.000  0.003  0.020  0.000  0.000  0.010  0.002  0.000  0.003  0.038
   1.24029      6.378800  0.000  0.004  0.017  0.000  0.000  0.009  0.002  0.000  0.003  0.035
   1.27579      6.338629  0.000  0.004  0.012  0.000  0.000  0.008  0.003  0.000  0.002  0.029
   1.31129      6.316258  0.000  0.003  0.004  0.000  0.000  0.005  0.004  0.000  0.001  0.018
   1.34679      6.352777  0.001  0.003  0.000  0.000  0.000  0.002  0.004  0.000  0.000  0.010
   1.38229      6.400280  0.001  0.004  0.006  0.000  0.000  0.002  0.001  0.000  0.000  0.015
   1.41779      6.413199  0.001  0.002  0.006  0.000  0.000  0.001  0.001  0.000  0.000  0.011
   1.45329      6.409808  0.001  0.000  0.006  0.000  0.000  0.000  0.001  0.000  0.000  0.008
   1.45329      6.409809  0.001  0.000  0.006  0.000  0.000  0.000  0.001  0.000  0.000  0.008
   1.47378      6.409904  0.001  0.000  0.006  0.000  0.000  0.000  0.001  0.000  0.000  0.008
   1.49428      6.410617  0.001  0.000  0.007  0.000  0.000  0.000  0.001  0.000  0.000  0.009
   1.51477      6.420629  0.001  0.000  0.007  0.000  0.000  0.000  0.001  0.000  0.000  0.010
   1.53527      6.420547  0.001  0.000  0.008  0.000  0.000  0.000  0.001  0.001  0.000  0.011
   1.55576      6.430867  0.001  0.001  0.009  0.001  0.000  0.000  0.001  0.001  0.001  0.013
   1.57626      6.446017  0.001  0.001  0.009  0.001  0.000  0.000  0.001  0.000  0.001  0.014
   1.59675      6.460247  0.001  0.002  0.010  0.001  0.000  0.000  0.001  0.001  0.001  0.016
   1.61725      6.479803  0.001  0.002  0.010  0.001  0.000  0.000  0.001  0.001  0.001  0.018
   1.63774      6.502286  0.002  0.003  0.011  0.001  0.000  0.000  0.001  0.001  0.001  0.020
   1.65824      6.527978  0.003  0.002  0.013  0.001  0.001  0.000  0.001  0.001  0.002  0.023
   1.67873      6.550999  0.003  0.001  0.015  0.000  0.001  0.000  0.001  0.001  0.002  0.024
   1.69923      6.581144  0.003  0.001  0.018  0.000  0.000  0.000  0.001  0.001  0.001  0.024
   1.71972      6.612617  0.003  0.000  0.020  0.000  0.001  0.000  0.001  0.001  0.001  0.027
   1.74022      6.648487  0.003  0.000  0.022  0.000  0.001  0.000  0.001  0.001  0.001  0.028
   1.76071      6.687776  0.002  0.000  0.023  0.000  0.000  0.000  0.001  0.000  0.001  0.029
   1.78121      6.726030  0.002  0.000  0.025  0.000  0.000  0.000  0.001  0.000  0.001  0.030
   1.80170      6.759107  0.002  0.001  0.025  0.000  0.001  0.000  0.001  0.000  0.001  0.031
   1.82220      6.772263  0.000  0.005  0.005  0.003  0.003  0.000  0.000  0.001  0.004  0.021
   1.84269      6.776067  0.000  0.003  0.007  0.003  0.004  0.000  0.000  0.000  0.004  0.023
   1.84269      6.772431  0.000  0.004  0.006  0.004  0.004  0.000  0.000  0.000  0.004  0.022
   1.88368      6.735168  0.002  0.002  0.020  0.002  0.000  0.001  0.002  0.001  0.000  0.029
   1.92467      6.574361  0.003  0.002  0.013  0.002  0.001  0.001  0.002  0.001  0.000  0.025
   1.96566      6.430574  0.004  0.003  0.001  0.003  0.000  0.002  0.010  0.001  0.000  0.023
   2.00665      6.458256  0.000  0.007  0.002  0.003  0.001  0.001  0.006  0.001  0.001  0.021
   2.04764      6.404631  0.005  0.048  0.001  0.019  0.002  0.004  0.002  0.003  0.003  0.086
   2.08863      6.430379  0.001  0.056  0.002  0.027  0.002  0.005  0.003  0.004  0.003  0.103
   2.12962      6.371509  0.000  0.040  0.001  0.021  0.006  0.007  0.003  0.007  0.005  0.090
   2.17061      6.303820  0.000  0.021  0.001  0.012  0.007  0.008  0.002  0.010  0.005  0.066
   2.21160      6.299464  0.000  0.010  0.002  0.005  0.006  0.009  0.001  0.013  0.004  0.051
   2.25259      6.363107  0.001  0.004  0.003  0.002  0.005  0.010  0.001  0.015  0.003  0.043
   2.29358      6.458810  0.000  0.002  0.006  0.001  0.003  0.009  0.000  0.016  0.003  0.040
   2.33457      6.576728  0.000  0.001  0.008  0.000  0.003  0.009  0.000  0.016  0.003  0.039
   2.37556      6.679626  0.000  0.000  0.011  0.000  0.002  0.005  0.000  0.011  0.002  0.032
   2.41655      6.725874  0.001  0.001  0.013  0.000  0.001  0.002  0.000  0.005  0.001  0.023
   2.45754      6.688382  0.013  0.007  0.003  0.003  0.000  0.002  0.001  0.001  0.000  0.030
   2.49853      6.550321  0.016  0.005  0.001  0.002  0.000  0.001  0.003  0.000  0.001  0.029
   2.53953      6.439370  0.017  0.002  0.002  0.001  0.000  0.000  0.004  0.000  0.000  0.027
   2.58052      6.371191  0.017  0.001  0.003  0.000  0.000  0.000  0.004  0.000  0.000  0.025
   2.62151      6.348193  0.017  0.000  0.003  0.000  0.000  0.000  0.004  0.000  0.000  0.024
