#K-Path          Energy     s    py    pz    px    dxy    dyz    dz2    dxz    dx2-y2    tot
# NKPTS & NBANDS: 120  33
# Band-Index:    1
   0.00000    -24.225888  0.000  0.000  0.000  0.000  0.395  0.097  0.000  0.097  0.395  0.985
   0.03026    -24.225889  0.000  0.000  0.000  0.000  0.395  0.097  0.000  0.098  0.395  0.985
   0.06052    -24.225879  0.000  0.000  0.000  0.000  0.395  0.097  0.000  0.098  0.395  0.985
   0.09078    -24.225865  0.000  0.000  0.000  0.000  0.395  0.096  0.000  0.099  0.395  0.985
   0.12104    -24.225851  0.000  0.000  0.000  0.000  0.395  0.096  0.000  0.099  0.395  0.985
   0.15130    -24.225837  0.000  0.000  0.000  0.000  0.395  0.095  0.000  0.099  0.395  0.985
   0.18155    -24.225820  0.000  0.000  0.000  0.000  0.395  0.095  0.000  0.100  0.395  0.985
   0.21181    -24.225803  0.000  0.000  0.000  0.000  0.395  0.095  0.000  0.100  0.395  0.985
   0.24207    -24.225787  0.000  0.000  0.000  0.000  0.395  0.095  0.000  0.100  0.395  0.985
   0.27233    -24.225772  0.000  0.000  0.000  0.000  0.395  0.094  0.000  0.100  0.395  0.985
   0.30259    -24.225765  0.000  0.000  0.000  0.000  0.395  0.094  0.000  0.101  0.395  0.985
   0.33285    -24.225757  0.000  0.000  0.000  0.000  0.395  0.094  0.000  0.101  0.395  0.985
   0.36311    -24.225755  0.000  0.000  0.000  0.000  0.395  0.094  0.000  0.101  0.395  0.985
   0.39337    -24.225752  0.000  0.000  0.000  0.000  0.395  0.094  0.000  0.101  0.395  0.985
   0.42363    -24.225756  0.000  0.000  0.000  0.000  0.395  0.094  0.000  0.101  0.395  0.985
   0.45389    -24.225767  0.000  0.000  0.000  0.000  0.395  0.094  0.000  0.101  0.395  0.985
   0.48415    -24.225778  0.000  0.000  0.000  0.000  0.395  0.094  0.000  0.101  0.395  0.985
   0.51440    -24.225799  0.000  0.000  0.000  0.000  0.395  0.094  0.000  0.101  0.395  0.985
   0.54466    -24.225818  0.000  0.000  0.000  0.000  0.395  0.094  0.000  0.100  0.395  0.985
   0.57492    -24.225843  0.000  0.000  0.000  0.000  0.395  0.094  0.000  0.100  0.395  0.985
   0.60518    -24.225873  0.000  0.000  0.000  0.000  0.395  0.095  0.000  0.100  0.395  0.985
   0.63544    -24.225906  0.000  0.000  0.000  0.000  0.395  0.095  0.000  0.100  0.395  0.985
   0.66570    -24.225935  0.000  0.000  0.000  0.000  0.395  0.095  0.000  0.099  0.395  0.985
   0.69596    -24.225965  0.000  0.000  0.000  0.000  0.395  0.095  0.000  0.099  0.395  0.985
   0.72622    -24.225995  0.000  0.000  0.000  0.000  0.395  0.096  0.000  0.099  0.395  0.985
   0.75648    -24.226018  0.000  0.000  0.000  0.000  0.395  0.096  0.000  0.098  0.395  0.985
   0.78674    -24.226035  0.000  0.000  0.000  0.000  0.395  0.096  0.000  0.098  0.395  0.985
   0.81700    -24.226054  0.000  0.000  0.000  0.000  0.395  0.097  0.000  0.098  0.395  0.985
   0.84725    -24.226063  0.000  0.000  0.000  0.000  0.395  0.097  0.000  0.097  0.395  0.985
   0.87751    -24.226067  0.000  0.000  0.000  0.000  0.395  0.097  0.000  0.097  0.395  0.985
   0.87751    -24.226067  0.000  0.000  0.000  0.000  0.395  0.097  0.000  0.097  0.395  0.985
   0.90372    -24.226064  0.000  0.000  0.000  0.000  0.395  0.097  0.000  0.097  0.395  0.985
   0.92992    -24.226058  0.000  0.000  0.000  0.000  0.395  0.098  0.000  0.097  0.395  0.985
   0.95613    -24.226043  0.000  0.000  0.000  0.000  0.395  0.098  0.000  0.097  0.395  0.985
   0.98233    -24.226024  0.000  0.000  0.000  0.000  0.395  0.098  0.000  0.096  0.395  0.985
   1.00854    -24.225997  0.000  0.000  0.000  0.000  0.395  0.097  0.000  0.098  0.395  0.985
   1.03474    -24.225965  0.000  0.000  0.000  0.000  0.395  0.095  0.000  0.099  0.395  0.985
   1.06095    -24.225931  0.000  0.000  0.000  0.000  0.395  0.094  0.000  0.100  0.395  0.985
   1.08715    -24.225894  0.000  0.000  0.000  0.000  0.395  0.094  0.000  0.101  0.395  0.985
   1.11336    -24.225850  0.000  0.000  0.000  0.000  0.395  0.093  0.000  0.101  0.395  0.985
   1.13956    -24.225803  0.000  0.000  0.000  0.000  0.395  0.093  0.000  0.102  0.395  0.985
   1.16577    -24.225754  0.000  0.000  0.000  0.000  0.395  0.092  0.000  0.102  0.395  0.985
   1.19197    -24.225703  0.000  0.000  0.000  0.000  0.395  0.092  0.000  0.103  0.395  0.985
   1.21818    -24.225652  0.000  0.000  0.000  0.000  0.395  0.092  0.000  0.103  0.395  0.985
   1.24439    -24.225599  0.000  0.000  0.000  0.000  0.395  0.091  0.000  0.103  0.395  0.985
   1.27059    -24.225546  0.000  0.000  0.000  0.000  0.395  0.091  0.000  0.104  0.395  0.985
   1.29680    -24.225496  0.000  0.000  0.000  0.000  0.395  0.091  0.000  0.104  0.395  0.985
   1.32300    -24.225444  0.000  0.000  0.000  0.000  0.394  0.091  0.000  0.104  0.395  0.985
   1.34921    -24.225394  0.000  0.000  0.000  0.000  0.394  0.090  0.000  0.104  0.395  0.985
   1.37541    -24.225346  0.000  0.000  0.000  0.000  0.394  0.090  0.000  0.104  0.395  0.985
   1.40162    -24.225304  0.000  0.000  0.000  0.000  0.394  0.090  0.000  0.105  0.395  0.985
   1.42782    -24.225267  0.000  0.000  0.000  0.000  0.394  0.090  0.000  0.105  0.395  0.985
   1.45403    -24.225223  0.000  0.000  0.000  0.000  0.394  0.090  0.000  0.105  0.395  0.985
   1.48023    -24.225191  0.000  0.000  0.000  0.000  0.394  0.090  0.000  0.105  0.395  0.985
   1.50644    -24.225163  0.000  0.000  0.000  0.000  0.394  0.090  0.000  0.104  0.395  0.985
   1.53264    -24.225135  0.000  0.000  0.000  0.000  0.394  0.091  0.000  0.104  0.395  0.985
   1.55885    -24.225116  0.000  0.000  0.000  0.000  0.394  0.091  0.000  0.104  0.395  0.985
   1.58505    -24.225103  0.000  0.000  0.000  0.000  0.394  0.091  0.000  0.104  0.395  0.985
   1.61126    -24.225093  0.000  0.000  0.000  0.000  0.394  0.091  0.000  0.104  0.395  0.985
   1.63746    -24.225088  0.000  0.000  0.000  0.000  0.394  0.092  0.000  0.103  0.395  0.985
   1.63746    -24.225088  0.000  0.000  0.000  0.000  0.394  0.092  0.000  0.103  0.395  0.985
   1.65259    -24.225142  0.000  0.000  0.000  0.000  0.394  0.092  0.000  0.103  0.395  0.985
   1.66772    -24.225194  0.000  0.000  0.000  0.000  0.394  0.092  0.000  0.103  0.395  0.985
   1.68285    -24.225245  0.000  0.000  0.000  0.000  0.394  0.092  0.000  0.103  0.395  0.985
   1.69798    -24.225292  0.000  0.000  0.000  0.000  0.394  0.092  0.000  0.103  0.395  0.985
   1.71311    -24.225338  0.000  0.000  0.000  0.000  0.394  0.092  0.000  0.103  0.395  0.985
   1.72824    -24.225383  0.000  0.000  0.000  0.000  0.394  0.092  0.000  0.103  0.395  0.985
   1.74337    -24.225429  0.000  0.000  0.000  0.000  0.394  0.092  0.000  0.103  0.395  0.985
   1.75850    -24.225470  0.000  0.000  0.000  0.000  0.394  0.092  0.000  0.103  0.395  0.985
   1.77363    -24.225511  0.000  0.000  0.000  0.000  0.394  0.092  0.000  0.103  0.395  0.985
   1.78876    -24.225546  0.000  0.000  0.000  0.000  0.394  0.092  0.000  0.103  0.395  0.985
   1.80389    -24.225584  0.000  0.000  0.000  0.000  0.394  0.092  0.000  0.103  0.395  0.985
   1.81902    -24.225617  0.000  0.000  0.000  0.000  0.394  0.092  0.000  0.103  0.395  0.985
   1.83415    -24.225652  0.000  0.000  0.000  0.000  0.394  0.092  0.000  0.102  0.395  0.985
   1.84928    -24.225684  0.000  0.000  0.000  0.000  0.394  0.093  0.000  0.102  0.395  0.985
   1.86441    -24.225711  0.000  0.000  0.000  0.000  0.394  0.093  0.000  0.102  0.395  0.985
   1.87953    -24.225736  0.000  0.000  0.000  0.000  0.394  0.093  0.000  0.102  0.395  0.985
   1.89466    -24.225758  0.000  0.000  0.000  0.000  0.394  0.093  0.000  0.102  0.395  0.985
   1.90979    -24.225778  0.000  0.000  0.000  0.000  0.395  0.094  0.000  0.101  0.395  0.985
   1.92492    -24.225795  0.000  0.000  0.000  0.000  0.395  0.094  0.000  0.101  0.395  0.985
   1.94005    -24.225814  0.000  0.000  0.000  0.000  0.395  0.094  0.000  0.101  0.395  0.985
   1.95518    -24.225827  0.000  0.000  0.000  0.000  0.395  0.094  0.000  0.100  0.395  0.985
   1.97031    -24.225841  0.000  0.000  0.000  0.000  0.395  0.095  0.000  0.100  0.395  0.985
   1.98544    -24.225853  0.000  0.000  0.000  0.000  0.395  0.095  0.000  0.100  0.395  0.985
   2.00057    -24.225865  0.000  0.000  0.000  0.000  0.395  0.095  0.000  0.099  0.395  0.985
   2.01570    -24.225874  0.000  0.000  0.000  0.000  0.395  0.096  0.000  0.099  0.395  0.985
   2.03083    -24.225881  0.000  0.000  0.000  0.000  0.395  0.096  0.000  0.099  0.395  0.985
   2.04596    -24.225886  0.000  0.000  0.000  0.000  0.395  0.097  0.000  0.098  0.395  0.985
   2.06109    -24.225888  0.000  0.000  0.000  0.000  0.395  0.097  0.000  0.098  0.395  0.985
   2.07622    -24.225888  0.000  0.000  0.000  0.000  0.395  0.097  0.000  0.097  0.395  0.985
   2.07622    -24.225888  0.000  0.000  0.000  0.000  0.395  0.097  0.000  0.097  0.395  0.985
   2.10648    -24.225889  0.000  0.000  0.000  0.000  0.395  0.097  0.000  0.098  0.395  0.985
   2.13674    -24.225879  0.000  0.000  0.000  0.000  0.395  0.097  0.000  0.098  0.395  0.985
   2.16700    -24.225865  0.000  0.000  0.000  0.000  0.395  0.096  0.000  0.099  0.395  0.985
   2.19725    -24.225851  0.000  0.000  0.000  0.000  0.395  0.096  0.000  0.099  0.395  0.985
   2.22751    -24.225837  0.000  0.000  0.000  0.000  0.395  0.095  0.000  0.099  0.395  0.985
   2.25777    -24.225820  0.000  0.000  0.000  0.000  0.395  0.095  0.000  0.100  0.395  0.985
   2.28803    -24.225803  0.000  0.000  0.000  0.000  0.395  0.095  0.000  0.100  0.395  0.985
   2.31829    -24.225787  0.000  0.000  0.000  0.000  0.395  0.095  0.000  0.100  0.395  0.985
   2.34855    -24.225772  0.000  0.000  0.000  0.000  0.395  0.094  0.000  0.100  0.395  0.985
   2.37881    -24.225765  0.000  0.000  0.000  0.000  0.395  0.094  0.000  0.101  0.395  0.985
   2.40907    -24.225757  0.000  0.000  0.000  0.000  0.395  0.094  0.000  0.101  0.395  0.985
   2.43933    -24.225755  0.000  0.000  0.000  0.000  0.395  0.094  0.000  0.101  0.395  0.985
   2.46959    -24.225752  0.000  0.000  0.000  0.000  0.395  0.094  0.000  0.101  0.395  0.985
   2.49985    -24.225756  0.000  0.000  0.000  0.000  0.395  0.094  0.000  0.101  0.395  0.985
   2.53010    -24.225767  0.000  0.000  0.000  0.000  0.395  0.094  0.000  0.101  0.395  0.985
   2.56036    -24.225778  0.000  0.000  0.000  0.000  0.395  0.094  0.000  0.101  0.395  0.985
   2.59062    -24.225799  0.000  0.000  0.000  0.000  0.395  0.094  0.000  0.101  0.395  0.985
   2.62088    -24.225818  0.000  0.000  0.000  0.000  0.395  0.094  0.000  0.100  0.395  0.985
   2.65114    -24.225843  0.000  0.000  0.000  0.000  0.395  0.094  0.000  0.100  0.395  0.985
   2.68140    -24.225873  0.000  0.000  0.000  0.000  0.395  0.095  0.000  0.100  0.395  0.985
   2.71166    -24.225906  0.000  0.000  0.000  0.000  0.395  0.095  0.000  0.100  0.395  0.985
   2.74192    -24.225935  0.000  0.000  0.000  0.000  0.395  0.095  0.000  0.099  0.395  0.985
   2.77218    -24.225965  0.000  0.000  0.000  0.000  0.395  0.095  0.000  0.099  0.395  0.985
   2.80244    -24.225995  0.000  0.000  0.000  0.000  0.395  0.096  0.000  0.099  0.395  0.985
   2.83270    -24.226018  0.000  0.000  0.000  0.000  0.395  0.096  0.000  0.098  0.395  0.985
   2.86295    -24.226035  0.000  0.000  0.000  0.000  0.395  0.096  0.000  0.098  0.395  0.985
   2.89321    -24.226054  0.000  0.000  0.000  0.000  0.395  0.097  0.000  0.098  0.395  0.985
   2.92347    -24.226063  0.000  0.000  0.000  0.000  0.395  0.097  0.000  0.097  0.395  0.985
   2.95373    -24.226067  0.000  0.000  0.000  0.000  0.395  0.097  0.000  0.097  0.395  0.985
 
# Band-Index:    2
   2.95373    -24.226067  0.000  0.000  0.000  0.000  0.395  0.097  0.000  0.097  0.395  0.985
   2.92347    -24.226063  0.000  0.000  0.000  0.000  0.395  0.097  0.000  0.097  0.395  0.985
   2.89321    -24.226051  0.000  0.000  0.000  0.000  0.395  0.098  0.000  0.097  0.395  0.985
   2.86295    -24.226028  0.000  0.000  0.000  0.000  0.395  0.098  0.000  0.097  0.395  0.985
   2.83270    -24.226001  0.000  0.000  0.000  0.000  0.395  0.098  0.000  0.096  0.395  0.985
   2.80244    -24.225961  0.000  0.000  0.000  0.000  0.395  0.098  0.000  0.096  0.395  0.985
   2.77218    -24.225908  0.000  0.000  0.000  0.000  0.395  0.098  0.000  0.096  0.395  0.985
   2.74192    -24.225846  0.000  0.000  0.000  0.000  0.395  0.098  0.000  0.096  0.395  0.985
   2.71166    -24.225776  0.000  0.000  0.000  0.000  0.395  0.098  0.000  0.096  0.395  0.985
   2.68140    -24.225693  0.000  0.000  0.000  0.000  0.395  0.098  0.000  0.096  0.395  0.985
   2.65114    -24.225601  0.000  0.000  0.000  0.000  0.395  0.098  0.000  0.096  0.395  0.985
   2.62088    -24.225507  0.000  0.000  0.000  0.000  0.395  0.098  0.000  0.096  0.395  0.985
   2.59062    -24.225407  0.000  0.000  0.000  0.000  0.395  0.098  0.000  0.096  0.395  0.985
   2.56036    -24.225297  0.000  0.000  0.000  0.000  0.395  0.098  0.000  0.097  0.395  0.985
   2.53010    -24.225190  0.000  0.000  0.000  0.000  0.395  0.098  0.000  0.097  0.395  0.985
   2.49985    -24.225075  0.000  0.000  0.000  0.000  0.395  0.098  0.000  0.097  0.395  0.985
   2.46959    -24.224962  0.000  0.000  0.000  0.000  0.395  0.098  0.000  0.097  0.395  0.985
   2.43933    -24.224851  0.000  0.000  0.000  0.000  0.395  0.098  0.000  0.097  0.395  0.985
   2.40907    -24.224738  0.000  0.000  0.000  0.000  0.395  0.098  0.000  0.097  0.395  0.985
   2.37881    -24.224631  0.000  0.000  0.000  0.000  0.395  0.097  0.000  0.097  0.395  0.985
   2.34855    -24.224524  0.000  0.000  0.000  0.000  0.395  0.097  0.000  0.097  0.395  0.985
   2.31829    -24.224428  0.000  0.000  0.000  0.000  0.395  0.097  0.000  0.098  0.395  0.985
   2.28803    -24.224341  0.000  0.000  0.000  0.000  0.395  0.097  0.000  0.098  0.395  0.985
   2.25777    -24.224261  0.000  0.000  0.000  0.000  0.395  0.097  0.000  0.098  0.395  0.985
   2.22751    -24.224191  0.000  0.000  0.000  0.000  0.395  0.097  0.000  0.098  0.395  0.985
   2.19725    -24.224132  0.000  0.000  0.000  0.000  0.395  0.097  0.000  0.098  0.395  0.985
   2.16700    -24.224086  0.000  0.000  0.000  0.000  0.395  0.097  0.000  0.098  0.395  0.985
   2.13674    -24.224054  0.000  0.000  0.000  0.000  0.395  0.097  0.000  0.098  0.395  0.985
   2.10648    -24.224037  0.000  0.000  0.000  0.000  0.395  0.097  0.000  0.098  0.395  0.985
   2.07622    -24.224026  0.000  0.000  0.000  0.000  0.395  0.097  0.000  0.097  0.395  0.985
   2.07622    -24.224026  0.000  0.000  0.000  0.000  0.395  0.097  0.000  0.097  0.395  0.985
   2.06109    -24.224029  0.000  0.000  0.000  0.000  0.395  0.097  0.000  0.098  0.395  0.985
   2.04596    -24.224034  0.000  0.000  0.000  0.000  0.395  0.097  0.000  0.098  0.395  0.985
   2.03083    -24.224041  0.000  0.000  0.000  0.000  0.395  0.097  0.000  0.098  0.395  0.985
   2.01570    -24.224052  0.000  0.000  0.000  0.000  0.395  0.097  0.000  0.098  0.395  0.985
   2.00057    -24.224065  0.000  0.000  0.000  0.000  0.395  0.097  0.000  0.098  0.395  0.985
   1.98544    -24.224081  0.000  0.000  0.000  0.000  0.395  0.096  0.000  0.099  0.395  0.985
   1.97031    -24.224101  0.000  0.000  0.000  0.000  0.395  0.096  0.000  0.099  0.395  0.985
   1.95518    -24.224125  0.000  0.000  0.000  0.000  0.395  0.096  0.000  0.099  0.395  0.985
   1.94005    -24.224155  0.000  0.000  0.000  0.000  0.395  0.096  0.000  0.099  0.395  0.985
   1.92492    -24.224183  0.000  0.000  0.000  0.000  0.395  0.095  0.000  0.099  0.395  0.985
   1.90979    -24.224219  0.000  0.000  0.000  0.000  0.395  0.095  0.000  0.100  0.395  0.985
   1.89466    -24.224256  0.000  0.000  0.000  0.000  0.395  0.095  0.000  0.100  0.395  0.985
   1.87953    -24.224296  0.000  0.000  0.000  0.000  0.395  0.095  0.000  0.100  0.395  0.985
   1.86441    -24.224337  0.000  0.000  0.000  0.000  0.394  0.094  0.000  0.100  0.395  0.985
   1.84928    -24.224380  0.000  0.000  0.000  0.000  0.394  0.094  0.000  0.101  0.395  0.985
   1.83415    -24.224423  0.000  0.000  0.000  0.000  0.394  0.094  0.000  0.101  0.395  0.985
   1.81902    -24.224467  0.000  0.000  0.000  0.000  0.394  0.094  0.000  0.101  0.395  0.985
   1.80389    -24.224516  0.000  0.000  0.000  0.000  0.394  0.093  0.000  0.101  0.395  0.985
   1.78876    -24.224564  0.000  0.000  0.000  0.000  0.394  0.093  0.000  0.102  0.395  0.985
   1.77363    -24.224617  0.000  0.000  0.000  0.000  0.394  0.093  0.000  0.102  0.395  0.985
   1.75850    -24.224669  0.000  0.000  0.000  0.000  0.394  0.093  0.000  0.102  0.395  0.985
   1.74337    -24.224722  0.000  0.000  0.000  0.000  0.394  0.093  0.000  0.102  0.395  0.985
   1.72824    -24.224772  0.000  0.000  0.000  0.000  0.394  0.092  0.000  0.102  0.395  0.985
   1.71311    -24.224827  0.000  0.000  0.000  0.000  0.394  0.092  0.000  0.103  0.395  0.985
   1.69798    -24.224881  0.000  0.000  0.000  0.000  0.394  0.092  0.000  0.103  0.395  0.985
   1.68285    -24.224935  0.000  0.000  0.000  0.000  0.394  0.092  0.000  0.103  0.395  0.985
   1.66772    -24.224987  0.000  0.000  0.000  0.000  0.394  0.092  0.000  0.103  0.395  0.985
   1.65259    -24.225038  0.000  0.000  0.000  0.000  0.394  0.092  0.000  0.103  0.395  0.985
   1.63746    -24.225088  0.000  0.000  0.000  0.000  0.394  0.092  0.000  0.103  0.395  0.985
   1.63746    -24.225088  0.000  0.000  0.000  0.000  0.394  0.092  0.000  0.103  0.395  0.985
   1.61126    -24.225092  0.000  0.000  0.000  0.000  0.394  0.092  0.000  0.103  0.395  0.985
   1.58505    -24.225103  0.000  0.000  0.000  0.000  0.394  0.093  0.000  0.102  0.395  0.985
   1.55885    -24.225115  0.000  0.000  0.000  0.000  0.394  0.093  0.000  0.102  0.395  0.985
   1.53264    -24.225134  0.000  0.000  0.000  0.000  0.394  0.093  0.000  0.102  0.395  0.985
   1.50644    -24.225161  0.000  0.000  0.000  0.000  0.394  0.094  0.000  0.101  0.395  0.985
   1.48023    -24.225189  0.000  0.000  0.000  0.000  0.394  0.094  0.000  0.101  0.395  0.985
   1.45403    -24.225221  0.000  0.000  0.000  0.000  0.394  0.095  0.000  0.100  0.395  0.985
   1.42782    -24.225265  0.000  0.000  0.000  0.000  0.394  0.095  0.000  0.100  0.395  0.985
   1.40162    -24.225302  0.000  0.000  0.000  0.000  0.394  0.096  0.000  0.099  0.395  0.985
   1.37541    -24.225344  0.000  0.000  0.000  0.000  0.394  0.096  0.000  0.099  0.395  0.985
   1.34921    -24.225392  0.000  0.000  0.000  0.000  0.394  0.097  0.000  0.098  0.395  0.985
   1.32300    -24.225441  0.000  0.000  0.000  0.000  0.394  0.097  0.000  0.098  0.395  0.985
   1.29680    -24.225494  0.000  0.000  0.000  0.000  0.394  0.097  0.000  0.097  0.395  0.985
   1.27059    -24.225544  0.000  0.000  0.000  0.000  0.395  0.098  0.000  0.097  0.395  0.985
   1.24439    -24.225598  0.000  0.000  0.000  0.000  0.395  0.098  0.000  0.097  0.395  0.985
   1.21818    -24.225651  0.000  0.000  0.000  0.000  0.395  0.098  0.000  0.096  0.395  0.985
   1.19197    -24.225701  0.000  0.000  0.000  0.000  0.395  0.098  0.000  0.096  0.395  0.985
   1.16577    -24.225753  0.000  0.000  0.000  0.000  0.395  0.098  0.000  0.096  0.395  0.985
   1.13956    -24.225803  0.000  0.000  0.000  0.000  0.395  0.099  0.000  0.096  0.395  0.985
   1.11336    -24.225849  0.000  0.000  0.000  0.000  0.395  0.099  0.000  0.096  0.395  0.985
   1.08715    -24.225894  0.000  0.000  0.000  0.000  0.395  0.099  0.000  0.096  0.395  0.985
   1.06095    -24.225931  0.000  0.000  0.000  0.000  0.395  0.099  0.000  0.096  0.395  0.985
   1.03474    -24.225965  0.000  0.000  0.000  0.000  0.395  0.098  0.000  0.096  0.395  0.985
   1.00854    -24.225997  0.000  0.000  0.000  0.000  0.395  0.097  0.000  0.098  0.395  0.985
   0.98233    -24.226024  0.000  0.000  0.000  0.000  0.395  0.096  0.000  0.099  0.395  0.985
   0.95613    -24.226043  0.000  0.000  0.000  0.000  0.395  0.096  0.000  0.098  0.395  0.985
   0.92992    -24.226058  0.000  0.000  0.000  0.000  0.395  0.096  0.000  0.098  0.395  0.985
   0.90372    -24.226064  0.000  0.000  0.000  0.000  0.395  0.097  0.000  0.098  0.395  0.985
   0.87751    -24.226067  0.000  0.000  0.000  0.000  0.395  0.097  0.000  0.097  0.395  0.985
   0.87751    -24.226067  0.000  0.000  0.000  0.000  0.395  0.097  0.000  0.097  0.395  0.985
   0.84725    -24.226063  0.000  0.000  0.000  0.000  0.395  0.097  0.000  0.097  0.395  0.985
   0.81700    -24.226051  0.000  0.000  0.000  0.000  0.395  0.098  0.000  0.097  0.395  0.985
   0.78674    -24.226028  0.000  0.000  0.000  0.000  0.395  0.098  0.000  0.097  0.395  0.985
   0.75648    -24.226001  0.000  0.000  0.000  0.000  0.395  0.098  0.000  0.096  0.395  0.985
   0.72622    -24.225961  0.000  0.000  0.000  0.000  0.395  0.098  0.000  0.096  0.395  0.985
   0.69596    -24.225908  0.000  0.000  0.000  0.000  0.395  0.098  0.000  0.096  0.395  0.985
   0.66570    -24.225846  0.000  0.000  0.000  0.000  0.395  0.098  0.000  0.096  0.395  0.985
   0.63544    -24.225776  0.000  0.000  0.000  0.000  0.395  0.098  0.000  0.096  0.395  0.985
   0.60518    -24.225693  0.000  0.000  0.000  0.000  0.395  0.098  0.000  0.096  0.395  0.985
   0.57492    -24.225601  0.000  0.000  0.000  0.000  0.395  0.098  0.000  0.096  0.395  0.985
   0.54466    -24.225507  0.000  0.000  0.000  0.000  0.395  0.098  0.000  0.096  0.395  0.985
   0.51440    -24.225407  0.000  0.000  0.000  0.000  0.395  0.098  0.000  0.096  0.395  0.985
   0.48415    -24.225297  0.000  0.000  0.000  0.000  0.395  0.098  0.000  0.097  0.395  0.985
   0.45389    -24.225190  0.000  0.000  0.000  0.000  0.395  0.098  0.000  0.097  0.395  0.985
   0.42363    -24.225075  0.000  0.000  0.000  0.000  0.395  0.098  0.000  0.097  0.395  0.985
   0.39337    -24.224962  0.000  0.000  0.000  0.000  0.395  0.098  0.000  0.097  0.395  0.985
   0.36311    -24.224851  0.000  0.000  0.000  0.000  0.395  0.098  0.000  0.097  0.395  0.985
   0.33285    -24.224738  0.000  0.000  0.000  0.000  0.395  0.098  0.000  0.097  0.395  0.985
   0.30259    -24.224631  0.000  0.000  0.000  0.000  0.395  0.097  0.000  0.097  0.395  0.985
   0.27233    -24.224524  0.000  0.000  0.000  0.000  0.395  0.097  0.000  0.097  0.395  0.985
   0.24207    -24.224428  0.000  0.000  0.000  0.000  0.395  0.097  0.000  0.098  0.395  0.985
   0.21181    -24.224341  0.000  0.000  0.000  0.000  0.395  0.097  0.000  0.098  0.395  0.985
   0.18155    -24.224261  0.000  0.000  0.000  0.000  0.395  0.097  0.000  0.098  0.395  0.985
   0.15130    -24.224191  0.000  0.000  0.000  0.000  0.395  0.097  0.000  0.098  0.395  0.985
   0.12104    -24.224132  0.000  0.000  0.000  0.000  0.395  0.097  0.000  0.098  0.395  0.985
   0.09078    -24.224086  0.000  0.000  0.000  0.000  0.395  0.097  0.000  0.098  0.395  0.985
   0.06052    -24.224054  0.000  0.000  0.000  0.000  0.395  0.097  0.000  0.098  0.395  0.985
   0.03026    -24.224037  0.000  0.000  0.000  0.000  0.395  0.097  0.000  0.098  0.395  0.985
   0.00000    -24.224026  0.000  0.000  0.000  0.000  0.395  0.097  0.000  0.097  0.395  0.985
 
# Band-Index:    3
   0.00000    -24.203211  0.000  0.000  0.000  0.000  0.000  0.297  0.392  0.297  0.000  0.985
   0.03026    -24.203212  0.000  0.000  0.000  0.000  0.000  0.297  0.392  0.296  0.000  0.985
   0.06052    -24.203207  0.000  0.000  0.000  0.000  0.000  0.297  0.392  0.296  0.000  0.985
   0.09078    -24.203201  0.000  0.000  0.000  0.000  0.000  0.298  0.392  0.296  0.000  0.985
   0.12104    -24.203193  0.000  0.000  0.000  0.000  0.000  0.298  0.392  0.295  0.000  0.985
   0.15130    -24.203187  0.000  0.000  0.000  0.000  0.000  0.298  0.391  0.295  0.000  0.985
   0.18155    -24.203182  0.000  0.000  0.000  0.000  0.000  0.298  0.391  0.295  0.000  0.985
   0.21181    -24.203176  0.000  0.000  0.000  0.000  0.000  0.298  0.392  0.295  0.000  0.985
   0.24207    -24.203173  0.000  0.000  0.000  0.000  0.000  0.298  0.392  0.295  0.000  0.985
   0.27233    -24.203173  0.000  0.000  0.000  0.000  0.000  0.298  0.392  0.295  0.000  0.985
   0.30259    -24.203177  0.000  0.000  0.000  0.000  0.000  0.298  0.392  0.295  0.000  0.985
   0.33285    -24.203179  0.000  0.000  0.000  0.000  0.000  0.298  0.392  0.295  0.000  0.985
   0.36311    -24.203184  0.000  0.000  0.000  0.000  0.000  0.297  0.392  0.296  0.000  0.985
   0.39337    -24.203188  0.000  0.000  0.000  0.000  0.000  0.297  0.392  0.296  0.000  0.985
   0.42363    -24.203189  0.000  0.000  0.000  0.000  0.000  0.297  0.392  0.296  0.000  0.985
   0.45389    -24.203192  0.000  0.000  0.000  0.000  0.000  0.297  0.392  0.296  0.000  0.985
   0.48415    -24.203192  0.000  0.000  0.000  0.000  0.000  0.296  0.392  0.296  0.000  0.985
   0.51440    -24.203195  0.000  0.000  0.000  0.000  0.000  0.296  0.392  0.297  0.000  0.985
   0.54466    -24.203189  0.000  0.000  0.000  0.000  0.000  0.296  0.392  0.297  0.000  0.985
   0.57492    -24.203181  0.000  0.000  0.000  0.000  0.000  0.296  0.392  0.297  0.000  0.985
   0.60518    -24.203172  0.000  0.000  0.000  0.000  0.000  0.296  0.392  0.297  0.000  0.985
   0.63544    -24.203162  0.000  0.000  0.000  0.000  0.000  0.296  0.392  0.297  0.000  0.985
   0.66570    -24.203146  0.000  0.000  0.000  0.000  0.000  0.296  0.392  0.297  0.000  0.985
   0.69596    -24.203127  0.000  0.000  0.000  0.000  0.000  0.296  0.392  0.297  0.000  0.985
   0.72622    -24.203105  0.000  0.000  0.000  0.000  0.000  0.296  0.392  0.297  0.000  0.985
   0.75648    -24.203081  0.000  0.000  0.000  0.000  0.000  0.296  0.392  0.297  0.000  0.985
   0.78674    -24.203050  0.000  0.000  0.000  0.000  0.000  0.296  0.392  0.297  0.000  0.985
   0.81700    -24.203022  0.000  0.000  0.000  0.000  0.000  0.296  0.392  0.297  0.000  0.985
   0.84725    -24.202991  0.000  0.000  0.000  0.000  0.000  0.296  0.392  0.296  0.000  0.985
   0.87751    -24.202959  0.000  0.000  0.000  0.000  0.000  0.296  0.392  0.296  0.000  0.985
   0.87751    -24.202959  0.000  0.000  0.000  0.000  0.000  0.296  0.392  0.296  0.000  0.985
   0.90372    -24.202986  0.000  0.000  0.000  0.000  0.000  0.296  0.392  0.297  0.000  0.985
   0.92992    -24.203014  0.000  0.000  0.000  0.000  0.000  0.296  0.392  0.297  0.000  0.985
   0.95613    -24.203041  0.000  0.000  0.000  0.000  0.000  0.295  0.392  0.297  0.000  0.985
   0.98233    -24.203065  0.000  0.000  0.000  0.000  0.000  0.295  0.392  0.297  0.000  0.985
   1.00854    -24.203087  0.000  0.000  0.000  0.000  0.000  0.295  0.392  0.298  0.000  0.985
   1.03474    -24.203106  0.000  0.000  0.000  0.000  0.000  0.295  0.392  0.298  0.000  0.985
   1.06095    -24.203124  0.000  0.000  0.000  0.000  0.000  0.295  0.392  0.298  0.000  0.985
   1.08715    -24.203143  0.000  0.000  0.000  0.000  0.000  0.295  0.392  0.298  0.000  0.985
   1.11336    -24.203156  0.000  0.000  0.000  0.000  0.000  0.295  0.392  0.298  0.000  0.985
   1.13956    -24.203168  0.000  0.000  0.000  0.000  0.000  0.295  0.392  0.298  0.000  0.985
   1.16577    -24.203177  0.000  0.000  0.000  0.000  0.000  0.295  0.392  0.297  0.000  0.985
   1.19197    -24.203183  0.000  0.000  0.000  0.000  0.000  0.295  0.392  0.297  0.000  0.985
   1.21818    -24.203186  0.000  0.000  0.000  0.000  0.000  0.296  0.392  0.297  0.000  0.985
   1.24439    -24.203185  0.000  0.000  0.000  0.000  0.000  0.296  0.392  0.297  0.000  0.985
   1.27059    -24.203182  0.000  0.000  0.000  0.000  0.000  0.296  0.392  0.296  0.000  0.985
   1.29680    -24.203179  0.000  0.000  0.000  0.000  0.000  0.297  0.392  0.296  0.000  0.985
   1.32300    -24.203168  0.000  0.000  0.000  0.000  0.000  0.297  0.392  0.296  0.000  0.985
   1.34921    -24.203159  0.000  0.000  0.000  0.000  0.000  0.297  0.392  0.295  0.000  0.985
   1.37541    -24.203144  0.000  0.000  0.000  0.000  0.000  0.298  0.392  0.295  0.000  0.985
   1.40162    -24.203129  0.000  0.000  0.000  0.000  0.000  0.298  0.392  0.294  0.000  0.985
   1.42782    -24.203114  0.000  0.000  0.000  0.000  0.000  0.299  0.392  0.294  0.000  0.985
   1.45403    -24.203088  0.000  0.000  0.000  0.000  0.000  0.299  0.392  0.293  0.000  0.985
   1.48023    -24.203065  0.000  0.000  0.000  0.000  0.000  0.300  0.392  0.293  0.000  0.985
   1.50644    -24.203043  0.000  0.000  0.000  0.000  0.000  0.300  0.392  0.293  0.000  0.985
   1.53264    -24.203015  0.000  0.000  0.000  0.000  0.000  0.301  0.391  0.292  0.000  0.985
   1.55885    -24.202989  0.000  0.000  0.000  0.000  0.000  0.301  0.391  0.292  0.000  0.985
   1.58505    -24.202961  0.000  0.000  0.000  0.000  0.000  0.302  0.391  0.291  0.000  0.985
   1.61126    -24.202931  0.000  0.000  0.000  0.000  0.000  0.302  0.391  0.291  0.000  0.985
   1.63746    -24.202903  0.000  0.000  0.000  0.000  0.000  0.303  0.391  0.290  0.000  0.985
   1.63746    -24.202903  0.000  0.000  0.000  0.000  0.000  0.303  0.391  0.290  0.000  0.985
   1.65259    -24.202921  0.000  0.000  0.000  0.000  0.000  0.303  0.391  0.290  0.000  0.985
   1.66772    -24.202938  0.000  0.000  0.000  0.000  0.000  0.303  0.391  0.290  0.000  0.985
   1.68285    -24.202954  0.000  0.000  0.000  0.000  0.000  0.303  0.391  0.290  0.000  0.985
   1.69798    -24.202971  0.000  0.000  0.000  0.000  0.000  0.303  0.391  0.290  0.000  0.985
   1.71311    -24.202989  0.000  0.000  0.000  0.000  0.000  0.303  0.391  0.290  0.000  0.985
   1.72824    -24.203007  0.000  0.000  0.000  0.000  0.000  0.303  0.391  0.290  0.000  0.985
   1.74337    -24.203023  0.000  0.000  0.000  0.000  0.000  0.303  0.391  0.290  0.000  0.985
   1.75850    -24.203039  0.000  0.000  0.000  0.000  0.000  0.302  0.391  0.291  0.000  0.985
   1.77363    -24.203054  0.000  0.000  0.000  0.000  0.000  0.302  0.391  0.291  0.000  0.985
   1.78876    -24.203068  0.000  0.000  0.000  0.000  0.000  0.302  0.391  0.291  0.000  0.985
   1.80389    -24.203083  0.000  0.000  0.000  0.000  0.000  0.302  0.391  0.291  0.000  0.985
   1.81902    -24.203096  0.000  0.000  0.000  0.000  0.000  0.302  0.391  0.291  0.000  0.985
   1.83415    -24.203110  0.000  0.000  0.000  0.000  0.000  0.302  0.391  0.291  0.000  0.985
   1.84928    -24.203123  0.000  0.000  0.000  0.000  0.000  0.301  0.391  0.292  0.000  0.985
   1.86441    -24.203134  0.000  0.000  0.000  0.000  0.000  0.301  0.391  0.292  0.000  0.985
   1.87953    -24.203144  0.000  0.000  0.000  0.000  0.000  0.301  0.391  0.292  0.000  0.985
   1.89466    -24.203154  0.000  0.000  0.000  0.000  0.000  0.301  0.391  0.292  0.000  0.985
   1.90979    -24.203161  0.000  0.000  0.000  0.000  0.000  0.300  0.391  0.293  0.000  0.985
   1.92492    -24.203169  0.000  0.000  0.000  0.000  0.000  0.300  0.391  0.293  0.000  0.985
   1.94005    -24.203177  0.000  0.000  0.000  0.000  0.000  0.300  0.391  0.293  0.000  0.985
   1.95518    -24.203183  0.000  0.000  0.000  0.000  0.000  0.299  0.391  0.294  0.000  0.985
   1.97031    -24.203189  0.000  0.000  0.000  0.000  0.000  0.299  0.392  0.294  0.000  0.985
   1.98544    -24.203194  0.000  0.000  0.000  0.000  0.000  0.299  0.392  0.294  0.000  0.985
   2.00057    -24.203200  0.000  0.000  0.000  0.000  0.000  0.298  0.392  0.295  0.000  0.985
   2.01570    -24.203204  0.000  0.000  0.000  0.000  0.000  0.298  0.392  0.295  0.000  0.985
   2.03083    -24.203207  0.000  0.000  0.000  0.000  0.000  0.298  0.392  0.296  0.000  0.985
   2.04596    -24.203211  0.000  0.000  0.000  0.000  0.000  0.297  0.392  0.296  0.000  0.985
   2.06109    -24.203210  0.000  0.000  0.000  0.000  0.000  0.297  0.392  0.296  0.000  0.985
   2.07622    -24.203211  0.000  0.000  0.000  0.000  0.000  0.297  0.392  0.297  0.000  0.985
   2.07622    -24.203211  0.000  0.000  0.000  0.000  0.000  0.297  0.392  0.297  0.000  0.985
   2.10648    -24.203212  0.000  0.000  0.000  0.000  0.000  0.297  0.392  0.296  0.000  0.985
   2.13674    -24.203207  0.000  0.000  0.000  0.000  0.000  0.297  0.392  0.296  0.000  0.985
   2.16700    -24.203201  0.000  0.000  0.000  0.000  0.000  0.298  0.392  0.296  0.000  0.985
   2.19725    -24.203193  0.000  0.000  0.000  0.000  0.000  0.298  0.392  0.295  0.000  0.985
   2.22751    -24.203187  0.000  0.000  0.000  0.000  0.000  0.298  0.391  0.295  0.000  0.985
   2.25777    -24.203182  0.000  0.000  0.000  0.000  0.000  0.298  0.391  0.295  0.000  0.985
   2.28803    -24.203176  0.000  0.000  0.000  0.000  0.000  0.298  0.392  0.295  0.000  0.985
   2.31829    -24.203173  0.000  0.000  0.000  0.000  0.000  0.298  0.392  0.295  0.000  0.985
   2.34855    -24.203173  0.000  0.000  0.000  0.000  0.000  0.298  0.392  0.295  0.000  0.985
   2.37881    -24.203177  0.000  0.000  0.000  0.000  0.000  0.298  0.392  0.295  0.000  0.985
   2.40907    -24.203179  0.000  0.000  0.000  0.000  0.000  0.298  0.392  0.295  0.000  0.985
   2.43933    -24.203184  0.000  0.000  0.000  0.000  0.000  0.297  0.392  0.296  0.000  0.985
   2.46959    -24.203188  0.000  0.000  0.000  0.000  0.000  0.297  0.392  0.296  0.000  0.985
   2.49985    -24.203189  0.000  0.000  0.000  0.000  0.000  0.297  0.392  0.296  0.000  0.985
   2.53010    -24.203192  0.000  0.000  0.000  0.000  0.000  0.297  0.392  0.296  0.000  0.985
   2.56036    -24.203192  0.000  0.000  0.000  0.000  0.000  0.296  0.392  0.296  0.000  0.985
   2.59062    -24.203195  0.000  0.000  0.000  0.000  0.000  0.296  0.392  0.297  0.000  0.985
   2.62088    -24.203189  0.000  0.000  0.000  0.000  0.000  0.296  0.392  0.297  0.000  0.985
   2.65114    -24.203181  0.000  0.000  0.000  0.000  0.000  0.296  0.392  0.297  0.000  0.985
   2.68140    -24.203172  0.000  0.000  0.000  0.000  0.000  0.296  0.392  0.297  0.000  0.985
   2.71166    -24.203162  0.000  0.000  0.000  0.000  0.000  0.296  0.392  0.297  0.000  0.985
   2.74192    -24.203146  0.000  0.000  0.000  0.000  0.000  0.296  0.392  0.297  0.000  0.985
   2.77218    -24.203127  0.000  0.000  0.000  0.000  0.000  0.296  0.392  0.297  0.000  0.985
   2.80244    -24.203105  0.000  0.000  0.000  0.000  0.000  0.296  0.392  0.297  0.000  0.985
   2.83270    -24.203081  0.000  0.000  0.000  0.000  0.000  0.296  0.392  0.297  0.000  0.985
   2.86295    -24.203050  0.000  0.000  0.000  0.000  0.000  0.296  0.392  0.297  0.000  0.985
   2.89321    -24.203022  0.000  0.000  0.000  0.000  0.000  0.296  0.392  0.297  0.000  0.985
   2.92347    -24.202991  0.000  0.000  0.000  0.000  0.000  0.296  0.392  0.296  0.000  0.985
   2.95373    -24.202959  0.000  0.000  0.000  0.000  0.000  0.296  0.392  0.296  0.000  0.985
 
# Band-Index:    4
   2.95373    -24.202958  0.000  0.000  0.000  0.000  0.000  0.296  0.392  0.296  0.000  0.985
   2.92347    -24.202929  0.000  0.000  0.000  0.000  0.000  0.297  0.392  0.296  0.000  0.985
   2.89321    -24.202897  0.000  0.000  0.000  0.000  0.000  0.297  0.392  0.296  0.000  0.985
   2.86295    -24.202866  0.000  0.000  0.000  0.000  0.000  0.297  0.392  0.296  0.000  0.985
   2.83270    -24.202839  0.000  0.000  0.000  0.000  0.000  0.297  0.392  0.295  0.000  0.985
   2.80244    -24.202810  0.000  0.000  0.000  0.000  0.000  0.298  0.392  0.295  0.000  0.985
   2.77218    -24.202783  0.000  0.000  0.000  0.000  0.000  0.298  0.392  0.295  0.000  0.985
   2.74192    -24.202758  0.000  0.000  0.000  0.000  0.000  0.298  0.392  0.295  0.000  0.985
   2.71166    -24.202735  0.000  0.000  0.000  0.000  0.000  0.298  0.392  0.294  0.000  0.985
   2.68140    -24.202713  0.000  0.000  0.000  0.000  0.000  0.299  0.392  0.294  0.000  0.985
   2.65114    -24.202696  0.000  0.000  0.000  0.000  0.000  0.299  0.392  0.294  0.000  0.985
   2.62088    -24.202683  0.000  0.000  0.000  0.000  0.000  0.299  0.392  0.294  0.000  0.985
   2.59062    -24.202674  0.000  0.000  0.000  0.000  0.000  0.299  0.392  0.294  0.000  0.985
   2.56036    -24.202662  0.000  0.000  0.000  0.000  0.000  0.299  0.392  0.294  0.000  0.985
   2.53010    -24.202658  0.000  0.000  0.000  0.000  0.000  0.299  0.392  0.294  0.000  0.985
   2.49985    -24.202655  0.000  0.000  0.000  0.000  0.000  0.299  0.392  0.294  0.000  0.985
   2.46959    -24.202656  0.000  0.000  0.000  0.000  0.000  0.299  0.392  0.294  0.000  0.985
   2.43933    -24.202656  0.000  0.000  0.000  0.000  0.000  0.299  0.392  0.294  0.000  0.985
   2.40907    -24.202657  0.000  0.000  0.000  0.000  0.000  0.299  0.392  0.294  0.000  0.985
   2.37881    -24.202659  0.000  0.000  0.000  0.000  0.000  0.299  0.392  0.294  0.000  0.985
   2.34855    -24.202656  0.000  0.000  0.000  0.000  0.000  0.298  0.392  0.295  0.000  0.985
   2.31829    -24.202656  0.000  0.000  0.000  0.000  0.000  0.298  0.392  0.295  0.000  0.985
   2.28803    -24.202656  0.000  0.000  0.000  0.000  0.000  0.298  0.392  0.295  0.000  0.985
   2.25777    -24.202656  0.000  0.000  0.000  0.000  0.000  0.298  0.392  0.295  0.000  0.985
   2.22751    -24.202652  0.000  0.000  0.000  0.000  0.000  0.298  0.392  0.296  0.000  0.985
   2.19725    -24.202649  0.000  0.000  0.000  0.000  0.000  0.297  0.392  0.296  0.000  0.985
   2.16700    -24.202647  0.000  0.000  0.000  0.000  0.000  0.297  0.392  0.296  0.000  0.985
   2.13674    -24.202646  0.000  0.000  0.000  0.000  0.000  0.297  0.392  0.296  0.000  0.985
   2.10648    -24.202644  0.000  0.000  0.000  0.000  0.000  0.297  0.392  0.296  0.000  0.985
   2.07622    -24.202641  0.000  0.000  0.000  0.000  0.000  0.297  0.392  0.297  0.000  0.985
   2.07622    -24.202641  0.000  0.000  0.000  0.000  0.000  0.297  0.392  0.297  0.000  0.985
   2.06109    -24.202641  0.000  0.000  0.000  0.000  0.000  0.297  0.392  0.296  0.000  0.985
   2.04596    -24.202644  0.000  0.000  0.000  0.000  0.000  0.297  0.392  0.296  0.000  0.985
   2.03083    -24.202643  0.000  0.000  0.000  0.000  0.000  0.297  0.392  0.296  0.000  0.985
   2.01570    -24.202645  0.000  0.000  0.000  0.000  0.000  0.298  0.392  0.296  0.000  0.985
   2.00057    -24.202647  0.000  0.000  0.000  0.000  0.000  0.298  0.392  0.295  0.000  0.985
   1.98544    -24.202648  0.000  0.000  0.000  0.000  0.000  0.298  0.392  0.295  0.000  0.985
   1.97031    -24.202652  0.000  0.000  0.000  0.000  0.000  0.298  0.392  0.295  0.000  0.985
   1.95518    -24.202656  0.000  0.000  0.000  0.000  0.000  0.298  0.392  0.295  0.000  0.985
   1.94005    -24.202664  0.000  0.000  0.000  0.000  0.000  0.299  0.392  0.294  0.000  0.985
   1.92492    -24.202668  0.000  0.000  0.000  0.000  0.000  0.299  0.392  0.294  0.000  0.985
   1.90979    -24.202676  0.000  0.000  0.000  0.000  0.000  0.299  0.392  0.294  0.000  0.985
   1.89466    -24.202686  0.000  0.000  0.000  0.000  0.000  0.300  0.392  0.294  0.000  0.985
   1.87953    -24.202695  0.000  0.000  0.000  0.000  0.000  0.300  0.392  0.293  0.000  0.985
   1.86441    -24.202704  0.000  0.000  0.000  0.000  0.000  0.300  0.392  0.293  0.000  0.985
   1.84928    -24.202715  0.000  0.000  0.000  0.000  0.000  0.300  0.392  0.293  0.000  0.985
   1.83415    -24.202726  0.000  0.000  0.000  0.000  0.000  0.301  0.392  0.293  0.000  0.985
   1.81902    -24.202735  0.000  0.000  0.000  0.000  0.000  0.301  0.392  0.292  0.000  0.985
   1.80389    -24.202747  0.000  0.000  0.000  0.000  0.000  0.301  0.392  0.292  0.000  0.985
   1.78876    -24.202759  0.000  0.000  0.000  0.000  0.000  0.301  0.392  0.292  0.000  0.985
   1.77363    -24.202774  0.000  0.000  0.000  0.000  0.000  0.301  0.392  0.292  0.000  0.985
   1.75850    -24.202787  0.000  0.000  0.000  0.000  0.000  0.302  0.392  0.291  0.000  0.985
   1.74337    -24.202801  0.000  0.000  0.000  0.000  0.000  0.302  0.392  0.291  0.000  0.985
   1.72824    -24.202814  0.000  0.000  0.000  0.000  0.000  0.302  0.392  0.291  0.000  0.985
   1.71311    -24.202828  0.000  0.000  0.000  0.000  0.000  0.302  0.392  0.291  0.000  0.985
   1.69798    -24.202841  0.000  0.000  0.000  0.000  0.000  0.302  0.391  0.291  0.000  0.985
   1.68285    -24.202857  0.000  0.000  0.000  0.000  0.000  0.302  0.391  0.291  0.000  0.985
   1.66772    -24.202873  0.000  0.000  0.000  0.000  0.000  0.302  0.391  0.291  0.000  0.985
   1.65259    -24.202888  0.000  0.000  0.000  0.000  0.000  0.303  0.391  0.290  0.000  0.985
   1.63746    -24.202903  0.000  0.000  0.000  0.000  0.000  0.303  0.391  0.290  0.000  0.985
   1.63746    -24.202903  0.000  0.000  0.000  0.000  0.000  0.303  0.391  0.290  0.000  0.985
   1.61126    -24.202877  0.000  0.000  0.000  0.000  0.000  0.303  0.391  0.290  0.000  0.985
   1.58505    -24.202852  0.000  0.000  0.000  0.000  0.000  0.303  0.391  0.290  0.000  0.985
   1.55885    -24.202827  0.000  0.000  0.000  0.000  0.000  0.303  0.391  0.289  0.000  0.985
   1.53264    -24.202803  0.000  0.000  0.000  0.000  0.000  0.304  0.391  0.289  0.000  0.985
   1.50644    -24.202782  0.000  0.000  0.000  0.000  0.000  0.304  0.391  0.289  0.000  0.985
   1.48023    -24.202759  0.000  0.000  0.000  0.000  0.000  0.304  0.392  0.289  0.000  0.985
   1.45403    -24.202740  0.000  0.000  0.000  0.000  0.000  0.304  0.392  0.289  0.000  0.985
   1.42782    -24.202729  0.000  0.000  0.000  0.000  0.000  0.304  0.392  0.289  0.000  0.985
   1.40162    -24.202711  0.000  0.000  0.000  0.000  0.000  0.304  0.392  0.289  0.000  0.985
   1.37541    -24.202698  0.000  0.000  0.000  0.000  0.000  0.304  0.392  0.289  0.000  0.985
   1.34921    -24.202690  0.000  0.000  0.000  0.000  0.000  0.304  0.392  0.289  0.000  0.985
   1.32300    -24.202682  0.000  0.000  0.000  0.000  0.000  0.303  0.392  0.289  0.000  0.985
   1.29680    -24.202681  0.000  0.000  0.000  0.000  0.000  0.303  0.392  0.290  0.000  0.985
   1.27059    -24.202678  0.000  0.000  0.000  0.000  0.000  0.303  0.392  0.290  0.000  0.985
   1.24439    -24.202681  0.000  0.000  0.000  0.000  0.000  0.303  0.392  0.290  0.000  0.985
   1.21818    -24.202688  0.000  0.000  0.000  0.000  0.000  0.302  0.392  0.291  0.000  0.985
   1.19197    -24.202696  0.000  0.000  0.000  0.000  0.000  0.302  0.392  0.291  0.000  0.985
   1.16577    -24.202708  0.000  0.000  0.000  0.000  0.000  0.301  0.392  0.291  0.000  0.985
   1.13956    -24.202722  0.000  0.000  0.000  0.000  0.000  0.301  0.392  0.292  0.000  0.985
   1.11336    -24.202739  0.000  0.000  0.000  0.000  0.000  0.300  0.392  0.292  0.000  0.985
   1.08715    -24.202758  0.000  0.000  0.000  0.000  0.000  0.300  0.392  0.293  0.000  0.985
   1.06095    -24.202777  0.000  0.000  0.000  0.000  0.000  0.299  0.392  0.293  0.000  0.985
   1.03474    -24.202801  0.000  0.000  0.000  0.000  0.000  0.299  0.392  0.294  0.000  0.985
   1.00854    -24.202827  0.000  0.000  0.000  0.000  0.000  0.298  0.392  0.294  0.000  0.985
   0.98233    -24.202853  0.000  0.000  0.000  0.000  0.000  0.298  0.392  0.295  0.000  0.985
   0.95613    -24.202880  0.000  0.000  0.000  0.000  0.000  0.298  0.392  0.295  0.000  0.985
   0.92992    -24.202906  0.000  0.000  0.000  0.000  0.000  0.297  0.392  0.296  0.000  0.985
   0.90372    -24.202932  0.000  0.000  0.000  0.000  0.000  0.297  0.392  0.296  0.000  0.985
   0.87751    -24.202958  0.000  0.000  0.000  0.000  0.000  0.296  0.392  0.296  0.000  0.985
   0.87751    -24.202958  0.000  0.000  0.000  0.000  0.000  0.296  0.392  0.296  0.000  0.985
   0.84725    -24.202929  0.000  0.000  0.000  0.000  0.000  0.297  0.392  0.296  0.000  0.985
   0.81700    -24.202897  0.000  0.000  0.000  0.000  0.000  0.297  0.392  0.296  0.000  0.985
   0.78674    -24.202866  0.000  0.000  0.000  0.000  0.000  0.297  0.392  0.296  0.000  0.985
   0.75648    -24.202839  0.000  0.000  0.000  0.000  0.000  0.297  0.392  0.295  0.000  0.985
   0.72622    -24.202810  0.000  0.000  0.000  0.000  0.000  0.298  0.392  0.295  0.000  0.985
   0.69596    -24.202783  0.000  0.000  0.000  0.000  0.000  0.298  0.392  0.295  0.000  0.985
   0.66570    -24.202758  0.000  0.000  0.000  0.000  0.000  0.298  0.392  0.295  0.000  0.985
   0.63544    -24.202735  0.000  0.000  0.000  0.000  0.000  0.298  0.392  0.294  0.000  0.985
   0.60518    -24.202713  0.000  0.000  0.000  0.000  0.000  0.299  0.392  0.294  0.000  0.985
   0.57492    -24.202696  0.000  0.000  0.000  0.000  0.000  0.299  0.392  0.294  0.000  0.985
   0.54466    -24.202683  0.000  0.000  0.000  0.000  0.000  0.299  0.392  0.294  0.000  0.985
   0.51440    -24.202674  0.000  0.000  0.000  0.000  0.000  0.299  0.392  0.294  0.000  0.985
   0.48415    -24.202662  0.000  0.000  0.000  0.000  0.000  0.299  0.392  0.294  0.000  0.985
   0.45389    -24.202658  0.000  0.000  0.000  0.000  0.000  0.299  0.392  0.294  0.000  0.985
   0.42363    -24.202655  0.000  0.000  0.000  0.000  0.000  0.299  0.392  0.294  0.000  0.985
   0.39337    -24.202656  0.000  0.000  0.000  0.000  0.000  0.299  0.392  0.294  0.000  0.985
   0.36311    -24.202656  0.000  0.000  0.000  0.000  0.000  0.299  0.392  0.294  0.000  0.985
   0.33285    -24.202657  0.000  0.000  0.000  0.000  0.000  0.299  0.392  0.294  0.000  0.985
   0.30259    -24.202659  0.000  0.000  0.000  0.000  0.000  0.299  0.392  0.294  0.000  0.985
   0.27233    -24.202656  0.000  0.000  0.000  0.000  0.000  0.298  0.392  0.295  0.000  0.985
   0.24207    -24.202656  0.000  0.000  0.000  0.000  0.000  0.298  0.392  0.295  0.000  0.985
   0.21181    -24.202656  0.000  0.000  0.000  0.000  0.000  0.298  0.392  0.295  0.000  0.985
   0.18155    -24.202656  0.000  0.000  0.000  0.000  0.000  0.298  0.392  0.295  0.000  0.985
   0.15130    -24.202652  0.000  0.000  0.000  0.000  0.000  0.298  0.392  0.296  0.000  0.985
   0.12104    -24.202649  0.000  0.000  0.000  0.000  0.000  0.297  0.392  0.296  0.000  0.985
   0.09078    -24.202647  0.000  0.000  0.000  0.000  0.000  0.297  0.392  0.296  0.000  0.985
   0.06052    -24.202646  0.000  0.000  0.000  0.000  0.000  0.297  0.392  0.296  0.000  0.985
   0.03026    -24.202644  0.000  0.000  0.000  0.000  0.000  0.297  0.392  0.296  0.000  0.985
   0.00000    -24.202641  0.000  0.000  0.000  0.000  0.000  0.297  0.392  0.297  0.000  0.985
 
# Band-Index:    5
   0.00000    -21.267814  0.000  0.000  0.000  0.000  0.479  0.006  0.018  0.006  0.479  0.988
   0.03026    -21.267823  0.000  0.000  0.000  0.000  0.477  0.006  0.018  0.006  0.481  0.988
   0.06052    -21.267806  0.000  0.000  0.000  0.000  0.475  0.006  0.018  0.006  0.483  0.988
   0.09078    -21.267785  0.000  0.000  0.000  0.000  0.473  0.006  0.018  0.006  0.485  0.988
   0.12104    -21.267767  0.000  0.000  0.000  0.000  0.471  0.007  0.018  0.006  0.486  0.988
   0.15130    -21.267745  0.000  0.000  0.000  0.000  0.470  0.007  0.018  0.006  0.488  0.988
   0.18155    -21.267720  0.000  0.000  0.000  0.000  0.468  0.007  0.018  0.006  0.489  0.989
   0.21181    -21.267695  0.000  0.000  0.000  0.000  0.467  0.008  0.018  0.006  0.490  0.989
   0.24207    -21.267670  0.000  0.000  0.000  0.000  0.466  0.008  0.018  0.006  0.491  0.989
   0.27233    -21.267648  0.000  0.000  0.000  0.000  0.466  0.008  0.017  0.006  0.492  0.989
   0.30259    -21.267641  0.000  0.000  0.000  0.000  0.466  0.008  0.017  0.006  0.492  0.989
   0.33285    -21.267629  0.000  0.000  0.000  0.000  0.466  0.008  0.017  0.006  0.492  0.989
   0.36311    -21.267630  0.000  0.000  0.000  0.000  0.466  0.008  0.016  0.006  0.493  0.989
   0.39337    -21.267628  0.000  0.000  0.000  0.000  0.466  0.008  0.016  0.006  0.493  0.989
   0.42363    -21.267641  0.000  0.000  0.000  0.000  0.467  0.007  0.016  0.006  0.493  0.989
   0.45389    -21.267669  0.000  0.000  0.000  0.000  0.468  0.007  0.015  0.005  0.493  0.989
   0.48415    -21.267692  0.000  0.000  0.000  0.000  0.469  0.007  0.015  0.005  0.493  0.989
   0.51440    -21.267744  0.000  0.000  0.000  0.000  0.470  0.006  0.015  0.005  0.492  0.989
   0.54466    -21.267795  0.000  0.000  0.000  0.000  0.472  0.006  0.014  0.005  0.492  0.989
   0.57492    -21.267856  0.000  0.000  0.000  0.000  0.473  0.005  0.014  0.005  0.492  0.989
   0.60518    -21.267937  0.000  0.000  0.000  0.000  0.474  0.005  0.014  0.005  0.491  0.989
   0.63544    -21.268018  0.000  0.000  0.000  0.000  0.476  0.005  0.013  0.004  0.491  0.989
   0.66570    -21.268093  0.000  0.000  0.000  0.000  0.477  0.005  0.013  0.004  0.490  0.989
   0.69596    -21.268167  0.000  0.000  0.000  0.000  0.478  0.004  0.013  0.004  0.489  0.989
   0.72622    -21.268239  0.000  0.000  0.000  0.000  0.480  0.004  0.012  0.004  0.489  0.989
   0.75648    -21.268292  0.000  0.000  0.000  0.000  0.481  0.004  0.012  0.004  0.488  0.989
   0.78674    -21.268323  0.000  0.000  0.000  0.000  0.483  0.004  0.011  0.004  0.487  0.989
   0.81700    -21.268355  0.000  0.000  0.000  0.000  0.484  0.004  0.011  0.003  0.487  0.989
   0.84725    -21.268360  0.000  0.000  0.000  0.000  0.485  0.003  0.011  0.003  0.486  0.989
   0.87751    -21.268347  0.000  0.000  0.000  0.000  0.486  0.003  0.010  0.003  0.486  0.989
   0.87751    -21.268347  0.000  0.000  0.000  0.000  0.486  0.003  0.010  0.003  0.486  0.989
   0.90372    -21.268359  0.000  0.000  0.000  0.000  0.485  0.003  0.011  0.003  0.487  0.989
   0.92992    -21.268362  0.000  0.000  0.000  0.000  0.483  0.004  0.011  0.003  0.488  0.989
   0.95613    -21.268343  0.000  0.000  0.000  0.000  0.481  0.004  0.011  0.003  0.489  0.989
   0.98233    -21.268316  0.000  0.000  0.000  0.000  0.479  0.004  0.012  0.004  0.490  0.989
   1.00854    -21.268266  0.000  0.000  0.000  0.000  0.477  0.004  0.012  0.004  0.492  0.989
   1.03474    -21.268204  0.000  0.000  0.000  0.000  0.475  0.005  0.012  0.004  0.493  0.989
   1.06095    -21.268139  0.000  0.000  0.000  0.000  0.472  0.005  0.013  0.004  0.495  0.989
   1.08715    -21.268065  0.000  0.000  0.000  0.000  0.469  0.005  0.013  0.004  0.497  0.989
   1.11336    -21.267974  0.000  0.000  0.000  0.000  0.467  0.006  0.013  0.004  0.499  0.989
   1.13956    -21.267878  0.000  0.000  0.000  0.000  0.464  0.006  0.014  0.004  0.501  0.989
   1.16577    -21.267776  0.000  0.000  0.000  0.000  0.461  0.007  0.014  0.004  0.503  0.989
   1.19197    -21.267670  0.000  0.000  0.000  0.000  0.457  0.007  0.014  0.005  0.505  0.989
   1.21818    -21.267567  0.000  0.000  0.000  0.000  0.454  0.008  0.015  0.005  0.507  0.989
   1.24439    -21.267458  0.000  0.000  0.000  0.000  0.451  0.008  0.015  0.006  0.509  0.989
   1.27059    -21.267345  0.000  0.000  0.000  0.000  0.448  0.009  0.015  0.006  0.511  0.989
   1.29680    -21.267239  0.000  0.000  0.000  0.000  0.445  0.010  0.016  0.006  0.512  0.989
   1.32300    -21.267130  0.000  0.000  0.000  0.000  0.442  0.010  0.016  0.007  0.514  0.989
   1.34921    -21.267026  0.000  0.000  0.000  0.000  0.439  0.011  0.016  0.007  0.516  0.989
   1.37541    -21.266922  0.000  0.000  0.000  0.000  0.436  0.011  0.016  0.008  0.517  0.989
   1.40162    -21.266829  0.000  0.000  0.000  0.000  0.434  0.012  0.016  0.008  0.518  0.989
   1.42782    -21.266746  0.000  0.000  0.000  0.000  0.432  0.012  0.016  0.009  0.520  0.989
   1.45403    -21.266641  0.000  0.000  0.000  0.000  0.430  0.012  0.016  0.009  0.520  0.989
   1.48023    -21.266562  0.000  0.000  0.000  0.000  0.429  0.013  0.016  0.009  0.521  0.989
   1.50644    -21.266488  0.000  0.000  0.000  0.000  0.428  0.013  0.016  0.010  0.522  0.989
   1.53264    -21.266410  0.000  0.000  0.000  0.000  0.428  0.013  0.016  0.010  0.522  0.989
   1.55885    -21.266347  0.000  0.000  0.000  0.000  0.428  0.013  0.016  0.010  0.522  0.989
   1.58505    -21.266296  0.000  0.000  0.000  0.000  0.428  0.013  0.016  0.010  0.522  0.989
   1.61126    -21.266242  0.000  0.000  0.000  0.000  0.429  0.013  0.015  0.010  0.522  0.989
   1.63746    -21.266202  0.000  0.000  0.000  0.000  0.430  0.012  0.015  0.009  0.522  0.989
   1.63746    -21.266202  0.000  0.000  0.000  0.000  0.430  0.012  0.015  0.009  0.522  0.989
   1.65259    -21.266329  0.000  0.000  0.000  0.000  0.430  0.012  0.015  0.009  0.521  0.989
   1.66772    -21.266447  0.000  0.000  0.000  0.000  0.431  0.012  0.016  0.009  0.521  0.989
   1.68285    -21.266563  0.000  0.000  0.000  0.000  0.432  0.012  0.016  0.009  0.520  0.989
   1.69798    -21.266668  0.000  0.000  0.000  0.000  0.432  0.012  0.016  0.009  0.520  0.989
   1.71311    -21.266769  0.000  0.000  0.000  0.000  0.433  0.011  0.016  0.009  0.519  0.989
   1.72824    -21.266864  0.000  0.000  0.000  0.000  0.434  0.011  0.016  0.009  0.518  0.989
   1.74337    -21.266963  0.000  0.000  0.000  0.000  0.435  0.011  0.017  0.009  0.517  0.989
   1.75850    -21.267048  0.000  0.000  0.000  0.000  0.437  0.011  0.017  0.008  0.516  0.989
   1.77363    -21.267133  0.000  0.000  0.000  0.000  0.438  0.010  0.017  0.008  0.515  0.989
   1.78876    -21.267203  0.000  0.000  0.000  0.000  0.439  0.010  0.017  0.008  0.514  0.989
   1.80389    -21.267278  0.000  0.000  0.000  0.000  0.441  0.010  0.017  0.008  0.513  0.989
   1.81902    -21.267340  0.000  0.000  0.000  0.000  0.443  0.010  0.017  0.008  0.511  0.989
   1.83415    -21.267407  0.000  0.000  0.000  0.000  0.445  0.009  0.018  0.007  0.510  0.989
   1.84928    -21.267468  0.000  0.000  0.000  0.000  0.447  0.009  0.018  0.007  0.508  0.989
   1.86441    -21.267516  0.000  0.000  0.000  0.000  0.449  0.009  0.018  0.007  0.507  0.989
   1.87953    -21.267561  0.000  0.000  0.000  0.000  0.451  0.008  0.018  0.007  0.505  0.989
   1.89466    -21.267598  0.000  0.000  0.000  0.000  0.453  0.008  0.018  0.006  0.503  0.989
   1.90979    -21.267632  0.000  0.000  0.000  0.000  0.455  0.008  0.018  0.006  0.502  0.989
   1.92492    -21.267659  0.000  0.000  0.000  0.000  0.457  0.008  0.018  0.006  0.500  0.988
   1.94005    -21.267694  0.000  0.000  0.000  0.000  0.459  0.007  0.018  0.006  0.498  0.988
   1.95518    -21.267715  0.000  0.000  0.000  0.000  0.462  0.007  0.018  0.006  0.496  0.988
   1.97031    -21.267739  0.000  0.000  0.000  0.000  0.464  0.007  0.018  0.006  0.494  0.988
   1.98544    -21.267760  0.000  0.000  0.000  0.000  0.466  0.007  0.018  0.006  0.492  0.988
   2.00057    -21.267779  0.000  0.000  0.000  0.000  0.468  0.007  0.018  0.005  0.490  0.988
   2.01570    -21.267797  0.000  0.000  0.000  0.000  0.471  0.006  0.018  0.005  0.488  0.988
   2.03083    -21.267806  0.000  0.000  0.000  0.000  0.473  0.006  0.018  0.006  0.486  0.988
   2.04596    -21.267815  0.000  0.000  0.000  0.000  0.475  0.006  0.018  0.006  0.484  0.988
   2.06109    -21.267816  0.000  0.000  0.000  0.000  0.477  0.006  0.018  0.006  0.481  0.988
   2.07622    -21.267814  0.000  0.000  0.000  0.000  0.479  0.006  0.018  0.006  0.479  0.988
   2.07622    -21.267814  0.000  0.000  0.000  0.000  0.479  0.006  0.018  0.006  0.479  0.988
   2.10648    -21.267823  0.000  0.000  0.000  0.000  0.477  0.006  0.018  0.006  0.481  0.988
   2.13674    -21.267806  0.000  0.000  0.000  0.000  0.475  0.006  0.018  0.006  0.483  0.988
   2.16700    -21.267785  0.000  0.000  0.000  0.000  0.473  0.006  0.018  0.006  0.485  0.988
   2.19725    -21.267767  0.000  0.000  0.000  0.000  0.471  0.007  0.018  0.006  0.486  0.988
   2.22751    -21.267745  0.000  0.000  0.000  0.000  0.470  0.007  0.018  0.006  0.488  0.988
   2.25777    -21.267720  0.000  0.000  0.000  0.000  0.468  0.007  0.018  0.006  0.489  0.989
   2.28803    -21.267695  0.000  0.000  0.000  0.000  0.467  0.008  0.018  0.006  0.490  0.989
   2.31829    -21.267670  0.000  0.000  0.000  0.000  0.466  0.008  0.018  0.006  0.491  0.989
   2.34855    -21.267648  0.000  0.000  0.000  0.000  0.466  0.008  0.017  0.006  0.492  0.989
   2.37881    -21.267641  0.000  0.000  0.000  0.000  0.466  0.008  0.017  0.006  0.492  0.989
   2.40907    -21.267629  0.000  0.000  0.000  0.000  0.466  0.008  0.017  0.006  0.492  0.989
   2.43933    -21.267630  0.000  0.000  0.000  0.000  0.466  0.008  0.016  0.006  0.493  0.989
   2.46959    -21.267628  0.000  0.000  0.000  0.000  0.466  0.008  0.016  0.006  0.493  0.989
   2.49985    -21.267641  0.000  0.000  0.000  0.000  0.467  0.007  0.016  0.006  0.493  0.989
   2.53010    -21.267669  0.000  0.000  0.000  0.000  0.468  0.007  0.015  0.005  0.493  0.989
   2.56036    -21.267692  0.000  0.000  0.000  0.000  0.469  0.007  0.015  0.005  0.493  0.989
   2.59062    -21.267744  0.000  0.000  0.000  0.000  0.470  0.006  0.015  0.005  0.492  0.989
   2.62088    -21.267795  0.000  0.000  0.000  0.000  0.472  0.006  0.014  0.005  0.492  0.989
   2.65114    -21.267856  0.000  0.000  0.000  0.000  0.473  0.005  0.014  0.005  0.492  0.989
   2.68140    -21.267937  0.000  0.000  0.000  0.000  0.474  0.005  0.014  0.005  0.491  0.989
   2.71166    -21.268018  0.000  0.000  0.000  0.000  0.476  0.005  0.013  0.004  0.491  0.989
   2.74192    -21.268093  0.000  0.000  0.000  0.000  0.477  0.005  0.013  0.004  0.490  0.989
   2.77218    -21.268167  0.000  0.000  0.000  0.000  0.478  0.004  0.013  0.004  0.489  0.989
   2.80244    -21.268239  0.000  0.000  0.000  0.000  0.480  0.004  0.012  0.004  0.489  0.989
   2.83270    -21.268292  0.000  0.000  0.000  0.000  0.481  0.004  0.012  0.004  0.488  0.989
   2.86295    -21.268323  0.000  0.000  0.000  0.000  0.483  0.004  0.011  0.004  0.487  0.989
   2.89321    -21.268355  0.000  0.000  0.000  0.000  0.484  0.004  0.011  0.003  0.487  0.989
   2.92347    -21.268360  0.000  0.000  0.000  0.000  0.485  0.003  0.011  0.003  0.486  0.989
   2.95373    -21.268347  0.000  0.000  0.000  0.000  0.486  0.003  0.010  0.003  0.486  0.989
 
# Band-Index:    6
   2.95373    -21.268347  0.000  0.000  0.000  0.000  0.486  0.003  0.010  0.003  0.486  0.989
   2.92347    -21.268318  0.000  0.000  0.000  0.000  0.487  0.003  0.010  0.003  0.486  0.989
   2.89321    -21.268271  0.000  0.000  0.000  0.000  0.487  0.003  0.010  0.003  0.485  0.989
   2.86295    -21.268197  0.000  0.000  0.000  0.000  0.487  0.003  0.010  0.003  0.485  0.989
   2.83270    -21.268120  0.000  0.000  0.000  0.000  0.488  0.003  0.010  0.003  0.486  0.989
   2.80244    -21.268017  0.000  0.000  0.000  0.000  0.487  0.003  0.009  0.003  0.486  0.989
   2.77218    -21.267885  0.000  0.000  0.000  0.000  0.487  0.003  0.009  0.003  0.486  0.989
   2.74192    -21.267737  0.000  0.000  0.000  0.000  0.486  0.004  0.009  0.003  0.487  0.989
   2.71166    -21.267571  0.000  0.000  0.000  0.000  0.485  0.004  0.009  0.002  0.488  0.989
   2.68140    -21.267379  0.000  0.000  0.000  0.000  0.484  0.004  0.010  0.002  0.488  0.989
   2.65114    -21.267164  0.000  0.000  0.000  0.000  0.482  0.005  0.010  0.002  0.489  0.989
   2.62088    -21.266946  0.000  0.000  0.000  0.000  0.481  0.005  0.010  0.003  0.490  0.989
   2.59062    -21.266717  0.000  0.000  0.000  0.000  0.479  0.006  0.010  0.003  0.491  0.989
   2.56036    -21.266465  0.000  0.000  0.000  0.000  0.477  0.006  0.010  0.003  0.492  0.989
   2.53010    -21.266223  0.000  0.000  0.000  0.000  0.476  0.007  0.010  0.003  0.493  0.989
   2.49985    -21.265959  0.000  0.000  0.000  0.000  0.474  0.007  0.011  0.003  0.494  0.989
   2.46959    -21.265696  0.000  0.000  0.000  0.000  0.473  0.008  0.011  0.003  0.494  0.989
   2.43933    -21.265439  0.000  0.000  0.000  0.000  0.472  0.008  0.011  0.004  0.495  0.989
   2.40907    -21.265170  0.000  0.000  0.000  0.000  0.471  0.008  0.011  0.004  0.496  0.989
   2.37881    -21.264914  0.000  0.000  0.000  0.000  0.470  0.008  0.011  0.004  0.496  0.989
   2.34855    -21.264654  0.000  0.000  0.000  0.000  0.470  0.008  0.011  0.004  0.496  0.989
   2.31829    -21.264416  0.000  0.000  0.000  0.000  0.470  0.008  0.011  0.004  0.496  0.989
   2.28803    -21.264192  0.000  0.000  0.000  0.000  0.471  0.008  0.011  0.004  0.496  0.989
   2.25777    -21.263986  0.000  0.000  0.000  0.000  0.472  0.007  0.011  0.003  0.496  0.989
   2.22751    -21.263802  0.000  0.000  0.000  0.000  0.474  0.007  0.010  0.003  0.495  0.989
   2.19725    -21.263642  0.000  0.000  0.000  0.000  0.476  0.006  0.010  0.003  0.494  0.989
   2.16700    -21.263511  0.000  0.000  0.000  0.000  0.478  0.005  0.010  0.003  0.493  0.989
   2.13674    -21.263421  0.000  0.000  0.000  0.000  0.481  0.004  0.010  0.003  0.491  0.989
   2.10648    -21.263368  0.000  0.000  0.000  0.000  0.484  0.004  0.010  0.003  0.489  0.989
   2.07622    -21.263336  0.000  0.000  0.000  0.000  0.486  0.003  0.010  0.003  0.486  0.989
   2.07622    -21.263336  0.000  0.000  0.000  0.000  0.486  0.003  0.010  0.003  0.486  0.989
   2.06109    -21.263343  0.000  0.000  0.000  0.000  0.483  0.004  0.010  0.003  0.489  0.989
   2.04596    -21.263361  0.000  0.000  0.000  0.000  0.481  0.004  0.010  0.003  0.492  0.989
   2.03083    -21.263384  0.000  0.000  0.000  0.000  0.478  0.004  0.010  0.003  0.495  0.989
   2.01570    -21.263418  0.000  0.000  0.000  0.000  0.475  0.005  0.010  0.002  0.497  0.989
   2.00057    -21.263456  0.000  0.000  0.000  0.000  0.472  0.005  0.010  0.002  0.500  0.989
   1.98544    -21.263507  0.000  0.000  0.000  0.000  0.468  0.006  0.010  0.003  0.502  0.989
   1.97031    -21.263567  0.000  0.000  0.000  0.000  0.465  0.006  0.010  0.003  0.504  0.989
   1.95518    -21.263637  0.000  0.000  0.000  0.000  0.462  0.007  0.011  0.003  0.506  0.989
   1.94005    -21.263723  0.000  0.000  0.000  0.000  0.459  0.007  0.011  0.003  0.508  0.989
   1.92492    -21.263806  0.000  0.000  0.000  0.000  0.456  0.008  0.011  0.004  0.510  0.989
   1.90979    -21.263909  0.000  0.000  0.000  0.000  0.454  0.009  0.011  0.004  0.512  0.989
   1.89466    -21.264017  0.000  0.000  0.000  0.000  0.451  0.009  0.011  0.004  0.514  0.989
   1.87953    -21.264131  0.000  0.000  0.000  0.000  0.448  0.010  0.011  0.005  0.515  0.989
   1.86441    -21.264248  0.000  0.000  0.000  0.000  0.446  0.010  0.012  0.005  0.516  0.989
   1.84928    -21.264372  0.000  0.000  0.000  0.000  0.444  0.010  0.012  0.006  0.518  0.989
   1.83415    -21.264493  0.000  0.000  0.000  0.000  0.442  0.011  0.012  0.006  0.519  0.989
   1.81902    -21.264615  0.000  0.000  0.000  0.000  0.440  0.011  0.012  0.006  0.520  0.989
   1.80389    -21.264751  0.000  0.000  0.000  0.000  0.438  0.011  0.012  0.007  0.520  0.989
   1.78876    -21.264882  0.000  0.000  0.000  0.000  0.436  0.012  0.013  0.007  0.521  0.989
   1.77363    -21.265024  0.000  0.000  0.000  0.000  0.435  0.012  0.013  0.008  0.522  0.989
   1.75850    -21.265158  0.000  0.000  0.000  0.000  0.434  0.012  0.013  0.008  0.522  0.989
   1.74337    -21.265297  0.000  0.000  0.000  0.000  0.433  0.012  0.013  0.008  0.522  0.989
   1.72824    -21.265426  0.000  0.000  0.000  0.000  0.432  0.012  0.014  0.009  0.523  0.989
   1.71311    -21.265564  0.000  0.000  0.000  0.000  0.431  0.012  0.014  0.009  0.523  0.989
   1.69798    -21.265700  0.000  0.000  0.000  0.000  0.431  0.012  0.014  0.009  0.523  0.989
   1.68285    -21.265835  0.000  0.000  0.000  0.000  0.430  0.012  0.014  0.009  0.523  0.989
   1.66772    -21.265960  0.000  0.000  0.000  0.000  0.430  0.012  0.015  0.009  0.522  0.989
   1.65259    -21.266086  0.000  0.000  0.000  0.000  0.430  0.012  0.015  0.009  0.522  0.989
   1.63746    -21.266202  0.000  0.000  0.000  0.000  0.430  0.012  0.015  0.009  0.522  0.989
   1.63746    -21.266202  0.000  0.000  0.000  0.000  0.430  0.012  0.015  0.009  0.522  0.989
   1.61126    -21.266181  0.000  0.000  0.000  0.000  0.432  0.012  0.015  0.009  0.521  0.989
   1.58505    -21.266173  0.000  0.000  0.000  0.000  0.434  0.011  0.014  0.009  0.520  0.989
   1.55885    -21.266167  0.000  0.000  0.000  0.000  0.436  0.011  0.014  0.008  0.519  0.989
   1.53264    -21.266175  0.000  0.000  0.000  0.000  0.439  0.010  0.014  0.008  0.518  0.989
   1.50644    -21.266202  0.000  0.000  0.000  0.000  0.442  0.010  0.013  0.007  0.517  0.989
   1.48023    -21.266232  0.000  0.000  0.000  0.000  0.445  0.009  0.013  0.006  0.515  0.989
   1.45403    -21.266272  0.000  0.000  0.000  0.000  0.449  0.008  0.012  0.006  0.514  0.989
   1.42782    -21.266344  0.000  0.000  0.000  0.000  0.452  0.008  0.012  0.005  0.512  0.989
   1.40162    -21.266402  0.000  0.000  0.000  0.000  0.456  0.007  0.012  0.005  0.510  0.989
   1.37541    -21.266476  0.000  0.000  0.000  0.000  0.459  0.007  0.011  0.004  0.508  0.989
   1.34921    -21.266568  0.000  0.000  0.000  0.000  0.463  0.006  0.011  0.004  0.505  0.989
   1.32300    -21.266668  0.000  0.000  0.000  0.000  0.466  0.006  0.011  0.003  0.503  0.989
   1.29680    -21.266779  0.000  0.000  0.000  0.000  0.469  0.005  0.010  0.003  0.501  0.989
   1.27059    -21.266892  0.000  0.000  0.000  0.000  0.473  0.005  0.010  0.003  0.499  0.989
   1.24439    -21.267018  0.000  0.000  0.000  0.000  0.475  0.005  0.010  0.002  0.497  0.989
   1.21818    -21.267145  0.000  0.000  0.000  0.000  0.478  0.004  0.010  0.002  0.495  0.989
   1.19197    -21.267270  0.000  0.000  0.000  0.000  0.480  0.004  0.009  0.002  0.493  0.989
   1.16577    -21.267401  0.000  0.000  0.000  0.000  0.482  0.004  0.009  0.002  0.491  0.989
   1.13956    -21.267532  0.000  0.000  0.000  0.000  0.484  0.004  0.009  0.002  0.489  0.989
   1.11336    -21.267658  0.000  0.000  0.000  0.000  0.486  0.003  0.009  0.002  0.488  0.989
   1.08715    -21.267781  0.000  0.000  0.000  0.000  0.487  0.003  0.009  0.002  0.487  0.989
   1.06095    -21.267889  0.000  0.000  0.000  0.000  0.488  0.003  0.009  0.003  0.486  0.989
   1.03474    -21.267989  0.000  0.000  0.000  0.000  0.488  0.003  0.009  0.003  0.485  0.989
   1.00854    -21.268086  0.000  0.000  0.000  0.000  0.488  0.003  0.009  0.003  0.485  0.989
   0.98233    -21.268171  0.000  0.000  0.000  0.000  0.489  0.003  0.010  0.003  0.485  0.989
   0.95613    -21.268235  0.000  0.000  0.000  0.000  0.488  0.003  0.010  0.003  0.484  0.989
   0.92992    -21.268290  0.000  0.000  0.000  0.000  0.488  0.003  0.010  0.003  0.485  0.989
   0.90372    -21.268323  0.000  0.000  0.000  0.000  0.487  0.003  0.010  0.003  0.485  0.989
   0.87751    -21.268347  0.000  0.000  0.000  0.000  0.486  0.003  0.010  0.003  0.486  0.989
   0.87751    -21.268347  0.000  0.000  0.000  0.000  0.486  0.003  0.010  0.003  0.486  0.989
   0.84725    -21.268318  0.000  0.000  0.000  0.000  0.487  0.003  0.010  0.003  0.486  0.989
   0.81700    -21.268271  0.000  0.000  0.000  0.000  0.487  0.003  0.010  0.003  0.485  0.989
   0.78674    -21.268197  0.000  0.000  0.000  0.000  0.487  0.003  0.010  0.003  0.485  0.989
   0.75648    -21.268120  0.000  0.000  0.000  0.000  0.488  0.003  0.010  0.003  0.486  0.989
   0.72622    -21.268017  0.000  0.000  0.000  0.000  0.487  0.003  0.009  0.003  0.486  0.989
   0.69596    -21.267885  0.000  0.000  0.000  0.000  0.487  0.003  0.009  0.003  0.486  0.989
   0.66570    -21.267737  0.000  0.000  0.000  0.000  0.486  0.004  0.009  0.003  0.487  0.989
   0.63544    -21.267571  0.000  0.000  0.000  0.000  0.485  0.004  0.009  0.002  0.488  0.989
   0.60518    -21.267379  0.000  0.000  0.000  0.000  0.484  0.004  0.010  0.002  0.488  0.989
   0.57492    -21.267164  0.000  0.000  0.000  0.000  0.482  0.005  0.010  0.002  0.489  0.989
   0.54466    -21.266946  0.000  0.000  0.000  0.000  0.481  0.005  0.010  0.003  0.490  0.989
   0.51440    -21.266717  0.000  0.000  0.000  0.000  0.479  0.006  0.010  0.003  0.491  0.989
   0.48415    -21.266465  0.000  0.000  0.000  0.000  0.477  0.006  0.010  0.003  0.492  0.989
   0.45389    -21.266223  0.000  0.000  0.000  0.000  0.476  0.007  0.010  0.003  0.493  0.989
   0.42363    -21.265959  0.000  0.000  0.000  0.000  0.474  0.007  0.011  0.003  0.494  0.989
   0.39337    -21.265696  0.000  0.000  0.000  0.000  0.473  0.008  0.011  0.003  0.494  0.989
   0.36311    -21.265439  0.000  0.000  0.000  0.000  0.472  0.008  0.011  0.004  0.495  0.989
   0.33285    -21.265170  0.000  0.000  0.000  0.000  0.471  0.008  0.011  0.004  0.496  0.989
   0.30259    -21.264914  0.000  0.000  0.000  0.000  0.470  0.008  0.011  0.004  0.496  0.989
   0.27233    -21.264654  0.000  0.000  0.000  0.000  0.470  0.008  0.011  0.004  0.496  0.989
   0.24207    -21.264416  0.000  0.000  0.000  0.000  0.470  0.008  0.011  0.004  0.496  0.989
   0.21181    -21.264192  0.000  0.000  0.000  0.000  0.471  0.008  0.011  0.004  0.496  0.989
   0.18155    -21.263986  0.000  0.000  0.000  0.000  0.472  0.007  0.011  0.003  0.496  0.989
   0.15130    -21.263802  0.000  0.000  0.000  0.000  0.474  0.007  0.010  0.003  0.495  0.989
   0.12104    -21.263642  0.000  0.000  0.000  0.000  0.476  0.006  0.010  0.003  0.494  0.989
   0.09078    -21.263511  0.000  0.000  0.000  0.000  0.478  0.005  0.010  0.003  0.493  0.989
   0.06052    -21.263421  0.000  0.000  0.000  0.000  0.481  0.004  0.010  0.003  0.491  0.989
   0.03026    -21.263368  0.000  0.000  0.000  0.000  0.484  0.004  0.010  0.003  0.489  0.989
   0.00000    -21.263336  0.000  0.000  0.000  0.000  0.486  0.003  0.010  0.003  0.486  0.989
 
# Band-Index:    7
   0.00000    -21.249978  0.000  0.000  0.000  0.000  0.098  0.397  0.000  0.397  0.098  0.989
   0.03026    -21.249967  0.000  0.000  0.000  0.000  0.101  0.396  0.000  0.397  0.095  0.989
   0.06052    -21.249924  0.000  0.000  0.000  0.000  0.104  0.395  0.000  0.398  0.092  0.989
   0.09078    -21.249854  0.000  0.000  0.000  0.000  0.107  0.394  0.000  0.398  0.090  0.989
   0.12104    -21.249758  0.000  0.000  0.000  0.000  0.110  0.392  0.000  0.398  0.088  0.989
   0.15130    -21.249647  0.000  0.000  0.000  0.000  0.113  0.391  0.000  0.398  0.086  0.989
   0.18155    -21.249520  0.000  0.000  0.000  0.000  0.115  0.390  0.000  0.399  0.085  0.989
   0.21181    -21.249371  0.000  0.000  0.000  0.000  0.117  0.388  0.000  0.399  0.084  0.989
   0.24207    -21.249211  0.000  0.000  0.000  0.000  0.119  0.387  0.000  0.400  0.083  0.989
   0.27233    -21.249049  0.000  0.000  0.000  0.000  0.120  0.386  0.000  0.400  0.082  0.989
   0.30259    -21.248892  0.000  0.000  0.000  0.000  0.120  0.386  0.000  0.400  0.082  0.989
   0.33285    -21.248716  0.000  0.000  0.000  0.000  0.120  0.385  0.001  0.401  0.082  0.989
   0.36311    -21.248545  0.000  0.000  0.000  0.000  0.120  0.385  0.001  0.402  0.082  0.989
   0.39337    -21.248370  0.000  0.000  0.000  0.000  0.119  0.384  0.001  0.402  0.082  0.989
   0.42363    -21.248196  0.000  0.000  0.000  0.000  0.118  0.384  0.001  0.403  0.083  0.989
   0.45389    -21.248031  0.000  0.000  0.000  0.000  0.117  0.384  0.001  0.404  0.083  0.989
   0.48415    -21.247864  0.000  0.000  0.000  0.000  0.115  0.385  0.001  0.404  0.084  0.989
   0.51440    -21.247717  0.000  0.000  0.000  0.000  0.114  0.385  0.001  0.404  0.085  0.989
   0.54466    -21.247564  0.000  0.000  0.000  0.000  0.112  0.386  0.001  0.405  0.086  0.989
   0.57492    -21.247423  0.000  0.000  0.000  0.000  0.111  0.386  0.001  0.405  0.087  0.989
   0.60518    -21.247297  0.000  0.000  0.000  0.000  0.109  0.387  0.001  0.404  0.088  0.989
   0.63544    -21.247188  0.000  0.000  0.000  0.000  0.107  0.388  0.001  0.404  0.089  0.989
   0.66570    -21.247082  0.000  0.000  0.000  0.000  0.106  0.389  0.001  0.404  0.090  0.989
   0.69596    -21.246987  0.000  0.000  0.000  0.000  0.104  0.390  0.000  0.403  0.092  0.989
   0.72622    -21.246908  0.000  0.000  0.000  0.000  0.103  0.391  0.000  0.402  0.093  0.989
   0.75648    -21.246840  0.000  0.000  0.000  0.000  0.101  0.392  0.000  0.402  0.094  0.989
   0.78674    -21.246777  0.000  0.000  0.000  0.000  0.100  0.393  0.000  0.400  0.095  0.989
   0.81700    -21.246739  0.000  0.000  0.000  0.000  0.099  0.395  0.000  0.399  0.096  0.989
   0.84725    -21.246715  0.000  0.000  0.000  0.000  0.099  0.397  0.000  0.397  0.096  0.989
   0.87751    -21.246705  0.000  0.000  0.000  0.000  0.098  0.397  0.000  0.397  0.098  0.989
   0.87751    -21.246705  0.000  0.000  0.000  0.000  0.098  0.397  0.000  0.397  0.098  0.989
   0.90372    -21.246711  0.000  0.000  0.000  0.000  0.099  0.399  0.000  0.395  0.096  0.989
   0.92992    -21.246731  0.000  0.000  0.000  0.000  0.096  0.392  0.000  0.402  0.099  0.989
   0.95613    -21.246762  0.000  0.000  0.000  0.000  0.096  0.390  0.000  0.404  0.100  0.989
   0.98233    -21.246799  0.000  0.000  0.000  0.000  0.095  0.388  0.000  0.406  0.100  0.989
   1.00854    -21.246844  0.000  0.000  0.000  0.000  0.096  0.386  0.000  0.408  0.100  0.989
   1.03474    -21.246894  0.000  0.000  0.000  0.000  0.096  0.384  0.000  0.410  0.099  0.989
   1.06095    -21.246955  0.000  0.000  0.000  0.000  0.097  0.383  0.000  0.411  0.099  0.989
   1.08715    -21.247031  0.000  0.000  0.000  0.000  0.098  0.381  0.000  0.412  0.098  0.989
   1.11336    -21.247104  0.000  0.000  0.000  0.000  0.099  0.380  0.001  0.413  0.096  0.989
   1.13956    -21.247183  0.000  0.000  0.000  0.000  0.100  0.379  0.001  0.414  0.095  0.989
   1.16577    -21.247265  0.000  0.000  0.000  0.000  0.102  0.378  0.001  0.415  0.093  0.989
   1.19197    -21.247350  0.000  0.000  0.000  0.000  0.104  0.378  0.001  0.415  0.091  0.989
   1.21818    -21.247436  0.000  0.000  0.000  0.000  0.107  0.378  0.001  0.415  0.089  0.989
   1.24439    -21.247516  0.000  0.000  0.000  0.000  0.109  0.378  0.001  0.415  0.087  0.989
   1.27059    -21.247595  0.000  0.000  0.000  0.000  0.112  0.378  0.001  0.414  0.084  0.989
   1.29680    -21.247682  0.000  0.000  0.000  0.000  0.115  0.378  0.001  0.413  0.082  0.989
   1.32300    -21.247753  0.000  0.000  0.000  0.000  0.118  0.379  0.001  0.412  0.079  0.989
   1.34921    -21.247828  0.000  0.000  0.000  0.000  0.122  0.380  0.000  0.410  0.077  0.989
   1.37541    -21.247890  0.000  0.000  0.000  0.000  0.125  0.381  0.000  0.409  0.074  0.989
   1.40162    -21.247952  0.000  0.000  0.000  0.000  0.128  0.382  0.000  0.407  0.072  0.989
   1.42782    -21.248013  0.000  0.000  0.000  0.000  0.132  0.383  0.000  0.405  0.069  0.989
   1.45403    -21.248044  0.000  0.000  0.000  0.000  0.135  0.384  0.000  0.403  0.067  0.989
   1.48023    -21.248079  0.000  0.000  0.000  0.000  0.138  0.385  0.000  0.401  0.065  0.989
   1.50644    -21.248117  0.000  0.000  0.000  0.000  0.141  0.387  0.000  0.398  0.063  0.989
   1.53264    -21.248132  0.000  0.000  0.000  0.000  0.144  0.388  0.000  0.396  0.061  0.989
   1.55885    -21.248149  0.000  0.000  0.000  0.000  0.146  0.390  0.000  0.393  0.060  0.989
   1.58505    -21.248160  0.000  0.000  0.000  0.000  0.148  0.391  0.000  0.391  0.058  0.989
   1.61126    -21.248157  0.000  0.000  0.000  0.000  0.150  0.393  0.000  0.389  0.057  0.989
   1.63746    -21.248146  0.000  0.000  0.000  0.000  0.151  0.395  0.000  0.387  0.056  0.989
   1.63746    -21.248146  0.000  0.000  0.000  0.000  0.151  0.395  0.000  0.387  0.056  0.989
   1.65259    -21.248221  0.000  0.000  0.000  0.000  0.152  0.394  0.000  0.387  0.056  0.989
   1.66772    -21.248297  0.000  0.000  0.000  0.000  0.152  0.394  0.000  0.387  0.056  0.989
   1.68285    -21.248371  0.000  0.000  0.000  0.000  0.152  0.393  0.000  0.387  0.056  0.989
   1.69798    -21.248450  0.000  0.000  0.000  0.000  0.153  0.393  0.000  0.387  0.056  0.989
   1.71311    -21.248532  0.000  0.000  0.000  0.000  0.152  0.393  0.000  0.388  0.056  0.989
   1.72824    -21.248613  0.000  0.000  0.000  0.000  0.152  0.392  0.000  0.388  0.056  0.989
   1.74337    -21.248699  0.000  0.000  0.000  0.000  0.152  0.392  0.000  0.389  0.056  0.989
   1.75850    -21.248780  0.000  0.000  0.000  0.000  0.151  0.392  0.000  0.389  0.057  0.989
   1.77363    -21.248864  0.000  0.000  0.000  0.000  0.150  0.392  0.000  0.390  0.057  0.989
   1.78876    -21.248943  0.000  0.000  0.000  0.000  0.149  0.391  0.000  0.390  0.058  0.989
   1.80389    -21.249029  0.000  0.000  0.000  0.000  0.148  0.391  0.000  0.391  0.059  0.989
   1.81902    -21.249112  0.000  0.000  0.000  0.000  0.146  0.391  0.000  0.392  0.060  0.989
   1.83415    -21.249200  0.000  0.000  0.000  0.000  0.144  0.391  0.000  0.392  0.061  0.989
   1.84928    -21.249281  0.000  0.000  0.000  0.000  0.142  0.391  0.000  0.393  0.062  0.989
   1.86441    -21.249358  0.000  0.000  0.000  0.000  0.140  0.391  0.000  0.394  0.063  0.989
   1.87953    -21.249435  0.000  0.000  0.000  0.000  0.138  0.391  0.000  0.394  0.065  0.989
   1.89466    -21.249506  0.000  0.000  0.000  0.000  0.136  0.391  0.000  0.395  0.066  0.989
   1.90979    -21.249569  0.000  0.000  0.000  0.000  0.133  0.392  0.000  0.396  0.068  0.989
   1.92492    -21.249629  0.000  0.000  0.000  0.000  0.130  0.392  0.000  0.396  0.070  0.989
   1.94005    -21.249693  0.000  0.000  0.000  0.000  0.127  0.392  0.000  0.397  0.072  0.989
   1.95518    -21.249743  0.000  0.000  0.000  0.000  0.124  0.393  0.000  0.397  0.075  0.989
   1.97031    -21.249792  0.000  0.000  0.000  0.000  0.121  0.393  0.000  0.397  0.077  0.989
   1.98544    -21.249837  0.000  0.000  0.000  0.000  0.118  0.394  0.000  0.398  0.080  0.989
   2.00057    -21.249881  0.000  0.000  0.000  0.000  0.114  0.394  0.000  0.398  0.083  0.989
   2.01570    -21.249914  0.000  0.000  0.000  0.000  0.111  0.395  0.000  0.398  0.085  0.989
   2.03083    -21.249942  0.000  0.000  0.000  0.000  0.108  0.395  0.000  0.398  0.088  0.989
   2.04596    -21.249966  0.000  0.000  0.000  0.000  0.104  0.395  0.000  0.398  0.091  0.989
   2.06109    -21.249973  0.000  0.000  0.000  0.000  0.101  0.396  0.000  0.397  0.094  0.989
   2.07622    -21.249978  0.000  0.000  0.000  0.000  0.098  0.397  0.000  0.397  0.098  0.989
   2.07622    -21.249978  0.000  0.000  0.000  0.000  0.098  0.397  0.000  0.397  0.098  0.989
   2.10648    -21.249967  0.000  0.000  0.000  0.000  0.101  0.396  0.000  0.397  0.095  0.989
   2.13674    -21.249924  0.000  0.000  0.000  0.000  0.104  0.395  0.000  0.398  0.092  0.989
   2.16700    -21.249854  0.000  0.000  0.000  0.000  0.107  0.394  0.000  0.398  0.090  0.989
   2.19725    -21.249758  0.000  0.000  0.000  0.000  0.110  0.392  0.000  0.398  0.088  0.989
   2.22751    -21.249647  0.000  0.000  0.000  0.000  0.113  0.391  0.000  0.398  0.086  0.989
   2.25777    -21.249520  0.000  0.000  0.000  0.000  0.115  0.390  0.000  0.399  0.085  0.989
   2.28803    -21.249371  0.000  0.000  0.000  0.000  0.117  0.388  0.000  0.399  0.084  0.989
   2.31829    -21.249211  0.000  0.000  0.000  0.000  0.119  0.387  0.000  0.400  0.083  0.989
   2.34855    -21.249049  0.000  0.000  0.000  0.000  0.120  0.386  0.000  0.400  0.082  0.989
   2.37881    -21.248892  0.000  0.000  0.000  0.000  0.120  0.386  0.000  0.400  0.082  0.989
   2.40907    -21.248716  0.000  0.000  0.000  0.000  0.120  0.385  0.001  0.401  0.082  0.989
   2.43933    -21.248545  0.000  0.000  0.000  0.000  0.120  0.385  0.001  0.402  0.082  0.989
   2.46959    -21.248370  0.000  0.000  0.000  0.000  0.119  0.384  0.001  0.402  0.082  0.989
   2.49985    -21.248196  0.000  0.000  0.000  0.000  0.118  0.384  0.001  0.403  0.083  0.989
   2.53010    -21.248031  0.000  0.000  0.000  0.000  0.117  0.384  0.001  0.404  0.083  0.989
   2.56036    -21.247864  0.000  0.000  0.000  0.000  0.115  0.385  0.001  0.404  0.084  0.989
   2.59062    -21.247717  0.000  0.000  0.000  0.000  0.114  0.385  0.001  0.404  0.085  0.989
   2.62088    -21.247564  0.000  0.000  0.000  0.000  0.112  0.386  0.001  0.405  0.086  0.989
   2.65114    -21.247423  0.000  0.000  0.000  0.000  0.111  0.386  0.001  0.405  0.087  0.989
   2.68140    -21.247297  0.000  0.000  0.000  0.000  0.109  0.387  0.001  0.404  0.088  0.989
   2.71166    -21.247188  0.000  0.000  0.000  0.000  0.107  0.388  0.001  0.404  0.089  0.989
   2.74192    -21.247082  0.000  0.000  0.000  0.000  0.106  0.389  0.001  0.404  0.090  0.989
   2.77218    -21.246987  0.000  0.000  0.000  0.000  0.104  0.390  0.000  0.403  0.092  0.989
   2.80244    -21.246908  0.000  0.000  0.000  0.000  0.103  0.391  0.000  0.402  0.093  0.989
   2.83270    -21.246840  0.000  0.000  0.000  0.000  0.101  0.392  0.000  0.402  0.094  0.989
   2.86295    -21.246777  0.000  0.000  0.000  0.000  0.100  0.393  0.000  0.400  0.095  0.989
   2.89321    -21.246739  0.000  0.000  0.000  0.000  0.099  0.395  0.000  0.399  0.096  0.989
   2.92347    -21.246715  0.000  0.000  0.000  0.000  0.099  0.397  0.000  0.397  0.096  0.989
   2.95373    -21.246705  0.000  0.000  0.000  0.000  0.098  0.397  0.000  0.397  0.098  0.989
 
# Band-Index:    8
   2.95373    -21.246705  0.000  0.000  0.000  0.000  0.098  0.397  0.000  0.397  0.098  0.989
   2.92347    -21.246714  0.000  0.000  0.000  0.000  0.097  0.397  0.000  0.397  0.098  0.989
   2.89321    -21.246736  0.000  0.000  0.000  0.000  0.096  0.399  0.000  0.395  0.099  0.989
   2.86295    -21.246769  0.000  0.000  0.000  0.000  0.096  0.401  0.000  0.393  0.099  0.989
   2.83270    -21.246821  0.000  0.000  0.000  0.000  0.096  0.402  0.000  0.392  0.099  0.989
   2.80244    -21.246871  0.000  0.000  0.000  0.000  0.096  0.403  0.000  0.391  0.099  0.989
   2.77218    -21.246922  0.000  0.000  0.000  0.000  0.097  0.403  0.000  0.390  0.098  0.989
   2.74192    -21.246979  0.000  0.000  0.000  0.000  0.097  0.404  0.001  0.389  0.098  0.989
   2.71166    -21.247036  0.000  0.000  0.000  0.000  0.098  0.405  0.001  0.389  0.097  0.989
   2.68140    -21.247084  0.000  0.000  0.000  0.000  0.099  0.405  0.001  0.388  0.097  0.989
   2.65114    -21.247135  0.000  0.000  0.000  0.000  0.100  0.405  0.001  0.388  0.096  0.989
   2.62088    -21.247187  0.000  0.000  0.000  0.000  0.101  0.405  0.001  0.388  0.095  0.989
   2.59062    -21.247238  0.000  0.000  0.000  0.000  0.102  0.405  0.001  0.388  0.094  0.989
   2.56036    -21.247268  0.000  0.000  0.000  0.000  0.103  0.404  0.001  0.388  0.093  0.989
   2.53010    -21.247306  0.000  0.000  0.000  0.000  0.104  0.404  0.001  0.388  0.093  0.989
   2.49985    -21.247331  0.000  0.000  0.000  0.000  0.105  0.403  0.001  0.388  0.092  0.989
   2.46959    -21.247354  0.000  0.000  0.000  0.000  0.106  0.403  0.000  0.389  0.091  0.989
   2.43933    -21.247370  0.000  0.000  0.000  0.000  0.106  0.402  0.000  0.389  0.091  0.989
   2.40907    -21.247374  0.000  0.000  0.000  0.000  0.107  0.401  0.000  0.390  0.090  0.989
   2.37881    -21.247381  0.000  0.000  0.000  0.000  0.107  0.401  0.000  0.391  0.090  0.989
   2.34855    -21.247368  0.000  0.000  0.000  0.000  0.108  0.400  0.000  0.391  0.090  0.989
   2.31829    -21.247363  0.000  0.000  0.000  0.000  0.107  0.399  0.000  0.392  0.090  0.989
   2.28803    -21.247361  0.000  0.000  0.000  0.000  0.107  0.399  0.000  0.393  0.090  0.989
   2.25777    -21.247359  0.000  0.000  0.000  0.000  0.106  0.398  0.000  0.393  0.091  0.989
   2.22751    -21.247349  0.000  0.000  0.000  0.000  0.105  0.398  0.000  0.394  0.091  0.989
   2.19725    -21.247340  0.000  0.000  0.000  0.000  0.104  0.398  0.000  0.395  0.092  0.989
   2.16700    -21.247337  0.000  0.000  0.000  0.000  0.103  0.397  0.000  0.395  0.093  0.989
   2.13674    -21.247334  0.000  0.000  0.000  0.000  0.101  0.397  0.000  0.396  0.095  0.989
   2.10648    -21.247330  0.000  0.000  0.000  0.000  0.100  0.397  0.000  0.396  0.096  0.989
   2.07622    -21.247325  0.000  0.000  0.000  0.000  0.098  0.397  0.000  0.397  0.098  0.989
   2.07622    -21.247325  0.000  0.000  0.000  0.000  0.098  0.397  0.000  0.397  0.098  0.989
   2.06109    -21.247325  0.000  0.000  0.000  0.000  0.100  0.397  0.000  0.396  0.096  0.989
   2.04596    -21.247329  0.000  0.000  0.000  0.000  0.102  0.397  0.000  0.396  0.094  0.989
   2.03083    -21.247326  0.000  0.000  0.000  0.000  0.104  0.397  0.000  0.396  0.092  0.989
   2.01570    -21.247326  0.000  0.000  0.000  0.000  0.106  0.398  0.000  0.395  0.090  0.989
   2.00057    -21.247329  0.000  0.000  0.000  0.000  0.108  0.398  0.000  0.395  0.088  0.989
   1.98544    -21.247330  0.000  0.000  0.000  0.000  0.110  0.398  0.000  0.395  0.086  0.989
   1.97031    -21.247338  0.000  0.000  0.000  0.000  0.112  0.398  0.000  0.394  0.084  0.989
   1.95518    -21.247347  0.000  0.000  0.000  0.000  0.115  0.398  0.000  0.394  0.083  0.989
   1.94005    -21.247365  0.000  0.000  0.000  0.000  0.117  0.398  0.000  0.393  0.081  0.989
   1.92492    -21.247375  0.000  0.000  0.000  0.000  0.119  0.398  0.000  0.393  0.079  0.989
   1.90979    -21.247395  0.000  0.000  0.000  0.000  0.121  0.398  0.000  0.392  0.077  0.989
   1.89466    -21.247419  0.000  0.000  0.000  0.000  0.124  0.398  0.000  0.392  0.075  0.989
   1.87953    -21.247440  0.000  0.000  0.000  0.000  0.126  0.398  0.000  0.392  0.073  0.989
   1.86441    -21.247462  0.000  0.000  0.000  0.000  0.128  0.398  0.000  0.391  0.072  0.989
   1.84928    -21.247489  0.000  0.000  0.000  0.000  0.130  0.398  0.000  0.391  0.070  0.989
   1.83415    -21.247516  0.000  0.000  0.000  0.000  0.132  0.398  0.000  0.390  0.069  0.989
   1.81902    -21.247542  0.000  0.000  0.000  0.000  0.134  0.398  0.000  0.390  0.067  0.989
   1.80389    -21.247576  0.000  0.000  0.000  0.000  0.136  0.398  0.000  0.389  0.066  0.989
   1.78876    -21.247611  0.000  0.000  0.000  0.000  0.138  0.397  0.000  0.389  0.064  0.989
   1.77363    -21.247656  0.000  0.000  0.000  0.000  0.140  0.397  0.000  0.388  0.063  0.989
   1.75850    -21.247699  0.000  0.000  0.000  0.000  0.142  0.397  0.000  0.388  0.062  0.989
   1.74337    -21.247747  0.000  0.000  0.000  0.000  0.143  0.397  0.000  0.388  0.061  0.989
   1.72824    -21.247793  0.000  0.000  0.000  0.000  0.145  0.396  0.000  0.387  0.060  0.989
   1.71311    -21.247845  0.000  0.000  0.000  0.000  0.146  0.396  0.000  0.387  0.059  0.989
   1.69798    -21.247899  0.000  0.000  0.000  0.000  0.148  0.396  0.000  0.387  0.059  0.989
   1.68285    -21.247957  0.000  0.000  0.000  0.000  0.149  0.396  0.000  0.387  0.058  0.989
   1.66772    -21.248020  0.000  0.000  0.000  0.000  0.150  0.395  0.000  0.387  0.057  0.989
   1.65259    -21.248082  0.000  0.000  0.000  0.000  0.151  0.395  0.000  0.387  0.057  0.989
   1.63746    -21.248146  0.000  0.000  0.000  0.000  0.151  0.395  0.000  0.387  0.056  0.989
   1.63746    -21.248146  0.000  0.000  0.000  0.000  0.151  0.395  0.000  0.387  0.056  0.989
   1.61126    -21.248138  0.000  0.000  0.000  0.000  0.152  0.396  0.000  0.385  0.056  0.989
   1.58505    -21.248123  0.000  0.000  0.000  0.000  0.153  0.398  0.000  0.383  0.055  0.989
   1.55885    -21.248095  0.000  0.000  0.000  0.000  0.153  0.399  0.000  0.381  0.055  0.989
   1.53264    -21.248062  0.000  0.000  0.000  0.000  0.153  0.401  0.000  0.379  0.055  0.989
   1.50644    -21.248034  0.000  0.000  0.000  0.000  0.152  0.403  0.000  0.378  0.056  0.989
   1.48023    -21.247985  0.000  0.000  0.000  0.000  0.151  0.404  0.000  0.377  0.056  0.989
   1.45403    -21.247942  0.000  0.000  0.000  0.000  0.150  0.406  0.000  0.375  0.057  0.989
   1.42782    -21.247906  0.000  0.000  0.000  0.000  0.148  0.408  0.001  0.374  0.058  0.989
   1.40162    -21.247842  0.000  0.000  0.000  0.000  0.146  0.409  0.001  0.374  0.059  0.989
   1.37541    -21.247780  0.000  0.000  0.000  0.000  0.144  0.410  0.001  0.373  0.060  0.989
   1.34921    -21.247721  0.000  0.000  0.000  0.000  0.142  0.412  0.001  0.373  0.062  0.989
   1.32300    -21.247650  0.000  0.000  0.000  0.000  0.139  0.413  0.001  0.373  0.064  0.989
   1.29680    -21.247587  0.000  0.000  0.000  0.000  0.136  0.413  0.001  0.373  0.066  0.989
   1.27059    -21.247508  0.000  0.000  0.000  0.000  0.133  0.414  0.001  0.373  0.068  0.989
   1.24439    -21.247439  0.000  0.000  0.000  0.000  0.130  0.415  0.001  0.374  0.070  0.989
   1.21818    -21.247369  0.000  0.000  0.000  0.000  0.127  0.415  0.001  0.374  0.072  0.989
   1.19197    -21.247293  0.000  0.000  0.000  0.000  0.124  0.415  0.001  0.375  0.074  0.989
   1.16577    -21.247218  0.000  0.000  0.000  0.000  0.121  0.414  0.001  0.376  0.076  0.989
   1.13956    -21.247146  0.000  0.000  0.000  0.000  0.118  0.414  0.001  0.377  0.079  0.989
   1.11336    -21.247076  0.000  0.000  0.000  0.000  0.116  0.414  0.001  0.378  0.081  0.989
   1.08715    -21.247011  0.000  0.000  0.000  0.000  0.113  0.413  0.001  0.380  0.083  0.989
   1.06095    -21.246941  0.000  0.000  0.000  0.000  0.110  0.411  0.000  0.382  0.086  0.989
   1.03474    -21.246885  0.000  0.000  0.000  0.000  0.108  0.410  0.000  0.384  0.088  0.989
   1.00854    -21.246839  0.000  0.000  0.000  0.000  0.106  0.408  0.000  0.385  0.090  0.989
   0.98233    -21.246797  0.000  0.000  0.000  0.000  0.104  0.406  0.000  0.388  0.092  0.989
   0.95613    -21.246761  0.000  0.000  0.000  0.000  0.102  0.404  0.000  0.390  0.093  0.989
   0.92992    -21.246731  0.000  0.000  0.000  0.000  0.100  0.402  0.000  0.392  0.095  0.989
   0.90372    -21.246711  0.000  0.000  0.000  0.000  0.097  0.395  0.000  0.399  0.098  0.989
   0.87751    -21.246705  0.000  0.000  0.000  0.000  0.098  0.397  0.000  0.397  0.098  0.989
   0.87751    -21.246705  0.000  0.000  0.000  0.000  0.098  0.397  0.000  0.397  0.098  0.989
   0.84725    -21.246714  0.000  0.000  0.000  0.000  0.097  0.397  0.000  0.397  0.098  0.989
   0.81700    -21.246736  0.000  0.000  0.000  0.000  0.096  0.399  0.000  0.395  0.099  0.989
   0.78674    -21.246769  0.000  0.000  0.000  0.000  0.096  0.401  0.000  0.393  0.099  0.989
   0.75648    -21.246821  0.000  0.000  0.000  0.000  0.096  0.402  0.000  0.392  0.099  0.989
   0.72622    -21.246871  0.000  0.000  0.000  0.000  0.096  0.403  0.000  0.391  0.099  0.989
   0.69596    -21.246922  0.000  0.000  0.000  0.000  0.097  0.403  0.000  0.390  0.098  0.989
   0.66570    -21.246979  0.000  0.000  0.000  0.000  0.097  0.404  0.001  0.389  0.098  0.989
   0.63544    -21.247036  0.000  0.000  0.000  0.000  0.098  0.405  0.001  0.389  0.097  0.989
   0.60518    -21.247084  0.000  0.000  0.000  0.000  0.099  0.405  0.001  0.388  0.097  0.989
   0.57492    -21.247135  0.000  0.000  0.000  0.000  0.100  0.405  0.001  0.388  0.096  0.989
   0.54466    -21.247187  0.000  0.000  0.000  0.000  0.101  0.405  0.001  0.388  0.095  0.989
   0.51440    -21.247238  0.000  0.000  0.000  0.000  0.102  0.405  0.001  0.388  0.094  0.989
   0.48415    -21.247268  0.000  0.000  0.000  0.000  0.103  0.404  0.001  0.388  0.093  0.989
   0.45389    -21.247306  0.000  0.000  0.000  0.000  0.104  0.404  0.001  0.388  0.093  0.989
   0.42363    -21.247331  0.000  0.000  0.000  0.000  0.105  0.403  0.001  0.388  0.092  0.989
   0.39337    -21.247354  0.000  0.000  0.000  0.000  0.106  0.403  0.000  0.389  0.091  0.989
   0.36311    -21.247370  0.000  0.000  0.000  0.000  0.106  0.402  0.000  0.389  0.091  0.989
   0.33285    -21.247374  0.000  0.000  0.000  0.000  0.107  0.401  0.000  0.390  0.090  0.989
   0.30259    -21.247381  0.000  0.000  0.000  0.000  0.107  0.401  0.000  0.391  0.090  0.989
   0.27233    -21.247368  0.000  0.000  0.000  0.000  0.108  0.400  0.000  0.391  0.090  0.989
   0.24207    -21.247363  0.000  0.000  0.000  0.000  0.107  0.399  0.000  0.392  0.090  0.989
   0.21181    -21.247361  0.000  0.000  0.000  0.000  0.107  0.399  0.000  0.393  0.090  0.989
   0.18155    -21.247359  0.000  0.000  0.000  0.000  0.106  0.398  0.000  0.393  0.091  0.989
   0.15130    -21.247349  0.000  0.000  0.000  0.000  0.105  0.398  0.000  0.394  0.091  0.989
   0.12104    -21.247340  0.000  0.000  0.000  0.000  0.104  0.398  0.000  0.395  0.092  0.989
   0.09078    -21.247337  0.000  0.000  0.000  0.000  0.103  0.397  0.000  0.395  0.093  0.989
   0.06052    -21.247334  0.000  0.000  0.000  0.000  0.101  0.397  0.000  0.396  0.095  0.989
   0.03026    -21.247330  0.000  0.000  0.000  0.000  0.100  0.397  0.000  0.396  0.096  0.989
   0.00000    -21.247325  0.000  0.000  0.000  0.000  0.098  0.397  0.000  0.397  0.098  0.989
 
# Band-Index:    9
   0.00000    -21.233020  0.000  0.000  0.000  0.000  0.015  0.191  0.578  0.191  0.015  0.990
   0.03026    -21.233032  0.000  0.000  0.000  0.000  0.015  0.191  0.578  0.191  0.015  0.990
   0.06052    -21.233041  0.000  0.000  0.000  0.000  0.015  0.191  0.578  0.191  0.015  0.990
   0.09078    -21.233058  0.000  0.000  0.000  0.000  0.014  0.190  0.578  0.191  0.015  0.990
   0.12104    -21.233084  0.000  0.000  0.000  0.000  0.014  0.190  0.578  0.192  0.015  0.990
   0.15130    -21.233125  0.000  0.000  0.000  0.000  0.014  0.189  0.579  0.193  0.015  0.989
   0.18155    -21.233182  0.000  0.000  0.000  0.000  0.014  0.188  0.579  0.194  0.015  0.989
   0.21181    -21.233243  0.000  0.000  0.000  0.000  0.013  0.188  0.579  0.195  0.015  0.989
   0.24207    -21.233317  0.000  0.000  0.000  0.000  0.013  0.187  0.579  0.196  0.015  0.989
   0.27233    -21.233404  0.000  0.000  0.000  0.000  0.013  0.186  0.579  0.197  0.015  0.989
   0.30259    -21.233504  0.000  0.000  0.000  0.000  0.013  0.185  0.579  0.198  0.015  0.989
   0.33285    -21.233601  0.000  0.000  0.000  0.000  0.012  0.185  0.579  0.199  0.015  0.989
   0.36311    -21.233709  0.000  0.000  0.000  0.000  0.012  0.184  0.579  0.200  0.015  0.989
   0.39337    -21.233820  0.000  0.000  0.000  0.000  0.012  0.183  0.579  0.200  0.014  0.989
   0.42363    -21.233924  0.000  0.000  0.000  0.000  0.012  0.183  0.579  0.201  0.014  0.989
   0.45389    -21.234034  0.000  0.000  0.000  0.000  0.012  0.183  0.579  0.202  0.014  0.989
   0.48415    -21.234136  0.000  0.000  0.000  0.000  0.012  0.183  0.579  0.202  0.014  0.989
   0.51440    -21.234249  0.000  0.000  0.000  0.000  0.011  0.182  0.580  0.202  0.013  0.989
   0.54466    -21.234346  0.000  0.000  0.000  0.000  0.011  0.183  0.580  0.203  0.013  0.989
   0.57492    -21.234434  0.000  0.000  0.000  0.000  0.011  0.183  0.580  0.203  0.013  0.989
   0.60518    -21.234518  0.000  0.000  0.000  0.000  0.011  0.183  0.581  0.202  0.012  0.989
   0.63544    -21.234597  0.000  0.000  0.000  0.000  0.010  0.184  0.581  0.202  0.012  0.989
   0.66570    -21.234655  0.000  0.000  0.000  0.000  0.010  0.185  0.582  0.201  0.011  0.989
   0.69596    -21.234702  0.000  0.000  0.000  0.000  0.010  0.186  0.582  0.201  0.011  0.989
   0.72622    -21.234733  0.000  0.000  0.000  0.000  0.010  0.187  0.583  0.200  0.010  0.989
   0.75648    -21.234751  0.000  0.000  0.000  0.000  0.009  0.188  0.583  0.199  0.010  0.989
   0.78674    -21.234744  0.000  0.000  0.000  0.000  0.009  0.189  0.584  0.198  0.010  0.989
   0.81700    -21.234729  0.000  0.000  0.000  0.000  0.009  0.191  0.584  0.196  0.009  0.989
   0.84725    -21.234700  0.000  0.000  0.000  0.000  0.009  0.192  0.584  0.195  0.009  0.989
   0.87751    -21.234653  0.000  0.000  0.000  0.000  0.009  0.194  0.585  0.194  0.009  0.989
   0.87751    -21.234653  0.000  0.000  0.000  0.000  0.009  0.194  0.585  0.194  0.009  0.989
   0.90372    -21.234693  0.000  0.000  0.000  0.000  0.009  0.191  0.584  0.196  0.009  0.989
   0.92992    -21.234724  0.000  0.000  0.000  0.000  0.009  0.189  0.584  0.198  0.009  0.989
   0.95613    -21.234743  0.000  0.000  0.000  0.000  0.009  0.186  0.584  0.201  0.010  0.989
   0.98233    -21.234750  0.000  0.000  0.000  0.000  0.009  0.184  0.583  0.203  0.010  0.989
   1.00854    -21.234743  0.000  0.000  0.000  0.000  0.009  0.182  0.583  0.205  0.010  0.989
   1.03474    -21.234720  0.000  0.000  0.000  0.000  0.010  0.180  0.583  0.207  0.011  0.989
   1.06095    -21.234689  0.000  0.000  0.000  0.000  0.010  0.178  0.582  0.209  0.011  0.989
   1.08715    -21.234655  0.000  0.000  0.000  0.000  0.010  0.176  0.582  0.210  0.011  0.989
   1.11336    -21.234603  0.000  0.000  0.000  0.000  0.010  0.174  0.581  0.212  0.012  0.989
   1.13956    -21.234547  0.000  0.000  0.000  0.000  0.010  0.173  0.581  0.212  0.012  0.989
   1.16577    -21.234479  0.000  0.000  0.000  0.000  0.011  0.172  0.581  0.213  0.012  0.989
   1.19197    -21.234404  0.000  0.000  0.000  0.000  0.011  0.172  0.580  0.214  0.013  0.989
   1.21818    -21.234325  0.000  0.000  0.000  0.000  0.011  0.171  0.580  0.214  0.013  0.989
   1.24439    -21.234237  0.000  0.000  0.000  0.000  0.012  0.170  0.580  0.215  0.013  0.989
   1.27059    -21.234145  0.000  0.000  0.000  0.000  0.012  0.170  0.579  0.215  0.013  0.989
   1.29680    -21.234057  0.000  0.000  0.000  0.000  0.012  0.170  0.579  0.214  0.014  0.989
   1.32300    -21.233952  0.000  0.000  0.000  0.000  0.012  0.170  0.579  0.214  0.014  0.989
   1.34921    -21.233859  0.000  0.000  0.000  0.000  0.012  0.171  0.579  0.213  0.014  0.989
   1.37541    -21.233760  0.000  0.000  0.000  0.000  0.013  0.171  0.579  0.213  0.014  0.989
   1.40162    -21.233664  0.000  0.000  0.000  0.000  0.013  0.172  0.579  0.212  0.014  0.989
   1.42782    -21.233578  0.000  0.000  0.000  0.000  0.013  0.173  0.579  0.211  0.014  0.989
   1.45403    -21.233472  0.000  0.000  0.000  0.000  0.013  0.174  0.579  0.209  0.014  0.989
   1.48023    -21.233385  0.000  0.000  0.000  0.000  0.013  0.176  0.579  0.208  0.014  0.989
   1.50644    -21.233307  0.000  0.000  0.000  0.000  0.013  0.177  0.580  0.206  0.014  0.989
   1.53264    -21.233228  0.000  0.000  0.000  0.000  0.013  0.179  0.580  0.205  0.014  0.989
   1.55885    -21.233159  0.000  0.000  0.000  0.000  0.013  0.180  0.580  0.203  0.013  0.989
   1.58505    -21.233093  0.000  0.000  0.000  0.000  0.012  0.182  0.580  0.201  0.013  0.990
   1.61126    -21.233034  0.000  0.000  0.000  0.000  0.012  0.184  0.581  0.200  0.013  0.990
   1.63746    -21.232989  0.000  0.000  0.000  0.000  0.012  0.186  0.581  0.198  0.013  0.990
   1.63746    -21.232989  0.000  0.000  0.000  0.000  0.012  0.186  0.581  0.198  0.013  0.990
   1.65259    -21.233001  0.000  0.000  0.000  0.000  0.012  0.186  0.581  0.197  0.013  0.990
   1.66772    -21.233010  0.000  0.000  0.000  0.000  0.012  0.186  0.581  0.197  0.013  0.990
   1.68285    -21.233017  0.000  0.000  0.000  0.000  0.012  0.187  0.580  0.197  0.014  0.990
   1.69798    -21.233024  0.000  0.000  0.000  0.000  0.013  0.187  0.580  0.196  0.014  0.990
   1.71311    -21.233034  0.000  0.000  0.000  0.000  0.013  0.187  0.580  0.196  0.014  0.990
   1.72824    -21.233045  0.000  0.000  0.000  0.000  0.013  0.188  0.580  0.195  0.014  0.990
   1.74337    -21.233051  0.000  0.000  0.000  0.000  0.013  0.188  0.580  0.195  0.014  0.990
   1.75850    -21.233058  0.000  0.000  0.000  0.000  0.013  0.188  0.579  0.194  0.014  0.990
   1.77363    -21.233062  0.000  0.000  0.000  0.000  0.013  0.189  0.579  0.194  0.015  0.990
   1.78876    -21.233062  0.000  0.000  0.000  0.000  0.013  0.189  0.579  0.194  0.015  0.990
   1.80389    -21.233065  0.000  0.000  0.000  0.000  0.013  0.189  0.579  0.193  0.015  0.990
   1.81902    -21.233065  0.000  0.000  0.000  0.000  0.013  0.189  0.579  0.193  0.015  0.990
   1.83415    -21.233068  0.000  0.000  0.000  0.000  0.014  0.190  0.579  0.192  0.015  0.990
   1.84928    -21.233069  0.000  0.000  0.000  0.000  0.014  0.190  0.579  0.192  0.015  0.990
   1.86441    -21.233064  0.000  0.000  0.000  0.000  0.014  0.190  0.579  0.192  0.015  0.990
   1.87953    -21.233061  0.000  0.000  0.000  0.000  0.014  0.191  0.579  0.191  0.015  0.990
   1.89466    -21.233056  0.000  0.000  0.000  0.000  0.014  0.191  0.578  0.191  0.015  0.990
   1.90979    -21.233048  0.000  0.000  0.000  0.000  0.014  0.191  0.578  0.191  0.015  0.990
   1.92492    -21.233046  0.000  0.000  0.000  0.000  0.014  0.191  0.578  0.191  0.015  0.990
   1.94005    -21.233048  0.000  0.000  0.000  0.000  0.014  0.191  0.578  0.191  0.015  0.990
   1.95518    -21.233041  0.000  0.000  0.000  0.000  0.014  0.191  0.578  0.191  0.015  0.990
   1.97031    -21.233038  0.000  0.000  0.000  0.000  0.014  0.191  0.578  0.191  0.015  0.990
   1.98544    -21.233035  0.000  0.000  0.000  0.000  0.014  0.191  0.578  0.190  0.015  0.990
   2.00057    -21.233035  0.000  0.000  0.000  0.000  0.014  0.191  0.578  0.191  0.015  0.990
   2.01570    -21.233033  0.000  0.000  0.000  0.000  0.015  0.191  0.578  0.190  0.015  0.990
   2.03083    -21.233028  0.000  0.000  0.000  0.000  0.015  0.191  0.578  0.190  0.015  0.990
   2.04596    -21.233029  0.000  0.000  0.000  0.000  0.015  0.191  0.578  0.190  0.015  0.990
   2.06109    -21.233022  0.000  0.000  0.000  0.000  0.015  0.191  0.578  0.191  0.015  0.990
   2.07622    -21.233020  0.000  0.000  0.000  0.000  0.015  0.191  0.578  0.191  0.015  0.990
   2.07622    -21.233020  0.000  0.000  0.000  0.000  0.015  0.191  0.578  0.191  0.015  0.990
   2.10648    -21.233032  0.000  0.000  0.000  0.000  0.015  0.191  0.578  0.191  0.015  0.990
   2.13674    -21.233041  0.000  0.000  0.000  0.000  0.015  0.191  0.578  0.191  0.015  0.990
   2.16700    -21.233058  0.000  0.000  0.000  0.000  0.014  0.190  0.578  0.191  0.015  0.990
   2.19725    -21.233084  0.000  0.000  0.000  0.000  0.014  0.190  0.578  0.192  0.015  0.990
   2.22751    -21.233125  0.000  0.000  0.000  0.000  0.014  0.189  0.579  0.193  0.015  0.989
   2.25777    -21.233182  0.000  0.000  0.000  0.000  0.014  0.188  0.579  0.194  0.015  0.989
   2.28803    -21.233243  0.000  0.000  0.000  0.000  0.013  0.188  0.579  0.195  0.015  0.989
   2.31829    -21.233317  0.000  0.000  0.000  0.000  0.013  0.187  0.579  0.196  0.015  0.989
   2.34855    -21.233404  0.000  0.000  0.000  0.000  0.013  0.186  0.579  0.197  0.015  0.989
   2.37881    -21.233504  0.000  0.000  0.000  0.000  0.013  0.185  0.579  0.198  0.015  0.989
   2.40907    -21.233601  0.000  0.000  0.000  0.000  0.012  0.185  0.579  0.199  0.015  0.989
   2.43933    -21.233709  0.000  0.000  0.000  0.000  0.012  0.184  0.579  0.200  0.015  0.989
   2.46959    -21.233820  0.000  0.000  0.000  0.000  0.012  0.183  0.579  0.200  0.014  0.989
   2.49985    -21.233924  0.000  0.000  0.000  0.000  0.012  0.183  0.579  0.201  0.014  0.989
   2.53010    -21.234034  0.000  0.000  0.000  0.000  0.012  0.183  0.579  0.202  0.014  0.989
   2.56036    -21.234136  0.000  0.000  0.000  0.000  0.012  0.183  0.579  0.202  0.014  0.989
   2.59062    -21.234249  0.000  0.000  0.000  0.000  0.011  0.182  0.580  0.202  0.013  0.989
   2.62088    -21.234346  0.000  0.000  0.000  0.000  0.011  0.183  0.580  0.203  0.013  0.989
   2.65114    -21.234434  0.000  0.000  0.000  0.000  0.011  0.183  0.580  0.203  0.013  0.989
   2.68140    -21.234518  0.000  0.000  0.000  0.000  0.011  0.183  0.581  0.202  0.012  0.989
   2.71166    -21.234597  0.000  0.000  0.000  0.000  0.010  0.184  0.581  0.202  0.012  0.989
   2.74192    -21.234655  0.000  0.000  0.000  0.000  0.010  0.185  0.582  0.201  0.011  0.989
   2.77218    -21.234702  0.000  0.000  0.000  0.000  0.010  0.186  0.582  0.201  0.011  0.989
   2.80244    -21.234733  0.000  0.000  0.000  0.000  0.010  0.187  0.583  0.200  0.010  0.989
   2.83270    -21.234751  0.000  0.000  0.000  0.000  0.009  0.188  0.583  0.199  0.010  0.989
   2.86295    -21.234744  0.000  0.000  0.000  0.000  0.009  0.189  0.584  0.198  0.010  0.989
   2.89321    -21.234729  0.000  0.000  0.000  0.000  0.009  0.191  0.584  0.196  0.009  0.989
   2.92347    -21.234700  0.000  0.000  0.000  0.000  0.009  0.192  0.584  0.195  0.009  0.989
   2.95373    -21.234653  0.000  0.000  0.000  0.000  0.009  0.194  0.585  0.194  0.009  0.989
 
# Band-Index:   10
   2.95373    -21.234653  0.000  0.000  0.000  0.000  0.009  0.194  0.585  0.194  0.009  0.989
   2.92347    -21.234604  0.000  0.000  0.000  0.000  0.008  0.195  0.585  0.192  0.008  0.989
   2.89321    -21.234538  0.000  0.000  0.000  0.000  0.008  0.197  0.585  0.191  0.008  0.989
   2.86295    -21.234460  0.000  0.000  0.000  0.000  0.008  0.198  0.585  0.190  0.008  0.989
   2.83270    -21.234381  0.000  0.000  0.000  0.000  0.008  0.199  0.585  0.189  0.008  0.989
   2.80244    -21.234283  0.000  0.000  0.000  0.000  0.008  0.200  0.586  0.188  0.007  0.989
   2.77218    -21.234180  0.000  0.000  0.000  0.000  0.008  0.201  0.586  0.187  0.007  0.989
   2.74192    -21.234069  0.000  0.000  0.000  0.000  0.008  0.202  0.586  0.187  0.007  0.989
   2.71166    -21.233957  0.000  0.000  0.000  0.000  0.008  0.202  0.586  0.186  0.007  0.989
   2.68140    -21.233835  0.000  0.000  0.000  0.000  0.008  0.203  0.586  0.186  0.007  0.989
   2.65114    -21.233718  0.000  0.000  0.000  0.000  0.008  0.203  0.585  0.185  0.007  0.989
   2.62088    -21.233610  0.000  0.000  0.000  0.000  0.008  0.203  0.585  0.185  0.008  0.989
   2.59062    -21.233504  0.000  0.000  0.000  0.000  0.008  0.203  0.585  0.185  0.008  0.989
   2.56036    -21.233391  0.000  0.000  0.000  0.000  0.009  0.203  0.585  0.185  0.008  0.989
   2.53010    -21.233302  0.000  0.000  0.000  0.000  0.009  0.202  0.585  0.186  0.008  0.989
   2.49985    -21.233213  0.000  0.000  0.000  0.000  0.009  0.201  0.585  0.186  0.008  0.989
   2.46959    -21.233139  0.000  0.000  0.000  0.000  0.009  0.201  0.585  0.186  0.008  0.989
   2.43933    -21.233066  0.000  0.000  0.000  0.000  0.009  0.200  0.585  0.187  0.008  0.990
   2.40907    -21.233002  0.000  0.000  0.000  0.000  0.009  0.199  0.585  0.188  0.009  0.990
   2.37881    -21.232953  0.000  0.000  0.000  0.000  0.009  0.198  0.585  0.188  0.009  0.990
   2.34855    -21.232902  0.000  0.000  0.000  0.000  0.009  0.198  0.585  0.189  0.009  0.990
   2.31829    -21.232867  0.000  0.000  0.000  0.000  0.009  0.197  0.585  0.190  0.009  0.990
   2.28803    -21.232843  0.000  0.000  0.000  0.000  0.009  0.196  0.585  0.191  0.009  0.990
   2.25777    -21.232827  0.000  0.000  0.000  0.000  0.009  0.195  0.585  0.191  0.009  0.990
   2.22751    -21.232811  0.000  0.000  0.000  0.000  0.009  0.194  0.585  0.192  0.009  0.990
   2.19725    -21.232803  0.000  0.000  0.000  0.000  0.009  0.194  0.585  0.193  0.009  0.990
   2.16700    -21.232801  0.000  0.000  0.000  0.000  0.009  0.193  0.586  0.193  0.009  0.990
   2.13674    -21.232799  0.000  0.000  0.000  0.000  0.008  0.193  0.586  0.194  0.008  0.990
   2.10648    -21.232797  0.000  0.000  0.000  0.000  0.008  0.193  0.586  0.194  0.008  0.990
   2.07622    -21.232787  0.000  0.000  0.000  0.000  0.008  0.193  0.586  0.193  0.008  0.990
   2.07622    -21.232787  0.000  0.000  0.000  0.000  0.008  0.193  0.586  0.193  0.008  0.990
   2.06109    -21.232788  0.000  0.000  0.000  0.000  0.008  0.193  0.586  0.194  0.008  0.990
   2.04596    -21.232795  0.000  0.000  0.000  0.000  0.008  0.193  0.586  0.194  0.008  0.990
   2.03083    -21.232793  0.000  0.000  0.000  0.000  0.008  0.192  0.586  0.194  0.008  0.990
   2.01570    -21.232798  0.000  0.000  0.000  0.000  0.008  0.192  0.586  0.195  0.008  0.990
   2.00057    -21.232799  0.000  0.000  0.000  0.000  0.009  0.191  0.586  0.196  0.008  0.990
   1.98544    -21.232800  0.000  0.000  0.000  0.000  0.009  0.191  0.586  0.196  0.009  0.990
   1.97031    -21.232804  0.000  0.000  0.000  0.000  0.009  0.190  0.586  0.196  0.009  0.990
   1.95518    -21.232809  0.000  0.000  0.000  0.000  0.009  0.190  0.586  0.197  0.009  0.990
   1.94005    -21.232818  0.000  0.000  0.000  0.000  0.009  0.189  0.585  0.197  0.009  0.990
   1.92492    -21.232820  0.000  0.000  0.000  0.000  0.009  0.189  0.585  0.198  0.009  0.990
   1.90979    -21.232827  0.000  0.000  0.000  0.000  0.009  0.188  0.585  0.198  0.009  0.990
   1.89466    -21.232841  0.000  0.000  0.000  0.000  0.009  0.188  0.585  0.198  0.009  0.990
   1.87953    -21.232853  0.000  0.000  0.000  0.000  0.009  0.188  0.585  0.198  0.009  0.990
   1.86441    -21.232863  0.000  0.000  0.000  0.000  0.009  0.187  0.585  0.199  0.010  0.990
   1.84928    -21.232876  0.000  0.000  0.000  0.000  0.010  0.187  0.584  0.199  0.010  0.990
   1.83415    -21.232885  0.000  0.000  0.000  0.000  0.010  0.187  0.584  0.199  0.010  0.990
   1.81902    -21.232892  0.000  0.000  0.000  0.000  0.010  0.186  0.584  0.199  0.010  0.990
   1.80389    -21.232904  0.000  0.000  0.000  0.000  0.010  0.186  0.584  0.199  0.010  0.990
   1.78876    -21.232913  0.000  0.000  0.000  0.000  0.010  0.186  0.583  0.199  0.011  0.990
   1.77363    -21.232925  0.000  0.000  0.000  0.000  0.010  0.186  0.583  0.199  0.011  0.990
   1.75850    -21.232935  0.000  0.000  0.000  0.000  0.011  0.186  0.583  0.199  0.011  0.990
   1.74337    -21.232942  0.000  0.000  0.000  0.000  0.011  0.186  0.583  0.199  0.011  0.990
   1.72824    -21.232950  0.000  0.000  0.000  0.000  0.011  0.186  0.582  0.199  0.011  0.990
   1.71311    -21.232954  0.000  0.000  0.000  0.000  0.011  0.186  0.582  0.199  0.012  0.990
   1.69798    -21.232959  0.000  0.000  0.000  0.000  0.011  0.186  0.582  0.199  0.012  0.990
   1.68285    -21.232968  0.000  0.000  0.000  0.000  0.011  0.186  0.582  0.199  0.012  0.990
   1.66772    -21.232977  0.000  0.000  0.000  0.000  0.012  0.186  0.581  0.198  0.012  0.990
   1.65259    -21.232985  0.000  0.000  0.000  0.000  0.012  0.186  0.581  0.198  0.013  0.990
   1.63746    -21.232989  0.000  0.000  0.000  0.000  0.012  0.186  0.581  0.198  0.013  0.990
   1.63746    -21.232989  0.000  0.000  0.000  0.000  0.012  0.186  0.581  0.198  0.013  0.990
   1.61126    -21.232958  0.000  0.000  0.000  0.000  0.012  0.188  0.581  0.196  0.013  0.990
   1.58505    -21.232942  0.000  0.000  0.000  0.000  0.011  0.190  0.582  0.194  0.012  0.990
   1.55885    -21.232935  0.000  0.000  0.000  0.000  0.011  0.192  0.582  0.192  0.012  0.990
   1.53264    -21.232932  0.000  0.000  0.000  0.000  0.011  0.194  0.582  0.190  0.012  0.990
   1.50644    -21.232943  0.000  0.000  0.000  0.000  0.010  0.196  0.583  0.189  0.011  0.990
   1.48023    -21.232956  0.000  0.000  0.000  0.000  0.010  0.198  0.583  0.187  0.011  0.990
   1.45403    -21.232982  0.000  0.000  0.000  0.000  0.010  0.200  0.583  0.185  0.011  0.990
   1.42782    -21.233033  0.000  0.000  0.000  0.000  0.010  0.202  0.584  0.184  0.010  0.990
   1.40162    -21.233070  0.000  0.000  0.000  0.000  0.009  0.204  0.584  0.182  0.010  0.990
   1.37541    -21.233123  0.000  0.000  0.000  0.000  0.009  0.205  0.584  0.181  0.010  0.990
   1.34921    -21.233185  0.000  0.000  0.000  0.000  0.009  0.207  0.584  0.180  0.009  0.989
   1.32300    -21.233249  0.000  0.000  0.000  0.000  0.009  0.208  0.585  0.179  0.009  0.989
   1.29680    -21.233333  0.000  0.000  0.000  0.000  0.008  0.210  0.585  0.178  0.009  0.989
   1.27059    -21.233408  0.000  0.000  0.000  0.000  0.008  0.211  0.585  0.177  0.008  0.989
   1.24439    -21.233496  0.000  0.000  0.000  0.000  0.008  0.211  0.585  0.177  0.008  0.989
   1.21818    -21.233590  0.000  0.000  0.000  0.000  0.008  0.212  0.585  0.177  0.008  0.989
   1.19197    -21.233681  0.000  0.000  0.000  0.000  0.008  0.212  0.585  0.176  0.008  0.989
   1.16577    -21.233779  0.000  0.000  0.000  0.000  0.008  0.212  0.585  0.177  0.008  0.989
   1.13956    -21.233878  0.000  0.000  0.000  0.000  0.008  0.211  0.586  0.177  0.007  0.989
   1.11336    -21.233974  0.000  0.000  0.000  0.000  0.008  0.210  0.586  0.178  0.007  0.989
   1.08715    -21.234074  0.000  0.000  0.000  0.000  0.008  0.209  0.586  0.179  0.007  0.989
   1.06095    -21.234162  0.000  0.000  0.000  0.000  0.008  0.208  0.586  0.180  0.007  0.989
   1.03474    -21.234255  0.000  0.000  0.000  0.000  0.008  0.207  0.586  0.182  0.007  0.989
   1.00854    -21.234347  0.000  0.000  0.000  0.000  0.008  0.205  0.586  0.183  0.007  0.989
   0.98233    -21.234426  0.000  0.000  0.000  0.000  0.008  0.203  0.585  0.185  0.008  0.989
   0.95613    -21.234497  0.000  0.000  0.000  0.000  0.008  0.201  0.585  0.187  0.008  0.989
   0.92992    -21.234558  0.000  0.000  0.000  0.000  0.008  0.199  0.585  0.189  0.008  0.989
   0.90372    -21.234609  0.000  0.000  0.000  0.000  0.008  0.196  0.585  0.191  0.008  0.989
   0.87751    -21.234653  0.000  0.000  0.000  0.000  0.009  0.194  0.585  0.194  0.009  0.989
   0.87751    -21.234653  0.000  0.000  0.000  0.000  0.009  0.194  0.585  0.194  0.009  0.989
   0.84725    -21.234604  0.000  0.000  0.000  0.000  0.008  0.195  0.585  0.192  0.008  0.989
   0.81700    -21.234538  0.000  0.000  0.000  0.000  0.008  0.197  0.585  0.191  0.008  0.989
   0.78674    -21.234460  0.000  0.000  0.000  0.000  0.008  0.198  0.585  0.190  0.008  0.989
   0.75648    -21.234381  0.000  0.000  0.000  0.000  0.008  0.199  0.585  0.189  0.008  0.989
   0.72622    -21.234283  0.000  0.000  0.000  0.000  0.008  0.200  0.586  0.188  0.007  0.989
   0.69596    -21.234180  0.000  0.000  0.000  0.000  0.008  0.201  0.586  0.187  0.007  0.989
   0.66570    -21.234069  0.000  0.000  0.000  0.000  0.008  0.202  0.586  0.187  0.007  0.989
   0.63544    -21.233957  0.000  0.000  0.000  0.000  0.008  0.202  0.586  0.186  0.007  0.989
   0.60518    -21.233835  0.000  0.000  0.000  0.000  0.008  0.203  0.586  0.186  0.007  0.989
   0.57492    -21.233718  0.000  0.000  0.000  0.000  0.008  0.203  0.585  0.185  0.007  0.989
   0.54466    -21.233610  0.000  0.000  0.000  0.000  0.008  0.203  0.585  0.185  0.008  0.989
   0.51440    -21.233504  0.000  0.000  0.000  0.000  0.008  0.203  0.585  0.185  0.008  0.989
   0.48415    -21.233391  0.000  0.000  0.000  0.000  0.009  0.203  0.585  0.185  0.008  0.989
   0.45389    -21.233302  0.000  0.000  0.000  0.000  0.009  0.202  0.585  0.186  0.008  0.989
   0.42363    -21.233213  0.000  0.000  0.000  0.000  0.009  0.201  0.585  0.186  0.008  0.989
   0.39337    -21.233139  0.000  0.000  0.000  0.000  0.009  0.201  0.585  0.186  0.008  0.989
   0.36311    -21.233066  0.000  0.000  0.000  0.000  0.009  0.200  0.585  0.187  0.008  0.990
   0.33285    -21.233002  0.000  0.000  0.000  0.000  0.009  0.199  0.585  0.188  0.009  0.990
   0.30259    -21.232953  0.000  0.000  0.000  0.000  0.009  0.198  0.585  0.188  0.009  0.990
   0.27233    -21.232902  0.000  0.000  0.000  0.000  0.009  0.198  0.585  0.189  0.009  0.990
   0.24207    -21.232867  0.000  0.000  0.000  0.000  0.009  0.197  0.585  0.190  0.009  0.990
   0.21181    -21.232843  0.000  0.000  0.000  0.000  0.009  0.196  0.585  0.191  0.009  0.990
   0.18155    -21.232827  0.000  0.000  0.000  0.000  0.009  0.195  0.585  0.191  0.009  0.990
   0.15130    -21.232811  0.000  0.000  0.000  0.000  0.009  0.194  0.585  0.192  0.009  0.990
   0.12104    -21.232803  0.000  0.000  0.000  0.000  0.009  0.194  0.585  0.193  0.009  0.990
   0.09078    -21.232801  0.000  0.000  0.000  0.000  0.009  0.193  0.586  0.193  0.009  0.990
   0.06052    -21.232799  0.000  0.000  0.000  0.000  0.008  0.193  0.586  0.194  0.008  0.990
   0.03026    -21.232797  0.000  0.000  0.000  0.000  0.008  0.193  0.586  0.194  0.008  0.990
   0.00000    -21.232787  0.000  0.000  0.000  0.000  0.008  0.193  0.586  0.193  0.008  0.990
 
# Band-Index:   11
   0.00000    -10.143357  0.728  0.000  0.001  0.000  0.000  0.000  0.000  0.000  0.000  0.729
   0.03026    -10.146783  0.726  0.000  0.001  0.000  0.000  0.000  0.000  0.000  0.000  0.727
   0.06052    -10.157523  0.721  0.000  0.001  0.000  0.000  0.000  0.000  0.000  0.000  0.722
   0.09078    -10.175994  0.712  0.000  0.001  0.000  0.000  0.000  0.000  0.000  0.000  0.713
   0.12104    -10.202204  0.700  0.000  0.001  0.000  0.000  0.000  0.000  0.000  0.000  0.701
   0.15130    -10.235776  0.685  0.000  0.001  0.000  0.000  0.000  0.000  0.000  0.000  0.687
   0.18155    -10.276007  0.669  0.001  0.001  0.000  0.000  0.000  0.000  0.000  0.000  0.672
   0.21181    -10.321983  0.653  0.001  0.001  0.000  0.000  0.000  0.000  0.000  0.000  0.655
   0.24207    -10.372672  0.636  0.001  0.001  0.000  0.000  0.000  0.000  0.000  0.000  0.639
   0.27233    -10.426991  0.619  0.001  0.001  0.000  0.000  0.000  0.000  0.000  0.000  0.623
   0.30259    -10.483903  0.603  0.001  0.002  0.001  0.000  0.000  0.000  0.000  0.000  0.607
   0.33285    -10.542423  0.589  0.001  0.002  0.001  0.000  0.000  0.000  0.000  0.000  0.593
   0.36311    -10.601650  0.575  0.001  0.002  0.001  0.000  0.000  0.000  0.000  0.000  0.579
   0.39337    -10.660770  0.563  0.001  0.002  0.001  0.000  0.000  0.000  0.000  0.000  0.567
   0.42363    -10.719055  0.552  0.001  0.002  0.001  0.000  0.000  0.000  0.000  0.000  0.556
   0.45389    -10.775863  0.542  0.001  0.002  0.001  0.000  0.000  0.000  0.000  0.000  0.546
   0.48415    -10.830632  0.533  0.001  0.002  0.001  0.000  0.000  0.000  0.000  0.000  0.538
   0.51440    -10.882878  0.525  0.001  0.002  0.000  0.000  0.000  0.000  0.000  0.000  0.530
   0.54466    -10.932186  0.518  0.001  0.002  0.000  0.000  0.000  0.000  0.000  0.000  0.523
   0.57492    -10.978206  0.513  0.001  0.002  0.000  0.000  0.000  0.000  0.000  0.000  0.517
   0.60518    -11.020639  0.507  0.001  0.003  0.000  0.000  0.000  0.000  0.000  0.000  0.511
   0.63544    -11.059216  0.503  0.001  0.003  0.000  0.000  0.000  0.000  0.000  0.000  0.507
   0.66570    -11.093712  0.499  0.001  0.003  0.000  0.000  0.000  0.000  0.000  0.000  0.503
   0.69596    -11.123941  0.496  0.000  0.003  0.000  0.000  0.000  0.000  0.000  0.000  0.499
   0.72622    -11.149749  0.493  0.000  0.003  0.000  0.000  0.000  0.000  0.000  0.000  0.497
   0.75648    -11.171015  0.491  0.000  0.003  0.000  0.000  0.000  0.000  0.000  0.000  0.495
   0.78674    -11.187629  0.490  0.000  0.003  0.000  0.000  0.000  0.000  0.000  0.000  0.493
   0.81700    -11.199516  0.489  0.000  0.003  0.000  0.000  0.000  0.000  0.000  0.000  0.492
   0.84725    -11.206624  0.488  0.000  0.003  0.000  0.000  0.000  0.000  0.000  0.000  0.491
   0.87751    -11.208921  0.488  0.000  0.003  0.000  0.000  0.000  0.000  0.000  0.000  0.491
   0.87751    -11.208921  0.488  0.000  0.003  0.000  0.000  0.000  0.000  0.000  0.000  0.491
   0.90372    -11.207211  0.488  0.000  0.003  0.000  0.000  0.000  0.000  0.000  0.000  0.491
   0.92992    -11.201891  0.488  0.000  0.003  0.000  0.000  0.000  0.000  0.000  0.000  0.491
   0.95613    -11.192979  0.489  0.000  0.003  0.000  0.000  0.000  0.000  0.000  0.000  0.492
   0.98233    -11.180502  0.490  0.000  0.003  0.000  0.000  0.000  0.000  0.000  0.000  0.494
   1.00854    -11.164505  0.492  0.000  0.003  0.000  0.000  0.000  0.000  0.000  0.000  0.495
   1.03474    -11.145046  0.494  0.000  0.003  0.000  0.000  0.000  0.000  0.000  0.000  0.497
   1.06095    -11.122201  0.496  0.001  0.003  0.000  0.000  0.000  0.000  0.000  0.000  0.500
   1.08715    -11.096054  0.499  0.001  0.003  0.000  0.000  0.000  0.000  0.000  0.000  0.503
   1.11336    -11.066712  0.502  0.001  0.003  0.000  0.000  0.000  0.000  0.000  0.000  0.506
   1.13956    -11.034300  0.506  0.001  0.003  0.000  0.000  0.000  0.000  0.000  0.000  0.510
   1.16577    -10.998971  0.510  0.001  0.002  0.000  0.000  0.000  0.000  0.000  0.000  0.514
   1.19197    -10.960910  0.515  0.001  0.002  0.000  0.000  0.000  0.000  0.000  0.000  0.519
   1.21818    -10.920325  0.520  0.002  0.002  0.000  0.000  0.000  0.000  0.000  0.000  0.524
   1.24439    -10.877460  0.526  0.002  0.002  0.000  0.000  0.000  0.000  0.000  0.000  0.531
   1.27059    -10.832600  0.533  0.002  0.002  0.000  0.000  0.000  0.000  0.000  0.000  0.537
   1.29680    -10.786081  0.540  0.002  0.002  0.000  0.000  0.000  0.000  0.000  0.000  0.545
   1.32300    -10.738299  0.548  0.002  0.002  0.000  0.000  0.000  0.000  0.000  0.000  0.553
   1.34921    -10.689722  0.557  0.002  0.002  0.000  0.000  0.000  0.000  0.000  0.000  0.562
   1.37541    -10.640890  0.567  0.002  0.002  0.000  0.000  0.000  0.000  0.000  0.000  0.571
   1.40162    -10.592437  0.577  0.002  0.002  0.000  0.000  0.000  0.000  0.000  0.000  0.581
   1.42782    -10.545087  0.588  0.002  0.002  0.000  0.000  0.000  0.000  0.000  0.000  0.592
   1.45403    -10.499670  0.599  0.002  0.002  0.000  0.000  0.000  0.000  0.000  0.000  0.603
   1.48023    -10.457121  0.610  0.002  0.002  0.000  0.000  0.000  0.000  0.000  0.000  0.614
   1.50644    -10.418468  0.622  0.002  0.002  0.000  0.000  0.000  0.000  0.000  0.000  0.625
   1.53264    -10.384783  0.632  0.001  0.001  0.000  0.000  0.000  0.000  0.000  0.000  0.635
   1.55885    -10.357145  0.641  0.001  0.001  0.000  0.000  0.000  0.000  0.000  0.000  0.644
   1.58505    -10.336554  0.648  0.001  0.001  0.000  0.000  0.000  0.000  0.000  0.000  0.651
   1.61126    -10.323819  0.653  0.001  0.001  0.000  0.000  0.000  0.000  0.000  0.000  0.656
   1.63746    -10.319477  0.655  0.001  0.001  0.000  0.000  0.000  0.000  0.000  0.000  0.657
   1.63746    -10.319477  0.655  0.001  0.001  0.000  0.000  0.000  0.000  0.000  0.000  0.657
   1.65259    -10.319244  0.655  0.001  0.001  0.000  0.000  0.000  0.000  0.000  0.000  0.658
   1.66772    -10.318189  0.655  0.001  0.001  0.000  0.000  0.000  0.000  0.000  0.000  0.658
   1.68285    -10.316319  0.656  0.001  0.001  0.000  0.000  0.000  0.000  0.000  0.000  0.659
   1.69798    -10.313645  0.657  0.001  0.001  0.000  0.000  0.000  0.000  0.000  0.000  0.660
   1.71311    -10.310186  0.658  0.001  0.001  0.000  0.000  0.000  0.000  0.000  0.000  0.661
   1.72824    -10.305962  0.660  0.001  0.001  0.000  0.000  0.000  0.000  0.000  0.000  0.662
   1.74337    -10.301001  0.662  0.001  0.001  0.000  0.000  0.000  0.000  0.000  0.000  0.664
   1.75850    -10.295336  0.664  0.001  0.001  0.000  0.000  0.000  0.000  0.000  0.000  0.666
   1.77363    -10.289006  0.666  0.001  0.001  0.000  0.000  0.000  0.000  0.000  0.000  0.668
   1.78876    -10.282053  0.669  0.001  0.001  0.000  0.000  0.000  0.000  0.000  0.000  0.671
   1.80389    -10.274531  0.671  0.001  0.001  0.000  0.000  0.000  0.000  0.000  0.000  0.674
   1.81902    -10.266495  0.674  0.001  0.001  0.000  0.000  0.000  0.000  0.000  0.000  0.676
   1.83415    -10.258009  0.678  0.000  0.001  0.000  0.000  0.000  0.000  0.000  0.000  0.680
   1.84928    -10.249143  0.681  0.000  0.001  0.000  0.000  0.000  0.000  0.000  0.000  0.683
   1.86441    -10.239977  0.685  0.000  0.001  0.000  0.000  0.000  0.000  0.000  0.000  0.687
   1.87953    -10.230597  0.688  0.000  0.001  0.000  0.000  0.000  0.000  0.000  0.000  0.690
   1.89466    -10.221099  0.692  0.000  0.001  0.000  0.000  0.000  0.000  0.000  0.000  0.694
   1.90979    -10.211588  0.696  0.000  0.001  0.000  0.000  0.000  0.000  0.000  0.000  0.698
   1.92492    -10.202176  0.700  0.000  0.001  0.000  0.000  0.000  0.000  0.000  0.000  0.702
   1.94005    -10.192983  0.704  0.000  0.001  0.000  0.000  0.000  0.000  0.000  0.000  0.706
   1.95518    -10.184139  0.708  0.000  0.001  0.000  0.000  0.000  0.000  0.000  0.000  0.710
   1.97031    -10.175784  0.712  0.000  0.001  0.000  0.000  0.000  0.000  0.000  0.000  0.713
   1.98544    -10.168059  0.716  0.000  0.001  0.000  0.000  0.000  0.000  0.000  0.000  0.717
   2.00057    -10.161115  0.719  0.000  0.001  0.000  0.000  0.000  0.000  0.000  0.000  0.720
   2.01570    -10.155101  0.722  0.000  0.001  0.000  0.000  0.000  0.000  0.000  0.000  0.723
   2.03083    -10.150171  0.724  0.000  0.001  0.000  0.000  0.000  0.000  0.000  0.000  0.725
   2.04596    -10.146474  0.726  0.000  0.001  0.000  0.000  0.000  0.000  0.000  0.000  0.727
   2.06109    -10.144158  0.727  0.000  0.001  0.000  0.000  0.000  0.000  0.000  0.000  0.728
   2.07622    -10.143357  0.728  0.000  0.001  0.000  0.000  0.000  0.000  0.000  0.000  0.729
   2.07622    -10.143357  0.728  0.000  0.001  0.000  0.000  0.000  0.000  0.000  0.000  0.729
   2.10648    -10.146783  0.726  0.000  0.001  0.000  0.000  0.000  0.000  0.000  0.000  0.727
   2.13674    -10.157523  0.721  0.000  0.001  0.000  0.000  0.000  0.000  0.000  0.000  0.722
   2.16700    -10.175994  0.712  0.000  0.001  0.000  0.000  0.000  0.000  0.000  0.000  0.713
   2.19725    -10.202204  0.700  0.000  0.001  0.000  0.000  0.000  0.000  0.000  0.000  0.701
   2.22751    -10.235776  0.685  0.000  0.001  0.000  0.000  0.000  0.000  0.000  0.000  0.687
   2.25777    -10.276007  0.669  0.001  0.001  0.000  0.000  0.000  0.000  0.000  0.000  0.672
   2.28803    -10.321983  0.653  0.001  0.001  0.000  0.000  0.000  0.000  0.000  0.000  0.655
   2.31829    -10.372672  0.636  0.001  0.001  0.000  0.000  0.000  0.000  0.000  0.000  0.639
   2.34855    -10.426991  0.619  0.001  0.001  0.000  0.000  0.000  0.000  0.000  0.000  0.623
   2.37881    -10.483903  0.603  0.001  0.002  0.001  0.000  0.000  0.000  0.000  0.000  0.607
   2.40907    -10.542423  0.589  0.001  0.002  0.001  0.000  0.000  0.000  0.000  0.000  0.593
   2.43933    -10.601650  0.575  0.001  0.002  0.001  0.000  0.000  0.000  0.000  0.000  0.579
   2.46959    -10.660770  0.563  0.001  0.002  0.001  0.000  0.000  0.000  0.000  0.000  0.567
   2.49985    -10.719055  0.552  0.001  0.002  0.001  0.000  0.000  0.000  0.000  0.000  0.556
   2.53010    -10.775863  0.542  0.001  0.002  0.001  0.000  0.000  0.000  0.000  0.000  0.546
   2.56036    -10.830632  0.533  0.001  0.002  0.001  0.000  0.000  0.000  0.000  0.000  0.538
   2.59062    -10.882878  0.525  0.001  0.002  0.000  0.000  0.000  0.000  0.000  0.000  0.530
   2.62088    -10.932186  0.518  0.001  0.002  0.000  0.000  0.000  0.000  0.000  0.000  0.523
   2.65114    -10.978206  0.513  0.001  0.002  0.000  0.000  0.000  0.000  0.000  0.000  0.517
   2.68140    -11.020639  0.507  0.001  0.003  0.000  0.000  0.000  0.000  0.000  0.000  0.511
   2.71166    -11.059216  0.503  0.001  0.003  0.000  0.000  0.000  0.000  0.000  0.000  0.507
   2.74192    -11.093712  0.499  0.001  0.003  0.000  0.000  0.000  0.000  0.000  0.000  0.503
   2.77218    -11.123941  0.496  0.000  0.003  0.000  0.000  0.000  0.000  0.000  0.000  0.499
   2.80244    -11.149749  0.493  0.000  0.003  0.000  0.000  0.000  0.000  0.000  0.000  0.497
   2.83270    -11.171015  0.491  0.000  0.003  0.000  0.000  0.000  0.000  0.000  0.000  0.495
   2.86295    -11.187629  0.490  0.000  0.003  0.000  0.000  0.000  0.000  0.000  0.000  0.493
   2.89321    -11.199516  0.489  0.000  0.003  0.000  0.000  0.000  0.000  0.000  0.000  0.492
   2.92347    -11.206624  0.488  0.000  0.003  0.000  0.000  0.000  0.000  0.000  0.000  0.491
   2.95373    -11.208921  0.488  0.000  0.003  0.000  0.000  0.000  0.000  0.000  0.000  0.491
 
# Band-Index:   12
   2.95373    -11.208920  0.488  0.000  0.003  0.000  0.000  0.000  0.000  0.000  0.000  0.491
   2.92347    -11.206406  0.488  0.000  0.003  0.000  0.000  0.000  0.000  0.000  0.000  0.491
   2.89321    -11.199085  0.489  0.000  0.003  0.000  0.000  0.000  0.000  0.000  0.000  0.492
   2.86295    -11.186989  0.490  0.000  0.003  0.000  0.000  0.000  0.000  0.000  0.000  0.493
   2.83270    -11.170174  0.492  0.000  0.003  0.000  0.000  0.000  0.000  0.000  0.000  0.495
   2.80244    -11.148719  0.494  0.000  0.003  0.000  0.000  0.000  0.000  0.000  0.000  0.498
   2.77218    -11.122736  0.497  0.000  0.002  0.000  0.000  0.000  0.000  0.000  0.000  0.500
   2.74192    -11.092349  0.501  0.000  0.002  0.000  0.000  0.000  0.000  0.000  0.000  0.504
   2.71166    -11.057716  0.505  0.000  0.002  0.000  0.000  0.000  0.000  0.000  0.000  0.508
   2.68140    -11.019024  0.509  0.001  0.002  0.000  0.000  0.000  0.000  0.000  0.000  0.513
   2.65114    -10.976501  0.515  0.001  0.002  0.000  0.000  0.000  0.000  0.000  0.000  0.518
   2.62088    -10.930417  0.521  0.001  0.002  0.000  0.000  0.000  0.000  0.000  0.000  0.524
   2.59062    -10.881070  0.528  0.001  0.002  0.000  0.000  0.000  0.000  0.000  0.000  0.531
   2.56036    -10.828807  0.535  0.001  0.002  0.000  0.000  0.000  0.000  0.000  0.000  0.539
   2.53010    -10.774032  0.544  0.001  0.002  0.000  0.000  0.000  0.000  0.000  0.000  0.548
   2.49985    -10.717210  0.554  0.001  0.002  0.000  0.000  0.000  0.000  0.000  0.000  0.558
   2.46959    -10.658869  0.564  0.001  0.002  0.001  0.000  0.000  0.000  0.000  0.000  0.568
   2.43933    -10.599608  0.576  0.001  0.002  0.001  0.000  0.000  0.000  0.000  0.000  0.580
   2.40907    -10.540106  0.589  0.001  0.002  0.001  0.000  0.000  0.000  0.000  0.000  0.593
   2.37881    -10.481149  0.603  0.001  0.001  0.001  0.000  0.000  0.000  0.000  0.000  0.607
   2.34855    -10.423627  0.618  0.001  0.001  0.001  0.000  0.000  0.000  0.000  0.000  0.622
   2.31829    -10.368535  0.635  0.001  0.001  0.001  0.000  0.000  0.000  0.000  0.000  0.638
   2.28803    -10.316935  0.652  0.001  0.001  0.000  0.000  0.000  0.000  0.000  0.000  0.655
   2.25777    -10.269950  0.669  0.001  0.001  0.000  0.000  0.000  0.000  0.000  0.000  0.671
   2.22751    -10.228667  0.685  0.001  0.001  0.000  0.000  0.000  0.000  0.000  0.000  0.688
   2.19725    -10.194077  0.700  0.000  0.001  0.000  0.000  0.000  0.000  0.000  0.000  0.702
   2.16700    -10.166964  0.713  0.000  0.001  0.000  0.000  0.000  0.000  0.000  0.000  0.714
   2.13674    -10.147787  0.722  0.000  0.001  0.000  0.000  0.000  0.000  0.000  0.000  0.724
   2.10648    -10.136604  0.728  0.000  0.001  0.000  0.000  0.000  0.000  0.000  0.000  0.729
   2.07622    -10.133029  0.730  0.000  0.001  0.000  0.000  0.000  0.000  0.000  0.000  0.731
   2.07622    -10.133029  0.730  0.000  0.001  0.000  0.000  0.000  0.000  0.000  0.000  0.731
   2.06109    -10.133866  0.730  0.000  0.001  0.000  0.000  0.000  0.000  0.000  0.000  0.730
   2.04596    -10.136288  0.728  0.000  0.001  0.000  0.000  0.000  0.000  0.000  0.000  0.729
   2.03083    -10.140154  0.726  0.000  0.001  0.000  0.000  0.000  0.000  0.000  0.000  0.727
   2.01570    -10.145312  0.724  0.000  0.001  0.000  0.000  0.000  0.000  0.000  0.000  0.725
   2.00057    -10.151603  0.721  0.000  0.001  0.000  0.000  0.000  0.000  0.000  0.000  0.722
   1.98544    -10.158868  0.717  0.000  0.001  0.000  0.000  0.000  0.000  0.000  0.000  0.718
   1.97031    -10.166949  0.713  0.000  0.001  0.000  0.000  0.000  0.000  0.000  0.000  0.715
   1.95518    -10.175689  0.709  0.000  0.001  0.000  0.000  0.000  0.000  0.000  0.000  0.711
   1.94005    -10.184939  0.705  0.000  0.001  0.000  0.000  0.000  0.000  0.000  0.000  0.707
   1.92492    -10.194553  0.701  0.000  0.001  0.000  0.000  0.000  0.000  0.000  0.000  0.703
   1.90979    -10.204397  0.697  0.000  0.001  0.000  0.000  0.000  0.000  0.000  0.000  0.698
   1.89466    -10.214346  0.693  0.000  0.001  0.000  0.000  0.000  0.000  0.000  0.000  0.694
   1.87953    -10.224284  0.688  0.000  0.001  0.000  0.000  0.000  0.000  0.000  0.000  0.690
   1.86441    -10.234103  0.685  0.000  0.001  0.000  0.000  0.000  0.000  0.000  0.000  0.687
   1.84928    -10.243705  0.681  0.001  0.001  0.000  0.000  0.000  0.000  0.000  0.000  0.683
   1.83415    -10.253001  0.677  0.001  0.001  0.000  0.000  0.000  0.000  0.000  0.000  0.680
   1.81902    -10.261912  0.674  0.001  0.001  0.000  0.000  0.000  0.000  0.000  0.000  0.676
   1.80389    -10.270365  0.671  0.001  0.001  0.000  0.000  0.000  0.000  0.000  0.000  0.673
   1.78876    -10.278297  0.668  0.001  0.001  0.000  0.000  0.000  0.000  0.000  0.000  0.671
   1.77363    -10.285652  0.666  0.001  0.001  0.000  0.000  0.000  0.000  0.000  0.000  0.668
   1.75850    -10.292377  0.663  0.001  0.001  0.000  0.000  0.000  0.000  0.000  0.000  0.666
   1.74337    -10.298429  0.661  0.001  0.001  0.000  0.000  0.000  0.000  0.000  0.000  0.664
   1.72824    -10.303770  0.660  0.001  0.001  0.000  0.000  0.000  0.000  0.000  0.000  0.662
   1.71311    -10.308369  0.658  0.001  0.001  0.000  0.000  0.000  0.000  0.000  0.000  0.661
   1.69798    -10.312198  0.657  0.001  0.001  0.000  0.000  0.000  0.000  0.000  0.000  0.659
   1.68285    -10.315237  0.656  0.001  0.001  0.000  0.000  0.000  0.000  0.000  0.000  0.659
   1.66772    -10.317470  0.655  0.001  0.001  0.000  0.000  0.000  0.000  0.000  0.000  0.658
   1.65259    -10.318885  0.655  0.001  0.001  0.000  0.000  0.000  0.000  0.000  0.000  0.657
   1.63746    -10.319477  0.655  0.001  0.001  0.000  0.000  0.000  0.000  0.000  0.000  0.657
   1.63746    -10.319477  0.655  0.001  0.001  0.000  0.000  0.000  0.000  0.000  0.000  0.657
   1.61126    -10.323715  0.654  0.001  0.001  0.000  0.000  0.000  0.000  0.000  0.000  0.656
   1.58505    -10.336339  0.649  0.001  0.001  0.000  0.000  0.000  0.000  0.000  0.000  0.652
   1.55885    -10.356803  0.642  0.001  0.001  0.000  0.000  0.000  0.000  0.000  0.000  0.645
   1.53264    -10.384296  0.634  0.001  0.001  0.000  0.000  0.000  0.000  0.000  0.000  0.636
   1.50644    -10.417823  0.623  0.001  0.001  0.000  0.000  0.000  0.000  0.000  0.000  0.626
   1.48023    -10.456307  0.612  0.001  0.001  0.000  0.000  0.000  0.000  0.000  0.000  0.616
   1.45403    -10.498683  0.601  0.002  0.001  0.000  0.000  0.000  0.000  0.000  0.000  0.605
   1.42782    -10.543933  0.590  0.002  0.001  0.000  0.000  0.000  0.000  0.000  0.000  0.594
   1.40162    -10.591127  0.579  0.002  0.002  0.000  0.000  0.000  0.000  0.000  0.000  0.583
   1.37541    -10.639441  0.569  0.002  0.002  0.000  0.000  0.000  0.000  0.000  0.000  0.573
   1.34921    -10.688156  0.560  0.002  0.002  0.000  0.000  0.000  0.000  0.000  0.000  0.563
   1.32300    -10.736641  0.551  0.002  0.002  0.000  0.000  0.000  0.000  0.000  0.000  0.555
   1.29680    -10.784356  0.543  0.002  0.002  0.000  0.000  0.000  0.000  0.000  0.000  0.547
   1.27059    -10.830836  0.535  0.001  0.002  0.000  0.000  0.000  0.000  0.000  0.000  0.539
   1.24439    -10.875685  0.529  0.001  0.002  0.000  0.000  0.000  0.000  0.000  0.000  0.532
   1.21818    -10.918564  0.523  0.001  0.002  0.000  0.000  0.000  0.000  0.000  0.000  0.526
   1.19197    -10.959188  0.517  0.001  0.002  0.000  0.000  0.000  0.000  0.000  0.000  0.521
   1.16577    -10.997312  0.512  0.001  0.002  0.000  0.000  0.000  0.000  0.000  0.000  0.516
   1.13956    -11.032725  0.508  0.001  0.002  0.000  0.000  0.000  0.000  0.000  0.000  0.511
   1.11336    -11.065240  0.504  0.001  0.002  0.000  0.000  0.000  0.000  0.000  0.000  0.507
   1.08715    -11.094703  0.500  0.001  0.002  0.000  0.000  0.000  0.000  0.000  0.000  0.504
   1.06095    -11.120986  0.498  0.000  0.002  0.000  0.000  0.000  0.000  0.000  0.000  0.501
   1.03474    -11.143981  0.495  0.000  0.002  0.000  0.000  0.000  0.000  0.000  0.000  0.498
   1.00854    -11.163601  0.493  0.000  0.003  0.000  0.000  0.000  0.000  0.000  0.000  0.496
   0.98233    -11.179768  0.491  0.000  0.003  0.000  0.000  0.000  0.000  0.000  0.000  0.494
   0.95613    -11.192422  0.490  0.000  0.003  0.000  0.000  0.000  0.000  0.000  0.000  0.493
   0.92992    -11.201517  0.489  0.000  0.003  0.000  0.000  0.000  0.000  0.000  0.000  0.492
   0.90372    -11.207023  0.488  0.000  0.003  0.000  0.000  0.000  0.000  0.000  0.000  0.491
   0.87751    -11.208920  0.488  0.000  0.003  0.000  0.000  0.000  0.000  0.000  0.000  0.491
   0.87751    -11.208920  0.488  0.000  0.003  0.000  0.000  0.000  0.000  0.000  0.000  0.491
   0.84725    -11.206406  0.488  0.000  0.003  0.000  0.000  0.000  0.000  0.000  0.000  0.491
   0.81700    -11.199085  0.489  0.000  0.003  0.000  0.000  0.000  0.000  0.000  0.000  0.492
   0.78674    -11.186989  0.490  0.000  0.003  0.000  0.000  0.000  0.000  0.000  0.000  0.493
   0.75648    -11.170174  0.492  0.000  0.003  0.000  0.000  0.000  0.000  0.000  0.000  0.495
   0.72622    -11.148719  0.494  0.000  0.003  0.000  0.000  0.000  0.000  0.000  0.000  0.498
   0.69596    -11.122736  0.497  0.000  0.002  0.000  0.000  0.000  0.000  0.000  0.000  0.500
   0.66570    -11.092349  0.501  0.000  0.002  0.000  0.000  0.000  0.000  0.000  0.000  0.504
   0.63544    -11.057716  0.505  0.000  0.002  0.000  0.000  0.000  0.000  0.000  0.000  0.508
   0.60518    -11.019024  0.509  0.001  0.002  0.000  0.000  0.000  0.000  0.000  0.000  0.513
   0.57492    -10.976501  0.515  0.001  0.002  0.000  0.000  0.000  0.000  0.000  0.000  0.518
   0.54466    -10.930417  0.521  0.001  0.002  0.000  0.000  0.000  0.000  0.000  0.000  0.524
   0.51440    -10.881070  0.528  0.001  0.002  0.000  0.000  0.000  0.000  0.000  0.000  0.531
   0.48415    -10.828807  0.535  0.001  0.002  0.000  0.000  0.000  0.000  0.000  0.000  0.539
   0.45389    -10.774032  0.544  0.001  0.002  0.000  0.000  0.000  0.000  0.000  0.000  0.548
   0.42363    -10.717210  0.554  0.001  0.002  0.000  0.000  0.000  0.000  0.000  0.000  0.558
   0.39337    -10.658869  0.564  0.001  0.002  0.001  0.000  0.000  0.000  0.000  0.000  0.568
   0.36311    -10.599608  0.576  0.001  0.002  0.001  0.000  0.000  0.000  0.000  0.000  0.580
   0.33285    -10.540106  0.589  0.001  0.002  0.001  0.000  0.000  0.000  0.000  0.000  0.593
   0.30259    -10.481149  0.603  0.001  0.001  0.001  0.000  0.000  0.000  0.000  0.000  0.607
   0.27233    -10.423627  0.618  0.001  0.001  0.001  0.000  0.000  0.000  0.000  0.000  0.622
   0.24207    -10.368535  0.635  0.001  0.001  0.001  0.000  0.000  0.000  0.000  0.000  0.638
   0.21181    -10.316935  0.652  0.001  0.001  0.000  0.000  0.000  0.000  0.000  0.000  0.655
   0.18155    -10.269950  0.669  0.001  0.001  0.000  0.000  0.000  0.000  0.000  0.000  0.671
   0.15130    -10.228667  0.685  0.001  0.001  0.000  0.000  0.000  0.000  0.000  0.000  0.688
   0.12104    -10.194077  0.700  0.000  0.001  0.000  0.000  0.000  0.000  0.000  0.000  0.702
   0.09078    -10.166964  0.713  0.000  0.001  0.000  0.000  0.000  0.000  0.000  0.000  0.714
   0.06052    -10.147787  0.722  0.000  0.001  0.000  0.000  0.000  0.000  0.000  0.000  0.724
   0.03026    -10.136604  0.728  0.000  0.001  0.000  0.000  0.000  0.000  0.000  0.000  0.729
   0.00000    -10.133029  0.730  0.000  0.001  0.000  0.000  0.000  0.000  0.000  0.000  0.731
 
# Band-Index:   13
   0.00000     -8.541926  0.000  0.015  0.000  0.015  0.001  0.001  0.000  0.001  0.001  0.035
   0.03026     -8.537869  0.002  0.015  0.000  0.014  0.001  0.001  0.000  0.001  0.001  0.037
   0.06052     -8.525087  0.008  0.016  0.000  0.014  0.001  0.001  0.000  0.001  0.001  0.042
   0.09078     -8.502981  0.017  0.016  0.000  0.013  0.001  0.001  0.000  0.001  0.001  0.052
   0.12104     -8.471400  0.030  0.016  0.001  0.012  0.001  0.001  0.000  0.001  0.001  0.064
   0.15130     -8.430643  0.045  0.016  0.001  0.011  0.001  0.001  0.000  0.001  0.001  0.078
   0.18155     -8.381382  0.062  0.016  0.001  0.011  0.001  0.001  0.000  0.001  0.001  0.094
   0.21181     -8.324558  0.080  0.016  0.001  0.010  0.001  0.001  0.000  0.001  0.001  0.111
   0.24207     -8.261278  0.098  0.015  0.001  0.009  0.001  0.001  0.000  0.001  0.001  0.128
   0.27233     -8.192736  0.115  0.015  0.001  0.009  0.001  0.001  0.000  0.001  0.001  0.144
   0.30259     -8.120146  0.132  0.014  0.002  0.008  0.001  0.001  0.000  0.001  0.001  0.160
   0.33285     -8.044712  0.147  0.014  0.002  0.007  0.001  0.001  0.000  0.001  0.001  0.174
   0.36311     -7.967599  0.161  0.013  0.003  0.007  0.000  0.001  0.000  0.001  0.001  0.187
   0.39337     -7.889904  0.175  0.012  0.003  0.006  0.000  0.001  0.000  0.001  0.001  0.199
   0.42363     -7.812661  0.186  0.011  0.004  0.005  0.000  0.001  0.000  0.000  0.001  0.210
   0.45389     -7.736828  0.197  0.011  0.005  0.005  0.000  0.001  0.000  0.000  0.001  0.220
   0.48415     -7.663279  0.207  0.010  0.006  0.004  0.000  0.001  0.000  0.000  0.001  0.229
   0.51440     -7.592797  0.215  0.009  0.007  0.004  0.000  0.001  0.000  0.000  0.001  0.236
   0.54466     -7.526071  0.223  0.008  0.007  0.003  0.000  0.001  0.000  0.000  0.001  0.243
   0.57492     -7.463697  0.229  0.007  0.008  0.003  0.000  0.001  0.000  0.000  0.001  0.249
   0.60518     -7.406161  0.235  0.006  0.009  0.002  0.000  0.001  0.000  0.000  0.000  0.253
   0.63544     -7.353852  0.239  0.005  0.010  0.002  0.000  0.000  0.000  0.000  0.000  0.257
   0.66570     -7.307059  0.243  0.004  0.011  0.002  0.000  0.000  0.000  0.000  0.000  0.261
   0.69596     -7.265986  0.246  0.003  0.012  0.001  0.000  0.000  0.000  0.000  0.000  0.263
   0.72622     -7.230766  0.249  0.002  0.012  0.001  0.000  0.000  0.000  0.000  0.000  0.265
   0.75648     -7.201471  0.251  0.002  0.013  0.001  0.000  0.000  0.000  0.000  0.000  0.266
   0.78674     -7.178146  0.252  0.001  0.013  0.001  0.000  0.000  0.000  0.000  0.000  0.267
   0.81700     -7.160808  0.253  0.001  0.014  0.000  0.000  0.000  0.000  0.000  0.000  0.268
   0.84725     -7.149474  0.253  0.000  0.014  0.000  0.000  0.000  0.000  0.000  0.000  0.268
   0.87751     -7.144164  0.253  0.000  0.014  0.000  0.000  0.000  0.000  0.000  0.000  0.267
   0.87751     -7.144164  0.253  0.000  0.014  0.000  0.000  0.000  0.000  0.000  0.000  0.267
   0.90372     -7.148413  0.253  0.000  0.014  0.000  0.000  0.000  0.000  0.000  0.000  0.268
   0.92992     -7.157182  0.253  0.001  0.014  0.000  0.000  0.000  0.000  0.000  0.000  0.268
   0.95613     -7.170457  0.252  0.001  0.013  0.000  0.000  0.000  0.000  0.000  0.000  0.267
   0.98233     -7.188225  0.251  0.002  0.013  0.000  0.000  0.000  0.000  0.000  0.000  0.267
   1.00854     -7.210480  0.250  0.002  0.013  0.000  0.000  0.000  0.000  0.000  0.000  0.266
   1.03474     -7.237203  0.248  0.003  0.012  0.000  0.000  0.000  0.000  0.000  0.000  0.265
   1.06095     -7.268365  0.246  0.004  0.012  0.000  0.000  0.000  0.000  0.000  0.000  0.263
   1.08715     -7.303915  0.243  0.005  0.011  0.000  0.000  0.000  0.000  0.000  0.000  0.261
   1.11336     -7.343769  0.240  0.006  0.010  0.000  0.000  0.001  0.000  0.000  0.000  0.258
   1.13956     -7.387802  0.236  0.007  0.010  0.000  0.000  0.001  0.000  0.000  0.001  0.255
   1.16577     -7.435833  0.232  0.008  0.009  0.000  0.000  0.001  0.000  0.000  0.001  0.251
   1.19197     -7.487621  0.227  0.010  0.008  0.000  0.000  0.001  0.000  0.000  0.001  0.246
   1.21818     -7.542861  0.221  0.011  0.007  0.000  0.000  0.001  0.000  0.000  0.001  0.241
   1.24439     -7.601174  0.214  0.012  0.006  0.000  0.000  0.001  0.000  0.000  0.001  0.235
   1.27059     -7.662100  0.207  0.013  0.006  0.000  0.000  0.001  0.000  0.000  0.001  0.229
   1.29680     -7.725097  0.198  0.015  0.005  0.000  0.000  0.001  0.000  0.000  0.001  0.221
   1.32300     -7.789537  0.189  0.016  0.004  0.000  0.000  0.001  0.000  0.000  0.001  0.213
   1.34921     -7.854699  0.179  0.017  0.004  0.000  0.000  0.002  0.000  0.000  0.001  0.204
   1.37541     -7.919768  0.168  0.018  0.003  0.000  0.000  0.002  0.000  0.000  0.001  0.194
   1.40162     -7.983834  0.157  0.020  0.003  0.000  0.000  0.002  0.000  0.000  0.001  0.183
   1.42782     -8.045894  0.145  0.021  0.002  0.000  0.000  0.002  0.000  0.000  0.001  0.172
   1.45403     -8.104844  0.133  0.022  0.002  0.000  0.000  0.002  0.000  0.000  0.002  0.160
   1.48023     -8.159495  0.120  0.023  0.002  0.000  0.000  0.002  0.000  0.000  0.002  0.149
   1.50644     -8.208593  0.108  0.024  0.001  0.000  0.000  0.002  0.000  0.000  0.002  0.137
   1.53264     -8.250854  0.097  0.024  0.001  0.000  0.000  0.002  0.000  0.000  0.002  0.126
   1.55885     -8.285025  0.087  0.025  0.001  0.000  0.000  0.002  0.000  0.000  0.002  0.117
   1.58505     -8.309973  0.079  0.025  0.001  0.000  0.000  0.002  0.000  0.000  0.002  0.109
   1.61126     -8.324782  0.074  0.026  0.001  0.000  0.000  0.002  0.000  0.000  0.002  0.105
   1.63746     -8.328858  0.072  0.026  0.001  0.000  0.000  0.002  0.000  0.000  0.002  0.103
   1.63746     -8.328858  0.072  0.026  0.001  0.000  0.000  0.002  0.000  0.000  0.002  0.103
   1.65259     -8.330755  0.072  0.026  0.001  0.000  0.000  0.002  0.000  0.000  0.002  0.103
   1.66772     -8.333432  0.072  0.026  0.001  0.000  0.000  0.002  0.000  0.000  0.002  0.103
   1.68285     -8.336880  0.071  0.026  0.001  0.001  0.000  0.002  0.000  0.000  0.002  0.102
   1.69798     -8.341089  0.070  0.026  0.001  0.001  0.000  0.002  0.000  0.000  0.002  0.102
   1.71311     -8.346044  0.069  0.025  0.001  0.001  0.000  0.002  0.000  0.000  0.002  0.101
   1.72824     -8.351727  0.068  0.025  0.001  0.001  0.000  0.002  0.000  0.000  0.002  0.100
   1.74337     -8.358116  0.066  0.025  0.001  0.002  0.000  0.002  0.000  0.000  0.002  0.098
   1.75850     -8.365185  0.065  0.025  0.001  0.002  0.000  0.002  0.000  0.000  0.002  0.096
   1.77363     -8.372902  0.062  0.025  0.001  0.003  0.000  0.002  0.000  0.000  0.002  0.095
   1.78876     -8.381228  0.060  0.024  0.001  0.003  0.000  0.002  0.000  0.000  0.002  0.092
   1.80389     -8.390123  0.057  0.024  0.001  0.003  0.000  0.002  0.000  0.000  0.002  0.090
   1.81902     -8.399533  0.055  0.024  0.001  0.004  0.000  0.002  0.000  0.000  0.002  0.087
   1.83415     -8.409400  0.051  0.023  0.001  0.004  0.000  0.002  0.000  0.000  0.002  0.084
   1.84928     -8.419656  0.048  0.023  0.001  0.005  0.000  0.002  0.000  0.000  0.002  0.081
   1.86441     -8.430224  0.045  0.022  0.001  0.006  0.001  0.002  0.000  0.000  0.002  0.078
   1.87953     -8.441016  0.041  0.022  0.001  0.006  0.001  0.002  0.000  0.000  0.002  0.074
   1.89466     -8.451935  0.037  0.021  0.001  0.007  0.001  0.002  0.000  0.001  0.002  0.070
   1.90979     -8.462869  0.033  0.021  0.001  0.007  0.001  0.002  0.000  0.001  0.002  0.067
   1.92492     -8.473696  0.029  0.020  0.001  0.008  0.001  0.002  0.000  0.001  0.002  0.063
   1.94005     -8.484284  0.025  0.020  0.001  0.009  0.001  0.002  0.000  0.001  0.002  0.059
   1.95518     -8.494487  0.020  0.019  0.000  0.009  0.001  0.002  0.000  0.001  0.002  0.055
   1.97031     -8.504148  0.017  0.019  0.000  0.010  0.001  0.002  0.000  0.001  0.002  0.051
   1.98544     -8.513100  0.013  0.018  0.000  0.011  0.001  0.002  0.000  0.001  0.002  0.047
   2.00057     -8.521170  0.009  0.018  0.000  0.012  0.001  0.001  0.000  0.001  0.002  0.044
   2.01570     -8.528176  0.006  0.017  0.000  0.012  0.001  0.001  0.000  0.001  0.002  0.041
   2.03083     -8.533935  0.004  0.017  0.000  0.013  0.001  0.001  0.000  0.001  0.001  0.039
   2.04596     -8.538263  0.002  0.016  0.000  0.014  0.001  0.001  0.000  0.001  0.001  0.037
   2.06109     -8.540984  0.000  0.015  0.000  0.014  0.001  0.001  0.000  0.001  0.001  0.036
   2.07622     -8.541926  0.000  0.015  0.000  0.015  0.001  0.001  0.000  0.001  0.001  0.035
   2.07622     -8.541926  0.000  0.015  0.000  0.015  0.001  0.001  0.000  0.001  0.001  0.035
   2.10648     -8.537869  0.002  0.015  0.000  0.014  0.001  0.001  0.000  0.001  0.001  0.037
   2.13674     -8.525087  0.008  0.016  0.000  0.014  0.001  0.001  0.000  0.001  0.001  0.042
   2.16700     -8.502981  0.017  0.016  0.000  0.013  0.001  0.001  0.000  0.001  0.001  0.052
   2.19725     -8.471400  0.030  0.016  0.001  0.012  0.001  0.001  0.000  0.001  0.001  0.064
   2.22751     -8.430643  0.045  0.016  0.001  0.011  0.001  0.001  0.000  0.001  0.001  0.078
   2.25777     -8.381382  0.062  0.016  0.001  0.011  0.001  0.001  0.000  0.001  0.001  0.094
   2.28803     -8.324558  0.080  0.016  0.001  0.010  0.001  0.001  0.000  0.001  0.001  0.111
   2.31829     -8.261278  0.098  0.015  0.001  0.009  0.001  0.001  0.000  0.001  0.001  0.128
   2.34855     -8.192736  0.115  0.015  0.001  0.009  0.001  0.001  0.000  0.001  0.001  0.144
   2.37881     -8.120146  0.132  0.014  0.002  0.008  0.001  0.001  0.000  0.001  0.001  0.160
   2.40907     -8.044712  0.147  0.014  0.002  0.007  0.001  0.001  0.000  0.001  0.001  0.174
   2.43933     -7.967599  0.161  0.013  0.003  0.007  0.000  0.001  0.000  0.001  0.001  0.187
   2.46959     -7.889904  0.175  0.012  0.003  0.006  0.000  0.001  0.000  0.001  0.001  0.199
   2.49985     -7.812661  0.186  0.011  0.004  0.005  0.000  0.001  0.000  0.000  0.001  0.210
   2.53010     -7.736828  0.197  0.011  0.005  0.005  0.000  0.001  0.000  0.000  0.001  0.220
   2.56036     -7.663279  0.207  0.010  0.006  0.004  0.000  0.001  0.000  0.000  0.001  0.229
   2.59062     -7.592797  0.215  0.009  0.007  0.004  0.000  0.001  0.000  0.000  0.001  0.236
   2.62088     -7.526071  0.223  0.008  0.007  0.003  0.000  0.001  0.000  0.000  0.001  0.243
   2.65114     -7.463697  0.229  0.007  0.008  0.003  0.000  0.001  0.000  0.000  0.001  0.249
   2.68140     -7.406161  0.235  0.006  0.009  0.002  0.000  0.001  0.000  0.000  0.000  0.253
   2.71166     -7.353852  0.239  0.005  0.010  0.002  0.000  0.000  0.000  0.000  0.000  0.257
   2.74192     -7.307059  0.243  0.004  0.011  0.002  0.000  0.000  0.000  0.000  0.000  0.261
   2.77218     -7.265986  0.246  0.003  0.012  0.001  0.000  0.000  0.000  0.000  0.000  0.263
   2.80244     -7.230766  0.249  0.002  0.012  0.001  0.000  0.000  0.000  0.000  0.000  0.265
   2.83270     -7.201471  0.251  0.002  0.013  0.001  0.000  0.000  0.000  0.000  0.000  0.266
   2.86295     -7.178146  0.252  0.001  0.013  0.001  0.000  0.000  0.000  0.000  0.000  0.267
   2.89321     -7.160808  0.253  0.001  0.014  0.000  0.000  0.000  0.000  0.000  0.000  0.268
   2.92347     -7.149474  0.253  0.000  0.014  0.000  0.000  0.000  0.000  0.000  0.000  0.268
   2.95373     -7.144164  0.253  0.000  0.014  0.000  0.000  0.000  0.000  0.000  0.000  0.267
 
# Band-Index:   14
   2.95373     -7.144164  0.253  0.000  0.014  0.000  0.000  0.000  0.000  0.000  0.000  0.267
   2.92347     -7.144916  0.253  0.000  0.013  0.000  0.000  0.000  0.000  0.000  0.000  0.267
   2.89321     -7.151782  0.252  0.000  0.013  0.000  0.000  0.000  0.000  0.000  0.000  0.266
   2.86295     -7.164834  0.251  0.000  0.012  0.000  0.000  0.000  0.000  0.000  0.000  0.264
   2.83270     -7.184141  0.249  0.001  0.012  0.000  0.000  0.000  0.000  0.000  0.000  0.262
   2.80244     -7.209759  0.247  0.001  0.011  0.000  0.000  0.000  0.000  0.000  0.000  0.260
   2.77218     -7.241711  0.244  0.002  0.010  0.001  0.000  0.000  0.000  0.000  0.000  0.257
   2.74192     -7.279972  0.241  0.002  0.009  0.001  0.000  0.000  0.000  0.000  0.000  0.254
   2.71166     -7.324433  0.237  0.003  0.008  0.001  0.000  0.000  0.000  0.000  0.000  0.250
   2.68140     -7.374895  0.232  0.004  0.007  0.002  0.000  0.001  0.000  0.000  0.000  0.246
   2.65114     -7.431041  0.226  0.005  0.006  0.002  0.000  0.001  0.000  0.000  0.001  0.241
   2.62088     -7.492428  0.219  0.006  0.005  0.002  0.000  0.001  0.000  0.000  0.001  0.235
   2.59062     -7.558488  0.211  0.007  0.005  0.003  0.000  0.001  0.000  0.000  0.001  0.228
   2.56036     -7.628521  0.203  0.008  0.004  0.003  0.000  0.001  0.000  0.000  0.001  0.220
   2.53010     -7.701718  0.193  0.009  0.003  0.004  0.000  0.001  0.000  0.000  0.001  0.211
   2.49985     -7.777174  0.182  0.010  0.003  0.004  0.000  0.001  0.000  0.000  0.001  0.201
   2.46959     -7.853900  0.170  0.011  0.002  0.005  0.000  0.001  0.000  0.001  0.001  0.190
   2.43933     -7.930839  0.157  0.011  0.002  0.005  0.000  0.001  0.000  0.001  0.001  0.178
   2.40907     -8.006893  0.143  0.012  0.001  0.006  0.001  0.001  0.000  0.001  0.001  0.165
   2.37881     -8.080933  0.127  0.013  0.001  0.006  0.001  0.001  0.000  0.001  0.001  0.151
   2.34855     -8.151797  0.111  0.013  0.001  0.007  0.001  0.001  0.000  0.001  0.001  0.135
   2.31829     -8.218319  0.094  0.013  0.001  0.007  0.001  0.001  0.000  0.001  0.001  0.119
   2.28803     -8.279352  0.077  0.014  0.000  0.008  0.001  0.001  0.000  0.001  0.001  0.103
   2.25777     -8.333799  0.059  0.014  0.000  0.008  0.001  0.001  0.000  0.001  0.001  0.086
   2.22751     -8.380671  0.043  0.014  0.000  0.009  0.001  0.001  0.000  0.001  0.001  0.070
   2.19725     -8.419167  0.028  0.014  0.000  0.009  0.001  0.001  0.000  0.001  0.001  0.056
   2.16700     -8.448768  0.016  0.013  0.000  0.010  0.001  0.001  0.000  0.001  0.001  0.044
   2.13674     -8.469323  0.007  0.013  0.000  0.011  0.001  0.001  0.000  0.001  0.001  0.036
   2.10648     -8.481111  0.002  0.012  0.000  0.011  0.001  0.001  0.000  0.001  0.001  0.030
   2.07622     -8.484824  0.000  0.012  0.000  0.012  0.001  0.001  0.000  0.001  0.001  0.029
   2.07622     -8.484824  0.000  0.012  0.000  0.012  0.001  0.001  0.000  0.001  0.001  0.029
   2.06109     -8.483969  0.000  0.012  0.000  0.011  0.001  0.001  0.000  0.001  0.001  0.029
   2.04596     -8.481514  0.002  0.013  0.000  0.011  0.001  0.001  0.000  0.001  0.001  0.030
   2.03083     -8.477630  0.003  0.014  0.000  0.010  0.001  0.002  0.000  0.001  0.001  0.032
   2.01570     -8.472492  0.006  0.014  0.000  0.009  0.001  0.002  0.000  0.001  0.001  0.034
   2.00057     -8.466279  0.009  0.015  0.000  0.009  0.001  0.002  0.000  0.001  0.001  0.037
   1.98544     -8.459170  0.012  0.016  0.000  0.008  0.001  0.002  0.000  0.001  0.001  0.040
   1.97031     -8.451343  0.016  0.016  0.000  0.007  0.001  0.002  0.000  0.001  0.001  0.044
   1.95518     -8.442965  0.019  0.017  0.000  0.007  0.001  0.002  0.000  0.001  0.002  0.048
   1.94005     -8.434197  0.023  0.018  0.000  0.006  0.001  0.002  0.000  0.001  0.002  0.052
   1.92492     -8.425189  0.027  0.018  0.000  0.005  0.001  0.002  0.000  0.001  0.002  0.056
   1.90979     -8.416082  0.031  0.019  0.000  0.005  0.001  0.002  0.000  0.001  0.002  0.060
   1.89466     -8.407000  0.035  0.019  0.000  0.004  0.001  0.002  0.000  0.001  0.002  0.064
   1.87953     -8.398060  0.039  0.020  0.000  0.004  0.000  0.002  0.000  0.001  0.002  0.067
   1.86441     -8.389365  0.043  0.021  0.000  0.003  0.000  0.002  0.000  0.000  0.002  0.071
   1.84928     -8.381007  0.046  0.021  0.000  0.003  0.000  0.002  0.000  0.000  0.002  0.075
   1.83415     -8.373067  0.050  0.022  0.000  0.002  0.000  0.002  0.000  0.000  0.002  0.078
   1.81902     -8.365613  0.053  0.022  0.000  0.002  0.000  0.002  0.000  0.000  0.002  0.082
   1.80389     -8.358708  0.056  0.023  0.000  0.002  0.000  0.002  0.000  0.000  0.002  0.085
   1.78876     -8.352401  0.058  0.023  0.000  0.001  0.000  0.002  0.000  0.000  0.002  0.087
   1.77363     -8.346739  0.061  0.023  0.000  0.001  0.000  0.002  0.000  0.000  0.002  0.090
   1.75850     -8.341756  0.063  0.024  0.001  0.001  0.000  0.002  0.000  0.000  0.002  0.092
   1.74337     -8.337482  0.065  0.024  0.001  0.000  0.000  0.002  0.000  0.000  0.002  0.094
   1.72824     -8.333941  0.067  0.024  0.001  0.000  0.000  0.002  0.000  0.000  0.002  0.096
   1.71311     -8.331152  0.068  0.025  0.001  0.000  0.000  0.002  0.000  0.000  0.002  0.098
   1.69798     -8.329129  0.070  0.025  0.001  0.000  0.000  0.002  0.000  0.000  0.002  0.099
   1.68285     -8.327884  0.071  0.025  0.001  0.000  0.000  0.002  0.000  0.000  0.002  0.101
   1.66772     -8.327421  0.071  0.025  0.001  0.000  0.000  0.002  0.000  0.000  0.002  0.101
   1.65259     -8.327746  0.072  0.025  0.001  0.000  0.000  0.002  0.000  0.000  0.002  0.102
   1.63746     -8.328858  0.072  0.026  0.001  0.000  0.000  0.002  0.000  0.000  0.002  0.103
   1.63746     -8.328858  0.072  0.026  0.001  0.000  0.000  0.002  0.000  0.000  0.002  0.103
   1.61126     -8.321997  0.073  0.025  0.001  0.000  0.000  0.002  0.000  0.000  0.002  0.104
   1.58505     -8.304419  0.078  0.025  0.001  0.000  0.000  0.002  0.000  0.000  0.002  0.108
   1.55885     -8.276736  0.085  0.025  0.001  0.000  0.000  0.002  0.000  0.000  0.002  0.114
   1.53264     -8.239876  0.094  0.024  0.001  0.000  0.000  0.002  0.000  0.000  0.002  0.123
   1.50644     -8.194986  0.105  0.023  0.001  0.000  0.000  0.002  0.000  0.000  0.002  0.133
   1.48023     -8.143330  0.117  0.022  0.001  0.000  0.000  0.002  0.000  0.000  0.002  0.143
   1.45403     -8.086209  0.129  0.021  0.001  0.000  0.000  0.002  0.000  0.000  0.002  0.154
   1.42782     -8.024896  0.141  0.020  0.001  0.000  0.000  0.002  0.000  0.000  0.001  0.165
   1.40162     -7.960606  0.153  0.019  0.001  0.000  0.000  0.002  0.000  0.000  0.001  0.176
   1.37541     -7.894473  0.164  0.017  0.002  0.000  0.000  0.002  0.000  0.000  0.001  0.186
   1.34921     -7.827537  0.175  0.016  0.002  0.000  0.000  0.002  0.000  0.000  0.001  0.196
   1.32300     -7.760747  0.185  0.015  0.003  0.000  0.000  0.001  0.000  0.000  0.001  0.205
   1.29680     -7.694961  0.194  0.013  0.003  0.000  0.000  0.001  0.000  0.000  0.001  0.213
   1.27059     -7.630943  0.202  0.012  0.004  0.000  0.000  0.001  0.000  0.000  0.001  0.220
   1.24439     -7.569358  0.210  0.010  0.004  0.000  0.000  0.001  0.000  0.000  0.001  0.227
   1.21818     -7.510787  0.217  0.009  0.005  0.000  0.000  0.001  0.000  0.000  0.001  0.233
   1.19197     -7.455716  0.223  0.008  0.006  0.000  0.000  0.001  0.000  0.000  0.001  0.238
   1.16577     -7.404542  0.229  0.006  0.007  0.000  0.000  0.001  0.000  0.000  0.001  0.243
   1.13956     -7.357579  0.233  0.005  0.008  0.000  0.000  0.001  0.000  0.000  0.001  0.247
   1.11336     -7.315065  0.237  0.004  0.009  0.000  0.000  0.001  0.000  0.000  0.000  0.251
   1.08715     -7.277164  0.241  0.003  0.009  0.000  0.000  0.000  0.000  0.000  0.000  0.254
   1.06095     -7.243978  0.244  0.002  0.010  0.000  0.000  0.000  0.000  0.000  0.000  0.257
   1.03474     -7.215556  0.247  0.002  0.011  0.000  0.000  0.000  0.000  0.000  0.000  0.260
   1.00854     -7.191908  0.249  0.001  0.012  0.000  0.000  0.000  0.000  0.000  0.000  0.262
   0.98233     -7.173015  0.250  0.001  0.012  0.000  0.000  0.000  0.000  0.000  0.000  0.263
   0.95613     -7.158841  0.252  0.000  0.013  0.000  0.000  0.000  0.000  0.000  0.000  0.265
   0.92992     -7.149339  0.252  0.000  0.013  0.000  0.000  0.000  0.000  0.000  0.000  0.266
   0.90372     -7.144461  0.253  0.000  0.013  0.000  0.000  0.000  0.000  0.000  0.000  0.267
   0.87751     -7.144164  0.253  0.000  0.014  0.000  0.000  0.000  0.000  0.000  0.000  0.267
   0.87751     -7.144164  0.253  0.000  0.014  0.000  0.000  0.000  0.000  0.000  0.000  0.267
   0.84725     -7.144916  0.253  0.000  0.013  0.000  0.000  0.000  0.000  0.000  0.000  0.267
   0.81700     -7.151782  0.252  0.000  0.013  0.000  0.000  0.000  0.000  0.000  0.000  0.266
   0.78674     -7.164834  0.251  0.000  0.012  0.000  0.000  0.000  0.000  0.000  0.000  0.264
   0.75648     -7.184141  0.249  0.001  0.012  0.000  0.000  0.000  0.000  0.000  0.000  0.262
   0.72622     -7.209759  0.247  0.001  0.011  0.000  0.000  0.000  0.000  0.000  0.000  0.260
   0.69596     -7.241711  0.244  0.002  0.010  0.001  0.000  0.000  0.000  0.000  0.000  0.257
   0.66570     -7.279972  0.241  0.002  0.009  0.001  0.000  0.000  0.000  0.000  0.000  0.254
   0.63544     -7.324433  0.237  0.003  0.008  0.001  0.000  0.000  0.000  0.000  0.000  0.250
   0.60518     -7.374895  0.232  0.004  0.007  0.002  0.000  0.001  0.000  0.000  0.000  0.246
   0.57492     -7.431041  0.226  0.005  0.006  0.002  0.000  0.001  0.000  0.000  0.001  0.241
   0.54466     -7.492428  0.219  0.006  0.005  0.002  0.000  0.001  0.000  0.000  0.001  0.235
   0.51440     -7.558488  0.211  0.007  0.005  0.003  0.000  0.001  0.000  0.000  0.001  0.228
   0.48415     -7.628521  0.203  0.008  0.004  0.003  0.000  0.001  0.000  0.000  0.001  0.220
   0.45389     -7.701718  0.193  0.009  0.003  0.004  0.000  0.001  0.000  0.000  0.001  0.211
   0.42363     -7.777174  0.182  0.010  0.003  0.004  0.000  0.001  0.000  0.000  0.001  0.201
   0.39337     -7.853900  0.170  0.011  0.002  0.005  0.000  0.001  0.000  0.001  0.001  0.190
   0.36311     -7.930839  0.157  0.011  0.002  0.005  0.000  0.001  0.000  0.001  0.001  0.178
   0.33285     -8.006893  0.143  0.012  0.001  0.006  0.001  0.001  0.000  0.001  0.001  0.165
   0.30259     -8.080933  0.127  0.013  0.001  0.006  0.001  0.001  0.000  0.001  0.001  0.151
   0.27233     -8.151797  0.111  0.013  0.001  0.007  0.001  0.001  0.000  0.001  0.001  0.135
   0.24207     -8.218319  0.094  0.013  0.001  0.007  0.001  0.001  0.000  0.001  0.001  0.119
   0.21181     -8.279352  0.077  0.014  0.000  0.008  0.001  0.001  0.000  0.001  0.001  0.103
   0.18155     -8.333799  0.059  0.014  0.000  0.008  0.001  0.001  0.000  0.001  0.001  0.086
   0.15130     -8.380671  0.043  0.014  0.000  0.009  0.001  0.001  0.000  0.001  0.001  0.070
   0.12104     -8.419167  0.028  0.014  0.000  0.009  0.001  0.001  0.000  0.001  0.001  0.056
   0.09078     -8.448768  0.016  0.013  0.000  0.010  0.001  0.001  0.000  0.001  0.001  0.044
   0.06052     -8.469323  0.007  0.013  0.000  0.011  0.001  0.001  0.000  0.001  0.001  0.036
   0.03026     -8.481111  0.002  0.012  0.000  0.011  0.001  0.001  0.000  0.001  0.001  0.030
   0.00000     -8.484824  0.000  0.012  0.000  0.012  0.001  0.001  0.000  0.001  0.001  0.029
 
# Band-Index:   15
   0.00000     -3.372094  0.001  0.116  0.026  0.116  0.000  0.001  0.000  0.001  0.000  0.261
   0.03026     -3.367022  0.001  0.115  0.026  0.116  0.000  0.001  0.000  0.001  0.000  0.261
   0.06052     -3.351939  0.001  0.114  0.027  0.117  0.000  0.001  0.000  0.001  0.000  0.262
   0.09078     -3.327197  0.001  0.113  0.028  0.118  0.000  0.001  0.000  0.001  0.000  0.263
   0.12104     -3.293337  0.002  0.112  0.029  0.119  0.000  0.001  0.000  0.001  0.000  0.265
   0.15130     -3.251103  0.002  0.112  0.030  0.120  0.000  0.001  0.000  0.001  0.000  0.267
   0.18155     -3.201481  0.002  0.111  0.033  0.121  0.000  0.001  0.000  0.001  0.000  0.270
   0.21181     -3.145762  0.002  0.111  0.036  0.121  0.000  0.001  0.000  0.001  0.000  0.273
   0.24207     -3.085666  0.002  0.111  0.040  0.121  0.000  0.001  0.000  0.001  0.000  0.277
   0.27233     -3.023497  0.002  0.112  0.046  0.120  0.000  0.001  0.000  0.001  0.000  0.282
   0.30259     -2.962275  0.002  0.112  0.054  0.116  0.000  0.001  0.000  0.001  0.000  0.287
   0.33285     -2.905525  0.003  0.111  0.064  0.111  0.000  0.001  0.000  0.001  0.000  0.292
   0.36311     -2.856183  0.003  0.111  0.076  0.104  0.000  0.001  0.000  0.001  0.000  0.296
   0.39337     -2.814800  0.003  0.109  0.087  0.097  0.000  0.000  0.000  0.001  0.000  0.298
   0.42363     -2.778840  0.002  0.109  0.095  0.091  0.000  0.000  0.000  0.001  0.001  0.299
   0.45389     -2.744126  0.002  0.109  0.100  0.087  0.000  0.000  0.000  0.000  0.001  0.299
   0.48415     -2.706717  0.001  0.109  0.102  0.085  0.000  0.000  0.000  0.000  0.001  0.300
   0.51440     -2.663738  0.001  0.111  0.103  0.084  0.001  0.000  0.000  0.000  0.001  0.301
   0.54466     -2.613413  0.000  0.113  0.103  0.084  0.001  0.000  0.001  0.000  0.001  0.304
   0.57492     -2.554864  0.000  0.116  0.102  0.085  0.001  0.001  0.001  0.000  0.001  0.307
   0.60518     -2.487955  0.000  0.119  0.101  0.087  0.001  0.001  0.001  0.000  0.001  0.311
   0.63544     -2.413196  0.000  0.122  0.100  0.090  0.001  0.001  0.001  0.001  0.001  0.316
   0.66570     -2.331723  0.000  0.125  0.098  0.094  0.001  0.001  0.001  0.001  0.001  0.322
   0.69596     -2.245302  0.001  0.128  0.095  0.099  0.001  0.001  0.000  0.001  0.001  0.328
   0.72622     -2.156352  0.001  0.131  0.092  0.105  0.001  0.001  0.000  0.001  0.001  0.334
   0.75648     -2.067926  0.001  0.134  0.088  0.112  0.001  0.001  0.000  0.001  0.001  0.340
   0.78674     -1.983626  0.001  0.136  0.083  0.119  0.001  0.001  0.000  0.001  0.001  0.344
   0.81700     -1.907349  0.001  0.138  0.076  0.126  0.001  0.001  0.000  0.001  0.001  0.346
   0.84725     -1.842888  0.001  0.138  0.068  0.133  0.001  0.001  0.000  0.001  0.001  0.345
   0.87751     -1.793430  0.000  0.138  0.058  0.138  0.001  0.001  0.000  0.001  0.001  0.340
   0.87751     -1.793430  0.000  0.138  0.058  0.138  0.001  0.001  0.000  0.001  0.001  0.340
   0.90372     -1.835332  0.001  0.141  0.067  0.132  0.001  0.001  0.000  0.001  0.002  0.345
   0.92992     -1.888778  0.001  0.143  0.074  0.123  0.001  0.001  0.000  0.001  0.002  0.346
   0.95613     -1.951835  0.001  0.145  0.081  0.114  0.001  0.001  0.000  0.001  0.002  0.345
   0.98233     -2.022208  0.001  0.146  0.086  0.105  0.001  0.001  0.000  0.001  0.002  0.342
   1.00854     -2.097483  0.001  0.146  0.090  0.096  0.001  0.001  0.000  0.001  0.002  0.338
   1.03474     -2.175329  0.001  0.146  0.093  0.088  0.001  0.001  0.000  0.001  0.002  0.332
   1.06095     -2.253642  0.001  0.145  0.096  0.081  0.001  0.001  0.000  0.000  0.002  0.327
   1.08715     -2.330601  0.000  0.144  0.098  0.075  0.000  0.001  0.001  0.000  0.002  0.321
   1.11336     -2.404689  0.000  0.142  0.099  0.070  0.000  0.001  0.001  0.000  0.002  0.315
   1.13956     -2.474681  0.000  0.140  0.100  0.066  0.000  0.001  0.001  0.000  0.002  0.310
   1.16577     -2.539616  0.000  0.138  0.101  0.062  0.000  0.001  0.001  0.000  0.002  0.305
   1.19197     -2.598770  0.001  0.136  0.102  0.059  0.000  0.001  0.001  0.000  0.001  0.301
   1.21818     -2.651627  0.001  0.133  0.103  0.057  0.000  0.001  0.000  0.000  0.001  0.297
   1.24439     -2.697858  0.002  0.130  0.103  0.055  0.000  0.001  0.000  0.000  0.001  0.293
   1.27059     -2.737293  0.002  0.128  0.103  0.054  0.000  0.000  0.000  0.000  0.001  0.290
   1.29680     -2.769906  0.003  0.125  0.104  0.053  0.000  0.000  0.000  0.000  0.001  0.287
   1.32300     -2.795789  0.004  0.123  0.103  0.052  0.000  0.000  0.000  0.000  0.001  0.285
   1.34921     -2.815140  0.006  0.120  0.103  0.052  0.000  0.000  0.000  0.000  0.001  0.283
   1.37541     -2.828233  0.007  0.118  0.103  0.052  0.000  0.000  0.000  0.000  0.001  0.281
   1.40162     -2.835419  0.008  0.115  0.102  0.052  0.000  0.000  0.000  0.000  0.000  0.279
   1.42782     -2.837097  0.010  0.113  0.101  0.053  0.000  0.000  0.000  0.000  0.000  0.278
   1.45403     -2.833704  0.011  0.111  0.100  0.053  0.000  0.000  0.000  0.000  0.000  0.277
   1.48023     -2.825711  0.012  0.109  0.099  0.054  0.000  0.000  0.000  0.000  0.000  0.275
   1.50644     -2.813605  0.013  0.107  0.098  0.055  0.000  0.000  0.000  0.000  0.000  0.274
   1.53264     -2.797877  0.014  0.106  0.096  0.056  0.000  0.000  0.000  0.000  0.000  0.273
   1.55885     -2.779027  0.015  0.105  0.095  0.057  0.000  0.000  0.000  0.000  0.000  0.272
   1.58505     -2.757548  0.016  0.104  0.093  0.057  0.000  0.000  0.000  0.000  0.000  0.270
   1.61126     -2.733921  0.016  0.103  0.090  0.057  0.000  0.000  0.000  0.000  0.000  0.268
   1.63746     -2.708624  0.017  0.103  0.088  0.057  0.000  0.000  0.000  0.000  0.000  0.265
   1.63746     -2.708624  0.017  0.103  0.088  0.057  0.000  0.000  0.000  0.000  0.000  0.265
   1.65259     -2.732901  0.016  0.103  0.085  0.063  0.000  0.000  0.000  0.000  0.000  0.267
   1.66772     -2.758211  0.015  0.102  0.081  0.069  0.000  0.000  0.000  0.001  0.000  0.269
   1.68285     -2.784531  0.015  0.102  0.078  0.074  0.000  0.000  0.000  0.001  0.000  0.270
   1.69798     -2.811832  0.014  0.102  0.074  0.080  0.000  0.000  0.000  0.001  0.000  0.271
   1.71311     -2.840065  0.013  0.103  0.070  0.085  0.000  0.000  0.000  0.001  0.000  0.272
   1.72824     -2.869154  0.012  0.103  0.066  0.090  0.000  0.000  0.000  0.001  0.000  0.272
   1.74337     -2.899000  0.012  0.103  0.062  0.094  0.000  0.000  0.000  0.001  0.000  0.273
   1.75850     -2.929474  0.011  0.103  0.058  0.099  0.000  0.000  0.000  0.001  0.000  0.273
   1.77363     -2.960420  0.010  0.104  0.055  0.103  0.000  0.000  0.000  0.001  0.000  0.273
   1.78876     -2.991656  0.009  0.104  0.051  0.106  0.000  0.000  0.000  0.001  0.000  0.272
   1.80389     -3.022983  0.008  0.104  0.048  0.109  0.000  0.000  0.000  0.001  0.000  0.272
   1.81902     -3.054184  0.007  0.105  0.045  0.112  0.000  0.000  0.000  0.002  0.000  0.271
   1.83415     -3.085033  0.007  0.105  0.042  0.114  0.000  0.000  0.000  0.002  0.000  0.271
   1.84928     -3.115297  0.006  0.106  0.040  0.116  0.000  0.000  0.000  0.002  0.000  0.270
   1.86441     -3.144748  0.005  0.106  0.038  0.117  0.000  0.001  0.000  0.002  0.000  0.269
   1.87953     -3.173163  0.005  0.106  0.036  0.119  0.000  0.001  0.000  0.002  0.000  0.268
   1.89466     -3.200325  0.004  0.107  0.034  0.120  0.000  0.001  0.000  0.002  0.000  0.267
   1.90979     -3.226034  0.004  0.107  0.033  0.120  0.000  0.001  0.000  0.002  0.000  0.266
   1.92492     -3.250104  0.003  0.108  0.031  0.120  0.000  0.001  0.000  0.002  0.000  0.266
   1.94005     -3.272363  0.003  0.109  0.030  0.121  0.000  0.001  0.000  0.002  0.000  0.265
   1.95518     -3.292660  0.002  0.109  0.029  0.121  0.000  0.001  0.000  0.002  0.000  0.264
   1.97031     -3.310861  0.002  0.110  0.029  0.120  0.000  0.001  0.000  0.002  0.000  0.263
   1.98544     -3.326851  0.002  0.111  0.028  0.120  0.000  0.001  0.000  0.002  0.000  0.263
   2.00057     -3.340532  0.002  0.111  0.027  0.119  0.000  0.001  0.000  0.002  0.000  0.262
   2.01570     -3.351824  0.001  0.112  0.027  0.119  0.000  0.001  0.000  0.001  0.000  0.262
   2.03083     -3.360664  0.001  0.113  0.027  0.118  0.000  0.001  0.000  0.001  0.000  0.262
   2.04596     -3.367006  0.001  0.114  0.026  0.117  0.000  0.001  0.000  0.001  0.000  0.261
   2.06109     -3.370822  0.001  0.115  0.026  0.116  0.000  0.001  0.000  0.001  0.000  0.261
   2.07622     -3.372094  0.001  0.116  0.026  0.116  0.000  0.001  0.000  0.001  0.000  0.261
   2.07622     -3.372094  0.001  0.116  0.026  0.116  0.000  0.001  0.000  0.001  0.000  0.261
   2.10648     -3.367022  0.001  0.115  0.026  0.116  0.000  0.001  0.000  0.001  0.000  0.261
   2.13674     -3.351939  0.001  0.114  0.027  0.117  0.000  0.001  0.000  0.001  0.000  0.262
   2.16700     -3.327197  0.001  0.113  0.028  0.118  0.000  0.001  0.000  0.001  0.000  0.263
   2.19725     -3.293337  0.002  0.112  0.029  0.119  0.000  0.001  0.000  0.001  0.000  0.265
   2.22751     -3.251103  0.002  0.112  0.030  0.120  0.000  0.001  0.000  0.001  0.000  0.267
   2.25777     -3.201481  0.002  0.111  0.033  0.121  0.000  0.001  0.000  0.001  0.000  0.270
   2.28803     -3.145762  0.002  0.111  0.036  0.121  0.000  0.001  0.000  0.001  0.000  0.273
   2.31829     -3.085666  0.002  0.111  0.040  0.121  0.000  0.001  0.000  0.001  0.000  0.277
   2.34855     -3.023497  0.002  0.112  0.046  0.120  0.000  0.001  0.000  0.001  0.000  0.282
   2.37881     -2.962275  0.002  0.112  0.054  0.116  0.000  0.001  0.000  0.001  0.000  0.287
   2.40907     -2.905525  0.003  0.111  0.064  0.111  0.000  0.001  0.000  0.001  0.000  0.292
   2.43933     -2.856183  0.003  0.111  0.076  0.104  0.000  0.001  0.000  0.001  0.000  0.296
   2.46959     -2.814800  0.003  0.109  0.087  0.097  0.000  0.000  0.000  0.001  0.000  0.298
   2.49985     -2.778840  0.002  0.109  0.095  0.091  0.000  0.000  0.000  0.001  0.001  0.299
   2.53010     -2.744126  0.002  0.109  0.100  0.087  0.000  0.000  0.000  0.000  0.001  0.299
   2.56036     -2.706717  0.001  0.109  0.102  0.085  0.000  0.000  0.000  0.000  0.001  0.300
   2.59062     -2.663738  0.001  0.111  0.103  0.084  0.001  0.000  0.000  0.000  0.001  0.301
   2.62088     -2.613413  0.000  0.113  0.103  0.084  0.001  0.000  0.001  0.000  0.001  0.304
   2.65114     -2.554864  0.000  0.116  0.102  0.085  0.001  0.001  0.001  0.000  0.001  0.307
   2.68140     -2.487955  0.000  0.119  0.101  0.087  0.001  0.001  0.001  0.000  0.001  0.311
   2.71166     -2.413196  0.000  0.122  0.100  0.090  0.001  0.001  0.001  0.001  0.001  0.316
   2.74192     -2.331723  0.000  0.125  0.098  0.094  0.001  0.001  0.001  0.001  0.001  0.322
   2.77218     -2.245302  0.001  0.128  0.095  0.099  0.001  0.001  0.000  0.001  0.001  0.328
   2.80244     -2.156352  0.001  0.131  0.092  0.105  0.001  0.001  0.000  0.001  0.001  0.334
   2.83270     -2.067926  0.001  0.134  0.088  0.112  0.001  0.001  0.000  0.001  0.001  0.340
   2.86295     -1.983626  0.001  0.136  0.083  0.119  0.001  0.001  0.000  0.001  0.001  0.344
   2.89321     -1.907349  0.001  0.138  0.076  0.126  0.001  0.001  0.000  0.001  0.001  0.346
   2.92347     -1.842888  0.001  0.138  0.068  0.133  0.001  0.001  0.000  0.001  0.001  0.345
   2.95373     -1.793430  0.000  0.138  0.058  0.138  0.001  0.001  0.000  0.001  0.001  0.340
 
# Band-Index:   16
   2.95373     -1.793430  0.000  0.138  0.058  0.138  0.001  0.001  0.000  0.001  0.001  0.340
   2.92347     -1.761159  0.000  0.138  0.047  0.141  0.002  0.001  0.000  0.001  0.001  0.332
   2.89321     -1.747061  0.000  0.137  0.036  0.141  0.002  0.001  0.000  0.001  0.002  0.319
   2.86295     -1.750948  0.000  0.136  0.026  0.138  0.002  0.001  0.000  0.001  0.002  0.305
   2.83270     -1.771523  0.000  0.134  0.017  0.131  0.002  0.001  0.000  0.001  0.002  0.288
   2.80244     -1.806475  0.000  0.133  0.009  0.123  0.002  0.001  0.001  0.001  0.002  0.271
   2.77218     -1.852608  0.000  0.130  0.005  0.113  0.002  0.001  0.001  0.001  0.002  0.255
   2.74192     -1.906155  0.000  0.127  0.003  0.104  0.001  0.001  0.001  0.001  0.002  0.240
   2.71166     -1.963244  0.000  0.124  0.003  0.096  0.001  0.001  0.001  0.001  0.002  0.228
   2.68140     -2.020417  0.000  0.120  0.004  0.090  0.001  0.001  0.001  0.001  0.002  0.219
   2.65114     -2.075042  0.000  0.116  0.005  0.087  0.001  0.001  0.001  0.001  0.002  0.213
   2.62088     -2.125668  0.000  0.113  0.006  0.087  0.001  0.001  0.001  0.001  0.001  0.211
   2.59062     -2.172500  0.000  0.111  0.005  0.092  0.001  0.001  0.001  0.001  0.001  0.214
   2.56036     -2.218248  0.001  0.108  0.004  0.104  0.001  0.001  0.001  0.001  0.001  0.222
   2.53010     -2.268137  0.002  0.102  0.007  0.119  0.001  0.001  0.000  0.001  0.001  0.234
   2.49985     -2.324354  0.003  0.090  0.018  0.128  0.001  0.001  0.000  0.001  0.001  0.242
   2.46959     -2.380399  0.004  0.076  0.031  0.127  0.001  0.001  0.000  0.001  0.001  0.243
   2.43933     -2.427967  0.006  0.064  0.043  0.123  0.001  0.001  0.000  0.001  0.001  0.240
   2.40907     -2.465024  0.008  0.053  0.048  0.121  0.001  0.001  0.000  0.002  0.001  0.233
   2.37881     -2.500063  0.008  0.045  0.039  0.122  0.001  0.001  0.000  0.002  0.001  0.218
   2.34855     -2.547359  0.007  0.048  0.021  0.118  0.001  0.001  0.000  0.002  0.001  0.198
   2.31829     -2.607141  0.005  0.056  0.010  0.111  0.000  0.001  0.000  0.002  0.001  0.186
   2.28803     -2.669847  0.004  0.063  0.005  0.104  0.000  0.002  0.000  0.002  0.000  0.181
   2.25777     -2.729254  0.003  0.068  0.003  0.099  0.000  0.002  0.000  0.002  0.000  0.178
   2.22751     -2.782305  0.002  0.072  0.002  0.095  0.000  0.002  0.000  0.002  0.000  0.176
   2.19725     -2.827325  0.001  0.076  0.001  0.092  0.000  0.002  0.000  0.002  0.000  0.175
   2.16700     -2.863266  0.001  0.078  0.001  0.090  0.000  0.002  0.000  0.002  0.000  0.174
   2.13674     -2.889418  0.000  0.081  0.000  0.088  0.000  0.002  0.000  0.002  0.000  0.173
   2.10648     -2.905303  0.000  0.083  0.000  0.086  0.000  0.002  0.000  0.002  0.000  0.173
   2.07622     -2.910630  0.000  0.084  0.000  0.084  0.000  0.002  0.000  0.002  0.000  0.173
   2.07622     -2.910630  0.000  0.084  0.000  0.084  0.000  0.002  0.000  0.002  0.000  0.173
   2.06109     -2.909297  0.000  0.083  0.000  0.086  0.000  0.002  0.000  0.002  0.000  0.173
   2.04596     -2.905303  0.000  0.081  0.000  0.087  0.000  0.002  0.000  0.002  0.000  0.173
   2.03083     -2.898670  0.000  0.080  0.000  0.088  0.000  0.002  0.000  0.002  0.000  0.173
   2.01570     -2.889433  0.000  0.079  0.000  0.089  0.000  0.002  0.000  0.002  0.000  0.173
   2.00057     -2.877643  0.001  0.078  0.001  0.090  0.000  0.002  0.000  0.002  0.000  0.173
   1.98544     -2.863371  0.001  0.077  0.001  0.090  0.000  0.002  0.000  0.002  0.000  0.173
   1.97031     -2.846709  0.001  0.077  0.001  0.090  0.000  0.002  0.000  0.002  0.000  0.174
   1.95518     -2.827772  0.002  0.077  0.002  0.090  0.000  0.001  0.000  0.002  0.000  0.174
   1.94005     -2.806703  0.002  0.077  0.002  0.089  0.000  0.001  0.000  0.002  0.000  0.174
   1.92492     -2.783680  0.003  0.077  0.003  0.088  0.000  0.001  0.000  0.003  0.000  0.175
   1.90979     -2.758929  0.004  0.078  0.004  0.086  0.000  0.001  0.000  0.003  0.000  0.175
   1.89466     -2.732733  0.004  0.079  0.005  0.083  0.000  0.001  0.000  0.003  0.000  0.175
   1.87953     -2.705465  0.005  0.081  0.007  0.078  0.000  0.001  0.000  0.002  0.000  0.176
   1.86441     -2.677628  0.007  0.084  0.010  0.072  0.000  0.001  0.000  0.002  0.000  0.176
   1.84928     -2.649930  0.008  0.088  0.014  0.063  0.000  0.001  0.000  0.002  0.000  0.177
   1.83415     -2.623393  0.010  0.094  0.019  0.052  0.000  0.001  0.000  0.002  0.000  0.178
   1.81902     -2.599501  0.012  0.102  0.027  0.038  0.000  0.001  0.000  0.002  0.000  0.181
   1.80389     -2.580260  0.014  0.110  0.039  0.022  0.000  0.000  0.000  0.001  0.000  0.187
   1.78876     -2.567808  0.016  0.116  0.054  0.009  0.000  0.000  0.000  0.001  0.000  0.197
   1.77363     -2.563381  0.018  0.119  0.069  0.002  0.000  0.000  0.000  0.001  0.000  0.209
   1.75850     -2.566493  0.019  0.119  0.082  0.002  0.000  0.000  0.000  0.000  0.000  0.222
   1.74337     -2.575481  0.019  0.116  0.090  0.008  0.000  0.000  0.000  0.000  0.000  0.233
   1.72824     -2.588609  0.019  0.113  0.094  0.015  0.000  0.000  0.000  0.000  0.000  0.241
   1.71311     -2.604605  0.019  0.110  0.096  0.022  0.000  0.000  0.000  0.000  0.000  0.248
   1.69798     -2.622665  0.018  0.108  0.096  0.030  0.000  0.000  0.000  0.000  0.000  0.253
   1.68285     -2.642310  0.018  0.106  0.095  0.037  0.000  0.000  0.000  0.000  0.000  0.257
   1.66772     -2.663272  0.018  0.105  0.093  0.044  0.000  0.000  0.000  0.000  0.000  0.260
   1.65259     -2.685402  0.017  0.104  0.091  0.050  0.000  0.000  0.000  0.000  0.000  0.263
   1.63746     -2.708624  0.017  0.103  0.088  0.057  0.000  0.000  0.000  0.000  0.000  0.265
   1.63746     -2.708624  0.017  0.103  0.088  0.057  0.000  0.000  0.000  0.000  0.000  0.265
   1.61126     -2.682122  0.017  0.103  0.086  0.056  0.000  0.000  0.000  0.000  0.000  0.262
   1.58505     -2.654861  0.017  0.104  0.083  0.054  0.000  0.000  0.000  0.000  0.000  0.258
   1.55885     -2.627257  0.016  0.106  0.080  0.051  0.000  0.000  0.000  0.000  0.000  0.253
   1.53264     -2.599673  0.016  0.108  0.076  0.047  0.000  0.000  0.000  0.000  0.000  0.247
   1.50644     -2.572372  0.015  0.110  0.072  0.043  0.000  0.000  0.000  0.000  0.000  0.241
   1.48023     -2.545453  0.014  0.113  0.068  0.038  0.000  0.000  0.000  0.000  0.001  0.234
   1.45403     -2.518793  0.012  0.115  0.064  0.033  0.000  0.000  0.000  0.000  0.001  0.226
   1.42782     -2.492014  0.011  0.118  0.059  0.029  0.000  0.000  0.000  0.000  0.001  0.219
   1.40162     -2.464498  0.009  0.121  0.055  0.025  0.000  0.000  0.000  0.000  0.001  0.212
   1.37541     -2.435479  0.007  0.123  0.050  0.023  0.000  0.000  0.000  0.000  0.001  0.206
   1.34921     -2.404137  0.006  0.126  0.045  0.022  0.000  0.000  0.000  0.000  0.002  0.201
   1.32300     -2.369715  0.004  0.128  0.041  0.022  0.000  0.000  0.001  0.000  0.002  0.198
   1.29680     -2.331607  0.003  0.131  0.036  0.023  0.000  0.001  0.001  0.000  0.002  0.196
   1.27059     -2.289413  0.002  0.133  0.031  0.025  0.000  0.001  0.001  0.000  0.002  0.195
   1.24439     -2.242991  0.001  0.135  0.026  0.028  0.000  0.001  0.001  0.000  0.002  0.195
   1.21818     -2.192499  0.001  0.138  0.021  0.033  0.000  0.001  0.001  0.000  0.002  0.197
   1.19197     -2.138441  0.000  0.140  0.017  0.040  0.000  0.001  0.001  0.000  0.002  0.201
   1.16577     -2.081707  0.000  0.142  0.012  0.048  0.001  0.001  0.001  0.000  0.002  0.207
   1.13956     -2.023612  0.000  0.143  0.008  0.058  0.001  0.001  0.001  0.001  0.002  0.215
   1.11336     -1.965893  0.000  0.143  0.005  0.070  0.001  0.001  0.001  0.001  0.002  0.225
   1.08715     -1.910640  0.000  0.143  0.004  0.084  0.001  0.001  0.001  0.001  0.002  0.237
   1.06095     -1.860140  0.000  0.141  0.005  0.099  0.001  0.001  0.001  0.001  0.002  0.251
   1.03474     -1.816665  0.000  0.139  0.008  0.113  0.001  0.001  0.001  0.001  0.002  0.266
   1.00854     -1.782277  0.000  0.137  0.014  0.125  0.002  0.001  0.000  0.001  0.002  0.282
   0.98233     -1.758704  0.000  0.135  0.021  0.135  0.002  0.001  0.000  0.001  0.002  0.297
   0.95613     -1.747307  0.000  0.135  0.030  0.141  0.002  0.001  0.000  0.001  0.002  0.311
   0.92992     -1.749048  0.000  0.135  0.039  0.143  0.002  0.001  0.000  0.001  0.001  0.323
   0.90372     -1.764437  0.000  0.136  0.049  0.142  0.002  0.001  0.000  0.001  0.001  0.333
   0.87751     -1.793430  0.000  0.138  0.058  0.138  0.001  0.001  0.000  0.001  0.001  0.340
   0.87751     -1.793430  0.000  0.138  0.058  0.138  0.001  0.001  0.000  0.001  0.001  0.340
   0.84725     -1.761159  0.000  0.138  0.047  0.141  0.002  0.001  0.000  0.001  0.001  0.332
   0.81700     -1.747061  0.000  0.137  0.036  0.141  0.002  0.001  0.000  0.001  0.002  0.319
   0.78674     -1.750948  0.000  0.136  0.026  0.138  0.002  0.001  0.000  0.001  0.002  0.305
   0.75648     -1.771523  0.000  0.134  0.017  0.131  0.002  0.001  0.000  0.001  0.002  0.288
   0.72622     -1.806475  0.000  0.133  0.009  0.123  0.002  0.001  0.001  0.001  0.002  0.271
   0.69596     -1.852608  0.000  0.130  0.005  0.113  0.002  0.001  0.001  0.001  0.002  0.255
   0.66570     -1.906155  0.000  0.127  0.003  0.104  0.001  0.001  0.001  0.001  0.002  0.240
   0.63544     -1.963244  0.000  0.124  0.003  0.096  0.001  0.001  0.001  0.001  0.002  0.228
   0.60518     -2.020417  0.000  0.120  0.004  0.090  0.001  0.001  0.001  0.001  0.002  0.219
   0.57492     -2.075042  0.000  0.116  0.005  0.087  0.001  0.001  0.001  0.001  0.002  0.213
   0.54466     -2.125668  0.000  0.113  0.006  0.087  0.001  0.001  0.001  0.001  0.001  0.211
   0.51440     -2.172500  0.000  0.111  0.005  0.092  0.001  0.001  0.001  0.001  0.001  0.214
   0.48415     -2.218248  0.001  0.108  0.004  0.104  0.001  0.001  0.001  0.001  0.001  0.222
   0.45389     -2.268137  0.002  0.102  0.007  0.119  0.001  0.001  0.000  0.001  0.001  0.234
   0.42363     -2.324354  0.003  0.090  0.018  0.128  0.001  0.001  0.000  0.001  0.001  0.242
   0.39337     -2.380399  0.004  0.076  0.031  0.127  0.001  0.001  0.000  0.001  0.001  0.243
   0.36311     -2.427967  0.006  0.064  0.043  0.123  0.001  0.001  0.000  0.001  0.001  0.240
   0.33285     -2.465024  0.008  0.053  0.048  0.121  0.001  0.001  0.000  0.002  0.001  0.233
   0.30259     -2.500063  0.008  0.045  0.039  0.122  0.001  0.001  0.000  0.002  0.001  0.218
   0.27233     -2.547359  0.007  0.048  0.021  0.118  0.001  0.001  0.000  0.002  0.001  0.198
   0.24207     -2.607141  0.005  0.056  0.010  0.111  0.000  0.001  0.000  0.002  0.001  0.186
   0.21181     -2.669847  0.004  0.063  0.005  0.104  0.000  0.002  0.000  0.002  0.000  0.181
   0.18155     -2.729254  0.003  0.068  0.003  0.099  0.000  0.002  0.000  0.002  0.000  0.178
   0.15130     -2.782305  0.002  0.072  0.002  0.095  0.000  0.002  0.000  0.002  0.000  0.176
   0.12104     -2.827325  0.001  0.076  0.001  0.092  0.000  0.002  0.000  0.002  0.000  0.175
   0.09078     -2.863266  0.001  0.078  0.001  0.090  0.000  0.002  0.000  0.002  0.000  0.174
   0.06052     -2.889418  0.000  0.081  0.000  0.088  0.000  0.002  0.000  0.002  0.000  0.173
   0.03026     -2.905303  0.000  0.083  0.000  0.086  0.000  0.002  0.000  0.002  0.000  0.173
   0.00000     -2.910630  0.000  0.084  0.000  0.084  0.000  0.002  0.000  0.002  0.000  0.173
 
# Band-Index:   17
   0.00000     -2.105323  0.012  0.067  0.146  0.067  0.000  0.000  0.000  0.000  0.000  0.292
   0.03026     -2.113007  0.012  0.067  0.145  0.066  0.000  0.000  0.000  0.000  0.000  0.291
   0.06052     -2.135022  0.012  0.068  0.143  0.064  0.000  0.000  0.000  0.000  0.000  0.288
   0.09078     -2.168115  0.012  0.069  0.140  0.062  0.000  0.000  0.000  0.000  0.000  0.284
   0.12104     -2.208013  0.012  0.071  0.136  0.060  0.000  0.000  0.000  0.000  0.000  0.279
   0.15130     -2.250498  0.012  0.073  0.131  0.057  0.000  0.000  0.000  0.000  0.000  0.274
   0.18155     -2.291657  0.011  0.076  0.125  0.055  0.000  0.000  0.000  0.000  0.000  0.268
   0.21181     -2.327502  0.010  0.079  0.118  0.053  0.000  0.000  0.000  0.000  0.000  0.261
   0.24207     -2.353014  0.008  0.085  0.107  0.050  0.000  0.000  0.000  0.000  0.000  0.251
   0.27233     -2.360240  0.006  0.091  0.089  0.048  0.000  0.000  0.000  0.001  0.001  0.235
   0.30259     -2.338404  0.004  0.089  0.064  0.051  0.000  0.001  0.000  0.001  0.001  0.211
   0.33285     -2.288608  0.004  0.075  0.049  0.059  0.001  0.001  0.000  0.001  0.001  0.191
   0.36311     -2.232181  0.005  0.054  0.055  0.060  0.001  0.001  0.000  0.001  0.001  0.179
   0.39337     -2.189076  0.005  0.040  0.073  0.052  0.001  0.000  0.000  0.001  0.002  0.175
   0.42363     -2.154068  0.005  0.034  0.085  0.051  0.001  0.000  0.001  0.001  0.002  0.180
   0.45389     -2.108478  0.004  0.031  0.091  0.063  0.001  0.000  0.000  0.001  0.003  0.194
   0.48415     -2.042425  0.003  0.032  0.090  0.083  0.001  0.000  0.000  0.001  0.003  0.214
   0.51440     -1.958669  0.002  0.035  0.087  0.100  0.001  0.001  0.000  0.001  0.003  0.230
   0.54466     -1.864118  0.001  0.038  0.085  0.110  0.001  0.001  0.000  0.001  0.003  0.240
   0.57492     -1.763472  0.000  0.040  0.084  0.115  0.001  0.001  0.000  0.001  0.003  0.246
   0.60518     -1.659080  0.000  0.041  0.085  0.116  0.002  0.001  0.000  0.001  0.003  0.249
   0.63544     -1.551783  0.001  0.041  0.087  0.114  0.002  0.001  0.001  0.001  0.003  0.249
   0.66570     -1.441426  0.001  0.041  0.088  0.109  0.002  0.001  0.001  0.001  0.003  0.246
   0.69596     -1.327230  0.002  0.042  0.087  0.102  0.002  0.001  0.001  0.001  0.003  0.241
   0.72622     -1.208233  0.004  0.044  0.084  0.094  0.002  0.001  0.001  0.001  0.003  0.234
   0.75648     -1.083861  0.006  0.048  0.078  0.086  0.002  0.001  0.001  0.001  0.003  0.226
   0.78674     -0.954568  0.008  0.053  0.068  0.080  0.002  0.001  0.002  0.001  0.003  0.217
   0.81700     -0.822830  0.010  0.060  0.053  0.077  0.002  0.001  0.002  0.001  0.003  0.209
   0.84725     -0.697297  0.008  0.077  0.028  0.084  0.002  0.002  0.001  0.001  0.004  0.207
   0.87751     -0.626948  0.000  0.104  0.000  0.104  0.004  0.002  0.000  0.002  0.004  0.220
   0.87751     -0.626948  0.000  0.104  0.000  0.104  0.004  0.002  0.000  0.002  0.004  0.220
   0.90372     -0.682274  0.007  0.080  0.024  0.087  0.002  0.002  0.001  0.001  0.004  0.208
   0.92992     -0.787225  0.010  0.061  0.048  0.079  0.001  0.002  0.002  0.001  0.004  0.207
   0.95613     -0.899709  0.009  0.051  0.063  0.082  0.001  0.001  0.002  0.001  0.004  0.214
   0.98233     -1.010745  0.008  0.042  0.075  0.090  0.001  0.001  0.002  0.001  0.003  0.223
   1.00854     -1.117141  0.006  0.034  0.083  0.101  0.002  0.001  0.001  0.001  0.003  0.232
   1.03474     -1.217328  0.004  0.027  0.089  0.114  0.002  0.001  0.001  0.001  0.003  0.241
   1.06095     -1.310617  0.003  0.020  0.092  0.129  0.002  0.001  0.001  0.001  0.002  0.250
   1.08715     -1.396982  0.002  0.014  0.093  0.144  0.002  0.001  0.001  0.001  0.002  0.259
   1.11336     -1.476887  0.001  0.010  0.091  0.157  0.002  0.000  0.000  0.002  0.002  0.265
   1.13956     -1.551072  0.000  0.007  0.088  0.169  0.002  0.000  0.000  0.002  0.001  0.270
   1.16577     -1.620321  0.000  0.005  0.084  0.178  0.002  0.000  0.000  0.002  0.001  0.273
   1.19197     -1.685298  0.000  0.003  0.080  0.186  0.002  0.000  0.000  0.002  0.001  0.275
   1.21818     -1.746464  0.000  0.003  0.076  0.191  0.002  0.000  0.000  0.002  0.001  0.275
   1.24439     -1.804065  0.000  0.003  0.071  0.195  0.002  0.000  0.000  0.002  0.001  0.274
   1.27059     -1.858148  0.000  0.003  0.067  0.197  0.002  0.000  0.000  0.002  0.001  0.273
   1.29680     -1.908591  0.001  0.004  0.063  0.198  0.002  0.000  0.000  0.002  0.001  0.270
   1.32300     -1.955135  0.001  0.004  0.059  0.197  0.002  0.000  0.000  0.003  0.000  0.266
   1.34921     -1.997400  0.001  0.005  0.055  0.196  0.002  0.000  0.000  0.003  0.000  0.262
   1.37541     -2.034921  0.001  0.006  0.051  0.193  0.001  0.000  0.000  0.003  0.000  0.257
   1.40162     -2.067188  0.002  0.008  0.047  0.189  0.001  0.000  0.000  0.003  0.000  0.251
   1.42782     -2.093715  0.002  0.009  0.043  0.185  0.001  0.000  0.000  0.003  0.000  0.244
   1.45403     -2.114123  0.002  0.011  0.040  0.179  0.001  0.000  0.000  0.003  0.000  0.237
   1.48023     -2.128238  0.003  0.014  0.036  0.174  0.001  0.000  0.000  0.003  0.000  0.230
   1.50644     -2.136129  0.004  0.016  0.032  0.168  0.001  0.000  0.000  0.003  0.000  0.224
   1.53264     -2.138116  0.004  0.018  0.029  0.163  0.001  0.000  0.000  0.003  0.000  0.219
   1.55885     -2.134702  0.005  0.020  0.026  0.159  0.001  0.000  0.000  0.003  0.000  0.214
   1.58505     -2.126482  0.006  0.021  0.024  0.157  0.001  0.000  0.000  0.003  0.000  0.211
   1.61126     -2.114058  0.006  0.022  0.021  0.155  0.001  0.000  0.000  0.003  0.000  0.208
   1.63746     -2.097975  0.006  0.023  0.019  0.155  0.001  0.000  0.000  0.003  0.000  0.206
   1.63746     -2.097975  0.006  0.023  0.019  0.155  0.001  0.000  0.000  0.003  0.000  0.206
   1.65259     -2.124453  0.006  0.021  0.019  0.160  0.001  0.000  0.000  0.003  0.000  0.209
   1.66772     -2.152380  0.006  0.020  0.019  0.165  0.001  0.000  0.000  0.003  0.000  0.213
   1.68285     -2.181481  0.005  0.018  0.020  0.170  0.001  0.000  0.000  0.003  0.000  0.216
   1.69798     -2.211350  0.005  0.016  0.021  0.175  0.001  0.000  0.000  0.003  0.000  0.220
   1.71311     -2.241419  0.004  0.013  0.024  0.180  0.001  0.000  0.000  0.003  0.000  0.225
   1.72824     -2.270878  0.004  0.010  0.028  0.185  0.001  0.000  0.000  0.003  0.000  0.231
   1.74337     -2.298572  0.003  0.007  0.034  0.190  0.001  0.000  0.000  0.003  0.000  0.238
   1.75850     -2.322873  0.003  0.004  0.044  0.192  0.001  0.000  0.000  0.003  0.000  0.248
   1.77363     -2.341692  0.004  0.004  0.058  0.190  0.001  0.000  0.000  0.002  0.000  0.259
   1.78876     -2.353023  0.005  0.007  0.075  0.180  0.001  0.000  0.000  0.002  0.000  0.270
   1.80389     -2.356061  0.007  0.014  0.091  0.164  0.000  0.000  0.000  0.001  0.000  0.279
   1.81902     -2.351739  0.009  0.023  0.104  0.146  0.000  0.000  0.000  0.001  0.000  0.283
   1.83415     -2.341925  0.010  0.031  0.114  0.129  0.000  0.000  0.000  0.001  0.000  0.285
   1.84928     -2.328381  0.011  0.038  0.120  0.115  0.000  0.000  0.000  0.000  0.000  0.286
   1.86441     -2.312386  0.012  0.043  0.125  0.104  0.000  0.000  0.000  0.000  0.000  0.285
   1.87953     -2.294795  0.012  0.048  0.129  0.095  0.000  0.000  0.000  0.000  0.000  0.285
   1.89466     -2.276186  0.013  0.051  0.131  0.089  0.000  0.000  0.000  0.000  0.000  0.285
   1.90979     -2.256979  0.013  0.054  0.134  0.083  0.000  0.000  0.000  0.000  0.000  0.284
   1.92492     -2.237512  0.013  0.057  0.136  0.079  0.000  0.000  0.000  0.000  0.000  0.285
   1.94005     -2.218092  0.013  0.059  0.137  0.075  0.000  0.000  0.000  0.000  0.000  0.285
   1.95518     -2.199018  0.013  0.061  0.139  0.073  0.000  0.000  0.000  0.000  0.000  0.285
   1.97031     -2.180618  0.013  0.062  0.140  0.070  0.000  0.000  0.000  0.000  0.000  0.286
   1.98544     -2.163250  0.013  0.064  0.141  0.069  0.000  0.000  0.000  0.000  0.000  0.287
   2.00057     -2.147319  0.013  0.065  0.143  0.068  0.000  0.000  0.000  0.000  0.000  0.288
   2.01570     -2.133272  0.013  0.066  0.144  0.067  0.000  0.000  0.000  0.000  0.000  0.289
   2.03083     -2.121590  0.012  0.067  0.144  0.067  0.000  0.000  0.000  0.000  0.000  0.291
   2.04596     -2.112759  0.012  0.067  0.145  0.066  0.000  0.000  0.000  0.000  0.000  0.292
   2.06109     -2.107222  0.012  0.067  0.146  0.067  0.000  0.000  0.000  0.000  0.000  0.292
   2.07622     -2.105323  0.012  0.067  0.146  0.067  0.000  0.000  0.000  0.000  0.000  0.292
   2.07622     -2.105323  0.012  0.067  0.146  0.067  0.000  0.000  0.000  0.000  0.000  0.292
   2.10648     -2.113007  0.012  0.067  0.145  0.066  0.000  0.000  0.000  0.000  0.000  0.291
   2.13674     -2.135022  0.012  0.068  0.143  0.064  0.000  0.000  0.000  0.000  0.000  0.288
   2.16700     -2.168115  0.012  0.069  0.140  0.062  0.000  0.000  0.000  0.000  0.000  0.284
   2.19725     -2.208013  0.012  0.071  0.136  0.060  0.000  0.000  0.000  0.000  0.000  0.279
   2.22751     -2.250498  0.012  0.073  0.131  0.057  0.000  0.000  0.000  0.000  0.000  0.274
   2.25777     -2.291657  0.011  0.076  0.125  0.055  0.000  0.000  0.000  0.000  0.000  0.268
   2.28803     -2.327502  0.010  0.079  0.118  0.053  0.000  0.000  0.000  0.000  0.000  0.261
   2.31829     -2.353014  0.008  0.085  0.107  0.050  0.000  0.000  0.000  0.000  0.000  0.251
   2.34855     -2.360240  0.006  0.091  0.089  0.048  0.000  0.000  0.000  0.001  0.001  0.235
   2.37881     -2.338404  0.004  0.089  0.064  0.051  0.000  0.001  0.000  0.001  0.001  0.211
   2.40907     -2.288608  0.004  0.075  0.049  0.059  0.001  0.001  0.000  0.001  0.001  0.191
   2.43933     -2.232181  0.005  0.054  0.055  0.060  0.001  0.001  0.000  0.001  0.001  0.179
   2.46959     -2.189076  0.005  0.040  0.073  0.052  0.001  0.000  0.000  0.001  0.002  0.175
   2.49985     -2.154068  0.005  0.034  0.085  0.051  0.001  0.000  0.001  0.001  0.002  0.180
   2.53010     -2.108478  0.004  0.031  0.091  0.063  0.001  0.000  0.000  0.001  0.003  0.194
   2.56036     -2.042425  0.003  0.032  0.090  0.083  0.001  0.000  0.000  0.001  0.003  0.214
   2.59062     -1.958669  0.002  0.035  0.087  0.100  0.001  0.001  0.000  0.001  0.003  0.230
   2.62088     -1.864118  0.001  0.038  0.085  0.110  0.001  0.001  0.000  0.001  0.003  0.240
   2.65114     -1.763472  0.000  0.040  0.084  0.115  0.001  0.001  0.000  0.001  0.003  0.246
   2.68140     -1.659080  0.000  0.041  0.085  0.116  0.002  0.001  0.000  0.001  0.003  0.249
   2.71166     -1.551783  0.001  0.041  0.087  0.114  0.002  0.001  0.001  0.001  0.003  0.249
   2.74192     -1.441426  0.001  0.041  0.088  0.109  0.002  0.001  0.001  0.001  0.003  0.246
   2.77218     -1.327230  0.002  0.042  0.087  0.102  0.002  0.001  0.001  0.001  0.003  0.241
   2.80244     -1.208233  0.004  0.044  0.084  0.094  0.002  0.001  0.001  0.001  0.003  0.234
   2.83270     -1.083861  0.006  0.048  0.078  0.086  0.002  0.001  0.001  0.001  0.003  0.226
   2.86295     -0.954568  0.008  0.053  0.068  0.080  0.002  0.001  0.002  0.001  0.003  0.217
   2.89321     -0.822830  0.010  0.060  0.053  0.077  0.002  0.001  0.002  0.001  0.003  0.209
   2.92347     -0.697297  0.008  0.077  0.028  0.084  0.002  0.002  0.001  0.001  0.004  0.207
   2.95373     -0.626948  0.000  0.104  0.000  0.104  0.004  0.002  0.000  0.002  0.004  0.220
 
# Band-Index:   18
   2.95373     -0.626948  0.000  0.104  0.000  0.104  0.004  0.002  0.000  0.002  0.004  0.220
   2.92347     -0.679825  0.005  0.086  0.010  0.091  0.004  0.001  0.001  0.002  0.003  0.203
   2.89321     -0.763795  0.007  0.075  0.012  0.088  0.004  0.001  0.001  0.002  0.002  0.193
   2.86295     -0.847796  0.007  0.071  0.010  0.091  0.004  0.001  0.001  0.002  0.002  0.189
   2.83270     -0.928906  0.006  0.069  0.008  0.096  0.004  0.001  0.001  0.002  0.002  0.189
   2.80244     -1.008254  0.005  0.070  0.007  0.099  0.004  0.001  0.001  0.002  0.001  0.191
   2.77218     -1.087812  0.005  0.071  0.007  0.102  0.003  0.001  0.001  0.002  0.001  0.193
   2.74192     -1.169472  0.004  0.073  0.006  0.104  0.003  0.001  0.001  0.002  0.001  0.196
   2.71166     -1.254647  0.004  0.076  0.006  0.104  0.003  0.001  0.001  0.002  0.001  0.197
   2.68140     -1.344099  0.003  0.079  0.005  0.103  0.003  0.001  0.001  0.002  0.001  0.198
   2.65114     -1.437902  0.003  0.082  0.005  0.101  0.002  0.001  0.001  0.002  0.001  0.198
   2.62088     -1.535489  0.003  0.085  0.005  0.099  0.002  0.001  0.001  0.002  0.001  0.198
   2.59062     -1.635716  0.003  0.089  0.005  0.095  0.002  0.001  0.000  0.002  0.001  0.197
   2.56036     -1.736862  0.002  0.093  0.005  0.090  0.002  0.001  0.000  0.002  0.001  0.196
   2.53010     -1.836388  0.002  0.098  0.007  0.084  0.001  0.001  0.000  0.002  0.000  0.196
   2.49985     -1.929982  0.002  0.103  0.011  0.075  0.001  0.001  0.000  0.002  0.000  0.195
   2.46959     -2.008762  0.002  0.106  0.021  0.061  0.001  0.001  0.000  0.001  0.000  0.194
   2.43933     -2.057045  0.003  0.099  0.041  0.043  0.000  0.001  0.001  0.001  0.000  0.189
   2.40907     -2.068398  0.005  0.085  0.059  0.033  0.000  0.000  0.001  0.000  0.001  0.184
   2.37881     -2.054539  0.007  0.075  0.068  0.029  0.000  0.000  0.000  0.000  0.001  0.181
   2.34855     -2.025527  0.009  0.068  0.074  0.027  0.000  0.000  0.000  0.000  0.001  0.180
   2.31829     -1.986233  0.010  0.063  0.079  0.027  0.000  0.000  0.000  0.000  0.001  0.180
   2.28803     -1.939362  0.012  0.058  0.084  0.026  0.000  0.000  0.000  0.000  0.001  0.181
   2.25777     -1.886880  0.013  0.054  0.089  0.025  0.000  0.000  0.000  0.000  0.001  0.182
   2.22751     -1.830554  0.015  0.049  0.094  0.024  0.000  0.000  0.000  0.000  0.001  0.184
   2.19725     -1.772218  0.017  0.044  0.101  0.023  0.000  0.000  0.000  0.000  0.001  0.186
   2.16700     -1.713989  0.019  0.039  0.107  0.022  0.000  0.000  0.000  0.000  0.001  0.189
   2.13674     -1.658626  0.020  0.034  0.114  0.022  0.000  0.000  0.000  0.000  0.000  0.191
   2.10648     -1.610426  0.021  0.030  0.112  0.024  0.000  0.000  0.000  0.000  0.000  0.189
   2.07622     -1.584037  0.021  0.032  0.088  0.032  0.001  0.000  0.000  0.000  0.001  0.174
   2.07622     -1.584037  0.021  0.032  0.088  0.032  0.001  0.000  0.000  0.000  0.001  0.174
   2.06109     -1.591791  0.021  0.030  0.100  0.029  0.000  0.000  0.000  0.000  0.000  0.181
   2.04596     -1.608448  0.021  0.027  0.111  0.028  0.000  0.000  0.000  0.000  0.000  0.188
   2.03083     -1.628191  0.021  0.025  0.113  0.029  0.000  0.000  0.000  0.000  0.000  0.190
   2.01570     -1.649112  0.020  0.025  0.111  0.032  0.000  0.000  0.000  0.000  0.000  0.189
   2.00057     -1.670424  0.020  0.025  0.108  0.034  0.001  0.000  0.000  0.000  0.000  0.188
   1.98544     -1.691688  0.019  0.026  0.103  0.038  0.001  0.000  0.000  0.000  0.000  0.187
   1.97031     -1.712623  0.018  0.026  0.099  0.041  0.001  0.000  0.000  0.000  0.000  0.185
   1.95518     -1.733039  0.017  0.026  0.094  0.044  0.001  0.000  0.000  0.000  0.000  0.184
   1.94005     -1.752810  0.017  0.027  0.090  0.048  0.001  0.000  0.000  0.000  0.000  0.183
   1.92492     -1.771853  0.016  0.027  0.085  0.052  0.001  0.000  0.000  0.000  0.000  0.181
   1.90979     -1.790124  0.015  0.027  0.080  0.056  0.001  0.000  0.000  0.000  0.000  0.181
   1.89466     -1.807615  0.015  0.028  0.075  0.060  0.001  0.000  0.000  0.000  0.000  0.180
   1.87953     -1.824339  0.014  0.028  0.071  0.065  0.001  0.000  0.000  0.001  0.000  0.179
   1.86441     -1.840343  0.013  0.028  0.066  0.070  0.001  0.000  0.000  0.001  0.000  0.179
   1.84928     -1.855702  0.013  0.028  0.061  0.075  0.001  0.000  0.000  0.001  0.000  0.179
   1.83415     -1.870517  0.012  0.028  0.057  0.080  0.001  0.000  0.000  0.001  0.000  0.179
   1.81902     -1.884917  0.011  0.028  0.052  0.085  0.001  0.000  0.000  0.001  0.000  0.180
   1.80389     -1.899061  0.011  0.028  0.048  0.091  0.001  0.000  0.000  0.001  0.000  0.180
   1.78876     -1.913134  0.010  0.028  0.044  0.097  0.001  0.000  0.000  0.001  0.000  0.182
   1.77363     -1.927345  0.010  0.028  0.040  0.103  0.001  0.000  0.000  0.001  0.000  0.183
   1.75850     -1.941918  0.009  0.028  0.036  0.109  0.001  0.000  0.000  0.002  0.000  0.185
   1.74337     -1.957093  0.009  0.027  0.033  0.115  0.001  0.000  0.000  0.002  0.000  0.187
   1.72824     -1.973113  0.009  0.027  0.029  0.121  0.001  0.000  0.000  0.002  0.000  0.189
   1.71311     -1.990212  0.008  0.027  0.027  0.127  0.001  0.000  0.000  0.002  0.000  0.192
   1.69798     -2.008604  0.008  0.026  0.024  0.133  0.001  0.000  0.000  0.002  0.000  0.194
   1.68285     -2.028472  0.007  0.026  0.022  0.139  0.001  0.000  0.000  0.002  0.000  0.197
   1.66772     -2.049950  0.007  0.025  0.021  0.144  0.001  0.000  0.000  0.002  0.000  0.200
   1.65259     -2.073116  0.007  0.024  0.020  0.149  0.001  0.000  0.000  0.003  0.000  0.203
   1.63746     -2.097975  0.006  0.023  0.019  0.155  0.001  0.000  0.000  0.003  0.000  0.206
   1.63746     -2.097975  0.006  0.023  0.019  0.155  0.001  0.000  0.000  0.003  0.000  0.206
   1.61126     -2.078679  0.006  0.023  0.017  0.155  0.001  0.000  0.000  0.003  0.000  0.205
   1.58505     -2.056499  0.006  0.023  0.015  0.156  0.001  0.000  0.000  0.003  0.000  0.204
   1.55885     -2.031651  0.006  0.022  0.013  0.158  0.001  0.000  0.000  0.003  0.000  0.204
   1.53264     -2.004254  0.006  0.022  0.012  0.160  0.001  0.000  0.000  0.003  0.000  0.204
   1.50644     -1.974348  0.006  0.021  0.010  0.163  0.001  0.000  0.000  0.003  0.000  0.204
   1.48023     -1.941922  0.005  0.021  0.009  0.165  0.001  0.000  0.000  0.003  0.000  0.204
   1.45403     -1.906932  0.005  0.020  0.008  0.167  0.001  0.000  0.000  0.003  0.000  0.204
   1.42782     -1.869335  0.004  0.019  0.007  0.169  0.001  0.000  0.000  0.003  0.000  0.204
   1.40162     -1.829084  0.004  0.019  0.006  0.171  0.002  0.000  0.000  0.003  0.000  0.205
   1.37541     -1.786167  0.003  0.019  0.006  0.172  0.002  0.000  0.000  0.003  0.000  0.205
   1.34921     -1.740594  0.003  0.018  0.005  0.173  0.002  0.000  0.000  0.003  0.000  0.205
   1.32300     -1.692405  0.002  0.018  0.004  0.174  0.002  0.000  0.000  0.003  0.000  0.205
   1.29680     -1.641682  0.002  0.018  0.004  0.174  0.002  0.000  0.000  0.003  0.000  0.205
   1.27059     -1.588536  0.002  0.018  0.004  0.174  0.003  0.000  0.000  0.003  0.000  0.204
   1.24439     -1.533116  0.002  0.019  0.003  0.173  0.003  0.000  0.000  0.003  0.000  0.204
   1.21818     -1.475595  0.002  0.019  0.003  0.172  0.003  0.000  0.000  0.003  0.001  0.203
   1.19197     -1.416171  0.002  0.020  0.003  0.170  0.003  0.000  0.000  0.003  0.001  0.202
   1.16577     -1.355052  0.002  0.021  0.003  0.167  0.003  0.000  0.001  0.003  0.001  0.200
   1.13956     -1.292439  0.002  0.022  0.003  0.163  0.004  0.000  0.001  0.003  0.001  0.199
   1.11336     -1.228508  0.002  0.024  0.003  0.159  0.004  0.000  0.001  0.003  0.001  0.197
   1.08715     -1.163379  0.003  0.027  0.003  0.153  0.004  0.000  0.001  0.003  0.001  0.195
   1.06095     -1.097076  0.004  0.030  0.004  0.146  0.004  0.000  0.001  0.003  0.001  0.192
   1.03474     -1.029499  0.004  0.033  0.005  0.138  0.004  0.000  0.001  0.002  0.001  0.190
   1.00854     -0.960408  0.005  0.039  0.006  0.129  0.004  0.000  0.001  0.002  0.001  0.188
   0.98233     -0.889459  0.006  0.045  0.008  0.119  0.004  0.001  0.001  0.002  0.001  0.188
   0.95613     -0.816394  0.007  0.054  0.010  0.109  0.004  0.001  0.001  0.002  0.002  0.189
   0.92992     -0.741698  0.007  0.065  0.012  0.100  0.004  0.001  0.001  0.002  0.002  0.194
   0.90372     -0.669485  0.005  0.083  0.010  0.098  0.004  0.001  0.001  0.002  0.002  0.206
   0.87751     -0.626948  0.000  0.104  0.000  0.104  0.004  0.002  0.000  0.002  0.004  0.220
   0.87751     -0.626948  0.000  0.104  0.000  0.104  0.004  0.002  0.000  0.002  0.004  0.220
   0.84725     -0.679825  0.005  0.086  0.010  0.091  0.004  0.001  0.001  0.002  0.003  0.203
   0.81700     -0.763795  0.007  0.075  0.012  0.088  0.004  0.001  0.001  0.002  0.002  0.193
   0.78674     -0.847796  0.007  0.071  0.010  0.091  0.004  0.001  0.001  0.002  0.002  0.189
   0.75648     -0.928906  0.006  0.069  0.008  0.096  0.004  0.001  0.001  0.002  0.002  0.189
   0.72622     -1.008254  0.005  0.070  0.007  0.099  0.004  0.001  0.001  0.002  0.001  0.191
   0.69596     -1.087812  0.005  0.071  0.007  0.102  0.003  0.001  0.001  0.002  0.001  0.193
   0.66570     -1.169472  0.004  0.073  0.006  0.104  0.003  0.001  0.001  0.002  0.001  0.196
   0.63544     -1.254647  0.004  0.076  0.006  0.104  0.003  0.001  0.001  0.002  0.001  0.197
   0.60518     -1.344099  0.003  0.079  0.005  0.103  0.003  0.001  0.001  0.002  0.001  0.198
   0.57492     -1.437902  0.003  0.082  0.005  0.101  0.002  0.001  0.001  0.002  0.001  0.198
   0.54466     -1.535489  0.003  0.085  0.005  0.099  0.002  0.001  0.001  0.002  0.001  0.198
   0.51440     -1.635716  0.003  0.089  0.005  0.095  0.002  0.001  0.000  0.002  0.001  0.197
   0.48415     -1.736862  0.002  0.093  0.005  0.090  0.002  0.001  0.000  0.002  0.001  0.196
   0.45389     -1.836388  0.002  0.098  0.007  0.084  0.001  0.001  0.000  0.002  0.000  0.196
   0.42363     -1.929982  0.002  0.103  0.011  0.075  0.001  0.001  0.000  0.002  0.000  0.195
   0.39337     -2.008762  0.002  0.106  0.021  0.061  0.001  0.001  0.000  0.001  0.000  0.194
   0.36311     -2.057045  0.003  0.099  0.041  0.043  0.000  0.001  0.001  0.001  0.000  0.189
   0.33285     -2.068398  0.005  0.085  0.059  0.033  0.000  0.000  0.001  0.000  0.001  0.184
   0.30259     -2.054539  0.007  0.075  0.068  0.029  0.000  0.000  0.000  0.000  0.001  0.181
   0.27233     -2.025527  0.009  0.068  0.074  0.027  0.000  0.000  0.000  0.000  0.001  0.180
   0.24207     -1.986233  0.010  0.063  0.079  0.027  0.000  0.000  0.000  0.000  0.001  0.180
   0.21181     -1.939362  0.012  0.058  0.084  0.026  0.000  0.000  0.000  0.000  0.001  0.181
   0.18155     -1.886880  0.013  0.054  0.089  0.025  0.000  0.000  0.000  0.000  0.001  0.182
   0.15130     -1.830554  0.015  0.049  0.094  0.024  0.000  0.000  0.000  0.000  0.001  0.184
   0.12104     -1.772218  0.017  0.044  0.101  0.023  0.000  0.000  0.000  0.000  0.001  0.186
   0.09078     -1.713989  0.019  0.039  0.107  0.022  0.000  0.000  0.000  0.000  0.001  0.189
   0.06052     -1.658626  0.020  0.034  0.114  0.022  0.000  0.000  0.000  0.000  0.000  0.191
   0.03026     -1.610426  0.021  0.030  0.112  0.024  0.000  0.000  0.000  0.000  0.000  0.189
   0.00000     -1.584037  0.021  0.032  0.088  0.032  0.001  0.000  0.000  0.000  0.001  0.174
 
# Band-Index:   19
   0.00000     -1.535042  0.027  0.003  0.228  0.003  0.000  0.000  0.000  0.000  0.000  0.262
   0.03026     -1.512689  0.025  0.010  0.197  0.013  0.000  0.000  0.000  0.000  0.000  0.246
   0.06052     -1.473544  0.022  0.016  0.180  0.021  0.000  0.000  0.000  0.000  0.000  0.240
   0.09078     -1.426059  0.020  0.020  0.172  0.026  0.000  0.000  0.000  0.000  0.000  0.239
   0.12104     -1.370640  0.018  0.023  0.168  0.030  0.000  0.000  0.000  0.000  0.000  0.240
   0.15130     -1.308571  0.017  0.025  0.166  0.033  0.000  0.000  0.000  0.000  0.000  0.242
   0.18155     -1.241441  0.016  0.026  0.166  0.035  0.000  0.000  0.000  0.000  0.000  0.245
   0.21181     -1.170689  0.015  0.028  0.166  0.037  0.000  0.000  0.000  0.000  0.000  0.247
   0.24207     -1.097519  0.014  0.029  0.168  0.038  0.000  0.001  0.000  0.000  0.000  0.249
   0.27233     -1.022925  0.013  0.029  0.169  0.038  0.000  0.001  0.000  0.000  0.000  0.252
   0.30259     -0.947739  0.012  0.030  0.171  0.039  0.000  0.001  0.000  0.000  0.000  0.254
   0.33285     -0.872669  0.011  0.031  0.173  0.039  0.001  0.001  0.000  0.000  0.000  0.256
   0.36311     -0.798324  0.010  0.031  0.175  0.038  0.001  0.001  0.000  0.000  0.001  0.258
   0.39337     -0.725221  0.009  0.032  0.178  0.038  0.001  0.001  0.000  0.000  0.001  0.259
   0.42363     -0.653795  0.008  0.032  0.180  0.037  0.001  0.000  0.000  0.000  0.001  0.260
   0.45389     -0.584425  0.007  0.033  0.183  0.036  0.001  0.000  0.000  0.001  0.001  0.261
   0.48415     -0.517442  0.006  0.033  0.186  0.034  0.001  0.000  0.000  0.001  0.001  0.262
   0.51440     -0.453178  0.005  0.034  0.188  0.032  0.001  0.000  0.001  0.001  0.001  0.262
   0.54466     -0.392019  0.004  0.034  0.190  0.030  0.001  0.000  0.001  0.001  0.001  0.262
   0.57492     -0.334495  0.003  0.034  0.192  0.028  0.001  0.000  0.001  0.001  0.001  0.261
   0.60518     -0.281390  0.002  0.034  0.193  0.026  0.001  0.000  0.001  0.001  0.001  0.260
   0.63544     -0.233936  0.002  0.035  0.192  0.024  0.001  0.000  0.001  0.001  0.001  0.257
   0.66570     -0.194191  0.002  0.036  0.188  0.022  0.002  0.000  0.001  0.001  0.001  0.254
   0.69596     -0.165871  0.005  0.038  0.177  0.021  0.002  0.000  0.001  0.001  0.001  0.246
   0.72622     -0.155811  0.009  0.042  0.158  0.022  0.002  0.000  0.002  0.001  0.001  0.237
   0.75648     -0.175157  0.015  0.051  0.142  0.026  0.002  0.000  0.002  0.001  0.001  0.240
   0.78674     -0.235239  0.020  0.057  0.129  0.031  0.002  0.001  0.002  0.001  0.001  0.244
   0.81700     -0.325742  0.026  0.050  0.104  0.030  0.002  0.001  0.003  0.001  0.001  0.217
   0.84725     -0.418796  0.031  0.032  0.090  0.021  0.002  0.000  0.004  0.001  0.001  0.182
   0.87751     -0.457758  0.042  0.001  0.084  0.001  0.000  0.000  0.006  0.000  0.000  0.135
   0.87751     -0.457758  0.042  0.001  0.084  0.001  0.000  0.000  0.006  0.000  0.000  0.135
   0.90372     -0.429445  0.033  0.033  0.089  0.013  0.002  0.000  0.005  0.001  0.000  0.176
   0.92992     -0.351053  0.027  0.057  0.098  0.019  0.003  0.000  0.003  0.001  0.000  0.209
   0.95613     -0.266681  0.022  0.070  0.123  0.018  0.003  0.000  0.002  0.001  0.000  0.241
   0.98233     -0.193329  0.016  0.075  0.162  0.018  0.003  0.000  0.001  0.001  0.000  0.277
   1.00854     -0.147960  0.008  0.068  0.200  0.017  0.003  0.000  0.001  0.001  0.000  0.300
   1.03474     -0.137182  0.003  0.057  0.213  0.016  0.003  0.000  0.000  0.001  0.000  0.295
   1.06095     -0.150908  0.002  0.051  0.209  0.016  0.003  0.000  0.001  0.001  0.000  0.281
   1.08715     -0.178796  0.002  0.048  0.199  0.015  0.002  0.000  0.001  0.001  0.000  0.269
   1.11336     -0.215640  0.003  0.048  0.189  0.015  0.002  0.000  0.001  0.001  0.000  0.259
   1.13956     -0.258969  0.004  0.049  0.180  0.015  0.002  0.000  0.001  0.001  0.000  0.252
   1.16577     -0.307362  0.006  0.051  0.171  0.015  0.001  0.000  0.001  0.001  0.000  0.247
   1.19197     -0.359758  0.007  0.053  0.163  0.016  0.001  0.000  0.001  0.001  0.000  0.242
   1.21818     -0.415206  0.008  0.055  0.155  0.016  0.001  0.000  0.001  0.001  0.000  0.238
   1.24439     -0.472776  0.009  0.057  0.148  0.017  0.001  0.000  0.001  0.001  0.000  0.235
   1.27059     -0.531538  0.010  0.058  0.142  0.018  0.001  0.000  0.001  0.001  0.001  0.231
   1.29680     -0.590577  0.010  0.059  0.137  0.019  0.001  0.000  0.001  0.001  0.001  0.228
   1.32300     -0.648998  0.011  0.060  0.132  0.019  0.001  0.000  0.001  0.001  0.001  0.225
   1.34921     -0.705940  0.011  0.060  0.127  0.020  0.001  0.000  0.001  0.001  0.001  0.222
   1.37541     -0.760576  0.011  0.060  0.123  0.021  0.001  0.000  0.001  0.001  0.001  0.219
   1.40162     -0.812122  0.011  0.060  0.119  0.022  0.001  0.001  0.001  0.001  0.001  0.216
   1.42782     -0.859832  0.011  0.060  0.116  0.023  0.000  0.001  0.000  0.001  0.001  0.214
   1.45403     -0.902998  0.011  0.059  0.114  0.024  0.000  0.001  0.000  0.001  0.001  0.211
   1.48023     -0.940963  0.011  0.059  0.111  0.025  0.000  0.001  0.000  0.001  0.001  0.208
   1.50644     -0.973121  0.011  0.058  0.109  0.025  0.000  0.001  0.000  0.001  0.001  0.206
   1.53264     -0.998922  0.011  0.057  0.107  0.026  0.000  0.001  0.000  0.001  0.001  0.203
   1.55885     -1.017896  0.011  0.057  0.105  0.026  0.000  0.001  0.000  0.001  0.001  0.201
   1.58505     -1.029668  0.011  0.056  0.103  0.026  0.000  0.001  0.000  0.001  0.001  0.198
   1.61126     -1.033971  0.011  0.055  0.102  0.025  0.000  0.001  0.000  0.001  0.001  0.196
   1.63746     -1.030674  0.012  0.054  0.100  0.024  0.000  0.001  0.000  0.001  0.001  0.194
   1.63746     -1.030674  0.012  0.054  0.100  0.024  0.000  0.001  0.000  0.001  0.001  0.194
   1.65259     -1.035246  0.012  0.055  0.106  0.023  0.000  0.001  0.000  0.001  0.001  0.198
   1.66772     -1.041974  0.012  0.055  0.112  0.021  0.000  0.001  0.000  0.001  0.001  0.203
   1.68285     -1.050827  0.012  0.055  0.119  0.019  0.000  0.001  0.000  0.001  0.001  0.208
   1.69798     -1.061707  0.012  0.055  0.126  0.017  0.000  0.001  0.000  0.001  0.001  0.213
   1.71311     -1.074466  0.013  0.056  0.132  0.015  0.000  0.001  0.000  0.001  0.000  0.217
   1.72824     -1.088911  0.013  0.056  0.138  0.013  0.000  0.001  0.000  0.001  0.000  0.222
   1.74337     -1.104831  0.013  0.056  0.145  0.010  0.000  0.001  0.000  0.001  0.000  0.226
   1.75850     -1.122014  0.013  0.056  0.150  0.008  0.000  0.000  0.000  0.001  0.000  0.229
   1.77363     -1.140262  0.014  0.056  0.155  0.006  0.000  0.000  0.000  0.001  0.000  0.233
   1.78876     -1.159396  0.014  0.056  0.160  0.005  0.000  0.000  0.000  0.001  0.000  0.236
   1.80389     -1.179269  0.015  0.055  0.164  0.004  0.000  0.000  0.000  0.001  0.000  0.238
   1.81902     -1.199755  0.015  0.055  0.167  0.003  0.000  0.000  0.000  0.001  0.000  0.240
   1.83415     -1.220754  0.015  0.054  0.170  0.002  0.000  0.000  0.000  0.001  0.000  0.242
   1.84928     -1.242182  0.016  0.053  0.172  0.002  0.000  0.000  0.000  0.000  0.000  0.243
   1.86441     -1.263968  0.016  0.052  0.173  0.002  0.000  0.000  0.000  0.000  0.000  0.244
   1.87953     -1.286040  0.017  0.050  0.175  0.002  0.000  0.000  0.000  0.000  0.000  0.245
   1.89466     -1.308323  0.017  0.049  0.176  0.002  0.000  0.000  0.000  0.000  0.000  0.245
   1.90979     -1.330727  0.018  0.047  0.177  0.003  0.000  0.000  0.000  0.000  0.000  0.245
   1.92492     -1.353148  0.019  0.045  0.177  0.003  0.000  0.000  0.000  0.000  0.000  0.245
   1.94005     -1.375457  0.019  0.043  0.178  0.004  0.000  0.000  0.000  0.000  0.000  0.245
   1.95518     -1.397497  0.020  0.040  0.178  0.005  0.000  0.000  0.000  0.000  0.000  0.244
   1.97031     -1.419092  0.020  0.037  0.179  0.005  0.000  0.000  0.000  0.000  0.000  0.243
   1.98544     -1.440049  0.021  0.034  0.180  0.006  0.000  0.000  0.000  0.000  0.000  0.243
   2.00057     -1.460179  0.022  0.031  0.182  0.007  0.000  0.000  0.000  0.000  0.000  0.242
   2.01570     -1.479320  0.023  0.026  0.185  0.007  0.000  0.000  0.000  0.000  0.000  0.242
   2.03083     -1.497342  0.024  0.021  0.191  0.007  0.000  0.000  0.000  0.000  0.000  0.243
   2.04596     -1.514023  0.025  0.015  0.199  0.007  0.000  0.000  0.000  0.000  0.000  0.247
   2.06109     -1.528248  0.026  0.008  0.214  0.005  0.000  0.000  0.000  0.000  0.000  0.254
   2.07622     -1.535042  0.027  0.003  0.228  0.003  0.000  0.000  0.000  0.000  0.000  0.262
   2.07622     -1.535042  0.027  0.003  0.228  0.003  0.000  0.000  0.000  0.000  0.000  0.262
   2.10648     -1.512689  0.025  0.010  0.197  0.013  0.000  0.000  0.000  0.000  0.000  0.246
   2.13674     -1.473544  0.022  0.016  0.180  0.021  0.000  0.000  0.000  0.000  0.000  0.240
   2.16700     -1.426059  0.020  0.020  0.172  0.026  0.000  0.000  0.000  0.000  0.000  0.239
   2.19725     -1.370640  0.018  0.023  0.168  0.030  0.000  0.000  0.000  0.000  0.000  0.240
   2.22751     -1.308571  0.017  0.025  0.166  0.033  0.000  0.000  0.000  0.000  0.000  0.242
   2.25777     -1.241441  0.016  0.026  0.166  0.035  0.000  0.000  0.000  0.000  0.000  0.245
   2.28803     -1.170689  0.015  0.028  0.166  0.037  0.000  0.000  0.000  0.000  0.000  0.247
   2.31829     -1.097519  0.014  0.029  0.168  0.038  0.000  0.001  0.000  0.000  0.000  0.249
   2.34855     -1.022925  0.013  0.029  0.169  0.038  0.000  0.001  0.000  0.000  0.000  0.252
   2.37881     -0.947739  0.012  0.030  0.171  0.039  0.000  0.001  0.000  0.000  0.000  0.254
   2.40907     -0.872669  0.011  0.031  0.173  0.039  0.001  0.001  0.000  0.000  0.000  0.256
   2.43933     -0.798324  0.010  0.031  0.175  0.038  0.001  0.001  0.000  0.000  0.001  0.258
   2.46959     -0.725221  0.009  0.032  0.178  0.038  0.001  0.001  0.000  0.000  0.001  0.259
   2.49985     -0.653795  0.008  0.032  0.180  0.037  0.001  0.000  0.000  0.000  0.001  0.260
   2.53010     -0.584425  0.007  0.033  0.183  0.036  0.001  0.000  0.000  0.001  0.001  0.261
   2.56036     -0.517442  0.006  0.033  0.186  0.034  0.001  0.000  0.000  0.001  0.001  0.262
   2.59062     -0.453178  0.005  0.034  0.188  0.032  0.001  0.000  0.001  0.001  0.001  0.262
   2.62088     -0.392019  0.004  0.034  0.190  0.030  0.001  0.000  0.001  0.001  0.001  0.262
   2.65114     -0.334495  0.003  0.034  0.192  0.028  0.001  0.000  0.001  0.001  0.001  0.261
   2.68140     -0.281390  0.002  0.034  0.193  0.026  0.001  0.000  0.001  0.001  0.001  0.260
   2.71166     -0.233936  0.002  0.035  0.192  0.024  0.001  0.000  0.001  0.001  0.001  0.257
   2.74192     -0.194191  0.002  0.036  0.188  0.022  0.002  0.000  0.001  0.001  0.001  0.254
   2.77218     -0.165871  0.005  0.038  0.177  0.021  0.002  0.000  0.001  0.001  0.001  0.246
   2.80244     -0.155811  0.009  0.042  0.158  0.022  0.002  0.000  0.002  0.001  0.001  0.237
   2.83270     -0.175157  0.015  0.051  0.142  0.026  0.002  0.000  0.002  0.001  0.001  0.240
   2.86295     -0.235239  0.020  0.057  0.129  0.031  0.002  0.001  0.002  0.001  0.001  0.244
   2.89321     -0.325742  0.026  0.050  0.104  0.030  0.002  0.001  0.003  0.001  0.001  0.217
   2.92347     -0.418796  0.031  0.032  0.090  0.021  0.002  0.000  0.004  0.001  0.001  0.182
   2.95373     -0.457758  0.042  0.001  0.084  0.001  0.000  0.000  0.006  0.000  0.000  0.135
 
# Band-Index:   20
   2.95373     -0.457758  0.042  0.001  0.084  0.001  0.000  0.000  0.006  0.000  0.000  0.135
   2.92347     -0.375662  0.038  0.015  0.042  0.017  0.000  0.001  0.006  0.000  0.001  0.120
   2.89321     -0.271341  0.036  0.020  0.014  0.023  0.001  0.001  0.006  0.000  0.001  0.102
   2.86295     -0.184282  0.034  0.017  0.012  0.026  0.001  0.001  0.006  0.000  0.001  0.098
   2.83270     -0.121380  0.028  0.017  0.057  0.028  0.001  0.001  0.004  0.001  0.001  0.137
   2.80244     -0.090197  0.022  0.012  0.090  0.025  0.001  0.000  0.004  0.001  0.001  0.154
   2.77218     -0.087147  0.021  0.007  0.090  0.019  0.000  0.000  0.004  0.000  0.000  0.142
   2.74192     -0.099928  0.021  0.006  0.086  0.015  0.000  0.000  0.004  0.000  0.000  0.133
   2.71166     -0.122951  0.021  0.007  0.086  0.013  0.000  0.000  0.004  0.000  0.000  0.132
   2.68140     -0.154084  0.021  0.008  0.088  0.012  0.000  0.000  0.003  0.000  0.000  0.134
   2.65114     -0.192210  0.021  0.010  0.090  0.012  0.000  0.000  0.003  0.000  0.000  0.138
   2.62088     -0.236555  0.021  0.013  0.092  0.013  0.000  0.000  0.003  0.000  0.000  0.142
   2.59062     -0.286502  0.021  0.015  0.093  0.015  0.000  0.000  0.002  0.000  0.000  0.147
   2.56036     -0.341502  0.021  0.017  0.094  0.017  0.000  0.000  0.002  0.000  0.000  0.151
   2.53010     -0.401037  0.020  0.020  0.094  0.019  0.001  0.000  0.002  0.000  0.000  0.155
   2.49985     -0.464590  0.020  0.022  0.093  0.021  0.001  0.000  0.001  0.000  0.000  0.159
   2.46959     -0.531624  0.019  0.024  0.092  0.024  0.001  0.000  0.001  0.000  0.000  0.162
   2.43933     -0.601572  0.019  0.026  0.091  0.026  0.001  0.000  0.001  0.000  0.000  0.164
   2.40907     -0.673841  0.018  0.028  0.089  0.029  0.001  0.000  0.001  0.000  0.000  0.166
   2.37881     -0.747802  0.017  0.030  0.086  0.031  0.001  0.000  0.001  0.000  0.001  0.167
   2.34855     -0.822786  0.017  0.032  0.083  0.034  0.001  0.000  0.000  0.000  0.001  0.167
   2.31829     -0.898095  0.016  0.034  0.080  0.036  0.001  0.000  0.000  0.000  0.001  0.167
   2.28803     -0.972973  0.015  0.036  0.075  0.039  0.001  0.000  0.000  0.000  0.001  0.166
   2.25777     -1.046579  0.013  0.039  0.069  0.041  0.001  0.000  0.000  0.000  0.001  0.165
   2.22751     -1.117897  0.012  0.042  0.062  0.045  0.001  0.000  0.000  0.000  0.001  0.162
   2.19725     -1.185569  0.010  0.046  0.052  0.048  0.001  0.000  0.000  0.000  0.001  0.159
   2.16700     -1.247497  0.008  0.051  0.040  0.053  0.001  0.000  0.000  0.000  0.001  0.154
   2.13674     -1.300024  0.005  0.058  0.024  0.059  0.001  0.000  0.000  0.000  0.001  0.147
   2.10648     -1.336820  0.001  0.065  0.007  0.065  0.001  0.000  0.000  0.000  0.001  0.141
   2.07622     -1.350104  0.000  0.068  0.000  0.068  0.001  0.000  0.000  0.000  0.001  0.138
   2.07622     -1.350104  0.000  0.068  0.000  0.068  0.001  0.000  0.000  0.000  0.001  0.138
   2.06109     -1.346944  0.000  0.067  0.002  0.067  0.001  0.000  0.000  0.000  0.001  0.139
   2.04596     -1.338168  0.001  0.065  0.007  0.065  0.001  0.000  0.000  0.000  0.001  0.141
   2.03083     -1.325104  0.002  0.063  0.013  0.063  0.001  0.000  0.000  0.000  0.001  0.143
   2.01570     -1.309118  0.004  0.060  0.019  0.059  0.001  0.000  0.000  0.000  0.001  0.145
   2.00057     -1.291359  0.005  0.058  0.026  0.056  0.001  0.000  0.000  0.000  0.001  0.147
   1.98544     -1.272696  0.006  0.057  0.031  0.053  0.001  0.000  0.000  0.000  0.001  0.149
   1.97031     -1.253750  0.007  0.056  0.036  0.049  0.001  0.000  0.000  0.000  0.001  0.150
   1.95518     -1.234949  0.007  0.055  0.040  0.047  0.001  0.000  0.000  0.000  0.001  0.152
   1.94005     -1.216587  0.008  0.054  0.044  0.044  0.001  0.000  0.000  0.000  0.001  0.153
   1.92492     -1.198853  0.009  0.054  0.047  0.042  0.001  0.000  0.000  0.000  0.001  0.153
   1.90979     -1.181871  0.009  0.053  0.050  0.039  0.001  0.001  0.000  0.000  0.001  0.154
   1.89466     -1.165709  0.009  0.053  0.052  0.037  0.000  0.001  0.000  0.000  0.002  0.155
   1.87953     -1.150399  0.010  0.053  0.054  0.036  0.000  0.001  0.000  0.000  0.002  0.155
   1.86441     -1.135947  0.010  0.053  0.056  0.034  0.000  0.001  0.000  0.000  0.002  0.156
   1.84928     -1.122342  0.010  0.053  0.058  0.033  0.000  0.001  0.000  0.000  0.002  0.157
   1.83415     -1.109564  0.010  0.053  0.060  0.032  0.000  0.001  0.000  0.000  0.002  0.158
   1.81902     -1.097588  0.010  0.053  0.061  0.031  0.000  0.001  0.000  0.000  0.002  0.159
   1.80389     -1.086394  0.011  0.053  0.063  0.030  0.000  0.001  0.000  0.000  0.002  0.160
   1.78876     -1.075975  0.011  0.053  0.065  0.029  0.000  0.001  0.000  0.000  0.002  0.161
   1.77363     -1.066343  0.011  0.053  0.067  0.029  0.000  0.001  0.000  0.000  0.002  0.163
   1.75850     -1.057528  0.011  0.053  0.069  0.028  0.000  0.001  0.000  0.000  0.001  0.165
   1.74337     -1.049596  0.011  0.053  0.072  0.028  0.000  0.001  0.000  0.000  0.001  0.167
   1.72824     -1.042647  0.011  0.054  0.075  0.028  0.000  0.001  0.000  0.000  0.001  0.170
   1.71311     -1.036813  0.011  0.054  0.078  0.028  0.000  0.001  0.000  0.000  0.001  0.173
   1.69798     -1.032261  0.011  0.054  0.082  0.027  0.000  0.001  0.000  0.001  0.001  0.177
   1.68285     -1.029182  0.011  0.054  0.086  0.027  0.000  0.001  0.000  0.001  0.001  0.181
   1.66772     -1.027771  0.011  0.054  0.090  0.026  0.000  0.001  0.000  0.001  0.001  0.185
   1.65259     -1.028217  0.011  0.054  0.095  0.026  0.000  0.001  0.000  0.001  0.001  0.189
   1.63746     -1.030673  0.012  0.054  0.100  0.024  0.000  0.001  0.000  0.001  0.001  0.194
   1.63746     -1.030673  0.012  0.054  0.100  0.024  0.000  0.001  0.000  0.001  0.001  0.194
   1.61126     -1.019776  0.012  0.054  0.099  0.024  0.000  0.001  0.000  0.001  0.001  0.191
   1.58505     -1.001421  0.013  0.053  0.098  0.022  0.000  0.001  0.000  0.001  0.001  0.189
   1.55885     -0.975886  0.014  0.052  0.097  0.021  0.000  0.001  0.000  0.001  0.001  0.187
   1.53264     -0.943572  0.015  0.051  0.095  0.020  0.000  0.001  0.000  0.001  0.001  0.184
   1.50644     -0.904989  0.017  0.050  0.094  0.019  0.000  0.001  0.000  0.000  0.001  0.182
   1.48023     -0.860731  0.018  0.049  0.093  0.018  0.000  0.001  0.000  0.000  0.001  0.180
   1.45403     -0.811467  0.019  0.048  0.092  0.017  0.000  0.001  0.000  0.000  0.001  0.177
   1.42782     -0.757927  0.020  0.046  0.090  0.016  0.000  0.001  0.001  0.000  0.001  0.175
   1.40162     -0.700895  0.021  0.044  0.089  0.015  0.000  0.001  0.001  0.000  0.001  0.172
   1.37541     -0.641227  0.022  0.042  0.088  0.014  0.000  0.001  0.001  0.000  0.001  0.169
   1.34921     -0.579843  0.023  0.039  0.087  0.014  0.000  0.001  0.001  0.000  0.001  0.165
   1.32300     -0.517747  0.024  0.036  0.086  0.013  0.000  0.001  0.001  0.000  0.001  0.161
   1.29680     -0.456028  0.024  0.032  0.084  0.013  0.000  0.000  0.002  0.000  0.001  0.157
   1.27059     -0.395860  0.024  0.028  0.083  0.013  0.000  0.000  0.002  0.000  0.001  0.152
   1.24439     -0.338480  0.024  0.024  0.081  0.013  0.000  0.000  0.002  0.000  0.001  0.146
   1.21818     -0.285140  0.024  0.019  0.078  0.014  0.000  0.000  0.003  0.000  0.001  0.139
   1.19197     -0.237039  0.024  0.014  0.075  0.014  0.000  0.000  0.003  0.000  0.001  0.132
   1.16577     -0.195236  0.024  0.010  0.071  0.015  0.000  0.000  0.003  0.000  0.001  0.125
   1.13956     -0.160591  0.024  0.006  0.066  0.016  0.000  0.000  0.004  0.000  0.001  0.116
   1.11336     -0.133787  0.024  0.003  0.058  0.017  0.000  0.000  0.004  0.000  0.000  0.108
   1.08715     -0.115483  0.025  0.001  0.049  0.018  0.000  0.000  0.005  0.000  0.000  0.099
   1.06095     -0.106620  0.026  0.000  0.037  0.020  0.000  0.000  0.005  0.000  0.001  0.090
   1.03474     -0.108939  0.028  0.001  0.024  0.022  0.000  0.000  0.005  0.000  0.001  0.082
   1.00854     -0.125560  0.030  0.004  0.010  0.024  0.000  0.000  0.006  0.000  0.001  0.077
   0.98233     -0.161021  0.033  0.009  0.001  0.026  0.000  0.001  0.006  0.000  0.001  0.078
   0.95613     -0.219174  0.036  0.015  0.003  0.026  0.000  0.001  0.006  0.000  0.002  0.089
   0.92992     -0.298754  0.037  0.018  0.019  0.024  0.000  0.001  0.006  0.000  0.002  0.107
   0.90372     -0.389744  0.038  0.012  0.047  0.016  0.000  0.001  0.006  0.000  0.002  0.122
   0.87751     -0.457758  0.042  0.001  0.084  0.001  0.000  0.000  0.006  0.000  0.000  0.135
   0.87751     -0.457758  0.042  0.001  0.084  0.001  0.000  0.000  0.006  0.000  0.000  0.135
   0.84725     -0.375662  0.038  0.015  0.042  0.017  0.000  0.001  0.006  0.000  0.001  0.120
   0.81700     -0.271341  0.036  0.020  0.014  0.023  0.001  0.001  0.006  0.000  0.001  0.102
   0.78674     -0.184282  0.034  0.017  0.012  0.026  0.001  0.001  0.006  0.000  0.001  0.098
   0.75648     -0.121380  0.028  0.017  0.057  0.028  0.001  0.001  0.004  0.001  0.001  0.137
   0.72622     -0.090197  0.022  0.012  0.090  0.025  0.001  0.000  0.004  0.001  0.001  0.154
   0.69596     -0.087147  0.021  0.007  0.090  0.019  0.000  0.000  0.004  0.000  0.000  0.142
   0.66570     -0.099928  0.021  0.006  0.086  0.015  0.000  0.000  0.004  0.000  0.000  0.133
   0.63544     -0.122951  0.021  0.007  0.086  0.013  0.000  0.000  0.004  0.000  0.000  0.132
   0.60518     -0.154084  0.021  0.008  0.088  0.012  0.000  0.000  0.003  0.000  0.000  0.134
   0.57492     -0.192210  0.021  0.010  0.090  0.012  0.000  0.000  0.003  0.000  0.000  0.138
   0.54466     -0.236555  0.021  0.013  0.092  0.013  0.000  0.000  0.003  0.000  0.000  0.142
   0.51440     -0.286502  0.021  0.015  0.093  0.015  0.000  0.000  0.002  0.000  0.000  0.147
   0.48415     -0.341502  0.021  0.017  0.094  0.017  0.000  0.000  0.002  0.000  0.000  0.151
   0.45389     -0.401037  0.020  0.020  0.094  0.019  0.001  0.000  0.002  0.000  0.000  0.155
   0.42363     -0.464590  0.020  0.022  0.093  0.021  0.001  0.000  0.001  0.000  0.000  0.159
   0.39337     -0.531624  0.019  0.024  0.092  0.024  0.001  0.000  0.001  0.000  0.000  0.162
   0.36311     -0.601572  0.019  0.026  0.091  0.026  0.001  0.000  0.001  0.000  0.000  0.164
   0.33285     -0.673841  0.018  0.028  0.089  0.029  0.001  0.000  0.001  0.000  0.000  0.166
   0.30259     -0.747802  0.017  0.030  0.086  0.031  0.001  0.000  0.001  0.000  0.001  0.167
   0.27233     -0.822786  0.017  0.032  0.083  0.034  0.001  0.000  0.000  0.000  0.001  0.167
   0.24207     -0.898095  0.016  0.034  0.080  0.036  0.001  0.000  0.000  0.000  0.001  0.167
   0.21181     -0.972973  0.015  0.036  0.075  0.039  0.001  0.000  0.000  0.000  0.001  0.166
   0.18155     -1.046579  0.013  0.039  0.069  0.041  0.001  0.000  0.000  0.000  0.001  0.165
   0.15130     -1.117897  0.012  0.042  0.062  0.045  0.001  0.000  0.000  0.000  0.001  0.162
   0.12104     -1.185569  0.010  0.046  0.052  0.048  0.001  0.000  0.000  0.000  0.001  0.159
   0.09078     -1.247497  0.008  0.051  0.040  0.053  0.001  0.000  0.000  0.000  0.001  0.154
   0.06052     -1.300024  0.005  0.058  0.024  0.059  0.001  0.000  0.000  0.000  0.001  0.147
   0.03026     -1.336820  0.001  0.065  0.007  0.065  0.001  0.000  0.000  0.000  0.001  0.141
   0.00000     -1.350104  0.000  0.068  0.000  0.068  0.001  0.000  0.000  0.000  0.001  0.138
 
# Band-Index:   21
   0.00000      1.725536  0.007  0.066  0.015  0.066  0.000  0.006  0.000  0.006  0.000  0.165
   0.03026      1.727778  0.007  0.063  0.015  0.067  0.000  0.006  0.000  0.006  0.000  0.166
   0.06052      1.734209  0.008  0.061  0.017  0.069  0.000  0.006  0.000  0.006  0.000  0.167
   0.09078      1.743338  0.009  0.058  0.019  0.071  0.000  0.006  0.000  0.006  0.000  0.169
   0.12104      1.752417  0.010  0.055  0.023  0.072  0.001  0.005  0.000  0.005  0.000  0.172
   0.15130      1.757264  0.012  0.053  0.029  0.073  0.001  0.005  0.000  0.005  0.000  0.178
   0.18155      1.750111  0.016  0.052  0.036  0.077  0.001  0.003  0.000  0.004  0.001  0.191
   0.21181      1.707672  0.022  0.051  0.049  0.086  0.002  0.001  0.001  0.001  0.002  0.214
   0.24207      1.630442  0.024  0.047  0.053  0.084  0.002  0.000  0.001  0.001  0.002  0.214
   0.27233      1.544444  0.025  0.046  0.052  0.081  0.002  0.000  0.001  0.000  0.002  0.210
   0.30259      1.455656  0.025  0.045  0.050  0.078  0.002  0.000  0.001  0.000  0.002  0.206
   0.33285      1.365801  0.026  0.045  0.048  0.075  0.002  0.001  0.002  0.000  0.002  0.202
   0.36311      1.275764  0.027  0.045  0.046  0.072  0.002  0.001  0.002  0.000  0.002  0.198
   0.39337      1.186063  0.028  0.045  0.043  0.070  0.002  0.001  0.002  0.000  0.002  0.194
   0.42363      1.096944  0.029  0.045  0.041  0.067  0.002  0.001  0.002  0.000  0.002  0.189
   0.45389      1.008395  0.031  0.046  0.038  0.063  0.002  0.001  0.003  0.000  0.002  0.185
   0.48415      0.920157  0.032  0.046  0.035  0.060  0.002  0.001  0.003  0.000  0.002  0.180
   0.51440      0.831705  0.033  0.046  0.032  0.056  0.002  0.001  0.003  0.000  0.001  0.175
   0.54466      0.742286  0.035  0.047  0.029  0.051  0.002  0.001  0.004  0.000  0.001  0.169
   0.57492      0.650997  0.036  0.047  0.025  0.047  0.001  0.001  0.004  0.000  0.001  0.162
   0.60518      0.556980  0.037  0.047  0.021  0.041  0.001  0.001  0.004  0.000  0.001  0.154
   0.63544      0.459775  0.038  0.046  0.015  0.035  0.001  0.001  0.005  0.000  0.001  0.142
   0.66570      0.360006  0.038  0.043  0.009  0.029  0.001  0.001  0.005  0.000  0.001  0.127
   0.69596      0.260838  0.037  0.038  0.002  0.022  0.001  0.001  0.006  0.000  0.001  0.108
   0.72622      0.171535  0.033  0.028  0.004  0.014  0.000  0.001  0.006  0.000  0.001  0.087
   0.75648      0.111309  0.024  0.014  0.036  0.007  0.000  0.001  0.006  0.000  0.001  0.088
   0.78674      0.090855  0.013  0.006  0.091  0.004  0.001  0.000  0.004  0.000  0.001  0.121
   0.81700      0.094759  0.007  0.004  0.133  0.005  0.001  0.000  0.003  0.000  0.001  0.154
   0.84725      0.109077  0.004  0.003  0.163  0.005  0.001  0.000  0.003  0.000  0.001  0.180
   0.87751      0.129514  0.001  0.004  0.188  0.004  0.001  0.000  0.002  0.000  0.001  0.203
   0.87751      0.129514  0.001  0.004  0.188  0.004  0.001  0.000  0.002  0.000  0.001  0.203
   0.90372      0.111480  0.003  0.003  0.166  0.005  0.001  0.000  0.003  0.000  0.001  0.183
   0.92992      0.097947  0.006  0.003  0.142  0.005  0.001  0.000  0.003  0.000  0.001  0.162
   0.95613      0.091022  0.010  0.005  0.110  0.004  0.001  0.000  0.004  0.000  0.001  0.136
   0.98233      0.098016  0.018  0.011  0.068  0.003  0.000  0.001  0.005  0.000  0.001  0.106
   1.00854      0.131256  0.027  0.026  0.028  0.002  0.000  0.001  0.006  0.000  0.001  0.091
   1.03474      0.193664  0.034  0.044  0.015  0.001  0.000  0.001  0.006  0.000  0.001  0.102
   1.06095      0.271784  0.036  0.057  0.020  0.001  0.000  0.001  0.005  0.000  0.001  0.122
   1.08715      0.352267  0.037  0.063  0.030  0.002  0.000  0.001  0.005  0.000  0.001  0.140
   1.11336      0.427561  0.036  0.067  0.041  0.003  0.000  0.001  0.005  0.000  0.001  0.154
   1.13956      0.493896  0.035  0.067  0.052  0.003  0.000  0.001  0.004  0.000  0.002  0.165
   1.16577      0.549868  0.034  0.066  0.062  0.004  0.000  0.001  0.004  0.000  0.002  0.174
   1.19197      0.595695  0.033  0.064  0.072  0.004  0.000  0.001  0.003  0.000  0.003  0.180
   1.21818      0.632586  0.031  0.061  0.080  0.005  0.000  0.001  0.003  0.000  0.004  0.185
   1.24439      0.652456  0.015  0.053  0.124  0.004  0.000  0.001  0.001  0.000  0.007  0.205
   1.27059      0.658163  0.014  0.051  0.122  0.004  0.000  0.001  0.001  0.000  0.007  0.201
   1.29680      0.664672  0.014  0.050  0.121  0.004  0.000  0.001  0.001  0.000  0.008  0.198
   1.32300      0.672127  0.014  0.048  0.120  0.004  0.000  0.001  0.001  0.000  0.008  0.196
   1.34921      0.680424  0.014  0.047  0.119  0.004  0.000  0.001  0.001  0.000  0.009  0.194
   1.37541      0.689338  0.014  0.045  0.119  0.004  0.000  0.001  0.001  0.000  0.009  0.193
   1.40162      0.698601  0.014  0.044  0.119  0.004  0.000  0.000  0.001  0.000  0.009  0.192
   1.42782      0.707946  0.014  0.043  0.119  0.004  0.000  0.000  0.001  0.000  0.010  0.191
   1.45403      0.717142  0.014  0.042  0.119  0.004  0.000  0.000  0.001  0.000  0.010  0.191
   1.48023      0.725989  0.015  0.041  0.119  0.004  0.000  0.000  0.001  0.000  0.010  0.191
   1.50644      0.734335  0.015  0.040  0.119  0.004  0.000  0.000  0.001  0.000  0.011  0.191
   1.53264      0.742067  0.016  0.040  0.119  0.004  0.000  0.000  0.001  0.000  0.011  0.191
   1.55885      0.749097  0.016  0.039  0.119  0.004  0.000  0.000  0.001  0.000  0.011  0.191
   1.58505      0.755366  0.017  0.039  0.119  0.004  0.000  0.000  0.001  0.000  0.011  0.192
   1.61126      0.760820  0.017  0.039  0.119  0.004  0.000  0.000  0.001  0.000  0.011  0.192
   1.63746      0.765403  0.018  0.039  0.119  0.004  0.000  0.000  0.001  0.000  0.011  0.193
   1.63746      0.765403  0.018  0.039  0.119  0.004  0.000  0.000  0.001  0.000  0.011  0.193
   1.65259      0.755606  0.018  0.038  0.117  0.006  0.000  0.000  0.001  0.000  0.011  0.191
   1.66772      0.755345  0.018  0.036  0.114  0.009  0.000  0.000  0.001  0.000  0.011  0.191
   1.68285      0.764569  0.018  0.035  0.111  0.013  0.000  0.000  0.001  0.000  0.011  0.190
   1.69798      0.783033  0.019  0.034  0.108  0.017  0.000  0.000  0.001  0.000  0.011  0.190
   1.71311      0.810323  0.019  0.033  0.105  0.022  0.000  0.000  0.001  0.000  0.011  0.191
   1.72824      0.845875  0.019  0.032  0.102  0.027  0.000  0.000  0.001  0.000  0.011  0.192
   1.74337      0.889001  0.020  0.031  0.099  0.032  0.000  0.000  0.001  0.000  0.011  0.193
   1.75850      0.938923  0.020  0.030  0.095  0.037  0.000  0.000  0.001  0.000  0.010  0.195
   1.77363      0.994793  0.020  0.030  0.093  0.043  0.000  0.000  0.001  0.000  0.010  0.197
   1.78876      1.055710  0.020  0.029  0.090  0.048  0.000  0.000  0.001  0.000  0.010  0.199
   1.80389      1.120725  0.021  0.029  0.087  0.054  0.000  0.000  0.001  0.000  0.009  0.201
   1.81902      1.188843  0.021  0.028  0.085  0.060  0.000  0.000  0.001  0.000  0.009  0.204
   1.83415      1.259003  0.021  0.028  0.082  0.065  0.000  0.001  0.001  0.000  0.008  0.206
   1.84928      1.330052  0.021  0.028  0.080  0.070  0.000  0.001  0.001  0.000  0.008  0.208
   1.86441      1.400691  0.021  0.028  0.077  0.075  0.000  0.001  0.000  0.000  0.007  0.210
   1.87953      1.469400  0.020  0.028  0.074  0.080  0.000  0.001  0.000  0.000  0.007  0.211
   1.89466      1.534324  0.020  0.029  0.070  0.084  0.000  0.001  0.000  0.001  0.006  0.211
   1.90979      1.593149  0.019  0.031  0.064  0.087  0.000  0.002  0.000  0.001  0.005  0.209
   1.92492      1.643138  0.017  0.033  0.057  0.089  0.000  0.002  0.000  0.002  0.004  0.204
   1.94005      1.681730  0.015  0.037  0.048  0.087  0.000  0.003  0.000  0.003  0.003  0.197
   1.95518      1.707879  0.013  0.042  0.038  0.084  0.000  0.004  0.000  0.004  0.002  0.188
   1.97031      1.722970  0.011  0.047  0.030  0.081  0.000  0.005  0.000  0.005  0.001  0.180
   1.98544      1.729987  0.010  0.051  0.025  0.078  0.000  0.005  0.000  0.005  0.001  0.174
   2.00057      1.731971  0.009  0.054  0.021  0.075  0.000  0.005  0.000  0.006  0.001  0.171
   2.01570      1.731253  0.008  0.057  0.018  0.073  0.000  0.006  0.000  0.006  0.000  0.168
   2.03083      1.729415  0.008  0.059  0.016  0.071  0.000  0.006  0.000  0.006  0.000  0.167
   2.04596      1.727473  0.007  0.061  0.015  0.069  0.000  0.006  0.000  0.006  0.000  0.166
   2.06109      1.726057  0.007  0.064  0.015  0.067  0.000  0.006  0.000  0.006  0.000  0.166
   2.07622      1.725536  0.007  0.066  0.015  0.066  0.000  0.006  0.000  0.006  0.000  0.165
   2.07622      1.725536  0.007  0.066  0.015  0.066  0.000  0.006  0.000  0.006  0.000  0.165
   2.10648      1.727778  0.007  0.063  0.015  0.067  0.000  0.006  0.000  0.006  0.000  0.166
   2.13674      1.734209  0.008  0.061  0.017  0.069  0.000  0.006  0.000  0.006  0.000  0.167
   2.16700      1.743338  0.009  0.058  0.019  0.071  0.000  0.006  0.000  0.006  0.000  0.169
   2.19725      1.752417  0.010  0.055  0.023  0.072  0.001  0.005  0.000  0.005  0.000  0.172
   2.22751      1.757264  0.012  0.053  0.029  0.073  0.001  0.005  0.000  0.005  0.000  0.178
   2.25777      1.750111  0.016  0.052  0.036  0.077  0.001  0.003  0.000  0.004  0.001  0.191
   2.28803      1.707672  0.022  0.051  0.049  0.086  0.002  0.001  0.001  0.001  0.002  0.214
   2.31829      1.630442  0.024  0.047  0.053  0.084  0.002  0.000  0.001  0.001  0.002  0.214
   2.34855      1.544444  0.025  0.046  0.052  0.081  0.002  0.000  0.001  0.000  0.002  0.210
   2.37881      1.455656  0.025  0.045  0.050  0.078  0.002  0.000  0.001  0.000  0.002  0.206
   2.40907      1.365801  0.026  0.045  0.048  0.075  0.002  0.001  0.002  0.000  0.002  0.202
   2.43933      1.275764  0.027  0.045  0.046  0.072  0.002  0.001  0.002  0.000  0.002  0.198
   2.46959      1.186063  0.028  0.045  0.043  0.070  0.002  0.001  0.002  0.000  0.002  0.194
   2.49985      1.096944  0.029  0.045  0.041  0.067  0.002  0.001  0.002  0.000  0.002  0.189
   2.53010      1.008395  0.031  0.046  0.038  0.063  0.002  0.001  0.003  0.000  0.002  0.185
   2.56036      0.920157  0.032  0.046  0.035  0.060  0.002  0.001  0.003  0.000  0.002  0.180
   2.59062      0.831705  0.033  0.046  0.032  0.056  0.002  0.001  0.003  0.000  0.001  0.175
   2.62088      0.742286  0.035  0.047  0.029  0.051  0.002  0.001  0.004  0.000  0.001  0.169
   2.65114      0.650997  0.036  0.047  0.025  0.047  0.001  0.001  0.004  0.000  0.001  0.162
   2.68140      0.556980  0.037  0.047  0.021  0.041  0.001  0.001  0.004  0.000  0.001  0.154
   2.71166      0.459775  0.038  0.046  0.015  0.035  0.001  0.001  0.005  0.000  0.001  0.142
   2.74192      0.360006  0.038  0.043  0.009  0.029  0.001  0.001  0.005  0.000  0.001  0.127
   2.77218      0.260838  0.037  0.038  0.002  0.022  0.001  0.001  0.006  0.000  0.001  0.108
   2.80244      0.171535  0.033  0.028  0.004  0.014  0.000  0.001  0.006  0.000  0.001  0.087
   2.83270      0.111309  0.024  0.014  0.036  0.007  0.000  0.001  0.006  0.000  0.001  0.088
   2.86295      0.090855  0.013  0.006  0.091  0.004  0.001  0.000  0.004  0.000  0.001  0.121
   2.89321      0.094759  0.007  0.004  0.133  0.005  0.001  0.000  0.003  0.000  0.001  0.154
   2.92347      0.109077  0.004  0.003  0.163  0.005  0.001  0.000  0.003  0.000  0.001  0.180
   2.95373      0.129514  0.001  0.004  0.188  0.004  0.001  0.000  0.002  0.000  0.001  0.203
 
# Band-Index:   22
   2.95373      0.129514  0.001  0.004  0.188  0.004  0.001  0.000  0.002  0.000  0.001  0.203
   2.92347      0.157337  0.000  0.006  0.212  0.004  0.001  0.001  0.001  0.000  0.001  0.227
   2.89321      0.197751  0.000  0.010  0.233  0.005  0.001  0.001  0.001  0.000  0.002  0.252
   2.86295      0.257801  0.003  0.016  0.243  0.006  0.001  0.001  0.000  0.000  0.002  0.273
   2.83270      0.339952  0.008  0.021  0.235  0.009  0.001  0.001  0.000  0.000  0.002  0.279
   2.80244      0.437825  0.014  0.023  0.218  0.012  0.002  0.001  0.000  0.001  0.002  0.273
   2.77218      0.541888  0.018  0.023  0.199  0.014  0.002  0.001  0.000  0.001  0.002  0.262
   2.74192      0.645443  0.022  0.022  0.183  0.016  0.002  0.001  0.000  0.001  0.002  0.250
   2.71166      0.745397  0.024  0.021  0.169  0.018  0.003  0.002  0.001  0.001  0.002  0.240
   2.68140      0.841051  0.025  0.019  0.158  0.020  0.003  0.002  0.001  0.001  0.002  0.231
   2.65114      0.932883  0.026  0.018  0.149  0.022  0.003  0.002  0.001  0.001  0.002  0.224
   2.62088      1.021723  0.027  0.018  0.141  0.024  0.003  0.002  0.001  0.001  0.002  0.218
   2.59062      1.108307  0.027  0.018  0.134  0.026  0.003  0.002  0.001  0.001  0.002  0.214
   2.56036      1.193078  0.028  0.018  0.127  0.029  0.003  0.002  0.001  0.001  0.002  0.210
   2.53010      1.276127  0.028  0.018  0.121  0.031  0.003  0.002  0.000  0.001  0.002  0.207
   2.49985      1.357180  0.027  0.018  0.115  0.034  0.003  0.002  0.000  0.001  0.002  0.204
   2.46959      1.435565  0.027  0.019  0.109  0.037  0.003  0.002  0.000  0.001  0.001  0.201
   2.43933      1.510182  0.026  0.020  0.102  0.041  0.003  0.003  0.000  0.002  0.001  0.198
   2.40907      1.579446  0.025  0.021  0.094  0.045  0.003  0.003  0.000  0.002  0.001  0.194
   2.37881      1.641298  0.024  0.023  0.085  0.049  0.003  0.003  0.000  0.002  0.001  0.190
   2.34855      1.693467  0.021  0.026  0.074  0.054  0.002  0.004  0.000  0.003  0.001  0.185
   2.31829      1.734427  0.019  0.029  0.064  0.058  0.002  0.004  0.000  0.003  0.001  0.180
   2.28803      1.767712  0.017  0.030  0.058  0.063  0.002  0.004  0.000  0.003  0.001  0.178
   2.25777      1.818606  0.019  0.033  0.061  0.078  0.002  0.002  0.000  0.002  0.002  0.200
   2.22751      1.888672  0.020  0.037  0.061  0.086  0.002  0.001  0.000  0.001  0.002  0.211
   2.19725      1.956686  0.019  0.038  0.060  0.092  0.002  0.001  0.000  0.001  0.002  0.215
   2.16700      2.016774  0.017  0.037  0.057  0.097  0.002  0.001  0.000  0.002  0.001  0.215
   2.13674      2.065622  0.014  0.037  0.049  0.103  0.002  0.002  0.000  0.003  0.001  0.211
   2.10648      2.099643  0.008  0.043  0.029  0.108  0.002  0.003  0.000  0.005  0.001  0.198
   2.07622      2.112675  0.000  0.083  0.000  0.083  0.001  0.006  0.000  0.006  0.001  0.180
   2.07622      2.112675  0.000  0.083  0.000  0.083  0.001  0.006  0.000  0.006  0.001  0.180
   2.06109      2.109759  0.003  0.036  0.010  0.125  0.002  0.005  0.000  0.006  0.000  0.187
   2.04596      2.101708  0.008  0.012  0.029  0.139  0.002  0.003  0.000  0.005  0.000  0.199
   2.03083      2.088458  0.013  0.007  0.046  0.134  0.002  0.001  0.000  0.004  0.000  0.208
   2.01570      2.069530  0.016  0.011  0.058  0.122  0.002  0.001  0.000  0.003  0.001  0.214
   2.00057      2.044976  0.018  0.017  0.065  0.108  0.002  0.001  0.000  0.002  0.002  0.214
   1.98544      2.015604  0.019  0.025  0.068  0.093  0.001  0.001  0.000  0.002  0.002  0.212
   1.97031      1.982969  0.020  0.032  0.069  0.078  0.001  0.001  0.000  0.002  0.003  0.206
   1.95518      1.949087  0.020  0.040  0.068  0.061  0.001  0.001  0.000  0.003  0.003  0.197
   1.94005      1.915422  0.019  0.047  0.067  0.045  0.001  0.002  0.000  0.003  0.003  0.188
   1.92492      1.881240  0.020  0.053  0.069  0.030  0.001  0.002  0.000  0.004  0.004  0.181
   1.90979      1.843173  0.020  0.056  0.074  0.017  0.001  0.002  0.000  0.004  0.004  0.178
   1.89466      1.797287  0.021  0.058  0.082  0.008  0.000  0.002  0.000  0.004  0.005  0.180
   1.87953      1.741629  0.021  0.058  0.091  0.004  0.000  0.001  0.000  0.003  0.006  0.185
   1.86441      1.676824  0.021  0.057  0.099  0.002  0.000  0.001  0.000  0.003  0.006  0.190
   1.84928      1.604986  0.021  0.056  0.104  0.002  0.000  0.001  0.001  0.003  0.007  0.195
   1.83415      1.528532  0.021  0.055  0.109  0.003  0.000  0.000  0.001  0.002  0.008  0.198
   1.81902      1.449614  0.020  0.053  0.112  0.003  0.000  0.000  0.001  0.002  0.008  0.201
   1.80389      1.370006  0.020  0.052  0.115  0.004  0.000  0.000  0.001  0.002  0.009  0.202
   1.78876      1.291169  0.019  0.051  0.117  0.004  0.000  0.000  0.001  0.002  0.009  0.203
   1.77363      1.214330  0.019  0.049  0.119  0.004  0.000  0.000  0.001  0.001  0.009  0.203
   1.75850      1.140568  0.019  0.048  0.120  0.003  0.000  0.000  0.001  0.001  0.010  0.203
   1.74337      1.070857  0.018  0.047  0.122  0.003  0.000  0.000  0.001  0.001  0.010  0.202
   1.72824      1.006098  0.018  0.046  0.122  0.002  0.000  0.000  0.001  0.001  0.010  0.201
   1.71311      0.947146  0.018  0.045  0.123  0.001  0.000  0.000  0.001  0.001  0.010  0.200
   1.69798      0.894806  0.018  0.044  0.123  0.001  0.000  0.000  0.001  0.001  0.011  0.198
   1.68285      0.849831  0.017  0.043  0.123  0.001  0.000  0.000  0.001  0.001  0.011  0.197
   1.66772      0.812902  0.017  0.041  0.122  0.002  0.000  0.000  0.001  0.001  0.011  0.195
   1.65259      0.784605  0.018  0.040  0.121  0.003  0.000  0.000  0.001  0.000  0.011  0.194
   1.63746      0.765404  0.018  0.039  0.119  0.004  0.000  0.000  0.001  0.000  0.011  0.193
   1.63746      0.765404  0.018  0.039  0.119  0.004  0.000  0.000  0.001  0.000  0.011  0.193
   1.61126      0.769056  0.018  0.039  0.119  0.004  0.000  0.000  0.001  0.000  0.011  0.193
   1.58505      0.771706  0.019  0.039  0.119  0.004  0.000  0.000  0.001  0.000  0.011  0.194
   1.55885      0.773270  0.019  0.039  0.119  0.004  0.000  0.000  0.001  0.000  0.011  0.195
   1.53264      0.773651  0.020  0.040  0.119  0.004  0.000  0.000  0.001  0.000  0.010  0.195
   1.50644      0.772748  0.020  0.040  0.119  0.004  0.000  0.000  0.001  0.000  0.010  0.196
   1.48023      0.770459  0.021  0.041  0.119  0.004  0.000  0.000  0.001  0.000  0.009  0.196
   1.45403      0.766685  0.022  0.042  0.118  0.004  0.000  0.000  0.002  0.000  0.009  0.197
   1.42782      0.761326  0.022  0.043  0.116  0.005  0.000  0.000  0.002  0.000  0.008  0.197
   1.40162      0.754277  0.023  0.044  0.115  0.005  0.000  0.000  0.002  0.000  0.008  0.197
   1.37541      0.745401  0.024  0.046  0.112  0.005  0.000  0.000  0.002  0.000  0.007  0.196
   1.34921      0.734513  0.025  0.048  0.109  0.005  0.000  0.000  0.002  0.000  0.007  0.195
   1.32300      0.721321  0.026  0.050  0.105  0.005  0.000  0.000  0.002  0.000  0.006  0.194
   1.29680      0.705371  0.027  0.052  0.100  0.005  0.000  0.000  0.002  0.000  0.005  0.193
   1.27059      0.685979  0.028  0.055  0.094  0.005  0.000  0.000  0.002  0.000  0.005  0.191
   1.24439      0.662155  0.030  0.058  0.088  0.005  0.000  0.000  0.003  0.000  0.004  0.188
   1.21818      0.646991  0.015  0.053  0.128  0.004  0.000  0.001  0.001  0.000  0.007  0.210
   1.19197      0.640563  0.016  0.052  0.133  0.004  0.001  0.001  0.001  0.000  0.006  0.215
   1.16577      0.631101  0.017  0.051  0.141  0.005  0.001  0.001  0.001  0.000  0.006  0.222
   1.13956      0.615587  0.018  0.048  0.151  0.005  0.001  0.001  0.001  0.000  0.006  0.230
   1.11336      0.590345  0.018  0.044  0.164  0.005  0.001  0.001  0.001  0.000  0.005  0.239
   1.08715      0.551987  0.018  0.040  0.179  0.005  0.001  0.002  0.000  0.000  0.005  0.249
   1.06095      0.498986  0.016  0.036  0.196  0.004  0.001  0.002  0.000  0.000  0.004  0.260
   1.03474      0.433223  0.014  0.033  0.214  0.003  0.001  0.002  0.000  0.000  0.004  0.271
   1.00854      0.360584  0.010  0.030  0.231  0.002  0.001  0.001  0.000  0.000  0.003  0.278
   0.98233      0.289985  0.005  0.025  0.241  0.001  0.001  0.001  0.000  0.000  0.003  0.277
   0.95613      0.230192  0.002  0.018  0.241  0.001  0.001  0.001  0.000  0.000  0.002  0.266
   0.92992      0.185186  0.000  0.012  0.228  0.002  0.001  0.001  0.001  0.000  0.002  0.246
   0.90372      0.153026  0.000  0.007  0.208  0.003  0.001  0.001  0.001  0.000  0.001  0.223
   0.87751      0.129514  0.001  0.004  0.188  0.004  0.001  0.000  0.002  0.000  0.001  0.203
   0.87751      0.129514  0.001  0.004  0.188  0.004  0.001  0.000  0.002  0.000  0.001  0.203
   0.84725      0.157337  0.000  0.006  0.212  0.004  0.001  0.001  0.001  0.000  0.001  0.227
   0.81700      0.197751  0.000  0.010  0.233  0.005  0.001  0.001  0.001  0.000  0.002  0.252
   0.78674      0.257801  0.003  0.016  0.243  0.006  0.001  0.001  0.000  0.000  0.002  0.273
   0.75648      0.339952  0.008  0.021  0.235  0.009  0.001  0.001  0.000  0.000  0.002  0.279
   0.72622      0.437825  0.014  0.023  0.218  0.012  0.002  0.001  0.000  0.001  0.002  0.273
   0.69596      0.541888  0.018  0.023  0.199  0.014  0.002  0.001  0.000  0.001  0.002  0.262
   0.66570      0.645443  0.022  0.022  0.183  0.016  0.002  0.001  0.000  0.001  0.002  0.250
   0.63544      0.745397  0.024  0.021  0.169  0.018  0.003  0.002  0.001  0.001  0.002  0.240
   0.60518      0.841051  0.025  0.019  0.158  0.020  0.003  0.002  0.001  0.001  0.002  0.231
   0.57492      0.932883  0.026  0.018  0.149  0.022  0.003  0.002  0.001  0.001  0.002  0.224
   0.54466      1.021723  0.027  0.018  0.141  0.024  0.003  0.002  0.001  0.001  0.002  0.218
   0.51440      1.108307  0.027  0.018  0.134  0.026  0.003  0.002  0.001  0.001  0.002  0.214
   0.48415      1.193078  0.028  0.018  0.127  0.029  0.003  0.002  0.001  0.001  0.002  0.210
   0.45389      1.276127  0.028  0.018  0.121  0.031  0.003  0.002  0.000  0.001  0.002  0.207
   0.42363      1.357180  0.027  0.018  0.115  0.034  0.003  0.002  0.000  0.001  0.002  0.204
   0.39337      1.435565  0.027  0.019  0.109  0.037  0.003  0.002  0.000  0.001  0.001  0.201
   0.36311      1.510182  0.026  0.020  0.102  0.041  0.003  0.003  0.000  0.002  0.001  0.198
   0.33285      1.579446  0.025  0.021  0.094  0.045  0.003  0.003  0.000  0.002  0.001  0.194
   0.30259      1.641298  0.024  0.023  0.085  0.049  0.003  0.003  0.000  0.002  0.001  0.190
   0.27233      1.693467  0.021  0.026  0.074  0.054  0.002  0.004  0.000  0.003  0.001  0.185
   0.24207      1.734427  0.019  0.029  0.064  0.058  0.002  0.004  0.000  0.003  0.001  0.180
   0.21181      1.767712  0.017  0.030  0.058  0.063  0.002  0.004  0.000  0.003  0.001  0.178
   0.18155      1.818606  0.019  0.033  0.061  0.078  0.002  0.002  0.000  0.002  0.002  0.200
   0.15130      1.888672  0.020  0.037  0.061  0.086  0.002  0.001  0.000  0.001  0.002  0.211
   0.12104      1.956686  0.019  0.038  0.060  0.092  0.002  0.001  0.000  0.001  0.002  0.215
   0.09078      2.016774  0.017  0.037  0.057  0.097  0.002  0.001  0.000  0.002  0.001  0.215
   0.06052      2.065622  0.014  0.037  0.049  0.103  0.002  0.002  0.000  0.003  0.001  0.211
   0.03026      2.099643  0.008  0.043  0.029  0.108  0.002  0.003  0.000  0.005  0.001  0.198
   0.00000      2.112675  0.000  0.083  0.000  0.083  0.001  0.006  0.000  0.006  0.001  0.180
 
# Band-Index:   23
   0.00000      2.140059  0.021  0.057  0.075  0.057  0.002  0.000  0.000  0.000  0.002  0.215
   0.03026      2.147396  0.013  0.094  0.047  0.033  0.001  0.003  0.000  0.002  0.003  0.196
   0.06052      2.166263  0.007  0.097  0.026  0.040  0.001  0.005  0.000  0.004  0.003  0.182
   0.09078      2.192783  0.005  0.092  0.017  0.048  0.001  0.006  0.000  0.004  0.002  0.176
   0.12104      2.224627  0.004  0.087  0.013  0.054  0.001  0.006  0.000  0.005  0.002  0.173
   0.15130      2.258841  0.004  0.082  0.011  0.059  0.001  0.006  0.000  0.005  0.003  0.171
   0.18155      2.290999  0.004  0.078  0.011  0.061  0.001  0.006  0.000  0.005  0.003  0.169
   0.21181      2.311830  0.005  0.077  0.011  0.056  0.002  0.006  0.000  0.004  0.004  0.164
   0.24207      2.284925  0.011  0.069  0.051  0.040  0.002  0.004  0.000  0.002  0.005  0.183
   0.27233      2.207780  0.014  0.057  0.077  0.043  0.002  0.003  0.000  0.001  0.004  0.202
   0.30259      2.122007  0.016  0.052  0.082  0.046  0.002  0.003  0.000  0.001  0.004  0.206
   0.33285      2.036514  0.016  0.051  0.083  0.046  0.002  0.002  0.000  0.001  0.004  0.206
   0.36311      1.953947  0.017  0.050  0.081  0.047  0.002  0.002  0.000  0.001  0.004  0.205
   0.39337      1.875849  0.017  0.050  0.079  0.047  0.002  0.002  0.000  0.001  0.004  0.204
   0.42363      1.803360  0.017  0.051  0.076  0.048  0.002  0.002  0.000  0.001  0.005  0.203
   0.45389      1.737400  0.017  0.053  0.073  0.049  0.002  0.002  0.000  0.001  0.005  0.202
   0.48415      1.678728  0.017  0.056  0.069  0.050  0.002  0.002  0.000  0.001  0.005  0.202
   0.51440      1.627946  0.017  0.059  0.065  0.052  0.002  0.002  0.000  0.001  0.005  0.203
   0.54466      1.585466  0.017  0.063  0.060  0.055  0.002  0.001  0.000  0.001  0.005  0.205
   0.57492      1.551429  0.016  0.069  0.055  0.059  0.002  0.001  0.000  0.000  0.005  0.208
   0.60518      1.525558  0.015  0.075  0.049  0.064  0.002  0.001  0.000  0.000  0.006  0.213
   0.63544      1.506960  0.014  0.081  0.044  0.070  0.002  0.001  0.000  0.000  0.006  0.218
   0.66570      1.493925  0.012  0.089  0.038  0.077  0.002  0.001  0.000  0.000  0.006  0.225
   0.69596      1.483903  0.009  0.096  0.033  0.085  0.002  0.001  0.000  0.000  0.006  0.233
   0.72622      1.473943  0.006  0.104  0.028  0.094  0.002  0.001  0.000  0.000  0.006  0.242
   0.75648      1.461899  0.003  0.112  0.024  0.101  0.003  0.001  0.000  0.000  0.005  0.249
   0.78674      1.448257  0.001  0.116  0.022  0.104  0.004  0.000  0.000  0.000  0.005  0.253
   0.81700      1.436733  0.001  0.114  0.022  0.104  0.004  0.000  0.000  0.000  0.005  0.251
   0.84725      1.431310  0.002  0.109  0.023  0.104  0.004  0.000  0.000  0.000  0.004  0.248
   0.87751      1.433670  0.003  0.104  0.024  0.104  0.004  0.000  0.000  0.000  0.004  0.244
   0.87751      1.433670  0.003  0.104  0.024  0.104  0.004  0.000  0.000  0.000  0.004  0.244
   0.90372      1.431171  0.002  0.111  0.023  0.102  0.005  0.000  0.000  0.000  0.004  0.247
   0.92992      1.434771  0.001  0.120  0.022  0.097  0.004  0.000  0.000  0.000  0.004  0.251
   0.95613      1.444760  0.001  0.132  0.021  0.090  0.004  0.000  0.000  0.000  0.004  0.254
   0.98233      1.461753  0.001  0.146  0.021  0.080  0.004  0.000  0.000  0.001  0.004  0.258
   1.00854      1.487150  0.001  0.160  0.022  0.070  0.003  0.000  0.000  0.001  0.004  0.262
   1.03474      1.523329  0.002  0.173  0.025  0.058  0.003  0.000  0.000  0.001  0.004  0.267
   1.06095      1.565537  0.012  0.111  0.032  0.043  0.002  0.001  0.000  0.000  0.007  0.209
   1.08715      1.597869  0.014  0.113  0.033  0.034  0.001  0.001  0.000  0.000  0.006  0.204
   1.11336      1.637505  0.015  0.113  0.033  0.028  0.001  0.002  0.000  0.000  0.006  0.199
   1.13956      1.685893  0.016  0.112  0.033  0.024  0.001  0.002  0.000  0.000  0.006  0.196
   1.16577      1.743155  0.017  0.110  0.033  0.023  0.001  0.002  0.000  0.001  0.005  0.193
   1.19197      1.807984  0.017  0.108  0.034  0.024  0.001  0.002  0.001  0.001  0.004  0.191
   1.21818      1.878022  0.017  0.105  0.034  0.026  0.001  0.002  0.001  0.001  0.003  0.190
   1.24439      1.950465  0.017  0.101  0.034  0.029  0.001  0.003  0.001  0.001  0.003  0.190
   1.27059      2.022601  0.016  0.098  0.035  0.033  0.001  0.003  0.001  0.001  0.002  0.189
   1.29680      2.092167  0.015  0.094  0.035  0.036  0.001  0.003  0.001  0.001  0.002  0.189
   1.32300      2.157510  0.014  0.090  0.037  0.040  0.001  0.003  0.001  0.002  0.001  0.189
   1.34921      2.217596  0.013  0.086  0.038  0.042  0.001  0.004  0.001  0.002  0.001  0.188
   1.37541      2.271942  0.012  0.082  0.040  0.044  0.001  0.004  0.001  0.002  0.001  0.187
   1.40162      2.320502  0.011  0.079  0.041  0.045  0.001  0.004  0.001  0.002  0.001  0.186
   1.42782      2.363545  0.010  0.077  0.044  0.046  0.001  0.005  0.001  0.002  0.001  0.185
   1.45403      2.401549  0.008  0.074  0.046  0.046  0.001  0.005  0.001  0.002  0.001  0.184
   1.48023      2.435085  0.008  0.072  0.048  0.045  0.000  0.005  0.001  0.002  0.001  0.184
   1.50644      2.464758  0.007  0.071  0.051  0.044  0.000  0.006  0.001  0.002  0.001  0.183
   1.53264      2.491139  0.006  0.070  0.053  0.043  0.000  0.006  0.001  0.003  0.001  0.184
   1.55885      2.514729  0.006  0.069  0.056  0.042  0.000  0.006  0.001  0.003  0.001  0.184
   1.58505      2.535935  0.005  0.069  0.058  0.041  0.000  0.006  0.001  0.003  0.002  0.185
   1.61126      2.555060  0.005  0.069  0.060  0.040  0.000  0.006  0.002  0.003  0.002  0.186
   1.63746      2.572287  0.005  0.069  0.061  0.040  0.000  0.006  0.002  0.003  0.002  0.188
   1.63746      2.572287  0.005  0.069  0.061  0.040  0.000  0.006  0.002  0.003  0.002  0.188
   1.65259      2.554579  0.004  0.068  0.058  0.045  0.000  0.006  0.002  0.003  0.002  0.188
   1.66772      2.535391  0.004  0.067  0.054  0.050  0.000  0.006  0.002  0.003  0.002  0.188
   1.68285      2.514707  0.003  0.067  0.050  0.055  0.000  0.006  0.002  0.003  0.002  0.188
   1.69798      2.492550  0.003  0.066  0.047  0.059  0.000  0.006  0.001  0.004  0.002  0.188
   1.71311      2.468991  0.002  0.065  0.044  0.064  0.000  0.006  0.001  0.004  0.002  0.189
   1.72824      2.444165  0.002  0.064  0.040  0.069  0.000  0.006  0.001  0.004  0.002  0.189
   1.74337      2.418276  0.001  0.063  0.037  0.073  0.000  0.006  0.001  0.004  0.002  0.189
   1.75850      2.391614  0.001  0.063  0.034  0.077  0.000  0.006  0.001  0.005  0.002  0.189
   1.77363      2.364556  0.001  0.063  0.032  0.080  0.000  0.006  0.001  0.005  0.002  0.190
   1.78876      2.337586  0.001  0.062  0.030  0.083  0.000  0.006  0.001  0.005  0.002  0.190
   1.80389      2.311308  0.000  0.063  0.028  0.085  0.000  0.006  0.001  0.005  0.003  0.191
   1.81902      2.286476  0.000  0.063  0.027  0.087  0.000  0.006  0.001  0.005  0.003  0.192
   1.83415      2.264018  0.000  0.065  0.026  0.087  0.000  0.005  0.001  0.005  0.003  0.193
   1.84928      2.245059  0.001  0.067  0.026  0.086  0.000  0.005  0.001  0.005  0.003  0.194
   1.86441      2.230830  0.001  0.070  0.027  0.083  0.000  0.005  0.001  0.005  0.004  0.195
   1.87953      2.222298  0.001  0.076  0.027  0.076  0.000  0.005  0.001  0.005  0.004  0.194
   1.89466      2.219180  0.002  0.084  0.024  0.065  0.000  0.005  0.001  0.004  0.005  0.191
   1.90979      2.218643  0.002  0.093  0.018  0.055  0.000  0.005  0.001  0.005  0.005  0.183
   1.92492      2.216032  0.002  0.099  0.009  0.049  0.000  0.006  0.000  0.005  0.004  0.175
   1.94005      2.208809  0.002  0.102  0.003  0.048  0.000  0.006  0.000  0.005  0.004  0.170
   1.95518      2.198035  0.002  0.103  0.001  0.047  0.000  0.006  0.000  0.005  0.004  0.169
   1.97031      2.185912  0.002  0.106  0.001  0.045  0.000  0.006  0.000  0.005  0.003  0.169
   1.98544      2.174133  0.002  0.110  0.004  0.039  0.000  0.006  0.000  0.005  0.003  0.170
   2.00057      2.163722  0.004  0.116  0.008  0.030  0.000  0.006  0.000  0.005  0.003  0.173
   2.01570      2.155227  0.005  0.123  0.016  0.019  0.000  0.006  0.000  0.004  0.003  0.177
   2.03083      2.148830  0.009  0.128  0.028  0.008  0.000  0.005  0.000  0.003  0.004  0.184
   2.04596      2.144347  0.013  0.124  0.046  0.003  0.000  0.004  0.000  0.001  0.004  0.195
   2.06109      2.141361  0.018  0.102  0.065  0.016  0.001  0.002  0.000  0.000  0.003  0.208
   2.07622      2.140059  0.021  0.057  0.075  0.057  0.002  0.000  0.000  0.000  0.002  0.215
   2.07622      2.140059  0.021  0.057  0.075  0.057  0.002  0.000  0.000  0.000  0.002  0.215
   2.10648      2.147396  0.013  0.094  0.047  0.033  0.001  0.003  0.000  0.002  0.003  0.196
   2.13674      2.166263  0.007  0.097  0.026  0.040  0.001  0.005  0.000  0.004  0.003  0.182
   2.16700      2.192783  0.005  0.092  0.017  0.048  0.001  0.006  0.000  0.004  0.002  0.176
   2.19725      2.224627  0.004  0.087  0.013  0.054  0.001  0.006  0.000  0.005  0.002  0.173
   2.22751      2.258841  0.004  0.082  0.011  0.059  0.001  0.006  0.000  0.005  0.003  0.171
   2.25777      2.290999  0.004  0.078  0.011  0.061  0.001  0.006  0.000  0.005  0.003  0.169
   2.28803      2.311830  0.005  0.077  0.011  0.056  0.002  0.006  0.000  0.004  0.004  0.164
   2.31829      2.284925  0.011  0.069  0.051  0.040  0.002  0.004  0.000  0.002  0.005  0.183
   2.34855      2.207780  0.014  0.057  0.077  0.043  0.002  0.003  0.000  0.001  0.004  0.202
   2.37881      2.122007  0.016  0.052  0.082  0.046  0.002  0.003  0.000  0.001  0.004  0.206
   2.40907      2.036514  0.016  0.051  0.083  0.046  0.002  0.002  0.000  0.001  0.004  0.206
   2.43933      1.953947  0.017  0.050  0.081  0.047  0.002  0.002  0.000  0.001  0.004  0.205
   2.46959      1.875849  0.017  0.050  0.079  0.047  0.002  0.002  0.000  0.001  0.004  0.204
   2.49985      1.803360  0.017  0.051  0.076  0.048  0.002  0.002  0.000  0.001  0.005  0.203
   2.53010      1.737400  0.017  0.053  0.073  0.049  0.002  0.002  0.000  0.001  0.005  0.202
   2.56036      1.678728  0.017  0.056  0.069  0.050  0.002  0.002  0.000  0.001  0.005  0.202
   2.59062      1.627946  0.017  0.059  0.065  0.052  0.002  0.002  0.000  0.001  0.005  0.203
   2.62088      1.585466  0.017  0.063  0.060  0.055  0.002  0.001  0.000  0.001  0.005  0.205
   2.65114      1.551429  0.016  0.069  0.055  0.059  0.002  0.001  0.000  0.000  0.005  0.208
   2.68140      1.525558  0.015  0.075  0.049  0.064  0.002  0.001  0.000  0.000  0.006  0.213
   2.71166      1.506960  0.014  0.081  0.044  0.070  0.002  0.001  0.000  0.000  0.006  0.218
   2.74192      1.493925  0.012  0.089  0.038  0.077  0.002  0.001  0.000  0.000  0.006  0.225
   2.77218      1.483903  0.009  0.096  0.033  0.085  0.002  0.001  0.000  0.000  0.006  0.233
   2.80244      1.473943  0.006  0.104  0.028  0.094  0.002  0.001  0.000  0.000  0.006  0.242
   2.83270      1.461899  0.003  0.112  0.024  0.101  0.003  0.001  0.000  0.000  0.005  0.249
   2.86295      1.448257  0.001  0.116  0.022  0.104  0.004  0.000  0.000  0.000  0.005  0.253
   2.89321      1.436733  0.001  0.114  0.022  0.104  0.004  0.000  0.000  0.000  0.005  0.251
   2.92347      1.431310  0.002  0.109  0.023  0.104  0.004  0.000  0.000  0.000  0.004  0.248
   2.95373      1.433670  0.003  0.104  0.024  0.104  0.004  0.000  0.000  0.000  0.004  0.244
 
# Band-Index:   24
   2.95373      1.433670  0.003  0.104  0.024  0.104  0.004  0.000  0.000  0.000  0.004  0.244
   2.92347      1.443633  0.004  0.100  0.025  0.101  0.004  0.000  0.000  0.000  0.005  0.240
   2.89321      1.460399  0.005  0.100  0.026  0.094  0.004  0.001  0.000  0.000  0.005  0.236
   2.86295      1.483935  0.006  0.106  0.027  0.084  0.004  0.001  0.000  0.001  0.004  0.233
   2.83270      1.515916  0.006  0.120  0.026  0.073  0.004  0.001  0.000  0.001  0.004  0.235
   2.80244      1.557892  0.005  0.138  0.024  0.064  0.004  0.001  0.000  0.001  0.004  0.241
   2.77218      1.608676  0.004  0.156  0.022  0.059  0.004  0.001  0.000  0.001  0.003  0.250
   2.74192      1.664601  0.003  0.171  0.018  0.058  0.003  0.001  0.001  0.001  0.003  0.259
   2.71166      1.721188  0.002  0.180  0.014  0.063  0.002  0.001  0.001  0.001  0.003  0.267
   2.68140      1.775273  0.002  0.180  0.010  0.073  0.002  0.001  0.001  0.001  0.003  0.273
   2.65114      1.826460  0.001  0.174  0.007  0.086  0.002  0.001  0.001  0.000  0.003  0.275
   2.62088      1.876568  0.001  0.165  0.004  0.099  0.001  0.001  0.001  0.000  0.004  0.276
   2.59062      1.927973  0.001  0.154  0.002  0.111  0.001  0.001  0.001  0.000  0.004  0.275
   2.56036      1.982479  0.001  0.143  0.001  0.121  0.001  0.001  0.001  0.000  0.004  0.273
   2.53010      2.041009  0.001  0.133  0.000  0.130  0.001  0.001  0.001  0.000  0.004  0.270
   2.49985      2.103631  0.001  0.123  0.000  0.137  0.001  0.001  0.001  0.000  0.004  0.268
   2.46959      2.169509  0.001  0.112  0.001  0.143  0.001  0.001  0.001  0.000  0.004  0.265
   2.43933      2.236444  0.001  0.101  0.004  0.148  0.001  0.001  0.001  0.001  0.004  0.262
   2.40907      2.299321  0.003  0.085  0.011  0.151  0.001  0.001  0.001  0.001  0.003  0.258
   2.37881      2.347219  0.005  0.066  0.026  0.146  0.001  0.001  0.001  0.002  0.003  0.250
   2.34855      2.368488  0.008  0.050  0.047  0.128  0.001  0.002  0.000  0.003  0.001  0.241
   2.31829      2.373284  0.012  0.040  0.080  0.113  0.001  0.002  0.000  0.003  0.001  0.251
   2.28803      2.411816  0.017  0.039  0.121  0.084  0.001  0.001  0.000  0.001  0.002  0.267
   2.25777      2.484768  0.017  0.050  0.121  0.071  0.001  0.001  0.000  0.001  0.002  0.265
   2.22751      2.555868  0.016  0.060  0.123  0.069  0.001  0.001  0.000  0.001  0.002  0.273
   2.19725      2.616148  0.016  0.065  0.131  0.066  0.001  0.001  0.000  0.001  0.002  0.282
   2.16700      2.665017  0.018  0.063  0.139  0.060  0.001  0.001  0.000  0.001  0.001  0.284
   2.13674      2.705094  0.019  0.059  0.143  0.057  0.001  0.001  0.000  0.001  0.001  0.282
   2.10648      2.736110  0.019  0.058  0.142  0.058  0.001  0.001  0.000  0.001  0.001  0.280
   2.07622      2.750808  0.018  0.062  0.136  0.062  0.001  0.001  0.000  0.001  0.001  0.282
   2.07622      2.750808  0.018  0.062  0.136  0.062  0.001  0.001  0.000  0.001  0.001  0.282
   2.06109      2.745497  0.019  0.056  0.140  0.063  0.001  0.001  0.000  0.001  0.001  0.280
   2.04596      2.729598  0.020  0.046  0.145  0.063  0.001  0.001  0.000  0.001  0.001  0.278
   2.03083      2.704638  0.021  0.037  0.150  0.066  0.001  0.001  0.000  0.001  0.001  0.277
   2.01570      2.672015  0.021  0.031  0.151  0.072  0.000  0.001  0.000  0.001  0.002  0.278
   2.00057      2.632923  0.021  0.025  0.150  0.080  0.000  0.000  0.000  0.001  0.002  0.280
   1.98544      2.588875  0.020  0.020  0.147  0.091  0.000  0.001  0.000  0.001  0.002  0.282
   1.97031      2.542104  0.018  0.015  0.142  0.105  0.000  0.001  0.000  0.001  0.002  0.284
   1.95518      2.495916  0.016  0.010  0.134  0.121  0.000  0.001  0.000  0.001  0.002  0.285
   1.94005      2.455034  0.013  0.004  0.122  0.139  0.000  0.001  0.000  0.002  0.002  0.284
   1.92492      2.425427  0.010  0.001  0.105  0.156  0.000  0.002  0.000  0.003  0.002  0.278
   1.90979      2.412140  0.007  0.003  0.083  0.165  0.000  0.003  0.000  0.004  0.001  0.266
   1.89466      2.415607  0.005  0.008  0.064  0.167  0.001  0.004  0.000  0.004  0.001  0.253
   1.87953      2.431882  0.003  0.015  0.051  0.164  0.001  0.004  0.000  0.005  0.000  0.243
   1.86441      2.456526  0.002  0.020  0.043  0.160  0.001  0.005  0.000  0.005  0.000  0.237
   1.84928      2.486440  0.002  0.025  0.040  0.155  0.001  0.005  0.000  0.005  0.000  0.233
   1.83415      2.519605  0.002  0.029  0.039  0.149  0.001  0.006  0.000  0.005  0.000  0.231
   1.81902      2.554462  0.002  0.034  0.042  0.139  0.000  0.006  0.000  0.005  0.000  0.229
   1.80389      2.589311  0.002  0.041  0.049  0.122  0.000  0.007  0.000  0.004  0.000  0.226
   1.78876      2.621350  0.003  0.054  0.062  0.089  0.000  0.008  0.001  0.003  0.001  0.219
   1.77363      2.645113  0.005  0.071  0.081  0.039  0.000  0.009  0.001  0.001  0.001  0.207
   1.75850      2.655226  0.008  0.080  0.091  0.006  0.000  0.008  0.001  0.000  0.001  0.196
   1.74337      2.654574  0.008  0.081  0.089  0.001  0.000  0.008  0.002  0.000  0.001  0.191
   1.72824      2.648547  0.008  0.078  0.085  0.006  0.000  0.007  0.002  0.001  0.001  0.189
   1.71311      2.639728  0.008  0.076  0.080  0.013  0.000  0.007  0.002  0.001  0.001  0.188
   1.69798      2.629075  0.007  0.074  0.076  0.019  0.000  0.007  0.002  0.001  0.002  0.188
   1.68285      2.616937  0.007  0.073  0.072  0.024  0.000  0.007  0.002  0.002  0.002  0.188
   1.66772      2.603426  0.006  0.072  0.068  0.029  0.000  0.007  0.002  0.002  0.002  0.188
   1.65259      2.588554  0.006  0.070  0.065  0.034  0.000  0.006  0.002  0.002  0.002  0.188
   1.63746      2.572287  0.005  0.069  0.061  0.040  0.000  0.006  0.002  0.003  0.002  0.188
   1.63746      2.572287  0.005  0.069  0.061  0.040  0.000  0.006  0.002  0.003  0.002  0.188
   1.61126      2.587677  0.005  0.070  0.062  0.039  0.000  0.006  0.002  0.003  0.002  0.190
   1.58505      2.601159  0.005  0.072  0.063  0.039  0.000  0.006  0.002  0.002  0.002  0.192
   1.55885      2.612502  0.005  0.074  0.063  0.040  0.000  0.006  0.002  0.002  0.002  0.195
   1.53264      2.621289  0.006  0.077  0.063  0.041  0.000  0.006  0.002  0.002  0.002  0.199
   1.50644      2.626883  0.006  0.080  0.063  0.042  0.000  0.006  0.002  0.002  0.002  0.203
   1.48023      2.628406  0.007  0.084  0.062  0.043  0.000  0.005  0.002  0.002  0.002  0.208
   1.45403      2.624717  0.007  0.088  0.062  0.045  0.000  0.005  0.002  0.002  0.001  0.214
   1.42782      2.614420  0.008  0.094  0.062  0.046  0.001  0.005  0.002  0.002  0.001  0.220
   1.40162      2.595917  0.009  0.101  0.062  0.046  0.001  0.004  0.002  0.002  0.001  0.228
   1.37541      2.567461  0.010  0.109  0.062  0.045  0.001  0.004  0.002  0.002  0.001  0.235
   1.34921      2.527321  0.011  0.118  0.064  0.042  0.001  0.003  0.002  0.002  0.001  0.243
   1.32300      2.474045  0.013  0.128  0.065  0.037  0.001  0.003  0.002  0.001  0.000  0.250
   1.29680      2.406892  0.014  0.139  0.066  0.032  0.001  0.003  0.002  0.001  0.000  0.257
   1.27059      2.326260  0.015  0.149  0.066  0.028  0.001  0.002  0.001  0.001  0.000  0.264
   1.24439      2.233831  0.015  0.159  0.065  0.025  0.001  0.002  0.001  0.001  0.001  0.269
   1.21818      2.132429  0.014  0.167  0.063  0.023  0.001  0.002  0.001  0.001  0.001  0.273
   1.19197      2.025764  0.013  0.174  0.059  0.024  0.001  0.001  0.001  0.001  0.001  0.276
   1.16577      1.918225  0.012  0.181  0.054  0.025  0.001  0.001  0.001  0.001  0.002  0.278
   1.13956      1.814685  0.010  0.186  0.048  0.028  0.001  0.001  0.001  0.001  0.002  0.278
   1.11336      1.720101  0.007  0.189  0.041  0.033  0.002  0.001  0.001  0.001  0.003  0.277
   1.08715      1.638755  0.005  0.188  0.035  0.039  0.002  0.001  0.001  0.001  0.004  0.275
   1.06095      1.573162  0.003  0.183  0.029  0.048  0.003  0.001  0.001  0.001  0.004  0.271
   1.03474      1.538346  0.011  0.108  0.031  0.055  0.002  0.001  0.000  0.000  0.006  0.215
   1.00854      1.514300  0.009  0.105  0.030  0.067  0.002  0.001  0.000  0.000  0.006  0.221
   0.98233      1.492282  0.007  0.101  0.029  0.079  0.003  0.001  0.000  0.000  0.006  0.227
   0.95613      1.472278  0.006  0.099  0.027  0.090  0.004  0.001  0.000  0.000  0.005  0.232
   0.92992      1.455097  0.005  0.098  0.026  0.098  0.004  0.001  0.000  0.000  0.005  0.237
   0.90372      1.441882  0.004  0.100  0.025  0.102  0.004  0.000  0.000  0.000  0.005  0.241
   0.87751      1.433670  0.003  0.104  0.024  0.104  0.004  0.000  0.000  0.000  0.004  0.244
   0.87751      1.433670  0.003  0.104  0.024  0.104  0.004  0.000  0.000  0.000  0.004  0.244
   0.84725      1.443633  0.004  0.100  0.025  0.101  0.004  0.000  0.000  0.000  0.005  0.240
   0.81700      1.460399  0.005  0.100  0.026  0.094  0.004  0.001  0.000  0.000  0.005  0.236
   0.78674      1.483935  0.006  0.106  0.027  0.084  0.004  0.001  0.000  0.001  0.004  0.233
   0.75648      1.515916  0.006  0.120  0.026  0.073  0.004  0.001  0.000  0.001  0.004  0.235
   0.72622      1.557892  0.005  0.138  0.024  0.064  0.004  0.001  0.000  0.001  0.004  0.241
   0.69596      1.608676  0.004  0.156  0.022  0.059  0.004  0.001  0.000  0.001  0.003  0.250
   0.66570      1.664601  0.003  0.171  0.018  0.058  0.003  0.001  0.001  0.001  0.003  0.259
   0.63544      1.721188  0.002  0.180  0.014  0.063  0.002  0.001  0.001  0.001  0.003  0.267
   0.60518      1.775273  0.002  0.180  0.010  0.073  0.002  0.001  0.001  0.001  0.003  0.273
   0.57492      1.826460  0.001  0.174  0.007  0.086  0.002  0.001  0.001  0.000  0.003  0.275
   0.54466      1.876568  0.001  0.165  0.004  0.099  0.001  0.001  0.001  0.000  0.004  0.276
   0.51440      1.927973  0.001  0.154  0.002  0.111  0.001  0.001  0.001  0.000  0.004  0.275
   0.48415      1.982479  0.001  0.143  0.001  0.121  0.001  0.001  0.001  0.000  0.004  0.273
   0.45389      2.041009  0.001  0.133  0.000  0.130  0.001  0.001  0.001  0.000  0.004  0.270
   0.42363      2.103631  0.001  0.123  0.000  0.137  0.001  0.001  0.001  0.000  0.004  0.268
   0.39337      2.169509  0.001  0.112  0.001  0.143  0.001  0.001  0.001  0.000  0.004  0.265
   0.36311      2.236444  0.001  0.101  0.004  0.148  0.001  0.001  0.001  0.001  0.004  0.262
   0.33285      2.299321  0.003  0.085  0.011  0.151  0.001  0.001  0.001  0.001  0.003  0.258
   0.30259      2.347219  0.005  0.066  0.026  0.146  0.001  0.001  0.001  0.002  0.003  0.250
   0.27233      2.368488  0.008  0.050  0.047  0.128  0.001  0.002  0.000  0.003  0.001  0.241
   0.24207      2.373284  0.012  0.040  0.080  0.113  0.001  0.002  0.000  0.003  0.001  0.251
   0.21181      2.411816  0.017  0.039  0.121  0.084  0.001  0.001  0.000  0.001  0.002  0.267
   0.18155      2.484768  0.017  0.050  0.121  0.071  0.001  0.001  0.000  0.001  0.002  0.265
   0.15130      2.555868  0.016  0.060  0.123  0.069  0.001  0.001  0.000  0.001  0.002  0.273
   0.12104      2.616148  0.016  0.065  0.131  0.066  0.001  0.001  0.000  0.001  0.002  0.282
   0.09078      2.665017  0.018  0.063  0.139  0.060  0.001  0.001  0.000  0.001  0.001  0.284
   0.06052      2.705094  0.019  0.059  0.143  0.057  0.001  0.001  0.000  0.001  0.001  0.282
   0.03026      2.736110  0.019  0.058  0.142  0.058  0.001  0.001  0.000  0.001  0.001  0.280
   0.00000      2.750808  0.018  0.062  0.136  0.062  0.001  0.001  0.000  0.001  0.001  0.282
 
# Band-Index:   25
   0.00000      2.789964  0.035  0.009  0.174  0.009  0.000  0.001  0.000  0.001  0.000  0.230
   0.03026      2.787142  0.033  0.013  0.167  0.015  0.000  0.001  0.000  0.001  0.000  0.231
   0.06052      2.769287  0.032  0.014  0.160  0.019  0.000  0.001  0.000  0.001  0.001  0.228
   0.09078      2.735990  0.031  0.013  0.157  0.019  0.000  0.001  0.000  0.001  0.001  0.224
   0.12104      2.695241  0.030  0.016  0.157  0.017  0.001  0.002  0.000  0.002  0.001  0.224
   0.15130      2.658936  0.027  0.029  0.153  0.018  0.001  0.002  0.000  0.002  0.001  0.232
   0.18155      2.636334  0.023  0.047  0.141  0.023  0.001  0.002  0.000  0.002  0.001  0.240
   0.21181      2.629856  0.017  0.069  0.121  0.028  0.001  0.003  0.000  0.003  0.001  0.242
   0.24207      2.625594  0.009  0.109  0.069  0.040  0.001  0.004  0.001  0.003  0.003  0.237
   0.27233      2.584835  0.004  0.126  0.028  0.062  0.002  0.004  0.001  0.002  0.004  0.232
   0.30259      2.549118  0.005  0.116  0.035  0.058  0.001  0.004  0.001  0.003  0.003  0.225
   0.33285      2.537991  0.006  0.102  0.043  0.060  0.001  0.004  0.001  0.004  0.002  0.224
   0.36311      2.539022  0.007  0.094  0.046  0.070  0.001  0.004  0.001  0.005  0.001  0.227
   0.39337      2.538871  0.007  0.089  0.044  0.081  0.001  0.003  0.000  0.005  0.001  0.231
   0.42363      2.529855  0.008  0.086  0.042  0.092  0.001  0.003  0.000  0.004  0.000  0.236
   0.45389      2.507854  0.008  0.083  0.038  0.102  0.001  0.002  0.000  0.004  0.000  0.240
   0.48415      2.471389  0.008  0.079  0.035  0.114  0.002  0.002  0.000  0.004  0.001  0.244
   0.51440      2.421547  0.008  0.074  0.030  0.125  0.002  0.001  0.000  0.003  0.001  0.246
   0.54466      2.362024  0.008  0.067  0.026  0.138  0.003  0.001  0.000  0.003  0.001  0.247
   0.57492      2.298901  0.008  0.061  0.021  0.150  0.004  0.001  0.000  0.002  0.002  0.249
   0.60518      2.239809  0.008  0.057  0.016  0.162  0.004  0.001  0.000  0.002  0.003  0.251
   0.63544      2.192099  0.007  0.058  0.011  0.170  0.004  0.000  0.000  0.001  0.003  0.255
   0.66570      2.160393  0.006  0.065  0.006  0.172  0.005  0.000  0.000  0.001  0.004  0.260
   0.69596      2.145215  0.005  0.077  0.004  0.170  0.005  0.000  0.000  0.001  0.005  0.266
   0.72622      2.143755  0.004  0.091  0.002  0.165  0.005  0.000  0.000  0.000  0.005  0.272
   0.75648      2.151523  0.003  0.105  0.001  0.159  0.005  0.000  0.000  0.000  0.005  0.278
   0.78674      2.163553  0.002  0.117  0.000  0.152  0.005  0.000  0.000  0.000  0.006  0.283
   0.81700      2.175200  0.001  0.128  0.000  0.146  0.005  0.000  0.000  0.000  0.006  0.286
   0.84725      2.182962  0.000  0.135  0.000  0.142  0.005  0.000  0.000  0.000  0.006  0.288
   0.87751      2.185410  0.000  0.139  0.000  0.139  0.006  0.000  0.000  0.000  0.006  0.289
   0.87751      2.185410  0.000  0.139  0.000  0.139  0.006  0.000  0.000  0.000  0.006  0.289
   0.90372      2.183860  0.000  0.138  0.000  0.139  0.006  0.000  0.000  0.000  0.006  0.289
   0.92992      2.179822  0.001  0.132  0.000  0.143  0.006  0.000  0.000  0.000  0.005  0.287
   0.95613      2.175277  0.001  0.123  0.000  0.149  0.006  0.000  0.000  0.000  0.005  0.285
   0.98233      2.173114  0.002  0.110  0.000  0.158  0.006  0.000  0.000  0.000  0.004  0.282
   1.00854      2.176347  0.002  0.096  0.001  0.169  0.006  0.000  0.000  0.000  0.004  0.279
   1.03474      2.187338  0.003  0.082  0.001  0.180  0.006  0.000  0.000  0.001  0.003  0.276
   1.06095      2.207317  0.003  0.068  0.002  0.190  0.006  0.000  0.000  0.001  0.003  0.273
   1.08715      2.236285  0.003  0.056  0.003  0.199  0.006  0.000  0.000  0.001  0.002  0.271
   1.11336      2.273275  0.003  0.046  0.003  0.207  0.006  0.000  0.000  0.001  0.002  0.269
   1.13956      2.316746  0.003  0.038  0.004  0.213  0.006  0.000  0.000  0.001  0.002  0.268
   1.16577      2.364954  0.003  0.032  0.005  0.217  0.006  0.000  0.000  0.002  0.001  0.267
   1.19197      2.416205  0.003  0.028  0.006  0.220  0.005  0.000  0.000  0.002  0.001  0.266
   1.21818      2.468994  0.003  0.025  0.007  0.221  0.005  0.000  0.000  0.003  0.001  0.265
   1.24439      2.522075  0.003  0.023  0.008  0.220  0.005  0.000  0.000  0.003  0.001  0.264
   1.27059      2.574464  0.003  0.023  0.011  0.218  0.004  0.001  0.000  0.003  0.001  0.263
   1.29680      2.625380  0.004  0.023  0.013  0.214  0.003  0.001  0.000  0.004  0.001  0.262
   1.32300      2.674119  0.004  0.023  0.016  0.209  0.003  0.001  0.000  0.004  0.001  0.261
   1.34921      2.719952  0.004  0.024  0.020  0.203  0.003  0.001  0.000  0.004  0.000  0.260
   1.37541      2.762183  0.004  0.024  0.022  0.200  0.002  0.002  0.000  0.005  0.000  0.259
   1.40162      2.800337  0.004  0.023  0.024  0.197  0.002  0.002  0.000  0.005  0.000  0.258
   1.42782      2.834258  0.004  0.022  0.025  0.197  0.002  0.002  0.000  0.005  0.000  0.257
   1.45403      2.864057  0.003  0.020  0.026  0.197  0.001  0.002  0.000  0.006  0.000  0.256
   1.48023      2.889972  0.003  0.019  0.026  0.198  0.001  0.002  0.000  0.006  0.000  0.256
   1.50644      2.912287  0.002  0.018  0.026  0.199  0.001  0.002  0.000  0.007  0.000  0.255
   1.53264      2.931273  0.002  0.017  0.026  0.199  0.001  0.002  0.000  0.007  0.000  0.255
   1.55885      2.947165  0.002  0.016  0.026  0.200  0.001  0.002  0.000  0.007  0.000  0.255
   1.58505      2.960172  0.002  0.016  0.026  0.200  0.001  0.002  0.000  0.007  0.000  0.255
   1.61126      2.970459  0.002  0.016  0.026  0.200  0.001  0.002  0.000  0.007  0.001  0.255
   1.63746      2.978149  0.002  0.016  0.026  0.199  0.001  0.003  0.000  0.007  0.001  0.255
   1.63746      2.978149  0.002  0.016  0.026  0.199  0.001  0.003  0.000  0.007  0.001  0.255
   1.65259      2.957285  0.001  0.015  0.023  0.204  0.001  0.002  0.000  0.008  0.001  0.255
   1.66772      2.933266  0.001  0.013  0.020  0.209  0.001  0.002  0.000  0.008  0.001  0.255
   1.68285      2.906257  0.001  0.012  0.018  0.213  0.001  0.002  0.000  0.008  0.001  0.254
   1.69798      2.876579  0.000  0.010  0.015  0.216  0.001  0.002  0.000  0.008  0.001  0.254
   1.71311      2.844751  0.000  0.008  0.012  0.220  0.001  0.002  0.000  0.008  0.001  0.252
   1.72824      2.811606  0.001  0.006  0.008  0.223  0.001  0.002  0.000  0.009  0.001  0.250
   1.74337      2.778639  0.001  0.004  0.005  0.225  0.001  0.001  0.000  0.009  0.001  0.248
   1.75850      2.749011  0.003  0.004  0.005  0.218  0.001  0.000  0.000  0.009  0.001  0.241
   1.77363      2.728717  0.006  0.014  0.017  0.181  0.001  0.000  0.001  0.008  0.002  0.229
   1.78876      2.721265  0.009  0.030  0.038  0.128  0.001  0.001  0.001  0.006  0.002  0.216
   1.80389      2.721926  0.011  0.043  0.054  0.091  0.001  0.002  0.001  0.004  0.002  0.209
   1.81902      2.725919  0.012  0.049  0.065  0.071  0.001  0.002  0.001  0.003  0.002  0.207
   1.83415      2.731204  0.013  0.053  0.072  0.059  0.001  0.003  0.001  0.003  0.002  0.206
   1.84928      2.737004  0.014  0.056  0.077  0.050  0.001  0.003  0.001  0.003  0.002  0.206
   1.86441      2.743005  0.015  0.057  0.082  0.045  0.001  0.003  0.001  0.002  0.002  0.208
   1.87953      2.749078  0.016  0.058  0.087  0.040  0.001  0.003  0.001  0.002  0.002  0.209
   1.89466      2.755169  0.017  0.058  0.092  0.037  0.001  0.003  0.001  0.002  0.002  0.211
   1.90979      2.761252  0.018  0.057  0.096  0.034  0.001  0.003  0.001  0.002  0.002  0.213
   1.92492      2.767295  0.019  0.056  0.102  0.031  0.001  0.003  0.001  0.002  0.002  0.215
   1.94005      2.773227  0.021  0.054  0.107  0.029  0.001  0.002  0.001  0.002  0.002  0.218
   1.95518      2.778920  0.022  0.052  0.114  0.027  0.001  0.002  0.000  0.002  0.002  0.221
   1.97031      2.784151  0.023  0.049  0.121  0.025  0.001  0.002  0.000  0.001  0.001  0.224
   1.98544      2.788605  0.025  0.045  0.128  0.023  0.001  0.002  0.000  0.001  0.001  0.227
   2.00057      2.791908  0.026  0.041  0.136  0.021  0.001  0.002  0.000  0.001  0.001  0.230
   2.01570      2.793705  0.028  0.036  0.145  0.019  0.001  0.001  0.000  0.001  0.001  0.232
   2.03083      2.793812  0.030  0.030  0.153  0.017  0.000  0.001  0.000  0.001  0.001  0.234
   2.04596      2.792450  0.032  0.023  0.162  0.014  0.000  0.001  0.000  0.001  0.000  0.234
   2.06109      2.790642  0.034  0.014  0.170  0.011  0.000  0.001  0.000  0.001  0.000  0.231
   2.07622      2.789964  0.035  0.009  0.174  0.009  0.000  0.001  0.000  0.001  0.000  0.230
   2.07622      2.789964  0.035  0.009  0.174  0.009  0.000  0.001  0.000  0.001  0.000  0.230
   2.10648      2.787142  0.033  0.013  0.167  0.015  0.000  0.001  0.000  0.001  0.000  0.231
   2.13674      2.769287  0.032  0.014  0.160  0.019  0.000  0.001  0.000  0.001  0.001  0.228
   2.16700      2.735990  0.031  0.013  0.157  0.019  0.000  0.001  0.000  0.001  0.001  0.224
   2.19725      2.695241  0.030  0.016  0.157  0.017  0.001  0.002  0.000  0.002  0.001  0.224
   2.22751      2.658936  0.027  0.029  0.153  0.018  0.001  0.002  0.000  0.002  0.001  0.232
   2.25777      2.636334  0.023  0.047  0.141  0.023  0.001  0.002  0.000  0.002  0.001  0.240
   2.28803      2.629856  0.017  0.069  0.121  0.028  0.001  0.003  0.000  0.003  0.001  0.242
   2.31829      2.625594  0.009  0.109  0.069  0.040  0.001  0.004  0.001  0.003  0.003  0.237
   2.34855      2.584835  0.004  0.126  0.028  0.062  0.002  0.004  0.001  0.002  0.004  0.232
   2.37881      2.549118  0.005  0.116  0.035  0.058  0.001  0.004  0.001  0.003  0.003  0.225
   2.40907      2.537991  0.006  0.102  0.043  0.060  0.001  0.004  0.001  0.004  0.002  0.224
   2.43933      2.539022  0.007  0.094  0.046  0.070  0.001  0.004  0.001  0.005  0.001  0.227
   2.46959      2.538871  0.007  0.089  0.044  0.081  0.001  0.003  0.000  0.005  0.001  0.231
   2.49985      2.529855  0.008  0.086  0.042  0.092  0.001  0.003  0.000  0.004  0.000  0.236
   2.53010      2.507854  0.008  0.083  0.038  0.102  0.001  0.002  0.000  0.004  0.000  0.240
   2.56036      2.471389  0.008  0.079  0.035  0.114  0.002  0.002  0.000  0.004  0.001  0.244
   2.59062      2.421547  0.008  0.074  0.030  0.125  0.002  0.001  0.000  0.003  0.001  0.246
   2.62088      2.362024  0.008  0.067  0.026  0.138  0.003  0.001  0.000  0.003  0.001  0.247
   2.65114      2.298901  0.008  0.061  0.021  0.150  0.004  0.001  0.000  0.002  0.002  0.249
   2.68140      2.239809  0.008  0.057  0.016  0.162  0.004  0.001  0.000  0.002  0.003  0.251
   2.71166      2.192099  0.007  0.058  0.011  0.170  0.004  0.000  0.000  0.001  0.003  0.255
   2.74192      2.160393  0.006  0.065  0.006  0.172  0.005  0.000  0.000  0.001  0.004  0.260
   2.77218      2.145215  0.005  0.077  0.004  0.170  0.005  0.000  0.000  0.001  0.005  0.266
   2.80244      2.143755  0.004  0.091  0.002  0.165  0.005  0.000  0.000  0.000  0.005  0.272
   2.83270      2.151523  0.003  0.105  0.001  0.159  0.005  0.000  0.000  0.000  0.005  0.278
   2.86295      2.163553  0.002  0.117  0.000  0.152  0.005  0.000  0.000  0.000  0.006  0.283
   2.89321      2.175200  0.001  0.128  0.000  0.146  0.005  0.000  0.000  0.000  0.006  0.286
   2.92347      2.182962  0.000  0.135  0.000  0.142  0.005  0.000  0.000  0.000  0.006  0.288
   2.95373      2.185410  0.000  0.139  0.000  0.139  0.006  0.000  0.000  0.000  0.006  0.289
 
# Band-Index:   26
   2.95373      2.185410  0.000  0.139  0.000  0.139  0.006  0.000  0.000  0.000  0.006  0.289
   2.92347      2.183939  0.000  0.140  0.000  0.137  0.006  0.000  0.000  0.000  0.005  0.289
   2.89321      2.182864  0.000  0.138  0.000  0.138  0.006  0.000  0.000  0.000  0.005  0.288
   2.86295      2.188542  0.001  0.134  0.000  0.141  0.006  0.000  0.000  0.000  0.004  0.287
   2.83270      2.207598  0.000  0.130  0.001  0.146  0.007  0.000  0.000  0.000  0.003  0.288
   2.80244      2.244723  0.000  0.126  0.002  0.152  0.006  0.000  0.000  0.001  0.003  0.290
   2.77218      2.301042  0.000  0.123  0.003  0.156  0.006  0.000  0.000  0.001  0.002  0.292
   2.74192      2.373948  0.000  0.121  0.005  0.158  0.006  0.000  0.000  0.001  0.002  0.294
   2.71166      2.458159  0.000  0.120  0.008  0.158  0.005  0.000  0.000  0.001  0.002  0.295
   2.68140      2.547000  0.001  0.119  0.012  0.155  0.004  0.001  0.000  0.002  0.001  0.295
   2.65114      2.633431  0.002  0.118  0.016  0.151  0.003  0.001  0.000  0.002  0.001  0.294
   2.62088      2.710812  0.002  0.116  0.021  0.145  0.003  0.001  0.000  0.002  0.001  0.291
   2.59062      2.773587  0.003  0.114  0.025  0.137  0.002  0.001  0.000  0.003  0.001  0.287
   2.56036      2.817888  0.003  0.111  0.031  0.129  0.002  0.002  0.000  0.003  0.001  0.281
   2.53010      2.841965  0.004  0.107  0.036  0.120  0.001  0.002  0.000  0.004  0.001  0.275
   2.49985      2.846255  0.004  0.103  0.042  0.110  0.001  0.002  0.000  0.004  0.001  0.267
   2.46959      2.833082  0.004  0.098  0.048  0.101  0.001  0.003  0.000  0.005  0.001  0.261
   2.43933      2.806164  0.005  0.093  0.054  0.093  0.000  0.003  0.000  0.005  0.001  0.255
   2.40907      2.770195  0.006  0.088  0.062  0.086  0.000  0.003  0.000  0.005  0.001  0.250
   2.37881      2.730833  0.007  0.081  0.071  0.080  0.000  0.003  0.000  0.005  0.001  0.248
   2.34855      2.696063  0.008  0.073  0.077  0.081  0.000  0.003  0.000  0.004  0.001  0.248
   2.31829      2.688909  0.005  0.080  0.045  0.110  0.001  0.002  0.001  0.003  0.002  0.249
   2.28803      2.744520  0.001  0.105  0.009  0.122  0.002  0.002  0.001  0.001  0.004  0.247
   2.25777      2.819646  0.000  0.109  0.004  0.123  0.002  0.002  0.001  0.001  0.004  0.247
   2.22751      2.895050  0.000  0.110  0.003  0.125  0.002  0.002  0.001  0.001  0.004  0.249
   2.19725      2.964620  0.000  0.112  0.003  0.125  0.002  0.002  0.001  0.001  0.004  0.250
   2.16700      3.023750  0.000  0.114  0.003  0.126  0.002  0.002  0.000  0.002  0.004  0.253
   2.13674      3.068276  0.000  0.117  0.002  0.126  0.002  0.002  0.000  0.002  0.003  0.255
   2.10648      3.095065  0.000  0.121  0.001  0.126  0.002  0.002  0.000  0.002  0.003  0.257
   2.07622      3.103478  0.000  0.125  0.000  0.125  0.003  0.002  0.000  0.002  0.003  0.258
   2.07622      3.103478  0.000  0.125  0.000  0.125  0.003  0.002  0.000  0.002  0.003  0.258
   2.06109      3.101707  0.000  0.122  0.000  0.126  0.002  0.002  0.000  0.002  0.003  0.258
   2.04596      3.097016  0.000  0.118  0.002  0.128  0.002  0.002  0.000  0.002  0.003  0.257
   2.03083      3.090464  0.001  0.114  0.004  0.128  0.002  0.002  0.000  0.002  0.003  0.256
   2.01570      3.083131  0.001  0.109  0.009  0.126  0.002  0.002  0.000  0.002  0.003  0.254
   2.00057      3.075940  0.002  0.103  0.014  0.124  0.001  0.003  0.000  0.002  0.003  0.252
   1.98544      3.069524  0.003  0.097  0.020  0.121  0.001  0.003  0.000  0.002  0.003  0.250
   1.97031      3.064199  0.004  0.091  0.027  0.118  0.001  0.003  0.000  0.002  0.003  0.248
   1.95518      3.060020  0.005  0.084  0.033  0.116  0.001  0.003  0.001  0.002  0.003  0.246
   1.94005      3.056885  0.006  0.079  0.038  0.113  0.001  0.003  0.001  0.002  0.002  0.245
   1.92492      3.054625  0.007  0.073  0.043  0.112  0.001  0.003  0.001  0.002  0.002  0.243
   1.90979      3.053055  0.007  0.068  0.046  0.111  0.001  0.003  0.001  0.002  0.002  0.241
   1.89466      3.052017  0.008  0.064  0.049  0.111  0.001  0.003  0.001  0.002  0.002  0.240
   1.87953      3.051380  0.008  0.059  0.051  0.112  0.001  0.003  0.001  0.002  0.001  0.239
   1.86441      3.051040  0.008  0.056  0.052  0.114  0.001  0.003  0.001  0.003  0.001  0.238
   1.84928      3.050907  0.009  0.052  0.053  0.116  0.001  0.003  0.001  0.003  0.001  0.238
   1.83415      3.050896  0.008  0.049  0.053  0.119  0.001  0.003  0.001  0.003  0.001  0.238
   1.81902      3.050914  0.008  0.045  0.052  0.123  0.001  0.003  0.001  0.003  0.001  0.238
   1.80389      3.050851  0.008  0.042  0.051  0.128  0.001  0.003  0.001  0.004  0.001  0.239
   1.78876      3.050566  0.008  0.039  0.050  0.134  0.001  0.003  0.001  0.004  0.001  0.240
   1.77363      3.049881  0.007  0.036  0.048  0.139  0.001  0.003  0.001  0.004  0.001  0.241
   1.75850      3.048577  0.007  0.034  0.046  0.146  0.001  0.003  0.001  0.005  0.001  0.242
   1.74337      3.046386  0.006  0.031  0.044  0.153  0.001  0.003  0.001  0.005  0.001  0.244
   1.72824      3.042999  0.005  0.029  0.042  0.160  0.001  0.003  0.001  0.005  0.001  0.246
   1.71311      3.038070  0.005  0.026  0.039  0.167  0.001  0.003  0.001  0.006  0.001  0.248
   1.69798      3.031236  0.004  0.024  0.036  0.174  0.001  0.003  0.001  0.006  0.001  0.249
   1.68285      3.022133  0.003  0.022  0.034  0.181  0.001  0.003  0.001  0.006  0.001  0.251
   1.66772      3.010425  0.003  0.020  0.031  0.188  0.001  0.003  0.000  0.007  0.001  0.253
   1.65259      2.995830  0.002  0.018  0.028  0.194  0.001  0.003  0.000  0.007  0.001  0.254
   1.63746      2.978149  0.002  0.016  0.026  0.199  0.001  0.003  0.000  0.007  0.001  0.255
   1.63746      2.978149  0.002  0.016  0.026  0.199  0.001  0.003  0.000  0.007  0.001  0.255
   1.61126      2.983319  0.002  0.017  0.025  0.199  0.001  0.003  0.000  0.007  0.001  0.255
   1.58505      2.985991  0.002  0.018  0.025  0.199  0.001  0.003  0.000  0.007  0.001  0.255
   1.55885      2.986117  0.002  0.019  0.024  0.198  0.001  0.003  0.000  0.007  0.001  0.255
   1.53264      2.983557  0.002  0.020  0.024  0.198  0.001  0.003  0.000  0.007  0.001  0.256
   1.50644      2.978059  0.002  0.022  0.023  0.198  0.001  0.002  0.001  0.007  0.001  0.257
   1.48023      2.969241  0.002  0.024  0.023  0.198  0.001  0.002  0.001  0.006  0.001  0.258
   1.45403      2.956573  0.003  0.026  0.022  0.199  0.001  0.002  0.001  0.006  0.001  0.260
   1.42782      2.939380  0.003  0.029  0.021  0.200  0.002  0.002  0.001  0.006  0.001  0.263
   1.40162      2.916899  0.003  0.031  0.020  0.201  0.002  0.002  0.001  0.005  0.001  0.266
   1.37541      2.888346  0.003  0.034  0.019  0.204  0.002  0.002  0.001  0.005  0.001  0.270
   1.34921      2.853076  0.004  0.037  0.018  0.207  0.003  0.001  0.000  0.004  0.001  0.274
   1.32300      2.810749  0.004  0.039  0.016  0.210  0.003  0.001  0.000  0.004  0.000  0.278
   1.29680      2.761475  0.004  0.041  0.015  0.214  0.003  0.001  0.000  0.004  0.000  0.282
   1.27059      2.705905  0.003  0.042  0.013  0.218  0.004  0.001  0.000  0.003  0.000  0.285
   1.24439      2.645206  0.003  0.043  0.012  0.222  0.004  0.001  0.000  0.003  0.000  0.288
   1.21818      2.580978  0.002  0.044  0.010  0.225  0.005  0.000  0.000  0.002  0.000  0.290
   1.19197      2.515118  0.002  0.045  0.008  0.227  0.005  0.000  0.000  0.002  0.000  0.291
   1.16577      2.449723  0.001  0.047  0.007  0.228  0.006  0.000  0.000  0.002  0.000  0.291
   1.13956      2.387025  0.001  0.050  0.005  0.226  0.006  0.000  0.000  0.002  0.001  0.291
   1.11336      2.329339  0.001  0.054  0.004  0.222  0.007  0.000  0.000  0.001  0.001  0.290
   1.08715      2.278972  0.001  0.061  0.003  0.215  0.007  0.000  0.000  0.001  0.001  0.289
   1.06095      2.237995  0.001  0.070  0.002  0.206  0.007  0.000  0.000  0.001  0.002  0.288
   1.03474      2.207842  0.001  0.081  0.001  0.194  0.007  0.000  0.000  0.001  0.002  0.287
   1.00854      2.188821  0.001  0.093  0.001  0.181  0.007  0.000  0.000  0.000  0.003  0.286
   0.98233      2.179781  0.001  0.106  0.000  0.168  0.006  0.000  0.000  0.000  0.004  0.286
   0.95613      2.178195  0.001  0.119  0.000  0.156  0.006  0.000  0.000  0.000  0.005  0.287
   0.92992      2.180713  0.000  0.129  0.000  0.147  0.006  0.000  0.000  0.000  0.005  0.288
   0.90372      2.183973  0.000  0.136  0.000  0.141  0.006  0.000  0.000  0.000  0.005  0.289
   0.87751      2.185410  0.000  0.139  0.000  0.139  0.006  0.000  0.000  0.000  0.006  0.289
   0.87751      2.185410  0.000  0.139  0.000  0.139  0.006  0.000  0.000  0.000  0.006  0.289
   0.84725      2.183939  0.000  0.140  0.000  0.137  0.006  0.000  0.000  0.000  0.005  0.289
   0.81700      2.182864  0.000  0.138  0.000  0.138  0.006  0.000  0.000  0.000  0.005  0.288
   0.78674      2.188542  0.001  0.134  0.000  0.141  0.006  0.000  0.000  0.000  0.004  0.287
   0.75648      2.207598  0.000  0.130  0.001  0.146  0.007  0.000  0.000  0.000  0.003  0.288
   0.72622      2.244723  0.000  0.126  0.002  0.152  0.006  0.000  0.000  0.001  0.003  0.290
   0.69596      2.301042  0.000  0.123  0.003  0.156  0.006  0.000  0.000  0.001  0.002  0.292
   0.66570      2.373948  0.000  0.121  0.005  0.158  0.006  0.000  0.000  0.001  0.002  0.294
   0.63544      2.458159  0.000  0.120  0.008  0.158  0.005  0.000  0.000  0.001  0.002  0.295
   0.60518      2.547000  0.001  0.119  0.012  0.155  0.004  0.001  0.000  0.002  0.001  0.295
   0.57492      2.633431  0.002  0.118  0.016  0.151  0.003  0.001  0.000  0.002  0.001  0.294
   0.54466      2.710812  0.002  0.116  0.021  0.145  0.003  0.001  0.000  0.002  0.001  0.291
   0.51440      2.773587  0.003  0.114  0.025  0.137  0.002  0.001  0.000  0.003  0.001  0.287
   0.48415      2.817888  0.003  0.111  0.031  0.129  0.002  0.002  0.000  0.003  0.001  0.281
   0.45389      2.841965  0.004  0.107  0.036  0.120  0.001  0.002  0.000  0.004  0.001  0.275
   0.42363      2.846255  0.004  0.103  0.042  0.110  0.001  0.002  0.000  0.004  0.001  0.267
   0.39337      2.833082  0.004  0.098  0.048  0.101  0.001  0.003  0.000  0.005  0.001  0.261
   0.36311      2.806164  0.005  0.093  0.054  0.093  0.000  0.003  0.000  0.005  0.001  0.255
   0.33285      2.770195  0.006  0.088  0.062  0.086  0.000  0.003  0.000  0.005  0.001  0.250
   0.30259      2.730833  0.007  0.081  0.071  0.080  0.000  0.003  0.000  0.005  0.001  0.248
   0.27233      2.696063  0.008  0.073  0.077  0.081  0.000  0.003  0.000  0.004  0.001  0.248
   0.24207      2.688909  0.005  0.080  0.045  0.110  0.001  0.002  0.001  0.003  0.002  0.249
   0.21181      2.744520  0.001  0.105  0.009  0.122  0.002  0.002  0.001  0.001  0.004  0.247
   0.18155      2.819646  0.000  0.109  0.004  0.123  0.002  0.002  0.001  0.001  0.004  0.247
   0.15130      2.895050  0.000  0.110  0.003  0.125  0.002  0.002  0.001  0.001  0.004  0.249
   0.12104      2.964620  0.000  0.112  0.003  0.125  0.002  0.002  0.001  0.001  0.004  0.250
   0.09078      3.023750  0.000  0.114  0.003  0.126  0.002  0.002  0.000  0.002  0.004  0.253
   0.06052      3.068276  0.000  0.117  0.002  0.126  0.002  0.002  0.000  0.002  0.003  0.255
   0.03026      3.095065  0.000  0.121  0.001  0.126  0.002  0.002  0.000  0.002  0.003  0.257
   0.00000      3.103478  0.000  0.125  0.000  0.125  0.003  0.002  0.000  0.002  0.003  0.258
 
# Band-Index:   27
   0.00000      5.526136  0.000  0.028  0.001  0.028  0.004  0.013  0.000  0.013  0.004  0.091
   0.03026      5.511350  0.000  0.025  0.002  0.029  0.003  0.012  0.000  0.012  0.006  0.089
   0.06052      5.468794  0.000  0.020  0.002  0.027  0.003  0.011  0.001  0.011  0.009  0.083
   0.09078      5.398864  0.000  0.015  0.003  0.023  0.004  0.009  0.002  0.009  0.010  0.075
   0.12104      5.309870  0.000  0.012  0.003  0.019  0.004  0.008  0.004  0.007  0.011  0.068
   0.15130      5.212361  0.000  0.010  0.005  0.016  0.005  0.007  0.004  0.005  0.011  0.063
   0.18155      5.113106  0.000  0.009  0.006  0.014  0.005  0.006  0.005  0.004  0.011  0.059
   0.21181      5.015779  0.001  0.007  0.008  0.012  0.005  0.006  0.005  0.004  0.010  0.057
   0.24207      4.922300  0.001  0.007  0.010  0.010  0.004  0.005  0.005  0.003  0.009  0.055
   0.27233      4.833581  0.001  0.006  0.013  0.008  0.004  0.005  0.005  0.003  0.009  0.053
   0.30259      4.749927  0.001  0.005  0.016  0.007  0.004  0.005  0.005  0.002  0.008  0.053
   0.33285      4.671258  0.002  0.005  0.020  0.006  0.003  0.004  0.005  0.002  0.007  0.053
   0.36311      4.597275  0.002  0.004  0.024  0.005  0.003  0.004  0.004  0.002  0.006  0.054
   0.39337      4.527581  0.002  0.004  0.028  0.004  0.003  0.003  0.004  0.001  0.005  0.055
   0.42363      4.461731  0.003  0.004  0.033  0.004  0.002  0.003  0.004  0.001  0.004  0.057
   0.45389      4.399222  0.003  0.003  0.037  0.004  0.002  0.002  0.003  0.001  0.003  0.059
   0.48415      4.339460  0.003  0.003  0.041  0.004  0.001  0.002  0.003  0.001  0.003  0.061
   0.51440      4.281804  0.004  0.003  0.044  0.004  0.001  0.001  0.003  0.000  0.002  0.062
   0.54466      4.225706  0.004  0.003  0.046  0.004  0.001  0.001  0.003  0.000  0.002  0.063
   0.57492      4.170863  0.005  0.003  0.047  0.004  0.001  0.001  0.002  0.000  0.001  0.064
   0.60518      4.117296  0.005  0.003  0.047  0.004  0.001  0.000  0.002  0.000  0.001  0.064
   0.63544      4.065305  0.006  0.002  0.047  0.004  0.000  0.000  0.002  0.000  0.001  0.064
   0.66570      4.015407  0.007  0.002  0.047  0.004  0.000  0.000  0.002  0.000  0.001  0.064
   0.69596      3.968301  0.009  0.002  0.047  0.004  0.000  0.000  0.002  0.000  0.001  0.064
   0.72622      3.924928  0.010  0.002  0.047  0.003  0.000  0.000  0.001  0.000  0.001  0.064
   0.75648      3.886618  0.012  0.002  0.046  0.003  0.000  0.000  0.001  0.000  0.000  0.065
   0.78674      3.855198  0.014  0.001  0.046  0.002  0.000  0.000  0.001  0.000  0.000  0.065
   0.81700      3.832912  0.015  0.001  0.046  0.002  0.000  0.000  0.001  0.000  0.000  0.065
   0.84725      3.821953  0.016  0.001  0.046  0.002  0.000  0.000  0.001  0.000  0.000  0.065
   0.87751      3.823690  0.016  0.002  0.045  0.002  0.000  0.000  0.001  0.000  0.000  0.065
   0.87751      3.823690  0.016  0.002  0.045  0.002  0.000  0.000  0.001  0.000  0.000  0.065
   0.90372      3.821435  0.016  0.001  0.046  0.002  0.000  0.000  0.001  0.000  0.000  0.065
   0.92992      3.828789  0.015  0.000  0.046  0.002  0.000  0.000  0.001  0.000  0.000  0.065
   0.95613      3.845031  0.014  0.000  0.046  0.003  0.000  0.000  0.001  0.000  0.000  0.065
   0.98233      3.868862  0.013  0.001  0.046  0.003  0.000  0.000  0.001  0.000  0.000  0.065
   1.00854      3.898809  0.011  0.001  0.046  0.004  0.000  0.000  0.001  0.000  0.001  0.065
   1.03474      3.933543  0.010  0.002  0.047  0.004  0.000  0.000  0.001  0.000  0.001  0.064
   1.06095      3.972020  0.009  0.002  0.047  0.004  0.000  0.000  0.002  0.000  0.001  0.064
   1.08715      4.013487  0.007  0.003  0.047  0.004  0.000  0.000  0.002  0.000  0.001  0.064
   1.11336      4.057419  0.006  0.003  0.047  0.004  0.000  0.000  0.002  0.000  0.001  0.065
   1.13956      4.103444  0.006  0.004  0.047  0.004  0.000  0.001  0.002  0.000  0.001  0.065
   1.16577      4.151311  0.005  0.005  0.047  0.004  0.000  0.001  0.002  0.000  0.002  0.065
   1.19197      4.200898  0.004  0.006  0.046  0.004  0.000  0.001  0.002  0.000  0.002  0.066
   1.21818      4.252260  0.004  0.007  0.045  0.004  0.000  0.001  0.003  0.000  0.002  0.067
   1.24439      4.305678  0.004  0.009  0.044  0.004  0.000  0.002  0.003  0.000  0.002  0.068
   1.27059      4.361634  0.004  0.011  0.042  0.004  0.000  0.002  0.003  0.000  0.002  0.069
   1.29680      4.420638  0.005  0.014  0.040  0.004  0.000  0.003  0.003  0.000  0.002  0.070
   1.32300      4.482933  0.006  0.016  0.038  0.004  0.000  0.003  0.002  0.000  0.002  0.071
   1.34921      4.548160  0.006  0.018  0.037  0.004  0.000  0.004  0.002  0.000  0.001  0.072
   1.37541      4.615171  0.007  0.019  0.035  0.004  0.000  0.004  0.002  0.000  0.001  0.072
   1.40162      4.682113  0.007  0.019  0.034  0.003  0.000  0.005  0.002  0.000  0.001  0.071
   1.42782      4.746806  0.007  0.018  0.032  0.003  0.000  0.006  0.002  0.000  0.001  0.069
   1.45403      4.807263  0.007  0.016  0.030  0.003  0.000  0.007  0.002  0.000  0.001  0.066
   1.48023      4.862085  0.006  0.014  0.027  0.002  0.000  0.008  0.003  0.000  0.002  0.061
   1.50644      4.910508  0.005  0.011  0.024  0.002  0.000  0.009  0.004  0.000  0.002  0.056
   1.53264      4.952117  0.004  0.008  0.019  0.001  0.000  0.011  0.005  0.000  0.003  0.051
   1.55885      4.986470  0.003  0.006  0.015  0.001  0.000  0.012  0.006  0.000  0.003  0.046
   1.58505      5.012867  0.002  0.004  0.011  0.001  0.000  0.013  0.007  0.000  0.004  0.042
   1.61126      5.030411  0.001  0.003  0.009  0.001  0.000  0.014  0.008  0.000  0.004  0.039
   1.63746      5.038366  0.001  0.003  0.008  0.001  0.000  0.014  0.008  0.000  0.004  0.038
   1.63746      5.038366  0.001  0.003  0.008  0.001  0.000  0.014  0.008  0.000  0.004  0.038
   1.65259      5.038623  0.001  0.003  0.008  0.001  0.000  0.014  0.008  0.000  0.004  0.038
   1.66772      5.040489  0.001  0.003  0.008  0.001  0.000  0.014  0.008  0.000  0.004  0.038
   1.68285      5.043962  0.001  0.003  0.008  0.001  0.000  0.014  0.008  0.000  0.004  0.038
   1.69798      5.049039  0.001  0.003  0.008  0.001  0.000  0.014  0.008  0.000  0.004  0.038
   1.71311      5.055715  0.001  0.003  0.008  0.000  0.000  0.014  0.008  0.000  0.004  0.038
   1.72824      5.063983  0.001  0.003  0.008  0.000  0.000  0.014  0.008  0.000  0.004  0.038
   1.74337      5.073836  0.001  0.003  0.008  0.000  0.000  0.014  0.008  0.000  0.004  0.039
   1.75850      5.085264  0.001  0.003  0.008  0.000  0.000  0.014  0.008  0.000  0.004  0.039
   1.77363      5.098254  0.001  0.003  0.008  0.000  0.000  0.014  0.008  0.001  0.005  0.039
   1.78876      5.112795  0.001  0.003  0.008  0.000  0.000  0.014  0.008  0.001  0.005  0.039
   1.80389      5.128870  0.001  0.003  0.008  0.001  0.000  0.014  0.008  0.001  0.005  0.040
   1.81902      5.146458  0.000  0.004  0.008  0.001  0.000  0.014  0.007  0.001  0.005  0.041
   1.83415      5.165533  0.000  0.004  0.008  0.001  0.000  0.014  0.007  0.001  0.006  0.041
   1.84928      5.186060  0.000  0.004  0.008  0.002  0.000  0.014  0.007  0.001  0.006  0.042
   1.86441      5.207990  0.000  0.004  0.008  0.002  0.000  0.014  0.007  0.002  0.006  0.043
   1.87953      5.231260  0.000  0.005  0.008  0.003  0.000  0.014  0.007  0.002  0.006  0.045
   1.89466      5.255786  0.000  0.005  0.007  0.004  0.000  0.014  0.007  0.002  0.007  0.046
   1.90979      5.281452  0.000  0.005  0.007  0.005  0.000  0.014  0.007  0.003  0.007  0.048
   1.92492      5.308103  0.000  0.006  0.007  0.007  0.000  0.014  0.006  0.004  0.008  0.051
   1.94005      5.335528  0.000  0.007  0.006  0.009  0.000  0.013  0.006  0.004  0.008  0.054
   1.95518      5.363445  0.000  0.008  0.006  0.011  0.000  0.013  0.005  0.005  0.009  0.057
   1.97031      5.391481  0.000  0.009  0.005  0.014  0.000  0.013  0.005  0.006  0.009  0.061
   1.98544      5.419146  0.000  0.011  0.004  0.017  0.000  0.013  0.004  0.007  0.009  0.066
   2.00057      5.445812  0.000  0.013  0.004  0.021  0.001  0.012  0.003  0.009  0.010  0.071
   2.01570      5.470679  0.000  0.015  0.003  0.025  0.001  0.012  0.002  0.010  0.009  0.077
   2.03083      5.492702  0.000  0.018  0.002  0.028  0.001  0.012  0.001  0.011  0.009  0.082
   2.04596      5.510454  0.000  0.022  0.002  0.030  0.002  0.012  0.001  0.012  0.007  0.087
   2.06109      5.522115  0.000  0.025  0.001  0.030  0.002  0.012  0.000  0.012  0.006  0.090
   2.07622      5.526136  0.000  0.028  0.001  0.028  0.004  0.013  0.000  0.013  0.004  0.091
   2.07622      5.526136  0.000  0.028  0.001  0.028  0.004  0.013  0.000  0.013  0.004  0.091
   2.10648      5.511350  0.000  0.025  0.002  0.029  0.003  0.012  0.000  0.012  0.006  0.089
   2.13674      5.468794  0.000  0.020  0.002  0.027  0.003  0.011  0.001  0.011  0.009  0.083
   2.16700      5.398864  0.000  0.015  0.003  0.023  0.004  0.009  0.002  0.009  0.010  0.075
   2.19725      5.309870  0.000  0.012  0.003  0.019  0.004  0.008  0.004  0.007  0.011  0.068
   2.22751      5.212361  0.000  0.010  0.005  0.016  0.005  0.007  0.004  0.005  0.011  0.063
   2.25777      5.113106  0.000  0.009  0.006  0.014  0.005  0.006  0.005  0.004  0.011  0.059
   2.28803      5.015779  0.001  0.007  0.008  0.012  0.005  0.006  0.005  0.004  0.010  0.057
   2.31829      4.922300  0.001  0.007  0.010  0.010  0.004  0.005  0.005  0.003  0.009  0.055
   2.34855      4.833581  0.001  0.006  0.013  0.008  0.004  0.005  0.005  0.003  0.009  0.053
   2.37881      4.749927  0.001  0.005  0.016  0.007  0.004  0.005  0.005  0.002  0.008  0.053
   2.40907      4.671258  0.002  0.005  0.020  0.006  0.003  0.004  0.005  0.002  0.007  0.053
   2.43933      4.597275  0.002  0.004  0.024  0.005  0.003  0.004  0.004  0.002  0.006  0.054
   2.46959      4.527581  0.002  0.004  0.028  0.004  0.003  0.003  0.004  0.001  0.005  0.055
   2.49985      4.461731  0.003  0.004  0.033  0.004  0.002  0.003  0.004  0.001  0.004  0.057
   2.53010      4.399222  0.003  0.003  0.037  0.004  0.002  0.002  0.003  0.001  0.003  0.059
   2.56036      4.339460  0.003  0.003  0.041  0.004  0.001  0.002  0.003  0.001  0.003  0.061
   2.59062      4.281804  0.004  0.003  0.044  0.004  0.001  0.001  0.003  0.000  0.002  0.062
   2.62088      4.225706  0.004  0.003  0.046  0.004  0.001  0.001  0.003  0.000  0.002  0.063
   2.65114      4.170863  0.005  0.003  0.047  0.004  0.001  0.001  0.002  0.000  0.001  0.064
   2.68140      4.117296  0.005  0.003  0.047  0.004  0.001  0.000  0.002  0.000  0.001  0.064
   2.71166      4.065305  0.006  0.002  0.047  0.004  0.000  0.000  0.002  0.000  0.001  0.064
   2.74192      4.015407  0.007  0.002  0.047  0.004  0.000  0.000  0.002  0.000  0.001  0.064
   2.77218      3.968301  0.009  0.002  0.047  0.004  0.000  0.000  0.002  0.000  0.001  0.064
   2.80244      3.924928  0.010  0.002  0.047  0.003  0.000  0.000  0.001  0.000  0.001  0.064
   2.83270      3.886618  0.012  0.002  0.046  0.003  0.000  0.000  0.001  0.000  0.000  0.065
   2.86295      3.855198  0.014  0.001  0.046  0.002  0.000  0.000  0.001  0.000  0.000  0.065
   2.89321      3.832912  0.015  0.001  0.046  0.002  0.000  0.000  0.001  0.000  0.000  0.065
   2.92347      3.821953  0.016  0.001  0.046  0.002  0.000  0.000  0.001  0.000  0.000  0.065
   2.95373      3.823690  0.016  0.002  0.045  0.002  0.000  0.000  0.001  0.000  0.000  0.065
 
# Band-Index:   28
   2.95373      3.823690  0.016  0.002  0.045  0.002  0.000  0.000  0.001  0.000  0.000  0.065
   2.92347      3.837978  0.015  0.003  0.045  0.002  0.000  0.000  0.001  0.000  0.000  0.066
   2.89321      3.863079  0.013  0.004  0.045  0.002  0.000  0.000  0.001  0.000  0.000  0.066
   2.86295      3.896344  0.011  0.005  0.045  0.002  0.000  0.000  0.001  0.000  0.000  0.066
   2.83270      3.935180  0.009  0.006  0.044  0.003  0.000  0.000  0.001  0.000  0.001  0.065
   2.80244      3.977735  0.008  0.006  0.044  0.003  0.000  0.000  0.002  0.000  0.001  0.063
   2.77218      4.023032  0.006  0.006  0.043  0.003  0.000  0.000  0.002  0.000  0.001  0.062
   2.74192      4.070718  0.005  0.006  0.043  0.003  0.000  0.000  0.002  0.000  0.001  0.060
   2.71166      4.120737  0.004  0.006  0.042  0.003  0.001  0.000  0.002  0.000  0.001  0.059
   2.68140      4.173084  0.004  0.005  0.041  0.003  0.001  0.000  0.003  0.000  0.001  0.058
   2.65114      4.227696  0.003  0.005  0.040  0.003  0.001  0.001  0.003  0.000  0.002  0.058
   2.62088      4.284425  0.003  0.005  0.038  0.003  0.001  0.001  0.003  0.000  0.002  0.057
   2.59062      4.343082  0.003  0.005  0.036  0.003  0.001  0.001  0.003  0.000  0.003  0.056
   2.56036      4.403503  0.003  0.005  0.033  0.004  0.002  0.001  0.003  0.001  0.004  0.056
   2.53010      4.465651  0.002  0.005  0.030  0.004  0.002  0.002  0.004  0.001  0.005  0.055
   2.49985      4.529729  0.002  0.006  0.026  0.005  0.003  0.002  0.004  0.001  0.006  0.054
   2.46959      4.596254  0.002  0.006  0.022  0.006  0.003  0.003  0.004  0.001  0.007  0.054
   2.43933      4.666021  0.001  0.006  0.018  0.008  0.004  0.003  0.005  0.002  0.008  0.054
   2.40907      4.739947  0.001  0.007  0.014  0.009  0.004  0.003  0.005  0.002  0.009  0.055
   2.37881      4.818873  0.001  0.007  0.011  0.011  0.005  0.003  0.005  0.002  0.010  0.056
   2.34855      4.903410  0.001  0.008  0.008  0.014  0.005  0.004  0.006  0.002  0.011  0.058
   2.31829      4.993830  0.000  0.008  0.006  0.016  0.005  0.004  0.006  0.003  0.012  0.060
   2.28803      5.089971  0.000  0.009  0.004  0.018  0.006  0.004  0.006  0.003  0.013  0.063
   2.25777      5.191103  0.000  0.009  0.002  0.021  0.006  0.004  0.007  0.003  0.013  0.066
   2.22751      5.295645  0.000  0.010  0.001  0.024  0.006  0.004  0.007  0.004  0.014  0.070
   2.19725      5.400539  0.000  0.010  0.001  0.026  0.006  0.004  0.008  0.004  0.014  0.073
   2.16700      5.499894  0.000  0.010  0.000  0.028  0.006  0.003  0.009  0.004  0.014  0.075
   2.13674      5.582474  0.000  0.009  0.001  0.025  0.007  0.002  0.011  0.004  0.013  0.071
   2.10648      5.633252  0.000  0.010  0.001  0.019  0.007  0.001  0.012  0.003  0.010  0.065
   2.07622      5.651173  0.000  0.024  0.001  0.024  0.013  0.004  0.000  0.004  0.013  0.084
   2.07622      5.651173  0.000  0.024  0.001  0.024  0.013  0.004  0.000  0.004  0.013  0.084
   2.06109      5.645470  0.000  0.008  0.001  0.024  0.006  0.001  0.009  0.006  0.012  0.068
   2.04596      5.629179  0.000  0.001  0.002  0.022  0.002  0.000  0.015  0.006  0.010  0.058
   2.03083      5.603767  0.000  0.000  0.002  0.020  0.001  0.002  0.015  0.005  0.010  0.057
   2.01570      5.572154  0.000  0.001  0.003  0.018  0.001  0.004  0.015  0.005  0.009  0.056
   2.00057      5.537016  0.000  0.002  0.004  0.015  0.000  0.006  0.014  0.004  0.009  0.055
   1.98544      5.500269  0.000  0.002  0.004  0.013  0.000  0.007  0.013  0.004  0.009  0.053
   1.97031      5.463191  0.000  0.003  0.005  0.011  0.000  0.008  0.013  0.003  0.008  0.051
   1.95518      5.426609  0.000  0.003  0.005  0.009  0.000  0.009  0.012  0.003  0.008  0.049
   1.94005      5.391052  0.000  0.003  0.005  0.008  0.000  0.010  0.012  0.002  0.007  0.048
   1.92492      5.356850  0.000  0.003  0.006  0.006  0.000  0.011  0.011  0.002  0.007  0.046
   1.90979      5.324206  0.000  0.003  0.006  0.005  0.000  0.011  0.011  0.002  0.006  0.045
   1.89466      5.293246  0.000  0.003  0.006  0.004  0.000  0.012  0.010  0.001  0.006  0.044
   1.87953      5.264039  0.001  0.003  0.006  0.004  0.000  0.012  0.010  0.001  0.006  0.043
   1.86441      5.236625  0.001  0.003  0.007  0.003  0.000  0.012  0.010  0.001  0.005  0.042
   1.84928      5.211022  0.001  0.003  0.007  0.003  0.000  0.013  0.010  0.001  0.005  0.041
   1.83415      5.187237  0.001  0.003  0.007  0.002  0.000  0.013  0.009  0.001  0.005  0.040
   1.81902      5.165268  0.001  0.003  0.007  0.002  0.000  0.013  0.009  0.000  0.005  0.040
   1.80389      5.145108  0.001  0.003  0.007  0.002  0.000  0.013  0.009  0.000  0.005  0.039
   1.78876      5.126750  0.001  0.003  0.007  0.001  0.000  0.013  0.009  0.000  0.004  0.039
   1.77363      5.110179  0.001  0.003  0.007  0.001  0.000  0.013  0.009  0.000  0.004  0.039
   1.75850      5.095381  0.001  0.003  0.007  0.001  0.000  0.013  0.009  0.000  0.004  0.038
   1.74337      5.082339  0.001  0.003  0.007  0.001  0.000  0.014  0.008  0.000  0.004  0.038
   1.72824      5.071032  0.001  0.003  0.007  0.001  0.000  0.014  0.008  0.000  0.004  0.038
   1.71311      5.061437  0.001  0.003  0.007  0.001  0.000  0.014  0.008  0.000  0.004  0.038
   1.69798      5.053531  0.001  0.003  0.007  0.001  0.000  0.014  0.008  0.000  0.004  0.038
   1.68285      5.047288  0.001  0.003  0.007  0.001  0.000  0.014  0.008  0.000  0.004  0.038
   1.66772      5.042690  0.001  0.003  0.007  0.001  0.000  0.014  0.008  0.000  0.004  0.038
   1.65259      5.039719  0.001  0.003  0.008  0.001  0.000  0.014  0.008  0.000  0.004  0.038
   1.63746      5.038366  0.001  0.003  0.008  0.001  0.000  0.014  0.008  0.000  0.004  0.038
   1.63746      5.038366  0.001  0.003  0.008  0.001  0.000  0.014  0.008  0.000  0.004  0.038
   1.61126      5.036605  0.001  0.003  0.008  0.001  0.000  0.013  0.008  0.000  0.004  0.038
   1.58505      5.025769  0.002  0.004  0.010  0.001  0.000  0.013  0.007  0.000  0.004  0.040
   1.55885      5.006978  0.002  0.005  0.014  0.001  0.000  0.011  0.007  0.000  0.004  0.044
   1.53264      4.981324  0.003  0.007  0.018  0.001  0.000  0.010  0.006  0.000  0.003  0.048
   1.50644      4.949483  0.004  0.009  0.022  0.001  0.000  0.008  0.005  0.000  0.003  0.052
   1.48023      4.911565  0.004  0.011  0.026  0.002  0.000  0.007  0.004  0.000  0.003  0.056
   1.45403      4.867191  0.005  0.013  0.030  0.002  0.000  0.006  0.003  0.000  0.003  0.061
   1.42782      4.815771  0.005  0.016  0.032  0.002  0.000  0.005  0.003  0.000  0.002  0.065
   1.40162      4.757117  0.005  0.018  0.034  0.002  0.000  0.004  0.003  0.000  0.002  0.068
   1.37541      4.692268  0.005  0.019  0.034  0.002  0.000  0.003  0.003  0.000  0.002  0.069
   1.34921      4.623779  0.005  0.019  0.035  0.002  0.000  0.003  0.003  0.000  0.003  0.068
   1.32300      4.554802  0.005  0.017  0.035  0.002  0.000  0.002  0.003  0.000  0.003  0.066
   1.29680      4.487845  0.004  0.015  0.036  0.001  0.000  0.002  0.003  0.000  0.003  0.065
   1.27059      4.424255  0.004  0.013  0.037  0.001  0.000  0.002  0.003  0.000  0.003  0.063
   1.24439      4.364400  0.004  0.012  0.038  0.001  0.000  0.001  0.003  0.000  0.003  0.061
   1.21818      4.308089  0.003  0.010  0.039  0.001  0.000  0.001  0.003  0.000  0.003  0.060
   1.19197      4.254928  0.004  0.009  0.040  0.001  0.000  0.001  0.003  0.000  0.002  0.060
   1.16577      4.204543  0.004  0.008  0.041  0.001  0.000  0.001  0.003  0.000  0.002  0.059
   1.13956      4.156646  0.004  0.008  0.042  0.001  0.000  0.000  0.002  0.000  0.002  0.060
   1.11336      4.111028  0.005  0.008  0.042  0.001  0.000  0.000  0.002  0.000  0.002  0.060
   1.08715      4.067523  0.005  0.008  0.043  0.001  0.000  0.000  0.002  0.000  0.001  0.061
   1.06095      4.026001  0.006  0.008  0.043  0.001  0.000  0.000  0.002  0.000  0.001  0.062
   1.03474      3.986401  0.007  0.008  0.044  0.001  0.000  0.000  0.002  0.000  0.001  0.063
   1.00854      3.948845  0.009  0.008  0.044  0.001  0.000  0.000  0.001  0.000  0.001  0.064
   0.98233      3.913785  0.010  0.007  0.045  0.001  0.000  0.000  0.001  0.000  0.001  0.065
   0.95613      3.882162  0.012  0.006  0.045  0.001  0.000  0.000  0.001  0.000  0.000  0.066
   0.92992      3.855435  0.014  0.005  0.045  0.001  0.000  0.000  0.001  0.000  0.000  0.066
   0.90372      3.835385  0.015  0.003  0.045  0.001  0.000  0.000  0.001  0.000  0.000  0.066
   0.87751      3.823690  0.016  0.002  0.045  0.002  0.000  0.000  0.001  0.000  0.000  0.065
   0.87751      3.823690  0.016  0.002  0.045  0.002  0.000  0.000  0.001  0.000  0.000  0.065
   0.84725      3.837978  0.015  0.003  0.045  0.002  0.000  0.000  0.001  0.000  0.000  0.066
   0.81700      3.863079  0.013  0.004  0.045  0.002  0.000  0.000  0.001  0.000  0.000  0.066
   0.78674      3.896344  0.011  0.005  0.045  0.002  0.000  0.000  0.001  0.000  0.000  0.066
   0.75648      3.935180  0.009  0.006  0.044  0.003  0.000  0.000  0.001  0.000  0.001  0.065
   0.72622      3.977735  0.008  0.006  0.044  0.003  0.000  0.000  0.002  0.000  0.001  0.063
   0.69596      4.023032  0.006  0.006  0.043  0.003  0.000  0.000  0.002  0.000  0.001  0.062
   0.66570      4.070718  0.005  0.006  0.043  0.003  0.000  0.000  0.002  0.000  0.001  0.060
   0.63544      4.120737  0.004  0.006  0.042  0.003  0.001  0.000  0.002  0.000  0.001  0.059
   0.60518      4.173084  0.004  0.005  0.041  0.003  0.001  0.000  0.003  0.000  0.001  0.058
   0.57492      4.227696  0.003  0.005  0.040  0.003  0.001  0.001  0.003  0.000  0.002  0.058
   0.54466      4.284425  0.003  0.005  0.038  0.003  0.001  0.001  0.003  0.000  0.002  0.057
   0.51440      4.343082  0.003  0.005  0.036  0.003  0.001  0.001  0.003  0.000  0.003  0.056
   0.48415      4.403503  0.003  0.005  0.033  0.004  0.002  0.001  0.003  0.001  0.004  0.056
   0.45389      4.465651  0.002  0.005  0.030  0.004  0.002  0.002  0.004  0.001  0.005  0.055
   0.42363      4.529729  0.002  0.006  0.026  0.005  0.003  0.002  0.004  0.001  0.006  0.054
   0.39337      4.596254  0.002  0.006  0.022  0.006  0.003  0.003  0.004  0.001  0.007  0.054
   0.36311      4.666021  0.001  0.006  0.018  0.008  0.004  0.003  0.005  0.002  0.008  0.054
   0.33285      4.739947  0.001  0.007  0.014  0.009  0.004  0.003  0.005  0.002  0.009  0.055
   0.30259      4.818873  0.001  0.007  0.011  0.011  0.005  0.003  0.005  0.002  0.010  0.056
   0.27233      4.903410  0.001  0.008  0.008  0.014  0.005  0.004  0.006  0.002  0.011  0.058
   0.24207      4.993830  0.000  0.008  0.006  0.016  0.005  0.004  0.006  0.003  0.012  0.060
   0.21181      5.089971  0.000  0.009  0.004  0.018  0.006  0.004  0.006  0.003  0.013  0.063
   0.18155      5.191103  0.000  0.009  0.002  0.021  0.006  0.004  0.007  0.003  0.013  0.066
   0.15130      5.295645  0.000  0.010  0.001  0.024  0.006  0.004  0.007  0.004  0.014  0.070
   0.12104      5.400539  0.000  0.010  0.001  0.026  0.006  0.004  0.008  0.004  0.014  0.073
   0.09078      5.499894  0.000  0.010  0.000  0.028  0.006  0.003  0.009  0.004  0.014  0.075
   0.06052      5.582474  0.000  0.009  0.001  0.025  0.007  0.002  0.011  0.004  0.013  0.071
   0.03026      5.633252  0.000  0.010  0.001  0.019  0.007  0.001  0.012  0.003  0.010  0.065
   0.00000      5.651173  0.000  0.024  0.001  0.024  0.013  0.004  0.000  0.004  0.013  0.084
 
# Band-Index:   29
   0.00000      5.663210  0.000  0.000  0.000  0.000  0.000  0.000  0.024  0.000  0.000  0.024
   0.03026      5.670552  0.000  0.006  0.000  0.016  0.003  0.002  0.011  0.006  0.006  0.051
   0.06052      5.674861  0.000  0.006  0.001  0.013  0.002  0.004  0.012  0.007  0.005  0.049
   0.09078      5.666877  0.000  0.015  0.004  0.006  0.005  0.003  0.016  0.002  0.002  0.054
   0.12104      5.666660  0.001  0.021  0.009  0.008  0.005  0.004  0.012  0.003  0.002  0.064
   0.15130      5.656182  0.001  0.024  0.016  0.011  0.004  0.003  0.008  0.002  0.003  0.071
   0.18155      5.610788  0.001  0.022  0.021  0.012  0.003  0.001  0.004  0.001  0.003  0.069
   0.21181      5.527877  0.002  0.017  0.021  0.012  0.002  0.000  0.002  0.000  0.004  0.060
   0.24207      5.424706  0.002  0.013  0.018  0.012  0.002  0.000  0.001  0.000  0.004  0.052
   0.27233      5.315207  0.002  0.010  0.016  0.011  0.002  0.000  0.000  0.000  0.004  0.046
   0.30259      5.206507  0.002  0.008  0.013  0.011  0.002  0.000  0.000  0.000  0.004  0.040
   0.33285      5.102045  0.002  0.006  0.011  0.010  0.002  0.000  0.000  0.000  0.005  0.035
   0.36311      5.003368  0.001  0.004  0.009  0.008  0.002  0.000  0.000  0.000  0.005  0.030
   0.39337      4.910739  0.001  0.003  0.007  0.007  0.001  0.000  0.000  0.000  0.004  0.025
   0.42363      4.823450  0.001  0.002  0.006  0.006  0.001  0.000  0.000  0.000  0.004  0.020
   0.45389      4.741484  0.000  0.002  0.004  0.005  0.001  0.000  0.000  0.000  0.003  0.016
   0.48415      4.665923  0.000  0.001  0.003  0.004  0.001  0.000  0.000  0.000  0.003  0.012
   0.51440      4.596922  0.000  0.001  0.002  0.003  0.001  0.000  0.001  0.000  0.003  0.010
   0.54466      4.533800  0.000  0.001  0.001  0.002  0.001  0.000  0.001  0.000  0.002  0.008
   0.57492      4.475715  0.000  0.001  0.001  0.001  0.001  0.000  0.001  0.000  0.002  0.007
   0.60518      4.422023  0.000  0.001  0.001  0.001  0.001  0.000  0.001  0.000  0.001  0.007
   0.63544      4.372413  0.000  0.002  0.001  0.001  0.000  0.000  0.001  0.000  0.001  0.006
   0.66570      4.326902  0.001  0.002  0.000  0.001  0.000  0.000  0.002  0.000  0.001  0.006
   0.69596      4.285775  0.001  0.001  0.000  0.001  0.000  0.000  0.002  0.000  0.001  0.006
   0.72622      4.249527  0.001  0.001  0.000  0.001  0.000  0.000  0.002  0.000  0.000  0.006
   0.75648      4.218820  0.001  0.001  0.001  0.000  0.000  0.000  0.003  0.000  0.000  0.006
   0.78674      4.194410  0.001  0.001  0.001  0.000  0.000  0.000  0.003  0.000  0.000  0.006
   0.81700      4.177027  0.002  0.000  0.001  0.000  0.000  0.000  0.003  0.000  0.000  0.006
   0.84725      4.167231  0.002  0.000  0.001  0.000  0.000  0.000  0.003  0.000  0.000  0.006
   0.87751      4.165297  0.002  0.000  0.001  0.000  0.000  0.000  0.003  0.000  0.000  0.006
   0.87751      4.165297  0.002  0.000  0.001  0.000  0.000  0.000  0.003  0.000  0.000  0.006
   0.90372      4.166514  0.002  0.000  0.001  0.000  0.000  0.000  0.003  0.000  0.000  0.006
   0.92992      4.173641  0.002  0.000  0.001  0.000  0.000  0.000  0.003  0.000  0.000  0.006
   0.95613      4.186541  0.001  0.000  0.001  0.000  0.000  0.000  0.003  0.000  0.000  0.006
   0.98233      4.204903  0.001  0.001  0.001  0.000  0.000  0.000  0.003  0.000  0.000  0.006
   1.00854      4.228285  0.001  0.001  0.000  0.000  0.000  0.000  0.003  0.000  0.000  0.006
   1.03474      4.256188  0.001  0.002  0.000  0.000  0.000  0.000  0.002  0.000  0.001  0.006
   1.06095      4.288120  0.001  0.002  0.000  0.000  0.000  0.000  0.002  0.000  0.001  0.006
   1.08715      4.323641  0.001  0.002  0.000  0.000  0.000  0.000  0.002  0.000  0.001  0.006
   1.11336      4.362379  0.000  0.002  0.000  0.000  0.000  0.000  0.002  0.000  0.001  0.006
   1.13956      4.404029  0.000  0.002  0.001  0.000  0.000  0.000  0.001  0.000  0.002  0.007
   1.16577      4.448352  0.000  0.002  0.001  0.000  0.000  0.000  0.001  0.000  0.002  0.007
   1.19197      4.495185  0.000  0.002  0.001  0.000  0.000  0.000  0.001  0.000  0.003  0.008
   1.21818      4.544459  0.000  0.002  0.002  0.000  0.000  0.000  0.001  0.000  0.003  0.008
   1.24439      4.596217  0.000  0.002  0.003  0.000  0.000  0.000  0.000  0.000  0.004  0.009
   1.27059      4.650636  0.000  0.002  0.004  0.000  0.000  0.000  0.000  0.000  0.005  0.011
   1.29680      4.708069  0.000  0.002  0.004  0.000  0.000  0.000  0.000  0.000  0.005  0.012
   1.32300      4.769162  0.000  0.002  0.004  0.000  0.000  0.000  0.000  0.000  0.006  0.014
   1.34921      4.835049  0.001  0.003  0.004  0.000  0.000  0.000  0.000  0.000  0.007  0.015
   1.37541      4.907446  0.001  0.005  0.003  0.000  0.000  0.000  0.001  0.000  0.007  0.017
   1.40162      4.988242  0.002  0.007  0.002  0.000  0.000  0.000  0.001  0.000  0.007  0.020
   1.42782      5.078446  0.003  0.010  0.001  0.000  0.000  0.000  0.001  0.000  0.007  0.023
   1.45403      5.177432  0.004  0.012  0.001  0.000  0.000  0.000  0.002  0.000  0.006  0.025
   1.48023      5.283128  0.005  0.013  0.001  0.000  0.000  0.000  0.002  0.000  0.005  0.028
   1.50644      5.391147  0.006  0.013  0.002  0.001  0.000  0.001  0.003  0.000  0.006  0.031
   1.53264      5.483428  0.008  0.012  0.004  0.001  0.000  0.001  0.004  0.000  0.005  0.034
   1.55885      5.563836  0.010  0.010  0.008  0.001  0.000  0.001  0.004  0.000  0.004  0.038
   1.58505      5.620708  0.013  0.007  0.014  0.001  0.000  0.001  0.004  0.000  0.003  0.042
   1.61126      5.651634  0.015  0.004  0.019  0.001  0.000  0.000  0.003  0.000  0.002  0.045
   1.63746      5.666354  0.016  0.002  0.022  0.001  0.000  0.000  0.002  0.000  0.003  0.045
   1.63746      5.666354  0.016  0.002  0.022  0.001  0.000  0.000  0.002  0.000  0.003  0.045
   1.65259      5.660645  0.016  0.002  0.022  0.000  0.000  0.000  0.002  0.000  0.003  0.045
   1.66772      5.659767  0.016  0.002  0.022  0.000  0.000  0.000  0.002  0.000  0.003  0.045
   1.68285      5.663453  0.015  0.003  0.022  0.001  0.000  0.000  0.002  0.000  0.003  0.045
   1.69798      5.671266  0.014  0.004  0.022  0.002  0.000  0.000  0.002  0.000  0.003  0.046
   1.71311      5.682614  0.014  0.004  0.022  0.003  0.000  0.000  0.003  0.000  0.002  0.048
   1.72824      5.696765  0.013  0.005  0.022  0.004  0.000  0.000  0.003  0.000  0.002  0.050
   1.74337      5.712868  0.011  0.006  0.023  0.005  0.000  0.000  0.003  0.000  0.002  0.052
   1.75850      5.729967  0.010  0.008  0.023  0.007  0.000  0.000  0.004  0.000  0.002  0.054
   1.77363      5.747021  0.009  0.009  0.023  0.008  0.000  0.000  0.004  0.000  0.002  0.057
   1.78876      5.762930  0.007  0.012  0.023  0.010  0.001  0.000  0.005  0.000  0.002  0.060
   1.80389      5.776584  0.006  0.014  0.023  0.011  0.001  0.000  0.005  0.001  0.002  0.062
   1.81902      5.786965  0.005  0.016  0.022  0.012  0.001  0.000  0.006  0.001  0.002  0.065
   1.83415      5.793277  0.003  0.019  0.020  0.013  0.001  0.000  0.007  0.001  0.002  0.067
   1.84928      5.795100  0.002  0.021  0.018  0.013  0.001  0.000  0.008  0.002  0.002  0.068
   1.86441      5.792472  0.001  0.022  0.016  0.013  0.002  0.000  0.008  0.002  0.003  0.068
   1.87953      5.785868  0.001  0.023  0.014  0.014  0.002  0.000  0.009  0.003  0.003  0.068
   1.89466      5.776093  0.000  0.023  0.012  0.014  0.002  0.001  0.010  0.003  0.003  0.067
   1.90979      5.764137  0.000  0.022  0.009  0.013  0.002  0.001  0.011  0.004  0.003  0.064
   1.92492      5.751060  0.000  0.021  0.007  0.013  0.002  0.001  0.011  0.004  0.003  0.062
   1.94005      5.737917  0.000  0.019  0.005  0.012  0.003  0.001  0.012  0.004  0.003  0.059
   1.95518      5.725701  0.000  0.017  0.004  0.011  0.003  0.001  0.013  0.004  0.003  0.055
   1.97031      5.715294  0.000  0.015  0.002  0.010  0.003  0.001  0.014  0.004  0.003  0.052
   1.98544      5.707380  0.000  0.013  0.001  0.009  0.003  0.001  0.015  0.004  0.003  0.049
   2.00057      5.702272  0.000  0.011  0.001  0.008  0.003  0.001  0.016  0.003  0.003  0.046
   2.01570      5.699236  0.000  0.009  0.001  0.009  0.004  0.001  0.015  0.004  0.005  0.047
   2.03083      5.691568  0.000  0.015  0.001  0.017  0.007  0.003  0.005  0.005  0.009  0.063
   2.04596      5.676992  0.001  0.017  0.001  0.014  0.007  0.003  0.006  0.004  0.008  0.060
   2.06109      5.666895  0.000  0.010  0.000  0.007  0.005  0.002  0.014  0.002  0.004  0.044
   2.07622      5.663210  0.000  0.000  0.000  0.000  0.000  0.000  0.024  0.000  0.000  0.024
   2.07622      5.663210  0.000  0.000  0.000  0.000  0.000  0.000  0.024  0.000  0.000  0.024
   2.10648      5.670552  0.000  0.006  0.000  0.016  0.003  0.002  0.011  0.006  0.006  0.051
   2.13674      5.674861  0.000  0.006  0.001  0.013  0.002  0.004  0.012  0.007  0.005  0.049
   2.16700      5.666877  0.000  0.015  0.004  0.006  0.005  0.003  0.016  0.002  0.002  0.054
   2.19725      5.666660  0.001  0.021  0.009  0.008  0.005  0.004  0.012  0.003  0.002  0.064
   2.22751      5.656182  0.001  0.024  0.016  0.011  0.004  0.003  0.008  0.002  0.003  0.071
   2.25777      5.610788  0.001  0.022  0.021  0.012  0.003  0.001  0.004  0.001  0.003  0.069
   2.28803      5.527877  0.002  0.017  0.021  0.012  0.002  0.000  0.002  0.000  0.004  0.060
   2.31829      5.424706  0.002  0.013  0.018  0.012  0.002  0.000  0.001  0.000  0.004  0.052
   2.34855      5.315207  0.002  0.010  0.016  0.011  0.002  0.000  0.000  0.000  0.004  0.046
   2.37881      5.206507  0.002  0.008  0.013  0.011  0.002  0.000  0.000  0.000  0.004  0.040
   2.40907      5.102045  0.002  0.006  0.011  0.010  0.002  0.000  0.000  0.000  0.005  0.035
   2.43933      5.003368  0.001  0.004  0.009  0.008  0.002  0.000  0.000  0.000  0.005  0.030
   2.46959      4.910739  0.001  0.003  0.007  0.007  0.001  0.000  0.000  0.000  0.004  0.025
   2.49985      4.823450  0.001  0.002  0.006  0.006  0.001  0.000  0.000  0.000  0.004  0.020
   2.53010      4.741484  0.000  0.002  0.004  0.005  0.001  0.000  0.000  0.000  0.003  0.016
   2.56036      4.665923  0.000  0.001  0.003  0.004  0.001  0.000  0.000  0.000  0.003  0.012
   2.59062      4.596922  0.000  0.001  0.002  0.003  0.001  0.000  0.001  0.000  0.003  0.010
   2.62088      4.533800  0.000  0.001  0.001  0.002  0.001  0.000  0.001  0.000  0.002  0.008
   2.65114      4.475715  0.000  0.001  0.001  0.001  0.001  0.000  0.001  0.000  0.002  0.007
   2.68140      4.422023  0.000  0.001  0.001  0.001  0.001  0.000  0.001  0.000  0.001  0.007
   2.71166      4.372413  0.000  0.002  0.001  0.001  0.000  0.000  0.001  0.000  0.001  0.006
   2.74192      4.326902  0.001  0.002  0.000  0.001  0.000  0.000  0.002  0.000  0.001  0.006
   2.77218      4.285775  0.001  0.001  0.000  0.001  0.000  0.000  0.002  0.000  0.001  0.006
   2.80244      4.249527  0.001  0.001  0.000  0.001  0.000  0.000  0.002  0.000  0.000  0.006
   2.83270      4.218820  0.001  0.001  0.001  0.000  0.000  0.000  0.003  0.000  0.000  0.006
   2.86295      4.194410  0.001  0.001  0.001  0.000  0.000  0.000  0.003  0.000  0.000  0.006
   2.89321      4.177027  0.002  0.000  0.001  0.000  0.000  0.000  0.003  0.000  0.000  0.006
   2.92347      4.167231  0.002  0.000  0.001  0.000  0.000  0.000  0.003  0.000  0.000  0.006
   2.95373      4.165297  0.002  0.000  0.001  0.000  0.000  0.000  0.003  0.000  0.000  0.006
 
# Band-Index:   30
   2.95373      4.165298  0.002  0.000  0.001  0.000  0.000  0.000  0.003  0.000  0.000  0.006
   2.92347      4.171179  0.001  0.000  0.001  0.000  0.000  0.000  0.003  0.000  0.000  0.006
   2.89321      4.184535  0.001  0.001  0.001  0.000  0.000  0.000  0.003  0.000  0.000  0.006
   2.86295      4.204817  0.001  0.001  0.001  0.000  0.000  0.000  0.003  0.000  0.000  0.006
   2.83270      4.231388  0.001  0.001  0.001  0.000  0.000  0.000  0.003  0.000  0.000  0.007
   2.80244      4.263626  0.001  0.002  0.001  0.001  0.000  0.000  0.002  0.000  0.001  0.007
   2.77218      4.300995  0.000  0.002  0.001  0.001  0.000  0.000  0.002  0.000  0.001  0.007
   2.74192      4.343071  0.000  0.002  0.001  0.001  0.000  0.000  0.002  0.000  0.001  0.007
   2.71166      4.389523  0.000  0.002  0.001  0.001  0.000  0.000  0.001  0.000  0.001  0.007
   2.68140      4.440108  0.000  0.002  0.001  0.001  0.001  0.000  0.001  0.000  0.002  0.007
   2.65114      4.494682  0.000  0.001  0.001  0.002  0.001  0.000  0.001  0.000  0.002  0.008
   2.62088      4.553248  0.000  0.001  0.001  0.002  0.001  0.000  0.001  0.000  0.003  0.009
   2.59062      4.616029  0.000  0.001  0.002  0.003  0.001  0.000  0.000  0.000  0.003  0.011
   2.56036      4.683551  0.000  0.001  0.002  0.004  0.001  0.000  0.000  0.000  0.004  0.014
   2.53010      4.756773  0.000  0.002  0.003  0.005  0.001  0.000  0.000  0.000  0.004  0.017
   2.49985      4.837406  0.001  0.003  0.004  0.007  0.001  0.000  0.000  0.000  0.004  0.020
   2.46959      4.927639  0.001  0.004  0.005  0.008  0.001  0.000  0.000  0.000  0.004  0.023
   2.43933      5.027843  0.001  0.004  0.006  0.009  0.001  0.000  0.000  0.000  0.003  0.025
   2.40907      5.136822  0.001  0.005  0.008  0.009  0.001  0.000  0.000  0.000  0.003  0.027
   2.37881      5.253303  0.001  0.006  0.009  0.009  0.001  0.000  0.000  0.000  0.002  0.029
   2.34855      5.375753  0.002  0.006  0.011  0.009  0.001  0.000  0.000  0.000  0.002  0.030
   2.31829      5.501317  0.002  0.007  0.012  0.009  0.000  0.000  0.000  0.000  0.001  0.031
   2.28803      5.621574  0.002  0.007  0.013  0.007  0.000  0.001  0.001  0.001  0.001  0.032
   2.25777      5.704235  0.001  0.005  0.011  0.003  0.000  0.003  0.005  0.004  0.000  0.032
   2.22751      5.714462  0.000  0.003  0.005  0.002  0.000  0.005  0.011  0.007  0.001  0.035
   2.19725      5.697513  0.000  0.005  0.004  0.004  0.001  0.005  0.013  0.008  0.002  0.041
   2.16700      5.682273  0.000  0.007  0.002  0.009  0.001  0.005  0.012  0.008  0.003  0.048
   2.13674      5.676770  0.000  0.011  0.001  0.008  0.005  0.002  0.018  0.002  0.004  0.051
   2.10648      5.699214  0.000  0.006  0.000  0.006  0.004  0.001  0.020  0.001  0.004  0.042
   2.07622      5.718036  0.000  0.000  0.000  0.000  0.000  0.000  0.024  0.000  0.000  0.025
   2.07622      5.718036  0.000  0.000  0.000  0.000  0.000  0.000  0.024  0.000  0.000  0.025
   2.06109      5.713181  0.000  0.005  0.000  0.003  0.003  0.000  0.021  0.001  0.002  0.036
   2.04596      5.708631  0.000  0.008  0.000  0.001  0.003  0.000  0.022  0.000  0.001  0.037
   2.03083      5.708322  0.001  0.014  0.000  0.001  0.004  0.001  0.020  0.000  0.001  0.042
   2.01570      5.723091  0.001  0.022  0.002  0.012  0.007  0.002  0.008  0.004  0.006  0.065
   2.00057      5.750244  0.001  0.021  0.004  0.018  0.006  0.002  0.005  0.006  0.009  0.072
   1.98544      5.782289  0.001  0.019  0.006  0.021  0.005  0.002  0.004  0.007  0.010  0.074
   1.97031      5.816875  0.001  0.015  0.008  0.025  0.003  0.001  0.004  0.008  0.011  0.076
   1.95518      5.851660  0.001  0.013  0.010  0.029  0.001  0.001  0.005  0.008  0.010  0.078
   1.94005      5.884318  0.001  0.017  0.011  0.030  0.001  0.002  0.005  0.007  0.009  0.082
   1.92492      5.913770  0.000  0.024  0.012  0.030  0.001  0.002  0.006  0.005  0.007  0.087
   1.90979      5.939890  0.000  0.031  0.013  0.029  0.001  0.002  0.006  0.004  0.006  0.091
   1.89466      5.962389  0.000  0.036  0.015  0.027  0.001  0.002  0.006  0.003  0.005  0.094
   1.87953      5.980458  0.000  0.038  0.017  0.026  0.001  0.001  0.006  0.002  0.004  0.096
   1.86441      5.992765  0.000  0.038  0.019  0.026  0.001  0.001  0.006  0.001  0.003  0.096
   1.84928      5.997537  0.001  0.034  0.023  0.025  0.001  0.001  0.006  0.001  0.002  0.094
   1.83415      5.993017  0.002  0.027  0.026  0.025  0.001  0.001  0.005  0.000  0.002  0.089
   1.81902      5.978605  0.004  0.019  0.028  0.024  0.001  0.000  0.004  0.000  0.002  0.083
   1.80389      5.955696  0.006  0.012  0.028  0.023  0.001  0.000  0.004  0.000  0.002  0.076
   1.78876      5.926891  0.008  0.008  0.028  0.021  0.001  0.000  0.003  0.000  0.002  0.070
   1.77363      5.894693  0.009  0.005  0.027  0.019  0.000  0.000  0.003  0.000  0.002  0.066
   1.75850      5.861029  0.011  0.004  0.027  0.016  0.000  0.000  0.002  0.000  0.002  0.062
   1.74337      5.827336  0.012  0.003  0.026  0.014  0.000  0.000  0.002  0.000  0.002  0.058
   1.72824      5.794748  0.013  0.002  0.025  0.012  0.000  0.000  0.002  0.000  0.002  0.056
   1.71311      5.764211  0.014  0.002  0.024  0.009  0.000  0.000  0.002  0.000  0.002  0.053
   1.69798      5.736536  0.015  0.002  0.023  0.007  0.000  0.000  0.002  0.000  0.002  0.051
   1.68285      5.712416  0.015  0.002  0.023  0.005  0.000  0.000  0.002  0.000  0.002  0.049
   1.66772      5.692421  0.016  0.002  0.022  0.003  0.000  0.000  0.002  0.000  0.002  0.047
   1.65259      5.676977  0.016  0.002  0.022  0.002  0.000  0.000  0.002  0.000  0.002  0.046
   1.63746      5.666354  0.016  0.002  0.022  0.001  0.000  0.000  0.002  0.000  0.003  0.045
   1.63746      5.666354  0.016  0.002  0.022  0.001  0.000  0.000  0.002  0.000  0.003  0.045
   1.61126      5.670068  0.016  0.000  0.021  0.001  0.000  0.001  0.002  0.000  0.003  0.042
   1.58505      5.652062  0.014  0.001  0.015  0.000  0.000  0.001  0.002  0.000  0.003  0.037
   1.55885      5.593051  0.011  0.006  0.008  0.000  0.000  0.001  0.003  0.000  0.003  0.032
   1.53264      5.499493  0.008  0.011  0.004  0.000  0.000  0.001  0.003  0.000  0.004  0.030
   1.50644      5.392300  0.006  0.013  0.002  0.000  0.000  0.000  0.002  0.000  0.005  0.029
   1.48023      5.296103  0.004  0.012  0.002  0.000  0.000  0.001  0.003  0.000  0.007  0.029
   1.45403      5.203182  0.003  0.011  0.003  0.000  0.000  0.000  0.002  0.000  0.007  0.027
   1.42782      5.114696  0.002  0.009  0.004  0.000  0.000  0.000  0.002  0.000  0.008  0.025
   1.40162      5.031443  0.001  0.007  0.005  0.000  0.000  0.000  0.001  0.000  0.008  0.023
   1.37541      4.953320  0.001  0.006  0.006  0.000  0.000  0.000  0.001  0.000  0.008  0.022
   1.34921      4.879840  0.001  0.005  0.007  0.000  0.000  0.000  0.000  0.000  0.007  0.020
   1.32300      4.810506  0.000  0.004  0.007  0.000  0.000  0.000  0.000  0.000  0.007  0.018
   1.29680      4.744977  0.000  0.003  0.006  0.000  0.000  0.000  0.000  0.000  0.006  0.016
   1.27059      4.683050  0.000  0.003  0.005  0.000  0.000  0.000  0.000  0.000  0.005  0.014
   1.24439      4.624575  0.000  0.003  0.004  0.000  0.000  0.000  0.000  0.000  0.004  0.012
   1.21818      4.569406  0.000  0.003  0.003  0.000  0.000  0.000  0.001  0.000  0.004  0.010
   1.19197      4.517397  0.000  0.003  0.002  0.000  0.000  0.000  0.001  0.000  0.003  0.009
   1.16577      4.468443  0.000  0.003  0.002  0.000  0.000  0.000  0.001  0.000  0.003  0.008
   1.13956      4.422505  0.000  0.003  0.001  0.000  0.000  0.000  0.001  0.000  0.002  0.007
   1.11336      4.379620  0.000  0.003  0.001  0.000  0.000  0.000  0.002  0.000  0.002  0.007
   1.08715      4.339889  0.000  0.003  0.001  0.000  0.000  0.000  0.002  0.000  0.001  0.007
   1.06095      4.303466  0.000  0.002  0.001  0.000  0.000  0.000  0.002  0.000  0.001  0.007
   1.03474      4.270559  0.001  0.002  0.001  0.000  0.000  0.000  0.002  0.000  0.001  0.007
   1.00854      4.241429  0.001  0.002  0.001  0.000  0.000  0.000  0.003  0.000  0.001  0.007
   0.98233      4.216405  0.001  0.002  0.001  0.000  0.000  0.000  0.003  0.000  0.000  0.007
   0.95613      4.195873  0.001  0.001  0.001  0.000  0.000  0.000  0.003  0.000  0.000  0.006
   0.92992      4.180251  0.001  0.001  0.001  0.000  0.000  0.000  0.003  0.000  0.000  0.006
   0.90372      4.169947  0.001  0.000  0.001  0.000  0.000  0.000  0.003  0.000  0.000  0.006
   0.87751      4.165298  0.002  0.000  0.001  0.000  0.000  0.000  0.003  0.000  0.000  0.006
   0.87751      4.165298  0.002  0.000  0.001  0.000  0.000  0.000  0.003  0.000  0.000  0.006
   0.84725      4.171179  0.001  0.000  0.001  0.000  0.000  0.000  0.003  0.000  0.000  0.006
   0.81700      4.184535  0.001  0.001  0.001  0.000  0.000  0.000  0.003  0.000  0.000  0.006
   0.78674      4.204817  0.001  0.001  0.001  0.000  0.000  0.000  0.003  0.000  0.000  0.006
   0.75648      4.231388  0.001  0.001  0.001  0.000  0.000  0.000  0.003  0.000  0.000  0.007
   0.72622      4.263626  0.001  0.002  0.001  0.001  0.000  0.000  0.002  0.000  0.001  0.007
   0.69596      4.300995  0.000  0.002  0.001  0.001  0.000  0.000  0.002  0.000  0.001  0.007
   0.66570      4.343071  0.000  0.002  0.001  0.001  0.000  0.000  0.002  0.000  0.001  0.007
   0.63544      4.389523  0.000  0.002  0.001  0.001  0.000  0.000  0.001  0.000  0.001  0.007
   0.60518      4.440108  0.000  0.002  0.001  0.001  0.001  0.000  0.001  0.000  0.002  0.007
   0.57492      4.494682  0.000  0.001  0.001  0.002  0.001  0.000  0.001  0.000  0.002  0.008
   0.54466      4.553248  0.000  0.001  0.001  0.002  0.001  0.000  0.001  0.000  0.003  0.009
   0.51440      4.616029  0.000  0.001  0.002  0.003  0.001  0.000  0.000  0.000  0.003  0.011
   0.48415      4.683551  0.000  0.001  0.002  0.004  0.001  0.000  0.000  0.000  0.004  0.014
   0.45389      4.756773  0.000  0.002  0.003  0.005  0.001  0.000  0.000  0.000  0.004  0.017
   0.42363      4.837406  0.001  0.003  0.004  0.007  0.001  0.000  0.000  0.000  0.004  0.020
   0.39337      4.927639  0.001  0.004  0.005  0.008  0.001  0.000  0.000  0.000  0.004  0.023
   0.36311      5.027843  0.001  0.004  0.006  0.009  0.001  0.000  0.000  0.000  0.003  0.025
   0.33285      5.136822  0.001  0.005  0.008  0.009  0.001  0.000  0.000  0.000  0.003  0.027
   0.30259      5.253303  0.001  0.006  0.009  0.009  0.001  0.000  0.000  0.000  0.002  0.029
   0.27233      5.375753  0.002  0.006  0.011  0.009  0.001  0.000  0.000  0.000  0.002  0.030
   0.24207      5.501317  0.002  0.007  0.012  0.009  0.000  0.000  0.000  0.000  0.001  0.031
   0.21181      5.621574  0.002  0.007  0.013  0.007  0.000  0.001  0.001  0.001  0.001  0.032
   0.18155      5.704235  0.001  0.005  0.011  0.003  0.000  0.003  0.005  0.004  0.000  0.032
   0.15130      5.714462  0.000  0.003  0.005  0.002  0.000  0.005  0.011  0.007  0.001  0.035
   0.12104      5.697513  0.000  0.005  0.004  0.004  0.001  0.005  0.013  0.008  0.002  0.041
   0.09078      5.682273  0.000  0.007  0.002  0.009  0.001  0.005  0.012  0.008  0.003  0.048
   0.06052      5.676770  0.000  0.011  0.001  0.008  0.005  0.002  0.018  0.002  0.004  0.051
   0.03026      5.699214  0.000  0.006  0.000  0.006  0.004  0.001  0.020  0.001  0.004  0.042
   0.00000      5.718036  0.000  0.000  0.000  0.000  0.000  0.000  0.024  0.000  0.000  0.025
 
# Band-Index:   31
   0.00000      5.728262  0.000  0.027  0.000  0.027  0.013  0.005  0.000  0.005  0.013  0.092
   0.03026      5.744878  0.000  0.035  0.001  0.021  0.008  0.007  0.004  0.005  0.006  0.087
   0.06052      5.765487  0.000  0.036  0.003  0.016  0.007  0.006  0.003  0.004  0.005  0.081
   0.09078      5.795707  0.000  0.028  0.005  0.013  0.006  0.004  0.003  0.005  0.005  0.070
   0.12104      5.825792  0.000  0.020  0.006  0.011  0.004  0.003  0.003  0.007  0.005  0.060
   0.15130      5.849521  0.000  0.011  0.005  0.008  0.003  0.004  0.004  0.010  0.005  0.049
   0.18155      5.862457  0.000  0.008  0.008  0.007  0.002  0.004  0.003  0.009  0.005  0.046
   0.21181      5.836237  0.000  0.005  0.004  0.004  0.002  0.006  0.003  0.010  0.005  0.038
   0.24207      5.796410  0.000  0.004  0.003  0.002  0.003  0.006  0.000  0.008  0.005  0.030
   0.27233      5.726122  0.000  0.003  0.003  0.002  0.003  0.005  0.000  0.005  0.004  0.026
   0.30259      5.641850  0.000  0.003  0.002  0.002  0.003  0.005  0.001  0.004  0.004  0.023
   0.33285      5.555962  0.000  0.002  0.001  0.002  0.003  0.005  0.001  0.003  0.004  0.021
   0.36311      5.474562  0.000  0.002  0.000  0.002  0.003  0.005  0.002  0.003  0.005  0.021
   0.39337      5.400823  0.000  0.001  0.000  0.002  0.003  0.005  0.002  0.003  0.005  0.021
   0.42363      5.336370  0.000  0.001  0.000  0.002  0.003  0.005  0.002  0.002  0.005  0.021
   0.45389      5.281646  0.001  0.001  0.001  0.002  0.003  0.005  0.002  0.002  0.006  0.022
   0.48415      5.235775  0.001  0.001  0.002  0.002  0.003  0.004  0.002  0.002  0.006  0.023
   0.51440      5.196334  0.002  0.001  0.005  0.002  0.002  0.004  0.002  0.001  0.005  0.024
   0.54466      5.159913  0.003  0.001  0.007  0.002  0.002  0.003  0.002  0.001  0.005  0.025
   0.57492      5.123076  0.004  0.001  0.010  0.002  0.002  0.002  0.001  0.001  0.004  0.027
   0.60518      5.082920  0.006  0.002  0.012  0.002  0.001  0.002  0.001  0.001  0.003  0.029
   0.63544      5.037731  0.009  0.003  0.014  0.002  0.001  0.001  0.000  0.000  0.002  0.032
   0.66570      4.987395  0.011  0.003  0.014  0.002  0.001  0.001  0.000  0.000  0.002  0.034
   0.69596      4.933407  0.014  0.004  0.014  0.002  0.000  0.000  0.000  0.000  0.001  0.036
   0.72622      4.878608  0.017  0.003  0.013  0.002  0.000  0.000  0.000  0.000  0.001  0.036
   0.75648      4.826763  0.019  0.003  0.012  0.001  0.000  0.000  0.000  0.000  0.000  0.035
   0.78674      4.781986  0.021  0.002  0.010  0.001  0.000  0.000  0.000  0.000  0.000  0.034
   0.81700      4.748087  0.022  0.001  0.010  0.001  0.000  0.000  0.000  0.000  0.000  0.033
   0.84725      4.728054  0.023  0.000  0.009  0.000  0.000  0.000  0.000  0.000  0.000  0.032
   0.87751      4.723754  0.023  0.000  0.009  0.000  0.000  0.000  0.000  0.000  0.000  0.033
   0.87751      4.723754  0.023  0.000  0.009  0.000  0.000  0.000  0.000  0.000  0.000  0.033
   0.90372      4.726538  0.023  0.000  0.009  0.000  0.000  0.000  0.000  0.000  0.000  0.032
   0.92992      4.741263  0.022  0.001  0.009  0.000  0.000  0.000  0.000  0.000  0.000  0.033
   0.95613      4.766876  0.021  0.001  0.010  0.001  0.000  0.000  0.000  0.000  0.000  0.034
   0.98233      4.801681  0.020  0.003  0.011  0.001  0.000  0.000  0.000  0.000  0.000  0.035
   1.00854      4.843441  0.018  0.004  0.012  0.001  0.000  0.000  0.000  0.000  0.001  0.036
   1.03474      4.889606  0.016  0.004  0.013  0.001  0.000  0.000  0.000  0.000  0.001  0.036
   1.06095      4.937640  0.014  0.005  0.014  0.001  0.000  0.000  0.000  0.000  0.002  0.036
   1.08715      4.985381  0.012  0.005  0.014  0.001  0.000  0.001  0.000  0.000  0.002  0.035
   1.11336      5.031339  0.009  0.005  0.014  0.001  0.000  0.001  0.000  0.000  0.003  0.033
   1.13956      5.074889  0.007  0.004  0.014  0.001  0.000  0.002  0.001  0.000  0.004  0.032
   1.16577      5.116378  0.006  0.004  0.012  0.001  0.000  0.002  0.001  0.000  0.005  0.031
   1.19197      5.157113  0.004  0.005  0.011  0.000  0.000  0.003  0.001  0.000  0.005  0.030
   1.21818      5.199160  0.003  0.005  0.010  0.000  0.000  0.004  0.002  0.000  0.006  0.030
   1.24439      5.242440  0.002  0.006  0.007  0.001  0.000  0.004  0.002  0.000  0.008  0.030
   1.27059      5.288739  0.002  0.007  0.006  0.001  0.000  0.005  0.002  0.000  0.008  0.030
   1.29680      5.342288  0.002  0.008  0.006  0.001  0.000  0.005  0.002  0.000  0.008  0.031
   1.32300      5.402944  0.002  0.009  0.006  0.001  0.000  0.006  0.002  0.000  0.007  0.032
   1.34921      5.469448  0.002  0.009  0.006  0.001  0.000  0.006  0.002  0.000  0.006  0.032
   1.37541      5.539765  0.002  0.008  0.007  0.001  0.000  0.006  0.001  0.000  0.006  0.031
   1.40162      5.611613  0.002  0.006  0.007  0.001  0.000  0.007  0.001  0.000  0.005  0.029
   1.42782      5.682772  0.002  0.004  0.007  0.001  0.000  0.007  0.001  0.000  0.004  0.027
   1.45403      5.750464  0.002  0.002  0.008  0.001  0.000  0.008  0.002  0.000  0.003  0.025
   1.48023      5.809543  0.001  0.001  0.011  0.001  0.000  0.008  0.002  0.000  0.003  0.026
   1.50644      5.851535  0.001  0.002  0.014  0.000  0.000  0.008  0.002  0.000  0.003  0.031
   1.53264      5.872260  0.002  0.007  0.017  0.001  0.000  0.006  0.002  0.000  0.003  0.038
   1.55885      5.887465  0.001  0.016  0.017  0.001  0.000  0.003  0.001  0.000  0.003  0.042
   1.58505      5.930088  0.000  0.024  0.012  0.001  0.000  0.001  0.001  0.000  0.003  0.042
   1.61126      6.012685  0.000  0.029  0.007  0.001  0.000  0.000  0.002  0.000  0.002  0.041
   1.63746      6.087972  0.000  0.032  0.005  0.001  0.000  0.000  0.003  0.000  0.001  0.042
   1.63746      6.087972  0.000  0.032  0.005  0.001  0.000  0.000  0.003  0.000  0.001  0.043
   1.65259      6.087436  0.000  0.033  0.005  0.001  0.000  0.000  0.003  0.000  0.001  0.043
   1.66772      6.087832  0.000  0.033  0.005  0.001  0.000  0.000  0.003  0.000  0.001  0.043
   1.68285      6.089828  0.000  0.035  0.005  0.001  0.000  0.000  0.003  0.000  0.001  0.045
   1.69798      6.093389  0.000  0.036  0.004  0.000  0.000  0.000  0.003  0.000  0.001  0.046
   1.71311      6.096964  0.000  0.039  0.004  0.000  0.000  0.000  0.003  0.000  0.001  0.048
   1.72824      6.101955  0.001  0.042  0.004  0.000  0.000  0.000  0.003  0.000  0.001  0.051
   1.74337      6.107324  0.001  0.045  0.003  0.000  0.000  0.000  0.003  0.000  0.001  0.053
   1.75850      6.112926  0.001  0.049  0.002  0.000  0.000  0.000  0.003  0.000  0.000  0.057
   1.77363      6.118666  0.002  0.051  0.002  0.001  0.000  0.000  0.003  0.000  0.000  0.059
   1.78876      6.124661  0.003  0.052  0.001  0.001  0.000  0.000  0.002  0.000  0.000  0.060
   1.80389      6.131497  0.003  0.052  0.002  0.001  0.000  0.000  0.002  0.000  0.000  0.062
   1.81902      6.139737  0.004  0.050  0.004  0.002  0.001  0.000  0.002  0.000  0.001  0.063
   1.83415      6.147807  0.004  0.047  0.007  0.004  0.001  0.000  0.001  0.000  0.002  0.066
   1.84928      6.149869  0.004  0.045  0.009  0.005  0.001  0.000  0.001  0.001  0.004  0.070
   1.86441      6.138330  0.002  0.053  0.009  0.005  0.003  0.000  0.002  0.002  0.006  0.084
   1.87953      6.109757  0.001  0.064  0.008  0.004  0.006  0.000  0.002  0.003  0.008  0.097
   1.89466      6.069747  0.001  0.071  0.007  0.003  0.008  0.001  0.003  0.003  0.007  0.104
   1.90979      6.024992  0.001  0.076  0.005  0.002  0.010  0.001  0.003  0.003  0.006  0.107
   1.92492      5.979656  0.001  0.081  0.003  0.001  0.011  0.002  0.004  0.002  0.005  0.110
   1.94005      5.936563  0.000  0.084  0.002  0.001  0.012  0.004  0.005  0.001  0.003  0.112
   1.95518      5.897749  0.000  0.083  0.001  0.004  0.012  0.005  0.006  0.000  0.002  0.112
   1.97031      5.863748  0.000  0.074  0.001  0.009  0.011  0.006  0.006  0.001  0.002  0.109
   1.98544      5.833543  0.000  0.061  0.001  0.013  0.010  0.006  0.006  0.002  0.004  0.103
   2.00057      5.806257  0.000  0.049  0.001  0.016  0.010  0.006  0.005  0.003  0.005  0.096
   2.01570      5.782115  0.000  0.041  0.001  0.017  0.010  0.006  0.004  0.004  0.007  0.090
   2.03083      5.761882  0.000  0.036  0.001  0.019  0.010  0.006  0.004  0.004  0.008  0.087
   2.04596      5.746124  0.000  0.032  0.000  0.019  0.010  0.006  0.004  0.004  0.009  0.085
   2.06109      5.734679  0.000  0.028  0.000  0.020  0.011  0.006  0.003  0.004  0.010  0.083
   2.07622      5.728262  0.000  0.027  0.000  0.027  0.013  0.005  0.000  0.005  0.013  0.092
   2.07622      5.728262  0.000  0.027  0.000  0.027  0.013  0.005  0.000  0.005  0.013  0.092
   2.10648      5.744878  0.000  0.035  0.001  0.021  0.008  0.007  0.004  0.005  0.006  0.087
   2.13674      5.765487  0.000  0.036  0.003  0.016  0.007  0.006  0.003  0.004  0.005  0.081
   2.16700      5.795707  0.000  0.028  0.005  0.013  0.006  0.004  0.003  0.005  0.005  0.070
   2.19725      5.825792  0.000  0.020  0.006  0.011  0.004  0.003  0.003  0.007  0.005  0.060
   2.22751      5.849521  0.000  0.011  0.005  0.008  0.003  0.004  0.004  0.010  0.005  0.049
   2.25777      5.862449  0.000  0.008  0.008  0.007  0.002  0.004  0.003  0.009  0.005  0.046
   2.28803      5.836237  0.000  0.005  0.004  0.004  0.002  0.006  0.003  0.010  0.005  0.038
   2.31829      5.796410  0.000  0.004  0.003  0.002  0.003  0.006  0.000  0.008  0.005  0.030
   2.34855      5.726122  0.000  0.003  0.003  0.002  0.003  0.005  0.000  0.005  0.004  0.026
   2.37881      5.641850  0.000  0.003  0.002  0.002  0.003  0.005  0.001  0.004  0.004  0.023
   2.40907      5.555962  0.000  0.002  0.001  0.002  0.003  0.005  0.001  0.003  0.004  0.021
   2.43933      5.474562  0.000  0.002  0.000  0.002  0.003  0.005  0.002  0.003  0.005  0.021
   2.46959      5.400823  0.000  0.001  0.000  0.002  0.003  0.005  0.002  0.003  0.005  0.021
   2.49985      5.336370  0.000  0.001  0.000  0.002  0.003  0.005  0.002  0.002  0.005  0.021
   2.53010      5.281646  0.001  0.001  0.001  0.002  0.003  0.005  0.002  0.002  0.006  0.022
   2.56036      5.235775  0.001  0.001  0.002  0.002  0.003  0.004  0.002  0.002  0.006  0.023
   2.59062      5.196334  0.002  0.001  0.005  0.002  0.002  0.004  0.002  0.001  0.005  0.024
   2.62088      5.159913  0.003  0.001  0.007  0.002  0.002  0.003  0.002  0.001  0.005  0.025
   2.65114      5.123076  0.004  0.001  0.010  0.002  0.002  0.002  0.001  0.001  0.004  0.027
   2.68140      5.082920  0.006  0.002  0.012  0.002  0.001  0.002  0.001  0.001  0.003  0.029
   2.71166      5.037731  0.009  0.003  0.014  0.002  0.001  0.001  0.000  0.000  0.002  0.032
   2.74192      4.987395  0.011  0.003  0.014  0.002  0.001  0.001  0.000  0.000  0.002  0.034
   2.77218      4.933407  0.014  0.004  0.014  0.002  0.000  0.000  0.000  0.000  0.001  0.036
   2.80244      4.878608  0.017  0.003  0.013  0.002  0.000  0.000  0.000  0.000  0.001  0.036
   2.83270      4.826763  0.019  0.003  0.012  0.001  0.000  0.000  0.000  0.000  0.000  0.035
   2.86295      4.781986  0.021  0.002  0.010  0.001  0.000  0.000  0.000  0.000  0.000  0.034
   2.89321      4.748087  0.022  0.001  0.010  0.001  0.000  0.000  0.000  0.000  0.000  0.033
   2.92347      4.728054  0.023  0.000  0.009  0.000  0.000  0.000  0.000  0.000  0.000  0.032
   2.95373      4.723754  0.023  0.000  0.009  0.000  0.000  0.000  0.000  0.000  0.000  0.033
 
# Band-Index:   32
   2.95373      4.723754  0.023  0.000  0.009  0.000  0.000  0.000  0.000  0.000  0.000  0.033
   2.92347      4.735826  0.023  0.001  0.010  0.000  0.000  0.000  0.000  0.000  0.000  0.034
   2.89321      4.763575  0.022  0.002  0.011  0.001  0.000  0.000  0.000  0.000  0.000  0.036
   2.86295      4.804820  0.021  0.004  0.012  0.001  0.000  0.000  0.000  0.000  0.000  0.038
   2.83270      4.855893  0.019  0.005  0.014  0.002  0.000  0.000  0.000  0.000  0.001  0.040
   2.80244      4.912039  0.016  0.006  0.015  0.002  0.000  0.000  0.000  0.000  0.001  0.040
   2.77218      4.968299  0.013  0.006  0.016  0.002  0.001  0.000  0.000  0.000  0.002  0.039
   2.74192      5.020576  0.010  0.005  0.015  0.002  0.001  0.001  0.000  0.000  0.002  0.037
   2.71166      5.066429  0.008  0.004  0.014  0.002  0.001  0.001  0.001  0.000  0.003  0.034
   2.68140      5.105420  0.005  0.002  0.012  0.002  0.002  0.002  0.001  0.001  0.004  0.031
   2.65114      5.139051  0.004  0.001  0.009  0.002  0.002  0.002  0.002  0.001  0.005  0.028
   2.62088      5.170347  0.003  0.001  0.007  0.002  0.002  0.003  0.002  0.001  0.005  0.025
   2.59062      5.203152  0.002  0.001  0.004  0.001  0.002  0.004  0.002  0.002  0.006  0.023
   2.56036      5.241173  0.001  0.001  0.002  0.001  0.003  0.004  0.003  0.002  0.006  0.022
   2.53010      5.287030  0.001  0.001  0.001  0.001  0.003  0.004  0.003  0.002  0.006  0.020
   2.49985      5.342262  0.000  0.001  0.000  0.001  0.003  0.004  0.003  0.002  0.005  0.020
   2.46959      5.407559  0.000  0.001  0.000  0.001  0.003  0.004  0.003  0.002  0.005  0.019
   2.43933      5.482603  0.000  0.002  0.000  0.001  0.003  0.004  0.003  0.003  0.004  0.019
   2.40907      5.565997  0.000  0.002  0.001  0.001  0.003  0.003  0.003  0.003  0.004  0.020
   2.37881      5.655110  0.000  0.003  0.002  0.001  0.003  0.003  0.002  0.003  0.004  0.021
   2.34855      5.745384  0.000  0.003  0.002  0.002  0.003  0.003  0.002  0.004  0.004  0.022
   2.31829      5.827979  0.000  0.004  0.002  0.002  0.003  0.003  0.001  0.006  0.004  0.024
   2.28803      5.880081  0.000  0.003  0.001  0.002  0.002  0.005  0.001  0.010  0.004  0.028
   2.25777      5.882568  0.000  0.006  0.005  0.006  0.002  0.005  0.004  0.009  0.004  0.042
   2.22751      5.931711  0.000  0.024  0.021  0.012  0.004  0.001  0.000  0.004  0.005  0.070
   2.19725      5.925175  0.000  0.033  0.016  0.012  0.007  0.003  0.001  0.003  0.005  0.079
   2.16700      5.876634  0.000  0.035  0.009  0.013  0.008  0.004  0.000  0.003  0.005  0.079
   2.13674      5.820867  0.000  0.036  0.004  0.014  0.009  0.006  0.000  0.003  0.006  0.078
   2.10648      5.777311  0.000  0.040  0.001  0.022  0.009  0.008  0.001  0.005  0.006  0.091
   2.07622      5.765497  0.000  0.040  0.000  0.040  0.007  0.009  0.000  0.009  0.007  0.113
   2.07622      5.765497  0.000  0.040  0.000  0.040  0.007  0.009  0.000  0.009  0.007  0.113
   2.06109      5.767415  0.000  0.047  0.000  0.031  0.008  0.011  0.000  0.007  0.006  0.109
   2.04596      5.773815  0.000  0.048  0.000  0.023  0.009  0.010  0.001  0.005  0.005  0.101
   2.03083      5.785449  0.000  0.048  0.001  0.017  0.009  0.009  0.001  0.003  0.005  0.094
   2.01570      5.802482  0.000  0.048  0.001  0.013  0.010  0.007  0.002  0.003  0.005  0.089
   2.00057      5.825013  0.001  0.045  0.002  0.010  0.010  0.005  0.002  0.003  0.006  0.084
   1.98544      5.853341  0.001  0.040  0.003  0.009  0.011  0.004  0.001  0.004  0.008  0.079
   1.97031      5.887565  0.001  0.035  0.004  0.008  0.011  0.002  0.001  0.005  0.009  0.076
   1.95518      5.927148  0.002  0.031  0.005  0.008  0.011  0.001  0.000  0.006  0.010  0.074
   1.94005      5.971169  0.002  0.028  0.007  0.007  0.010  0.001  0.000  0.006  0.011  0.073
   1.92492      6.018486  0.003  0.025  0.008  0.007  0.010  0.000  0.000  0.007  0.012  0.071
   1.90979      6.067525  0.004  0.022  0.008  0.006  0.009  0.000  0.000  0.007  0.012  0.068
   1.89466      6.115672  0.005  0.017  0.007  0.004  0.008  0.000  0.001  0.007  0.012  0.061
   1.87953      6.157761  0.007  0.011  0.004  0.002  0.007  0.000  0.001  0.006  0.011  0.049
   1.86441      6.184918  0.008  0.013  0.001  0.001  0.005  0.000  0.001  0.004  0.008  0.041
   1.84928      6.184435  0.008  0.019  0.002  0.001  0.002  0.000  0.001  0.002  0.003  0.038
   1.83415      6.168594  0.009  0.019  0.002  0.001  0.001  0.000  0.001  0.002  0.001  0.034
   1.81902      6.159631  0.007  0.026  0.002  0.001  0.000  0.000  0.001  0.001  0.001  0.040
   1.80389      6.153803  0.006  0.033  0.003  0.001  0.000  0.000  0.001  0.001  0.001  0.047
   1.78876      6.148298  0.005  0.038  0.003  0.001  0.000  0.000  0.002  0.001  0.000  0.050
   1.77363      6.142088  0.004  0.040  0.004  0.001  0.000  0.000  0.002  0.001  0.000  0.052
   1.75850      6.134868  0.003  0.040  0.004  0.001  0.000  0.000  0.002  0.000  0.000  0.052
   1.74337      6.127301  0.002  0.040  0.004  0.001  0.000  0.000  0.003  0.000  0.000  0.051
   1.72824      6.119162  0.002  0.038  0.004  0.001  0.000  0.000  0.003  0.000  0.000  0.049
   1.71311      6.111437  0.001  0.036  0.004  0.001  0.000  0.000  0.003  0.000  0.001  0.047
   1.69798      6.105217  0.001  0.035  0.005  0.001  0.000  0.000  0.003  0.000  0.001  0.046
   1.68285      6.098551  0.001  0.034  0.005  0.001  0.000  0.000  0.003  0.000  0.001  0.044
   1.66772      6.093745  0.001  0.033  0.005  0.001  0.000  0.000  0.003  0.000  0.001  0.043
   1.65259      6.090154  0.000  0.032  0.005  0.001  0.000  0.000  0.003  0.000  0.001  0.043
   1.63746      6.088219  0.000  0.032  0.005  0.001  0.000  0.000  0.003  0.000  0.001  0.043
   1.63746      6.088094  0.000  0.033  0.005  0.001  0.000  0.000  0.003  0.000  0.001  0.043
   1.61126      6.031436  0.000  0.025  0.005  0.001  0.000  0.000  0.001  0.000  0.002  0.034
   1.58505      5.958575  0.001  0.020  0.008  0.001  0.000  0.001  0.000  0.000  0.003  0.032
   1.55885      5.913345  0.002  0.013  0.011  0.001  0.000  0.002  0.001  0.000  0.002  0.032
   1.53264      5.888812  0.002  0.007  0.012  0.001  0.000  0.004  0.002  0.000  0.002  0.030
   1.50644      5.862888  0.002  0.002  0.010  0.001  0.000  0.006  0.003  0.000  0.002  0.026
   1.48023      5.821170  0.001  0.000  0.009  0.000  0.000  0.007  0.004  0.000  0.002  0.023
   1.45403      5.764576  0.001  0.000  0.008  0.000  0.000  0.007  0.003  0.000  0.003  0.023
   1.42782      5.699522  0.001  0.002  0.009  0.000  0.000  0.007  0.003  0.000  0.003  0.025
   1.40162      5.630351  0.002  0.005  0.009  0.000  0.000  0.006  0.002  0.000  0.004  0.028
   1.37541      5.559242  0.002  0.007  0.009  0.000  0.000  0.006  0.002  0.000  0.005  0.031
   1.34921      5.487983  0.002  0.009  0.009  0.000  0.000  0.006  0.002  0.000  0.005  0.033
   1.32300      5.418890  0.002  0.009  0.009  0.000  0.000  0.005  0.002  0.000  0.006  0.033
   1.29680      5.354429  0.002  0.009  0.008  0.000  0.000  0.005  0.002  0.000  0.006  0.033
   1.27059      5.296306  0.002  0.008  0.008  0.000  0.000  0.005  0.002  0.000  0.007  0.032
   1.24439      5.244888  0.003  0.007  0.009  0.000  0.000  0.004  0.002  0.000  0.006  0.031
   1.21818      5.202361  0.003  0.005  0.008  0.000  0.000  0.004  0.002  0.000  0.007  0.029
   1.19197      5.166495  0.004  0.004  0.010  0.000  0.000  0.003  0.002  0.000  0.007  0.030
   1.16577      5.132294  0.005  0.005  0.012  0.000  0.000  0.003  0.001  0.000  0.006  0.031
   1.13956      5.097226  0.006  0.005  0.013  0.000  0.000  0.002  0.001  0.000  0.005  0.033
   1.11336      5.059293  0.008  0.006  0.015  0.000  0.000  0.001  0.001  0.000  0.004  0.035
   1.08715      5.017398  0.011  0.007  0.016  0.000  0.000  0.001  0.000  0.000  0.003  0.038
   1.06095      4.971563  0.013  0.008  0.016  0.000  0.000  0.001  0.000  0.000  0.002  0.039
   1.03474      4.922993  0.015  0.008  0.015  0.000  0.000  0.000  0.000  0.000  0.001  0.040
   1.00854      4.873972  0.018  0.007  0.014  0.000  0.000  0.000  0.000  0.000  0.001  0.040
   0.98233      4.827511  0.020  0.006  0.013  0.000  0.000  0.000  0.000  0.000  0.001  0.039
   0.95613      4.786807  0.021  0.004  0.012  0.000  0.000  0.000  0.000  0.000  0.000  0.037
   0.92992      4.754695  0.022  0.002  0.010  0.000  0.000  0.000  0.000  0.000  0.000  0.035
   0.90372      4.733269  0.023  0.001  0.010  0.000  0.000  0.000  0.000  0.000  0.000  0.034
   0.87751      4.723754  0.023  0.000  0.009  0.000  0.000  0.000  0.000  0.000  0.000  0.033
   0.87751      4.723754  0.023  0.000  0.009  0.000  0.000  0.000  0.000  0.000  0.000  0.033
   0.84725      4.735826  0.023  0.001  0.010  0.000  0.000  0.000  0.000  0.000  0.000  0.034
   0.81700      4.763575  0.022  0.002  0.011  0.001  0.000  0.000  0.000  0.000  0.000  0.036
   0.78674      4.804820  0.021  0.004  0.012  0.001  0.000  0.000  0.000  0.000  0.000  0.038
   0.75648      4.855893  0.019  0.005  0.014  0.002  0.000  0.000  0.000  0.000  0.001  0.040
   0.72622      4.912039  0.016  0.006  0.015  0.002  0.000  0.000  0.000  0.000  0.001  0.040
   0.69596      4.968299  0.013  0.006  0.016  0.002  0.001  0.000  0.000  0.000  0.002  0.039
   0.66570      5.020576  0.010  0.005  0.015  0.002  0.001  0.001  0.000  0.000  0.002  0.037
   0.63544      5.066429  0.008  0.004  0.014  0.002  0.001  0.001  0.001  0.000  0.003  0.034
   0.60518      5.105420  0.005  0.002  0.012  0.002  0.002  0.002  0.001  0.001  0.004  0.031
   0.57492      5.139051  0.004  0.001  0.009  0.002  0.002  0.002  0.002  0.001  0.005  0.028
   0.54466      5.170347  0.003  0.001  0.007  0.002  0.002  0.003  0.002  0.001  0.005  0.025
   0.51440      5.203152  0.002  0.001  0.004  0.001  0.002  0.004  0.002  0.002  0.006  0.023
   0.48415      5.241173  0.001  0.001  0.002  0.001  0.003  0.004  0.003  0.002  0.006  0.022
   0.45389      5.287030  0.001  0.001  0.001  0.001  0.003  0.004  0.003  0.002  0.006  0.020
   0.42363      5.342262  0.000  0.001  0.000  0.001  0.003  0.004  0.003  0.002  0.005  0.020
   0.39337      5.407559  0.000  0.001  0.000  0.001  0.003  0.004  0.003  0.002  0.005  0.019
   0.36311      5.482603  0.000  0.002  0.000  0.001  0.003  0.004  0.003  0.003  0.004  0.019
   0.33285      5.565997  0.000  0.002  0.001  0.001  0.003  0.003  0.003  0.003  0.004  0.020
   0.30259      5.655110  0.000  0.003  0.002  0.001  0.003  0.003  0.002  0.003  0.004  0.021
   0.27233      5.745384  0.000  0.003  0.002  0.002  0.003  0.003  0.002  0.004  0.004  0.022
   0.24207      5.827978  0.000  0.004  0.002  0.002  0.003  0.003  0.001  0.006  0.004  0.024
   0.21181      5.880080  0.000  0.003  0.001  0.002  0.002  0.005  0.001  0.010  0.004  0.028
   0.18155      5.882571  0.000  0.006  0.005  0.006  0.002  0.005  0.004  0.009  0.004  0.042
   0.15130      5.931711  0.000  0.024  0.020  0.012  0.004  0.001  0.000  0.004  0.005  0.070
   0.12104      5.925175  0.000  0.033  0.016  0.012  0.007  0.003  0.001  0.003  0.005  0.079
   0.09078      5.876634  0.000  0.035  0.009  0.013  0.008  0.004  0.000  0.003  0.005  0.079
   0.06052      5.820867  0.000  0.036  0.004  0.014  0.009  0.006  0.000  0.003  0.006  0.078
   0.03026      5.777311  0.000  0.040  0.001  0.022  0.009  0.008  0.001  0.005  0.006  0.091
   0.00000      5.765497  0.000  0.040  0.000  0.040  0.007  0.009  0.000  0.009  0.007  0.113
 
# Band-Index:   33
   0.00000      6.460450  0.000  0.000  0.000  0.000  0.011  0.001  0.000  0.001  0.011  0.024
   0.03026      6.468152  0.001  0.001  0.003  0.001  0.010  0.001  0.000  0.001  0.008  0.025
   0.06052      6.432684  0.003  0.002  0.010  0.005  0.003  0.000  0.001  0.001  0.002  0.027
   0.09078      6.308942  0.003  0.003  0.009  0.007  0.002  0.001  0.002  0.001  0.001  0.027
   0.12104      6.170863  0.003  0.003  0.005  0.007  0.002  0.002  0.004  0.001  0.001  0.027
   0.15130      6.065863  0.002  0.007  0.001  0.006  0.004  0.003  0.007  0.001  0.001  0.032
   0.18155      6.021591  0.001  0.011  0.004  0.005  0.005  0.002  0.011  0.001  0.002  0.043
   0.21181      5.998740  0.001  0.009  0.005  0.005  0.004  0.004  0.017  0.002  0.002  0.049
   0.24207      6.032376  0.000  0.008  0.007  0.004  0.003  0.007  0.019  0.006  0.001  0.054
   0.27233      6.096912  0.000  0.010  0.010  0.004  0.003  0.008  0.019  0.007  0.001  0.060
   0.30259      6.171981  0.000  0.011  0.013  0.004  0.002  0.008  0.018  0.006  0.001  0.064
   0.33285      6.208875  0.001  0.007  0.007  0.003  0.001  0.009  0.011  0.009  0.001  0.048
   0.36311      6.191889  0.003  0.029  0.024  0.011  0.003  0.003  0.007  0.003  0.003  0.086
   0.39337      6.154931  0.003  0.023  0.017  0.009  0.003  0.005  0.004  0.005  0.003  0.072
   0.42363      6.097384  0.005  0.030  0.023  0.011  0.004  0.003  0.005  0.003  0.005  0.088
   0.45389      6.059945  0.005  0.026  0.018  0.011  0.004  0.005  0.004  0.004  0.005  0.082
   0.48415      6.009431  0.007  0.031  0.019  0.011  0.004  0.004  0.005  0.004  0.007  0.092
   0.51440      5.980914  0.007  0.030  0.015  0.012  0.004  0.006  0.005  0.004  0.008  0.091
   0.54466      5.958428  0.009  0.031  0.013  0.012  0.004  0.006  0.006  0.004  0.009  0.094
   0.57492      5.951258  0.010  0.031  0.010  0.012  0.005  0.006  0.006  0.004  0.010  0.094
   0.60518      5.954425  0.012  0.030  0.007  0.011  0.004  0.006  0.006  0.004  0.010  0.092
   0.63544      6.005133  0.013  0.029  0.003  0.011  0.005  0.008  0.005  0.004  0.009  0.087
   0.66570      5.958060  0.019  0.025  0.003  0.009  0.003  0.004  0.004  0.002  0.007  0.076
   0.69596      5.968388  0.024  0.023  0.000  0.008  0.002  0.004  0.003  0.002  0.004  0.070
   0.72622      5.899963  0.024  0.014  0.000  0.005  0.001  0.001  0.003  0.001  0.002  0.052
   0.75648      5.861093  0.025  0.009  0.001  0.003  0.000  0.001  0.002  0.000  0.001  0.044
   0.78674      5.815550  0.024  0.005  0.001  0.002  0.000  0.000  0.002  0.000  0.000  0.036
   0.81700      5.781082  0.023  0.002  0.002  0.001  0.000  0.000  0.002  0.000  0.000  0.031
   0.84725      5.760896  0.022  0.001  0.003  0.000  0.000  0.000  0.002  0.000  0.000  0.028
   0.87751      5.754649  0.022  0.000  0.003  0.000  0.000  0.000  0.002  0.000  0.000  0.027
   0.87751      5.754648  0.022  0.000  0.003  0.000  0.000  0.000  0.002  0.000  0.000  0.027
   0.90372      5.760457  0.022  0.001  0.003  0.000  0.000  0.000  0.002  0.000  0.000  0.028
   0.92992      5.773992  0.023  0.002  0.003  0.000  0.000  0.000  0.002  0.000  0.000  0.030
   0.95613      5.800745  0.023  0.005  0.002  0.000  0.000  0.000  0.002  0.000  0.000  0.034
   0.98233      5.833713  0.024  0.009  0.001  0.000  0.000  0.001  0.002  0.000  0.001  0.039
   1.00854      5.869307  0.025  0.014  0.000  0.000  0.000  0.002  0.003  0.000  0.002  0.045
   1.03474      5.901273  0.024  0.019  0.001  0.000  0.000  0.003  0.003  0.000  0.004  0.054
   1.06095      5.943053  0.021  0.028  0.002  0.001  0.000  0.007  0.003  0.000  0.007  0.068
   1.08715      5.912877  0.018  0.028  0.003  0.001  0.000  0.008  0.005  0.000  0.011  0.073
   1.11336      5.917243  0.012  0.029  0.004  0.001  0.000  0.014  0.003  0.000  0.012  0.076
   1.13956      5.849255  0.012  0.027  0.006  0.001  0.000  0.011  0.005  0.000  0.014  0.078
   1.16577      5.834484  0.011  0.025  0.006  0.001  0.000  0.014  0.004  0.000  0.014  0.075
   1.19197      5.790910  0.011  0.023  0.008  0.002  0.000  0.012  0.005  0.000  0.014  0.074
   1.21818      5.774793  0.011  0.021  0.009  0.002  0.000  0.011  0.005  0.000  0.013  0.072
   1.24439      5.774426  0.011  0.019  0.009  0.001  0.000  0.011  0.005  0.000  0.012  0.069
   1.27059      5.791011  0.010  0.019  0.009  0.001  0.000  0.011  0.005  0.000  0.011  0.067
   1.29680      5.816173  0.010  0.018  0.008  0.001  0.000  0.011  0.005  0.000  0.010  0.064
   1.32300      5.848902  0.011  0.019  0.007  0.001  0.000  0.010  0.006  0.000  0.010  0.064
   1.34921      5.901336  0.011  0.022  0.006  0.001  0.000  0.009  0.007  0.000  0.010  0.066
   1.37541      5.966801  0.010  0.022  0.004  0.001  0.000  0.011  0.007  0.000  0.009  0.064
   1.40162      6.031605  0.009  0.023  0.003  0.001  0.000  0.013  0.007  0.000  0.009  0.065
   1.42782      6.115491  0.008  0.026  0.005  0.001  0.000  0.012  0.007  0.000  0.009  0.068
   1.45403      6.196153  0.004  0.025  0.011  0.001  0.000  0.010  0.007  0.000  0.009  0.068
   1.48023      6.234088  0.003  0.018  0.015  0.001  0.000  0.005  0.006  0.000  0.007  0.054
   1.50644      6.238084  0.004  0.014  0.012  0.001  0.000  0.001  0.004  0.000  0.005  0.041
   1.53264      6.266572  0.005  0.011  0.007  0.001  0.000  0.000  0.003  0.000  0.004  0.031
   1.55885      6.319159  0.004  0.008  0.005  0.001  0.000  0.001  0.003  0.000  0.003  0.025
   1.58505      6.352106  0.005  0.012  0.001  0.000  0.000  0.001  0.003  0.000  0.002  0.024
   1.61126      6.265815  0.002  0.022  0.000  0.000  0.000  0.000  0.002  0.000  0.002  0.029
   1.63746      6.194662  0.002  0.017  0.001  0.000  0.000  0.000  0.000  0.000  0.003  0.023
   1.63746      6.194665  0.002  0.017  0.001  0.000  0.000  0.000  0.000  0.000  0.003  0.023
   1.65259      6.193843  0.002  0.017  0.001  0.000  0.000  0.000  0.000  0.000  0.003  0.023
   1.66772      6.196183  0.002  0.017  0.001  0.000  0.000  0.000  0.000  0.000  0.003  0.024
   1.68285      6.193902  0.002  0.016  0.001  0.000  0.000  0.000  0.000  0.000  0.003  0.023
   1.69798      6.196671  0.002  0.015  0.001  0.001  0.000  0.000  0.000  0.000  0.003  0.023
   1.71311      6.194217  0.002  0.012  0.001  0.001  0.000  0.000  0.000  0.000  0.003  0.019
   1.72824      6.196455  0.002  0.010  0.001  0.001  0.000  0.000  0.000  0.000  0.004  0.018
   1.74337      6.200808  0.002  0.010  0.001  0.002  0.000  0.000  0.000  0.000  0.004  0.020
   1.75850      6.202415  0.002  0.006  0.001  0.003  0.000  0.000  0.000  0.000  0.004  0.017
   1.77363      6.206062  0.002  0.003  0.001  0.003  0.000  0.000  0.000  0.001  0.005  0.016
   1.78876      6.210779  0.002  0.001  0.001  0.003  0.000  0.000  0.001  0.001  0.006  0.015
   1.80389      6.215965  0.003  0.000  0.001  0.003  0.000  0.000  0.001  0.001  0.007  0.016
   1.81902      6.220150  0.003  0.002  0.001  0.003  0.001  0.000  0.001  0.002  0.008  0.021
   1.83415      6.220719  0.005  0.005  0.001  0.002  0.002  0.000  0.002  0.003  0.008  0.027
   1.84928      6.220461  0.007  0.005  0.004  0.001  0.002  0.000  0.001  0.004  0.008  0.031
   1.86441      6.233773  0.007  0.009  0.010  0.004  0.002  0.000  0.001  0.002  0.004  0.039
   1.87953      6.258931  0.006  0.018  0.014  0.005  0.002  0.000  0.001  0.002  0.003  0.050
   1.89466      6.274454  0.006  0.015  0.014  0.004  0.002  0.000  0.001  0.001  0.001  0.045
   1.90979      6.292423  0.007  0.010  0.014  0.003  0.001  0.000  0.001  0.001  0.001  0.038
   1.92492      6.315473  0.007  0.007  0.015  0.003  0.001  0.000  0.001  0.001  0.001  0.035
   1.94005      6.341203  0.007  0.005  0.016  0.003  0.001  0.000  0.001  0.001  0.001  0.033
   1.95518      6.368639  0.006  0.003  0.016  0.003  0.001  0.000  0.001  0.000  0.001  0.032
   1.97031      6.396635  0.006  0.002  0.016  0.002  0.001  0.000  0.001  0.000  0.001  0.030
   1.98544      6.423756  0.005  0.001  0.016  0.002  0.002  0.000  0.000  0.000  0.002  0.029
   2.00057      6.447771  0.005  0.000  0.014  0.002  0.003  0.000  0.000  0.000  0.003  0.028
   2.01570      6.464924  0.003  0.000  0.011  0.001  0.005  0.000  0.000  0.001  0.004  0.027
   2.03083      6.471888  0.002  0.000  0.007  0.001  0.008  0.000  0.000  0.001  0.006  0.026
   2.04596      6.468413  0.001  0.001  0.003  0.000  0.010  0.001  0.000  0.002  0.008  0.025
   2.06109      6.461338  0.000  0.000  0.001  0.000  0.011  0.001  0.000  0.002  0.010  0.024
   2.07622      6.458058  0.000  0.000  0.000  0.000  0.011  0.001  0.000  0.001  0.011  0.024
   2.07622      6.458058  0.000  0.000  0.000  0.000  0.011  0.001  0.000  0.001  0.011  0.024
   2.10648      6.467724  0.001  0.001  0.003  0.001  0.010  0.001  0.000  0.001  0.008  0.025
   2.13674      6.429945  0.003  0.002  0.010  0.005  0.004  0.000  0.001  0.001  0.002  0.027
   2.16700      6.307156  0.003  0.002  0.009  0.007  0.002  0.001  0.002  0.001  0.001  0.028
   2.19725      6.170464  0.003  0.003  0.005  0.007  0.002  0.002  0.004  0.001  0.001  0.027
   2.22751      6.065711  0.002  0.007  0.001  0.006  0.004  0.003  0.008  0.001  0.001  0.033
   2.25777      6.021568  0.001  0.011  0.004  0.006  0.005  0.002  0.011  0.001  0.002  0.043
   2.28803      5.999356  0.001  0.010  0.006  0.005  0.004  0.004  0.017  0.002  0.002  0.050
   2.31829      6.033522  0.000  0.008  0.007  0.004  0.003  0.006  0.019  0.006  0.001  0.054
   2.34855      6.099753  0.000  0.008  0.010  0.003  0.002  0.007  0.019  0.007  0.001  0.057
   2.37881      6.174307  0.000  0.003  0.006  0.001  0.001  0.008  0.017  0.009  0.001  0.046
   2.40907      6.209054  0.000  0.007  0.007  0.003  0.001  0.009  0.011  0.009  0.001  0.047
   2.43933      6.193651  0.002  0.022  0.018  0.008  0.003  0.005  0.007  0.005  0.002  0.072
   2.46959      6.147643  0.004  0.028  0.022  0.010  0.004  0.003  0.005  0.003  0.004  0.083
   2.49985      6.097482  0.005  0.029  0.022  0.011  0.004  0.003  0.005  0.003  0.005  0.086
   2.53010      6.049948  0.006  0.029  0.020  0.011  0.004  0.004  0.005  0.004  0.006  0.088
   2.56036      6.009131  0.007  0.030  0.018  0.011  0.004  0.004  0.005  0.004  0.007  0.091
   2.59062      5.977924  0.008  0.030  0.016  0.012  0.004  0.005  0.006  0.004  0.008  0.093
   2.62088      5.958399  0.009  0.031  0.013  0.012  0.004  0.006  0.006  0.004  0.009  0.094
   2.65114      5.951274  0.010  0.031  0.010  0.012  0.005  0.006  0.006  0.004  0.010  0.094
   2.68140      5.954581  0.012  0.030  0.007  0.011  0.004  0.006  0.006  0.004  0.011  0.092
   2.71166      5.961272  0.015  0.029  0.004  0.011  0.004  0.006  0.006  0.004  0.010  0.088
   2.74192      5.959470  0.019  0.026  0.002  0.009  0.003  0.004  0.005  0.003  0.007  0.078
   2.77218      5.939635  0.023  0.021  0.001  0.007  0.002  0.003  0.004  0.002  0.004  0.066
   2.80244      5.908594  0.025  0.015  0.000  0.005  0.001  0.002  0.003  0.001  0.002  0.055
   2.83270      5.860722  0.025  0.009  0.001  0.003  0.000  0.001  0.003  0.000  0.001  0.044
   2.86295      5.814150  0.024  0.005  0.002  0.002  0.000  0.000  0.002  0.000  0.000  0.036
   2.89321      5.780478  0.023  0.002  0.003  0.001  0.000  0.000  0.002  0.000  0.000  0.031
   2.92347      5.760741  0.022  0.000  0.003  0.000  0.000  0.000  0.002  0.000  0.000  0.028
   2.95373      5.754648  0.022  0.000  0.003  0.000  0.000  0.000  0.002  0.000  0.000  0.027
