  0.00000000E+00 -0.27245239E+02
  0.76781640E-02 -0.27245243E+02
  0.15356328E-01 -0.27245243E+02
  0.23034492E-01 -0.27245239E+02
  0.30712656E-01 -0.27245232E+02
  0.38390820E-01 -0.27245222E+02
  0.46068984E-01 -0.27245211E+02
  0.53747148E-01 -0.27245198E+02
  0.61425312E-01 -0.27245184E+02
  0.69103476E-01 -0.27245170E+02
  0.76781640E-01 -0.27245154E+02
  0.84459804E-01 -0.27245138E+02
  0.92137968E-01 -0.27245120E+02
  0.99816132E-01 -0.27245101E+02
  0.10749430E+00 -0.27245079E+02
  0.11517246E+00 -0.27245054E+02
  0.12285062E+00 -0.27245026E+02
  0.13052879E+00 -0.27244995E+02
  0.13820695E+00 -0.27244962E+02
  0.14588512E+00 -0.27244926E+02
  0.15356328E+00 -0.27244891E+02
  0.16124144E+00 -0.27244856E+02
  0.16891961E+00 -0.27244823E+02
  0.17659777E+00 -0.27244794E+02
  0.18427594E+00 -0.27244767E+02
  0.19195410E+00 -0.27244742E+02
  0.19963226E+00 -0.27244720E+02
  0.20731043E+00 -0.27244699E+02
  0.21498859E+00 -0.27244678E+02
  0.22266676E+00 -0.27244657E+02
  0.23034492E+00 -0.27244633E+02
  0.23802308E+00 -0.27244606E+02
  0.24570125E+00 -0.27244573E+02
  0.25337941E+00 -0.27244534E+02
  0.26105758E+00 -0.27244489E+02
  0.26873574E+00 -0.27244440E+02
  0.27641390E+00 -0.27244389E+02
  0.28409207E+00 -0.27244338E+02
  0.29177023E+00 -0.27244290E+02
  0.29944840E+00 -0.27244246E+02
  0.30712656E+00 -0.27244207E+02
  0.31480472E+00 -0.27244171E+02
  0.32248289E+00 -0.27244138E+02
  0.33016105E+00 -0.27244108E+02
  0.33783922E+00 -0.27244081E+02
  0.34551738E+00 -0.27244057E+02
  0.35319554E+00 -0.27244037E+02
  0.36087371E+00 -0.27244017E+02
  0.36855187E+00 -0.27243996E+02
  0.37623004E+00 -0.27243970E+02
  0.38390820E+00 -0.27243939E+02
  0.39158636E+00 -0.27243903E+02
  0.39926453E+00 -0.27243865E+02
  0.40694269E+00 -0.27243828E+02
  0.41462086E+00 -0.27243795E+02
  0.42229902E+00 -0.27243768E+02
  0.42997718E+00 -0.27243745E+02
  0.43765535E+00 -0.27243723E+02
  0.44533351E+00 -0.27243697E+02
  0.45301168E+00 -0.27243668E+02
  0.46068984E+00 -0.27243636E+02
  0.46836800E+00 -0.27243602E+02
  0.47604617E+00 -0.27243580E+02
  0.48372433E+00 -0.27243573E+02
  0.49140250E+00 -0.27243561E+02
  0.49908066E+00 -0.27243544E+02
  0.50675882E+00 -0.27243521E+02
  0.51443699E+00 -0.27243495E+02
  0.52211515E+00 -0.27243471E+02
  0.52979332E+00 -0.27243453E+02
  0.53747148E+00 -0.27243442E+02
  0.54514964E+00 -0.27243432E+02
  0.55282781E+00 -0.27243419E+02
  0.56050597E+00 -0.27243405E+02
  0.56818414E+00 -0.27243389E+02
  0.57586230E+00 -0.27243376E+02
  0.58354046E+00 -0.27243368E+02
  0.59121863E+00 -0.27243364E+02
  0.59889679E+00 -0.27243361E+02
  0.60657496E+00 -0.27243354E+02
  0.61425312E+00 -0.27243342E+02
  0.62193128E+00 -0.27243324E+02
  0.62960945E+00 -0.27243301E+02
  0.63728761E+00 -0.27243274E+02
  0.64496578E+00 -0.27243246E+02
  0.65264394E+00 -0.27243245E+02
  0.66032210E+00 -0.27243251E+02
  0.66800027E+00 -0.27243252E+02
  0.67567843E+00 -0.27243248E+02
  0.68335660E+00 -0.27243238E+02
  0.69103476E+00 -0.27243227E+02
  0.69871293E+00 -0.27243224E+02
  0.70639109E+00 -0.27243234E+02
  0.71406925E+00 -0.27243249E+02
  0.72174742E+00 -0.27243261E+02
  0.72942558E+00 -0.27243267E+02
  0.73710375E+00 -0.27243266E+02
  0.74478191E+00 -0.27243256E+02
  0.75246007E+00 -0.27243239E+02
  0.76013824E+00 -0.27243216E+02
  0.76781640E+00 -0.27243192E+02
  0.77545956E+00 -0.27243216E+02
  0.78310273E+00 -0.27243238E+02
  0.79074589E+00 -0.27243255E+02
  0.79838905E+00 -0.27243265E+02
  0.80603222E+00 -0.27243265E+02
  0.81367538E+00 -0.27243258E+02
  0.82131854E+00 -0.27243244E+02
  0.82896170E+00 -0.27243226E+02
  0.83660487E+00 -0.27243207E+02
  0.84424803E+00 -0.27243226E+02
  0.85189119E+00 -0.27243249E+02
  0.85953435E+00 -0.27243267E+02
  0.86717752E+00 -0.27243278E+02
  0.87482068E+00 -0.27243283E+02
  0.88246384E+00 -0.27243283E+02
  0.89010701E+00 -0.27243278E+02
  0.89775017E+00 -0.27243270E+02
  0.90539333E+00 -0.27243263E+02
  0.91303649E+00 -0.27243274E+02
  0.92067966E+00 -0.27243290E+02
  0.92832282E+00 -0.27243302E+02
  0.93596598E+00 -0.27243311E+02
  0.94360915E+00 -0.27243319E+02
  0.95125231E+00 -0.27243327E+02
  0.95889547E+00 -0.27243337E+02
  0.96653863E+00 -0.27243349E+02
  0.97418180E+00 -0.27243364E+02
  0.98182496E+00 -0.27243385E+02
  0.98946812E+00 -0.27243408E+02
  0.99711129E+00 -0.27243433E+02
  0.10047544E+01 -0.27243457E+02
  0.10123976E+01 -0.27243479E+02
  0.10200408E+01 -0.27243497E+02
  0.10276839E+01 -0.27243512E+02
  0.10353271E+01 -0.27243522E+02
  0.10429703E+01 -0.27243528E+02
  0.10506134E+01 -0.27243538E+02
  0.10582566E+01 -0.27243566E+02
  0.10658998E+01 -0.27243595E+02
  0.10735429E+01 -0.27243624E+02
  0.10811861E+01 -0.27243651E+02
  0.10888292E+01 -0.27243675E+02
  0.10964724E+01 -0.27243694E+02
  0.11041156E+01 -0.27243709E+02
  0.11117587E+01 -0.27243719E+02
  0.11194019E+01 -0.27243735E+02
  0.11270451E+01 -0.27243778E+02
  0.11346882E+01 -0.27243817E+02
  0.11423314E+01 -0.27243852E+02
  0.11499745E+01 -0.27243880E+02
  0.11576177E+01 -0.27243900E+02
  0.11652609E+01 -0.27243913E+02
  0.11729040E+01 -0.27243920E+02
  0.11805472E+01 -0.27243922E+02
  0.11881904E+01 -0.27243923E+02
  0.11958335E+01 -0.27243964E+02
  0.12034767E+01 -0.27244005E+02
  0.12111198E+01 -0.27244039E+02
  0.12187630E+01 -0.27244066E+02
  0.12264062E+01 -0.27244083E+02
  0.12340493E+01 -0.27244090E+02
  0.12416925E+01 -0.27244088E+02
  0.12493357E+01 -0.27244080E+02
  0.12569788E+01 -0.27244069E+02
  0.12646220E+01 -0.27244095E+02
  0.12722651E+01 -0.27244120E+02
  0.12799083E+01 -0.27244140E+02
  0.12875515E+01 -0.27244154E+02
  0.12951946E+01 -0.27244162E+02
  0.13028378E+01 -0.27244163E+02
  0.13104810E+01 -0.27244160E+02
  0.13181241E+01 -0.27244154E+02
  0.13257673E+01 -0.27244147E+02
  0.13334104E+01 -0.27244160E+02
  0.13410536E+01 -0.27244180E+02
  0.13486968E+01 -0.27244194E+02
  0.13563399E+01 -0.27244202E+02
  0.13639831E+01 -0.27244204E+02
  0.13716263E+01 -0.27244201E+02
  0.13792694E+01 -0.27244195E+02
  0.13869126E+01 -0.27244187E+02
  0.13945558E+01 -0.27244180E+02
  0.14021989E+01 -0.27244182E+02
  0.14098421E+01 -0.27244186E+02
  0.14174852E+01 -0.27244186E+02
  0.14251284E+01 -0.27244185E+02
  0.14327716E+01 -0.27244183E+02
  0.14404497E+01 -0.27244195E+02
  0.14481279E+01 -0.27244210E+02
  0.14558061E+01 -0.27244227E+02
  0.14634842E+01 -0.27244248E+02
  0.14711624E+01 -0.27244273E+02
  0.14788405E+01 -0.27244301E+02
  0.14865187E+01 -0.27244332E+02
  0.14941969E+01 -0.27244365E+02
  0.15018750E+01 -0.27244399E+02
  0.15095532E+01 -0.27244433E+02
  0.15172314E+01 -0.27244466E+02
  0.15249095E+01 -0.27244497E+02
  0.15325877E+01 -0.27244525E+02
  0.15402659E+01 -0.27244551E+02
  0.15479440E+01 -0.27244574E+02
  0.15556222E+01 -0.27244595E+02
  0.15633004E+01 -0.27244615E+02
  0.15709785E+01 -0.27244635E+02
  0.15786567E+01 -0.27244656E+02
  0.15863348E+01 -0.27244679E+02
  0.15940130E+01 -0.27244703E+02
  0.16016912E+01 -0.27244730E+02
  0.16093693E+01 -0.27244759E+02
  0.16170475E+01 -0.27244789E+02
  0.16247257E+01 -0.27244820E+02
  0.16324038E+01 -0.27244851E+02
  0.16400820E+01 -0.27244880E+02
  0.16477602E+01 -0.27244909E+02
  0.16554383E+01 -0.27244935E+02
  0.16631165E+01 -0.27244959E+02
  0.16707946E+01 -0.27244980E+02
  0.16784728E+01 -0.27245000E+02
  0.16861510E+01 -0.27245019E+02
  0.16938291E+01 -0.27245037E+02
  0.17015073E+01 -0.27245054E+02
  0.17091855E+01 -0.27245072E+02
  0.17168636E+01 -0.27245090E+02
  0.17245418E+01 -0.27245109E+02
  0.17322200E+01 -0.27245128E+02
  0.17398981E+01 -0.27245146E+02
  0.17475763E+01 -0.27245164E+02
  0.17552545E+01 -0.27245181E+02
  0.17629326E+01 -0.27245196E+02
  0.17706108E+01 -0.27245209E+02
  0.17782889E+01 -0.27245220E+02
  0.17859671E+01 -0.27245228E+02
  0.17936453E+01 -0.27245234E+02
  0.18013234E+01 -0.27245238E+02
  0.18090016E+01 -0.27245239E+02
  0.18166798E+01 -0.27245239E+02
  0.18243579E+01 -0.27245243E+02
  0.18320361E+01 -0.27245243E+02
  0.18397143E+01 -0.27245239E+02
  0.18473924E+01 -0.27245232E+02
  0.18550706E+01 -0.27245222E+02
  0.18627487E+01 -0.27245211E+02
  0.18704269E+01 -0.27245198E+02
  0.18781051E+01 -0.27245184E+02
  0.18857832E+01 -0.27245170E+02
  0.18934614E+01 -0.27245154E+02
  0.19011396E+01 -0.27245138E+02
  0.19088177E+01 -0.27245120E+02
  0.19164959E+01 -0.27245101E+02
  0.19241741E+01 -0.27245079E+02
  0.19318522E+01 -0.27245054E+02
  0.19395304E+01 -0.27245026E+02
  0.19472086E+01 -0.27244995E+02
  0.19548867E+01 -0.27244962E+02
  0.19625649E+01 -0.27244926E+02
  0.19702430E+01 -0.27244891E+02
  0.19779212E+01 -0.27244856E+02
  0.19855994E+01 -0.27244823E+02
  0.19932775E+01 -0.27244794E+02
  0.20009557E+01 -0.27244767E+02
  0.20086339E+01 -0.27244742E+02
  0.20163120E+01 -0.27244720E+02
  0.20239902E+01 -0.27244699E+02
  0.20316684E+01 -0.27244678E+02
  0.20393465E+01 -0.27244657E+02
  0.20470247E+01 -0.27244633E+02
  0.20547028E+01 -0.27244606E+02
  0.20623810E+01 -0.27244573E+02
  0.20700592E+01 -0.27244534E+02
  0.20777373E+01 -0.27244489E+02
  0.20854155E+01 -0.27244440E+02
  0.20930937E+01 -0.27244389E+02
  0.21007718E+01 -0.27244338E+02
  0.21084500E+01 -0.27244290E+02
  0.21161282E+01 -0.27244246E+02
  0.21238063E+01 -0.27244207E+02
  0.21314845E+01 -0.27244171E+02
  0.21391627E+01 -0.27244138E+02
  0.21468408E+01 -0.27244108E+02
  0.21545190E+01 -0.27244081E+02
  0.21621971E+01 -0.27244057E+02
  0.21698753E+01 -0.27244037E+02
  0.21775535E+01 -0.27244017E+02
  0.21852316E+01 -0.27243996E+02
  0.21929098E+01 -0.27243970E+02
  0.22005880E+01 -0.27243939E+02
  0.22082661E+01 -0.27243903E+02
  0.22159443E+01 -0.27243865E+02
  0.22236225E+01 -0.27243828E+02
  0.22313006E+01 -0.27243795E+02
  0.22389788E+01 -0.27243768E+02
  0.22466569E+01 -0.27243745E+02
  0.22543351E+01 -0.27243723E+02
  0.22620133E+01 -0.27243697E+02
  0.22696914E+01 -0.27243668E+02
  0.22773696E+01 -0.27243636E+02
  0.22850478E+01 -0.27243602E+02
  0.22927259E+01 -0.27243580E+02
  0.23004041E+01 -0.27243573E+02
  0.23080823E+01 -0.27243561E+02
  0.23157604E+01 -0.27243544E+02
  0.23234386E+01 -0.27243521E+02
  0.23311168E+01 -0.27243495E+02
  0.23387949E+01 -0.27243471E+02
  0.23464731E+01 -0.27243453E+02
  0.23541512E+01 -0.27243442E+02
  0.23618294E+01 -0.27243432E+02
  0.23695076E+01 -0.27243419E+02
  0.23771857E+01 -0.27243405E+02
  0.23848639E+01 -0.27243389E+02
  0.23925421E+01 -0.27243376E+02
  0.24002202E+01 -0.27243368E+02
  0.24078984E+01 -0.27243364E+02
  0.24155766E+01 -0.27243361E+02
  0.24232547E+01 -0.27243354E+02
  0.24309329E+01 -0.27243342E+02
  0.24386110E+01 -0.27243324E+02
  0.24462892E+01 -0.27243301E+02
  0.24539674E+01 -0.27243274E+02
  0.24616455E+01 -0.27243246E+02
  0.24693237E+01 -0.27243245E+02
  0.24770019E+01 -0.27243251E+02
  0.24846800E+01 -0.27243252E+02
  0.24923582E+01 -0.27243248E+02
  0.25000364E+01 -0.27243238E+02
  0.25077145E+01 -0.27243227E+02
  0.25153927E+01 -0.27243224E+02
  0.25230709E+01 -0.27243234E+02
  0.25307490E+01 -0.27243249E+02
  0.25384272E+01 -0.27243261E+02
  0.25461053E+01 -0.27243267E+02
  0.25537835E+01 -0.27243266E+02
  0.25614617E+01 -0.27243256E+02
  0.25691398E+01 -0.27243239E+02
  0.25768180E+01 -0.27243216E+02
  0.25844962E+01 -0.27243192E+02
  
  0.00000000E+00 -0.27243731E+02
  0.76781640E-02 -0.27243725E+02
  0.15356328E-01 -0.27243718E+02
  0.23034492E-01 -0.27243710E+02
  0.30712656E-01 -0.27243703E+02
  0.38390820E-01 -0.27243697E+02
  0.46068984E-01 -0.27243692E+02
  0.53747148E-01 -0.27243690E+02
  0.61425312E-01 -0.27243689E+02
  0.69103476E-01 -0.27243691E+02
  0.76781640E-01 -0.27243696E+02
  0.84459804E-01 -0.27243702E+02
  0.92137968E-01 -0.27243710E+02
  0.99816132E-01 -0.27243718E+02
  0.10749430E+00 -0.27243727E+02
  0.11517246E+00 -0.27243736E+02
  0.12285062E+00 -0.27243744E+02
  0.13052879E+00 -0.27243751E+02
  0.13820695E+00 -0.27243758E+02
  0.14588512E+00 -0.27243763E+02
  0.15356328E+00 -0.27243767E+02
  0.16124144E+00 -0.27243768E+02
  0.16891961E+00 -0.27243768E+02
  0.17659777E+00 -0.27243767E+02
  0.18427594E+00 -0.27243764E+02
  0.19195410E+00 -0.27243762E+02
  0.19963226E+00 -0.27243760E+02
  0.20731043E+00 -0.27243758E+02
  0.21498859E+00 -0.27243757E+02
  0.22266676E+00 -0.27243756E+02
  0.23034492E+00 -0.27243757E+02
  0.23802308E+00 -0.27243758E+02
  0.24570125E+00 -0.27243762E+02
  0.25337941E+00 -0.27243769E+02
  0.26105758E+00 -0.27243777E+02
  0.26873574E+00 -0.27243787E+02
  0.27641390E+00 -0.27243796E+02
  0.28409207E+00 -0.27243805E+02
  0.29177023E+00 -0.27243810E+02
  0.29944840E+00 -0.27243812E+02
  0.30712656E+00 -0.27243811E+02
  0.31480472E+00 -0.27243808E+02
  0.32248289E+00 -0.27243805E+02
  0.33016105E+00 -0.27243800E+02
  0.33783922E+00 -0.27243793E+02
  0.34551738E+00 -0.27243783E+02
  0.35319554E+00 -0.27243769E+02
  0.36087371E+00 -0.27243752E+02
  0.36855187E+00 -0.27243735E+02
  0.37623004E+00 -0.27243720E+02
  0.38390820E+00 -0.27243709E+02
  0.39158636E+00 -0.27243700E+02
  0.39926453E+00 -0.27243693E+02
  0.40694269E+00 -0.27243684E+02
  0.41462086E+00 -0.27243672E+02
  0.42229902E+00 -0.27243654E+02
  0.42997718E+00 -0.27243634E+02
  0.43765535E+00 -0.27243616E+02
  0.44533351E+00 -0.27243601E+02
  0.45301168E+00 -0.27243592E+02
  0.46068984E+00 -0.27243587E+02
  0.46836800E+00 -0.27243583E+02
  0.47604617E+00 -0.27243566E+02
  0.48372433E+00 -0.27243535E+02
  0.49140250E+00 -0.27243507E+02
  0.49908066E+00 -0.27243483E+02
  0.50675882E+00 -0.27243465E+02
  0.51443699E+00 -0.27243449E+02
  0.52211515E+00 -0.27243434E+02
  0.52979332E+00 -0.27243413E+02
  0.53747148E+00 -0.27243388E+02
  0.54514964E+00 -0.27243364E+02
  0.55282781E+00 -0.27243345E+02
  0.56050597E+00 -0.27243331E+02
  0.56818414E+00 -0.27243320E+02
  0.57586230E+00 -0.27243308E+02
  0.58354046E+00 -0.27243292E+02
  0.59121863E+00 -0.27243273E+02
  0.59889679E+00 -0.27243254E+02
  0.60657496E+00 -0.27243238E+02
  0.61425312E+00 -0.27243227E+02
  0.62193128E+00 -0.27243222E+02
  0.62960945E+00 -0.27243223E+02
  0.63728761E+00 -0.27243229E+02
  0.64496578E+00 -0.27243237E+02
  0.65264394E+00 -0.27243220E+02
  0.66032210E+00 -0.27243198E+02
  0.66800027E+00 -0.27243183E+02
  0.67567843E+00 -0.27243176E+02
  0.68335660E+00 -0.27243176E+02
  0.69103476E+00 -0.27243180E+02
  0.69871293E+00 -0.27243178E+02
  0.70639109E+00 -0.27243163E+02
  0.71406925E+00 -0.27243145E+02
  0.72174742E+00 -0.27243130E+02
  0.72942558E+00 -0.27243121E+02
  0.73710375E+00 -0.27243120E+02
  0.74478191E+00 -0.27243128E+02
  0.75246007E+00 -0.27243143E+02
  0.76013824E+00 -0.27243166E+02
  0.76781640E+00 -0.27243189E+02
  0.77545956E+00 -0.27243165E+02
  0.78310273E+00 -0.27243143E+02
  0.79074589E+00 -0.27243127E+02
  0.79838905E+00 -0.27243120E+02
  0.80603222E+00 -0.27243121E+02
  0.81367538E+00 -0.27243132E+02
  0.82131854E+00 -0.27243150E+02
  0.82896170E+00 -0.27243174E+02
  0.83660487E+00 -0.27243200E+02
  0.84424803E+00 -0.27243190E+02
  0.85189119E+00 -0.27243178E+02
  0.85953435E+00 -0.27243172E+02
  0.86717752E+00 -0.27243173E+02
  0.87482068E+00 -0.27243181E+02
  0.88246384E+00 -0.27243196E+02
  0.89010701E+00 -0.27243214E+02
  0.89775017E+00 -0.27243235E+02
  0.90539333E+00 -0.27243255E+02
  0.91303649E+00 -0.27243258E+02
  0.92067966E+00 -0.27243256E+02
  0.92832282E+00 -0.27243260E+02
  0.93596598E+00 -0.27243268E+02
  0.94360915E+00 -0.27243282E+02
  0.95125231E+00 -0.27243299E+02
  0.95889547E+00 -0.27243319E+02
  0.96653863E+00 -0.27243341E+02
  0.97418180E+00 -0.27243362E+02
  0.98182496E+00 -0.27243380E+02
  0.98946812E+00 -0.27243397E+02
  0.99711129E+00 -0.27243412E+02
  0.10047544E+01 -0.27243426E+02
  0.10123976E+01 -0.27243440E+02
  0.10200408E+01 -0.27243455E+02
  0.10276839E+01 -0.27243471E+02
  0.10353271E+01 -0.27243490E+02
  0.10429703E+01 -0.27243513E+02
  0.10506134E+01 -0.27243531E+02
  0.10582566E+01 -0.27243535E+02
  0.10658998E+01 -0.27243540E+02
  0.10735429E+01 -0.27243550E+02
  0.10811861E+01 -0.27243565E+02
  0.10888292E+01 -0.27243587E+02
  0.10964724E+01 -0.27243616E+02
  0.11041156E+01 -0.27243652E+02
  0.11117587E+01 -0.27243692E+02
  0.11194019E+01 -0.27243725E+02
  0.11270451E+01 -0.27243731E+02
  0.11346882E+01 -0.27243736E+02
  0.11423314E+01 -0.27243745E+02
  0.11499745E+01 -0.27243758E+02
  0.11576177E+01 -0.27243778E+02
  0.11652609E+01 -0.27243805E+02
  0.11729040E+01 -0.27243839E+02
  0.11805472E+01 -0.27243879E+02
  0.11881904E+01 -0.27243920E+02
  0.11958335E+01 -0.27243921E+02
  0.12034767E+01 -0.27243923E+02
  0.12111198E+01 -0.27243928E+02
  0.12187630E+01 -0.27243940E+02
  0.12264062E+01 -0.27243957E+02
  0.12340493E+01 -0.27243979E+02
  0.12416925E+01 -0.27244006E+02
  0.12493357E+01 -0.27244036E+02
  0.12569788E+01 -0.27244065E+02
  0.12646220E+01 -0.27244055E+02
  0.12722651E+01 -0.27244045E+02
  0.12799083E+01 -0.27244039E+02
  0.12875515E+01 -0.27244040E+02
  0.12951946E+01 -0.27244049E+02
  0.13028378E+01 -0.27244065E+02
  0.13104810E+01 -0.27244086E+02
  0.13181241E+01 -0.27244111E+02
  0.13257673E+01 -0.27244136E+02
  0.13334104E+01 -0.27244140E+02
  0.13410536E+01 -0.27244135E+02
  0.13486968E+01 -0.27244133E+02
  0.13563399E+01 -0.27244135E+02
  0.13639831E+01 -0.27244140E+02
  0.13716263E+01 -0.27244148E+02
  0.13792694E+01 -0.27244158E+02
  0.13869126E+01 -0.27244167E+02
  0.13945558E+01 -0.27244176E+02
  0.14021989E+01 -0.27244175E+02
  0.14098421E+01 -0.27244172E+02
  0.14174852E+01 -0.27244172E+02
  0.14251284E+01 -0.27244173E+02
  0.14327716E+01 -0.27244175E+02
  0.14404497E+01 -0.27244163E+02
  0.14481279E+01 -0.27244150E+02
  0.14558061E+01 -0.27244135E+02
  0.14634842E+01 -0.27244117E+02
  0.14711624E+01 -0.27244097E+02
  0.14788405E+01 -0.27244074E+02
  0.14865187E+01 -0.27244050E+02
  0.14941969E+01 -0.27244024E+02
  0.15018750E+01 -0.27243999E+02
  0.15095532E+01 -0.27243975E+02
  0.15172314E+01 -0.27243954E+02
  0.15249095E+01 -0.27243936E+02
  0.15325877E+01 -0.27243922E+02
  0.15402659E+01 -0.27243910E+02
  0.15479440E+01 -0.27243902E+02
  0.15556222E+01 -0.27243895E+02
  0.15633004E+01 -0.27243890E+02
  0.15709785E+01 -0.27243884E+02
  0.15786567E+01 -0.27243877E+02
  0.15863348E+01 -0.27243868E+02
  0.15940130E+01 -0.27243857E+02
  0.16016912E+01 -0.27243845E+02
  0.16093693E+01 -0.27243831E+02
  0.16170475E+01 -0.27243818E+02
  0.16247257E+01 -0.27243805E+02
  0.16324038E+01 -0.27243795E+02
  0.16400820E+01 -0.27243787E+02
  0.16477602E+01 -0.27243782E+02
  0.16554383E+01 -0.27243780E+02
  0.16631165E+01 -0.27243780E+02
  0.16707946E+01 -0.27243781E+02
  0.16784728E+01 -0.27243782E+02
  0.16861510E+01 -0.27243782E+02
  0.16938291E+01 -0.27243779E+02
  0.17015073E+01 -0.27243773E+02
  0.17091855E+01 -0.27243764E+02
  0.17168636E+01 -0.27243751E+02
  0.17245418E+01 -0.27243737E+02
  0.17322200E+01 -0.27243722E+02
  0.17398981E+01 -0.27243707E+02
  0.17475763E+01 -0.27243695E+02
  0.17552545E+01 -0.27243686E+02
  0.17629326E+01 -0.27243682E+02
  0.17706108E+01 -0.27243683E+02
  0.17782889E+01 -0.27243688E+02
  0.17859671E+01 -0.27243696E+02
  0.17936453E+01 -0.27243706E+02
  0.18013234E+01 -0.27243717E+02
  0.18090016E+01 -0.27243726E+02
  0.18166798E+01 -0.27243731E+02
  0.18243579E+01 -0.27243725E+02
  0.18320361E+01 -0.27243718E+02
  0.18397143E+01 -0.27243710E+02
  0.18473924E+01 -0.27243703E+02
  0.18550706E+01 -0.27243697E+02
  0.18627487E+01 -0.27243692E+02
  0.18704269E+01 -0.27243690E+02
  0.18781051E+01 -0.27243689E+02
  0.18857832E+01 -0.27243691E+02
  0.18934614E+01 -0.27243696E+02
  0.19011396E+01 -0.27243702E+02
  0.19088177E+01 -0.27243710E+02
  0.19164959E+01 -0.27243718E+02
  0.19241741E+01 -0.27243727E+02
  0.19318522E+01 -0.27243736E+02
  0.19395304E+01 -0.27243744E+02
  0.19472086E+01 -0.27243751E+02
  0.19548867E+01 -0.27243758E+02
  0.19625649E+01 -0.27243763E+02
  0.19702430E+01 -0.27243767E+02
  0.19779212E+01 -0.27243768E+02
  0.19855994E+01 -0.27243768E+02
  0.19932775E+01 -0.27243767E+02
  0.20009557E+01 -0.27243764E+02
  0.20086339E+01 -0.27243762E+02
  0.20163120E+01 -0.27243760E+02
  0.20239902E+01 -0.27243758E+02
  0.20316684E+01 -0.27243757E+02
  0.20393465E+01 -0.27243756E+02
  0.20470247E+01 -0.27243757E+02
  0.20547028E+01 -0.27243758E+02
  0.20623810E+01 -0.27243762E+02
  0.20700592E+01 -0.27243769E+02
  0.20777373E+01 -0.27243777E+02
  0.20854155E+01 -0.27243787E+02
  0.20930937E+01 -0.27243796E+02
  0.21007718E+01 -0.27243805E+02
  0.21084500E+01 -0.27243810E+02
  0.21161282E+01 -0.27243812E+02
  0.21238063E+01 -0.27243811E+02
  0.21314845E+01 -0.27243808E+02
  0.21391627E+01 -0.27243805E+02
  0.21468408E+01 -0.27243800E+02
  0.21545190E+01 -0.27243793E+02
  0.21621971E+01 -0.27243783E+02
  0.21698753E+01 -0.27243769E+02
  0.21775535E+01 -0.27243752E+02
  0.21852316E+01 -0.27243735E+02
  0.21929098E+01 -0.27243720E+02
  0.22005880E+01 -0.27243709E+02
  0.22082661E+01 -0.27243700E+02
  0.22159443E+01 -0.27243693E+02
  0.22236225E+01 -0.27243684E+02
  0.22313006E+01 -0.27243672E+02
  0.22389788E+01 -0.27243654E+02
  0.22466569E+01 -0.27243634E+02
  0.22543351E+01 -0.27243616E+02
  0.22620133E+01 -0.27243601E+02
  0.22696914E+01 -0.27243592E+02
  0.22773696E+01 -0.27243587E+02
  0.22850478E+01 -0.27243583E+02
  0.22927259E+01 -0.27243566E+02
  0.23004041E+01 -0.27243535E+02
  0.23080823E+01 -0.27243507E+02
  0.23157604E+01 -0.27243483E+02
  0.23234386E+01 -0.27243465E+02
  0.23311168E+01 -0.27243449E+02
  0.23387949E+01 -0.27243434E+02
  0.23464731E+01 -0.27243413E+02
  0.23541512E+01 -0.27243388E+02
  0.23618294E+01 -0.27243364E+02
  0.23695076E+01 -0.27243345E+02
  0.23771857E+01 -0.27243331E+02
  0.23848639E+01 -0.27243320E+02
  0.23925421E+01 -0.27243308E+02
  0.24002202E+01 -0.27243292E+02
  0.24078984E+01 -0.27243273E+02
  0.24155766E+01 -0.27243254E+02
  0.24232547E+01 -0.27243238E+02
  0.24309329E+01 -0.27243227E+02
  0.24386110E+01 -0.27243222E+02
  0.24462892E+01 -0.27243223E+02
  0.24539674E+01 -0.27243229E+02
  0.24616455E+01 -0.27243237E+02
  0.24693237E+01 -0.27243220E+02
  0.24770019E+01 -0.27243198E+02
  0.24846800E+01 -0.27243183E+02
  0.24923582E+01 -0.27243176E+02
  0.25000364E+01 -0.27243176E+02
  0.25077145E+01 -0.27243180E+02
  0.25153927E+01 -0.27243178E+02
  0.25230709E+01 -0.27243163E+02
  0.25307490E+01 -0.27243145E+02
  0.25384272E+01 -0.27243130E+02
  0.25461053E+01 -0.27243121E+02
  0.25537835E+01 -0.27243120E+02
  0.25614617E+01 -0.27243128E+02
  0.25691398E+01 -0.27243143E+02
  0.25768180E+01 -0.27243166E+02
  0.25844962E+01 -0.27243189E+02
  
  0.00000000E+00 -0.27227249E+02
  0.76781640E-02 -0.27227246E+02
  0.15356328E-01 -0.27227246E+02
  0.23034492E-01 -0.27227249E+02
  0.30712656E-01 -0.27227254E+02
  0.38390820E-01 -0.27227262E+02
  0.46068984E-01 -0.27227270E+02
  0.53747148E-01 -0.27227277E+02
  0.61425312E-01 -0.27227282E+02
  0.69103476E-01 -0.27227285E+02
  0.76781640E-01 -0.27227284E+02
  0.84459804E-01 -0.27227280E+02
  0.92137968E-01 -0.27227273E+02
  0.99816132E-01 -0.27227265E+02
  0.10749430E+00 -0.27227257E+02
  0.11517246E+00 -0.27227250E+02
  0.12285062E+00 -0.27227246E+02
  0.13052879E+00 -0.27227244E+02
  0.13820695E+00 -0.27227244E+02
  0.14588512E+00 -0.27227248E+02
  0.15356328E+00 -0.27227253E+02
  0.16124144E+00 -0.27227260E+02
  0.16891961E+00 -0.27227267E+02
  0.17659777E+00 -0.27227273E+02
  0.18427594E+00 -0.27227277E+02
  0.19195410E+00 -0.27227278E+02
  0.19963226E+00 -0.27227276E+02
  0.20731043E+00 -0.27227271E+02
  0.21498859E+00 -0.27227264E+02
  0.22266676E+00 -0.27227256E+02
  0.23034492E+00 -0.27227249E+02
  0.23802308E+00 -0.27227244E+02
  0.24570125E+00 -0.27227241E+02
  0.25337941E+00 -0.27227242E+02
  0.26105758E+00 -0.27227245E+02
  0.26873574E+00 -0.27227252E+02
  0.27641390E+00 -0.27227260E+02
  0.28409207E+00 -0.27227269E+02
  0.29177023E+00 -0.27227278E+02
  0.29944840E+00 -0.27227285E+02
  0.30712656E+00 -0.27227290E+02
  0.31480472E+00 -0.27227292E+02
  0.32248289E+00 -0.27227291E+02
  0.33016105E+00 -0.27227287E+02
  0.33783922E+00 -0.27227282E+02
  0.34551738E+00 -0.27227277E+02
  0.35319554E+00 -0.27227273E+02
  0.36087371E+00 -0.27227273E+02
  0.36855187E+00 -0.27227275E+02
  0.37623004E+00 -0.27227280E+02
  0.38390820E+00 -0.27227289E+02
  0.39158636E+00 -0.27227301E+02
  0.39926453E+00 -0.27227315E+02
  0.40694269E+00 -0.27227330E+02
  0.41462086E+00 -0.27227345E+02
  0.42229902E+00 -0.27227358E+02
  0.42997718E+00 -0.27227367E+02
  0.43765535E+00 -0.27227373E+02
  0.44533351E+00 -0.27227376E+02
  0.45301168E+00 -0.27227376E+02
  0.46068984E+00 -0.27227376E+02
  0.46836800E+00 -0.27227377E+02
  0.47604617E+00 -0.27227381E+02
  0.48372433E+00 -0.27227388E+02
  0.49140250E+00 -0.27227399E+02
  0.49908066E+00 -0.27227412E+02
  0.50675882E+00 -0.27227427E+02
  0.51443699E+00 -0.27227445E+02
  0.52211515E+00 -0.27227467E+02
  0.52979332E+00 -0.27227492E+02
  0.53747148E+00 -0.27227521E+02
  0.54514964E+00 -0.27227549E+02
  0.55282781E+00 -0.27227574E+02
  0.56050597E+00 -0.27227595E+02
  0.56818414E+00 -0.27227610E+02
  0.57586230E+00 -0.27227622E+02
  0.58354046E+00 -0.27227631E+02
  0.59121863E+00 -0.27227640E+02
  0.59889679E+00 -0.27227672E+02
  0.60657496E+00 -0.27227715E+02
  0.61425312E+00 -0.27227751E+02
  0.62193128E+00 -0.27227781E+02
  0.62960945E+00 -0.27227803E+02
  0.63728761E+00 -0.27227819E+02
  0.64496578E+00 -0.27227832E+02
  0.65264394E+00 -0.27227853E+02
  0.66032210E+00 -0.27227886E+02
  0.66800027E+00 -0.27227917E+02
  0.67567843E+00 -0.27227942E+02
  0.68335660E+00 -0.27227961E+02
  0.69103476E+00 -0.27227974E+02
  0.69871293E+00 -0.27227981E+02
  0.70639109E+00 -0.27227988E+02
  0.71406925E+00 -0.27228002E+02
  0.72174742E+00 -0.27228022E+02
  0.72942558E+00 -0.27228040E+02
  0.73710375E+00 -0.27228052E+02
  0.74478191E+00 -0.27228057E+02
  0.75246007E+00 -0.27228055E+02
  0.76013824E+00 -0.27228047E+02
  0.76781640E+00 -0.27228036E+02
  0.77545956E+00 -0.27228045E+02
  0.78310273E+00 -0.27228051E+02
  0.79074589E+00 -0.27228053E+02
  0.79838905E+00 -0.27228050E+02
  0.80603222E+00 -0.27228042E+02
  0.81367538E+00 -0.27228028E+02
  0.82131854E+00 -0.27228010E+02
  0.82896170E+00 -0.27227989E+02
  0.83660487E+00 -0.27227965E+02
  0.84424803E+00 -0.27227956E+02
  0.85189119E+00 -0.27227946E+02
  0.85953435E+00 -0.27227933E+02
  0.86717752E+00 -0.27227915E+02
  0.87482068E+00 -0.27227893E+02
  0.88246384E+00 -0.27227867E+02
  0.89010701E+00 -0.27227838E+02
  0.89775017E+00 -0.27227807E+02
  0.90539333E+00 -0.27227776E+02
  0.91303649E+00 -0.27227751E+02
  0.92067966E+00 -0.27227729E+02
  0.92832282E+00 -0.27227706E+02
  0.93596598E+00 -0.27227682E+02
  0.94360915E+00 -0.27227656E+02
  0.95125231E+00 -0.27227630E+02
  0.95889547E+00 -0.27227605E+02
  0.96653863E+00 -0.27227580E+02
  0.97418180E+00 -0.27227557E+02
  0.98182496E+00 -0.27227537E+02
  0.98946812E+00 -0.27227517E+02
  0.99711129E+00 -0.27227498E+02
  0.10047544E+01 -0.27227480E+02
  0.10123976E+01 -0.27227462E+02
  0.10200408E+01 -0.27227443E+02
  0.10276839E+01 -0.27227424E+02
  0.10353271E+01 -0.27227404E+02
  0.10429703E+01 -0.27227383E+02
  0.10506134E+01 -0.27227365E+02
  0.10582566E+01 -0.27227354E+02
  0.10658998E+01 -0.27227344E+02
  0.10735429E+01 -0.27227334E+02
  0.10811861E+01 -0.27227324E+02
  0.10888292E+01 -0.27227312E+02
  0.10964724E+01 -0.27227298E+02
  0.11041156E+01 -0.27227282E+02
  0.11117587E+01 -0.27227264E+02
  0.11194019E+01 -0.27227248E+02
  0.11270451E+01 -0.27227246E+02
  0.11346882E+01 -0.27227243E+02
  0.11423314E+01 -0.27227239E+02
  0.11499745E+01 -0.27227233E+02
  0.11576177E+01 -0.27227224E+02
  0.11652609E+01 -0.27227213E+02
  0.11729040E+01 -0.27227199E+02
  0.11805472E+01 -0.27227183E+02
  0.11881904E+01 -0.27227170E+02
  0.11958335E+01 -0.27227173E+02
  0.12034767E+01 -0.27227176E+02
  0.12111198E+01 -0.27227177E+02
  0.12187630E+01 -0.27227174E+02
  0.12264062E+01 -0.27227167E+02
  0.12340493E+01 -0.27227156E+02
  0.12416925E+01 -0.27227143E+02
  0.12493357E+01 -0.27227127E+02
  0.12569788E+01 -0.27227110E+02
  0.12646220E+01 -0.27227109E+02
  0.12722651E+01 -0.27227110E+02
  0.12799083E+01 -0.27227110E+02
  0.12875515E+01 -0.27227107E+02
  0.12951946E+01 -0.27227101E+02
  0.13028378E+01 -0.27227093E+02
  0.13104810E+01 -0.27227082E+02
  0.13181241E+01 -0.27227071E+02
  0.13257673E+01 -0.27227060E+02
  0.13334104E+01 -0.27227059E+02
  0.13410536E+01 -0.27227060E+02
  0.13486968E+01 -0.27227059E+02
  0.13563399E+01 -0.27227057E+02
  0.13639831E+01 -0.27227053E+02
  0.13716263E+01 -0.27227047E+02
  0.13792694E+01 -0.27227041E+02
  0.13869126E+01 -0.27227036E+02
  0.13945558E+01 -0.27227031E+02
  0.14021989E+01 -0.27227030E+02
  0.14098421E+01 -0.27227030E+02
  0.14174852E+01 -0.27227030E+02
  0.14251284E+01 -0.27227029E+02
  0.14327716E+01 -0.27227030E+02
  0.14404497E+01 -0.27227052E+02
  0.14481279E+01 -0.27227075E+02
  0.14558061E+01 -0.27227096E+02
  0.14634842E+01 -0.27227114E+02
  0.14711624E+01 -0.27227131E+02
  0.14788405E+01 -0.27227147E+02
  0.14865187E+01 -0.27227163E+02
  0.14941969E+01 -0.27227177E+02
  0.15018750E+01 -0.27227192E+02
  0.15095532E+01 -0.27227205E+02
  0.15172314E+01 -0.27227217E+02
  0.15249095E+01 -0.27227227E+02
  0.15325877E+01 -0.27227236E+02
  0.15402659E+01 -0.27227242E+02
  0.15479440E+01 -0.27227247E+02
  0.15556222E+01 -0.27227250E+02
  0.15633004E+01 -0.27227251E+02
  0.15709785E+01 -0.27227251E+02
  0.15786567E+01 -0.27227250E+02
  0.15863348E+01 -0.27227249E+02
  0.15940130E+01 -0.27227247E+02
  0.16016912E+01 -0.27227245E+02
  0.16093693E+01 -0.27227244E+02
  0.16170475E+01 -0.27227243E+02
  0.16247257E+01 -0.27227243E+02
  0.16324038E+01 -0.27227243E+02
  0.16400820E+01 -0.27227244E+02
  0.16477602E+01 -0.27227246E+02
  0.16554383E+01 -0.27227248E+02
  0.16631165E+01 -0.27227251E+02
  0.16707946E+01 -0.27227254E+02
  0.16784728E+01 -0.27227257E+02
  0.16861510E+01 -0.27227260E+02
  0.16938291E+01 -0.27227263E+02
  0.17015073E+01 -0.27227265E+02
  0.17091855E+01 -0.27227266E+02
  0.17168636E+01 -0.27227267E+02
  0.17245418E+01 -0.27227266E+02
  0.17322200E+01 -0.27227264E+02
  0.17398981E+01 -0.27227261E+02
  0.17475763E+01 -0.27227258E+02
  0.17552545E+01 -0.27227255E+02
  0.17629326E+01 -0.27227251E+02
  0.17706108E+01 -0.27227248E+02
  0.17782889E+01 -0.27227246E+02
  0.17859671E+01 -0.27227244E+02
  0.17936453E+01 -0.27227244E+02
  0.18013234E+01 -0.27227245E+02
  0.18090016E+01 -0.27227246E+02
  0.18166798E+01 -0.27227249E+02
  0.18243579E+01 -0.27227246E+02
  0.18320361E+01 -0.27227246E+02
  0.18397143E+01 -0.27227249E+02
  0.18473924E+01 -0.27227254E+02
  0.18550706E+01 -0.27227262E+02
  0.18627487E+01 -0.27227270E+02
  0.18704269E+01 -0.27227277E+02
  0.18781051E+01 -0.27227282E+02
  0.18857832E+01 -0.27227285E+02
  0.18934614E+01 -0.27227284E+02
  0.19011396E+01 -0.27227280E+02
  0.19088177E+01 -0.27227273E+02
  0.19164959E+01 -0.27227265E+02
  0.19241741E+01 -0.27227257E+02
  0.19318522E+01 -0.27227250E+02
  0.19395304E+01 -0.27227246E+02
  0.19472086E+01 -0.27227244E+02
  0.19548867E+01 -0.27227244E+02
  0.19625649E+01 -0.27227248E+02
  0.19702430E+01 -0.27227253E+02
  0.19779212E+01 -0.27227260E+02
  0.19855994E+01 -0.27227267E+02
  0.19932775E+01 -0.27227273E+02
  0.20009557E+01 -0.27227277E+02
  0.20086339E+01 -0.27227278E+02
  0.20163120E+01 -0.27227276E+02
  0.20239902E+01 -0.27227271E+02
  0.20316684E+01 -0.27227264E+02
  0.20393465E+01 -0.27227256E+02
  0.20470247E+01 -0.27227249E+02
  0.20547028E+01 -0.27227244E+02
  0.20623810E+01 -0.27227241E+02
  0.20700592E+01 -0.27227242E+02
  0.20777373E+01 -0.27227245E+02
  0.20854155E+01 -0.27227252E+02
  0.20930937E+01 -0.27227260E+02
  0.21007718E+01 -0.27227269E+02
  0.21084500E+01 -0.27227278E+02
  0.21161282E+01 -0.27227285E+02
  0.21238063E+01 -0.27227290E+02
  0.21314845E+01 -0.27227292E+02
  0.21391627E+01 -0.27227291E+02
  0.21468408E+01 -0.27227287E+02
  0.21545190E+01 -0.27227282E+02
  0.21621971E+01 -0.27227277E+02
  0.21698753E+01 -0.27227273E+02
  0.21775535E+01 -0.27227273E+02
  0.21852316E+01 -0.27227275E+02
  0.21929098E+01 -0.27227280E+02
  0.22005880E+01 -0.27227289E+02
  0.22082661E+01 -0.27227301E+02
  0.22159443E+01 -0.27227315E+02
  0.22236225E+01 -0.27227330E+02
  0.22313006E+01 -0.27227345E+02
  0.22389788E+01 -0.27227358E+02
  0.22466569E+01 -0.27227367E+02
  0.22543351E+01 -0.27227373E+02
  0.22620133E+01 -0.27227376E+02
  0.22696914E+01 -0.27227376E+02
  0.22773696E+01 -0.27227376E+02
  0.22850478E+01 -0.27227377E+02
  0.22927259E+01 -0.27227381E+02
  0.23004041E+01 -0.27227388E+02
  0.23080823E+01 -0.27227399E+02
  0.23157604E+01 -0.27227412E+02
  0.23234386E+01 -0.27227427E+02
  0.23311168E+01 -0.27227445E+02
  0.23387949E+01 -0.27227467E+02
  0.23464731E+01 -0.27227492E+02
  0.23541512E+01 -0.27227521E+02
  0.23618294E+01 -0.27227549E+02
  0.23695076E+01 -0.27227574E+02
  0.23771857E+01 -0.27227595E+02
  0.23848639E+01 -0.27227610E+02
  0.23925421E+01 -0.27227622E+02
  0.24002202E+01 -0.27227631E+02
  0.24078984E+01 -0.27227640E+02
  0.24155766E+01 -0.27227672E+02
  0.24232547E+01 -0.27227715E+02
  0.24309329E+01 -0.27227751E+02
  0.24386110E+01 -0.27227781E+02
  0.24462892E+01 -0.27227803E+02
  0.24539674E+01 -0.27227819E+02
  0.24616455E+01 -0.27227832E+02
  0.24693237E+01 -0.27227853E+02
  0.24770019E+01 -0.27227886E+02
  0.24846800E+01 -0.27227917E+02
  0.24923582E+01 -0.27227942E+02
  0.25000364E+01 -0.27227961E+02
  0.25077145E+01 -0.27227974E+02
  0.25153927E+01 -0.27227981E+02
  0.25230709E+01 -0.27227988E+02
  0.25307490E+01 -0.27228002E+02
  0.25384272E+01 -0.27228022E+02
  0.25461053E+01 -0.27228040E+02
  0.25537835E+01 -0.27228052E+02
  0.25614617E+01 -0.27228057E+02
  0.25691398E+01 -0.27228055E+02
  0.25768180E+01 -0.27228047E+02
  0.25844962E+01 -0.27228036E+02
  
  0.00000000E+00 -0.27225390E+02
  0.76781640E-02 -0.27225391E+02
  0.15356328E-01 -0.27225390E+02
  0.23034492E-01 -0.27225388E+02
  0.30712656E-01 -0.27225384E+02
  0.38390820E-01 -0.27225380E+02
  0.46068984E-01 -0.27225378E+02
  0.53747148E-01 -0.27225378E+02
  0.61425312E-01 -0.27225383E+02
  0.69103476E-01 -0.27225393E+02
  0.76781640E-01 -0.27225408E+02
  0.84459804E-01 -0.27225428E+02
  0.92137968E-01 -0.27225452E+02
  0.99816132E-01 -0.27225479E+02
  0.10749430E+00 -0.27225505E+02
  0.11517246E+00 -0.27225532E+02
  0.12285062E+00 -0.27225556E+02
  0.13052879E+00 -0.27225577E+02
  0.13820695E+00 -0.27225597E+02
  0.14588512E+00 -0.27225614E+02
  0.15356328E+00 -0.27225630E+02
  0.16124144E+00 -0.27225647E+02
  0.16891961E+00 -0.27225664E+02
  0.17659777E+00 -0.27225685E+02
  0.18427594E+00 -0.27225710E+02
  0.19195410E+00 -0.27225740E+02
  0.19963226E+00 -0.27225775E+02
  0.20731043E+00 -0.27225814E+02
  0.21498859E+00 -0.27225857E+02
  0.22266676E+00 -0.27225901E+02
  0.23034492E+00 -0.27225944E+02
  0.23802308E+00 -0.27225986E+02
  0.24570125E+00 -0.27226024E+02
  0.25337941E+00 -0.27226059E+02
  0.26105758E+00 -0.27226090E+02
  0.26873574E+00 -0.27226117E+02
  0.27641390E+00 -0.27226142E+02
  0.28409207E+00 -0.27226166E+02
  0.29177023E+00 -0.27226190E+02
  0.29944840E+00 -0.27226217E+02
  0.30712656E+00 -0.27226247E+02
  0.31480472E+00 -0.27226282E+02
  0.32248289E+00 -0.27226320E+02
  0.33016105E+00 -0.27226363E+02
  0.33783922E+00 -0.27226408E+02
  0.34551738E+00 -0.27226454E+02
  0.35319554E+00 -0.27226500E+02
  0.36087371E+00 -0.27226543E+02
  0.36855187E+00 -0.27226583E+02
  0.37623004E+00 -0.27226620E+02
  0.38390820E+00 -0.27226654E+02
  0.39158636E+00 -0.27226684E+02
  0.39926453E+00 -0.27226712E+02
  0.40694269E+00 -0.27226738E+02
  0.41462086E+00 -0.27226765E+02
  0.42229902E+00 -0.27226793E+02
  0.42997718E+00 -0.27226826E+02
  0.43765535E+00 -0.27226862E+02
  0.44533351E+00 -0.27226903E+02
  0.45301168E+00 -0.27226947E+02
  0.46068984E+00 -0.27226993E+02
  0.46836800E+00 -0.27227038E+02
  0.47604617E+00 -0.27227081E+02
  0.48372433E+00 -0.27227122E+02
  0.49140250E+00 -0.27227160E+02
  0.49908066E+00 -0.27227196E+02
  0.50675882E+00 -0.27227231E+02
  0.51443699E+00 -0.27227264E+02
  0.52211515E+00 -0.27227294E+02
  0.52979332E+00 -0.27227320E+02
  0.53747148E+00 -0.27227345E+02
  0.54514964E+00 -0.27227371E+02
  0.55282781E+00 -0.27227401E+02
  0.56050597E+00 -0.27227436E+02
  0.56818414E+00 -0.27227477E+02
  0.57586230E+00 -0.27227523E+02
  0.58354046E+00 -0.27227572E+02
  0.59121863E+00 -0.27227621E+02
  0.59889679E+00 -0.27227646E+02
  0.60657496E+00 -0.27227660E+02
  0.61425312E+00 -0.27227679E+02
  0.62193128E+00 -0.27227704E+02
  0.62960945E+00 -0.27227734E+02
  0.63728761E+00 -0.27227769E+02
  0.64496578E+00 -0.27227804E+02
  0.65264394E+00 -0.27227830E+02
  0.66032210E+00 -0.27227842E+02
  0.66800027E+00 -0.27227853E+02
  0.67567843E+00 -0.27227867E+02
  0.68335660E+00 -0.27227886E+02
  0.69103476E+00 -0.27227908E+02
  0.69871293E+00 -0.27227933E+02
  0.70639109E+00 -0.27227957E+02
  0.71406925E+00 -0.27227971E+02
  0.72174742E+00 -0.27227975E+02
  0.72942558E+00 -0.27227979E+02
  0.73710375E+00 -0.27227985E+02
  0.74478191E+00 -0.27227994E+02
  0.75246007E+00 -0.27228007E+02
  0.76013824E+00 -0.27228021E+02
  0.76781640E+00 -0.27228034E+02
  0.77545956E+00 -0.27228024E+02
  0.78310273E+00 -0.27228011E+02
  0.79074589E+00 -0.27228000E+02
  0.79838905E+00 -0.27227990E+02
  0.80603222E+00 -0.27227982E+02
  0.81367538E+00 -0.27227976E+02
  0.82131854E+00 -0.27227972E+02
  0.82896170E+00 -0.27227967E+02
  0.83660487E+00 -0.27227962E+02
  0.84424803E+00 -0.27227940E+02
  0.85189119E+00 -0.27227915E+02
  0.85953435E+00 -0.27227891E+02
  0.86717752E+00 -0.27227869E+02
  0.87482068E+00 -0.27227848E+02
  0.88246384E+00 -0.27227828E+02
  0.89010701E+00 -0.27227809E+02
  0.89775017E+00 -0.27227790E+02
  0.90539333E+00 -0.27227771E+02
  0.91303649E+00 -0.27227744E+02
  0.92067966E+00 -0.27227714E+02
  0.92832282E+00 -0.27227686E+02
  0.93596598E+00 -0.27227661E+02
  0.94360915E+00 -0.27227637E+02
  0.95125231E+00 -0.27227616E+02
  0.95889547E+00 -0.27227595E+02
  0.96653863E+00 -0.27227576E+02
  0.97418180E+00 -0.27227556E+02
  0.98182496E+00 -0.27227535E+02
  0.98946812E+00 -0.27227514E+02
  0.99711129E+00 -0.27227492E+02
  0.10047544E+01 -0.27227471E+02
  0.10123976E+01 -0.27227449E+02
  0.10200408E+01 -0.27227429E+02
  0.10276839E+01 -0.27227410E+02
  0.10353271E+01 -0.27227393E+02
  0.10429703E+01 -0.27227378E+02
  0.10506134E+01 -0.27227361E+02
  0.10582566E+01 -0.27227340E+02
  0.10658998E+01 -0.27227319E+02
  0.10735429E+01 -0.27227301E+02
  0.10811861E+01 -0.27227285E+02
  0.10888292E+01 -0.27227271E+02
  0.10964724E+01 -0.27227262E+02
  0.11041156E+01 -0.27227255E+02
  0.11117587E+01 -0.27227250E+02
  0.11194019E+01 -0.27227245E+02
  0.11270451E+01 -0.27227226E+02
  0.11346882E+01 -0.27227208E+02
  0.11423314E+01 -0.27227192E+02
  0.11499745E+01 -0.27227179E+02
  0.11576177E+01 -0.27227170E+02
  0.11652609E+01 -0.27227165E+02
  0.11729040E+01 -0.27227164E+02
  0.11805472E+01 -0.27227165E+02
  0.11881904E+01 -0.27227165E+02
  0.11958335E+01 -0.27227149E+02
  0.12034767E+01 -0.27227134E+02
  0.12111198E+01 -0.27227122E+02
  0.12187630E+01 -0.27227112E+02
  0.12264062E+01 -0.27227105E+02
  0.12340493E+01 -0.27227102E+02
  0.12416925E+01 -0.27227102E+02
  0.12493357E+01 -0.27227103E+02
  0.12569788E+01 -0.27227106E+02
  0.12646220E+01 -0.27227093E+02
  0.12722651E+01 -0.27227078E+02
  0.12799083E+01 -0.27227066E+02
  0.12875515E+01 -0.27227057E+02
  0.12951946E+01 -0.27227052E+02
  0.13028378E+01 -0.27227050E+02
  0.13104810E+01 -0.27227051E+02
  0.13181241E+01 -0.27227053E+02
  0.13257673E+01 -0.27227056E+02
  0.13334104E+01 -0.27227049E+02
  0.13410536E+01 -0.27227040E+02
  0.13486968E+01 -0.27227032E+02
  0.13563399E+01 -0.27227028E+02
  0.13639831E+01 -0.27227025E+02
  0.13716263E+01 -0.27227025E+02
  0.13792694E+01 -0.27227026E+02
  0.13869126E+01 -0.27227027E+02
  0.13945558E+01 -0.27227029E+02
  0.14021989E+01 -0.27227028E+02
  0.14098421E+01 -0.27227026E+02
  0.14174852E+01 -0.27227025E+02
  0.14251284E+01 -0.27227025E+02
  0.14327716E+01 -0.27227024E+02
  0.14404497E+01 -0.27226999E+02
  0.14481279E+01 -0.27226966E+02
  0.14558061E+01 -0.27226930E+02
  0.14634842E+01 -0.27226891E+02
  0.14711624E+01 -0.27226848E+02
  0.14788405E+01 -0.27226801E+02
  0.14865187E+01 -0.27226751E+02
  0.14941969E+01 -0.27226698E+02
  0.15018750E+01 -0.27226643E+02
  0.15095532E+01 -0.27226587E+02
  0.15172314E+01 -0.27226532E+02
  0.15249095E+01 -0.27226476E+02
  0.15325877E+01 -0.27226422E+02
  0.15402659E+01 -0.27226370E+02
  0.15479440E+01 -0.27226320E+02
  0.15556222E+01 -0.27226271E+02
  0.15633004E+01 -0.27226223E+02
  0.15709785E+01 -0.27226177E+02
  0.15786567E+01 -0.27226132E+02
  0.15863348E+01 -0.27226087E+02
  0.15940130E+01 -0.27226043E+02
  0.16016912E+01 -0.27225999E+02
  0.16093693E+01 -0.27225956E+02
  0.16170475E+01 -0.27225914E+02
  0.16247257E+01 -0.27225872E+02
  0.16324038E+01 -0.27225833E+02
  0.16400820E+01 -0.27225794E+02
  0.16477602E+01 -0.27225758E+02
  0.16554383E+01 -0.27225723E+02
  0.16631165E+01 -0.27225690E+02
  0.16707946E+01 -0.27225658E+02
  0.16784728E+01 -0.27225628E+02
  0.16861510E+01 -0.27225599E+02
  0.16938291E+01 -0.27225571E+02
  0.17015073E+01 -0.27225544E+02
  0.17091855E+01 -0.27225518E+02
  0.17168636E+01 -0.27225494E+02
  0.17245418E+01 -0.27225472E+02
  0.17322200E+01 -0.27225452E+02
  0.17398981E+01 -0.27225435E+02
  0.17475763E+01 -0.27225420E+02
  0.17552545E+01 -0.27225409E+02
  0.17629326E+01 -0.27225401E+02
  0.17706108E+01 -0.27225396E+02
  0.17782889E+01 -0.27225392E+02
  0.17859671E+01 -0.27225391E+02
  0.17936453E+01 -0.27225391E+02
  0.18013234E+01 -0.27225390E+02
  0.18090016E+01 -0.27225390E+02
  0.18166798E+01 -0.27225390E+02
  0.18243579E+01 -0.27225391E+02
  0.18320361E+01 -0.27225390E+02
  0.18397143E+01 -0.27225388E+02
  0.18473924E+01 -0.27225384E+02
  0.18550706E+01 -0.27225380E+02
  0.18627487E+01 -0.27225378E+02
  0.18704269E+01 -0.27225378E+02
  0.18781051E+01 -0.27225383E+02
  0.18857832E+01 -0.27225393E+02
  0.18934614E+01 -0.27225408E+02
  0.19011396E+01 -0.27225428E+02
  0.19088177E+01 -0.27225452E+02
  0.19164959E+01 -0.27225479E+02
  0.19241741E+01 -0.27225505E+02
  0.19318522E+01 -0.27225532E+02
  0.19395304E+01 -0.27225556E+02
  0.19472086E+01 -0.27225577E+02
  0.19548867E+01 -0.27225597E+02
  0.19625649E+01 -0.27225614E+02
  0.19702430E+01 -0.27225630E+02
  0.19779212E+01 -0.27225647E+02
  0.19855994E+01 -0.27225664E+02
  0.19932775E+01 -0.27225685E+02
  0.20009557E+01 -0.27225710E+02
  0.20086339E+01 -0.27225740E+02
  0.20163120E+01 -0.27225775E+02
  0.20239902E+01 -0.27225814E+02
  0.20316684E+01 -0.27225857E+02
  0.20393465E+01 -0.27225901E+02
  0.20470247E+01 -0.27225944E+02
  0.20547028E+01 -0.27225986E+02
  0.20623810E+01 -0.27226024E+02
  0.20700592E+01 -0.27226059E+02
  0.20777373E+01 -0.27226090E+02
  0.20854155E+01 -0.27226117E+02
  0.20930937E+01 -0.27226142E+02
  0.21007718E+01 -0.27226166E+02
  0.21084500E+01 -0.27226190E+02
  0.21161282E+01 -0.27226217E+02
  0.21238063E+01 -0.27226247E+02
  0.21314845E+01 -0.27226282E+02
  0.21391627E+01 -0.27226320E+02
  0.21468408E+01 -0.27226363E+02
  0.21545190E+01 -0.27226408E+02
  0.21621971E+01 -0.27226454E+02
  0.21698753E+01 -0.27226500E+02
  0.21775535E+01 -0.27226543E+02
  0.21852316E+01 -0.27226583E+02
  0.21929098E+01 -0.27226620E+02
  0.22005880E+01 -0.27226654E+02
  0.22082661E+01 -0.27226684E+02
  0.22159443E+01 -0.27226712E+02
  0.22236225E+01 -0.27226738E+02
  0.22313006E+01 -0.27226765E+02
  0.22389788E+01 -0.27226793E+02
  0.22466569E+01 -0.27226826E+02
  0.22543351E+01 -0.27226862E+02
  0.22620133E+01 -0.27226903E+02
  0.22696914E+01 -0.27226947E+02
  0.22773696E+01 -0.27226993E+02
  0.22850478E+01 -0.27227038E+02
  0.22927259E+01 -0.27227081E+02
  0.23004041E+01 -0.27227122E+02
  0.23080823E+01 -0.27227160E+02
  0.23157604E+01 -0.27227196E+02
  0.23234386E+01 -0.27227231E+02
  0.23311168E+01 -0.27227264E+02
  0.23387949E+01 -0.27227294E+02
  0.23464731E+01 -0.27227320E+02
  0.23541512E+01 -0.27227345E+02
  0.23618294E+01 -0.27227371E+02
  0.23695076E+01 -0.27227401E+02
  0.23771857E+01 -0.27227436E+02
  0.23848639E+01 -0.27227477E+02
  0.23925421E+01 -0.27227523E+02
  0.24002202E+01 -0.27227572E+02
  0.24078984E+01 -0.27227621E+02
  0.24155766E+01 -0.27227646E+02
  0.24232547E+01 -0.27227660E+02
  0.24309329E+01 -0.27227679E+02
  0.24386110E+01 -0.27227704E+02
  0.24462892E+01 -0.27227734E+02
  0.24539674E+01 -0.27227769E+02
  0.24616455E+01 -0.27227804E+02
  0.24693237E+01 -0.27227830E+02
  0.24770019E+01 -0.27227842E+02
  0.24846800E+01 -0.27227853E+02
  0.24923582E+01 -0.27227867E+02
  0.25000364E+01 -0.27227886E+02
  0.25077145E+01 -0.27227908E+02
  0.25153927E+01 -0.27227933E+02
  0.25230709E+01 -0.27227957E+02
  0.25307490E+01 -0.27227971E+02
  0.25384272E+01 -0.27227975E+02
  0.25461053E+01 -0.27227979E+02
  0.25537835E+01 -0.27227985E+02
  0.25614617E+01 -0.27227994E+02
  0.25691398E+01 -0.27228007E+02
  0.25768180E+01 -0.27228021E+02
  0.25844962E+01 -0.27228034E+02
  
  0.00000000E+00 -0.24278481E+02
  0.76781640E-02 -0.24278485E+02
  0.15356328E-01 -0.24278474E+02
  0.23034492E-01 -0.24278451E+02
  0.30712656E-01 -0.24278417E+02
  0.38390820E-01 -0.24278377E+02
  0.46068984E-01 -0.24278337E+02
  0.53747148E-01 -0.24278301E+02
  0.61425312E-01 -0.24278273E+02
  0.69103476E-01 -0.24278256E+02
  0.76781640E-01 -0.24278250E+02
  0.84459804E-01 -0.24278255E+02
  0.92137968E-01 -0.24278269E+02
  0.99816132E-01 -0.24278288E+02
  0.10749430E+00 -0.24278307E+02
  0.11517246E+00 -0.24278322E+02
  0.12285062E+00 -0.24278328E+02
  0.13052879E+00 -0.24278323E+02
  0.13820695E+00 -0.24278305E+02
  0.14588512E+00 -0.24278275E+02
  0.15356328E+00 -0.24278237E+02
  0.16124144E+00 -0.24278193E+02
  0.16891961E+00 -0.24278149E+02
  0.17659777E+00 -0.24278109E+02
  0.18427594E+00 -0.24278077E+02
  0.19195410E+00 -0.24278056E+02
  0.19963226E+00 -0.24278046E+02
  0.20731043E+00 -0.24278046E+02
  0.21498859E+00 -0.24278054E+02
  0.22266676E+00 -0.24278066E+02
  0.23034492E+00 -0.24278080E+02
  0.23802308E+00 -0.24278089E+02
  0.24570125E+00 -0.24278092E+02
  0.25337941E+00 -0.24278084E+02
  0.26105758E+00 -0.24278067E+02
  0.26873574E+00 -0.24278039E+02
  0.27641390E+00 -0.24278005E+02
  0.28409207E+00 -0.24277966E+02
  0.29177023E+00 -0.24277929E+02
  0.29944840E+00 -0.24277897E+02
  0.30712656E+00 -0.24277872E+02
  0.31480472E+00 -0.24277857E+02
  0.32248289E+00 -0.24277851E+02
  0.33016105E+00 -0.24277854E+02
  0.33783922E+00 -0.24277865E+02
  0.34551738E+00 -0.24277879E+02
  0.35319554E+00 -0.24277892E+02
  0.36087371E+00 -0.24277899E+02
  0.36855187E+00 -0.24277898E+02
  0.37623004E+00 -0.24277886E+02
  0.38390820E+00 -0.24277864E+02
  0.39158636E+00 -0.24277834E+02
  0.39926453E+00 -0.24277798E+02
  0.40694269E+00 -0.24277778E+02
  0.41462086E+00 -0.24277797E+02
  0.42229902E+00 -0.24277807E+02
  0.42997718E+00 -0.24277808E+02
  0.43765535E+00 -0.24277797E+02
  0.44533351E+00 -0.24277775E+02
  0.45301168E+00 -0.24277746E+02
  0.46068984E+00 -0.24277724E+02
  0.46836800E+00 -0.24277738E+02
  0.47604617E+00 -0.24277756E+02
  0.48372433E+00 -0.24277766E+02
  0.49140250E+00 -0.24277767E+02
  0.49908066E+00 -0.24277755E+02
  0.50675882E+00 -0.24277732E+02
  0.51443699E+00 -0.24277699E+02
  0.52211515E+00 -0.24277660E+02
  0.52979332E+00 -0.24277672E+02
  0.53747148E+00 -0.24277696E+02
  0.54514964E+00 -0.24277712E+02
  0.55282781E+00 -0.24277717E+02
  0.56050597E+00 -0.24277710E+02
  0.56818414E+00 -0.24277692E+02
  0.57586230E+00 -0.24277664E+02
  0.58354046E+00 -0.24277631E+02
  0.59121863E+00 -0.24277605E+02
  0.59889679E+00 -0.24277622E+02
  0.60657496E+00 -0.24277640E+02
  0.61425312E+00 -0.24277649E+02
  0.62193128E+00 -0.24277648E+02
  0.62960945E+00 -0.24277635E+02
  0.63728761E+00 -0.24277613E+02
  0.64496578E+00 -0.24277586E+02
  0.65264394E+00 -0.24277605E+02
  0.66032210E+00 -0.24277631E+02
  0.66800027E+00 -0.24277650E+02
  0.67567843E+00 -0.24277660E+02
  0.68335660E+00 -0.24277659E+02
  0.69103476E+00 -0.24277647E+02
  0.69871293E+00 -0.24277628E+02
  0.70639109E+00 -0.24277604E+02
  0.71406925E+00 -0.24277590E+02
  0.72174742E+00 -0.24277607E+02
  0.72942558E+00 -0.24277624E+02
  0.73710375E+00 -0.24277634E+02
  0.74478191E+00 -0.24277633E+02
  0.75246007E+00 -0.24277623E+02
  0.76013824E+00 -0.24277606E+02
  0.76781640E+00 -0.24277585E+02
  0.77545956E+00 -0.24277609E+02
  0.78310273E+00 -0.24277630E+02
  0.79074589E+00 -0.24277646E+02
  0.79838905E+00 -0.24277654E+02
  0.80603222E+00 -0.24277653E+02
  0.81367538E+00 -0.24277644E+02
  0.82131854E+00 -0.24277627E+02
  0.82896170E+00 -0.24277607E+02
  0.83660487E+00 -0.24277585E+02
  0.84424803E+00 -0.24277599E+02
  0.85189119E+00 -0.24277616E+02
  0.85953435E+00 -0.24277628E+02
  0.86717752E+00 -0.24277634E+02
  0.87482068E+00 -0.24277633E+02
  0.88246384E+00 -0.24277627E+02
  0.89010701E+00 -0.24277617E+02
  0.89775017E+00 -0.24277605E+02
  0.90539333E+00 -0.24277593E+02
  0.91303649E+00 -0.24277597E+02
  0.92067966E+00 -0.24277606E+02
  0.92832282E+00 -0.24277611E+02
  0.93596598E+00 -0.24277613E+02
  0.94360915E+00 -0.24277614E+02
  0.95125231E+00 -0.24277613E+02
  0.95889547E+00 -0.24277613E+02
  0.96653863E+00 -0.24277615E+02
  0.97418180E+00 -0.24277620E+02
  0.98182496E+00 -0.24277630E+02
  0.98946812E+00 -0.24277643E+02
  0.99711129E+00 -0.24277656E+02
  0.10047544E+01 -0.24277668E+02
  0.10123976E+01 -0.24277679E+02
  0.10200408E+01 -0.24277687E+02
  0.10276839E+01 -0.24277691E+02
  0.10353271E+01 -0.24277690E+02
  0.10429703E+01 -0.24277685E+02
  0.10506134E+01 -0.24277687E+02
  0.10582566E+01 -0.24277703E+02
  0.10658998E+01 -0.24277721E+02
  0.10735429E+01 -0.24277737E+02
  0.10811861E+01 -0.24277751E+02
  0.10888292E+01 -0.24277761E+02
  0.10964724E+01 -0.24277766E+02
  0.11041156E+01 -0.24277766E+02
  0.11117587E+01 -0.24277760E+02
  0.11194019E+01 -0.24277758E+02
  0.11270451E+01 -0.24277786E+02
  0.11346882E+01 -0.24277812E+02
  0.11423314E+01 -0.24277832E+02
  0.11499745E+01 -0.24277847E+02
  0.11576177E+01 -0.24277854E+02
  0.11652609E+01 -0.24277853E+02
  0.11729040E+01 -0.24277847E+02
  0.11805472E+01 -0.24277836E+02
  0.11881904E+01 -0.24277823E+02
  0.11958335E+01 -0.24277853E+02
  0.12034767E+01 -0.24277881E+02
  0.12111198E+01 -0.24277903E+02
  0.12187630E+01 -0.24277917E+02
  0.12264062E+01 -0.24277921E+02
  0.12340493E+01 -0.24277915E+02
  0.12416925E+01 -0.24277900E+02
  0.12493357E+01 -0.24277879E+02
  0.12569788E+01 -0.24277854E+02
  0.12646220E+01 -0.24277869E+02
  0.12722651E+01 -0.24277882E+02
  0.12799083E+01 -0.24277890E+02
  0.12875515E+01 -0.24277892E+02
  0.12951946E+01 -0.24277889E+02
  0.13028378E+01 -0.24277880E+02
  0.13104810E+01 -0.24277868E+02
  0.13181241E+01 -0.24277853E+02
  0.13257673E+01 -0.24277838E+02
  0.13334104E+01 -0.24277842E+02
  0.13410536E+01 -0.24277854E+02
  0.13486968E+01 -0.24277862E+02
  0.13563399E+01 -0.24277863E+02
  0.13639831E+01 -0.24277859E+02
  0.13716263E+01 -0.24277851E+02
  0.13792694E+01 -0.24277840E+02
  0.13869126E+01 -0.24277828E+02
  0.13945558E+01 -0.24277818E+02
  0.14021989E+01 -0.24277816E+02
  0.14098421E+01 -0.24277815E+02
  0.14174852E+01 -0.24277813E+02
  0.14251284E+01 -0.24277810E+02
  0.14327716E+01 -0.24277808E+02
  0.14404497E+01 -0.24277833E+02
  0.14481279E+01 -0.24277859E+02
  0.14558061E+01 -0.24277880E+02
  0.14634842E+01 -0.24277895E+02
  0.14711624E+01 -0.24277905E+02
  0.14788405E+01 -0.24277908E+02
  0.14865187E+01 -0.24277908E+02
  0.14941969E+01 -0.24277905E+02
  0.15018750E+01 -0.24277902E+02
  0.15095532E+01 -0.24277901E+02
  0.15172314E+01 -0.24277903E+02
  0.15249095E+01 -0.24277906E+02
  0.15325877E+01 -0.24277913E+02
  0.15402659E+01 -0.24277922E+02
  0.15479440E+01 -0.24277936E+02
  0.15556222E+01 -0.24277955E+02
  0.15633004E+01 -0.24277979E+02
  0.15709785E+01 -0.24278005E+02
  0.15786567E+01 -0.24278031E+02
  0.15863348E+01 -0.24278057E+02
  0.15940130E+01 -0.24278080E+02
  0.16016912E+01 -0.24278101E+02
  0.16093693E+01 -0.24278121E+02
  0.16170475E+01 -0.24278139E+02
  0.16247257E+01 -0.24278156E+02
  0.16324038E+01 -0.24278173E+02
  0.16400820E+01 -0.24278190E+02
  0.16477602E+01 -0.24278208E+02
  0.16554383E+01 -0.24278225E+02
  0.16631165E+01 -0.24278242E+02
  0.16707946E+01 -0.24278259E+02
  0.16784728E+01 -0.24278275E+02
  0.16861510E+01 -0.24278288E+02
  0.16938291E+01 -0.24278299E+02
  0.17015073E+01 -0.24278307E+02
  0.17091855E+01 -0.24278311E+02
  0.17168636E+01 -0.24278314E+02
  0.17245418E+01 -0.24278315E+02
  0.17322200E+01 -0.24278318E+02
  0.17398981E+01 -0.24278322E+02
  0.17475763E+01 -0.24278330E+02
  0.17552545E+01 -0.24278342E+02
  0.17629326E+01 -0.24278359E+02
  0.17706108E+01 -0.24278379E+02
  0.17782889E+01 -0.24278402E+02
  0.17859671E+01 -0.24278426E+02
  0.17936453E+01 -0.24278448E+02
  0.18013234E+01 -0.24278466E+02
  0.18090016E+01 -0.24278478E+02
  0.18166798E+01 -0.24278481E+02
  0.18243579E+01 -0.24278485E+02
  0.18320361E+01 -0.24278474E+02
  0.18397143E+01 -0.24278451E+02
  0.18473924E+01 -0.24278417E+02
  0.18550706E+01 -0.24278377E+02
  0.18627487E+01 -0.24278337E+02
  0.18704269E+01 -0.24278301E+02
  0.18781051E+01 -0.24278273E+02
  0.18857832E+01 -0.24278256E+02
  0.18934614E+01 -0.24278250E+02
  0.19011396E+01 -0.24278255E+02
  0.19088177E+01 -0.24278269E+02
  0.19164959E+01 -0.24278288E+02
  0.19241741E+01 -0.24278307E+02
  0.19318522E+01 -0.24278322E+02
  0.19395304E+01 -0.24278328E+02
  0.19472086E+01 -0.24278323E+02
  0.19548867E+01 -0.24278305E+02
  0.19625649E+01 -0.24278275E+02
  0.19702430E+01 -0.24278237E+02
  0.19779212E+01 -0.24278193E+02
  0.19855994E+01 -0.24278149E+02
  0.19932775E+01 -0.24278109E+02
  0.20009557E+01 -0.24278077E+02
  0.20086339E+01 -0.24278056E+02
  0.20163120E+01 -0.24278046E+02
  0.20239902E+01 -0.24278046E+02
  0.20316684E+01 -0.24278054E+02
  0.20393465E+01 -0.24278066E+02
  0.20470247E+01 -0.24278080E+02
  0.20547028E+01 -0.24278089E+02
  0.20623810E+01 -0.24278092E+02
  0.20700592E+01 -0.24278084E+02
  0.20777373E+01 -0.24278067E+02
  0.20854155E+01 -0.24278039E+02
  0.20930937E+01 -0.24278005E+02
  0.21007718E+01 -0.24277966E+02
  0.21084500E+01 -0.24277929E+02
  0.21161282E+01 -0.24277897E+02
  0.21238063E+01 -0.24277872E+02
  0.21314845E+01 -0.24277857E+02
  0.21391627E+01 -0.24277851E+02
  0.21468408E+01 -0.24277854E+02
  0.21545190E+01 -0.24277865E+02
  0.21621971E+01 -0.24277879E+02
  0.21698753E+01 -0.24277892E+02
  0.21775535E+01 -0.24277899E+02
  0.21852316E+01 -0.24277898E+02
  0.21929098E+01 -0.24277886E+02
  0.22005880E+01 -0.24277864E+02
  0.22082661E+01 -0.24277834E+02
  0.22159443E+01 -0.24277798E+02
  0.22236225E+01 -0.24277778E+02
  0.22313006E+01 -0.24277797E+02
  0.22389788E+01 -0.24277807E+02
  0.22466569E+01 -0.24277808E+02
  0.22543351E+01 -0.24277797E+02
  0.22620133E+01 -0.24277775E+02
  0.22696914E+01 -0.24277746E+02
  0.22773696E+01 -0.24277724E+02
  0.22850478E+01 -0.24277738E+02
  0.22927259E+01 -0.24277756E+02
  0.23004041E+01 -0.24277766E+02
  0.23080823E+01 -0.24277767E+02
  0.23157604E+01 -0.24277755E+02
  0.23234386E+01 -0.24277732E+02
  0.23311168E+01 -0.24277699E+02
  0.23387949E+01 -0.24277660E+02
  0.23464731E+01 -0.24277672E+02
  0.23541512E+01 -0.24277696E+02
  0.23618294E+01 -0.24277712E+02
  0.23695076E+01 -0.24277717E+02
  0.23771857E+01 -0.24277710E+02
  0.23848639E+01 -0.24277692E+02
  0.23925421E+01 -0.24277664E+02
  0.24002202E+01 -0.24277631E+02
  0.24078984E+01 -0.24277605E+02
  0.24155766E+01 -0.24277622E+02
  0.24232547E+01 -0.24277640E+02
  0.24309329E+01 -0.24277649E+02
  0.24386110E+01 -0.24277648E+02
  0.24462892E+01 -0.24277635E+02
  0.24539674E+01 -0.24277613E+02
  0.24616455E+01 -0.24277586E+02
  0.24693237E+01 -0.24277605E+02
  0.24770019E+01 -0.24277631E+02
  0.24846800E+01 -0.24277650E+02
  0.24923582E+01 -0.24277660E+02
  0.25000364E+01 -0.24277659E+02
  0.25077145E+01 -0.24277647E+02
  0.25153927E+01 -0.24277628E+02
  0.25230709E+01 -0.24277604E+02
  0.25307490E+01 -0.24277590E+02
  0.25384272E+01 -0.24277607E+02
  0.25461053E+01 -0.24277624E+02
  0.25537835E+01 -0.24277634E+02
  0.25614617E+01 -0.24277633E+02
  0.25691398E+01 -0.24277623E+02
  0.25768180E+01 -0.24277606E+02
  0.25844962E+01 -0.24277585E+02
  
  0.00000000E+00 -0.24277385E+02
  0.76781640E-02 -0.24277379E+02
  0.15356328E-01 -0.24277385E+02
  0.23034492E-01 -0.24277402E+02
  0.30712656E-01 -0.24277428E+02
  0.38390820E-01 -0.24277459E+02
  0.46068984E-01 -0.24277492E+02
  0.53747148E-01 -0.24277522E+02
  0.61425312E-01 -0.24277546E+02
  0.69103476E-01 -0.24277561E+02
  0.76781640E-01 -0.24277566E+02
  0.84459804E-01 -0.24277562E+02
  0.92137968E-01 -0.24277550E+02
  0.99816132E-01 -0.24277534E+02
  0.10749430E+00 -0.24277517E+02
  0.11517246E+00 -0.24277502E+02
  0.12285062E+00 -0.24277495E+02
  0.13052879E+00 -0.24277497E+02
  0.13820695E+00 -0.24277511E+02
  0.14588512E+00 -0.24277534E+02
  0.15356328E+00 -0.24277566E+02
  0.16124144E+00 -0.24277603E+02
  0.16891961E+00 -0.24277641E+02
  0.17659777E+00 -0.24277675E+02
  0.18427594E+00 -0.24277703E+02
  0.19195410E+00 -0.24277722E+02
  0.19963226E+00 -0.24277731E+02
  0.20731043E+00 -0.24277731E+02
  0.21498859E+00 -0.24277723E+02
  0.22266676E+00 -0.24277711E+02
  0.23034492E+00 -0.24277698E+02
  0.23802308E+00 -0.24277687E+02
  0.24570125E+00 -0.24277681E+02
  0.25337941E+00 -0.24277683E+02
  0.26105758E+00 -0.24277694E+02
  0.26873574E+00 -0.24277712E+02
  0.27641390E+00 -0.24277737E+02
  0.28409207E+00 -0.24277763E+02
  0.29177023E+00 -0.24277789E+02
  0.29944840E+00 -0.24277809E+02
  0.30712656E+00 -0.24277821E+02
  0.31480472E+00 -0.24277825E+02
  0.32248289E+00 -0.24277820E+02
  0.33016105E+00 -0.24277805E+02
  0.33783922E+00 -0.24277783E+02
  0.34551738E+00 -0.24277759E+02
  0.35319554E+00 -0.24277736E+02
  0.36087371E+00 -0.24277719E+02
  0.36855187E+00 -0.24277709E+02
  0.37623004E+00 -0.24277709E+02
  0.38390820E+00 -0.24277718E+02
  0.39158636E+00 -0.24277735E+02
  0.39926453E+00 -0.24277756E+02
  0.40694269E+00 -0.24277761E+02
  0.41462086E+00 -0.24277726E+02
  0.42229902E+00 -0.24277699E+02
  0.42997718E+00 -0.24277681E+02
  0.43765535E+00 -0.24277675E+02
  0.44533351E+00 -0.24277679E+02
  0.45301168E+00 -0.24277692E+02
  0.46068984E+00 -0.24277697E+02
  0.46836800E+00 -0.24277666E+02
  0.47604617E+00 -0.24277634E+02
  0.48372433E+00 -0.24277609E+02
  0.49140250E+00 -0.24277594E+02
  0.49908066E+00 -0.24277591E+02
  0.50675882E+00 -0.24277601E+02
  0.51443699E+00 -0.24277620E+02
  0.52211515E+00 -0.24277644E+02
  0.52979332E+00 -0.24277618E+02
  0.53747148E+00 -0.24277581E+02
  0.54514964E+00 -0.24277550E+02
  0.55282781E+00 -0.24277531E+02
  0.56050597E+00 -0.24277523E+02
  0.56818414E+00 -0.24277529E+02
  0.57586230E+00 -0.24277545E+02
  0.58354046E+00 -0.24277567E+02
  0.59121863E+00 -0.24277584E+02
  0.59889679E+00 -0.24277560E+02
  0.60657496E+00 -0.24277536E+02
  0.61425312E+00 -0.24277523E+02
  0.62193128E+00 -0.24277521E+02
  0.62960945E+00 -0.24277531E+02
  0.63728761E+00 -0.24277551E+02
  0.64496578E+00 -0.24277577E+02
  0.65264394E+00 -0.24277556E+02
  0.66032210E+00 -0.24277529E+02
  0.66800027E+00 -0.24277508E+02
  0.67567843E+00 -0.24277496E+02
  0.68335660E+00 -0.24277495E+02
  0.69103476E+00 -0.24277506E+02
  0.69871293E+00 -0.24277524E+02
  0.70639109E+00 -0.24277548E+02
  0.71406925E+00 -0.24277563E+02
  0.72174742E+00 -0.24277549E+02
  0.72942558E+00 -0.24277534E+02
  0.73710375E+00 -0.24277528E+02
  0.74478191E+00 -0.24277531E+02
  0.75246007E+00 -0.24277543E+02
  0.76013824E+00 -0.24277562E+02
  0.76781640E+00 -0.24277583E+02
  0.77545956E+00 -0.24277560E+02
  0.78310273E+00 -0.24277539E+02
  0.79074589E+00 -0.24277523E+02
  0.79838905E+00 -0.24277514E+02
  0.80603222E+00 -0.24277515E+02
  0.81367538E+00 -0.24277523E+02
  0.82131854E+00 -0.24277538E+02
  0.82896170E+00 -0.24277557E+02
  0.83660487E+00 -0.24277579E+02
  0.84424803E+00 -0.24277564E+02
  0.85189119E+00 -0.24277547E+02
  0.85953435E+00 -0.24277537E+02
  0.86717752E+00 -0.24277533E+02
  0.87482068E+00 -0.24277536E+02
  0.88246384E+00 -0.24277544E+02
  0.89010701E+00 -0.24277556E+02
  0.89775017E+00 -0.24277571E+02
  0.90539333E+00 -0.24277585E+02
  0.91303649E+00 -0.24277583E+02
  0.92067966E+00 -0.24277576E+02
  0.92832282E+00 -0.24277573E+02
  0.93596598E+00 -0.24277574E+02
  0.94360915E+00 -0.24277579E+02
  0.95125231E+00 -0.24277587E+02
  0.95889547E+00 -0.24277597E+02
  0.96653863E+00 -0.24277608E+02
  0.97418180E+00 -0.24277618E+02
  0.98182496E+00 -0.24277625E+02
  0.98946812E+00 -0.24277630E+02
  0.99711129E+00 -0.24277634E+02
  0.10047544E+01 -0.24277638E+02
  0.10123976E+01 -0.24277641E+02
  0.10200408E+01 -0.24277645E+02
  0.10276839E+01 -0.24277651E+02
  0.10353271E+01 -0.24277660E+02
  0.10429703E+01 -0.24277672E+02
  0.10506134E+01 -0.24277678E+02
  0.10582566E+01 -0.24277670E+02
  0.10658998E+01 -0.24277663E+02
  0.10735429E+01 -0.24277660E+02
  0.10811861E+01 -0.24277661E+02
  0.10888292E+01 -0.24277669E+02
  0.10964724E+01 -0.24277684E+02
  0.11041156E+01 -0.24277705E+02
  0.11117587E+01 -0.24277730E+02
  0.11194019E+01 -0.24277751E+02
  0.11270451E+01 -0.24277740E+02
  0.11346882E+01 -0.24277731E+02
  0.11423314E+01 -0.24277724E+02
  0.11499745E+01 -0.24277723E+02
  0.11576177E+01 -0.24277729E+02
  0.11652609E+01 -0.24277743E+02
  0.11729040E+01 -0.24277764E+02
  0.11805472E+01 -0.24277792E+02
  0.11881904E+01 -0.24277822E+02
  0.11958335E+01 -0.24277809E+02
  0.12034767E+01 -0.24277799E+02
  0.12111198E+01 -0.24277792E+02
  0.12187630E+01 -0.24277791E+02
  0.12264062E+01 -0.24277795E+02
  0.12340493E+01 -0.24277805E+02
  0.12416925E+01 -0.24277819E+02
  0.12493357E+01 -0.24277836E+02
  0.12569788E+01 -0.24277853E+02
  0.12646220E+01 -0.24277828E+02
  0.12722651E+01 -0.24277806E+02
  0.12799083E+01 -0.24277789E+02
  0.12875515E+01 -0.24277779E+02
  0.12951946E+01 -0.24277777E+02
  0.13028378E+01 -0.24277783E+02
  0.13104810E+01 -0.24277794E+02
  0.13181241E+01 -0.24277810E+02
  0.13257673E+01 -0.24277827E+02
  0.13334104E+01 -0.24277824E+02
  0.13410536E+01 -0.24277812E+02
  0.13486968E+01 -0.24277804E+02
  0.13563399E+01 -0.24277800E+02
  0.13639831E+01 -0.24277799E+02
  0.13716263E+01 -0.24277802E+02
  0.13792694E+01 -0.24277806E+02
  0.13869126E+01 -0.24277810E+02
  0.13945558E+01 -0.24277813E+02
  0.14021989E+01 -0.24277809E+02
  0.14098421E+01 -0.24277803E+02
  0.14174852E+01 -0.24277801E+02
  0.14251284E+01 -0.24277802E+02
  0.14327716E+01 -0.24277803E+02
  0.14404497E+01 -0.24277779E+02
  0.14481279E+01 -0.24277754E+02
  0.14558061E+01 -0.24277735E+02
  0.14634842E+01 -0.24277721E+02
  0.14711624E+01 -0.24277715E+02
  0.14788405E+01 -0.24277714E+02
  0.14865187E+01 -0.24277717E+02
  0.14941969E+01 -0.24277723E+02
  0.15018750E+01 -0.24277730E+02
  0.15095532E+01 -0.24277735E+02
  0.15172314E+01 -0.24277739E+02
  0.15249095E+01 -0.24277741E+02
  0.15325877E+01 -0.24277742E+02
  0.15402659E+01 -0.24277740E+02
  0.15479440E+01 -0.24277734E+02
  0.15556222E+01 -0.24277724E+02
  0.15633004E+01 -0.24277709E+02
  0.15709785E+01 -0.24277692E+02
  0.15786567E+01 -0.24277673E+02
  0.15863348E+01 -0.24277654E+02
  0.15940130E+01 -0.24277637E+02
  0.16016912E+01 -0.24277621E+02
  0.16093693E+01 -0.24277607E+02
  0.16170475E+01 -0.24277595E+02
  0.16247257E+01 -0.24277584E+02
  0.16324038E+01 -0.24277574E+02
  0.16400820E+01 -0.24277566E+02
  0.16477602E+01 -0.24277559E+02
  0.16554383E+01 -0.24277552E+02
  0.16631165E+01 -0.24277546E+02
  0.16707946E+01 -0.24277540E+02
  0.16784728E+01 -0.24277535E+02
  0.16861510E+01 -0.24277529E+02
  0.16938291E+01 -0.24277524E+02
  0.17015073E+01 -0.24277519E+02
  0.17091855E+01 -0.24277514E+02
  0.17168636E+01 -0.24277509E+02
  0.17245418E+01 -0.24277502E+02
  0.17322200E+01 -0.24277495E+02
  0.17398981E+01 -0.24277485E+02
  0.17475763E+01 -0.24277473E+02
  0.17552545E+01 -0.24277460E+02
  0.17629326E+01 -0.24277446E+02
  0.17706108E+01 -0.24277431E+02
  0.17782889E+01 -0.24277416E+02
  0.17859671E+01 -0.24277403E+02
  0.17936453E+01 -0.24277392E+02
  0.18013234E+01 -0.24277385E+02
  0.18090016E+01 -0.24277382E+02
  0.18166798E+01 -0.24277385E+02
  0.18243579E+01 -0.24277379E+02
  0.18320361E+01 -0.24277385E+02
  0.18397143E+01 -0.24277402E+02
  0.18473924E+01 -0.24277428E+02
  0.18550706E+01 -0.24277459E+02
  0.18627487E+01 -0.24277492E+02
  0.18704269E+01 -0.24277522E+02
  0.18781051E+01 -0.24277546E+02
  0.18857832E+01 -0.24277561E+02
  0.18934614E+01 -0.24277566E+02
  0.19011396E+01 -0.24277562E+02
  0.19088177E+01 -0.24277550E+02
  0.19164959E+01 -0.24277534E+02
  0.19241741E+01 -0.24277517E+02
  0.19318522E+01 -0.24277502E+02
  0.19395304E+01 -0.24277495E+02
  0.19472086E+01 -0.24277497E+02
  0.19548867E+01 -0.24277511E+02
  0.19625649E+01 -0.24277534E+02
  0.19702430E+01 -0.24277566E+02
  0.19779212E+01 -0.24277603E+02
  0.19855994E+01 -0.24277641E+02
  0.19932775E+01 -0.24277675E+02
  0.20009557E+01 -0.24277703E+02
  0.20086339E+01 -0.24277722E+02
  0.20163120E+01 -0.24277731E+02
  0.20239902E+01 -0.24277731E+02
  0.20316684E+01 -0.24277723E+02
  0.20393465E+01 -0.24277711E+02
  0.20470247E+01 -0.24277698E+02
  0.20547028E+01 -0.24277687E+02
  0.20623810E+01 -0.24277681E+02
  0.20700592E+01 -0.24277683E+02
  0.20777373E+01 -0.24277694E+02
  0.20854155E+01 -0.24277712E+02
  0.20930937E+01 -0.24277737E+02
  0.21007718E+01 -0.24277763E+02
  0.21084500E+01 -0.24277789E+02
  0.21161282E+01 -0.24277809E+02
  0.21238063E+01 -0.24277821E+02
  0.21314845E+01 -0.24277825E+02
  0.21391627E+01 -0.24277820E+02
  0.21468408E+01 -0.24277805E+02
  0.21545190E+01 -0.24277783E+02
  0.21621971E+01 -0.24277759E+02
  0.21698753E+01 -0.24277736E+02
  0.21775535E+01 -0.24277719E+02
  0.21852316E+01 -0.24277709E+02
  0.21929098E+01 -0.24277709E+02
  0.22005880E+01 -0.24277718E+02
  0.22082661E+01 -0.24277735E+02
  0.22159443E+01 -0.24277756E+02
  0.22236225E+01 -0.24277761E+02
  0.22313006E+01 -0.24277726E+02
  0.22389788E+01 -0.24277699E+02
  0.22466569E+01 -0.24277681E+02
  0.22543351E+01 -0.24277675E+02
  0.22620133E+01 -0.24277679E+02
  0.22696914E+01 -0.24277692E+02
  0.22773696E+01 -0.24277697E+02
  0.22850478E+01 -0.24277666E+02
  0.22927259E+01 -0.24277634E+02
  0.23004041E+01 -0.24277609E+02
  0.23080823E+01 -0.24277594E+02
  0.23157604E+01 -0.24277591E+02
  0.23234386E+01 -0.24277601E+02
  0.23311168E+01 -0.24277620E+02
  0.23387949E+01 -0.24277644E+02
  0.23464731E+01 -0.24277618E+02
  0.23541512E+01 -0.24277581E+02
  0.23618294E+01 -0.24277550E+02
  0.23695076E+01 -0.24277531E+02
  0.23771857E+01 -0.24277523E+02
  0.23848639E+01 -0.24277529E+02
  0.23925421E+01 -0.24277545E+02
  0.24002202E+01 -0.24277567E+02
  0.24078984E+01 -0.24277584E+02
  0.24155766E+01 -0.24277560E+02
  0.24232547E+01 -0.24277536E+02
  0.24309329E+01 -0.24277523E+02
  0.24386110E+01 -0.24277521E+02
  0.24462892E+01 -0.24277531E+02
  0.24539674E+01 -0.24277551E+02
  0.24616455E+01 -0.24277577E+02
  0.24693237E+01 -0.24277556E+02
  0.24770019E+01 -0.24277529E+02
  0.24846800E+01 -0.24277508E+02
  0.24923582E+01 -0.24277496E+02
  0.25000364E+01 -0.24277495E+02
  0.25077145E+01 -0.24277506E+02
  0.25153927E+01 -0.24277524E+02
  0.25230709E+01 -0.24277548E+02
  0.25307490E+01 -0.24277563E+02
  0.25384272E+01 -0.24277549E+02
  0.25461053E+01 -0.24277534E+02
  0.25537835E+01 -0.24277528E+02
  0.25614617E+01 -0.24277531E+02
  0.25691398E+01 -0.24277543E+02
  0.25768180E+01 -0.24277562E+02
  0.25844962E+01 -0.24277583E+02
  
  0.00000000E+00 -0.24264215E+02
  0.76781640E-02 -0.24264214E+02
  0.15356328E-01 -0.24264196E+02
  0.23034492E-01 -0.24264161E+02
  0.30712656E-01 -0.24264115E+02
  0.38390820E-01 -0.24264061E+02
  0.46068984E-01 -0.24264006E+02
  0.53747148E-01 -0.24263957E+02
  0.61425312E-01 -0.24263917E+02
  0.69103476E-01 -0.24263892E+02
  0.76781640E-01 -0.24263881E+02
  0.84459804E-01 -0.24263883E+02
  0.92137968E-01 -0.24263896E+02
  0.99816132E-01 -0.24263916E+02
  0.10749430E+00 -0.24263937E+02
  0.11517246E+00 -0.24263951E+02
  0.12285062E+00 -0.24263955E+02
  0.13052879E+00 -0.24263945E+02
  0.13820695E+00 -0.24263920E+02
  0.14588512E+00 -0.24263881E+02
  0.15356328E+00 -0.24263830E+02
  0.16124144E+00 -0.24263791E+02
  0.16891961E+00 -0.24263835E+02
  0.17659777E+00 -0.24263874E+02
  0.18427594E+00 -0.24263904E+02
  0.19195410E+00 -0.24263922E+02
  0.19963226E+00 -0.24263926E+02
  0.20731043E+00 -0.24263917E+02
  0.21498859E+00 -0.24263898E+02
  0.22266676E+00 -0.24263873E+02
  0.23034492E+00 -0.24263848E+02
  0.23802308E+00 -0.24263826E+02
  0.24570125E+00 -0.24263811E+02
  0.25337941E+00 -0.24263805E+02
  0.26105758E+00 -0.24263809E+02
  0.26873574E+00 -0.24263823E+02
  0.27641390E+00 -0.24263847E+02
  0.28409207E+00 -0.24263875E+02
  0.29177023E+00 -0.24263904E+02
  0.29944840E+00 -0.24263927E+02
  0.30712656E+00 -0.24263940E+02
  0.31480472E+00 -0.24263942E+02
  0.32248289E+00 -0.24263931E+02
  0.33016105E+00 -0.24263910E+02
  0.33783922E+00 -0.24263882E+02
  0.34551738E+00 -0.24263851E+02
  0.35319554E+00 -0.24263823E+02
  0.36087371E+00 -0.24263803E+02
  0.36855187E+00 -0.24263793E+02
  0.37623004E+00 -0.24263794E+02
  0.38390820E+00 -0.24263806E+02
  0.39158636E+00 -0.24263828E+02
  0.39926453E+00 -0.24263854E+02
  0.40694269E+00 -0.24263882E+02
  0.41462086E+00 -0.24263905E+02
  0.42229902E+00 -0.24263918E+02
  0.42997718E+00 -0.24263917E+02
  0.43765535E+00 -0.24263902E+02
  0.44533351E+00 -0.24263873E+02
  0.45301168E+00 -0.24263832E+02
  0.46068984E+00 -0.24263785E+02
  0.46836800E+00 -0.24263739E+02
  0.47604617E+00 -0.24263710E+02
  0.48372433E+00 -0.24263728E+02
  0.49140250E+00 -0.24263740E+02
  0.49908066E+00 -0.24263736E+02
  0.50675882E+00 -0.24263718E+02
  0.51443699E+00 -0.24263696E+02
  0.52211515E+00 -0.24263737E+02
  0.52979332E+00 -0.24263782E+02
  0.53747148E+00 -0.24263823E+02
  0.54514964E+00 -0.24263856E+02
  0.55282781E+00 -0.24263876E+02
  0.56050597E+00 -0.24263879E+02
  0.56818414E+00 -0.24263867E+02
  0.57586230E+00 -0.24263842E+02
  0.58354046E+00 -0.24263807E+02
  0.59121863E+00 -0.24263773E+02
  0.59889679E+00 -0.24263775E+02
  0.60657496E+00 -0.24263809E+02
  0.61425312E+00 -0.24263833E+02
  0.62193128E+00 -0.24263842E+02
  0.62960945E+00 -0.24263836E+02
  0.63728761E+00 -0.24263817E+02
  0.64496578E+00 -0.24263790E+02
  0.65264394E+00 -0.24263823E+02
  0.66032210E+00 -0.24263865E+02
  0.66800027E+00 -0.24263900E+02
  0.67567843E+00 -0.24263924E+02
  0.68335660E+00 -0.24263934E+02
  0.69103476E+00 -0.24263931E+02
  0.69871293E+00 -0.24263917E+02
  0.70639109E+00 -0.24263898E+02
  0.71406925E+00 -0.24263885E+02
  0.72174742E+00 -0.24263894E+02
  0.72942558E+00 -0.24263913E+02
  0.73710375E+00 -0.24263925E+02
  0.74478191E+00 -0.24263926E+02
  0.75246007E+00 -0.24263915E+02
  0.76013824E+00 -0.24263895E+02
  0.76781640E+00 -0.24263869E+02
  0.77545956E+00 -0.24263894E+02
  0.78310273E+00 -0.24263915E+02
  0.79074589E+00 -0.24263928E+02
  0.79838905E+00 -0.24263933E+02
  0.80603222E+00 -0.24263928E+02
  0.81367538E+00 -0.24263914E+02
  0.82131854E+00 -0.24263892E+02
  0.82896170E+00 -0.24263866E+02
  0.83660487E+00 -0.24263838E+02
  0.84424803E+00 -0.24263845E+02
  0.85189119E+00 -0.24263859E+02
  0.85953435E+00 -0.24263866E+02
  0.86717752E+00 -0.24263866E+02
  0.87482068E+00 -0.24263859E+02
  0.88246384E+00 -0.24263845E+02
  0.89010701E+00 -0.24263826E+02
  0.89775017E+00 -0.24263804E+02
  0.90539333E+00 -0.24263781E+02
  0.91303649E+00 -0.24263779E+02
  0.92067966E+00 -0.24263780E+02
  0.92832282E+00 -0.24263778E+02
  0.93596598E+00 -0.24263771E+02
  0.94360915E+00 -0.24263762E+02
  0.95125231E+00 -0.24263752E+02
  0.95889547E+00 -0.24263742E+02
  0.96653863E+00 -0.24263733E+02
  0.97418180E+00 -0.24263727E+02
  0.98182496E+00 -0.24263725E+02
  0.98946812E+00 -0.24263726E+02
  0.99711129E+00 -0.24263729E+02
  0.10047544E+01 -0.24263732E+02
  0.10123976E+01 -0.24263735E+02
  0.10200408E+01 -0.24263736E+02
  0.10276839E+01 -0.24263734E+02
  0.10353271E+01 -0.24263728E+02
  0.10429703E+01 -0.24263719E+02
  0.10506134E+01 -0.24263713E+02
  0.10582566E+01 -0.24263723E+02
  0.10658998E+01 -0.24263734E+02
  0.10735429E+01 -0.24263744E+02
  0.10811861E+01 -0.24263753E+02
  0.10888292E+01 -0.24263758E+02
  0.10964724E+01 -0.24263759E+02
  0.11041156E+01 -0.24263755E+02
  0.11117587E+01 -0.24263748E+02
  0.11194019E+01 -0.24263747E+02
  0.11270451E+01 -0.24263774E+02
  0.11346882E+01 -0.24263798E+02
  0.11423314E+01 -0.24263818E+02
  0.11499745E+01 -0.24263832E+02
  0.11576177E+01 -0.24263839E+02
  0.11652609E+01 -0.24263838E+02
  0.11729040E+01 -0.24263830E+02
  0.11805472E+01 -0.24263818E+02
  0.11881904E+01 -0.24263805E+02
  0.11958335E+01 -0.24263834E+02
  0.12034767E+01 -0.24263862E+02
  0.12111198E+01 -0.24263885E+02
  0.12187630E+01 -0.24263901E+02
  0.12264062E+01 -0.24263910E+02
  0.12340493E+01 -0.24263909E+02
  0.12416925E+01 -0.24263902E+02
  0.12493357E+01 -0.24263887E+02
  0.12569788E+01 -0.24263870E+02
  0.12646220E+01 -0.24263890E+02
  0.12722651E+01 -0.24263909E+02
  0.12799083E+01 -0.24263922E+02
  0.12875515E+01 -0.24263928E+02
  0.12951946E+01 -0.24263927E+02
  0.13028378E+01 -0.24263920E+02
  0.13104810E+01 -0.24263909E+02
  0.13181241E+01 -0.24263896E+02
  0.13257673E+01 -0.24263882E+02
  0.13334104E+01 -0.24263891E+02
  0.13410536E+01 -0.24263907E+02
  0.13486968E+01 -0.24263918E+02
  0.13563399E+01 -0.24263924E+02
  0.13639831E+01 -0.24263924E+02
  0.13716263E+01 -0.24263919E+02
  0.13792694E+01 -0.24263910E+02
  0.13869126E+01 -0.24263899E+02
  0.13945558E+01 -0.24263888E+02
  0.14021989E+01 -0.24263886E+02
  0.14098421E+01 -0.24263885E+02
  0.14174852E+01 -0.24263883E+02
  0.14251284E+01 -0.24263880E+02
  0.14327716E+01 -0.24263878E+02
  0.14404497E+01 -0.24263900E+02
  0.14481279E+01 -0.24263923E+02
  0.14558061E+01 -0.24263938E+02
  0.14634842E+01 -0.24263944E+02
  0.14711624E+01 -0.24263938E+02
  0.14788405E+01 -0.24263921E+02
  0.14865187E+01 -0.24263894E+02
  0.14941969E+01 -0.24263870E+02
  0.15018750E+01 -0.24263900E+02
  0.15095532E+01 -0.24263928E+02
  0.15172314E+01 -0.24263950E+02
  0.15249095E+01 -0.24263964E+02
  0.15325877E+01 -0.24263968E+02
  0.15402659E+01 -0.24263963E+02
  0.15479440E+01 -0.24263950E+02
  0.15556222E+01 -0.24263930E+02
  0.15633004E+01 -0.24263908E+02
  0.15709785E+01 -0.24263885E+02
  0.15786567E+01 -0.24263867E+02
  0.15863348E+01 -0.24263858E+02
  0.15940130E+01 -0.24263859E+02
  0.16016912E+01 -0.24263864E+02
  0.16093693E+01 -0.24263868E+02
  0.16170475E+01 -0.24263871E+02
  0.16247257E+01 -0.24263874E+02
  0.16324038E+01 -0.24263879E+02
  0.16400820E+01 -0.24263885E+02
  0.16477602E+01 -0.24263894E+02
  0.16554383E+01 -0.24263906E+02
  0.16631165E+01 -0.24263920E+02
  0.16707946E+01 -0.24263937E+02
  0.16784728E+01 -0.24263953E+02
  0.16861510E+01 -0.24263969E+02
  0.16938291E+01 -0.24263980E+02
  0.17015073E+01 -0.24263988E+02
  0.17091855E+01 -0.24263991E+02
  0.17168636E+01 -0.24263991E+02
  0.17245418E+01 -0.24263989E+02
  0.17322200E+01 -0.24263988E+02
  0.17398981E+01 -0.24263991E+02
  0.17475763E+01 -0.24263998E+02
  0.17552545E+01 -0.24264013E+02
  0.17629326E+01 -0.24264035E+02
  0.17706108E+01 -0.24264063E+02
  0.17782889E+01 -0.24264096E+02
  0.17859671E+01 -0.24264131E+02
  0.17936453E+01 -0.24264164E+02
  0.18013234E+01 -0.24264191E+02
  0.18090016E+01 -0.24264209E+02
  0.18166798E+01 -0.24264215E+02
  0.18243579E+01 -0.24264214E+02
  0.18320361E+01 -0.24264196E+02
  0.18397143E+01 -0.24264161E+02
  0.18473924E+01 -0.24264115E+02
  0.18550706E+01 -0.24264061E+02
  0.18627487E+01 -0.24264006E+02
  0.18704269E+01 -0.24263957E+02
  0.18781051E+01 -0.24263917E+02
  0.18857832E+01 -0.24263892E+02
  0.18934614E+01 -0.24263881E+02
  0.19011396E+01 -0.24263883E+02
  0.19088177E+01 -0.24263896E+02
  0.19164959E+01 -0.24263916E+02
  0.19241741E+01 -0.24263937E+02
  0.19318522E+01 -0.24263951E+02
  0.19395304E+01 -0.24263955E+02
  0.19472086E+01 -0.24263945E+02
  0.19548867E+01 -0.24263920E+02
  0.19625649E+01 -0.24263881E+02
  0.19702430E+01 -0.24263830E+02
  0.19779212E+01 -0.24263791E+02
  0.19855994E+01 -0.24263835E+02
  0.19932775E+01 -0.24263874E+02
  0.20009557E+01 -0.24263904E+02
  0.20086339E+01 -0.24263922E+02
  0.20163120E+01 -0.24263926E+02
  0.20239902E+01 -0.24263917E+02
  0.20316684E+01 -0.24263898E+02
  0.20393465E+01 -0.24263873E+02
  0.20470247E+01 -0.24263848E+02
  0.20547028E+01 -0.24263826E+02
  0.20623810E+01 -0.24263811E+02
  0.20700592E+01 -0.24263805E+02
  0.20777373E+01 -0.24263809E+02
  0.20854155E+01 -0.24263823E+02
  0.20930937E+01 -0.24263847E+02
  0.21007718E+01 -0.24263875E+02
  0.21084500E+01 -0.24263904E+02
  0.21161282E+01 -0.24263927E+02
  0.21238063E+01 -0.24263940E+02
  0.21314845E+01 -0.24263942E+02
  0.21391627E+01 -0.24263931E+02
  0.21468408E+01 -0.24263910E+02
  0.21545190E+01 -0.24263882E+02
  0.21621971E+01 -0.24263851E+02
  0.21698753E+01 -0.24263823E+02
  0.21775535E+01 -0.24263803E+02
  0.21852316E+01 -0.24263793E+02
  0.21929098E+01 -0.24263794E+02
  0.22005880E+01 -0.24263806E+02
  0.22082661E+01 -0.24263828E+02
  0.22159443E+01 -0.24263854E+02
  0.22236225E+01 -0.24263882E+02
  0.22313006E+01 -0.24263905E+02
  0.22389788E+01 -0.24263918E+02
  0.22466569E+01 -0.24263917E+02
  0.22543351E+01 -0.24263902E+02
  0.22620133E+01 -0.24263873E+02
  0.22696914E+01 -0.24263832E+02
  0.22773696E+01 -0.24263785E+02
  0.22850478E+01 -0.24263739E+02
  0.22927259E+01 -0.24263710E+02
  0.23004041E+01 -0.24263728E+02
  0.23080823E+01 -0.24263740E+02
  0.23157604E+01 -0.24263736E+02
  0.23234386E+01 -0.24263718E+02
  0.23311168E+01 -0.24263696E+02
  0.23387949E+01 -0.24263737E+02
  0.23464731E+01 -0.24263782E+02
  0.23541512E+01 -0.24263823E+02
  0.23618294E+01 -0.24263856E+02
  0.23695076E+01 -0.24263876E+02
  0.23771857E+01 -0.24263879E+02
  0.23848639E+01 -0.24263867E+02
  0.23925421E+01 -0.24263842E+02
  0.24002202E+01 -0.24263807E+02
  0.24078984E+01 -0.24263773E+02
  0.24155766E+01 -0.24263775E+02
  0.24232547E+01 -0.24263809E+02
  0.24309329E+01 -0.24263833E+02
  0.24386110E+01 -0.24263842E+02
  0.24462892E+01 -0.24263836E+02
  0.24539674E+01 -0.24263817E+02
  0.24616455E+01 -0.24263790E+02
  0.24693237E+01 -0.24263823E+02
  0.24770019E+01 -0.24263865E+02
  0.24846800E+01 -0.24263900E+02
  0.24923582E+01 -0.24263924E+02
  0.25000364E+01 -0.24263934E+02
  0.25077145E+01 -0.24263931E+02
  0.25153927E+01 -0.24263917E+02
  0.25230709E+01 -0.24263898E+02
  0.25307490E+01 -0.24263885E+02
  0.25384272E+01 -0.24263894E+02
  0.25461053E+01 -0.24263913E+02
  0.25537835E+01 -0.24263925E+02
  0.25614617E+01 -0.24263926E+02
  0.25691398E+01 -0.24263915E+02
  0.25768180E+01 -0.24263895E+02
  0.25844962E+01 -0.24263869E+02
  
  0.00000000E+00 -0.24263587E+02
  0.76781640E-02 -0.24263585E+02
  0.15356328E-01 -0.24263599E+02
  0.23034492E-01 -0.24263628E+02
  0.30712656E-01 -0.24263668E+02
  0.38390820E-01 -0.24263715E+02
  0.46068984E-01 -0.24263761E+02
  0.53747148E-01 -0.24263801E+02
  0.61425312E-01 -0.24263830E+02
  0.69103476E-01 -0.24263845E+02
  0.76781640E-01 -0.24263844E+02
  0.84459804E-01 -0.24263831E+02
  0.92137968E-01 -0.24263804E+02
  0.99816132E-01 -0.24263771E+02
  0.10749430E+00 -0.24263736E+02
  0.11517246E+00 -0.24263706E+02
  0.12285062E+00 -0.24263687E+02
  0.13052879E+00 -0.24263681E+02
  0.13820695E+00 -0.24263690E+02
  0.14588512E+00 -0.24263714E+02
  0.15356328E+00 -0.24263749E+02
  0.16124144E+00 -0.24263772E+02
  0.16891961E+00 -0.24263715E+02
  0.17659777E+00 -0.24263662E+02
  0.18427594E+00 -0.24263619E+02
  0.19195410E+00 -0.24263590E+02
  0.19963226E+00 -0.24263575E+02
  0.20731043E+00 -0.24263574E+02
  0.21498859E+00 -0.24263585E+02
  0.22266676E+00 -0.24263602E+02
  0.23034492E+00 -0.24263620E+02
  0.23802308E+00 -0.24263636E+02
  0.24570125E+00 -0.24263646E+02
  0.25337941E+00 -0.24263647E+02
  0.26105758E+00 -0.24263640E+02
  0.26873574E+00 -0.24263623E+02
  0.27641390E+00 -0.24263597E+02
  0.28409207E+00 -0.24263567E+02
  0.29177023E+00 -0.24263537E+02
  0.29944840E+00 -0.24263513E+02
  0.30712656E+00 -0.24263499E+02
  0.31480472E+00 -0.24263496E+02
  0.32248289E+00 -0.24263505E+02
  0.33016105E+00 -0.24263524E+02
  0.33783922E+00 -0.24263550E+02
  0.34551738E+00 -0.24263577E+02
  0.35319554E+00 -0.24263602E+02
  0.36087371E+00 -0.24263619E+02
  0.36855187E+00 -0.24263626E+02
  0.37623004E+00 -0.24263621E+02
  0.38390820E+00 -0.24263607E+02
  0.39158636E+00 -0.24263583E+02
  0.39926453E+00 -0.24263555E+02
  0.40694269E+00 -0.24263527E+02
  0.41462086E+00 -0.24263504E+02
  0.42229902E+00 -0.24263491E+02
  0.42997718E+00 -0.24263491E+02
  0.43765535E+00 -0.24263505E+02
  0.44533351E+00 -0.24263532E+02
  0.45301168E+00 -0.24263570E+02
  0.46068984E+00 -0.24263614E+02
  0.46836800E+00 -0.24263657E+02
  0.47604617E+00 -0.24263681E+02
  0.48372433E+00 -0.24263659E+02
  0.49140250E+00 -0.24263644E+02
  0.49908066E+00 -0.24263645E+02
  0.50675882E+00 -0.24263663E+02
  0.51443699E+00 -0.24263686E+02
  0.52211515E+00 -0.24263649E+02
  0.52979332E+00 -0.24263611E+02
  0.53747148E+00 -0.24263578E+02
  0.54514964E+00 -0.24263555E+02
  0.55282781E+00 -0.24263548E+02
  0.56050597E+00 -0.24263557E+02
  0.56818414E+00 -0.24263583E+02
  0.57586230E+00 -0.24263622E+02
  0.58354046E+00 -0.24263668E+02
  0.59121863E+00 -0.24263715E+02
  0.59889679E+00 -0.24263724E+02
  0.60657496E+00 -0.24263702E+02
  0.61425312E+00 -0.24263689E+02
  0.62193128E+00 -0.24263691E+02
  0.62960945E+00 -0.24263708E+02
  0.63728761E+00 -0.24263739E+02
  0.64496578E+00 -0.24263779E+02
  0.65264394E+00 -0.24263760E+02
  0.66032210E+00 -0.24263733E+02
  0.66800027E+00 -0.24263713E+02
  0.67567843E+00 -0.24263706E+02
  0.68335660E+00 -0.24263711E+02
  0.69103476E+00 -0.24263730E+02
  0.69871293E+00 -0.24263758E+02
  0.70639109E+00 -0.24263791E+02
  0.71406925E+00 -0.24263816E+02
  0.72174742E+00 -0.24263816E+02
  0.72942558E+00 -0.24263805E+02
  0.73710375E+00 -0.24263800E+02
  0.74478191E+00 -0.24263804E+02
  0.75246007E+00 -0.24263818E+02
  0.76013824E+00 -0.24263840E+02
  0.76781640E+00 -0.24263866E+02
  0.77545956E+00 -0.24263840E+02
  0.78310273E+00 -0.24263816E+02
  0.79074589E+00 -0.24263796E+02
  0.79838905E+00 -0.24263784E+02
  0.80603222E+00 -0.24263780E+02
  0.81367538E+00 -0.24263784E+02
  0.82131854E+00 -0.24263795E+02
  0.82896170E+00 -0.24263811E+02
  0.83660487E+00 -0.24263829E+02
  0.84424803E+00 -0.24263811E+02
  0.85189119E+00 -0.24263787E+02
  0.85953435E+00 -0.24263770E+02
  0.86717752E+00 -0.24263759E+02
  0.87482068E+00 -0.24263754E+02
  0.88246384E+00 -0.24263755E+02
  0.89010701E+00 -0.24263760E+02
  0.89775017E+00 -0.24263767E+02
  0.90539333E+00 -0.24263774E+02
  0.91303649E+00 -0.24263760E+02
  0.92067966E+00 -0.24263742E+02
  0.92832282E+00 -0.24263728E+02
  0.93596598E+00 -0.24263720E+02
  0.94360915E+00 -0.24263716E+02
  0.95125231E+00 -0.24263716E+02
  0.95889547E+00 -0.24263717E+02
  0.96653863E+00 -0.24263720E+02
  0.97418180E+00 -0.24263722E+02
  0.98182496E+00 -0.24263722E+02
  0.98946812E+00 -0.24263720E+02
  0.99711129E+00 -0.24263716E+02
  0.10047544E+01 -0.24263711E+02
  0.10123976E+01 -0.24263706E+02
  0.10200408E+01 -0.24263702E+02
  0.10276839E+01 -0.24263700E+02
  0.10353271E+01 -0.24263701E+02
  0.10429703E+01 -0.24263705E+02
  0.10506134E+01 -0.24263707E+02
  0.10582566E+01 -0.24263694E+02
  0.10658998E+01 -0.24263682E+02
  0.10735429E+01 -0.24263674E+02
  0.10811861E+01 -0.24263671E+02
  0.10888292E+01 -0.24263673E+02
  0.10964724E+01 -0.24263683E+02
  0.11041156E+01 -0.24263700E+02
  0.11117587E+01 -0.24263722E+02
  0.11194019E+01 -0.24263738E+02
  0.11270451E+01 -0.24263727E+02
  0.11346882E+01 -0.24263718E+02
  0.11423314E+01 -0.24263712E+02
  0.11499745E+01 -0.24263711E+02
  0.11576177E+01 -0.24263717E+02
  0.11652609E+01 -0.24263730E+02
  0.11729040E+01 -0.24263750E+02
  0.11805472E+01 -0.24263775E+02
  0.11881904E+01 -0.24263803E+02
  0.11958335E+01 -0.24263789E+02
  0.12034767E+01 -0.24263778E+02
  0.12111198E+01 -0.24263772E+02
  0.12187630E+01 -0.24263773E+02
  0.12264062E+01 -0.24263781E+02
  0.12340493E+01 -0.24263796E+02
  0.12416925E+01 -0.24263817E+02
  0.12493357E+01 -0.24263841E+02
  0.12569788E+01 -0.24263866E+02
  0.12646220E+01 -0.24263851E+02
  0.12722651E+01 -0.24263833E+02
  0.12799083E+01 -0.24263821E+02
  0.12875515E+01 -0.24263814E+02
  0.12951946E+01 -0.24263814E+02
  0.13028378E+01 -0.24263822E+02
  0.13104810E+01 -0.24263835E+02
  0.13181241E+01 -0.24263853E+02
  0.13257673E+01 -0.24263872E+02
  0.13334104E+01 -0.24263870E+02
  0.13410536E+01 -0.24263861E+02
  0.13486968E+01 -0.24263857E+02
  0.13563399E+01 -0.24263857E+02
  0.13639831E+01 -0.24263860E+02
  0.13716263E+01 -0.24263866E+02
  0.13792694E+01 -0.24263873E+02
  0.13869126E+01 -0.24263879E+02
  0.13945558E+01 -0.24263883E+02
  0.14021989E+01 -0.24263878E+02
  0.14098421E+01 -0.24263871E+02
  0.14174852E+01 -0.24263867E+02
  0.14251284E+01 -0.24263866E+02
  0.14327716E+01 -0.24263866E+02
  0.14404497E+01 -0.24263844E+02
  0.14481279E+01 -0.24263821E+02
  0.14558061E+01 -0.24263806E+02
  0.14634842E+01 -0.24263800E+02
  0.14711624E+01 -0.24263804E+02
  0.14788405E+01 -0.24263819E+02
  0.14865187E+01 -0.24263842E+02
  0.14941969E+01 -0.24263862E+02
  0.15018750E+01 -0.24263827E+02
  0.15095532E+01 -0.24263793E+02
  0.15172314E+01 -0.24263764E+02
  0.15249095E+01 -0.24263744E+02
  0.15325877E+01 -0.24263732E+02
  0.15402659E+01 -0.24263731E+02
  0.15479440E+01 -0.24263738E+02
  0.15556222E+01 -0.24263752E+02
  0.15633004E+01 -0.24263771E+02
  0.15709785E+01 -0.24263791E+02
  0.15786567E+01 -0.24263808E+02
  0.15863348E+01 -0.24263817E+02
  0.15940130E+01 -0.24263816E+02
  0.16016912E+01 -0.24263812E+02
  0.16093693E+01 -0.24263810E+02
  0.16170475E+01 -0.24263809E+02
  0.16247257E+01 -0.24263809E+02
  0.16324038E+01 -0.24263808E+02
  0.16400820E+01 -0.24263804E+02
  0.16477602E+01 -0.24263799E+02
  0.16554383E+01 -0.24263791E+02
  0.16631165E+01 -0.24263781E+02
  0.16707946E+01 -0.24263768E+02
  0.16784728E+01 -0.24263756E+02
  0.16861510E+01 -0.24263745E+02
  0.16938291E+01 -0.24263737E+02
  0.17015073E+01 -0.24263733E+02
  0.17091855E+01 -0.24263733E+02
  0.17168636E+01 -0.24263736E+02
  0.17245418E+01 -0.24263741E+02
  0.17322200E+01 -0.24263745E+02
  0.17398981E+01 -0.24263746E+02
  0.17475763E+01 -0.24263742E+02
  0.17552545E+01 -0.24263732E+02
  0.17629326E+01 -0.24263716E+02
  0.17706108E+01 -0.24263694E+02
  0.17782889E+01 -0.24263670E+02
  0.17859671E+01 -0.24263643E+02
  0.17936453E+01 -0.24263619E+02
  0.18013234E+01 -0.24263600E+02
  0.18090016E+01 -0.24263588E+02
  0.18166798E+01 -0.24263587E+02
  0.18243579E+01 -0.24263585E+02
  0.18320361E+01 -0.24263599E+02
  0.18397143E+01 -0.24263628E+02
  0.18473924E+01 -0.24263668E+02
  0.18550706E+01 -0.24263715E+02
  0.18627487E+01 -0.24263761E+02
  0.18704269E+01 -0.24263801E+02
  0.18781051E+01 -0.24263830E+02
  0.18857832E+01 -0.24263845E+02
  0.18934614E+01 -0.24263844E+02
  0.19011396E+01 -0.24263831E+02
  0.19088177E+01 -0.24263804E+02
  0.19164959E+01 -0.24263771E+02
  0.19241741E+01 -0.24263736E+02
  0.19318522E+01 -0.24263706E+02
  0.19395304E+01 -0.24263687E+02
  0.19472086E+01 -0.24263681E+02
  0.19548867E+01 -0.24263690E+02
  0.19625649E+01 -0.24263714E+02
  0.19702430E+01 -0.24263749E+02
  0.19779212E+01 -0.24263772E+02
  0.19855994E+01 -0.24263715E+02
  0.19932775E+01 -0.24263662E+02
  0.20009557E+01 -0.24263619E+02
  0.20086339E+01 -0.24263590E+02
  0.20163120E+01 -0.24263575E+02
  0.20239902E+01 -0.24263574E+02
  0.20316684E+01 -0.24263585E+02
  0.20393465E+01 -0.24263602E+02
  0.20470247E+01 -0.24263620E+02
  0.20547028E+01 -0.24263636E+02
  0.20623810E+01 -0.24263646E+02
  0.20700592E+01 -0.24263647E+02
  0.20777373E+01 -0.24263640E+02
  0.20854155E+01 -0.24263623E+02
  0.20930937E+01 -0.24263597E+02
  0.21007718E+01 -0.24263567E+02
  0.21084500E+01 -0.24263537E+02
  0.21161282E+01 -0.24263513E+02
  0.21238063E+01 -0.24263499E+02
  0.21314845E+01 -0.24263496E+02
  0.21391627E+01 -0.24263505E+02
  0.21468408E+01 -0.24263524E+02
  0.21545190E+01 -0.24263550E+02
  0.21621971E+01 -0.24263577E+02
  0.21698753E+01 -0.24263602E+02
  0.21775535E+01 -0.24263619E+02
  0.21852316E+01 -0.24263626E+02
  0.21929098E+01 -0.24263621E+02
  0.22005880E+01 -0.24263607E+02
  0.22082661E+01 -0.24263583E+02
  0.22159443E+01 -0.24263555E+02
  0.22236225E+01 -0.24263527E+02
  0.22313006E+01 -0.24263504E+02
  0.22389788E+01 -0.24263491E+02
  0.22466569E+01 -0.24263491E+02
  0.22543351E+01 -0.24263505E+02
  0.22620133E+01 -0.24263532E+02
  0.22696914E+01 -0.24263570E+02
  0.22773696E+01 -0.24263614E+02
  0.22850478E+01 -0.24263657E+02
  0.22927259E+01 -0.24263681E+02
  0.23004041E+01 -0.24263659E+02
  0.23080823E+01 -0.24263644E+02
  0.23157604E+01 -0.24263645E+02
  0.23234386E+01 -0.24263663E+02
  0.23311168E+01 -0.24263686E+02
  0.23387949E+01 -0.24263649E+02
  0.23464731E+01 -0.24263611E+02
  0.23541512E+01 -0.24263578E+02
  0.23618294E+01 -0.24263555E+02
  0.23695076E+01 -0.24263548E+02
  0.23771857E+01 -0.24263557E+02
  0.23848639E+01 -0.24263583E+02
  0.23925421E+01 -0.24263622E+02
  0.24002202E+01 -0.24263668E+02
  0.24078984E+01 -0.24263715E+02
  0.24155766E+01 -0.24263724E+02
  0.24232547E+01 -0.24263702E+02
  0.24309329E+01 -0.24263689E+02
  0.24386110E+01 -0.24263691E+02
  0.24462892E+01 -0.24263708E+02
  0.24539674E+01 -0.24263739E+02
  0.24616455E+01 -0.24263779E+02
  0.24693237E+01 -0.24263760E+02
  0.24770019E+01 -0.24263733E+02
  0.24846800E+01 -0.24263713E+02
  0.24923582E+01 -0.24263706E+02
  0.25000364E+01 -0.24263711E+02
  0.25077145E+01 -0.24263730E+02
  0.25153927E+01 -0.24263758E+02
  0.25230709E+01 -0.24263791E+02
  0.25307490E+01 -0.24263816E+02
  0.25384272E+01 -0.24263816E+02
  0.25461053E+01 -0.24263805E+02
  0.25537835E+01 -0.24263800E+02
  0.25614617E+01 -0.24263804E+02
  0.25691398E+01 -0.24263818E+02
  0.25768180E+01 -0.24263840E+02
  0.25844962E+01 -0.24263866E+02
  
  0.00000000E+00 -0.24259550E+02
  0.76781640E-02 -0.24259548E+02
  0.15356328E-01 -0.24259538E+02
  0.23034492E-01 -0.24259519E+02
  0.30712656E-01 -0.24259494E+02
  0.38390820E-01 -0.24259465E+02
  0.46068984E-01 -0.24259435E+02
  0.53747148E-01 -0.24259406E+02
  0.61425312E-01 -0.24259380E+02
  0.69103476E-01 -0.24259359E+02
  0.76781640E-01 -0.24259342E+02
  0.84459804E-01 -0.24259330E+02
  0.92137968E-01 -0.24259319E+02
  0.99816132E-01 -0.24259309E+02
  0.10749430E+00 -0.24259295E+02
  0.11517246E+00 -0.24259277E+02
  0.12285062E+00 -0.24259251E+02
  0.13052879E+00 -0.24259218E+02
  0.13820695E+00 -0.24259177E+02
  0.14588512E+00 -0.24259129E+02
  0.15356328E+00 -0.24259076E+02
  0.16124144E+00 -0.24259021E+02
  0.16891961E+00 -0.24258966E+02
  0.17659777E+00 -0.24258914E+02
  0.18427594E+00 -0.24258867E+02
  0.19195410E+00 -0.24258826E+02
  0.19963226E+00 -0.24258791E+02
  0.20731043E+00 -0.24258760E+02
  0.21498859E+00 -0.24258732E+02
  0.22266676E+00 -0.24258705E+02
  0.23034492E+00 -0.24258676E+02
  0.23802308E+00 -0.24258642E+02
  0.24570125E+00 -0.24258602E+02
  0.25337941E+00 -0.24258555E+02
  0.26105758E+00 -0.24258500E+02
  0.26873574E+00 -0.24258440E+02
  0.27641390E+00 -0.24258377E+02
  0.28409207E+00 -0.24258312E+02
  0.29177023E+00 -0.24258249E+02
  0.29944840E+00 -0.24258191E+02
  0.30712656E+00 -0.24258140E+02
  0.31480472E+00 -0.24258097E+02
  0.32248289E+00 -0.24258062E+02
  0.33016105E+00 -0.24258034E+02
  0.33783922E+00 -0.24258011E+02
  0.34551738E+00 -0.24257991E+02
  0.35319554E+00 -0.24257971E+02
  0.36087371E+00 -0.24257950E+02
  0.36855187E+00 -0.24257924E+02
  0.37623004E+00 -0.24257892E+02
  0.38390820E+00 -0.24257856E+02
  0.39158636E+00 -0.24257816E+02
  0.39926453E+00 -0.24257774E+02
  0.40694269E+00 -0.24257732E+02
  0.41462086E+00 -0.24257693E+02
  0.42229902E+00 -0.24257659E+02
  0.42997718E+00 -0.24257633E+02
  0.43765535E+00 -0.24257615E+02
  0.44533351E+00 -0.24257606E+02
  0.45301168E+00 -0.24257605E+02
  0.46068984E+00 -0.24257609E+02
  0.46836800E+00 -0.24257616E+02
  0.47604617E+00 -0.24257625E+02
  0.48372433E+00 -0.24257632E+02
  0.49140250E+00 -0.24257636E+02
  0.49908066E+00 -0.24257637E+02
  0.50675882E+00 -0.24257634E+02
  0.51443699E+00 -0.24257630E+02
  0.52211515E+00 -0.24257624E+02
  0.52979332E+00 -0.24257621E+02
  0.53747148E+00 -0.24257622E+02
  0.54514964E+00 -0.24257629E+02
  0.55282781E+00 -0.24257645E+02
  0.56050597E+00 -0.24257668E+02
  0.56818414E+00 -0.24257699E+02
  0.57586230E+00 -0.24257736E+02
  0.58354046E+00 -0.24257777E+02
  0.59121863E+00 -0.24257821E+02
  0.59889679E+00 -0.24257863E+02
  0.60657496E+00 -0.24257903E+02
  0.61425312E+00 -0.24257938E+02
  0.62193128E+00 -0.24257968E+02
  0.62960945E+00 -0.24257993E+02
  0.63728761E+00 -0.24258014E+02
  0.64496578E+00 -0.24258032E+02
  0.65264394E+00 -0.24258050E+02
  0.66032210E+00 -0.24258069E+02
  0.66800027E+00 -0.24258097E+02
  0.67567843E+00 -0.24258136E+02
  0.68335660E+00 -0.24258174E+02
  0.69103476E+00 -0.24258208E+02
  0.69871293E+00 -0.24258240E+02
  0.70639109E+00 -0.24258273E+02
  0.71406925E+00 -0.24258307E+02
  0.72174742E+00 -0.24258338E+02
  0.72942558E+00 -0.24258364E+02
  0.73710375E+00 -0.24258383E+02
  0.74478191E+00 -0.24258394E+02
  0.75246007E+00 -0.24258396E+02
  0.76013824E+00 -0.24258391E+02
  0.76781640E+00 -0.24258381E+02
  0.77545956E+00 -0.24258387E+02
  0.78310273E+00 -0.24258388E+02
  0.79074589E+00 -0.24258384E+02
  0.79838905E+00 -0.24258372E+02
  0.80603222E+00 -0.24258354E+02
  0.81367538E+00 -0.24258330E+02
  0.82131854E+00 -0.24258301E+02
  0.82896170E+00 -0.24258268E+02
  0.83660487E+00 -0.24258232E+02
  0.84424803E+00 -0.24258210E+02
  0.85189119E+00 -0.24258185E+02
  0.85953435E+00 -0.24258157E+02
  0.86717752E+00 -0.24258126E+02
  0.87482068E+00 -0.24258090E+02
  0.88246384E+00 -0.24258051E+02
  0.89010701E+00 -0.24258009E+02
  0.89775017E+00 -0.24257965E+02
  0.90539333E+00 -0.24257920E+02
  0.91303649E+00 -0.24257880E+02
  0.92067966E+00 -0.24257845E+02
  0.92832282E+00 -0.24257811E+02
  0.93596598E+00 -0.24257777E+02
  0.94360915E+00 -0.24257743E+02
  0.95125231E+00 -0.24257711E+02
  0.95889547E+00 -0.24257682E+02
  0.96653863E+00 -0.24257654E+02
  0.97418180E+00 -0.24257631E+02
  0.98182496E+00 -0.24257613E+02
  0.98946812E+00 -0.24257596E+02
  0.99711129E+00 -0.24257579E+02
  0.10047544E+01 -0.24257562E+02
  0.10123976E+01 -0.24257543E+02
  0.10200408E+01 -0.24257524E+02
  0.10276839E+01 -0.24257504E+02
  0.10353271E+01 -0.24257484E+02
  0.10429703E+01 -0.24257463E+02
  0.10506134E+01 -0.24257447E+02
  0.10582566E+01 -0.24257434E+02
  0.10658998E+01 -0.24257424E+02
  0.10735429E+01 -0.24257416E+02
  0.10811861E+01 -0.24257410E+02
  0.10888292E+01 -0.24257404E+02
  0.10964724E+01 -0.24257398E+02
  0.11041156E+01 -0.24257392E+02
  0.11117587E+01 -0.24257384E+02
  0.11194019E+01 -0.24257376E+02
  0.11270451E+01 -0.24257376E+02
  0.11346882E+01 -0.24257379E+02
  0.11423314E+01 -0.24257381E+02
  0.11499745E+01 -0.24257380E+02
  0.11576177E+01 -0.24257376E+02
  0.11652609E+01 -0.24257370E+02
  0.11729040E+01 -0.24257361E+02
  0.11805472E+01 -0.24257352E+02
  0.11881904E+01 -0.24257354E+02
  0.11958335E+01 -0.24257363E+02
  0.12034767E+01 -0.24257373E+02
  0.12111198E+01 -0.24257382E+02
  0.12187630E+01 -0.24257387E+02
  0.12264062E+01 -0.24257389E+02
  0.12340493E+01 -0.24257387E+02
  0.12416925E+01 -0.24257382E+02
  0.12493357E+01 -0.24257373E+02
  0.12569788E+01 -0.24257363E+02
  0.12646220E+01 -0.24257362E+02
  0.12722651E+01 -0.24257369E+02
  0.12799083E+01 -0.24257375E+02
  0.12875515E+01 -0.24257378E+02
  0.12951946E+01 -0.24257378E+02
  0.13028378E+01 -0.24257377E+02
  0.13104810E+01 -0.24257373E+02
  0.13181241E+01 -0.24257369E+02
  0.13257673E+01 -0.24257367E+02
  0.13334104E+01 -0.24257377E+02
  0.13410536E+01 -0.24257386E+02
  0.13486968E+01 -0.24257392E+02
  0.13563399E+01 -0.24257395E+02
  0.13639831E+01 -0.24257395E+02
  0.13716263E+01 -0.24257392E+02
  0.13792694E+01 -0.24257387E+02
  0.13869126E+01 -0.24257381E+02
  0.13945558E+01 -0.24257375E+02
  0.14021989E+01 -0.24257370E+02
  0.14098421E+01 -0.24257368E+02
  0.14174852E+01 -0.24257367E+02
  0.14251284E+01 -0.24257365E+02
  0.14327716E+01 -0.24257366E+02
  0.14404497E+01 -0.24257440E+02
  0.14481279E+01 -0.24257516E+02
  0.14558061E+01 -0.24257588E+02
  0.14634842E+01 -0.24257656E+02
  0.14711624E+01 -0.24257720E+02
  0.14788405E+01 -0.24257781E+02
  0.14865187E+01 -0.24257839E+02
  0.14941969E+01 -0.24257893E+02
  0.15018750E+01 -0.24257946E+02
  0.15095532E+01 -0.24257998E+02
  0.15172314E+01 -0.24258050E+02
  0.15249095E+01 -0.24258101E+02
  0.15325877E+01 -0.24258154E+02
  0.15402659E+01 -0.24258208E+02
  0.15479440E+01 -0.24258263E+02
  0.15556222E+01 -0.24258318E+02
  0.15633004E+01 -0.24258374E+02
  0.15709785E+01 -0.24258430E+02
  0.15786567E+01 -0.24258486E+02
  0.15863348E+01 -0.24258541E+02
  0.15940130E+01 -0.24258596E+02
  0.16016912E+01 -0.24258649E+02
  0.16093693E+01 -0.24258701E+02
  0.16170475E+01 -0.24258753E+02
  0.16247257E+01 -0.24258804E+02
  0.16324038E+01 -0.24258855E+02
  0.16400820E+01 -0.24258905E+02
  0.16477602E+01 -0.24258954E+02
  0.16554383E+01 -0.24259002E+02
  0.16631165E+01 -0.24259049E+02
  0.16707946E+01 -0.24259093E+02
  0.16784728E+01 -0.24259134E+02
  0.16861510E+01 -0.24259173E+02
  0.16938291E+01 -0.24259208E+02
  0.17015073E+01 -0.24259240E+02
  0.17091855E+01 -0.24259269E+02
  0.17168636E+01 -0.24259295E+02
  0.17245418E+01 -0.24259320E+02
  0.17322200E+01 -0.24259344E+02
  0.17398981E+01 -0.24259368E+02
  0.17475763E+01 -0.24259392E+02
  0.17552545E+01 -0.24259417E+02
  0.17629326E+01 -0.24259442E+02
  0.17706108E+01 -0.24259466E+02
  0.17782889E+01 -0.24259490E+02
  0.17859671E+01 -0.24259511E+02
  0.17936453E+01 -0.24259529E+02
  0.18013234E+01 -0.24259542E+02
  0.18090016E+01 -0.24259549E+02
  0.18166798E+01 -0.24259550E+02
  0.18243579E+01 -0.24259548E+02
  0.18320361E+01 -0.24259538E+02
  0.18397143E+01 -0.24259519E+02
  0.18473924E+01 -0.24259494E+02
  0.18550706E+01 -0.24259465E+02
  0.18627487E+01 -0.24259435E+02
  0.18704269E+01 -0.24259406E+02
  0.18781051E+01 -0.24259380E+02
  0.18857832E+01 -0.24259359E+02
  0.18934614E+01 -0.24259342E+02
  0.19011396E+01 -0.24259330E+02
  0.19088177E+01 -0.24259319E+02
  0.19164959E+01 -0.24259309E+02
  0.19241741E+01 -0.24259295E+02
  0.19318522E+01 -0.24259277E+02
  0.19395304E+01 -0.24259251E+02
  0.19472086E+01 -0.24259218E+02
  0.19548867E+01 -0.24259177E+02
  0.19625649E+01 -0.24259129E+02
  0.19702430E+01 -0.24259076E+02
  0.19779212E+01 -0.24259021E+02
  0.19855994E+01 -0.24258966E+02
  0.19932775E+01 -0.24258914E+02
  0.20009557E+01 -0.24258867E+02
  0.20086339E+01 -0.24258826E+02
  0.20163120E+01 -0.24258791E+02
  0.20239902E+01 -0.24258760E+02
  0.20316684E+01 -0.24258732E+02
  0.20393465E+01 -0.24258705E+02
  0.20470247E+01 -0.24258676E+02
  0.20547028E+01 -0.24258642E+02
  0.20623810E+01 -0.24258602E+02
  0.20700592E+01 -0.24258555E+02
  0.20777373E+01 -0.24258500E+02
  0.20854155E+01 -0.24258440E+02
  0.20930937E+01 -0.24258377E+02
  0.21007718E+01 -0.24258312E+02
  0.21084500E+01 -0.24258249E+02
  0.21161282E+01 -0.24258191E+02
  0.21238063E+01 -0.24258140E+02
  0.21314845E+01 -0.24258097E+02
  0.21391627E+01 -0.24258062E+02
  0.21468408E+01 -0.24258034E+02
  0.21545190E+01 -0.24258011E+02
  0.21621971E+01 -0.24257991E+02
  0.21698753E+01 -0.24257971E+02
  0.21775535E+01 -0.24257950E+02
  0.21852316E+01 -0.24257924E+02
  0.21929098E+01 -0.24257892E+02
  0.22005880E+01 -0.24257856E+02
  0.22082661E+01 -0.24257816E+02
  0.22159443E+01 -0.24257774E+02
  0.22236225E+01 -0.24257732E+02
  0.22313006E+01 -0.24257693E+02
  0.22389788E+01 -0.24257659E+02
  0.22466569E+01 -0.24257633E+02
  0.22543351E+01 -0.24257615E+02
  0.22620133E+01 -0.24257606E+02
  0.22696914E+01 -0.24257605E+02
  0.22773696E+01 -0.24257609E+02
  0.22850478E+01 -0.24257616E+02
  0.22927259E+01 -0.24257625E+02
  0.23004041E+01 -0.24257632E+02
  0.23080823E+01 -0.24257636E+02
  0.23157604E+01 -0.24257637E+02
  0.23234386E+01 -0.24257634E+02
  0.23311168E+01 -0.24257630E+02
  0.23387949E+01 -0.24257624E+02
  0.23464731E+01 -0.24257621E+02
  0.23541512E+01 -0.24257622E+02
  0.23618294E+01 -0.24257629E+02
  0.23695076E+01 -0.24257645E+02
  0.23771857E+01 -0.24257668E+02
  0.23848639E+01 -0.24257699E+02
  0.23925421E+01 -0.24257736E+02
  0.24002202E+01 -0.24257777E+02
  0.24078984E+01 -0.24257821E+02
  0.24155766E+01 -0.24257863E+02
  0.24232547E+01 -0.24257903E+02
  0.24309329E+01 -0.24257938E+02
  0.24386110E+01 -0.24257968E+02
  0.24462892E+01 -0.24257993E+02
  0.24539674E+01 -0.24258014E+02
  0.24616455E+01 -0.24258032E+02
  0.24693237E+01 -0.24258050E+02
  0.24770019E+01 -0.24258069E+02
  0.24846800E+01 -0.24258097E+02
  0.24923582E+01 -0.24258136E+02
  0.25000364E+01 -0.24258174E+02
  0.25077145E+01 -0.24258208E+02
  0.25153927E+01 -0.24258240E+02
  0.25230709E+01 -0.24258273E+02
  0.25307490E+01 -0.24258307E+02
  0.25384272E+01 -0.24258338E+02
  0.25461053E+01 -0.24258364E+02
  0.25537835E+01 -0.24258383E+02
  0.25614617E+01 -0.24258394E+02
  0.25691398E+01 -0.24258396E+02
  0.25768180E+01 -0.24258391E+02
  0.25844962E+01 -0.24258381E+02
  
  0.00000000E+00 -0.24254889E+02
  0.76781640E-02 -0.24254886E+02
  0.15356328E-01 -0.24254889E+02
  0.23034492E-01 -0.24254898E+02
  0.30712656E-01 -0.24254912E+02
  0.38390820E-01 -0.24254930E+02
  0.46068984E-01 -0.24254950E+02
  0.53747148E-01 -0.24254971E+02
  0.61425312E-01 -0.24254990E+02
  0.69103476E-01 -0.24255008E+02
  0.76781640E-01 -0.24255023E+02
  0.84459804E-01 -0.24255036E+02
  0.92137968E-01 -0.24255047E+02
  0.99816132E-01 -0.24255059E+02
  0.10749430E+00 -0.24255072E+02
  0.11517246E+00 -0.24255088E+02
  0.12285062E+00 -0.24255108E+02
  0.13052879E+00 -0.24255133E+02
  0.13820695E+00 -0.24255163E+02
  0.14588512E+00 -0.24255198E+02
  0.15356328E+00 -0.24255237E+02
  0.16124144E+00 -0.24255278E+02
  0.16891961E+00 -0.24255320E+02
  0.17659777E+00 -0.24255360E+02
  0.18427594E+00 -0.24255399E+02
  0.19195410E+00 -0.24255435E+02
  0.19963226E+00 -0.24255467E+02
  0.20731043E+00 -0.24255497E+02
  0.21498859E+00 -0.24255525E+02
  0.22266676E+00 -0.24255553E+02
  0.23034492E+00 -0.24255581E+02
  0.23802308E+00 -0.24255612E+02
  0.24570125E+00 -0.24255646E+02
  0.25337941E+00 -0.24255683E+02
  0.26105758E+00 -0.24255725E+02
  0.26873574E+00 -0.24255769E+02
  0.27641390E+00 -0.24255816E+02
  0.28409207E+00 -0.24255863E+02
  0.29177023E+00 -0.24255909E+02
  0.29944840E+00 -0.24255954E+02
  0.30712656E+00 -0.24255995E+02
  0.31480472E+00 -0.24256034E+02
  0.32248289E+00 -0.24256069E+02
  0.33016105E+00 -0.24256102E+02
  0.33783922E+00 -0.24256134E+02
  0.34551738E+00 -0.24256167E+02
  0.35319554E+00 -0.24256201E+02
  0.36087371E+00 -0.24256237E+02
  0.36855187E+00 -0.24256278E+02
  0.37623004E+00 -0.24256323E+02
  0.38390820E+00 -0.24256371E+02
  0.39158636E+00 -0.24256423E+02
  0.39926453E+00 -0.24256476E+02
  0.40694269E+00 -0.24256529E+02
  0.41462086E+00 -0.24256581E+02
  0.42229902E+00 -0.24256629E+02
  0.42997718E+00 -0.24256675E+02
  0.43765535E+00 -0.24256716E+02
  0.44533351E+00 -0.24256753E+02
  0.45301168E+00 -0.24256787E+02
  0.46068984E+00 -0.24256819E+02
  0.46836800E+00 -0.24256852E+02
  0.47604617E+00 -0.24256886E+02
  0.48372433E+00 -0.24256923E+02
  0.49140250E+00 -0.24256964E+02
  0.49908066E+00 -0.24257010E+02
  0.50675882E+00 -0.24257061E+02
  0.51443699E+00 -0.24257115E+02
  0.52211515E+00 -0.24257172E+02
  0.52979332E+00 -0.24257229E+02
  0.53747148E+00 -0.24257286E+02
  0.54514964E+00 -0.24257340E+02
  0.55282781E+00 -0.24257390E+02
  0.56050597E+00 -0.24257437E+02
  0.56818414E+00 -0.24257479E+02
  0.57586230E+00 -0.24257519E+02
  0.58354046E+00 -0.24257558E+02
  0.59121863E+00 -0.24257595E+02
  0.59889679E+00 -0.24257634E+02
  0.60657496E+00 -0.24257675E+02
  0.61425312E+00 -0.24257720E+02
  0.62193128E+00 -0.24257768E+02
  0.62960945E+00 -0.24257820E+02
  0.63728761E+00 -0.24257875E+02
  0.64496578E+00 -0.24257931E+02
  0.65264394E+00 -0.24257987E+02
  0.66032210E+00 -0.24258039E+02
  0.66800027E+00 -0.24258083E+02
  0.67567843E+00 -0.24258113E+02
  0.68335660E+00 -0.24258144E+02
  0.69103476E+00 -0.24258177E+02
  0.69871293E+00 -0.24258209E+02
  0.70639109E+00 -0.24258236E+02
  0.71406925E+00 -0.24258258E+02
  0.72174742E+00 -0.24258276E+02
  0.72942558E+00 -0.24258293E+02
  0.73710375E+00 -0.24258311E+02
  0.74478191E+00 -0.24258329E+02
  0.75246007E+00 -0.24258348E+02
  0.76013824E+00 -0.24258365E+02
  0.76781640E+00 -0.24258380E+02
  0.77545956E+00 -0.24258369E+02
  0.78310273E+00 -0.24258355E+02
  0.79074589E+00 -0.24258338E+02
  0.79838905E+00 -0.24258321E+02
  0.80603222E+00 -0.24258303E+02
  0.81367538E+00 -0.24258286E+02
  0.82131854E+00 -0.24258268E+02
  0.82896170E+00 -0.24258250E+02
  0.83660487E+00 -0.24258231E+02
  0.84424803E+00 -0.24258195E+02
  0.85189119E+00 -0.24258157E+02
  0.85953435E+00 -0.24258120E+02
  0.86717752E+00 -0.24258084E+02
  0.87482068E+00 -0.24258049E+02
  0.88246384E+00 -0.24258014E+02
  0.89010701E+00 -0.24257981E+02
  0.89775017E+00 -0.24257947E+02
  0.90539333E+00 -0.24257913E+02
  0.91303649E+00 -0.24257875E+02
  0.92067966E+00 -0.24257832E+02
  0.92832282E+00 -0.24257792E+02
  0.93596598E+00 -0.24257756E+02
  0.94360915E+00 -0.24257724E+02
  0.95125231E+00 -0.24257696E+02
  0.95889547E+00 -0.24257671E+02
  0.96653863E+00 -0.24257650E+02
  0.97418180E+00 -0.24257629E+02
  0.98182496E+00 -0.24257607E+02
  0.98946812E+00 -0.24257586E+02
  0.99711129E+00 -0.24257566E+02
  0.10047544E+01 -0.24257547E+02
  0.10123976E+01 -0.24257529E+02
  0.10200408E+01 -0.24257510E+02
  0.10276839E+01 -0.24257492E+02
  0.10353271E+01 -0.24257474E+02
  0.10429703E+01 -0.24257458E+02
  0.10506134E+01 -0.24257439E+02
  0.10582566E+01 -0.24257420E+02
  0.10658998E+01 -0.24257402E+02
  0.10735429E+01 -0.24257387E+02
  0.10811861E+01 -0.24257376E+02
  0.10888292E+01 -0.24257368E+02
  0.10964724E+01 -0.24257365E+02
  0.11041156E+01 -0.24257365E+02
  0.11117587E+01 -0.24257367E+02
  0.11194019E+01 -0.24257370E+02
  0.11270451E+01 -0.24257364E+02
  0.11346882E+01 -0.24257355E+02
  0.11423314E+01 -0.24257346E+02
  0.11499745E+01 -0.24257339E+02
  0.11576177E+01 -0.24257335E+02
  0.11652609E+01 -0.24257335E+02
  0.11729040E+01 -0.24257338E+02
  0.11805472E+01 -0.24257343E+02
  0.11881904E+01 -0.24257341E+02
  0.11958335E+01 -0.24257332E+02
  0.12034767E+01 -0.24257324E+02
  0.12111198E+01 -0.24257320E+02
  0.12187630E+01 -0.24257319E+02
  0.12264062E+01 -0.24257321E+02
  0.12340493E+01 -0.24257326E+02
  0.12416925E+01 -0.24257334E+02
  0.12493357E+01 -0.24257343E+02
  0.12569788E+01 -0.24257352E+02
  0.12646220E+01 -0.24257351E+02
  0.12722651E+01 -0.24257342E+02
  0.12799083E+01 -0.24257334E+02
  0.12875515E+01 -0.24257331E+02
  0.12951946E+01 -0.24257331E+02
  0.13028378E+01 -0.24257336E+02
  0.13104810E+01 -0.24257344E+02
  0.13181241E+01 -0.24257354E+02
  0.13257673E+01 -0.24257364E+02
  0.13334104E+01 -0.24257361E+02
  0.13410536E+01 -0.24257359E+02
  0.13486968E+01 -0.24257358E+02
  0.13563399E+01 -0.24257358E+02
  0.13639831E+01 -0.24257360E+02
  0.13716263E+01 -0.24257363E+02
  0.13792694E+01 -0.24257365E+02
  0.13869126E+01 -0.24257368E+02
  0.13945558E+01 -0.24257369E+02
  0.14021989E+01 -0.24257368E+02
  0.14098421E+01 -0.24257365E+02
  0.14174852E+01 -0.24257362E+02
  0.14251284E+01 -0.24257361E+02
  0.14327716E+01 -0.24257360E+02
  0.14404497E+01 -0.24257283E+02
  0.14481279E+01 -0.24257202E+02
  0.14558061E+01 -0.24257120E+02
  0.14634842E+01 -0.24257040E+02
  0.14711624E+01 -0.24256960E+02
  0.14788405E+01 -0.24256881E+02
  0.14865187E+01 -0.24256804E+02
  0.14941969E+01 -0.24256728E+02
  0.15018750E+01 -0.24256654E+02
  0.15095532E+01 -0.24256580E+02
  0.15172314E+01 -0.24256506E+02
  0.15249095E+01 -0.24256433E+02
  0.15325877E+01 -0.24256360E+02
  0.15402659E+01 -0.24256287E+02
  0.15479440E+01 -0.24256214E+02
  0.15556222E+01 -0.24256141E+02
  0.15633004E+01 -0.24256068E+02
  0.15709785E+01 -0.24255995E+02
  0.15786567E+01 -0.24255924E+02
  0.15863348E+01 -0.24255854E+02
  0.15940130E+01 -0.24255786E+02
  0.16016912E+01 -0.24255720E+02
  0.16093693E+01 -0.24255657E+02
  0.16170475E+01 -0.24255597E+02
  0.16247257E+01 -0.24255541E+02
  0.16324038E+01 -0.24255488E+02
  0.16400820E+01 -0.24255440E+02
  0.16477602E+01 -0.24255395E+02
  0.16554383E+01 -0.24255355E+02
  0.16631165E+01 -0.24255318E+02
  0.16707946E+01 -0.24255283E+02
  0.16784728E+01 -0.24255251E+02
  0.16861510E+01 -0.24255220E+02
  0.16938291E+01 -0.24255190E+02
  0.17015073E+01 -0.24255159E+02
  0.17091855E+01 -0.24255129E+02
  0.17168636E+01 -0.24255097E+02
  0.17245418E+01 -0.24255066E+02
  0.17322200E+01 -0.24255034E+02
  0.17398981E+01 -0.24255004E+02
  0.17475763E+01 -0.24254974E+02
  0.17552545E+01 -0.24254948E+02
  0.17629326E+01 -0.24254925E+02
  0.17706108E+01 -0.24254906E+02
  0.17782889E+01 -0.24254892E+02
  0.17859671E+01 -0.24254883E+02
  0.17936453E+01 -0.24254879E+02
  0.18013234E+01 -0.24254879E+02
  0.18090016E+01 -0.24254883E+02
  0.18166798E+01 -0.24254889E+02
  0.18243579E+01 -0.24254886E+02
  0.18320361E+01 -0.24254889E+02
  0.18397143E+01 -0.24254898E+02
  0.18473924E+01 -0.24254912E+02
  0.18550706E+01 -0.24254930E+02
  0.18627487E+01 -0.24254950E+02
  0.18704269E+01 -0.24254971E+02
  0.18781051E+01 -0.24254990E+02
  0.18857832E+01 -0.24255008E+02
  0.18934614E+01 -0.24255023E+02
  0.19011396E+01 -0.24255036E+02
  0.19088177E+01 -0.24255047E+02
  0.19164959E+01 -0.24255059E+02
  0.19241741E+01 -0.24255072E+02
  0.19318522E+01 -0.24255088E+02
  0.19395304E+01 -0.24255108E+02
  0.19472086E+01 -0.24255133E+02
  0.19548867E+01 -0.24255163E+02
  0.19625649E+01 -0.24255198E+02
  0.19702430E+01 -0.24255237E+02
  0.19779212E+01 -0.24255278E+02
  0.19855994E+01 -0.24255320E+02
  0.19932775E+01 -0.24255360E+02
  0.20009557E+01 -0.24255399E+02
  0.20086339E+01 -0.24255435E+02
  0.20163120E+01 -0.24255467E+02
  0.20239902E+01 -0.24255497E+02
  0.20316684E+01 -0.24255525E+02
  0.20393465E+01 -0.24255553E+02
  0.20470247E+01 -0.24255581E+02
  0.20547028E+01 -0.24255612E+02
  0.20623810E+01 -0.24255646E+02
  0.20700592E+01 -0.24255683E+02
  0.20777373E+01 -0.24255725E+02
  0.20854155E+01 -0.24255769E+02
  0.20930937E+01 -0.24255816E+02
  0.21007718E+01 -0.24255863E+02
  0.21084500E+01 -0.24255909E+02
  0.21161282E+01 -0.24255954E+02
  0.21238063E+01 -0.24255995E+02
  0.21314845E+01 -0.24256034E+02
  0.21391627E+01 -0.24256069E+02
  0.21468408E+01 -0.24256102E+02
  0.21545190E+01 -0.24256134E+02
  0.21621971E+01 -0.24256167E+02
  0.21698753E+01 -0.24256201E+02
  0.21775535E+01 -0.24256237E+02
  0.21852316E+01 -0.24256278E+02
  0.21929098E+01 -0.24256323E+02
  0.22005880E+01 -0.24256371E+02
  0.22082661E+01 -0.24256423E+02
  0.22159443E+01 -0.24256476E+02
  0.22236225E+01 -0.24256529E+02
  0.22313006E+01 -0.24256581E+02
  0.22389788E+01 -0.24256629E+02
  0.22466569E+01 -0.24256675E+02
  0.22543351E+01 -0.24256716E+02
  0.22620133E+01 -0.24256753E+02
  0.22696914E+01 -0.24256787E+02
  0.22773696E+01 -0.24256819E+02
  0.22850478E+01 -0.24256852E+02
  0.22927259E+01 -0.24256886E+02
  0.23004041E+01 -0.24256923E+02
  0.23080823E+01 -0.24256964E+02
  0.23157604E+01 -0.24257010E+02
  0.23234386E+01 -0.24257061E+02
  0.23311168E+01 -0.24257115E+02
  0.23387949E+01 -0.24257172E+02
  0.23464731E+01 -0.24257229E+02
  0.23541512E+01 -0.24257286E+02
  0.23618294E+01 -0.24257340E+02
  0.23695076E+01 -0.24257390E+02
  0.23771857E+01 -0.24257437E+02
  0.23848639E+01 -0.24257479E+02
  0.23925421E+01 -0.24257519E+02
  0.24002202E+01 -0.24257558E+02
  0.24078984E+01 -0.24257595E+02
  0.24155766E+01 -0.24257634E+02
  0.24232547E+01 -0.24257675E+02
  0.24309329E+01 -0.24257720E+02
  0.24386110E+01 -0.24257768E+02
  0.24462892E+01 -0.24257820E+02
  0.24539674E+01 -0.24257875E+02
  0.24616455E+01 -0.24257931E+02
  0.24693237E+01 -0.24257987E+02
  0.24770019E+01 -0.24258039E+02
  0.24846800E+01 -0.24258083E+02
  0.24923582E+01 -0.24258113E+02
  0.25000364E+01 -0.24258144E+02
  0.25077145E+01 -0.24258177E+02
  0.25153927E+01 -0.24258209E+02
  0.25230709E+01 -0.24258236E+02
  0.25307490E+01 -0.24258258E+02
  0.25384272E+01 -0.24258276E+02
  0.25461053E+01 -0.24258293E+02
  0.25537835E+01 -0.24258311E+02
  0.25614617E+01 -0.24258329E+02
  0.25691398E+01 -0.24258348E+02
  0.25768180E+01 -0.24258365E+02
  0.25844962E+01 -0.24258380E+02
  
  0.00000000E+00 -0.13088023E+02
  0.76781640E-02 -0.13088202E+02
  0.15356328E-01 -0.13088741E+02
  0.23034492E-01 -0.13089646E+02
  0.30712656E-01 -0.13090926E+02
  0.38390820E-01 -0.13092585E+02
  0.46068984E-01 -0.13094630E+02
  0.53747148E-01 -0.13097065E+02
  0.61425312E-01 -0.13099895E+02
  0.69103476E-01 -0.13103125E+02
  0.76781640E-01 -0.13106759E+02
  0.84459804E-01 -0.13110801E+02
  0.92137968E-01 -0.13115250E+02
  0.99816132E-01 -0.13120106E+02
  0.10749430E+00 -0.13125364E+02
  0.11517246E+00 -0.13131016E+02
  0.12285062E+00 -0.13137053E+02
  0.13052879E+00 -0.13143461E+02
  0.13820695E+00 -0.13150225E+02
  0.14588512E+00 -0.13157329E+02
  0.15356328E+00 -0.13164756E+02
  0.16124144E+00 -0.13172490E+02
  0.16891961E+00 -0.13180517E+02
  0.17659777E+00 -0.13188820E+02
  0.18427594E+00 -0.13197388E+02
  0.19195410E+00 -0.13206209E+02
  0.19963226E+00 -0.13215269E+02
  0.20731043E+00 -0.13224558E+02
  0.21498859E+00 -0.13234063E+02
  0.22266676E+00 -0.13243773E+02
  0.23034492E+00 -0.13253671E+02
  0.23802308E+00 -0.13263742E+02
  0.24570125E+00 -0.13273969E+02
  0.25337941E+00 -0.13284334E+02
  0.26105758E+00 -0.13294820E+02
  0.26873574E+00 -0.13305407E+02
  0.27641390E+00 -0.13316080E+02
  0.28409207E+00 -0.13326822E+02
  0.29177023E+00 -0.13337621E+02
  0.29944840E+00 -0.13348463E+02
  0.30712656E+00 -0.13359339E+02
  0.31480472E+00 -0.13370237E+02
  0.32248289E+00 -0.13381150E+02
  0.33016105E+00 -0.13392069E+02
  0.33783922E+00 -0.13402987E+02
  0.34551738E+00 -0.13413894E+02
  0.35319554E+00 -0.13424781E+02
  0.36087371E+00 -0.13435637E+02
  0.36855187E+00 -0.13446452E+02
  0.37623004E+00 -0.13457214E+02
  0.38390820E+00 -0.13467911E+02
  0.39158636E+00 -0.13478533E+02
  0.39926453E+00 -0.13489068E+02
  0.40694269E+00 -0.13499506E+02
  0.41462086E+00 -0.13509840E+02
  0.42229902E+00 -0.13520060E+02
  0.42997718E+00 -0.13530157E+02
  0.43765535E+00 -0.13540124E+02
  0.44533351E+00 -0.13549953E+02
  0.45301168E+00 -0.13559636E+02
  0.46068984E+00 -0.13569165E+02
  0.46836800E+00 -0.13578533E+02
  0.47604617E+00 -0.13587731E+02
  0.48372433E+00 -0.13596751E+02
  0.49140250E+00 -0.13605586E+02
  0.49908066E+00 -0.13614228E+02
  0.50675882E+00 -0.13622674E+02
  0.51443699E+00 -0.13630918E+02
  0.52211515E+00 -0.13638959E+02
  0.52979332E+00 -0.13646795E+02
  0.53747148E+00 -0.13654429E+02
  0.54514964E+00 -0.13661867E+02
  0.55282781E+00 -0.13669138E+02
  0.56050597E+00 -0.13676193E+02
  0.56818414E+00 -0.13683004E+02
  0.57586230E+00 -0.13689569E+02
  0.58354046E+00 -0.13695896E+02
  0.59121863E+00 -0.13702005E+02
  0.59889679E+00 -0.13707904E+02
  0.60657496E+00 -0.13713569E+02
  0.61425312E+00 -0.13718988E+02
  0.62193128E+00 -0.13724153E+02
  0.62960945E+00 -0.13729060E+02
  0.63728761E+00 -0.13733708E+02
  0.64496578E+00 -0.13738120E+02
  0.65264394E+00 -0.13742324E+02
  0.66032210E+00 -0.13746271E+02
  0.66800027E+00 -0.13749949E+02
  0.67567843E+00 -0.13753351E+02
  0.68335660E+00 -0.13756474E+02
  0.69103476E+00 -0.13759315E+02
  0.69871293E+00 -0.13761878E+02
  0.70639109E+00 -0.13764166E+02
  0.71406925E+00 -0.13766185E+02
  0.72174742E+00 -0.13767940E+02
  0.72942558E+00 -0.13769433E+02
  0.73710375E+00 -0.13770659E+02
  0.74478191E+00 -0.13771612E+02
  0.75246007E+00 -0.13772286E+02
  0.76013824E+00 -0.13772680E+02
  0.76781640E+00 -0.13772799E+02
  0.77545956E+00 -0.13772669E+02
  0.78310273E+00 -0.13772259E+02
  0.79074589E+00 -0.13771567E+02
  0.79838905E+00 -0.13770598E+02
  0.80603222E+00 -0.13769359E+02
  0.81367538E+00 -0.13767856E+02
  0.82131854E+00 -0.13766094E+02
  0.82896170E+00 -0.13764076E+02
  0.83660487E+00 -0.13761803E+02
  0.84424803E+00 -0.13759283E+02
  0.85189119E+00 -0.13756501E+02
  0.85953435E+00 -0.13753445E+02
  0.86717752E+00 -0.13750111E+02
  0.87482068E+00 -0.13746499E+02
  0.88246384E+00 -0.13742613E+02
  0.89010701E+00 -0.13738457E+02
  0.89775017E+00 -0.13734043E+02
  0.90539333E+00 -0.13729377E+02
  0.91303649E+00 -0.13724469E+02
  0.92067966E+00 -0.13719328E+02
  0.92832282E+00 -0.13713962E+02
  0.93596598E+00 -0.13708372E+02
  0.94360915E+00 -0.13702556E+02
  0.95125231E+00 -0.13696512E+02
  0.95889547E+00 -0.13690236E+02
  0.96653863E+00 -0.13683726E+02
  0.97418180E+00 -0.13676987E+02
  0.98182496E+00 -0.13670024E+02
  0.98946812E+00 -0.13662834E+02
  0.99711129E+00 -0.13655422E+02
  0.10047544E+01 -0.13647799E+02
  0.10123976E+01 -0.13639973E+02
  0.10200408E+01 -0.13631956E+02
  0.10276839E+01 -0.13623756E+02
  0.10353271E+01 -0.13615382E+02
  0.10429703E+01 -0.13606838E+02
  0.10506134E+01 -0.13598129E+02
  0.10582566E+01 -0.13589256E+02
  0.10658998E+01 -0.13580220E+02
  0.10735429E+01 -0.13571021E+02
  0.10811861E+01 -0.13561662E+02
  0.10888292E+01 -0.13552151E+02
  0.10964724E+01 -0.13542501E+02
  0.11041156E+01 -0.13532723E+02
  0.11117587E+01 -0.13522833E+02
  0.11194019E+01 -0.13512845E+02
  0.11270451E+01 -0.13502772E+02
  0.11346882E+01 -0.13492626E+02
  0.11423314E+01 -0.13482416E+02
  0.11499745E+01 -0.13472151E+02
  0.11576177E+01 -0.13461839E+02
  0.11652609E+01 -0.13451483E+02
  0.11729040E+01 -0.13441085E+02
  0.11805472E+01 -0.13430654E+02
  0.11881904E+01 -0.13420202E+02
  0.11958335E+01 -0.13409744E+02
  0.12034767E+01 -0.13399300E+02
  0.12111198E+01 -0.13388893E+02
  0.12187630E+01 -0.13378547E+02
  0.12264062E+01 -0.13368288E+02
  0.12340493E+01 -0.13358138E+02
  0.12416925E+01 -0.13348117E+02
  0.12493357E+01 -0.13338243E+02
  0.12569788E+01 -0.13328533E+02
  0.12646220E+01 -0.13319001E+02
  0.12722651E+01 -0.13309662E+02
  0.12799083E+01 -0.13300534E+02
  0.12875515E+01 -0.13291634E+02
  0.12951946E+01 -0.13282986E+02
  0.13028378E+01 -0.13274616E+02
  0.13104810E+01 -0.13266556E+02
  0.13181241E+01 -0.13258838E+02
  0.13257673E+01 -0.13251494E+02
  0.13334104E+01 -0.13244552E+02
  0.13410536E+01 -0.13238039E+02
  0.13486968E+01 -0.13231971E+02
  0.13563399E+01 -0.13226364E+02
  0.13639831E+01 -0.13221229E+02
  0.13716263E+01 -0.13216576E+02
  0.13792694E+01 -0.13212418E+02
  0.13869126E+01 -0.13208767E+02
  0.13945558E+01 -0.13205637E+02
  0.14021989E+01 -0.13203044E+02
  0.14098421E+01 -0.13201004E+02
  0.14174852E+01 -0.13199531E+02
  0.14251284E+01 -0.13198640E+02
  0.14327716E+01 -0.13198341E+02
  0.14404497E+01 -0.13198327E+02
  0.14481279E+01 -0.13198211E+02
  0.14558061E+01 -0.13197915E+02
  0.14634842E+01 -0.13197431E+02
  0.14711624E+01 -0.13196756E+02
  0.14788405E+01 -0.13195887E+02
  0.14865187E+01 -0.13194825E+02
  0.14941969E+01 -0.13193574E+02
  0.15018750E+01 -0.13192140E+02
  0.15095532E+01 -0.13190531E+02
  0.15172314E+01 -0.13188758E+02
  0.15249095E+01 -0.13186832E+02
  0.15325877E+01 -0.13184765E+02
  0.15402659E+01 -0.13182568E+02
  0.15479440E+01 -0.13180252E+02
  0.15556222E+01 -0.13177825E+02
  0.15633004E+01 -0.13175293E+02
  0.15709785E+01 -0.13172660E+02
  0.15786567E+01 -0.13169929E+02
  0.15863348E+01 -0.13167101E+02
  0.15940130E+01 -0.13164177E+02
  0.16016912E+01 -0.13161157E+02
  0.16093693E+01 -0.13158044E+02
  0.16170475E+01 -0.13154843E+02
  0.16247257E+01 -0.13151558E+02
  0.16324038E+01 -0.13148201E+02
  0.16400820E+01 -0.13144782E+02
  0.16477602E+01 -0.13141318E+02
  0.16554383E+01 -0.13137825E+02
  0.16631165E+01 -0.13134323E+02
  0.16707946E+01 -0.13130829E+02
  0.16784728E+01 -0.13127365E+02
  0.16861510E+01 -0.13123949E+02
  0.16938291E+01 -0.13120597E+02
  0.17015073E+01 -0.13117327E+02
  0.17091855E+01 -0.13114153E+02
  0.17168636E+01 -0.13111088E+02
  0.17245418E+01 -0.13108144E+02
  0.17322200E+01 -0.13105335E+02
  0.17398981E+01 -0.13102672E+02
  0.17475763E+01 -0.13100172E+02
  0.17552545E+01 -0.13097849E+02
  0.17629326E+01 -0.13095721E+02
  0.17706108E+01 -0.13093808E+02
  0.17782889E+01 -0.13092130E+02
  0.17859671E+01 -0.13090710E+02
  0.17936453E+01 -0.13089569E+02
  0.18013234E+01 -0.13088728E+02
  0.18090016E+01 -0.13088207E+02
  0.18166798E+01 -0.13088023E+02
  0.18243579E+01 -0.13088202E+02
  0.18320361E+01 -0.13088741E+02
  0.18397143E+01 -0.13089646E+02
  0.18473924E+01 -0.13090926E+02
  0.18550706E+01 -0.13092585E+02
  0.18627487E+01 -0.13094630E+02
  0.18704269E+01 -0.13097065E+02
  0.18781051E+01 -0.13099895E+02
  0.18857832E+01 -0.13103125E+02
  0.18934614E+01 -0.13106759E+02
  0.19011396E+01 -0.13110801E+02
  0.19088177E+01 -0.13115250E+02
  0.19164959E+01 -0.13120106E+02
  0.19241741E+01 -0.13125364E+02
  0.19318522E+01 -0.13131016E+02
  0.19395304E+01 -0.13137053E+02
  0.19472086E+01 -0.13143461E+02
  0.19548867E+01 -0.13150225E+02
  0.19625649E+01 -0.13157329E+02
  0.19702430E+01 -0.13164756E+02
  0.19779212E+01 -0.13172490E+02
  0.19855994E+01 -0.13180517E+02
  0.19932775E+01 -0.13188820E+02
  0.20009557E+01 -0.13197388E+02
  0.20086339E+01 -0.13206209E+02
  0.20163120E+01 -0.13215269E+02
  0.20239902E+01 -0.13224558E+02
  0.20316684E+01 -0.13234063E+02
  0.20393465E+01 -0.13243773E+02
  0.20470247E+01 -0.13253671E+02
  0.20547028E+01 -0.13263742E+02
  0.20623810E+01 -0.13273969E+02
  0.20700592E+01 -0.13284334E+02
  0.20777373E+01 -0.13294820E+02
  0.20854155E+01 -0.13305407E+02
  0.20930937E+01 -0.13316080E+02
  0.21007718E+01 -0.13326822E+02
  0.21084500E+01 -0.13337621E+02
  0.21161282E+01 -0.13348463E+02
  0.21238063E+01 -0.13359339E+02
  0.21314845E+01 -0.13370237E+02
  0.21391627E+01 -0.13381150E+02
  0.21468408E+01 -0.13392069E+02
  0.21545190E+01 -0.13402987E+02
  0.21621971E+01 -0.13413894E+02
  0.21698753E+01 -0.13424781E+02
  0.21775535E+01 -0.13435637E+02
  0.21852316E+01 -0.13446452E+02
  0.21929098E+01 -0.13457214E+02
  0.22005880E+01 -0.13467911E+02
  0.22082661E+01 -0.13478533E+02
  0.22159443E+01 -0.13489068E+02
  0.22236225E+01 -0.13499506E+02
  0.22313006E+01 -0.13509840E+02
  0.22389788E+01 -0.13520060E+02
  0.22466569E+01 -0.13530157E+02
  0.22543351E+01 -0.13540124E+02
  0.22620133E+01 -0.13549953E+02
  0.22696914E+01 -0.13559636E+02
  0.22773696E+01 -0.13569165E+02
  0.22850478E+01 -0.13578533E+02
  0.22927259E+01 -0.13587731E+02
  0.23004041E+01 -0.13596751E+02
  0.23080823E+01 -0.13605586E+02
  0.23157604E+01 -0.13614228E+02
  0.23234386E+01 -0.13622674E+02
  0.23311168E+01 -0.13630918E+02
  0.23387949E+01 -0.13638959E+02
  0.23464731E+01 -0.13646795E+02
  0.23541512E+01 -0.13654429E+02
  0.23618294E+01 -0.13661867E+02
  0.23695076E+01 -0.13669138E+02
  0.23771857E+01 -0.13676193E+02
  0.23848639E+01 -0.13683004E+02
  0.23925421E+01 -0.13689569E+02
  0.24002202E+01 -0.13695896E+02
  0.24078984E+01 -0.13702005E+02
  0.24155766E+01 -0.13707904E+02
  0.24232547E+01 -0.13713569E+02
  0.24309329E+01 -0.13718988E+02
  0.24386110E+01 -0.13724153E+02
  0.24462892E+01 -0.13729060E+02
  0.24539674E+01 -0.13733708E+02
  0.24616455E+01 -0.13738120E+02
  0.24693237E+01 -0.13742324E+02
  0.24770019E+01 -0.13746271E+02
  0.24846800E+01 -0.13749949E+02
  0.24923582E+01 -0.13753351E+02
  0.25000364E+01 -0.13756474E+02
  0.25077145E+01 -0.13759315E+02
  0.25153927E+01 -0.13761878E+02
  0.25230709E+01 -0.13764166E+02
  0.25307490E+01 -0.13766185E+02
  0.25384272E+01 -0.13767940E+02
  0.25461053E+01 -0.13769433E+02
  0.25537835E+01 -0.13770659E+02
  0.25614617E+01 -0.13771612E+02
  0.25691398E+01 -0.13772286E+02
  0.25768180E+01 -0.13772680E+02
  0.25844962E+01 -0.13772799E+02
  
  0.00000000E+00 -0.13078043E+02
  0.76781640E-02 -0.13078248E+02
  0.15356328E-01 -0.13078866E+02
  0.23034492E-01 -0.13079903E+02
  0.30712656E-01 -0.13081356E+02
  0.38390820E-01 -0.13083220E+02
  0.46068984E-01 -0.13085485E+02
  0.53747148E-01 -0.13088142E+02
  0.61425312E-01 -0.13091183E+02
  0.69103476E-01 -0.13094604E+02
  0.76781640E-01 -0.13098403E+02
  0.84459804E-01 -0.13102585E+02
  0.92137968E-01 -0.13107155E+02
  0.99816132E-01 -0.13112123E+02
  0.10749430E+00 -0.13117496E+02
  0.11517246E+00 -0.13123280E+02
  0.12285062E+00 -0.13129475E+02
  0.13052879E+00 -0.13136077E+02
  0.13820695E+00 -0.13143075E+02
  0.14588512E+00 -0.13150449E+02
  0.15356328E+00 -0.13158178E+02
  0.16124144E+00 -0.13166232E+02
  0.16891961E+00 -0.13174585E+02
  0.17659777E+00 -0.13183207E+02
  0.18427594E+00 -0.13192072E+02
  0.19195410E+00 -0.13201159E+02
  0.19963226E+00 -0.13210450E+02
  0.20731043E+00 -0.13219934E+02
  0.21498859E+00 -0.13229602E+02
  0.22266676E+00 -0.13239448E+02
  0.23034492E+00 -0.13249468E+02
  0.23802308E+00 -0.13259657E+02
  0.24570125E+00 -0.13270006E+02
  0.25337941E+00 -0.13280504E+02
  0.26105758E+00 -0.13291138E+02
  0.26873574E+00 -0.13301889E+02
  0.27641390E+00 -0.13312736E+02
  0.28409207E+00 -0.13323657E+02
  0.29177023E+00 -0.13334629E+02
  0.29944840E+00 -0.13345634E+02
  0.30712656E+00 -0.13356655E+02
  0.31480472E+00 -0.13367678E+02
  0.32248289E+00 -0.13378696E+02
  0.33016105E+00 -0.13389702E+02
  0.33783922E+00 -0.13400695E+02
  0.34551738E+00 -0.13411674E+02
  0.35319554E+00 -0.13422635E+02
  0.36087371E+00 -0.13433576E+02
  0.36855187E+00 -0.13444491E+02
  0.37623004E+00 -0.13455371E+02
  0.38390820E+00 -0.13466202E+02
  0.39158636E+00 -0.13476966E+02
  0.39926453E+00 -0.13487647E+02
  0.40694269E+00 -0.13498223E+02
  0.41462086E+00 -0.13508675E+02
  0.42229902E+00 -0.13518989E+02
  0.42997718E+00 -0.13529151E+02
  0.43765535E+00 -0.13539152E+02
  0.44533351E+00 -0.13548990E+02
  0.45301168E+00 -0.13558663E+02
  0.46068984E+00 -0.13568172E+02
  0.46836800E+00 -0.13577522E+02
  0.47604617E+00 -0.13586715E+02
  0.48372433E+00 -0.13595754E+02
  0.49140250E+00 -0.13604638E+02
  0.49908066E+00 -0.13613365E+02
  0.50675882E+00 -0.13621926E+02
  0.51443699E+00 -0.13630310E+02
  0.52211515E+00 -0.13638506E+02
  0.52979332E+00 -0.13646497E+02
  0.53747148E+00 -0.13654269E+02
  0.54514964E+00 -0.13661801E+02
  0.55282781E+00 -0.13669056E+02
  0.56050597E+00 -0.13676074E+02
  0.56818414E+00 -0.13682879E+02
  0.57586230E+00 -0.13689467E+02
  0.58354046E+00 -0.13695831E+02
  0.59121863E+00 -0.13701949E+02
  0.59889679E+00 -0.13707809E+02
  0.60657496E+00 -0.13713434E+02
  0.61425312E+00 -0.13718831E+02
  0.62193128E+00 -0.13724002E+02
  0.62960945E+00 -0.13728942E+02
  0.63728761E+00 -0.13733646E+02
  0.64496578E+00 -0.13738084E+02
  0.65264394E+00 -0.13742216E+02
  0.66032210E+00 -0.13746086E+02
  0.66800027E+00 -0.13749700E+02
  0.67567843E+00 -0.13753060E+02
  0.68335660E+00 -0.13756167E+02
  0.69103476E+00 -0.13759019E+02
  0.69871293E+00 -0.13761613E+02
  0.70639109E+00 -0.13763946E+02
  0.71406925E+00 -0.13766010E+02
  0.72174742E+00 -0.13767799E+02
  0.72942558E+00 -0.13769310E+02
  0.73710375E+00 -0.13770545E+02
  0.74478191E+00 -0.13771510E+02
  0.75246007E+00 -0.13772208E+02
  0.76013824E+00 -0.13772638E+02
  0.76781640E+00 -0.13772793E+02
  0.77545956E+00 -0.13772640E+02
  0.78310273E+00 -0.13772204E+02
  0.79074589E+00 -0.13771494E+02
  0.79838905E+00 -0.13770517E+02
  0.80603222E+00 -0.13769280E+02
  0.81367538E+00 -0.13767789E+02
  0.82131854E+00 -0.13766045E+02
  0.82896170E+00 -0.13764049E+02
  0.83660487E+00 -0.13761796E+02
  0.84424803E+00 -0.13759270E+02
  0.85189119E+00 -0.13756475E+02
  0.85953435E+00 -0.13753414E+02
  0.86717752E+00 -0.13750080E+02
  0.87482068E+00 -0.13746474E+02
  0.88246384E+00 -0.13742594E+02
  0.89010701E+00 -0.13738445E+02
  0.89775017E+00 -0.13734033E+02
  0.90539333E+00 -0.13729369E+02
  0.91303649E+00 -0.13724462E+02
  0.92067966E+00 -0.13719321E+02
  0.92832282E+00 -0.13713949E+02
  0.93596598E+00 -0.13708352E+02
  0.94360915E+00 -0.13702532E+02
  0.95125231E+00 -0.13696488E+02
  0.95889547E+00 -0.13690217E+02
  0.96653863E+00 -0.13683716E+02
  0.97418180E+00 -0.13676978E+02
  0.98182496E+00 -0.13670001E+02
  0.98946812E+00 -0.13662796E+02
  0.99711129E+00 -0.13655372E+02
  0.10047544E+01 -0.13647741E+02
  0.10123976E+01 -0.13639913E+02
  0.10200408E+01 -0.13631900E+02
  0.10276839E+01 -0.13623708E+02
  0.10353271E+01 -0.13615346E+02
  0.10429703E+01 -0.13606814E+02
  0.10506134E+01 -0.13598114E+02
  0.10582566E+01 -0.13589244E+02
  0.10658998E+01 -0.13580206E+02
  0.10735429E+01 -0.13571004E+02
  0.10811861E+01 -0.13561644E+02
  0.10888292E+01 -0.13552132E+02
  0.10964724E+01 -0.13542479E+02
  0.11041156E+01 -0.13532698E+02
  0.11117587E+01 -0.13522806E+02
  0.11194019E+01 -0.13512817E+02
  0.11270451E+01 -0.13502745E+02
  0.11346882E+01 -0.13492603E+02
  0.11423314E+01 -0.13482397E+02
  0.11499745E+01 -0.13472132E+02
  0.11576177E+01 -0.13461810E+02
  0.11652609E+01 -0.13451435E+02
  0.11729040E+01 -0.13441017E+02
  0.11805472E+01 -0.13430563E+02
  0.11881904E+01 -0.13420089E+02
  0.11958335E+01 -0.13409610E+02
  0.12034767E+01 -0.13399149E+02
  0.12111198E+01 -0.13388729E+02
  0.12187630E+01 -0.13378376E+02
  0.12264062E+01 -0.13368113E+02
  0.12340493E+01 -0.13357965E+02
  0.12416925E+01 -0.13347950E+02
  0.12493357E+01 -0.13338084E+02
  0.12569788E+01 -0.13328383E+02
  0.12646220E+01 -0.13318858E+02
  0.12722651E+01 -0.13309522E+02
  0.12799083E+01 -0.13300393E+02
  0.12875515E+01 -0.13291491E+02
  0.12951946E+01 -0.13282842E+02
  0.13028378E+01 -0.13274474E+02
  0.13104810E+01 -0.13266418E+02
  0.13181241E+01 -0.13258705E+02
  0.13257673E+01 -0.13251366E+02
  0.13334104E+01 -0.13244427E+02
  0.13410536E+01 -0.13237913E+02
  0.13486968E+01 -0.13231845E+02
  0.13563399E+01 -0.13226239E+02
  0.13639831E+01 -0.13221108E+02
  0.13716263E+01 -0.13216461E+02
  0.13792694E+01 -0.13212308E+02
  0.13869126E+01 -0.13208659E+02
  0.13945558E+01 -0.13205528E+02
  0.14021989E+01 -0.13202933E+02
  0.14098421E+01 -0.13200891E+02
  0.14174852E+01 -0.13199419E+02
  0.14251284E+01 -0.13198531E+02
  0.14327716E+01 -0.13198236E+02
  0.14404497E+01 -0.13198079E+02
  0.14481279E+01 -0.13197679E+02
  0.14558061E+01 -0.13197113E+02
  0.14634842E+01 -0.13196383E+02
  0.14711624E+01 -0.13195489E+02
  0.14788405E+01 -0.13194428E+02
  0.14865187E+01 -0.13193197E+02
  0.14941969E+01 -0.13191792E+02
  0.15018750E+01 -0.13190211E+02
  0.15095532E+01 -0.13188453E+02
  0.15172314E+01 -0.13186521E+02
  0.15249095E+01 -0.13184418E+02
  0.15325877E+01 -0.13182151E+02
  0.15402659E+01 -0.13179730E+02
  0.15479440E+01 -0.13177166E+02
  0.15556222E+01 -0.13174471E+02
  0.15633004E+01 -0.13171657E+02
  0.15709785E+01 -0.13168735E+02
  0.15786567E+01 -0.13165714E+02
  0.15863348E+01 -0.13162604E+02
  0.15940130E+01 -0.13159407E+02
  0.16016912E+01 -0.13156128E+02
  0.16093693E+01 -0.13152770E+02
  0.16170475E+01 -0.13149334E+02
  0.16247257E+01 -0.13145823E+02
  0.16324038E+01 -0.13142245E+02
  0.16400820E+01 -0.13138605E+02
  0.16477602E+01 -0.13134918E+02
  0.16554383E+01 -0.13131199E+02
  0.16631165E+01 -0.13127467E+02
  0.16707946E+01 -0.13123743E+02
  0.16784728E+01 -0.13120051E+02
  0.16861510E+01 -0.13116412E+02
  0.16938291E+01 -0.13112850E+02
  0.17015073E+01 -0.13109382E+02
  0.17091855E+01 -0.13106026E+02
  0.17168636E+01 -0.13102794E+02
  0.17245418E+01 -0.13099696E+02
  0.17322200E+01 -0.13096741E+02
  0.17398981E+01 -0.13093937E+02
  0.17475763E+01 -0.13091293E+02
  0.17552545E+01 -0.13088823E+02
  0.17629326E+01 -0.13086542E+02
  0.17706108E+01 -0.13084471E+02
  0.17782889E+01 -0.13082635E+02
  0.17859671E+01 -0.13081064E+02
  0.17936453E+01 -0.13079788E+02
  0.18013234E+01 -0.13078841E+02
  0.18090016E+01 -0.13078250E+02
  0.18166798E+01 -0.13078043E+02
  0.18243579E+01 -0.13078248E+02
  0.18320361E+01 -0.13078866E+02
  0.18397143E+01 -0.13079903E+02
  0.18473924E+01 -0.13081356E+02
  0.18550706E+01 -0.13083220E+02
  0.18627487E+01 -0.13085485E+02
  0.18704269E+01 -0.13088142E+02
  0.18781051E+01 -0.13091183E+02
  0.18857832E+01 -0.13094604E+02
  0.18934614E+01 -0.13098403E+02
  0.19011396E+01 -0.13102585E+02
  0.19088177E+01 -0.13107155E+02
  0.19164959E+01 -0.13112123E+02
  0.19241741E+01 -0.13117496E+02
  0.19318522E+01 -0.13123280E+02
  0.19395304E+01 -0.13129475E+02
  0.19472086E+01 -0.13136077E+02
  0.19548867E+01 -0.13143075E+02
  0.19625649E+01 -0.13150449E+02
  0.19702430E+01 -0.13158178E+02
  0.19779212E+01 -0.13166232E+02
  0.19855994E+01 -0.13174585E+02
  0.19932775E+01 -0.13183207E+02
  0.20009557E+01 -0.13192072E+02
  0.20086339E+01 -0.13201159E+02
  0.20163120E+01 -0.13210450E+02
  0.20239902E+01 -0.13219934E+02
  0.20316684E+01 -0.13229602E+02
  0.20393465E+01 -0.13239448E+02
  0.20470247E+01 -0.13249468E+02
  0.20547028E+01 -0.13259657E+02
  0.20623810E+01 -0.13270006E+02
  0.20700592E+01 -0.13280504E+02
  0.20777373E+01 -0.13291138E+02
  0.20854155E+01 -0.13301889E+02
  0.20930937E+01 -0.13312736E+02
  0.21007718E+01 -0.13323657E+02
  0.21084500E+01 -0.13334629E+02
  0.21161282E+01 -0.13345634E+02
  0.21238063E+01 -0.13356655E+02
  0.21314845E+01 -0.13367678E+02
  0.21391627E+01 -0.13378696E+02
  0.21468408E+01 -0.13389702E+02
  0.21545190E+01 -0.13400695E+02
  0.21621971E+01 -0.13411674E+02
  0.21698753E+01 -0.13422635E+02
  0.21775535E+01 -0.13433576E+02
  0.21852316E+01 -0.13444491E+02
  0.21929098E+01 -0.13455371E+02
  0.22005880E+01 -0.13466202E+02
  0.22082661E+01 -0.13476966E+02
  0.22159443E+01 -0.13487647E+02
  0.22236225E+01 -0.13498223E+02
  0.22313006E+01 -0.13508675E+02
  0.22389788E+01 -0.13518989E+02
  0.22466569E+01 -0.13529151E+02
  0.22543351E+01 -0.13539152E+02
  0.22620133E+01 -0.13548990E+02
  0.22696914E+01 -0.13558663E+02
  0.22773696E+01 -0.13568172E+02
  0.22850478E+01 -0.13577522E+02
  0.22927259E+01 -0.13586715E+02
  0.23004041E+01 -0.13595754E+02
  0.23080823E+01 -0.13604638E+02
  0.23157604E+01 -0.13613365E+02
  0.23234386E+01 -0.13621926E+02
  0.23311168E+01 -0.13630310E+02
  0.23387949E+01 -0.13638506E+02
  0.23464731E+01 -0.13646497E+02
  0.23541512E+01 -0.13654269E+02
  0.23618294E+01 -0.13661801E+02
  0.23695076E+01 -0.13669056E+02
  0.23771857E+01 -0.13676074E+02
  0.23848639E+01 -0.13682879E+02
  0.23925421E+01 -0.13689467E+02
  0.24002202E+01 -0.13695831E+02
  0.24078984E+01 -0.13701949E+02
  0.24155766E+01 -0.13707809E+02
  0.24232547E+01 -0.13713434E+02
  0.24309329E+01 -0.13718831E+02
  0.24386110E+01 -0.13724002E+02
  0.24462892E+01 -0.13728942E+02
  0.24539674E+01 -0.13733646E+02
  0.24616455E+01 -0.13738084E+02
  0.24693237E+01 -0.13742216E+02
  0.24770019E+01 -0.13746086E+02
  0.24846800E+01 -0.13749700E+02
  0.24923582E+01 -0.13753060E+02
  0.25000364E+01 -0.13756167E+02
  0.25077145E+01 -0.13759019E+02
  0.25153927E+01 -0.13761613E+02
  0.25230709E+01 -0.13763946E+02
  0.25307490E+01 -0.13766010E+02
  0.25384272E+01 -0.13767799E+02
  0.25461053E+01 -0.13769310E+02
  0.25537835E+01 -0.13770545E+02
  0.25614617E+01 -0.13771510E+02
  0.25691398E+01 -0.13772208E+02
  0.25768180E+01 -0.13772638E+02
  0.25844962E+01 -0.13772793E+02
  
  0.00000000E+00 -0.11543669E+02
  0.76781640E-02 -0.11543390E+02
  0.15356328E-01 -0.11542524E+02
  0.23034492E-01 -0.11541054E+02
  0.30712656E-01 -0.11538968E+02
  0.38390820E-01 -0.11536257E+02
  0.46068984E-01 -0.11532915E+02
  0.53747148E-01 -0.11528939E+02
  0.61425312E-01 -0.11524325E+02
  0.69103476E-01 -0.11519068E+02
  0.76781640E-01 -0.11513162E+02
  0.84459804E-01 -0.11506601E+02
  0.92137968E-01 -0.11499373E+02
  0.99816132E-01 -0.11491471E+02
  0.10749430E+00 -0.11482885E+02
  0.11517246E+00 -0.11473608E+02
  0.12285062E+00 -0.11463636E+02
  0.13052879E+00 -0.11452971E+02
  0.13820695E+00 -0.11441619E+02
  0.14588512E+00 -0.11429589E+02
  0.15356328E+00 -0.11416896E+02
  0.16124144E+00 -0.11403559E+02
  0.16891961E+00 -0.11389597E+02
  0.17659777E+00 -0.11375028E+02
  0.18427594E+00 -0.11359871E+02
  0.19195410E+00 -0.11344142E+02
  0.19963226E+00 -0.11327853E+02
  0.20731043E+00 -0.11311015E+02
  0.21498859E+00 -0.11293635E+02
  0.22266676E+00 -0.11275719E+02
  0.23034492E+00 -0.11257273E+02
  0.23802308E+00 -0.11238306E+02
  0.24570125E+00 -0.11218826E+02
  0.25337941E+00 -0.11198847E+02
  0.26105758E+00 -0.11178388E+02
  0.26873574E+00 -0.11157468E+02
  0.27641390E+00 -0.11136112E+02
  0.28409207E+00 -0.11114348E+02
  0.29177023E+00 -0.11092203E+02
  0.29944840E+00 -0.11069703E+02
  0.30712656E+00 -0.11046875E+02
  0.31480472E+00 -0.11023743E+02
  0.32248289E+00 -0.11000327E+02
  0.33016105E+00 -0.10976644E+02
  0.33783922E+00 -0.10952710E+02
  0.34551738E+00 -0.10928538E+02
  0.35319554E+00 -0.10904141E+02
  0.36087371E+00 -0.10879533E+02
  0.36855187E+00 -0.10854728E+02
  0.37623004E+00 -0.10829745E+02
  0.38390820E+00 -0.10804604E+02
  0.39158636E+00 -0.10779328E+02
  0.39926453E+00 -0.10753943E+02
  0.40694269E+00 -0.10728477E+02
  0.41462086E+00 -0.10702958E+02
  0.42229902E+00 -0.10677414E+02
  0.42997718E+00 -0.10651873E+02
  0.43765535E+00 -0.10626360E+02
  0.44533351E+00 -0.10600901E+02
  0.45301168E+00 -0.10575516E+02
  0.46068984E+00 -0.10550226E+02
  0.46836800E+00 -0.10525051E+02
  0.47604617E+00 -0.10500009E+02
  0.48372433E+00 -0.10475121E+02
  0.49140250E+00 -0.10450407E+02
  0.49908066E+00 -0.10425891E+02
  0.50675882E+00 -0.10401599E+02
  0.51443699E+00 -0.10377559E+02
  0.52211515E+00 -0.10353801E+02
  0.52979332E+00 -0.10330357E+02
  0.53747148E+00 -0.10307260E+02
  0.54514964E+00 -0.10284543E+02
  0.55282781E+00 -0.10262238E+02
  0.56050597E+00 -0.10240376E+02
  0.56818414E+00 -0.10218987E+02
  0.57586230E+00 -0.10198100E+02
  0.58354046E+00 -0.10177741E+02
  0.59121863E+00 -0.10157937E+02
  0.59889679E+00 -0.10138714E+02
  0.60657496E+00 -0.10120096E+02
  0.61425312E+00 -0.10102111E+02
  0.62193128E+00 -0.10084785E+02
  0.62960945E+00 -0.10068145E+02
  0.63728761E+00 -0.10052220E+02
  0.64496578E+00 -0.10037038E+02
  0.65264394E+00 -0.10022628E+02
  0.66032210E+00 -0.10009019E+02
  0.66800027E+00 -0.99962366E+01
  0.67567843E+00 -0.99843051E+01
  0.68335660E+00 -0.99732474E+01
  0.69103476E+00 -0.99630843E+01
  0.69871293E+00 -0.99538355E+01
  0.70639109E+00 -0.99455196E+01
  0.71406925E+00 -0.99381543E+01
  0.72174742E+00 -0.99317523E+01
  0.72942558E+00 -0.99263197E+01
  0.73710375E+00 -0.99218592E+01
  0.74478191E+00 -0.99183746E+01
  0.75246007E+00 -0.99158719E+01
  0.76013824E+00 -0.99143585E+01
  0.76781640E+00 -0.99138473E+01
  0.77545956E+00 -0.99143526E+01
  0.78310273E+00 -0.99158546E+01
  0.79074589E+00 -0.99183429E+01
  0.79838905E+00 -0.99218068E+01
  0.80603222E+00 -0.99262347E+01
  0.81367538E+00 -0.99316151E+01
  0.82131854E+00 -0.99379367E+01
  0.82896170E+00 -0.99451897E+01
  0.83660487E+00 -0.99533665E+01
  0.84424803E+00 -0.99624591E+01
  0.85189119E+00 -0.99724496E+01
  0.85953435E+00 -0.99833178E+01
  0.86717752E+00 -0.99950440E+01
  0.87482068E+00 -0.10007608E+02
  0.88246384E+00 -0.10020985E+02
  0.89010701E+00 -0.10035153E+02
  0.89775017E+00 -0.10050083E+02
  0.90539333E+00 -0.10065749E+02
  0.91303649E+00 -0.10082123E+02
  0.92067966E+00 -0.10099173E+02
  0.92832282E+00 -0.10116868E+02
  0.93596598E+00 -0.10135183E+02
  0.94360915E+00 -0.10154091E+02
  0.95125231E+00 -0.10173567E+02
  0.95889547E+00 -0.10193588E+02
  0.96653863E+00 -0.10214127E+02
  0.97418180E+00 -0.10235156E+02
  0.98182496E+00 -0.10256644E+02
  0.98946812E+00 -0.10278560E+02
  0.99711129E+00 -0.10300870E+02
  0.10047544E+01 -0.10323540E+02
  0.10123976E+01 -0.10346537E+02
  0.10200408E+01 -0.10369828E+02
  0.10276839E+01 -0.10393382E+02
  0.10353271E+01 -0.10417174E+02
  0.10429703E+01 -0.10441182E+02
  0.10506134E+01 -0.10465388E+02
  0.10582566E+01 -0.10489769E+02
  0.10658998E+01 -0.10514304E+02
  0.10735429E+01 -0.10538967E+02
  0.10811861E+01 -0.10563734E+02
  0.10888292E+01 -0.10588575E+02
  0.10964724E+01 -0.10613460E+02
  0.11041156E+01 -0.10638358E+02
  0.11117587E+01 -0.10663237E+02
  0.11194019E+01 -0.10688071E+02
  0.11270451E+01 -0.10712837E+02
  0.11346882E+01 -0.10737506E+02
  0.11423314E+01 -0.10762045E+02
  0.11499745E+01 -0.10786428E+02
  0.11576177E+01 -0.10810633E+02
  0.11652609E+01 -0.10834638E+02
  0.11729040E+01 -0.10858422E+02
  0.11805472E+01 -0.10881960E+02
  0.11881904E+01 -0.10905226E+02
  0.11958335E+01 -0.10928186E+02
  0.12034767E+01 -0.10950806E+02
  0.12111198E+01 -0.10973048E+02
  0.12187630E+01 -0.10994880E+02
  0.12264062E+01 -0.11016268E+02
  0.12340493E+01 -0.11037186E+02
  0.12416925E+01 -0.11057610E+02
  0.12493357E+01 -0.11077522E+02
  0.12569788E+01 -0.11096903E+02
  0.12646220E+01 -0.11115736E+02
  0.12722651E+01 -0.11134003E+02
  0.12799083E+01 -0.11151683E+02
  0.12875515E+01 -0.11168752E+02
  0.12951946E+01 -0.11185179E+02
  0.13028378E+01 -0.11200933E+02
  0.13104810E+01 -0.11215978E+02
  0.13181241E+01 -0.11230276E+02
  0.13257673E+01 -0.11243793E+02
  0.13334104E+01 -0.11256499E+02
  0.13410536E+01 -0.11268367E+02
  0.13486968E+01 -0.11279376E+02
  0.13563399E+01 -0.11289510E+02
  0.13639831E+01 -0.11298755E+02
  0.13716263E+01 -0.11307097E+02
  0.13792694E+01 -0.11314524E+02
  0.13869126E+01 -0.11321023E+02
  0.13945558E+01 -0.11326575E+02
  0.14021989E+01 -0.11331160E+02
  0.14098421E+01 -0.11334757E+02
  0.14174852E+01 -0.11337343E+02
  0.14251284E+01 -0.11338902E+02
  0.14327716E+01 -0.11339421E+02
  0.14404497E+01 -0.11340286E+02
  0.14481279E+01 -0.11341436E+02
  0.14558061E+01 -0.11342868E+02
  0.14634842E+01 -0.11344584E+02
  0.14711624E+01 -0.11346587E+02
  0.14788405E+01 -0.11348878E+02
  0.14865187E+01 -0.11351458E+02
  0.14941969E+01 -0.11354325E+02
  0.15018750E+01 -0.11357472E+02
  0.15095532E+01 -0.11360892E+02
  0.15172314E+01 -0.11364575E+02
  0.15249095E+01 -0.11368507E+02
  0.15325877E+01 -0.11372677E+02
  0.15402659E+01 -0.11377069E+02
  0.15479440E+01 -0.11381669E+02
  0.15556222E+01 -0.11386464E+02
  0.15633004E+01 -0.11391441E+02
  0.15709785E+01 -0.11396589E+02
  0.15786567E+01 -0.11401896E+02
  0.15863348E+01 -0.11407352E+02
  0.15940130E+01 -0.11412947E+02
  0.16016912E+01 -0.11418667E+02
  0.16093693E+01 -0.11424501E+02
  0.16170475E+01 -0.11430432E+02
  0.16247257E+01 -0.11436444E+02
  0.16324038E+01 -0.11442515E+02
  0.16400820E+01 -0.11448623E+02
  0.16477602E+01 -0.11454745E+02
  0.16554383E+01 -0.11460855E+02
  0.16631165E+01 -0.11466927E+02
  0.16707946E+01 -0.11472933E+02
  0.16784728E+01 -0.11478849E+02
  0.16861510E+01 -0.11484649E+02
  0.16938291E+01 -0.11490310E+02
  0.17015073E+01 -0.11495808E+02
  0.17091855E+01 -0.11501124E+02
  0.17168636E+01 -0.11506236E+02
  0.17245418E+01 -0.11511125E+02
  0.17322200E+01 -0.11515770E+02
  0.17398981E+01 -0.11520150E+02
  0.17475763E+01 -0.11524243E+02
  0.17552545E+01 -0.11528025E+02
  0.17629326E+01 -0.11531468E+02
  0.17706108E+01 -0.11534546E+02
  0.17782889E+01 -0.11537228E+02
  0.17859671E+01 -0.11539485E+02
  0.17936453E+01 -0.11541286E+02
  0.18013234E+01 -0.11542601E+02
  0.18090016E+01 -0.11543404E+02
  0.18166798E+01 -0.11543669E+02
  0.18243579E+01 -0.11543390E+02
  0.18320361E+01 -0.11542524E+02
  0.18397143E+01 -0.11541054E+02
  0.18473924E+01 -0.11538968E+02
  0.18550706E+01 -0.11536257E+02
  0.18627487E+01 -0.11532915E+02
  0.18704269E+01 -0.11528939E+02
  0.18781051E+01 -0.11524325E+02
  0.18857832E+01 -0.11519068E+02
  0.18934614E+01 -0.11513162E+02
  0.19011396E+01 -0.11506601E+02
  0.19088177E+01 -0.11499373E+02
  0.19164959E+01 -0.11491471E+02
  0.19241741E+01 -0.11482885E+02
  0.19318522E+01 -0.11473608E+02
  0.19395304E+01 -0.11463636E+02
  0.19472086E+01 -0.11452971E+02
  0.19548867E+01 -0.11441619E+02
  0.19625649E+01 -0.11429589E+02
  0.19702430E+01 -0.11416896E+02
  0.19779212E+01 -0.11403559E+02
  0.19855994E+01 -0.11389597E+02
  0.19932775E+01 -0.11375028E+02
  0.20009557E+01 -0.11359871E+02
  0.20086339E+01 -0.11344142E+02
  0.20163120E+01 -0.11327853E+02
  0.20239902E+01 -0.11311015E+02
  0.20316684E+01 -0.11293635E+02
  0.20393465E+01 -0.11275719E+02
  0.20470247E+01 -0.11257273E+02
  0.20547028E+01 -0.11238306E+02
  0.20623810E+01 -0.11218826E+02
  0.20700592E+01 -0.11198847E+02
  0.20777373E+01 -0.11178388E+02
  0.20854155E+01 -0.11157468E+02
  0.20930937E+01 -0.11136112E+02
  0.21007718E+01 -0.11114348E+02
  0.21084500E+01 -0.11092203E+02
  0.21161282E+01 -0.11069703E+02
  0.21238063E+01 -0.11046875E+02
  0.21314845E+01 -0.11023743E+02
  0.21391627E+01 -0.11000327E+02
  0.21468408E+01 -0.10976644E+02
  0.21545190E+01 -0.10952710E+02
  0.21621971E+01 -0.10928538E+02
  0.21698753E+01 -0.10904141E+02
  0.21775535E+01 -0.10879533E+02
  0.21852316E+01 -0.10854728E+02
  0.21929098E+01 -0.10829745E+02
  0.22005880E+01 -0.10804604E+02
  0.22082661E+01 -0.10779328E+02
  0.22159443E+01 -0.10753943E+02
  0.22236225E+01 -0.10728477E+02
  0.22313006E+01 -0.10702958E+02
  0.22389788E+01 -0.10677414E+02
  0.22466569E+01 -0.10651873E+02
  0.22543351E+01 -0.10626360E+02
  0.22620133E+01 -0.10600901E+02
  0.22696914E+01 -0.10575516E+02
  0.22773696E+01 -0.10550226E+02
  0.22850478E+01 -0.10525051E+02
  0.22927259E+01 -0.10500009E+02
  0.23004041E+01 -0.10475121E+02
  0.23080823E+01 -0.10450407E+02
  0.23157604E+01 -0.10425891E+02
  0.23234386E+01 -0.10401599E+02
  0.23311168E+01 -0.10377559E+02
  0.23387949E+01 -0.10353801E+02
  0.23464731E+01 -0.10330357E+02
  0.23541512E+01 -0.10307260E+02
  0.23618294E+01 -0.10284543E+02
  0.23695076E+01 -0.10262238E+02
  0.23771857E+01 -0.10240376E+02
  0.23848639E+01 -0.10218987E+02
  0.23925421E+01 -0.10198100E+02
  0.24002202E+01 -0.10177741E+02
  0.24078984E+01 -0.10157937E+02
  0.24155766E+01 -0.10138714E+02
  0.24232547E+01 -0.10120096E+02
  0.24309329E+01 -0.10102111E+02
  0.24386110E+01 -0.10084785E+02
  0.24462892E+01 -0.10068145E+02
  0.24539674E+01 -0.10052220E+02
  0.24616455E+01 -0.10037038E+02
  0.24693237E+01 -0.10022628E+02
  0.24770019E+01 -0.10009019E+02
  0.24846800E+01 -0.99962366E+01
  0.24923582E+01 -0.99843051E+01
  0.25000364E+01 -0.99732474E+01
  0.25077145E+01 -0.99630843E+01
  0.25153927E+01 -0.99538355E+01
  0.25230709E+01 -0.99455196E+01
  0.25307490E+01 -0.99381543E+01
  0.25384272E+01 -0.99317523E+01
  0.25461053E+01 -0.99263197E+01
  0.25537835E+01 -0.99218592E+01
  0.25614617E+01 -0.99183746E+01
  0.25691398E+01 -0.99158719E+01
  0.25768180E+01 -0.99143585E+01
  0.25844962E+01 -0.99138473E+01
  
  0.00000000E+00 -0.11497723E+02
  0.76781640E-02 -0.11497467E+02
  0.15356328E-01 -0.11496675E+02
  0.23034492E-01 -0.11495331E+02
  0.30712656E-01 -0.11493419E+02
  0.38390820E-01 -0.11490927E+02
  0.46068984E-01 -0.11487847E+02
  0.53747148E-01 -0.11484168E+02
  0.61425312E-01 -0.11479882E+02
  0.69103476E-01 -0.11474980E+02
  0.76781640E-01 -0.11469454E+02
  0.84459804E-01 -0.11463293E+02
  0.92137968E-01 -0.11456489E+02
  0.99816132E-01 -0.11449034E+02
  0.10749430E+00 -0.11440921E+02
  0.11517246E+00 -0.11432146E+02
  0.12285062E+00 -0.11422707E+02
  0.13052879E+00 -0.11412607E+02
  0.13820695E+00 -0.11401851E+02
  0.14588512E+00 -0.11390447E+02
  0.15356328E+00 -0.11378405E+02
  0.16124144E+00 -0.11365739E+02
  0.16891961E+00 -0.11352460E+02
  0.17659777E+00 -0.11338581E+02
  0.18427594E+00 -0.11324116E+02
  0.19195410E+00 -0.11309075E+02
  0.19963226E+00 -0.11293467E+02
  0.20731043E+00 -0.11277302E+02
  0.21498859E+00 -0.11260589E+02
  0.22266676E+00 -0.11243335E+02
  0.23034492E+00 -0.11225551E+02
  0.23802308E+00 -0.11207247E+02
  0.24570125E+00 -0.11188436E+02
  0.25337941E+00 -0.11169134E+02
  0.26105758E+00 -0.11149358E+02
  0.26873574E+00 -0.11129129E+02
  0.27641390E+00 -0.11108468E+02
  0.28409207E+00 -0.11087399E+02
  0.29177023E+00 -0.11065946E+02
  0.29944840E+00 -0.11044132E+02
  0.30712656E+00 -0.11021981E+02
  0.31480472E+00 -0.10999514E+02
  0.32248289E+00 -0.10976751E+02
  0.33016105E+00 -0.10953712E+02
  0.33783922E+00 -0.10930415E+02
  0.34551738E+00 -0.10906876E+02
  0.35319554E+00 -0.10883112E+02
  0.36087371E+00 -0.10859141E+02
  0.36855187E+00 -0.10834980E+02
  0.37623004E+00 -0.10810648E+02
  0.38390820E+00 -0.10786165E+02
  0.39158636E+00 -0.10761553E+02
  0.39926453E+00 -0.10736836E+02
  0.40694269E+00 -0.10712036E+02
  0.41462086E+00 -0.10687178E+02
  0.42229902E+00 -0.10662288E+02
  0.42997718E+00 -0.10637389E+02
  0.43765535E+00 -0.10612505E+02
  0.44533351E+00 -0.10587661E+02
  0.45301168E+00 -0.10562879E+02
  0.46068984E+00 -0.10538180E+02
  0.46836800E+00 -0.10513586E+02
  0.47604617E+00 -0.10489119E+02
  0.48372433E+00 -0.10464801E+02
  0.49140250E+00 -0.10440655E+02
  0.49908066E+00 -0.10416704E+02
  0.50675882E+00 -0.10392973E+02
  0.51443699E+00 -0.10369487E+02
  0.52211515E+00 -0.10346275E+02
  0.52979332E+00 -0.10323363E+02
  0.53747148E+00 -0.10300782E+02
  0.54514964E+00 -0.10278559E+02
  0.55282781E+00 -0.10256725E+02
  0.56050597E+00 -0.10235308E+02
  0.56818414E+00 -0.10214339E+02
  0.57586230E+00 -0.10193846E+02
  0.58354046E+00 -0.10173857E+02
  0.59121863E+00 -0.10154401E+02
  0.59889679E+00 -0.10135506E+02
  0.60657496E+00 -0.10117201E+02
  0.61425312E+00 -0.10099514E+02
  0.62193128E+00 -0.10082474E+02
  0.62960945E+00 -0.10066108E+02
  0.63728761E+00 -0.10050444E+02
  0.64496578E+00 -0.10035509E+02
  0.65264394E+00 -0.10021330E+02
  0.66032210E+00 -0.10007932E+02
  0.66800027E+00 -0.99953414E+01
  0.67567843E+00 -0.99835809E+01
  0.68335660E+00 -0.99726735E+01
  0.69103476E+00 -0.99626400E+01
  0.69871293E+00 -0.99534988E+01
  0.70639109E+00 -0.99452653E+01
  0.71406925E+00 -0.99379531E+01
  0.72174742E+00 -0.99315766E+01
  0.72942558E+00 -0.99261540E+01
  0.73710375E+00 -0.99217034E+01
  0.74478191E+00 -0.99182384E+01
  0.75246007E+00 -0.99157669E+01
  0.76013824E+00 -0.99142917E+01
  0.76781640E+00 -0.99138060E+01
  0.77545956E+00 -0.99142964E+01
  0.78310273E+00 -0.99157776E+01
  0.79074589E+00 -0.99182490E+01
  0.79838905E+00 -0.99217043E+01
  0.80603222E+00 -0.99261338E+01
  0.81367538E+00 -0.99315250E+01
  0.82131854E+00 -0.99378644E+01
  0.82896170E+00 -0.99451370E+01
  0.83660487E+00 -0.99533252E+01
  0.84424803E+00 -0.99624123E+01
  0.85189119E+00 -0.99723889E+01
  0.85953435E+00 -0.99832452E+01
  0.86717752E+00 -0.99949659E+01
  0.87482068E+00 -0.10007531E+02
  0.88246384E+00 -0.10020917E+02
  0.89010701E+00 -0.10035096E+02
  0.89775017E+00 -0.10050038E+02
  0.90539333E+00 -0.10065710E+02
  0.91303649E+00 -0.10082081E+02
  0.92067966E+00 -0.10099125E+02
  0.92832282E+00 -0.10116816E+02
  0.93596598E+00 -0.10135127E+02
  0.94360915E+00 -0.10154034E+02
  0.95125231E+00 -0.10173512E+02
  0.95889547E+00 -0.10193536E+02
  0.96653863E+00 -0.10214078E+02
  0.97418180E+00 -0.10235112E+02
  0.98182496E+00 -0.10256605E+02
  0.98946812E+00 -0.10278527E+02
  0.99711129E+00 -0.10300840E+02
  0.10047544E+01 -0.10323512E+02
  0.10123976E+01 -0.10346507E+02
  0.10200408E+01 -0.10369796E+02
  0.10276839E+01 -0.10393350E+02
  0.10353271E+01 -0.10417142E+02
  0.10429703E+01 -0.10441146E+02
  0.10506134E+01 -0.10465342E+02
  0.10582566E+01 -0.10489707E+02
  0.10658998E+01 -0.10514225E+02
  0.10735429E+01 -0.10538875E+02
  0.10811861E+01 -0.10563633E+02
  0.10888292E+01 -0.10588474E+02
  0.10964724E+01 -0.10613367E+02
  0.11041156E+01 -0.10638281E+02
  0.11117587E+01 -0.10663182E+02
  0.11194019E+01 -0.10688033E+02
  0.11270451E+01 -0.10712796E+02
  0.11346882E+01 -0.10737446E+02
  0.11423314E+01 -0.10761965E+02
  0.11499745E+01 -0.10786334E+02
  0.11576177E+01 -0.10810532E+02
  0.11652609E+01 -0.10834535E+02
  0.11729040E+01 -0.10858321E+02
  0.11805472E+01 -0.10881860E+02
  0.11881904E+01 -0.10905122E+02
  0.11958335E+01 -0.10928076E+02
  0.12034767E+01 -0.10950689E+02
  0.12111198E+01 -0.10972928E+02
  0.12187630E+01 -0.10994759E+02
  0.12264062E+01 -0.11016151E+02
  0.12340493E+01 -0.11037076E+02
  0.12416925E+01 -0.11057507E+02
  0.12493357E+01 -0.11077425E+02
  0.12569788E+01 -0.11096812E+02
  0.12646220E+01 -0.11115649E+02
  0.12722651E+01 -0.11133922E+02
  0.12799083E+01 -0.11151607E+02
  0.12875515E+01 -0.11168681E+02
  0.12951946E+01 -0.11185115E+02
  0.13028378E+01 -0.11200873E+02
  0.13104810E+01 -0.11215922E+02
  0.13181241E+01 -0.11230225E+02
  0.13257673E+01 -0.11243746E+02
  0.13334104E+01 -0.11256456E+02
  0.13410536E+01 -0.11268327E+02
  0.13486968E+01 -0.11279339E+02
  0.13563399E+01 -0.11289474E+02
  0.13639831E+01 -0.11298721E+02
  0.13716263E+01 -0.11307068E+02
  0.13792694E+01 -0.11314500E+02
  0.13869126E+01 -0.11321004E+02
  0.13945558E+01 -0.11326559E+02
  0.14021989E+01 -0.11331144E+02
  0.14098421E+01 -0.11334740E+02
  0.14174852E+01 -0.11337326E+02
  0.14251284E+01 -0.11338886E+02
  0.14327716E+01 -0.11339409E+02
  0.14404497E+01 -0.11338823E+02
  0.14481279E+01 -0.11338510E+02
  0.14558061E+01 -0.11338480E+02
  0.14634842E+01 -0.11338736E+02
  0.14711624E+01 -0.11339282E+02
  0.14788405E+01 -0.11340124E+02
  0.14865187E+01 -0.11341265E+02
  0.14941969E+01 -0.11342705E+02
  0.15018750E+01 -0.11344444E+02
  0.15095532E+01 -0.11346478E+02
  0.15172314E+01 -0.11348797E+02
  0.15249095E+01 -0.11351392E+02
  0.15325877E+01 -0.11354248E+02
  0.15402659E+01 -0.11357350E+02
  0.15479440E+01 -0.11360681E+02
  0.15556222E+01 -0.11364227E+02
  0.15633004E+01 -0.11367972E+02
  0.15709785E+01 -0.11371903E+02
  0.15786567E+01 -0.11376010E+02
  0.15863348E+01 -0.11380283E+02
  0.15940130E+01 -0.11384713E+02
  0.16016912E+01 -0.11389293E+02
  0.16093693E+01 -0.11394012E+02
  0.16170475E+01 -0.11398861E+02
  0.16247257E+01 -0.11403826E+02
  0.16324038E+01 -0.11408889E+02
  0.16400820E+01 -0.11414032E+02
  0.16477602E+01 -0.11419230E+02
  0.16554383E+01 -0.11424458E+02
  0.16631165E+01 -0.11429688E+02
  0.16707946E+01 -0.11434893E+02
  0.16784728E+01 -0.11440043E+02
  0.16861510E+01 -0.11445113E+02
  0.16938291E+01 -0.11450078E+02
  0.17015073E+01 -0.11454915E+02
  0.17091855E+01 -0.11459603E+02
  0.17168636E+01 -0.11464124E+02
  0.17245418E+01 -0.11468459E+02
  0.17322200E+01 -0.11472589E+02
  0.17398981E+01 -0.11476496E+02
  0.17475763E+01 -0.11480158E+02
  0.17552545E+01 -0.11483552E+02
  0.17629326E+01 -0.11486652E+02
  0.17706108E+01 -0.11489432E+02
  0.17782889E+01 -0.11491861E+02
  0.17859671E+01 -0.11493909E+02
  0.17936453E+01 -0.11495547E+02
  0.18013234E+01 -0.11496746E+02
  0.18090016E+01 -0.11497480E+02
  0.18166798E+01 -0.11497723E+02
  0.18243579E+01 -0.11497467E+02
  0.18320361E+01 -0.11496675E+02
  0.18397143E+01 -0.11495331E+02
  0.18473924E+01 -0.11493419E+02
  0.18550706E+01 -0.11490927E+02
  0.18627487E+01 -0.11487847E+02
  0.18704269E+01 -0.11484168E+02
  0.18781051E+01 -0.11479882E+02
  0.18857832E+01 -0.11474980E+02
  0.18934614E+01 -0.11469454E+02
  0.19011396E+01 -0.11463293E+02
  0.19088177E+01 -0.11456489E+02
  0.19164959E+01 -0.11449034E+02
  0.19241741E+01 -0.11440921E+02
  0.19318522E+01 -0.11432146E+02
  0.19395304E+01 -0.11422707E+02
  0.19472086E+01 -0.11412607E+02
  0.19548867E+01 -0.11401851E+02
  0.19625649E+01 -0.11390447E+02
  0.19702430E+01 -0.11378405E+02
  0.19779212E+01 -0.11365739E+02
  0.19855994E+01 -0.11352460E+02
  0.19932775E+01 -0.11338581E+02
  0.20009557E+01 -0.11324116E+02
  0.20086339E+01 -0.11309075E+02
  0.20163120E+01 -0.11293467E+02
  0.20239902E+01 -0.11277302E+02
  0.20316684E+01 -0.11260589E+02
  0.20393465E+01 -0.11243335E+02
  0.20470247E+01 -0.11225551E+02
  0.20547028E+01 -0.11207247E+02
  0.20623810E+01 -0.11188436E+02
  0.20700592E+01 -0.11169134E+02
  0.20777373E+01 -0.11149358E+02
  0.20854155E+01 -0.11129129E+02
  0.20930937E+01 -0.11108468E+02
  0.21007718E+01 -0.11087399E+02
  0.21084500E+01 -0.11065946E+02
  0.21161282E+01 -0.11044132E+02
  0.21238063E+01 -0.11021981E+02
  0.21314845E+01 -0.10999514E+02
  0.21391627E+01 -0.10976751E+02
  0.21468408E+01 -0.10953712E+02
  0.21545190E+01 -0.10930415E+02
  0.21621971E+01 -0.10906876E+02
  0.21698753E+01 -0.10883112E+02
  0.21775535E+01 -0.10859141E+02
  0.21852316E+01 -0.10834980E+02
  0.21929098E+01 -0.10810648E+02
  0.22005880E+01 -0.10786165E+02
  0.22082661E+01 -0.10761553E+02
  0.22159443E+01 -0.10736836E+02
  0.22236225E+01 -0.10712036E+02
  0.22313006E+01 -0.10687178E+02
  0.22389788E+01 -0.10662288E+02
  0.22466569E+01 -0.10637389E+02
  0.22543351E+01 -0.10612505E+02
  0.22620133E+01 -0.10587661E+02
  0.22696914E+01 -0.10562879E+02
  0.22773696E+01 -0.10538180E+02
  0.22850478E+01 -0.10513586E+02
  0.22927259E+01 -0.10489119E+02
  0.23004041E+01 -0.10464801E+02
  0.23080823E+01 -0.10440655E+02
  0.23157604E+01 -0.10416704E+02
  0.23234386E+01 -0.10392973E+02
  0.23311168E+01 -0.10369487E+02
  0.23387949E+01 -0.10346275E+02
  0.23464731E+01 -0.10323363E+02
  0.23541512E+01 -0.10300782E+02
  0.23618294E+01 -0.10278559E+02
  0.23695076E+01 -0.10256725E+02
  0.23771857E+01 -0.10235308E+02
  0.23848639E+01 -0.10214339E+02
  0.23925421E+01 -0.10193846E+02
  0.24002202E+01 -0.10173857E+02
  0.24078984E+01 -0.10154401E+02
  0.24155766E+01 -0.10135506E+02
  0.24232547E+01 -0.10117201E+02
  0.24309329E+01 -0.10099514E+02
  0.24386110E+01 -0.10082474E+02
  0.24462892E+01 -0.10066108E+02
  0.24539674E+01 -0.10050444E+02
  0.24616455E+01 -0.10035509E+02
  0.24693237E+01 -0.10021330E+02
  0.24770019E+01 -0.10007932E+02
  0.24846800E+01 -0.99953414E+01
  0.24923582E+01 -0.99835809E+01
  0.25000364E+01 -0.99726735E+01
  0.25077145E+01 -0.99626400E+01
  0.25153927E+01 -0.99534988E+01
  0.25230709E+01 -0.99452653E+01
  0.25307490E+01 -0.99379531E+01
  0.25384272E+01 -0.99315766E+01
  0.25461053E+01 -0.99261540E+01
  0.25537835E+01 -0.99217034E+01
  0.25614617E+01 -0.99182384E+01
  0.25691398E+01 -0.99157669E+01
  0.25768180E+01 -0.99142917E+01
  0.25844962E+01 -0.99138060E+01
  
  0.00000000E+00 -0.62711367E+01
  0.76781640E-02 -0.62708091E+01
  0.15356328E-01 -0.62698679E+01
  0.23034492E-01 -0.62683229E+01
  0.30712656E-01 -0.62661842E+01
  0.38390820E-01 -0.62634614E+01
  0.46068984E-01 -0.62601644E+01
  0.53747148E-01 -0.62563036E+01
  0.61425312E-01 -0.62518897E+01
  0.69103476E-01 -0.62469340E+01
  0.76781640E-01 -0.62414484E+01
  0.84459804E-01 -0.62354450E+01
  0.92137968E-01 -0.62289363E+01
  0.99816132E-01 -0.62219344E+01
  0.10749430E+00 -0.62144512E+01
  0.11517246E+00 -0.62064981E+01
  0.12285062E+00 -0.61980856E+01
  0.13052879E+00 -0.61892243E+01
  0.13820695E+00 -0.61799242E+01
  0.14588512E+00 -0.61701954E+01
  0.15356328E+00 -0.61600486E+01
  0.16124144E+00 -0.61494954E+01
  0.16891961E+00 -0.61385483E+01
  0.17659777E+00 -0.61272209E+01
  0.18427594E+00 -0.61155279E+01
  0.19195410E+00 -0.61034846E+01
  0.19963226E+00 -0.60911066E+01
  0.20731043E+00 -0.60784091E+01
  0.21498859E+00 -0.60654066E+01
  0.22266676E+00 -0.60521123E+01
  0.23034492E+00 -0.60385381E+01
  0.23802308E+00 -0.60246946E+01
  0.24570125E+00 -0.60105915E+01
  0.25337941E+00 -0.59962385E+01
  0.26105758E+00 -0.59816460E+01
  0.26873574E+00 -0.59668259E+01
  0.27641390E+00 -0.59517933E+01
  0.28409207E+00 -0.59365664E+01
  0.29177023E+00 -0.59211676E+01
  0.29944840E+00 -0.59056233E+01
  0.30712656E+00 -0.58899637E+01
  0.31480472E+00 -0.58742218E+01
  0.32248289E+00 -0.58584325E+01
  0.33016105E+00 -0.58426312E+01
  0.33783922E+00 -0.58268523E+01
  0.34551738E+00 -0.58111283E+01
  0.35319554E+00 -0.57954883E+01
  0.36087371E+00 -0.57799582E+01
  0.36855187E+00 -0.57645600E+01
  0.37623004E+00 -0.57493125E+01
  0.38390820E+00 -0.57342324E+01
  0.39158636E+00 -0.57193347E+01
  0.39926453E+00 -0.57046345E+01
  0.40694269E+00 -0.56901481E+01
  0.41462086E+00 -0.56758937E+01
  0.42229902E+00 -0.56618921E+01
  0.42997718E+00 -0.56481666E+01
  0.43765535E+00 -0.56347435E+01
  0.44533351E+00 -0.56216506E+01
  0.45301168E+00 -0.56089169E+01
  0.46068984E+00 -0.55965713E+01
  0.46836800E+00 -0.55846421E+01
  0.47604617E+00 -0.55731559E+01
  0.48372433E+00 -0.55621370E+01
  0.49140250E+00 -0.55516079E+01
  0.49908066E+00 -0.55415887E+01
  0.50675882E+00 -0.55320976E+01
  0.51443699E+00 -0.55231519E+01
  0.52211515E+00 -0.55147675E+01
  0.52979332E+00 -0.55069602E+01
  0.53747148E+00 -0.54997448E+01
  0.54514964E+00 -0.54931357E+01
  0.55282781E+00 -0.54871457E+01
  0.56050597E+00 -0.54817857E+01
  0.56818414E+00 -0.54770635E+01
  0.57586230E+00 -0.54729828E+01
  0.58354046E+00 -0.54695423E+01
  0.59121863E+00 -0.54667348E+01
  0.59889679E+00 -0.54645467E+01
  0.60657496E+00 -0.54629577E+01
  0.61425312E+00 -0.54619409E+01
  0.62193128E+00 -0.54614630E+01
  0.62960945E+00 -0.54614852E+01
  0.63728761E+00 -0.54619638E+01
  0.64496578E+00 -0.54628510E+01
  0.65264394E+00 -0.54640961E+01
  0.66032210E+00 -0.54656465E+01
  0.66800027E+00 -0.54674481E+01
  0.67567843E+00 -0.54694460E+01
  0.68335660E+00 -0.54715855E+01
  0.69103476E+00 -0.54738115E+01
  0.69871293E+00 -0.54760694E+01
  0.70639109E+00 -0.54783048E+01
  0.71406925E+00 -0.54804641E+01
  0.72174742E+00 -0.54824942E+01
  0.72942558E+00 -0.54843435E+01
  0.73710375E+00 -0.54859631E+01
  0.74478191E+00 -0.54873146E+01
  0.75246007E+00 -0.54883735E+01
  0.76013824E+00 -0.54890152E+01
  0.76781640E+00 -0.54892057E+01
  0.77545956E+00 -0.54890087E+01
  0.78310273E+00 -0.54883961E+01
  0.79074589E+00 -0.54873695E+01
  0.79838905E+00 -0.54859369E+01
  0.80603222E+00 -0.54841123E+01
  0.81367538E+00 -0.54819151E+01
  0.82131854E+00 -0.54793707E+01
  0.82896170E+00 -0.54765097E+01
  0.83660487E+00 -0.54733669E+01
  0.84424803E+00 -0.54699789E+01
  0.85189119E+00 -0.54663836E+01
  0.85953435E+00 -0.54626209E+01
  0.86717752E+00 -0.54587318E+01
  0.87482068E+00 -0.54547575E+01
  0.88246384E+00 -0.54507394E+01
  0.89010701E+00 -0.54467181E+01
  0.89775017E+00 -0.54427341E+01
  0.90539333E+00 -0.54388281E+01
  0.91303649E+00 -0.54350404E+01
  0.92067966E+00 -0.54314118E+01
  0.92832282E+00 -0.54279817E+01
  0.93596598E+00 -0.54247838E+01
  0.94360915E+00 -0.54218458E+01
  0.95125231E+00 -0.54191947E+01
  0.95889547E+00 -0.54168594E+01
  0.96653863E+00 -0.54148662E+01
  0.97418180E+00 -0.54132349E+01
  0.98182496E+00 -0.54119786E+01
  0.98946812E+00 -0.54111062E+01
  0.99711129E+00 -0.54106243E+01
  0.10047544E+01 -0.54105368E+01
  0.10123976E+01 -0.54108457E+01
  0.10200408E+01 -0.54115507E+01
  0.10276839E+01 -0.54126487E+01
  0.10353271E+01 -0.54141336E+01
  0.10429703E+01 -0.54159949E+01
  0.10506134E+01 -0.54182183E+01
  0.10582566E+01 -0.54207863E+01
  0.10658998E+01 -0.54236794E+01
  0.10735429E+01 -0.54268757E+01
  0.10811861E+01 -0.54303524E+01
  0.10888292E+01 -0.54340863E+01
  0.10964724E+01 -0.54380550E+01
  0.11041156E+01 -0.54422374E+01
  0.11117587E+01 -0.54466139E+01
  0.11194019E+01 -0.54511669E+01
  0.11270451E+01 -0.54558823E+01
  0.11346882E+01 -0.54607511E+01
  0.11423314E+01 -0.54657412E+01
  0.11499745E+01 -0.54708135E+01
  0.11576177E+01 -0.54759423E+01
  0.11652609E+01 -0.54811113E+01
  0.11729040E+01 -0.54863135E+01
  0.11805472E+01 -0.54915348E+01
  0.11881904E+01 -0.54967499E+01
  0.11958335E+01 -0.55019375E+01
  0.12034767E+01 -0.55070819E+01
  0.12111198E+01 -0.55121710E+01
  0.12187630E+01 -0.55171956E+01
  0.12264062E+01 -0.55221485E+01
  0.12340493E+01 -0.55270226E+01
  0.12416925E+01 -0.55318102E+01
  0.12493357E+01 -0.55365020E+01
  0.12569788E+01 -0.55410874E+01
  0.12646220E+01 -0.55455553E+01
  0.12722651E+01 -0.55498947E+01
  0.12799083E+01 -0.55540937E+01
  0.12875515E+01 -0.55581399E+01
  0.12951946E+01 -0.55620218E+01
  0.13028378E+01 -0.55657294E+01
  0.13104810E+01 -0.55692557E+01
  0.13181241E+01 -0.55725966E+01
  0.13257673E+01 -0.55757509E+01
  0.13334104E+01 -0.55787212E+01
  0.13410536E+01 -0.55815098E+01
  0.13486968E+01 -0.55841083E+01
  0.13563399E+01 -0.55865025E+01
  0.13639831E+01 -0.55886828E+01
  0.13716263E+01 -0.55906438E+01
  0.13792694E+01 -0.55923830E+01
  0.13869126E+01 -0.55939007E+01
  0.13945558E+01 -0.55951971E+01
  0.14021989E+01 -0.55962662E+01
  0.14098421E+01 -0.55970999E+01
  0.14174852E+01 -0.55976936E+01
  0.14251284E+01 -0.55980467E+01
  0.14327716E+01 -0.55981610E+01
  0.14404497E+01 -0.56119080E+01
  0.14481279E+01 -0.56268228E+01
  0.14558061E+01 -0.56427487E+01
  0.14634842E+01 -0.56595773E+01
  0.14711624E+01 -0.56771997E+01
  0.14788405E+01 -0.56955080E+01
  0.14865187E+01 -0.57143970E+01
  0.14941969E+01 -0.57337652E+01
  0.15018750E+01 -0.57535161E+01
  0.15095532E+01 -0.57735590E+01
  0.15172314E+01 -0.57938091E+01
  0.15249095E+01 -0.58141879E+01
  0.15325877E+01 -0.58346228E+01
  0.15402659E+01 -0.58550466E+01
  0.15479440E+01 -0.58753969E+01
  0.15556222E+01 -0.58956149E+01
  0.15633004E+01 -0.59156453E+01
  0.15709785E+01 -0.59354351E+01
  0.15786567E+01 -0.59549335E+01
  0.15863348E+01 -0.59740916E+01
  0.15940130E+01 -0.59928628E+01
  0.16016912E+01 -0.60112027E+01
  0.16093693E+01 -0.60290701E+01
  0.16170475E+01 -0.60464275E+01
  0.16247257E+01 -0.60632412E+01
  0.16324038E+01 -0.60794819E+01
  0.16400820E+01 -0.60951248E+01
  0.16477602E+01 -0.61101496E+01
  0.16554383E+01 -0.61245398E+01
  0.16631165E+01 -0.61382825E+01
  0.16707946E+01 -0.61513676E+01
  0.16784728E+01 -0.61637870E+01
  0.16861510E+01 -0.61755345E+01
  0.16938291E+01 -0.61866047E+01
  0.17015073E+01 -0.61969933E+01
  0.17091855E+01 -0.62066966E+01
  0.17168636E+01 -0.62157119E+01
  0.17245418E+01 -0.62240375E+01
  0.17322200E+01 -0.62316727E+01
  0.17398981E+01 -0.62386185E+01
  0.17475763E+01 -0.62448771E+01
  0.17552545E+01 -0.62504522E+01
  0.17629326E+01 -0.62553487E+01
  0.17706108E+01 -0.62595722E+01
  0.17782889E+01 -0.62631291E+01
  0.17859671E+01 -0.62660259E+01
  0.17936453E+01 -0.62682688E+01
  0.18013234E+01 -0.62698642E+01
  0.18090016E+01 -0.62708181E+01
  0.18166798E+01 -0.62711367E+01
  0.18243579E+01 -0.62708091E+01
  0.18320361E+01 -0.62698679E+01
  0.18397143E+01 -0.62683229E+01
  0.18473924E+01 -0.62661842E+01
  0.18550706E+01 -0.62634614E+01
  0.18627487E+01 -0.62601644E+01
  0.18704269E+01 -0.62563036E+01
  0.18781051E+01 -0.62518897E+01
  0.18857832E+01 -0.62469340E+01
  0.18934614E+01 -0.62414484E+01
  0.19011396E+01 -0.62354450E+01
  0.19088177E+01 -0.62289363E+01
  0.19164959E+01 -0.62219344E+01
  0.19241741E+01 -0.62144512E+01
  0.19318522E+01 -0.62064981E+01
  0.19395304E+01 -0.61980856E+01
  0.19472086E+01 -0.61892243E+01
  0.19548867E+01 -0.61799242E+01
  0.19625649E+01 -0.61701954E+01
  0.19702430E+01 -0.61600486E+01
  0.19779212E+01 -0.61494954E+01
  0.19855994E+01 -0.61385483E+01
  0.19932775E+01 -0.61272209E+01
  0.20009557E+01 -0.61155279E+01
  0.20086339E+01 -0.61034846E+01
  0.20163120E+01 -0.60911066E+01
  0.20239902E+01 -0.60784091E+01
  0.20316684E+01 -0.60654066E+01
  0.20393465E+01 -0.60521123E+01
  0.20470247E+01 -0.60385381E+01
  0.20547028E+01 -0.60246946E+01
  0.20623810E+01 -0.60105915E+01
  0.20700592E+01 -0.59962385E+01
  0.20777373E+01 -0.59816460E+01
  0.20854155E+01 -0.59668259E+01
  0.20930937E+01 -0.59517933E+01
  0.21007718E+01 -0.59365664E+01
  0.21084500E+01 -0.59211676E+01
  0.21161282E+01 -0.59056233E+01
  0.21238063E+01 -0.58899637E+01
  0.21314845E+01 -0.58742218E+01
  0.21391627E+01 -0.58584325E+01
  0.21468408E+01 -0.58426312E+01
  0.21545190E+01 -0.58268523E+01
  0.21621971E+01 -0.58111283E+01
  0.21698753E+01 -0.57954883E+01
  0.21775535E+01 -0.57799582E+01
  0.21852316E+01 -0.57645600E+01
  0.21929098E+01 -0.57493125E+01
  0.22005880E+01 -0.57342324E+01
  0.22082661E+01 -0.57193347E+01
  0.22159443E+01 -0.57046345E+01
  0.22236225E+01 -0.56901481E+01
  0.22313006E+01 -0.56758937E+01
  0.22389788E+01 -0.56618921E+01
  0.22466569E+01 -0.56481666E+01
  0.22543351E+01 -0.56347435E+01
  0.22620133E+01 -0.56216506E+01
  0.22696914E+01 -0.56089169E+01
  0.22773696E+01 -0.55965713E+01
  0.22850478E+01 -0.55846421E+01
  0.22927259E+01 -0.55731559E+01
  0.23004041E+01 -0.55621370E+01
  0.23080823E+01 -0.55516079E+01
  0.23157604E+01 -0.55415887E+01
  0.23234386E+01 -0.55320976E+01
  0.23311168E+01 -0.55231519E+01
  0.23387949E+01 -0.55147675E+01
  0.23464731E+01 -0.55069602E+01
  0.23541512E+01 -0.54997448E+01
  0.23618294E+01 -0.54931357E+01
  0.23695076E+01 -0.54871457E+01
  0.23771857E+01 -0.54817857E+01
  0.23848639E+01 -0.54770635E+01
  0.23925421E+01 -0.54729828E+01
  0.24002202E+01 -0.54695423E+01
  0.24078984E+01 -0.54667348E+01
  0.24155766E+01 -0.54645467E+01
  0.24232547E+01 -0.54629577E+01
  0.24309329E+01 -0.54619409E+01
  0.24386110E+01 -0.54614630E+01
  0.24462892E+01 -0.54614852E+01
  0.24539674E+01 -0.54619638E+01
  0.24616455E+01 -0.54628510E+01
  0.24693237E+01 -0.54640961E+01
  0.24770019E+01 -0.54656465E+01
  0.24846800E+01 -0.54674481E+01
  0.24923582E+01 -0.54694460E+01
  0.25000364E+01 -0.54715855E+01
  0.25077145E+01 -0.54738115E+01
  0.25153927E+01 -0.54760694E+01
  0.25230709E+01 -0.54783048E+01
  0.25307490E+01 -0.54804641E+01
  0.25384272E+01 -0.54824942E+01
  0.25461053E+01 -0.54843435E+01
  0.25537835E+01 -0.54859631E+01
  0.25614617E+01 -0.54873146E+01
  0.25691398E+01 -0.54883735E+01
  0.25768180E+01 -0.54890152E+01
  0.25844962E+01 -0.54892057E+01
  
  0.00000000E+00 -0.58386014E+01
  0.76781640E-02 -0.58383034E+01
  0.15356328E-01 -0.58374508E+01
  0.23034492E-01 -0.58360496E+01
  0.30712656E-01 -0.58341044E+01
  0.38390820E-01 -0.58316192E+01
  0.46068984E-01 -0.58285980E+01
  0.53747148E-01 -0.58250451E+01
  0.61425312E-01 -0.58209659E+01
  0.69103476E-01 -0.58163676E+01
  0.76781640E-01 -0.58112594E+01
  0.84459804E-01 -0.58056525E+01
  0.92137968E-01 -0.57995599E+01
  0.99816132E-01 -0.57929963E+01
  0.10749430E+00 -0.57859766E+01
  0.11517246E+00 -0.57785164E+01
  0.12285062E+00 -0.57706303E+01
  0.13052879E+00 -0.57623322E+01
  0.13820695E+00 -0.57536346E+01
  0.14588512E+00 -0.57445490E+01
  0.15356328E+00 -0.57350862E+01
  0.16124144E+00 -0.57252566E+01
  0.16891961E+00 -0.57150711E+01
  0.17659777E+00 -0.57045415E+01
  0.18427594E+00 -0.56936812E+01
  0.19195410E+00 -0.56825053E+01
  0.19963226E+00 -0.56710307E+01
  0.20731043E+00 -0.56592763E+01
  0.21498859E+00 -0.56472617E+01
  0.22266676E+00 -0.56350079E+01
  0.23034492E+00 -0.56225358E+01
  0.23802308E+00 -0.56098665E+01
  0.24570125E+00 -0.55970210E+01
  0.25337941E+00 -0.55840205E+01
  0.26105758E+00 -0.55708866E+01
  0.26873574E+00 -0.55576425E+01
  0.27641390E+00 -0.55443135E+01
  0.28409207E+00 -0.55309281E+01
  0.29177023E+00 -0.55175186E+01
  0.29944840E+00 -0.55041217E+01
  0.30712656E+00 -0.54907784E+01
  0.31480472E+00 -0.54775340E+01
  0.32248289E+00 -0.54644367E+01
  0.33016105E+00 -0.54515372E+01
  0.33783922E+00 -0.54388870E+01
  0.34551738E+00 -0.54265370E+01
  0.35319554E+00 -0.54145368E+01
  0.36087371E+00 -0.54029338E+01
  0.36855187E+00 -0.53917726E+01
  0.37623004E+00 -0.53810958E+01
  0.38390820E+00 -0.53709439E+01
  0.39158636E+00 -0.53613569E+01
  0.39926453E+00 -0.53523746E+01
  0.40694269E+00 -0.53440378E+01
  0.41462086E+00 -0.53363887E+01
  0.42229902E+00 -0.53294703E+01
  0.42997718E+00 -0.53233259E+01
  0.43765535E+00 -0.53179977E+01
  0.44533351E+00 -0.53135242E+01
  0.45301168E+00 -0.53099381E+01
  0.46068984E+00 -0.53072641E+01
  0.46836800E+00 -0.53055166E+01
  0.47604617E+00 -0.53046983E+01
  0.48372433E+00 -0.53047995E+01
  0.49140250E+00 -0.53057981E+01
  0.49908066E+00 -0.53076609E+01
  0.50675882E+00 -0.53103443E+01
  0.51443699E+00 -0.53137971E+01
  0.52211515E+00 -0.53179619E+01
  0.52979332E+00 -0.53227771E+01
  0.53747148E+00 -0.53281791E+01
  0.54514964E+00 -0.53341027E+01
  0.55282781E+00 -0.53404830E+01
  0.56050597E+00 -0.53472551E+01
  0.56818414E+00 -0.53543553E+01
  0.57586230E+00 -0.53617203E+01
  0.58354046E+00 -0.53692879E+01
  0.59121863E+00 -0.53769968E+01
  0.59889679E+00 -0.53847866E+01
  0.60657496E+00 -0.53925981E+01
  0.61425312E+00 -0.54003738E+01
  0.62193128E+00 -0.54080584E+01
  0.62960945E+00 -0.54155991E+01
  0.63728761E+00 -0.54229466E+01
  0.64496578E+00 -0.54300551E+01
  0.65264394E+00 -0.54368831E+01
  0.66032210E+00 -0.54433937E+01
  0.66800027E+00 -0.54495540E+01
  0.67567843E+00 -0.54553355E+01
  0.68335660E+00 -0.54607133E+01
  0.69103476E+00 -0.54656661E+01
  0.69871293E+00 -0.54701754E+01
  0.70639109E+00 -0.54742254E+01
  0.71406925E+00 -0.54778027E+01
  0.72174742E+00 -0.54808965E+01
  0.72942558E+00 -0.54834989E+01
  0.73710375E+00 -0.54856044E+01
  0.74478191E+00 -0.54872040E+01
  0.75246007E+00 -0.54882826E+01
  0.76013824E+00 -0.54889358E+01
  0.76781640E+00 -0.54891790E+01
  0.77545956E+00 -0.54889579E+01
  0.78310273E+00 -0.54883201E+01
  0.79074589E+00 -0.54872750E+01
  0.79838905E+00 -0.54858335E+01
  0.80603222E+00 -0.54840092E+01
  0.81367538E+00 -0.54818194E+01
  0.82131854E+00 -0.54792847E+01
  0.82896170E+00 -0.54764300E+01
  0.83660487E+00 -0.54732851E+01
  0.84424803E+00 -0.54698856E+01
  0.85189119E+00 -0.54662722E+01
  0.85953435E+00 -0.54624881E+01
  0.86717752E+00 -0.54585782E+01
  0.87482068E+00 -0.54545876E+01
  0.88246384E+00 -0.54505613E+01
  0.89010701E+00 -0.54465426E+01
  0.89775017E+00 -0.54425728E+01
  0.90539333E+00 -0.54386904E+01
  0.91303649E+00 -0.54349310E+01
  0.92067966E+00 -0.54313272E+01
  0.92832282E+00 -0.54279097E+01
  0.93596598E+00 -0.54247117E+01
  0.94360915E+00 -0.54217692E+01
  0.95125231E+00 -0.54191137E+01
  0.95889547E+00 -0.54167700E+01
  0.96653863E+00 -0.54147595E+01
  0.97418180E+00 -0.54131031E+01
  0.98182496E+00 -0.54118209E+01
  0.98946812E+00 -0.54109292E+01
  0.99711129E+00 -0.54104390E+01
  0.10047544E+01 -0.54103554E+01
  0.10123976E+01 -0.54106781E+01
  0.10200408E+01 -0.54114015E+01
  0.10276839E+01 -0.54125159E+01
  0.10353271E+01 -0.54140088E+01
  0.10429703E+01 -0.54158665E+01
  0.10506134E+01 -0.54180746E+01
  0.10582566E+01 -0.54206183E+01
  0.10658998E+01 -0.54234820E+01
  0.10735429E+01 -0.54266503E+01
  0.10811861E+01 -0.54301073E+01
  0.10888292E+01 -0.54338361E+01
  0.10964724E+01 -0.54378183E+01
  0.11041156E+01 -0.54420330E+01
  0.11117587E+01 -0.54464567E+01
  0.11194019E+01 -0.54510629E+01
  0.11270451E+01 -0.54558203E+01
  0.11346882E+01 -0.54606915E+01
  0.11423314E+01 -0.54656619E+01
  0.11499745E+01 -0.54707241E+01
  0.11576177E+01 -0.54758587E+01
  0.11652609E+01 -0.54810389E+01
  0.11729040E+01 -0.54862322E+01
  0.11805472E+01 -0.54914167E+01
  0.11881904E+01 -0.54965860E+01
  0.11958335E+01 -0.55017336E+01
  0.12034767E+01 -0.55068513E+01
  0.12111198E+01 -0.55119294E+01
  0.12187630E+01 -0.55169574E+01
  0.12264062E+01 -0.55219233E+01
  0.12340493E+01 -0.55268143E+01
  0.12416925E+01 -0.55316178E+01
  0.12493357E+01 -0.55363214E+01
  0.12569788E+01 -0.55409131E+01
  0.12646220E+01 -0.55453809E+01
  0.12722651E+01 -0.55497133E+01
  0.12799083E+01 -0.55539009E+01
  0.12875515E+01 -0.55579363E+01
  0.12951946E+01 -0.55618141E+01
  0.13028378E+01 -0.55655294E+01
  0.13104810E+01 -0.55690766E+01
  0.13181241E+01 -0.55724496E+01
  0.13257673E+01 -0.55756399E+01
  0.13334104E+01 -0.55786363E+01
  0.13410536E+01 -0.55814274E+01
  0.13486968E+01 -0.55840125E+01
  0.13563399E+01 -0.55863958E+01
  0.13639831E+01 -0.55885765E+01
  0.13716263E+01 -0.55905494E+01
  0.13792694E+01 -0.55923066E+01
  0.13869126E+01 -0.55938382E+01
  0.13945558E+01 -0.55951355E+01
  0.14021989E+01 -0.55961973E+01
  0.14098421E+01 -0.55970261E+01
  0.14174852E+01 -0.55976222E+01
  0.14251284E+01 -0.55979836E+01
  0.14327716E+01 -0.55981069E+01
  0.14404497E+01 -0.55855746E+01
  0.14481279E+01 -0.55743034E+01
  0.14558061E+01 -0.55644290E+01
  0.14634842E+01 -0.55560233E+01
  0.14711624E+01 -0.55491436E+01
  0.14788405E+01 -0.55438292E+01
  0.14865187E+01 -0.55401000E+01
  0.14941969E+01 -0.55379549E+01
  0.15018750E+01 -0.55373717E+01
  0.15095532E+01 -0.55383074E+01
  0.15172314E+01 -0.55406999E+01
  0.15249095E+01 -0.55444703E+01
  0.15325877E+01 -0.55495258E+01
  0.15402659E+01 -0.55557630E+01
  0.15479440E+01 -0.55630707E+01
  0.15556222E+01 -0.55713328E+01
  0.15633004E+01 -0.55804309E+01
  0.15709785E+01 -0.55902463E+01
  0.15786567E+01 -0.56006620E+01
  0.15863348E+01 -0.56115634E+01
  0.15940130E+01 -0.56228402E+01
  0.16016912E+01 -0.56343871E+01
  0.16093693E+01 -0.56461049E+01
  0.16170475E+01 -0.56579007E+01
  0.16247257E+01 -0.56696896E+01
  0.16324038E+01 -0.56813943E+01
  0.16400820E+01 -0.56929455E+01
  0.16477602E+01 -0.57042824E+01
  0.16554383E+01 -0.57153518E+01
  0.16631165E+01 -0.57261078E+01
  0.16707946E+01 -0.57365109E+01
  0.16784728E+01 -0.57465269E+01
  0.16861510E+01 -0.57561264E+01
  0.16938291E+01 -0.57652832E+01
  0.17015073E+01 -0.57739738E+01
  0.17091855E+01 -0.57821768E+01
  0.17168636E+01 -0.57898727E+01
  0.17245418E+01 -0.57970433E+01
  0.17322200E+01 -0.58036725E+01
  0.17398981E+01 -0.58097460E+01
  0.17475763E+01 -0.58152520E+01
  0.17552545E+01 -0.58201812E+01
  0.17629326E+01 -0.58245274E+01
  0.17706108E+01 -0.58282869E+01
  0.17782889E+01 -0.58314589E+01
  0.17859671E+01 -0.58340446E+01
  0.17936453E+01 -0.58360472E+01
  0.18013234E+01 -0.58374709E+01
  0.18090016E+01 -0.58383207E+01
  0.18166798E+01 -0.58386014E+01
  0.18243579E+01 -0.58383034E+01
  0.18320361E+01 -0.58374508E+01
  0.18397143E+01 -0.58360496E+01
  0.18473924E+01 -0.58341044E+01
  0.18550706E+01 -0.58316192E+01
  0.18627487E+01 -0.58285980E+01
  0.18704269E+01 -0.58250451E+01
  0.18781051E+01 -0.58209659E+01
  0.18857832E+01 -0.58163676E+01
  0.18934614E+01 -0.58112594E+01
  0.19011396E+01 -0.58056525E+01
  0.19088177E+01 -0.57995599E+01
  0.19164959E+01 -0.57929963E+01
  0.19241741E+01 -0.57859766E+01
  0.19318522E+01 -0.57785164E+01
  0.19395304E+01 -0.57706303E+01
  0.19472086E+01 -0.57623322E+01
  0.19548867E+01 -0.57536346E+01
  0.19625649E+01 -0.57445490E+01
  0.19702430E+01 -0.57350862E+01
  0.19779212E+01 -0.57252566E+01
  0.19855994E+01 -0.57150711E+01
  0.19932775E+01 -0.57045415E+01
  0.20009557E+01 -0.56936812E+01
  0.20086339E+01 -0.56825053E+01
  0.20163120E+01 -0.56710307E+01
  0.20239902E+01 -0.56592763E+01
  0.20316684E+01 -0.56472617E+01
  0.20393465E+01 -0.56350079E+01
  0.20470247E+01 -0.56225358E+01
  0.20547028E+01 -0.56098665E+01
  0.20623810E+01 -0.55970210E+01
  0.20700592E+01 -0.55840205E+01
  0.20777373E+01 -0.55708866E+01
  0.20854155E+01 -0.55576425E+01
  0.20930937E+01 -0.55443135E+01
  0.21007718E+01 -0.55309281E+01
  0.21084500E+01 -0.55175186E+01
  0.21161282E+01 -0.55041217E+01
  0.21238063E+01 -0.54907784E+01
  0.21314845E+01 -0.54775340E+01
  0.21391627E+01 -0.54644367E+01
  0.21468408E+01 -0.54515372E+01
  0.21545190E+01 -0.54388870E+01
  0.21621971E+01 -0.54265370E+01
  0.21698753E+01 -0.54145368E+01
  0.21775535E+01 -0.54029338E+01
  0.21852316E+01 -0.53917726E+01
  0.21929098E+01 -0.53810958E+01
  0.22005880E+01 -0.53709439E+01
  0.22082661E+01 -0.53613569E+01
  0.22159443E+01 -0.53523746E+01
  0.22236225E+01 -0.53440378E+01
  0.22313006E+01 -0.53363887E+01
  0.22389788E+01 -0.53294703E+01
  0.22466569E+01 -0.53233259E+01
  0.22543351E+01 -0.53179977E+01
  0.22620133E+01 -0.53135242E+01
  0.22696914E+01 -0.53099381E+01
  0.22773696E+01 -0.53072641E+01
  0.22850478E+01 -0.53055166E+01
  0.22927259E+01 -0.53046983E+01
  0.23004041E+01 -0.53047995E+01
  0.23080823E+01 -0.53057981E+01
  0.23157604E+01 -0.53076609E+01
  0.23234386E+01 -0.53103443E+01
  0.23311168E+01 -0.53137971E+01
  0.23387949E+01 -0.53179619E+01
  0.23464731E+01 -0.53227771E+01
  0.23541512E+01 -0.53281791E+01
  0.23618294E+01 -0.53341027E+01
  0.23695076E+01 -0.53404830E+01
  0.23771857E+01 -0.53472551E+01
  0.23848639E+01 -0.53543553E+01
  0.23925421E+01 -0.53617203E+01
  0.24002202E+01 -0.53692879E+01
  0.24078984E+01 -0.53769968E+01
  0.24155766E+01 -0.53847866E+01
  0.24232547E+01 -0.53925981E+01
  0.24309329E+01 -0.54003738E+01
  0.24386110E+01 -0.54080584E+01
  0.24462892E+01 -0.54155991E+01
  0.24539674E+01 -0.54229466E+01
  0.24616455E+01 -0.54300551E+01
  0.24693237E+01 -0.54368831E+01
  0.24770019E+01 -0.54433937E+01
  0.24846800E+01 -0.54495540E+01
  0.24923582E+01 -0.54553355E+01
  0.25000364E+01 -0.54607133E+01
  0.25077145E+01 -0.54656661E+01
  0.25153927E+01 -0.54701754E+01
  0.25230709E+01 -0.54742254E+01
  0.25307490E+01 -0.54778027E+01
  0.25384272E+01 -0.54808965E+01
  0.25461053E+01 -0.54834989E+01
  0.25537835E+01 -0.54856044E+01
  0.25614617E+01 -0.54872040E+01
  0.25691398E+01 -0.54882826E+01
  0.25768180E+01 -0.54889358E+01
  0.25844962E+01 -0.54891790E+01
  
  0.00000000E+00 -0.36208057E+01
  0.76781640E-02 -0.36215948E+01
  0.15356328E-01 -0.36239719E+01
  0.23034492E-01 -0.36279255E+01
  0.30712656E-01 -0.36334261E+01
  0.38390820E-01 -0.36404259E+01
  0.46068984E-01 -0.36488613E+01
  0.53747148E-01 -0.36586551E+01
  0.61425312E-01 -0.36697196E+01
  0.69103476E-01 -0.36819602E+01
  0.76781640E-01 -0.36952793E+01
  0.84459804E-01 -0.37095793E+01
  0.92137968E-01 -0.37247655E+01
  0.99816132E-01 -0.37407487E+01
  0.10749430E+00 -0.37574464E+01
  0.11517246E+00 -0.37747840E+01
  0.12285062E+00 -0.37926948E+01
  0.13052879E+00 -0.38111201E+01
  0.13820695E+00 -0.38300077E+01
  0.14588512E+00 -0.38493116E+01
  0.15356328E+00 -0.38689898E+01
  0.16124144E+00 -0.38890034E+01
  0.16891961E+00 -0.39093155E+01
  0.17659777E+00 -0.39298899E+01
  0.18427594E+00 -0.39506908E+01
  0.19195410E+00 -0.39716821E+01
  0.19963226E+00 -0.39928282E+01
  0.20731043E+00 -0.40140935E+01
  0.21498859E+00 -0.40354430E+01
  0.22266676E+00 -0.40568430E+01
  0.23034492E+00 -0.40782609E+01
  0.23802308E+00 -0.40996657E+01
  0.24570125E+00 -0.41210276E+01
  0.25337941E+00 -0.41423182E+01
  0.26105758E+00 -0.41635099E+01
  0.26873574E+00 -0.41845751E+01
  0.27641390E+00 -0.42054864E+01
  0.28409207E+00 -0.42262157E+01
  0.29177023E+00 -0.42467343E+01
  0.29944840E+00 -0.42670125E+01
  0.30712656E+00 -0.42870200E+01
  0.31480472E+00 -0.43067260E+01
  0.32248289E+00 -0.43260997E+01
  0.33016105E+00 -0.43451099E+01
  0.33783922E+00 -0.43637261E+01
  0.34551738E+00 -0.43819176E+01
  0.35319554E+00 -0.43996536E+01
  0.36087371E+00 -0.44169028E+01
  0.36855187E+00 -0.44336328E+01
  0.37623004E+00 -0.44498095E+01
  0.38390820E+00 -0.44653967E+01
  0.39158636E+00 -0.44803560E+01
  0.39926453E+00 -0.44946465E+01
  0.40694269E+00 -0.45082257E+01
  0.41462086E+00 -0.45210505E+01
  0.42229902E+00 -0.45330784E+01
  0.42997718E+00 -0.45442692E+01
  0.43765535E+00 -0.45545873E+01
  0.44533351E+00 -0.45640032E+01
  0.45301168E+00 -0.45724953E+01
  0.46068984E+00 -0.45800510E+01
  0.46836800E+00 -0.45866675E+01
  0.47604617E+00 -0.45923517E+01
  0.48372433E+00 -0.45971198E+01
  0.49140250E+00 -0.46009962E+01
  0.49908066E+00 -0.46040124E+01
  0.50675882E+00 -0.46062057E+01
  0.51443699E+00 -0.46076182E+01
  0.52211515E+00 -0.46082957E+01
  0.52979332E+00 -0.46082874E+01
  0.53747148E+00 -0.46076452E+01
  0.54514964E+00 -0.46064238E+01
  0.55282781E+00 -0.46046795E+01
  0.56050597E+00 -0.46024705E+01
  0.56818414E+00 -0.45998554E+01
  0.57586230E+00 -0.45968922E+01
  0.58354046E+00 -0.45936373E+01
  0.59121863E+00 -0.45901439E+01
  0.59889679E+00 -0.45864613E+01
  0.60657496E+00 -0.45826336E+01
  0.61425312E+00 -0.45787000E+01
  0.62193128E+00 -0.45746948E+01
  0.62960945E+00 -0.45706482E+01
  0.63728761E+00 -0.45665873E+01
  0.64496578E+00 -0.45625378E+01
  0.65264394E+00 -0.45585250E+01
  0.66032210E+00 -0.45545757E+01
  0.66800027E+00 -0.45507187E+01
  0.67567843E+00 -0.45469859E+01
  0.68335660E+00 -0.45434119E+01
  0.69103476E+00 -0.45400344E+01
  0.69871293E+00 -0.45368925E+01
  0.70639109E+00 -0.45340260E+01
  0.71406925E+00 -0.45314729E+01
  0.72174742E+00 -0.45292675E+01
  0.72942558E+00 -0.45274364E+01
  0.73710375E+00 -0.45259947E+01
  0.74478191E+00 -0.45249428E+01
  0.75246007E+00 -0.45242747E+01
  0.76013824E+00 -0.45239975E+01
  0.76781640E+00 -0.45239079E+01
  0.77545956E+00 -0.45240039E+01
  0.78310273E+00 -0.45242949E+01
  0.79074589E+00 -0.45247680E+01
  0.79838905E+00 -0.45254032E+01
  0.80603222E+00 -0.45261712E+01
  0.81367538E+00 -0.45270331E+01
  0.82131854E+00 -0.45279456E+01
  0.82896170E+00 -0.45288674E+01
  0.83660487E+00 -0.45297626E+01
  0.84424803E+00 -0.45306052E+01
  0.85189119E+00 -0.45313773E+01
  0.85953435E+00 -0.45320414E+01
  0.86717752E+00 -0.45325505E+01
  0.87482068E+00 -0.45328668E+01
  0.88246384E+00 -0.45329595E+01
  0.89010701E+00 -0.45328029E+01
  0.89775017E+00 -0.45323784E+01
  0.90539333E+00 -0.45316808E+01
  0.91303649E+00 -0.45306967E+01
  0.92067966E+00 -0.45293845E+01
  0.92832282E+00 -0.45277177E+01
  0.93596598E+00 -0.45256821E+01
  0.94360915E+00 -0.45232717E+01
  0.95125231E+00 -0.45204872E+01
  0.95889547E+00 -0.45173353E+01
  0.96653863E+00 -0.45138270E+01
  0.97418180E+00 -0.45099670E+01
  0.98182496E+00 -0.45057503E+01
  0.98946812E+00 -0.45011755E+01
  0.99711129E+00 -0.44962461E+01
  0.10047544E+01 -0.44909661E+01
  0.10123976E+01 -0.44853378E+01
  0.10200408E+01 -0.44793637E+01
  0.10276839E+01 -0.44730512E+01
  0.10353271E+01 -0.44664171E+01
  0.10429703E+01 -0.44594910E+01
  0.10506134E+01 -0.44523075E+01
  0.10582566E+01 -0.44448887E+01
  0.10658998E+01 -0.44372510E+01
  0.10735429E+01 -0.44294128E+01
  0.10811861E+01 -0.44213932E+01
  0.10888292E+01 -0.44132106E+01
  0.10964724E+01 -0.44048828E+01
  0.11041156E+01 -0.43964265E+01
  0.11117587E+01 -0.43878581E+01
  0.11194019E+01 -0.43791930E+01
  0.11270451E+01 -0.43704440E+01
  0.11346882E+01 -0.43616201E+01
  0.11423314E+01 -0.43527264E+01
  0.11499745E+01 -0.43437696E+01
  0.11576177E+01 -0.43347609E+01
  0.11652609E+01 -0.43257455E+01
  0.11729040E+01 -0.43167820E+01
  0.11805472E+01 -0.43078210E+01
  0.11881904E+01 -0.42988687E+01
  0.11958335E+01 -0.42899317E+01
  0.12034767E+01 -0.42810176E+01
  0.12111198E+01 -0.42721355E+01
  0.12187630E+01 -0.42632975E+01
  0.12264062E+01 -0.42545190E+01
  0.12340493E+01 -0.42458190E+01
  0.12416925E+01 -0.42372212E+01
  0.12493357E+01 -0.42287532E+01
  0.12569788E+01 -0.42204466E+01
  0.12646220E+01 -0.42123348E+01
  0.12722651E+01 -0.42044498E+01
  0.12799083E+01 -0.41968197E+01
  0.12875515E+01 -0.41894666E+01
  0.12951946E+01 -0.41824070E+01
  0.13028378E+01 -0.41756532E+01
  0.13104810E+01 -0.41692157E+01
  0.13181241E+01 -0.41631046E+01
  0.13257673E+01 -0.41573305E+01
  0.13334104E+01 -0.41519041E+01
  0.13410536E+01 -0.41468352E+01
  0.13486968E+01 -0.41421319E+01
  0.13563399E+01 -0.41378026E+01
  0.13639831E+01 -0.41338581E+01
  0.13716263E+01 -0.41303111E+01
  0.13792694E+01 -0.41271748E+01
  0.13869126E+01 -0.41244600E+01
  0.13945558E+01 -0.41221714E+01
  0.14021989E+01 -0.41203075E+01
  0.14098421E+01 -0.41188629E+01
  0.14174852E+01 -0.41178321E+01
  0.14251284E+01 -0.41172112E+01
  0.14327716E+01 -0.41169991E+01
  0.14404497E+01 -0.41316607E+01
  0.14481279E+01 -0.41444752E+01
  0.14558061E+01 -0.41553072E+01
  0.14634842E+01 -0.41640867E+01
  0.14711624E+01 -0.41707630E+01
  0.14788405E+01 -0.41753062E+01
  0.14865187E+01 -0.41777097E+01
  0.14941969E+01 -0.41779908E+01
  0.15018750E+01 -0.41761906E+01
  0.15095532E+01 -0.41723731E+01
  0.15172314E+01 -0.41666226E+01
  0.15249095E+01 -0.41590410E+01
  0.15325877E+01 -0.41497443E+01
  0.15402659E+01 -0.41388588E+01
  0.15479440E+01 -0.41265182E+01
  0.15556222E+01 -0.41128606E+01
  0.15633004E+01 -0.40980261E+01
  0.15709785E+01 -0.40821554E+01
  0.15786567E+01 -0.40653881E+01
  0.15863348E+01 -0.40478620E+01
  0.15940130E+01 -0.40297116E+01
  0.16016912E+01 -0.40110669E+01
  0.16093693E+01 -0.39920518E+01
  0.16170475E+01 -0.39727825E+01
  0.16247257E+01 -0.39533661E+01
  0.16324038E+01 -0.39338991E+01
  0.16400820E+01 -0.39144669E+01
  0.16477602E+01 -0.38951439E+01
  0.16554383E+01 -0.38759944E+01
  0.16631165E+01 -0.38570748E+01
  0.16707946E+01 -0.38384357E+01
  0.16784728E+01 -0.38201247E+01
  0.16861510E+01 -0.38021898E+01
  0.16938291E+01 -0.37846815E+01
  0.17015073E+01 -0.37676554E+01
  0.17091855E+01 -0.37511729E+01
  0.17168636E+01 -0.37353020E+01
  0.17245418E+01 -0.37201167E+01
  0.17322200E+01 -0.37056962E+01
  0.17398981E+01 -0.36921230E+01
  0.17475763E+01 -0.36794815E+01
  0.17552545E+01 -0.36678569E+01
  0.17629326E+01 -0.36573329E+01
  0.17706108E+01 -0.36479915E+01
  0.17782889E+01 -0.36399117E+01
  0.17859671E+01 -0.36331678E+01
  0.17936453E+01 -0.36278290E+01
  0.18013234E+01 -0.36239567E+01
  0.18090016E+01 -0.36216025E+01
  0.18166798E+01 -0.36208057E+01
  0.18243579E+01 -0.36215948E+01
  0.18320361E+01 -0.36239719E+01
  0.18397143E+01 -0.36279255E+01
  0.18473924E+01 -0.36334261E+01
  0.18550706E+01 -0.36404259E+01
  0.18627487E+01 -0.36488613E+01
  0.18704269E+01 -0.36586551E+01
  0.18781051E+01 -0.36697196E+01
  0.18857832E+01 -0.36819602E+01
  0.18934614E+01 -0.36952793E+01
  0.19011396E+01 -0.37095793E+01
  0.19088177E+01 -0.37247655E+01
  0.19164959E+01 -0.37407487E+01
  0.19241741E+01 -0.37574464E+01
  0.19318522E+01 -0.37747840E+01
  0.19395304E+01 -0.37926948E+01
  0.19472086E+01 -0.38111201E+01
  0.19548867E+01 -0.38300077E+01
  0.19625649E+01 -0.38493116E+01
  0.19702430E+01 -0.38689898E+01
  0.19779212E+01 -0.38890034E+01
  0.19855994E+01 -0.39093155E+01
  0.19932775E+01 -0.39298899E+01
  0.20009557E+01 -0.39506908E+01
  0.20086339E+01 -0.39716821E+01
  0.20163120E+01 -0.39928282E+01
  0.20239902E+01 -0.40140935E+01
  0.20316684E+01 -0.40354430E+01
  0.20393465E+01 -0.40568430E+01
  0.20470247E+01 -0.40782609E+01
  0.20547028E+01 -0.40996657E+01
  0.20623810E+01 -0.41210276E+01
  0.20700592E+01 -0.41423182E+01
  0.20777373E+01 -0.41635099E+01
  0.20854155E+01 -0.41845751E+01
  0.20930937E+01 -0.42054864E+01
  0.21007718E+01 -0.42262157E+01
  0.21084500E+01 -0.42467343E+01
  0.21161282E+01 -0.42670125E+01
  0.21238063E+01 -0.42870200E+01
  0.21314845E+01 -0.43067260E+01
  0.21391627E+01 -0.43260997E+01
  0.21468408E+01 -0.43451099E+01
  0.21545190E+01 -0.43637261E+01
  0.21621971E+01 -0.43819176E+01
  0.21698753E+01 -0.43996536E+01
  0.21775535E+01 -0.44169028E+01
  0.21852316E+01 -0.44336328E+01
  0.21929098E+01 -0.44498095E+01
  0.22005880E+01 -0.44653967E+01
  0.22082661E+01 -0.44803560E+01
  0.22159443E+01 -0.44946465E+01
  0.22236225E+01 -0.45082257E+01
  0.22313006E+01 -0.45210505E+01
  0.22389788E+01 -0.45330784E+01
  0.22466569E+01 -0.45442692E+01
  0.22543351E+01 -0.45545873E+01
  0.22620133E+01 -0.45640032E+01
  0.22696914E+01 -0.45724953E+01
  0.22773696E+01 -0.45800510E+01
  0.22850478E+01 -0.45866675E+01
  0.22927259E+01 -0.45923517E+01
  0.23004041E+01 -0.45971198E+01
  0.23080823E+01 -0.46009962E+01
  0.23157604E+01 -0.46040124E+01
  0.23234386E+01 -0.46062057E+01
  0.23311168E+01 -0.46076182E+01
  0.23387949E+01 -0.46082957E+01
  0.23464731E+01 -0.46082874E+01
  0.23541512E+01 -0.46076452E+01
  0.23618294E+01 -0.46064238E+01
  0.23695076E+01 -0.46046795E+01
  0.23771857E+01 -0.46024705E+01
  0.23848639E+01 -0.45998554E+01
  0.23925421E+01 -0.45968922E+01
  0.24002202E+01 -0.45936373E+01
  0.24078984E+01 -0.45901439E+01
  0.24155766E+01 -0.45864613E+01
  0.24232547E+01 -0.45826336E+01
  0.24309329E+01 -0.45787000E+01
  0.24386110E+01 -0.45746948E+01
  0.24462892E+01 -0.45706482E+01
  0.24539674E+01 -0.45665873E+01
  0.24616455E+01 -0.45625378E+01
  0.24693237E+01 -0.45585250E+01
  0.24770019E+01 -0.45545757E+01
  0.24846800E+01 -0.45507187E+01
  0.24923582E+01 -0.45469859E+01
  0.25000364E+01 -0.45434119E+01
  0.25077145E+01 -0.45400344E+01
  0.25153927E+01 -0.45368925E+01
  0.25230709E+01 -0.45340260E+01
  0.25307490E+01 -0.45314729E+01
  0.25384272E+01 -0.45292675E+01
  0.25461053E+01 -0.45274364E+01
  0.25537835E+01 -0.45259947E+01
  0.25614617E+01 -0.45249428E+01
  0.25691398E+01 -0.45242747E+01
  0.25768180E+01 -0.45239975E+01
  0.25844962E+01 -0.45239079E+01
  
  0.00000000E+00 -0.31730318E+01
  0.76781640E-02 -0.31748431E+01
  0.15356328E-01 -0.31801703E+01
  0.23034492E-01 -0.31885556E+01
  0.30712656E-01 -0.31994033E+01
  0.38390820E-01 -0.32121483E+01
  0.46068984E-01 -0.32263314E+01
  0.53747148E-01 -0.32416077E+01
  0.61425312E-01 -0.32577263E+01
  0.69103476E-01 -0.32745065E+01
  0.76781640E-01 -0.32918166E+01
  0.84459804E-01 -0.33095579E+01
  0.92137968E-01 -0.33276540E+01
  0.99816132E-01 -0.33460427E+01
  0.10749430E+00 -0.33646711E+01
  0.11517246E+00 -0.33834927E+01
  0.12285062E+00 -0.34024656E+01
  0.13052879E+00 -0.34215526E+01
  0.13820695E+00 -0.34407205E+01
  0.14588512E+00 -0.34599409E+01
  0.15356328E+00 -0.34791904E+01
  0.16124144E+00 -0.34984509E+01
  0.16891961E+00 -0.35177090E+01
  0.17659777E+00 -0.35369559E+01
  0.18427594E+00 -0.35561860E+01
  0.19195410E+00 -0.35753963E+01
  0.19963226E+00 -0.35945848E+01
  0.20731043E+00 -0.36137489E+01
  0.21498859E+00 -0.36328848E+01
  0.22266676E+00 -0.36519864E+01
  0.23034492E+00 -0.36710444E+01
  0.23802308E+00 -0.36900471E+01
  0.24570125E+00 -0.37089803E+01
  0.25337941E+00 -0.37278281E+01
  0.26105758E+00 -0.37465746E+01
  0.26873574E+00 -0.37652044E+01
  0.27641390E+00 -0.37837039E+01
  0.28409207E+00 -0.38020620E+01
  0.29177023E+00 -0.38202707E+01
  0.29944840E+00 -0.38383249E+01
  0.30712656E+00 -0.38562222E+01
  0.31480472E+00 -0.38739628E+01
  0.32248289E+00 -0.38915481E+01
  0.33016105E+00 -0.39089807E+01
  0.33783922E+00 -0.39262628E+01
  0.34551738E+00 -0.39433966E+01
  0.35319554E+00 -0.39603835E+01
  0.36087371E+00 -0.39772245E+01
  0.36855187E+00 -0.39939205E+01
  0.37623004E+00 -0.40104736E+01
  0.38390820E+00 -0.40268881E+01
  0.39158636E+00 -0.40431711E+01
  0.39926453E+00 -0.40593340E+01
  0.40694269E+00 -0.40753927E+01
  0.41462086E+00 -0.40913678E+01
  0.42229902E+00 -0.41072844E+01
  0.42997718E+00 -0.41231709E+01
  0.43765535E+00 -0.41390577E+01
  0.44533351E+00 -0.41549749E+01
  0.45301168E+00 -0.41709497E+01
  0.46068984E+00 -0.41870027E+01
  0.46836800E+00 -0.42031455E+01
  0.47604617E+00 -0.42193770E+01
  0.48372433E+00 -0.42356816E+01
  0.49140250E+00 -0.42520286E+01
  0.49908066E+00 -0.42683725E+01
  0.50675882E+00 -0.42846551E+01
  0.51443699E+00 -0.43008089E+01
  0.52211515E+00 -0.43167610E+01
  0.52979332E+00 -0.43324366E+01
  0.53747148E+00 -0.43477628E+01
  0.54514964E+00 -0.43626718E+01
  0.55282781E+00 -0.43771020E+01
  0.56050597E+00 -0.43909997E+01
  0.56818414E+00 -0.44043182E+01
  0.57586230E+00 -0.44170177E+01
  0.58354046E+00 -0.44290637E+01
  0.59121863E+00 -0.44404261E+01
  0.59889679E+00 -0.44510780E+01
  0.60657496E+00 -0.44609957E+01
  0.61425312E+00 -0.44701588E+01
  0.62193128E+00 -0.44785515E+01
  0.62960945E+00 -0.44861634E+01
  0.63728761E+00 -0.44929917E+01
  0.64496578E+00 -0.44990421E+01
  0.65264394E+00 -0.45043305E+01
  0.66032210E+00 -0.45088827E+01
  0.66800027E+00 -0.45127343E+01
  0.67567843E+00 -0.45159298E+01
  0.68335660E+00 -0.45185201E+01
  0.69103476E+00 -0.45205609E+01
  0.69871293E+00 -0.45221102E+01
  0.70639109E+00 -0.45232266E+01
  0.71406925E+00 -0.45239686E+01
  0.72174742E+00 -0.45243943E+01
  0.72942558E+00 -0.45245626E+01
  0.73710375E+00 -0.45245345E+01
  0.74478191E+00 -0.45243748E+01
  0.75246007E+00 -0.45241409E+01
  0.76013824E+00 -0.45238627E+01
  0.76781640E+00 -0.45237650E+01
  0.77545956E+00 -0.45238681E+01
  0.78310273E+00 -0.45241656E+01
  0.79074589E+00 -0.45246418E+01
  0.79838905E+00 -0.45252712E+01
  0.80603222E+00 -0.45260238E+01
  0.81367538E+00 -0.45268701E+01
  0.82131854E+00 -0.45277792E+01
  0.82896170E+00 -0.45287164E+01
  0.83660487E+00 -0.45296426E+01
  0.84424803E+00 -0.45305116E+01
  0.85189119E+00 -0.45312727E+01
  0.85953435E+00 -0.45318985E+01
  0.86717752E+00 -0.45323745E+01
  0.87482068E+00 -0.45326793E+01
  0.88246384E+00 -0.45327871E+01
  0.89010701E+00 -0.45326684E+01
  0.89775017E+00 -0.45322893E+01
  0.90539333E+00 -0.45316054E+01
  0.91303649E+00 -0.45305858E+01
  0.92067966E+00 -0.45292332E+01
  0.92832282E+00 -0.45275432E+01
  0.93596598E+00 -0.45255074E+01
  0.94360915E+00 -0.45231177E+01
  0.95125231E+00 -0.45203668E+01
  0.95889547E+00 -0.45172477E+01
  0.96653863E+00 -0.45137535E+01
  0.97418180E+00 -0.45098852E+01
  0.98182496E+00 -0.45056544E+01
  0.98946812E+00 -0.45010680E+01
  0.99711129E+00 -0.44961271E+01
  0.10047544E+01 -0.44908329E+01
  0.10123976E+01 -0.44851903E+01
  0.10200408E+01 -0.44792089E+01
  0.10276839E+01 -0.44729008E+01
  0.10353271E+01 -0.44662773E+01
  0.10429703E+01 -0.44593465E+01
  0.10506134E+01 -0.44521200E+01
  0.10582566E+01 -0.44446283E+01
  0.10658998E+01 -0.44369105E+01
  0.10735429E+01 -0.44290030E+01
  0.10811861E+01 -0.44209376E+01
  0.10888292E+01 -0.44127397E+01
  0.10964724E+01 -0.44044275E+01
  0.11041156E+01 -0.43960117E+01
  0.11117587E+01 -0.43874975E+01
  0.11194019E+01 -0.43788869E+01
  0.11270451E+01 -0.43701832E+01
  0.11346882E+01 -0.43613959E+01
  0.11423314E+01 -0.43525406E+01
  0.11499745E+01 -0.43436359E+01
  0.11576177E+01 -0.43346986E+01
  0.11652609E+01 -0.43257129E+01
  0.11729040E+01 -0.43166493E+01
  0.11805472E+01 -0.43075837E+01
  0.11881904E+01 -0.42985330E+01
  0.11958335E+01 -0.42895105E+01
  0.12034767E+01 -0.42805268E+01
  0.12111198E+01 -0.42715911E+01
  0.12187630E+01 -0.42627134E+01
  0.12264062E+01 -0.42539066E+01
  0.12340493E+01 -0.42451882E+01
  0.12416925E+01 -0.42365806E+01
  0.12493357E+01 -0.42281102E+01
  0.12569788E+01 -0.42198060E+01
  0.12646220E+01 -0.42116974E+01
  0.12722651E+01 -0.42038139E+01
  0.12799083E+01 -0.41961837E+01
  0.12875515E+01 -0.41888326E+01
  0.12951946E+01 -0.41817826E+01
  0.13028378E+01 -0.41750501E+01
  0.13104810E+01 -0.41686453E+01
  0.13181241E+01 -0.41625738E+01
  0.13257673E+01 -0.41568382E+01
  0.13334104E+01 -0.41514418E+01
  0.13410536E+01 -0.41463923E+01
  0.13486968E+01 -0.41417020E+01
  0.13563399E+01 -0.41373865E+01
  0.13639831E+01 -0.41334606E+01
  0.13716263E+01 -0.41299360E+01
  0.13792694E+01 -0.41268202E+01
  0.13869126E+01 -0.41241178E+01
  0.13945558E+01 -0.41218324E+01
  0.14021989E+01 -0.41199673E+01
  0.14098421E+01 -0.41185240E+01
  0.14174852E+01 -0.41175014E+01
  0.14251284E+01 -0.41168955E+01
  0.14327716E+01 -0.41167017E+01
  0.14404497E+01 -0.41002457E+01
  0.14481279E+01 -0.40820579E+01
  0.14558061E+01 -0.40623105E+01
  0.14634842E+01 -0.40411353E+01
  0.14711624E+01 -0.40186725E+01
  0.14788405E+01 -0.39950689E+01
  0.14865187E+01 -0.39704776E+01
  0.14941969E+01 -0.39450564E+01
  0.15018750E+01 -0.39189666E+01
  0.15095532E+01 -0.38923717E+01
  0.15172314E+01 -0.38654350E+01
  0.15249095E+01 -0.38383182E+01
  0.15325877E+01 -0.38111791E+01
  0.15402659E+01 -0.37841698E+01
  0.15479440E+01 -0.37574345E+01
  0.15556222E+01 -0.37311071E+01
  0.15633004E+01 -0.37053090E+01
  0.15709785E+01 -0.36801460E+01
  0.15786567E+01 -0.36557057E+01
  0.15863348E+01 -0.36320545E+01
  0.15940130E+01 -0.36092353E+01
  0.16016912E+01 -0.35872665E+01
  0.16093693E+01 -0.35661412E+01
  0.16170475E+01 -0.35458290E+01
  0.16247257E+01 -0.35262793E+01
  0.16324038E+01 -0.35074248E+01
  0.16400820E+01 -0.34891870E+01
  0.16477602E+01 -0.34714818E+01
  0.16554383E+01 -0.34542246E+01
  0.16631165E+01 -0.34373354E+01
  0.16707946E+01 -0.34207430E+01
  0.16784728E+01 -0.34043874E+01
  0.16861510E+01 -0.33882223E+01
  0.16938291E+01 -0.33722152E+01
  0.17015073E+01 -0.33563469E+01
  0.17091855E+01 -0.33406109E+01
  0.17168636E+01 -0.33250114E+01
  0.17245418E+01 -0.33095624E+01
  0.17322200E+01 -0.32942871E+01
  0.17398981E+01 -0.32792197E+01
  0.17475763E+01 -0.32644079E+01
  0.17552545E+01 -0.32499205E+01
  0.17629326E+01 -0.32358573E+01
  0.17706108E+01 -0.32223658E+01
  0.17782889E+01 -0.32096628E+01
  0.17859671E+01 -0.31980625E+01
  0.17936453E+01 -0.31880033E+01
  0.18013234E+01 -0.31800556E+01
  0.18090016E+01 -0.31748707E+01
  0.18166798E+01 -0.31730318E+01
  0.18243579E+01 -0.31748431E+01
  0.18320361E+01 -0.31801703E+01
  0.18397143E+01 -0.31885556E+01
  0.18473924E+01 -0.31994033E+01
  0.18550706E+01 -0.32121483E+01
  0.18627487E+01 -0.32263314E+01
  0.18704269E+01 -0.32416077E+01
  0.18781051E+01 -0.32577263E+01
  0.18857832E+01 -0.32745065E+01
  0.18934614E+01 -0.32918166E+01
  0.19011396E+01 -0.33095579E+01
  0.19088177E+01 -0.33276540E+01
  0.19164959E+01 -0.33460427E+01
  0.19241741E+01 -0.33646711E+01
  0.19318522E+01 -0.33834927E+01
  0.19395304E+01 -0.34024656E+01
  0.19472086E+01 -0.34215526E+01
  0.19548867E+01 -0.34407205E+01
  0.19625649E+01 -0.34599409E+01
  0.19702430E+01 -0.34791904E+01
  0.19779212E+01 -0.34984509E+01
  0.19855994E+01 -0.35177090E+01
  0.19932775E+01 -0.35369559E+01
  0.20009557E+01 -0.35561860E+01
  0.20086339E+01 -0.35753963E+01
  0.20163120E+01 -0.35945848E+01
  0.20239902E+01 -0.36137489E+01
  0.20316684E+01 -0.36328848E+01
  0.20393465E+01 -0.36519864E+01
  0.20470247E+01 -0.36710444E+01
  0.20547028E+01 -0.36900471E+01
  0.20623810E+01 -0.37089803E+01
  0.20700592E+01 -0.37278281E+01
  0.20777373E+01 -0.37465746E+01
  0.20854155E+01 -0.37652044E+01
  0.20930937E+01 -0.37837039E+01
  0.21007718E+01 -0.38020620E+01
  0.21084500E+01 -0.38202707E+01
  0.21161282E+01 -0.38383249E+01
  0.21238063E+01 -0.38562222E+01
  0.21314845E+01 -0.38739628E+01
  0.21391627E+01 -0.38915481E+01
  0.21468408E+01 -0.39089807E+01
  0.21545190E+01 -0.39262628E+01
  0.21621971E+01 -0.39433966E+01
  0.21698753E+01 -0.39603835E+01
  0.21775535E+01 -0.39772245E+01
  0.21852316E+01 -0.39939205E+01
  0.21929098E+01 -0.40104736E+01
  0.22005880E+01 -0.40268881E+01
  0.22082661E+01 -0.40431711E+01
  0.22159443E+01 -0.40593340E+01
  0.22236225E+01 -0.40753927E+01
  0.22313006E+01 -0.40913678E+01
  0.22389788E+01 -0.41072844E+01
  0.22466569E+01 -0.41231709E+01
  0.22543351E+01 -0.41390577E+01
  0.22620133E+01 -0.41549749E+01
  0.22696914E+01 -0.41709497E+01
  0.22773696E+01 -0.41870027E+01
  0.22850478E+01 -0.42031455E+01
  0.22927259E+01 -0.42193770E+01
  0.23004041E+01 -0.42356816E+01
  0.23080823E+01 -0.42520286E+01
  0.23157604E+01 -0.42683725E+01
  0.23234386E+01 -0.42846551E+01
  0.23311168E+01 -0.43008089E+01
  0.23387949E+01 -0.43167610E+01
  0.23464731E+01 -0.43324366E+01
  0.23541512E+01 -0.43477628E+01
  0.23618294E+01 -0.43626718E+01
  0.23695076E+01 -0.43771020E+01
  0.23771857E+01 -0.43909997E+01
  0.23848639E+01 -0.44043182E+01
  0.23925421E+01 -0.44170177E+01
  0.24002202E+01 -0.44290637E+01
  0.24078984E+01 -0.44404261E+01
  0.24155766E+01 -0.44510780E+01
  0.24232547E+01 -0.44609957E+01
  0.24309329E+01 -0.44701588E+01
  0.24386110E+01 -0.44785515E+01
  0.24462892E+01 -0.44861634E+01
  0.24539674E+01 -0.44929917E+01
  0.24616455E+01 -0.44990421E+01
  0.24693237E+01 -0.45043305E+01
  0.24770019E+01 -0.45088827E+01
  0.24846800E+01 -0.45127343E+01
  0.24923582E+01 -0.45159298E+01
  0.25000364E+01 -0.45185201E+01
  0.25077145E+01 -0.45205609E+01
  0.25153927E+01 -0.45221102E+01
  0.25230709E+01 -0.45232266E+01
  0.25307490E+01 -0.45239686E+01
  0.25384272E+01 -0.45243943E+01
  0.25461053E+01 -0.45245626E+01
  0.25537835E+01 -0.45245345E+01
  0.25614617E+01 -0.45243748E+01
  0.25691398E+01 -0.45241409E+01
  0.25768180E+01 -0.45238627E+01
  0.25844962E+01 -0.45237650E+01
  
  0.00000000E+00 -0.30651143E+01
  0.76781640E-02 -0.30647780E+01
  0.15356328E-01 -0.30637744E+01
  0.23034492E-01 -0.30621472E+01
  0.30712656E-01 -0.30599731E+01
  0.38390820E-01 -0.30573605E+01
  0.46068984E-01 -0.30544490E+01
  0.53747148E-01 -0.30514070E+01
  0.61425312E-01 -0.30484284E+01
  0.69103476E-01 -0.30457297E+01
  0.76781640E-01 -0.30435449E+01
  0.84459804E-01 -0.30421193E+01
  0.92137968E-01 -0.30417018E+01
  0.99816132E-01 -0.30425348E+01
  0.10749430E+00 -0.30448422E+01
  0.11517246E+00 -0.30488162E+01
  0.12285062E+00 -0.30546044E+01
  0.13052879E+00 -0.30622994E+01
  0.13820695E+00 -0.30719332E+01
  0.14588512E+00 -0.30834779E+01
  0.15356328E+00 -0.30968515E+01
  0.16124144E+00 -0.31119304E+01
  0.16891961E+00 -0.31285619E+01
  0.17659777E+00 -0.31465790E+01
  0.18427594E+00 -0.31658114E+01
  0.19195410E+00 -0.31860951E+01
  0.19963226E+00 -0.32072773E+01
  0.20731043E+00 -0.32292190E+01
  0.21498859E+00 -0.32517954E+01
  0.22266676E+00 -0.32748946E+01
  0.23034492E+00 -0.32984159E+01
  0.23802308E+00 -0.33222675E+01
  0.24570125E+00 -0.33463651E+01
  0.25337941E+00 -0.33706308E+01
  0.26105758E+00 -0.33949931E+01
  0.26873574E+00 -0.34193870E+01
  0.27641390E+00 -0.34437547E+01
  0.28409207E+00 -0.34680468E+01
  0.29177023E+00 -0.34922227E+01
  0.29944840E+00 -0.35162510E+01
  0.30712656E+00 -0.35401099E+01
  0.31480472E+00 -0.35637891E+01
  0.32248289E+00 -0.35879559E+01
  0.33016105E+00 -0.36167750E+01
  0.33783922E+00 -0.36454209E+01
  0.34551738E+00 -0.36737879E+01
  0.35319554E+00 -0.37018676E+01
  0.36087371E+00 -0.37296500E+01
  0.36855187E+00 -0.37571196E+01
  0.37623004E+00 -0.37842540E+01
  0.38390820E+00 -0.38110234E+01
  0.39158636E+00 -0.38373909E+01
  0.39926453E+00 -0.38633136E+01
  0.40694269E+00 -0.38887441E+01
  0.41462086E+00 -0.39136321E+01
  0.42229902E+00 -0.39379265E+01
  0.42997718E+00 -0.39615773E+01
  0.43765535E+00 -0.39845369E+01
  0.44533351E+00 -0.40067623E+01
  0.45301168E+00 -0.40282160E+01
  0.46068984E+00 -0.40488672E+01
  0.46836800E+00 -0.40686935E+01
  0.47604617E+00 -0.40876816E+01
  0.48372433E+00 -0.41058279E+01
  0.49140250E+00 -0.41231390E+01
  0.49908066E+00 -0.41396313E+01
  0.50675882E+00 -0.41553300E+01
  0.51443699E+00 -0.41702677E+01
  0.52211515E+00 -0.41844830E+01
  0.52979332E+00 -0.41980181E+01
  0.53747148E+00 -0.42109175E+01
  0.54514964E+00 -0.42232263E+01
  0.55282781E+00 -0.42349887E+01
  0.56050597E+00 -0.42462467E+01
  0.56818414E+00 -0.42570396E+01
  0.57586230E+00 -0.42674032E+01
  0.58354046E+00 -0.42773687E+01
  0.59121863E+00 -0.42869629E+01
  0.59889679E+00 -0.42962075E+01
  0.60657496E+00 -0.43051196E+01
  0.61425312E+00 -0.43137118E+01
  0.62193128E+00 -0.43219932E+01
  0.62960945E+00 -0.43299703E+01
  0.63728761E+00 -0.43376476E+01
  0.64496578E+00 -0.43450290E+01
  0.65264394E+00 -0.43521170E+01
  0.66032210E+00 -0.43589134E+01
  0.66800027E+00 -0.43654180E+01
  0.67567843E+00 -0.43716277E+01
  0.68335660E+00 -0.43775359E+01
  0.69103476E+00 -0.43831317E+01
  0.69871293E+00 -0.43883990E+01
  0.70639109E+00 -0.43933165E+01
  0.71406925E+00 -0.43978571E+01
  0.72174742E+00 -0.44019871E+01
  0.72942558E+00 -0.44056658E+01
  0.73710375E+00 -0.44088427E+01
  0.74478191E+00 -0.44114486E+01
  0.75246007E+00 -0.44133804E+01
  0.76013824E+00 -0.44145271E+01
  0.76781640E+00 -0.44148357E+01
  0.77545956E+00 -0.44145577E+01
  0.78310273E+00 -0.44134618E+01
  0.79074589E+00 -0.44115399E+01
  0.79838905E+00 -0.44088051E+01
  0.80603222E+00 -0.44052881E+01
  0.81367538E+00 -0.44010353E+01
  0.82131854E+00 -0.43961043E+01
  0.82896170E+00 -0.43905584E+01
  0.83660487E+00 -0.43844668E+01
  0.84424803E+00 -0.43779091E+01
  0.85189119E+00 -0.43708871E+01
  0.85953435E+00 -0.43634272E+01
  0.86717752E+00 -0.43555723E+01
  0.87482068E+00 -0.43473422E+01
  0.88246384E+00 -0.43387399E+01
  0.89010701E+00 -0.43297625E+01
  0.89775017E+00 -0.43204062E+01
  0.90539333E+00 -0.43106708E+01
  0.91303649E+00 -0.43005993E+01
  0.92067966E+00 -0.42902851E+01
  0.92832282E+00 -0.42796121E+01
  0.93596598E+00 -0.42685568E+01
  0.94360915E+00 -0.42571121E+01
  0.95125231E+00 -0.42452814E+01
  0.95889547E+00 -0.42330794E+01
  0.96653863E+00 -0.42205309E+01
  0.97418180E+00 -0.42076842E+01
  0.98182496E+00 -0.41947174E+01
  0.98946812E+00 -0.41815014E+01
  0.99711129E+00 -0.41679988E+01
  0.10047544E+01 -0.41542073E+01
  0.10123976E+01 -0.41401312E+01
  0.10200408E+01 -0.41257814E+01
  0.10276839E+01 -0.41111752E+01
  0.10353271E+01 -0.40963354E+01
  0.10429703E+01 -0.40812893E+01
  0.10506134E+01 -0.40660667E+01
  0.10582566E+01 -0.40506857E+01
  0.10658998E+01 -0.40351514E+01
  0.10735429E+01 -0.40194812E+01
  0.10811861E+01 -0.40036874E+01
  0.10888292E+01 -0.39877713E+01
  0.10964724E+01 -0.39717289E+01
  0.11041156E+01 -0.39555549E+01
  0.11117587E+01 -0.39392454E+01
  0.11194019E+01 -0.39228025E+01
  0.11270451E+01 -0.39063160E+01
  0.11346882E+01 -0.38897813E+01
  0.11423314E+01 -0.38731045E+01
  0.11499745E+01 -0.38562677E+01
  0.11576177E+01 -0.38392656E+01
  0.11652609E+01 -0.38221056E+01
  0.11729040E+01 -0.38048099E+01
  0.11805472E+01 -0.37874211E+01
  0.11881904E+01 -0.37700270E+01
  0.11958335E+01 -0.37526532E+01
  0.12034767E+01 -0.37352455E+01
  0.12111198E+01 -0.37177915E+01
  0.12187630E+01 -0.37002959E+01
  0.12264062E+01 -0.36827721E+01
  0.12340493E+01 -0.36652415E+01
  0.12416925E+01 -0.36477339E+01
  0.12493357E+01 -0.36302849E+01
  0.12569788E+01 -0.36129242E+01
  0.12646220E+01 -0.35956702E+01
  0.12722651E+01 -0.35785535E+01
  0.12799083E+01 -0.35616282E+01
  0.12875515E+01 -0.35449445E+01
  0.12951946E+01 -0.35285344E+01
  0.13028378E+01 -0.35124276E+01
  0.13104810E+01 -0.34966599E+01
  0.13181241E+01 -0.34812765E+01
  0.13257673E+01 -0.34663468E+01
  0.13334104E+01 -0.34520462E+01
  0.13410536E+01 -0.34383780E+01
  0.13486968E+01 -0.34253418E+01
  0.13563399E+01 -0.34129919E+01
  0.13639831E+01 -0.34014008E+01
  0.13716263E+01 -0.33906577E+01
  0.13792694E+01 -0.33808649E+01
  0.13869126E+01 -0.33721327E+01
  0.13945558E+01 -0.33645730E+01
  0.14021989E+01 -0.33583327E+01
  0.14098421E+01 -0.33534617E+01
  0.14174852E+01 -0.33499239E+01
  0.14251284E+01 -0.33477580E+01
  0.14327716E+01 -0.33470268E+01
  0.14404497E+01 -0.33476014E+01
  0.14481279E+01 -0.33474132E+01
  0.14558061E+01 -0.33463962E+01
  0.14634842E+01 -0.33445287E+01
  0.14711624E+01 -0.33417854E+01
  0.14788405E+01 -0.33381372E+01
  0.14865187E+01 -0.33335491E+01
  0.14941969E+01 -0.33279801E+01
  0.15018750E+01 -0.33213826E+01
  0.15095532E+01 -0.33137024E+01
  0.15172314E+01 -0.33048805E+01
  0.15249095E+01 -0.32948542E+01
  0.15325877E+01 -0.32835600E+01
  0.15402659E+01 -0.32709371E+01
  0.15479440E+01 -0.32569308E+01
  0.15556222E+01 -0.32415041E+01
  0.15633004E+01 -0.32262295E+01
  0.15709785E+01 -0.32135884E+01
  0.15786567E+01 -0.32006230E+01
  0.15863348E+01 -0.31873829E+01
  0.15940130E+01 -0.31739575E+01
  0.16016912E+01 -0.31604490E+01
  0.16093693E+01 -0.31469724E+01
  0.16170475E+01 -0.31336556E+01
  0.16247257E+01 -0.31206396E+01
  0.16324038E+01 -0.31080772E+01
  0.16400820E+01 -0.30961302E+01
  0.16477602E+01 -0.30849639E+01
  0.16554383E+01 -0.30747399E+01
  0.16631165E+01 -0.30656065E+01
  0.16707946E+01 -0.30576884E+01
  0.16784728E+01 -0.30510771E+01
  0.16861510E+01 -0.30458231E+01
  0.16938291E+01 -0.30419322E+01
  0.17015073E+01 -0.30393650E+01
  0.17091855E+01 -0.30380406E+01
  0.17168636E+01 -0.30378430E+01
  0.17245418E+01 -0.30386288E+01
  0.17322200E+01 -0.30402359E+01
  0.17398981E+01 -0.30424909E+01
  0.17475763E+01 -0.30452161E+01
  0.17552545E+01 -0.30482352E+01
  0.17629326E+01 -0.30513774E+01
  0.17706108E+01 -0.30544811E+01
  0.17782889E+01 -0.30573970E+01
  0.17859671E+01 -0.30599905E+01
  0.17936453E+01 -0.30621442E+01
  0.18013234E+01 -0.30637611E+01
  0.18090016E+01 -0.30647672E+01
  0.18166798E+01 -0.30651143E+01
  0.18243579E+01 -0.30647780E+01
  0.18320361E+01 -0.30637744E+01
  0.18397143E+01 -0.30621472E+01
  0.18473924E+01 -0.30599731E+01
  0.18550706E+01 -0.30573605E+01
  0.18627487E+01 -0.30544490E+01
  0.18704269E+01 -0.30514070E+01
  0.18781051E+01 -0.30484284E+01
  0.18857832E+01 -0.30457297E+01
  0.18934614E+01 -0.30435449E+01
  0.19011396E+01 -0.30421193E+01
  0.19088177E+01 -0.30417018E+01
  0.19164959E+01 -0.30425348E+01
  0.19241741E+01 -0.30448422E+01
  0.19318522E+01 -0.30488162E+01
  0.19395304E+01 -0.30546044E+01
  0.19472086E+01 -0.30622994E+01
  0.19548867E+01 -0.30719332E+01
  0.19625649E+01 -0.30834779E+01
  0.19702430E+01 -0.30968515E+01
  0.19779212E+01 -0.31119304E+01
  0.19855994E+01 -0.31285619E+01
  0.19932775E+01 -0.31465790E+01
  0.20009557E+01 -0.31658114E+01
  0.20086339E+01 -0.31860951E+01
  0.20163120E+01 -0.32072773E+01
  0.20239902E+01 -0.32292190E+01
  0.20316684E+01 -0.32517954E+01
  0.20393465E+01 -0.32748946E+01
  0.20470247E+01 -0.32984159E+01
  0.20547028E+01 -0.33222675E+01
  0.20623810E+01 -0.33463651E+01
  0.20700592E+01 -0.33706308E+01
  0.20777373E+01 -0.33949931E+01
  0.20854155E+01 -0.34193870E+01
  0.20930937E+01 -0.34437547E+01
  0.21007718E+01 -0.34680468E+01
  0.21084500E+01 -0.34922227E+01
  0.21161282E+01 -0.35162510E+01
  0.21238063E+01 -0.35401099E+01
  0.21314845E+01 -0.35637891E+01
  0.21391627E+01 -0.35879559E+01
  0.21468408E+01 -0.36167750E+01
  0.21545190E+01 -0.36454209E+01
  0.21621971E+01 -0.36737879E+01
  0.21698753E+01 -0.37018676E+01
  0.21775535E+01 -0.37296500E+01
  0.21852316E+01 -0.37571196E+01
  0.21929098E+01 -0.37842540E+01
  0.22005880E+01 -0.38110234E+01
  0.22082661E+01 -0.38373909E+01
  0.22159443E+01 -0.38633136E+01
  0.22236225E+01 -0.38887441E+01
  0.22313006E+01 -0.39136321E+01
  0.22389788E+01 -0.39379265E+01
  0.22466569E+01 -0.39615773E+01
  0.22543351E+01 -0.39845369E+01
  0.22620133E+01 -0.40067623E+01
  0.22696914E+01 -0.40282160E+01
  0.22773696E+01 -0.40488672E+01
  0.22850478E+01 -0.40686935E+01
  0.22927259E+01 -0.40876816E+01
  0.23004041E+01 -0.41058279E+01
  0.23080823E+01 -0.41231390E+01
  0.23157604E+01 -0.41396313E+01
  0.23234386E+01 -0.41553300E+01
  0.23311168E+01 -0.41702677E+01
  0.23387949E+01 -0.41844830E+01
  0.23464731E+01 -0.41980181E+01
  0.23541512E+01 -0.42109175E+01
  0.23618294E+01 -0.42232263E+01
  0.23695076E+01 -0.42349887E+01
  0.23771857E+01 -0.42462467E+01
  0.23848639E+01 -0.42570396E+01
  0.23925421E+01 -0.42674032E+01
  0.24002202E+01 -0.42773687E+01
  0.24078984E+01 -0.42869629E+01
  0.24155766E+01 -0.42962075E+01
  0.24232547E+01 -0.43051196E+01
  0.24309329E+01 -0.43137118E+01
  0.24386110E+01 -0.43219932E+01
  0.24462892E+01 -0.43299703E+01
  0.24539674E+01 -0.43376476E+01
  0.24616455E+01 -0.43450290E+01
  0.24693237E+01 -0.43521170E+01
  0.24770019E+01 -0.43589134E+01
  0.24846800E+01 -0.43654180E+01
  0.24923582E+01 -0.43716277E+01
  0.25000364E+01 -0.43775359E+01
  0.25077145E+01 -0.43831317E+01
  0.25153927E+01 -0.43883990E+01
  0.25230709E+01 -0.43933165E+01
  0.25307490E+01 -0.43978571E+01
  0.25384272E+01 -0.44019871E+01
  0.25461053E+01 -0.44056658E+01
  0.25537835E+01 -0.44088427E+01
  0.25614617E+01 -0.44114486E+01
  0.25691398E+01 -0.44133804E+01
  0.25768180E+01 -0.44145271E+01
  0.25844962E+01 -0.44148357E+01
  
  0.00000000E+00 -0.29930507E+01
  0.76781640E-02 -0.29913298E+01
  0.15356328E-01 -0.29863114E+01
  0.23034492E-01 -0.29784948E+01
  0.30712656E-01 -0.29685373E+01
  0.38390820E-01 -0.29570882E+01
  0.46068984E-01 -0.29447181E+01
  0.53747148E-01 -0.29319178E+01
  0.61425312E-01 -0.29191268E+01
  0.69103476E-01 -0.29067707E+01
  0.76781640E-01 -0.28952969E+01
  0.84459804E-01 -0.28852057E+01
  0.92137968E-01 -0.28770690E+01
  0.99816132E-01 -0.28715262E+01
  0.10749430E+00 -0.28692383E+01
  0.11517246E+00 -0.28707917E+01
  0.12285062E+00 -0.28765697E+01
  0.13052879E+00 -0.28866529E+01
  0.13820695E+00 -0.29008082E+01
  0.14588512E+00 -0.29185740E+01
  0.15356328E+00 -0.29393838E+01
  0.16124144E+00 -0.29626708E+01
  0.16891961E+00 -0.29879267E+01
  0.17659777E+00 -0.30147233E+01
  0.18427594E+00 -0.30427115E+01
  0.19195410E+00 -0.30716114E+01
  0.19963226E+00 -0.31011999E+01
  0.20731043E+00 -0.31312997E+01
  0.21498859E+00 -0.31617695E+01
  0.22266676E+00 -0.31924958E+01
  0.23034492E+00 -0.32233872E+01
  0.23802308E+00 -0.32543682E+01
  0.24570125E+00 -0.32853758E+01
  0.25337941E+00 -0.33163560E+01
  0.26105758E+00 -0.33472618E+01
  0.26873574E+00 -0.33780514E+01
  0.27641390E+00 -0.34086879E+01
  0.28409207E+00 -0.34391387E+01
  0.29177023E+00 -0.34693761E+01
  0.29944840E+00 -0.34993772E+01
  0.30712656E+00 -0.35291238E+01
  0.31480472E+00 -0.35585986E+01
  0.32248289E+00 -0.35871176E+01
  0.33016105E+00 -0.36105065E+01
  0.33783922E+00 -0.36335846E+01
  0.34551738E+00 -0.36564510E+01
  0.35319554E+00 -0.36791034E+01
  0.36087371E+00 -0.37015333E+01
  0.36855187E+00 -0.37237288E+01
  0.37623004E+00 -0.37456742E+01
  0.38390820E+00 -0.37673521E+01
  0.39158636E+00 -0.37887443E+01
  0.39926453E+00 -0.38098336E+01
  0.40694269E+00 -0.38306060E+01
  0.41462086E+00 -0.38510513E+01
  0.42229902E+00 -0.38711646E+01
  0.42997718E+00 -0.38909461E+01
  0.43765535E+00 -0.39104000E+01
  0.44533351E+00 -0.39295340E+01
  0.45301168E+00 -0.39483571E+01
  0.46068984E+00 -0.39668777E+01
  0.46836800E+00 -0.39851024E+01
  0.47604617E+00 -0.40030346E+01
  0.48372433E+00 -0.40206735E+01
  0.49140250E+00 -0.40380150E+01
  0.49908066E+00 -0.40550513E+01
  0.50675882E+00 -0.40717729E+01
  0.51443699E+00 -0.40881698E+01
  0.52211515E+00 -0.41042332E+01
  0.52979332E+00 -0.41199570E+01
  0.53747148E+00 -0.41353387E+01
  0.54514964E+00 -0.41503801E+01
  0.55282781E+00 -0.41650868E+01
  0.56050597E+00 -0.41794671E+01
  0.56818414E+00 -0.41935303E+01
  0.57586230E+00 -0.42072854E+01
  0.58354046E+00 -0.42207390E+01
  0.59121863E+00 -0.42338938E+01
  0.59889679E+00 -0.42467483E+01
  0.60657496E+00 -0.42592961E+01
  0.61425312E+00 -0.42715262E+01
  0.62193128E+00 -0.42834241E+01
  0.62960945E+00 -0.42949727E+01
  0.63728761E+00 -0.43061532E+01
  0.64496578E+00 -0.43169466E+01
  0.65264394E+00 -0.43273344E+01
  0.66032210E+00 -0.43372986E+01
  0.66800027E+00 -0.43468215E+01
  0.67567843E+00 -0.43558846E+01
  0.68335660E+00 -0.43644660E+01
  0.69103476E+00 -0.43725382E+01
  0.69871293E+00 -0.43800657E+01
  0.70639109E+00 -0.43870027E+01
  0.71406925E+00 -0.43932934E+01
  0.72174742E+00 -0.43988738E+01
  0.72942558E+00 -0.44036761E+01
  0.73710375E+00 -0.44076375E+01
  0.74478191E+00 -0.44107180E+01
  0.75246007E+00 -0.44129243E+01
  0.76013824E+00 -0.44142921E+01
  0.76781640E+00 -0.44148270E+01
  0.77545956E+00 -0.44143011E+01
  0.78310273E+00 -0.44129939E+01
  0.79074589E+00 -0.44109390E+01
  0.79838905E+00 -0.44081650E+01
  0.80603222E+00 -0.44046985E+01
  0.81367538E+00 -0.44005636E+01
  0.82131854E+00 -0.43957849E+01
  0.82896170E+00 -0.43903888E+01
  0.83660487E+00 -0.43844000E+01
  0.84424803E+00 -0.43778325E+01
  0.85189119E+00 -0.43707738E+01
  0.85953435E+00 -0.43632767E+01
  0.86717752E+00 -0.43553652E+01
  0.87482068E+00 -0.43470705E+01
  0.88246384E+00 -0.43384241E+01
  0.89010701E+00 -0.43294479E+01
  0.89775017E+00 -0.43201513E+01
  0.90539333E+00 -0.43105307E+01
  0.91303649E+00 -0.43005347E+01
  0.92067966E+00 -0.42900611E+01
  0.92832282E+00 -0.42792221E+01
  0.93596598E+00 -0.42680442E+01
  0.94360915E+00 -0.42565466E+01
  0.95125231E+00 -0.42447464E+01
  0.95889547E+00 -0.42326568E+01
  0.96653863E+00 -0.42202849E+01
  0.97418180E+00 -0.42076151E+01
  0.98182496E+00 -0.41944997E+01
  0.98946812E+00 -0.41810939E+01
  0.99711129E+00 -0.41674557E+01
  0.10047544E+01 -0.41536020E+01
  0.10123976E+01 -0.41395400E+01
  0.10200408E+01 -0.41252685E+01
  0.10276839E+01 -0.41107816E+01
  0.10353271E+01 -0.40960718E+01
  0.10429703E+01 -0.40811334E+01
  0.10506134E+01 -0.40659648E+01
  0.10582566E+01 -0.40505818E+01
  0.10658998E+01 -0.40350172E+01
  0.10735429E+01 -0.40192913E+01
  0.10811861E+01 -0.40034265E+01
  0.10888292E+01 -0.39874494E+01
  0.10964724E+01 -0.39713823E+01
  0.11041156E+01 -0.39552378E+01
  0.11117587E+01 -0.39390174E+01
  0.11194019E+01 -0.39227085E+01
  0.11270451E+01 -0.39062066E+01
  0.11346882E+01 -0.38895010E+01
  0.11423314E+01 -0.38726756E+01
  0.11499745E+01 -0.38557457E+01
  0.11576177E+01 -0.38387248E+01
  0.11652609E+01 -0.38216243E+01
  0.11729040E+01 -0.38044506E+01
  0.11805472E+01 -0.37871962E+01
  0.11881904E+01 -0.37698114E+01
  0.11958335E+01 -0.37523075E+01
  0.12034767E+01 -0.37347721E+01
  0.12111198E+01 -0.37172453E+01
  0.12187630E+01 -0.36997454E+01
  0.12264062E+01 -0.36822788E+01
  0.12340493E+01 -0.36648445E+01
  0.12416925E+01 -0.36474387E+01
  0.12493357E+01 -0.36300607E+01
  0.12569788E+01 -0.36127278E+01
  0.12646220E+01 -0.35954829E+01
  0.12722651E+01 -0.35783696E+01
  0.12799083E+01 -0.35614195E+01
  0.12875515E+01 -0.35446752E+01
  0.12951946E+01 -0.35282016E+01
  0.13028378E+01 -0.35120667E+01
  0.13104810E+01 -0.34963313E+01
  0.13181241E+01 -0.34810471E+01
  0.13257673E+01 -0.34662435E+01
  0.13334104E+01 -0.34518504E+01
  0.13410536E+01 -0.34379815E+01
  0.13486968E+01 -0.34247695E+01
  0.13563399E+01 -0.34123100E+01
  0.13639831E+01 -0.34006981E+01
  0.13716263E+01 -0.33900259E+01
  0.13792694E+01 -0.33803794E+01
  0.13869126E+01 -0.33718350E+01
  0.13945558E+01 -0.33644573E+01
  0.14021989E+01 -0.33582567E+01
  0.14098421E+01 -0.33533155E+01
  0.14174852E+01 -0.33497730E+01
  0.14251284E+01 -0.33476636E+01
  0.14327716E+01 -0.33469676E+01
  0.14404497E+01 -0.33456009E+01
  0.14481279E+01 -0.33434138E+01
  0.14558061E+01 -0.33404680E+01
  0.14634842E+01 -0.33367773E+01
  0.14711624E+01 -0.33323541E+01
  0.14788405E+01 -0.33272087E+01
  0.14865187E+01 -0.33213500E+01
  0.14941969E+01 -0.33147861E+01
  0.15018750E+01 -0.33075245E+01
  0.15095532E+01 -0.32995740E+01
  0.15172314E+01 -0.32909452E+01
  0.15249095E+01 -0.32816525E+01
  0.15325877E+01 -0.32717154E+01
  0.15402659E+01 -0.32611596E+01
  0.15479440E+01 -0.32500173E+01
  0.15556222E+01 -0.32383219E+01
  0.15633004E+01 -0.32245201E+01
  0.15709785E+01 -0.32061785E+01
  0.15786567E+01 -0.31863363E+01
  0.15863348E+01 -0.31650644E+01
  0.15940130E+01 -0.31424387E+01
  0.16016912E+01 -0.31185718E+01
  0.16093693E+01 -0.30936192E+01
  0.16170475E+01 -0.30677850E+01
  0.16247257E+01 -0.30413300E+01
  0.16324038E+01 -0.30145830E+01
  0.16400820E+01 -0.29879604E+01
  0.16477602E+01 -0.29619931E+01
  0.16554383E+01 -0.29373604E+01
  0.16631165E+01 -0.29149152E+01
  0.16707946E+01 -0.28956563E+01
  0.16784728E+01 -0.28805794E+01
  0.16861510E+01 -0.28703830E+01
  0.16938291E+01 -0.28651835E+01
  0.17015073E+01 -0.28644936E+01
  0.17091855E+01 -0.28674856E+01
  0.17168636E+01 -0.28732941E+01
  0.17245418E+01 -0.28811822E+01
  0.17322200E+01 -0.28905769E+01
  0.17398981E+01 -0.29010440E+01
  0.17475763E+01 -0.29122457E+01
  0.17552545E+01 -0.29239019E+01
  0.17629326E+01 -0.29357545E+01
  0.17706108E+01 -0.29475350E+01
  0.17782889E+01 -0.29589321E+01
  0.17859671E+01 -0.29695569E+01
  0.17936453E+01 -0.29789130E+01
  0.18013234E+01 -0.29863867E+01
  0.18090016E+01 -0.29912982E+01
  0.18166798E+01 -0.29930507E+01
  0.18243579E+01 -0.29913298E+01
  0.18320361E+01 -0.29863114E+01
  0.18397143E+01 -0.29784948E+01
  0.18473924E+01 -0.29685373E+01
  0.18550706E+01 -0.29570882E+01
  0.18627487E+01 -0.29447181E+01
  0.18704269E+01 -0.29319178E+01
  0.18781051E+01 -0.29191268E+01
  0.18857832E+01 -0.29067707E+01
  0.18934614E+01 -0.28952969E+01
  0.19011396E+01 -0.28852057E+01
  0.19088177E+01 -0.28770690E+01
  0.19164959E+01 -0.28715262E+01
  0.19241741E+01 -0.28692383E+01
  0.19318522E+01 -0.28707917E+01
  0.19395304E+01 -0.28765697E+01
  0.19472086E+01 -0.28866529E+01
  0.19548867E+01 -0.29008082E+01
  0.19625649E+01 -0.29185740E+01
  0.19702430E+01 -0.29393838E+01
  0.19779212E+01 -0.29626708E+01
  0.19855994E+01 -0.29879267E+01
  0.19932775E+01 -0.30147233E+01
  0.20009557E+01 -0.30427115E+01
  0.20086339E+01 -0.30716114E+01
  0.20163120E+01 -0.31011999E+01
  0.20239902E+01 -0.31312997E+01
  0.20316684E+01 -0.31617695E+01
  0.20393465E+01 -0.31924958E+01
  0.20470247E+01 -0.32233872E+01
  0.20547028E+01 -0.32543682E+01
  0.20623810E+01 -0.32853758E+01
  0.20700592E+01 -0.33163560E+01
  0.20777373E+01 -0.33472618E+01
  0.20854155E+01 -0.33780514E+01
  0.20930937E+01 -0.34086879E+01
  0.21007718E+01 -0.34391387E+01
  0.21084500E+01 -0.34693761E+01
  0.21161282E+01 -0.34993772E+01
  0.21238063E+01 -0.35291238E+01
  0.21314845E+01 -0.35585986E+01
  0.21391627E+01 -0.35871176E+01
  0.21468408E+01 -0.36105065E+01
  0.21545190E+01 -0.36335846E+01
  0.21621971E+01 -0.36564510E+01
  0.21698753E+01 -0.36791034E+01
  0.21775535E+01 -0.37015333E+01
  0.21852316E+01 -0.37237288E+01
  0.21929098E+01 -0.37456742E+01
  0.22005880E+01 -0.37673521E+01
  0.22082661E+01 -0.37887443E+01
  0.22159443E+01 -0.38098336E+01
  0.22236225E+01 -0.38306060E+01
  0.22313006E+01 -0.38510513E+01
  0.22389788E+01 -0.38711646E+01
  0.22466569E+01 -0.38909461E+01
  0.22543351E+01 -0.39104000E+01
  0.22620133E+01 -0.39295340E+01
  0.22696914E+01 -0.39483571E+01
  0.22773696E+01 -0.39668777E+01
  0.22850478E+01 -0.39851024E+01
  0.22927259E+01 -0.40030346E+01
  0.23004041E+01 -0.40206735E+01
  0.23080823E+01 -0.40380150E+01
  0.23157604E+01 -0.40550513E+01
  0.23234386E+01 -0.40717729E+01
  0.23311168E+01 -0.40881698E+01
  0.23387949E+01 -0.41042332E+01
  0.23464731E+01 -0.41199570E+01
  0.23541512E+01 -0.41353387E+01
  0.23618294E+01 -0.41503801E+01
  0.23695076E+01 -0.41650868E+01
  0.23771857E+01 -0.41794671E+01
  0.23848639E+01 -0.41935303E+01
  0.23925421E+01 -0.42072854E+01
  0.24002202E+01 -0.42207390E+01
  0.24078984E+01 -0.42338938E+01
  0.24155766E+01 -0.42467483E+01
  0.24232547E+01 -0.42592961E+01
  0.24309329E+01 -0.42715262E+01
  0.24386110E+01 -0.42834241E+01
  0.24462892E+01 -0.42949727E+01
  0.24539674E+01 -0.43061532E+01
  0.24616455E+01 -0.43169466E+01
  0.24693237E+01 -0.43273344E+01
  0.24770019E+01 -0.43372986E+01
  0.24846800E+01 -0.43468215E+01
  0.24923582E+01 -0.43558846E+01
  0.25000364E+01 -0.43644660E+01
  0.25077145E+01 -0.43725382E+01
  0.25153927E+01 -0.43800657E+01
  0.25230709E+01 -0.43870027E+01
  0.25307490E+01 -0.43932934E+01
  0.25384272E+01 -0.43988738E+01
  0.25461053E+01 -0.44036761E+01
  0.25537835E+01 -0.44076375E+01
  0.25614617E+01 -0.44107180E+01
  0.25691398E+01 -0.44129243E+01
  0.25768180E+01 -0.44142921E+01
  0.25844962E+01 -0.44148270E+01
  
  0.00000000E+00 -0.23552355E+01
  0.76781640E-02 -0.23567169E+01
  0.15356328E-01 -0.23610736E+01
  0.23034492E-01 -0.23681312E+01
  0.30712656E-01 -0.23776572E+01
  0.38390820E-01 -0.23893674E+01
  0.46068984E-01 -0.24029311E+01
  0.53747148E-01 -0.24179735E+01
  0.61425312E-01 -0.24340748E+01
  0.69103476E-01 -0.24507646E+01
  0.76781640E-01 -0.24675123E+01
  0.84459804E-01 -0.24837156E+01
  0.92137968E-01 -0.24986951E+01
  0.99816132E-01 -0.25117075E+01
  0.10749430E+00 -0.25219961E+01
  0.11517246E+00 -0.25288892E+01
  0.12285062E+00 -0.25319284E+01
  0.13052879E+00 -0.25309674E+01
  0.13820695E+00 -0.25261800E+01
  0.14588512E+00 -0.25179743E+01
  0.15356328E+00 -0.25068658E+01
  0.16124144E+00 -0.24933729E+01
  0.16891961E+00 -0.24779563E+01
  0.17659777E+00 -0.24609986E+01
  0.18427594E+00 -0.24428054E+01
  0.19195410E+00 -0.24236164E+01
  0.19963226E+00 -0.24036187E+01
  0.20731043E+00 -0.23829595E+01
  0.21498859E+00 -0.23617560E+01
  0.22266676E+00 -0.23401034E+01
  0.23034492E+00 -0.23180811E+01
  0.23802308E+00 -0.22957569E+01
  0.24570125E+00 -0.22731899E+01
  0.25337941E+00 -0.22504323E+01
  0.26105758E+00 -0.22275312E+01
  0.26873574E+00 -0.22045399E+01
  0.27641390E+00 -0.21848555E+01
  0.28409207E+00 -0.21653492E+01
  0.29177023E+00 -0.21456169E+01
  0.29944840E+00 -0.21257066E+01
  0.30712656E+00 -0.21056612E+01
  0.31480472E+00 -0.20855188E+01
  0.32248289E+00 -0.20653132E+01
  0.33016105E+00 -0.20450750E+01
  0.33783922E+00 -0.20248323E+01
  0.34551738E+00 -0.20046122E+01
  0.35319554E+00 -0.19844410E+01
  0.36087371E+00 -0.19643453E+01
  0.36855187E+00 -0.19443522E+01
  0.37623004E+00 -0.19244893E+01
  0.38390820E+00 -0.19047845E+01
  0.39158636E+00 -0.18852656E+01
  0.39926453E+00 -0.18659595E+01
  0.40694269E+00 -0.18468917E+01
  0.41462086E+00 -0.18280859E+01
  0.42229902E+00 -0.18095638E+01
  0.42997718E+00 -0.17913452E+01
  0.43765535E+00 -0.17734484E+01
  0.44533351E+00 -0.17558905E+01
  0.45301168E+00 -0.17386886E+01
  0.46068984E+00 -0.17218602E+01
  0.46836800E+00 -0.17054239E+01
  0.47604617E+00 -0.16894005E+01
  0.48372433E+00 -0.16738128E+01
  0.49140250E+00 -0.16586863E+01
  0.49908066E+00 -0.16440485E+01
  0.50675882E+00 -0.16299286E+01
  0.51443699E+00 -0.16163571E+01
  0.52211515E+00 -0.16033645E+01
  0.52979332E+00 -0.15909813E+01
  0.53747148E+00 -0.15792366E+01
  0.54514964E+00 -0.15681585E+01
  0.55282781E+00 -0.15577734E+01
  0.56050597E+00 -0.15481062E+01
  0.56818414E+00 -0.15391802E+01
  0.57586230E+00 -0.15310173E+01
  0.58354046E+00 -0.15236378E+01
  0.59121863E+00 -0.15170600E+01
  0.59889679E+00 -0.15112995E+01
  0.60657496E+00 -0.15063682E+01
  0.61425312E+00 -0.15022724E+01
  0.62193128E+00 -0.14990113E+01
  0.62960945E+00 -0.14965747E+01
  0.63728761E+00 -0.14949413E+01
  0.64496578E+00 -0.14940770E+01
  0.65264394E+00 -0.14939342E+01
  0.66032210E+00 -0.14944512E+01
  0.66800027E+00 -0.14955533E+01
  0.67567843E+00 -0.14971542E+01
  0.68335660E+00 -0.14991583E+01
  0.69103476E+00 -0.15014633E+01
  0.69871293E+00 -0.15039638E+01
  0.70639109E+00 -0.15065541E+01
  0.71406925E+00 -0.15091316E+01
  0.72174742E+00 -0.15115995E+01
  0.72942558E+00 -0.15138683E+01
  0.73710375E+00 -0.15158579E+01
  0.74478191E+00 -0.15174976E+01
  0.75246007E+00 -0.15187234E+01
  0.76013824E+00 -0.15194757E+01
  0.76781640E+00 -0.15197214E+01
  0.77545956E+00 -0.15194710E+01
  0.78310273E+00 -0.15186931E+01
  0.79074589E+00 -0.15173984E+01
  0.79838905E+00 -0.15156190E+01
  0.80603222E+00 -0.15134018E+01
  0.81367538E+00 -0.15108068E+01
  0.82131854E+00 -0.15079054E+01
  0.82896170E+00 -0.15047781E+01
  0.83660487E+00 -0.15015127E+01
  0.84424803E+00 -0.14982017E+01
  0.85189119E+00 -0.14949409E+01
  0.85953435E+00 -0.14918287E+01
  0.86717752E+00 -0.14889647E+01
  0.87482068E+00 -0.14864487E+01
  0.88246384E+00 -0.14843799E+01
  0.89010701E+00 -0.14828555E+01
  0.89775017E+00 -0.14819688E+01
  0.90539333E+00 -0.14818065E+01
  0.91303649E+00 -0.14824455E+01
  0.92067966E+00 -0.14839496E+01
  0.92832282E+00 -0.14863659E+01
  0.93596598E+00 -0.14897223E+01
  0.94360915E+00 -0.14940291E+01
  0.95125231E+00 -0.14992809E+01
  0.95889547E+00 -0.15054604E+01
  0.96653863E+00 -0.15125433E+01
  0.97418180E+00 -0.15205025E+01
  0.98182496E+00 -0.15293136E+01
  0.98946812E+00 -0.15389609E+01
  0.99711129E+00 -0.15494292E+01
  0.10047544E+01 -0.15606801E+01
  0.10123976E+01 -0.15726773E+01
  0.10200408E+01 -0.15853943E+01
  0.10276839E+01 -0.15988095E+01
  0.10353271E+01 -0.16129134E+01
  0.10429703E+01 -0.16276934E+01
  0.10506134E+01 -0.16430908E+01
  0.10582566E+01 -0.16590511E+01
  0.10658998E+01 -0.16755276E+01
  0.10735429E+01 -0.16924800E+01
  0.10811861E+01 -0.17098755E+01
  0.10888292E+01 -0.17276898E+01
  0.10964724E+01 -0.17459055E+01
  0.11041156E+01 -0.17645090E+01
  0.11117587E+01 -0.17834915E+01
  0.11194019E+01 -0.18028484E+01
  0.11270451E+01 -0.18225694E+01
  0.11346882E+01 -0.18426322E+01
  0.11423314E+01 -0.18630062E+01
  0.11499745E+01 -0.18836546E+01
  0.11576177E+01 -0.19045366E+01
  0.11652609E+01 -0.19256111E+01
  0.11729040E+01 -0.19468404E+01
  0.11805472E+01 -0.19681942E+01
  0.11881904E+01 -0.19896558E+01
  0.11958335E+01 -0.20112313E+01
  0.12034767E+01 -0.20329083E+01
  0.12111198E+01 -0.20546261E+01
  0.12187630E+01 -0.20763459E+01
  0.12264062E+01 -0.20980465E+01
  0.12340493E+01 -0.21197125E+01
  0.12416925E+01 -0.21413325E+01
  0.12493357E+01 -0.21628955E+01
  0.12569788E+01 -0.21843576E+01
  0.12646220E+01 -0.22056441E+01
  0.12722651E+01 -0.22266875E+01
  0.12799083E+01 -0.22474311E+01
  0.12875515E+01 -0.22678273E+01
  0.12951946E+01 -0.22878330E+01
  0.13028378E+01 -0.23073971E+01
  0.13104810E+01 -0.23264587E+01
  0.13181241E+01 -0.23449632E+01
  0.13257673E+01 -0.23628784E+01
  0.13334104E+01 -0.23801707E+01
  0.13410536E+01 -0.23967494E+01
  0.13486968E+01 -0.24125079E+01
  0.13563399E+01 -0.24273360E+01
  0.13639831E+01 -0.24411207E+01
  0.13716263E+01 -0.24537512E+01
  0.13792694E+01 -0.24651252E+01
  0.13869126E+01 -0.24751541E+01
  0.13945558E+01 -0.24837671E+01
  0.14021989E+01 -0.24909271E+01
  0.14098421E+01 -0.24965896E+01
  0.14174852E+01 -0.25006497E+01
  0.14251284E+01 -0.25030754E+01
  0.14327716E+01 -0.25038781E+01
  0.14404497E+01 -0.25047852E+01
  0.14481279E+01 -0.25061197E+01
  0.14558061E+01 -0.25078400E+01
  0.14634842E+01 -0.25099420E+01
  0.14711624E+01 -0.25124210E+01
  0.14788405E+01 -0.25152723E+01
  0.14865187E+01 -0.25184928E+01
  0.14941969E+01 -0.25220810E+01
  0.15018750E+01 -0.25260376E+01
  0.15095532E+01 -0.25303650E+01
  0.15172314E+01 -0.25350664E+01
  0.15249095E+01 -0.25401449E+01
  0.15325877E+01 -0.25456019E+01
  0.15402659E+01 -0.25514350E+01
  0.15479440E+01 -0.25576371E+01
  0.15556222E+01 -0.25641947E+01
  0.15633004E+01 -0.25710870E+01
  0.15709785E+01 -0.25782856E+01
  0.15786567E+01 -0.25857543E+01
  0.15863348E+01 -0.25934478E+01
  0.15940130E+01 -0.26013111E+01
  0.16016912E+01 -0.26092770E+01
  0.16093693E+01 -0.26172622E+01
  0.16170475E+01 -0.26251601E+01
  0.16247257E+01 -0.26328300E+01
  0.16324038E+01 -0.26400808E+01
  0.16400820E+01 -0.26466468E+01
  0.16477602E+01 -0.26521547E+01
  0.16554383E+01 -0.26560845E+01
  0.16631165E+01 -0.26577410E+01
  0.16707946E+01 -0.26562786E+01
  0.16784728E+01 -0.26508494E+01
  0.16861510E+01 -0.26408983E+01
  0.16938291E+01 -0.26264500E+01
  0.17015073E+01 -0.26081329E+01
  0.17091855E+01 -0.25869197E+01
  0.17168636E+01 -0.25638267E+01
  0.17245418E+01 -0.25397499E+01
  0.17322200E+01 -0.25154278E+01
  0.17398981E+01 -0.24914648E+01
  0.17475763E+01 -0.24683655E+01
  0.17552545E+01 -0.24465631E+01
  0.17629326E+01 -0.24264381E+01
  0.17706108E+01 -0.24083277E+01
  0.17782889E+01 -0.23925283E+01
  0.17859671E+01 -0.23792932E+01
  0.17936453E+01 -0.23688275E+01
  0.18013234E+01 -0.23612811E+01
  0.18090016E+01 -0.23567428E+01
  0.18166798E+01 -0.23552355E+01
  0.18243579E+01 -0.23567169E+01
  0.18320361E+01 -0.23610736E+01
  0.18397143E+01 -0.23681312E+01
  0.18473924E+01 -0.23776572E+01
  0.18550706E+01 -0.23893674E+01
  0.18627487E+01 -0.24029311E+01
  0.18704269E+01 -0.24179735E+01
  0.18781051E+01 -0.24340748E+01
  0.18857832E+01 -0.24507646E+01
  0.18934614E+01 -0.24675123E+01
  0.19011396E+01 -0.24837156E+01
  0.19088177E+01 -0.24986951E+01
  0.19164959E+01 -0.25117075E+01
  0.19241741E+01 -0.25219961E+01
  0.19318522E+01 -0.25288892E+01
  0.19395304E+01 -0.25319284E+01
  0.19472086E+01 -0.25309674E+01
  0.19548867E+01 -0.25261800E+01
  0.19625649E+01 -0.25179743E+01
  0.19702430E+01 -0.25068658E+01
  0.19779212E+01 -0.24933729E+01
  0.19855994E+01 -0.24779563E+01
  0.19932775E+01 -0.24609986E+01
  0.20009557E+01 -0.24428054E+01
  0.20086339E+01 -0.24236164E+01
  0.20163120E+01 -0.24036187E+01
  0.20239902E+01 -0.23829595E+01
  0.20316684E+01 -0.23617560E+01
  0.20393465E+01 -0.23401034E+01
  0.20470247E+01 -0.23180811E+01
  0.20547028E+01 -0.22957569E+01
  0.20623810E+01 -0.22731899E+01
  0.20700592E+01 -0.22504323E+01
  0.20777373E+01 -0.22275312E+01
  0.20854155E+01 -0.22045399E+01
  0.20930937E+01 -0.21848555E+01
  0.21007718E+01 -0.21653492E+01
  0.21084500E+01 -0.21456169E+01
  0.21161282E+01 -0.21257066E+01
  0.21238063E+01 -0.21056612E+01
  0.21314845E+01 -0.20855188E+01
  0.21391627E+01 -0.20653132E+01
  0.21468408E+01 -0.20450750E+01
  0.21545190E+01 -0.20248323E+01
  0.21621971E+01 -0.20046122E+01
  0.21698753E+01 -0.19844410E+01
  0.21775535E+01 -0.19643453E+01
  0.21852316E+01 -0.19443522E+01
  0.21929098E+01 -0.19244893E+01
  0.22005880E+01 -0.19047845E+01
  0.22082661E+01 -0.18852656E+01
  0.22159443E+01 -0.18659595E+01
  0.22236225E+01 -0.18468917E+01
  0.22313006E+01 -0.18280859E+01
  0.22389788E+01 -0.18095638E+01
  0.22466569E+01 -0.17913452E+01
  0.22543351E+01 -0.17734484E+01
  0.22620133E+01 -0.17558905E+01
  0.22696914E+01 -0.17386886E+01
  0.22773696E+01 -0.17218602E+01
  0.22850478E+01 -0.17054239E+01
  0.22927259E+01 -0.16894005E+01
  0.23004041E+01 -0.16738128E+01
  0.23080823E+01 -0.16586863E+01
  0.23157604E+01 -0.16440485E+01
  0.23234386E+01 -0.16299286E+01
  0.23311168E+01 -0.16163571E+01
  0.23387949E+01 -0.16033645E+01
  0.23464731E+01 -0.15909813E+01
  0.23541512E+01 -0.15792366E+01
  0.23618294E+01 -0.15681585E+01
  0.23695076E+01 -0.15577734E+01
  0.23771857E+01 -0.15481062E+01
  0.23848639E+01 -0.15391802E+01
  0.23925421E+01 -0.15310173E+01
  0.24002202E+01 -0.15236378E+01
  0.24078984E+01 -0.15170600E+01
  0.24155766E+01 -0.15112995E+01
  0.24232547E+01 -0.15063682E+01
  0.24309329E+01 -0.15022724E+01
  0.24386110E+01 -0.14990113E+01
  0.24462892E+01 -0.14965747E+01
  0.24539674E+01 -0.14949413E+01
  0.24616455E+01 -0.14940770E+01
  0.24693237E+01 -0.14939342E+01
  0.24770019E+01 -0.14944512E+01
  0.24846800E+01 -0.14955533E+01
  0.24923582E+01 -0.14971542E+01
  0.25000364E+01 -0.14991583E+01
  0.25077145E+01 -0.15014633E+01
  0.25153927E+01 -0.15039638E+01
  0.25230709E+01 -0.15065541E+01
  0.25307490E+01 -0.15091316E+01
  0.25384272E+01 -0.15115995E+01
  0.25461053E+01 -0.15138683E+01
  0.25537835E+01 -0.15158579E+01
  0.25614617E+01 -0.15174976E+01
  0.25691398E+01 -0.15187234E+01
  0.25768180E+01 -0.15194757E+01
  0.25844962E+01 -0.15197214E+01
  
  0.00000000E+00 -0.20946093E+01
  0.76781640E-02 -0.20991750E+01
  0.15356328E-01 -0.21117893E+01
  0.23034492E-01 -0.21300912E+01
  0.30712656E-01 -0.21518560E+01
  0.38390820E-01 -0.21754671E+01
  0.46068984E-01 -0.21998416E+01
  0.53747148E-01 -0.22242484E+01
  0.61425312E-01 -0.22481668E+01
  0.69103476E-01 -0.22711989E+01
  0.76781640E-01 -0.22930180E+01
  0.84459804E-01 -0.23133404E+01
  0.92137968E-01 -0.23319109E+01
  0.99816132E-01 -0.23484989E+01
  0.10749430E+00 -0.23629009E+01
  0.11517246E+00 -0.23749479E+01
  0.12285062E+00 -0.23845142E+01
  0.13052879E+00 -0.23915263E+01
  0.13820695E+00 -0.23959675E+01
  0.14588512E+00 -0.23978782E+01
  0.15356328E+00 -0.23973504E+01
  0.16124144E+00 -0.23945175E+01
  0.16891961E+00 -0.23895419E+01
  0.17659777E+00 -0.23826027E+01
  0.18427594E+00 -0.23738841E+01
  0.19195410E+00 -0.23635671E+01
  0.19963226E+00 -0.23518235E+01
  0.20731043E+00 -0.23388127E+01
  0.21498859E+00 -0.23246804E+01
  0.22266676E+00 -0.23095590E+01
  0.23034492E+00 -0.22935685E+01
  0.23802308E+00 -0.22768180E+01
  0.24570125E+00 -0.22594066E+01
  0.25337941E+00 -0.22414250E+01
  0.26105758E+00 -0.22229557E+01
  0.26873574E+00 -0.22040627E+01
  0.27641390E+00 -0.21814542E+01
  0.28409207E+00 -0.21583531E+01
  0.29177023E+00 -0.21352473E+01
  0.29944840E+00 -0.21121621E+01
  0.30712656E+00 -0.20891192E+01
  0.31480472E+00 -0.20661381E+01
  0.32248289E+00 -0.20432366E+01
  0.33016105E+00 -0.20204323E+01
  0.33783922E+00 -0.19977431E+01
  0.34551738E+00 -0.19751884E+01
  0.35319554E+00 -0.19527890E+01
  0.36087371E+00 -0.19305675E+01
  0.36855187E+00 -0.19085476E+01
  0.37623004E+00 -0.18867539E+01
  0.38390820E+00 -0.18652110E+01
  0.39158636E+00 -0.18439431E+01
  0.39926453E+00 -0.18229734E+01
  0.40694269E+00 -0.18023240E+01
  0.41462086E+00 -0.17820153E+01
  0.42229902E+00 -0.17620670E+01
  0.42997718E+00 -0.17424981E+01
  0.43765535E+00 -0.17233277E+01
  0.44533351E+00 -0.17045757E+01
  0.45301168E+00 -0.16862642E+01
  0.46068984E+00 -0.16684178E+01
  0.46836800E+00 -0.16510644E+01
  0.47604617E+00 -0.16342355E+01
  0.48372433E+00 -0.16179660E+01
  0.49140250E+00 -0.16022940E+01
  0.49908066E+00 -0.15872601E+01
  0.50675882E+00 -0.15729069E+01
  0.51443699E+00 -0.15592783E+01
  0.52211515E+00 -0.15464187E+01
  0.52979332E+00 -0.15343723E+01
  0.53747148E+00 -0.15231829E+01
  0.54514964E+00 -0.15128930E+01
  0.55282781E+00 -0.15035433E+01
  0.56050597E+00 -0.14951720E+01
  0.56818414E+00 -0.14878137E+01
  0.57586230E+00 -0.14814977E+01
  0.58354046E+00 -0.14762463E+01
  0.59121863E+00 -0.14720723E+01
  0.59889679E+00 -0.14689765E+01
  0.60657496E+00 -0.14669452E+01
  0.61425312E+00 -0.14659482E+01
  0.62193128E+00 -0.14659375E+01
  0.62960945E+00 -0.14668467E+01
  0.63728761E+00 -0.14685919E+01
  0.64496578E+00 -0.14710739E+01
  0.65264394E+00 -0.14741802E+01
  0.66032210E+00 -0.14777894E+01
  0.66800027E+00 -0.14817742E+01
  0.67567843E+00 -0.14860060E+01
  0.68335660E+00 -0.14903584E+01
  0.69103476E+00 -0.14947107E+01
  0.69871293E+00 -0.14989503E+01
  0.70639109E+00 -0.15029758E+01
  0.71406925E+00 -0.15066979E+01
  0.72174742E+00 -0.15100408E+01
  0.72942558E+00 -0.15129427E+01
  0.73710375E+00 -0.15153559E+01
  0.74478191E+00 -0.15172469E+01
  0.75246007E+00 -0.15185996E+01
  0.76013824E+00 -0.15194168E+01
  0.76781640E+00 -0.15196980E+01
  0.77545956E+00 -0.15194100E+01
  0.78310273E+00 -0.15185867E+01
  0.79074589E+00 -0.15172595E+01
  0.79838905E+00 -0.15154652E+01
  0.80603222E+00 -0.15132508E+01
  0.81367538E+00 -0.15106729E+01
  0.82131854E+00 -0.15077970E+01
  0.82896170E+00 -0.15046967E+01
  0.83660487E+00 -0.15014533E+01
  0.84424803E+00 -0.14981551E+01
  0.85189119E+00 -0.14948968E+01
  0.85953435E+00 -0.14917779E+01
  0.86717752E+00 -0.14889009E+01
  0.87482068E+00 -0.14863703E+01
  0.88246384E+00 -0.14842895E+01
  0.89010701E+00 -0.14827584E+01
  0.89775017E+00 -0.14818703E+01
  0.90539333E+00 -0.14817092E+01
  0.91303649E+00 -0.14823472E+01
  0.92067966E+00 -0.14838428E+01
  0.92832282E+00 -0.14862409E+01
  0.93596598E+00 -0.14895724E+01
  0.94360915E+00 -0.14938538E+01
  0.95125231E+00 -0.14990877E+01
  0.95889547E+00 -0.15052641E+01
  0.96653863E+00 -0.15123629E+01
  0.97418180E+00 -0.15203559E+01
  0.98182496E+00 -0.15292089E+01
  0.98946812E+00 -0.15388804E+01
  0.99711129E+00 -0.15493332E+01
  0.10047544E+01 -0.15605575E+01
  0.10123976E+01 -0.15725450E+01
  0.10200408E+01 -0.15852773E+01
  0.10276839E+01 -0.15987265E+01
  0.10353271E+01 -0.16128461E+01
  0.10429703E+01 -0.16275831E+01
  0.10506134E+01 -0.16429221E+01
  0.10582566E+01 -0.16588373E+01
  0.10658998E+01 -0.16752928E+01
  0.10735429E+01 -0.16922498E+01
  0.10811861E+01 -0.17096693E+01
  0.10888292E+01 -0.17275155E+01
  0.10964724E+01 -0.17457591E+01
  0.11041156E+01 -0.17643788E+01
  0.11117587E+01 -0.17833580E+01
  0.11194019E+01 -0.18026797E+01
  0.11270451E+01 -0.18223313E+01
  0.11346882E+01 -0.18423052E+01
  0.11423314E+01 -0.18625914E+01
  0.11499745E+01 -0.18831739E+01
  0.11576177E+01 -0.19040290E+01
  0.11652609E+01 -0.19251251E+01
  0.11729040E+01 -0.19464239E+01
  0.11805472E+01 -0.19678818E+01
  0.11881904E+01 -0.19894486E+01
  0.11958335E+01 -0.20110609E+01
  0.12034767E+01 -0.20326847E+01
  0.12111198E+01 -0.20543428E+01
  0.12187630E+01 -0.20760404E+01
  0.12264062E+01 -0.20977638E+01
  0.12340493E+01 -0.21194860E+01
  0.12416925E+01 -0.21411633E+01
  0.12493357E+01 -0.21627364E+01
  0.12569788E+01 -0.21841624E+01
  0.12646220E+01 -0.22054156E+01
  0.12722651E+01 -0.22264533E+01
  0.12799083E+01 -0.22472179E+01
  0.12875515E+01 -0.22676436E+01
  0.12951946E+01 -0.22876648E+01
  0.13028378E+01 -0.23072294E+01
  0.13104810E+01 -0.23262990E+01
  0.13181241E+01 -0.23448282E+01
  0.13257673E+01 -0.23627420E+01
  0.13334104E+01 -0.23799522E+01
  0.13410536E+01 -0.23964077E+01
  0.13486968E+01 -0.24120499E+01
  0.13563399E+01 -0.24268010E+01
  0.13639831E+01 -0.24405683E+01
  0.13716263E+01 -0.24532471E+01
  0.13792694E+01 -0.24647260E+01
  0.13869126E+01 -0.24748931E+01
  0.13945558E+01 -0.24836420E+01
  0.14021989E+01 -0.24908633E+01
  0.14098421E+01 -0.24964881E+01
  0.14174852E+01 -0.25005409E+01
  0.14251284E+01 -0.25030018E+01
  0.14327716E+01 -0.25038309E+01
  0.14404497E+01 -0.25033098E+01
  0.14481279E+01 -0.25031281E+01
  0.14558061E+01 -0.25033151E+01
  0.14634842E+01 -0.25038547E+01
  0.14711624E+01 -0.25047267E+01
  0.14788405E+01 -0.25059074E+01
  0.14865187E+01 -0.25073711E+01
  0.14941969E+01 -0.25090912E+01
  0.15018750E+01 -0.25110409E+01
  0.15095532E+01 -0.25131934E+01
  0.15172314E+01 -0.25155220E+01
  0.15249095E+01 -0.25179988E+01
  0.15325877E+01 -0.25205934E+01
  0.15402659E+01 -0.25232716E+01
  0.15479440E+01 -0.25259932E+01
  0.15556222E+01 -0.25287098E+01
  0.15633004E+01 -0.25313629E+01
  0.15709785E+01 -0.25338821E+01
  0.15786567E+01 -0.25361834E+01
  0.15863348E+01 -0.25381687E+01
  0.15940130E+01 -0.25397251E+01
  0.16016912E+01 -0.25407257E+01
  0.16093693E+01 -0.25410299E+01
  0.16170475E+01 -0.25404856E+01
  0.16247257E+01 -0.25389315E+01
  0.16324038E+01 -0.25362000E+01
  0.16400820E+01 -0.25321226E+01
  0.16477602E+01 -0.25265356E+01
  0.16554383E+01 -0.25192878E+01
  0.16631165E+01 -0.25102487E+01
  0.16707946E+01 -0.24993172E+01
  0.16784728E+01 -0.24864289E+01
  0.16861510E+01 -0.24715611E+01
  0.16938291E+01 -0.24547345E+01
  0.17015073E+01 -0.24360122E+01
  0.17091855E+01 -0.24154951E+01
  0.17168636E+01 -0.23933168E+01
  0.17245418E+01 -0.23696381E+01
  0.17322200E+01 -0.23446426E+01
  0.17398981E+01 -0.23185358E+01
  0.17475763E+01 -0.22915471E+01
  0.17552545E+01 -0.22639385E+01
  0.17629326E+01 -0.22360212E+01
  0.17706108E+01 -0.22081858E+01
  0.17782889E+01 -0.21809549E+01
  0.17859671E+01 -0.21550723E+01
  0.17936453E+01 -0.21316429E+01
  0.18013234E+01 -0.21123019E+01
  0.18090016E+01 -0.20992366E+01
  0.18166798E+01 -0.20946093E+01
  0.18243579E+01 -0.20991750E+01
  0.18320361E+01 -0.21117893E+01
  0.18397143E+01 -0.21300912E+01
  0.18473924E+01 -0.21518560E+01
  0.18550706E+01 -0.21754671E+01
  0.18627487E+01 -0.21998416E+01
  0.18704269E+01 -0.22242484E+01
  0.18781051E+01 -0.22481668E+01
  0.18857832E+01 -0.22711989E+01
  0.18934614E+01 -0.22930180E+01
  0.19011396E+01 -0.23133404E+01
  0.19088177E+01 -0.23319109E+01
  0.19164959E+01 -0.23484989E+01
  0.19241741E+01 -0.23629009E+01
  0.19318522E+01 -0.23749479E+01
  0.19395304E+01 -0.23845142E+01
  0.19472086E+01 -0.23915263E+01
  0.19548867E+01 -0.23959675E+01
  0.19625649E+01 -0.23978782E+01
  0.19702430E+01 -0.23973504E+01
  0.19779212E+01 -0.23945175E+01
  0.19855994E+01 -0.23895419E+01
  0.19932775E+01 -0.23826027E+01
  0.20009557E+01 -0.23738841E+01
  0.20086339E+01 -0.23635671E+01
  0.20163120E+01 -0.23518235E+01
  0.20239902E+01 -0.23388127E+01
  0.20316684E+01 -0.23246804E+01
  0.20393465E+01 -0.23095590E+01
  0.20470247E+01 -0.22935685E+01
  0.20547028E+01 -0.22768180E+01
  0.20623810E+01 -0.22594066E+01
  0.20700592E+01 -0.22414250E+01
  0.20777373E+01 -0.22229557E+01
  0.20854155E+01 -0.22040627E+01
  0.20930937E+01 -0.21814542E+01
  0.21007718E+01 -0.21583531E+01
  0.21084500E+01 -0.21352473E+01
  0.21161282E+01 -0.21121621E+01
  0.21238063E+01 -0.20891192E+01
  0.21314845E+01 -0.20661381E+01
  0.21391627E+01 -0.20432366E+01
  0.21468408E+01 -0.20204323E+01
  0.21545190E+01 -0.19977431E+01
  0.21621971E+01 -0.19751884E+01
  0.21698753E+01 -0.19527890E+01
  0.21775535E+01 -0.19305675E+01
  0.21852316E+01 -0.19085476E+01
  0.21929098E+01 -0.18867539E+01
  0.22005880E+01 -0.18652110E+01
  0.22082661E+01 -0.18439431E+01
  0.22159443E+01 -0.18229734E+01
  0.22236225E+01 -0.18023240E+01
  0.22313006E+01 -0.17820153E+01
  0.22389788E+01 -0.17620670E+01
  0.22466569E+01 -0.17424981E+01
  0.22543351E+01 -0.17233277E+01
  0.22620133E+01 -0.17045757E+01
  0.22696914E+01 -0.16862642E+01
  0.22773696E+01 -0.16684178E+01
  0.22850478E+01 -0.16510644E+01
  0.22927259E+01 -0.16342355E+01
  0.23004041E+01 -0.16179660E+01
  0.23080823E+01 -0.16022940E+01
  0.23157604E+01 -0.15872601E+01
  0.23234386E+01 -0.15729069E+01
  0.23311168E+01 -0.15592783E+01
  0.23387949E+01 -0.15464187E+01
  0.23464731E+01 -0.15343723E+01
  0.23541512E+01 -0.15231829E+01
  0.23618294E+01 -0.15128930E+01
  0.23695076E+01 -0.15035433E+01
  0.23771857E+01 -0.14951720E+01
  0.23848639E+01 -0.14878137E+01
  0.23925421E+01 -0.14814977E+01
  0.24002202E+01 -0.14762463E+01
  0.24078984E+01 -0.14720723E+01
  0.24155766E+01 -0.14689765E+01
  0.24232547E+01 -0.14669452E+01
  0.24309329E+01 -0.14659482E+01
  0.24386110E+01 -0.14659375E+01
  0.24462892E+01 -0.14668467E+01
  0.24539674E+01 -0.14685919E+01
  0.24616455E+01 -0.14710739E+01
  0.24693237E+01 -0.14741802E+01
  0.24770019E+01 -0.14777894E+01
  0.24846800E+01 -0.14817742E+01
  0.24923582E+01 -0.14860060E+01
  0.25000364E+01 -0.14903584E+01
  0.25077145E+01 -0.14947107E+01
  0.25153927E+01 -0.14989503E+01
  0.25230709E+01 -0.15029758E+01
  0.25307490E+01 -0.15066979E+01
  0.25384272E+01 -0.15100408E+01
  0.25461053E+01 -0.15129427E+01
  0.25537835E+01 -0.15153559E+01
  0.25614617E+01 -0.15172469E+01
  0.25691398E+01 -0.15185996E+01
  0.25768180E+01 -0.15194168E+01
  0.25844962E+01 -0.15196980E+01
  
  0.00000000E+00 -0.18507454E+01
  0.76781640E-02 -0.18457805E+01
  0.15356328E-01 -0.18319715E+01
  0.23034492E-01 -0.18116757E+01
  0.30712656E-01 -0.17871007E+01
  0.38390820E-01 -0.17598328E+01
  0.46068984E-01 -0.17309085E+01
  0.53747148E-01 -0.17009963E+01
  0.61425312E-01 -0.16705353E+01
  0.69103476E-01 -0.16398230E+01
  0.76781640E-01 -0.16090673E+01
  0.84459804E-01 -0.15784173E+01
  0.92137968E-01 -0.15479828E+01
  0.99816132E-01 -0.15178470E+01
  0.10749430E+00 -0.14880745E+01
  0.11517246E+00 -0.14587180E+01
  0.12285062E+00 -0.14298223E+01
  0.13052879E+00 -0.14014272E+01
  0.13820695E+00 -0.13735696E+01
  0.14588512E+00 -0.13462841E+01
  0.15356328E+00 -0.13196040E+01
  0.16124144E+00 -0.12935600E+01
  0.16891961E+00 -0.12681803E+01
  0.17659777E+00 -0.12434892E+01
  0.18427594E+00 -0.12195066E+01
  0.19195410E+00 -0.11962475E+01
  0.19963226E+00 -0.11737217E+01
  0.20731043E+00 -0.11519342E+01
  0.21498859E+00 -0.11308862E+01
  0.22266676E+00 -0.11105757E+01
  0.23034492E+00 -0.10909992E+01
  0.23802308E+00 -0.10721529E+01
  0.24570125E+00 -0.10540340E+01
  0.25337941E+00 -0.10366414E+01
  0.26105758E+00 -0.10199757E+01
  0.26873574E+00 -0.10040398E+01
  0.27641390E+00 -0.98883757E+00
  0.28409207E+00 -0.97437348E+00
  0.29177023E+00 -0.96065103E+00
  0.29944840E+00 -0.94767179E+00
  0.30712656E+00 -0.93543438E+00
  0.31480472E+00 -0.92393376E+00
  0.32248289E+00 -0.91316103E+00
  0.33016105E+00 -0.90310368E+00
  0.33783922E+00 -0.89374618E+00
  0.34551738E+00 -0.88507101E+00
  0.35319554E+00 -0.87705978E+00
  0.36087371E+00 -0.86969431E+00
  0.36855187E+00 -0.86295758E+00
  0.37623004E+00 -0.85683422E+00
  0.38390820E+00 -0.85131071E+00
  0.39158636E+00 -0.84637505E+00
  0.39926453E+00 -0.84201609E+00
  0.40694269E+00 -0.83822261E+00
  0.41462086E+00 -0.83498230E+00
  0.42229902E+00 -0.83228085E+00
  0.42997718E+00 -0.83010123E+00
  0.43765535E+00 -0.82842342E+00
  0.44533351E+00 -0.82722449E+00
  0.45301168E+00 -0.82647917E+00
  0.46068984E+00 -0.82616069E+00
  0.46836800E+00 -0.82624195E+00
  0.47604617E+00 -0.82669659E+00
  0.48372433E+00 -0.82750000E+00
  0.49140250E+00 -0.82863005E+00
  0.49908066E+00 -0.83006735E+00
  0.50675882E+00 -0.83179512E+00
  0.51443699E+00 -0.83379868E+00
  0.52211515E+00 -0.83606457E+00
  0.52979332E+00 -0.83857958E+00
  0.53747148E+00 -0.84132968E+00
  0.54514964E+00 -0.84429918E+00
  0.55282781E+00 -0.84747013E+00
  0.56050597E+00 -0.85082210E+00
  0.56818414E+00 -0.85433231E+00
  0.57586230E+00 -0.85797609E+00
  0.58354046E+00 -0.86172752E+00
  0.59121863E+00 -0.86556014E+00
  0.59889679E+00 -0.86944748E+00
  0.60657496E+00 -0.87336343E+00
  0.61425312E+00 -0.87728248E+00
  0.62193128E+00 -0.88118108E+00
  0.62960945E+00 -0.88528139E+00
  0.63728761E+00 -0.89214696E+00
  0.64496578E+00 -0.89815535E+00
  0.65264394E+00 -0.90324473E+00
  0.66032210E+00 -0.90747286E+00
  0.66800027E+00 -0.91090733E+00
  0.67567843E+00 -0.91362114E+00
  0.68335660E+00 -0.91569030E+00
  0.69103476E+00 -0.91719262E+00
  0.69871293E+00 -0.91820712E+00
  0.70639109E+00 -0.91881396E+00
  0.71406925E+00 -0.91909452E+00
  0.72174742E+00 -0.91913147E+00
  0.72942558E+00 -0.91900805E+00
  0.73710375E+00 -0.91880492E+00
  0.74478191E+00 -0.91858931E+00
  0.75246007E+00 -0.91839523E+00
  0.76013824E+00 -0.91822824E+00
  0.76781640E+00 -0.91811233E+00
  0.77545956E+00 -0.91823116E+00
  0.78310273E+00 -0.91836295E+00
  0.79074589E+00 -0.91845268E+00
  0.79838905E+00 -0.91844693E+00
  0.80603222E+00 -0.91829187E+00
  0.81367538E+00 -0.91793817E+00
  0.82131854E+00 -0.91734206E+00
  0.82896170E+00 -0.91646329E+00
  0.83660487E+00 -0.91526250E+00
  0.84424803E+00 -0.91377371E+00
  0.85189119E+00 -0.91185575E+00
  0.85953435E+00 -0.90940931E+00
  0.86717752E+00 -0.90638798E+00
  0.87482068E+00 -0.90275968E+00
  0.88246384E+00 -0.89855305E+00
  0.89010701E+00 -0.89371765E+00
  0.89775017E+00 -0.88820601E+00
  0.90539333E+00 -0.88201809E+00
  0.91303649E+00 -0.87518870E+00
  0.92067966E+00 -0.86778636E+00
  0.92832282E+00 -0.85979201E+00
  0.93596598E+00 -0.85120297E+00
  0.94360915E+00 -0.84202799E+00
  0.95125231E+00 -0.83228048E+00
  0.95889547E+00 -0.82197914E+00
  0.96653863E+00 -0.81114990E+00
  0.97418180E+00 -0.79984674E+00
  0.98182496E+00 -0.78816880E+00
  0.98946812E+00 -0.77606095E+00
  0.99711129E+00 -0.76351548E+00
  0.10047544E+01 -0.75055158E+00
  0.10123976E+01 -0.73719667E+00
  0.10200408E+01 -0.72348361E+00
  0.10276839E+01 -0.70944822E+00
  0.10353271E+01 -0.69512661E+00
  0.10429703E+01 -0.68055283E+00
  0.10506134E+01 -0.66575757E+00
  0.10582566E+01 -0.65076401E+00
  0.10658998E+01 -0.63557760E+00
  0.10735429E+01 -0.62019929E+00
  0.10811861E+01 -0.60464024E+00
  0.10888292E+01 -0.58891776E+00
  0.10964724E+01 -0.57304525E+00
  0.11041156E+01 -0.55703143E+00
  0.11117587E+01 -0.54088915E+00
  0.11194019E+01 -0.52463781E+00
  0.11270451E+01 -0.50830181E+00
  0.11346882E+01 -0.49190577E+00
  0.11423314E+01 -0.47546990E+00
  0.11499745E+01 -0.45901064E+00
  0.11576177E+01 -0.44254285E+00
  0.11652609E+01 -0.42608048E+00
  0.11729040E+01 -0.40963648E+00
  0.11805472E+01 -0.39322277E+00
  0.11881904E+01 -0.37685084E+00
  0.11958335E+01 -0.36053296E+00
  0.12034767E+01 -0.34428393E+00
  0.12111198E+01 -0.32812269E+00
  0.12187630E+01 -0.31207354E+00
  0.12264062E+01 -0.29616661E+00
  0.12340493E+01 -0.28043744E+00
  0.12416925E+01 -0.26492586E+00
  0.12493357E+01 -0.24967420E+00
  0.12569788E+01 -0.23472520E+00
  0.12646220E+01 -0.22012003E+00
  0.12722651E+01 -0.20589670E+00
  0.12799083E+01 -0.19208919E+00
  0.12875515E+01 -0.17872759E+00
  0.12951946E+01 -0.16583876E+00
  0.13028378E+01 -0.15344747E+00
  0.13104810E+01 -0.14157736E+00
  0.13181241E+01 -0.13025182E+00
  0.13257673E+01 -0.11949479E+00
  0.13334104E+01 -0.10933149E+00
  0.13410536E+01 -0.99788911E-01
  0.13486968E+01 -0.90895666E-01
  0.13563399E+01 -0.82681274E-01
  0.13639831E+01 -0.75174902E-01
  0.13716263E+01 -0.68403872E-01
  0.13792694E+01 -0.62392220E-01
  0.13869126E+01 -0.57159572E-01
  0.13945558E+01 -0.52720543E-01
  0.14021989E+01 -0.49084730E-01
  0.14098421E+01 -0.46257290E-01
  0.14174852E+01 -0.44239942E-01
  0.14251284E+01 -0.43032189E-01
  0.14327716E+01 -0.42632522E-01
  0.14404497E+01 -0.65517946E-01
  0.14481279E+01 -0.91457083E-01
  0.14558061E+01 -0.11991930E+00
  0.14634842E+01 -0.15053726E+00
  0.14711624E+01 -0.18298727E+00
  0.14788405E+01 -0.21698951E+00
  0.14865187E+01 -0.25230520E+00
  0.14941969E+01 -0.28873218E+00
  0.15018750E+01 -0.32609992E+00
  0.15095532E+01 -0.36426442E+00
  0.15172314E+01 -0.40310366E+00
  0.15249095E+01 -0.44251347E+00
  0.15325877E+01 -0.48240424E+00
  0.15402659E+01 -0.52269806E+00
  0.15479440E+01 -0.56332670E+00
  0.15556222E+01 -0.60422999E+00
  0.15633004E+01 -0.64535462E+00
  0.15709785E+01 -0.68665335E+00
  0.15786567E+01 -0.72808434E+00
  0.15863348E+01 -0.76961062E+00
  0.15940130E+01 -0.81119958E+00
  0.16016912E+01 -0.85282235E+00
  0.16093693E+01 -0.89445319E+00
  0.16170475E+01 -0.93606870E+00
  0.16247257E+01 -0.97764699E+00
  0.16324038E+01 -0.10191668E+01
  0.16400820E+01 -0.10606069E+01
  0.16477602E+01 -0.11019448E+01
  0.16554383E+01 -0.11431570E+01
  0.16631165E+01 -0.11842181E+01
  0.16707946E+01 -0.12251006E+01
  0.16784728E+01 -0.12657754E+01
  0.16861510E+01 -0.13062113E+01
  0.16938291E+01 -0.13463752E+01
  0.17015073E+01 -0.13862321E+01
  0.17091855E+01 -0.14257440E+01
  0.17168636E+01 -0.14648688E+01
  0.17245418E+01 -0.15035581E+01
  0.17322200E+01 -0.15417533E+01
  0.17398981E+01 -0.15793802E+01
  0.17475763E+01 -0.16163406E+01
  0.17552545E+01 -0.16524992E+01
  0.17629326E+01 -0.16876634E+01
  0.17706108E+01 -0.17215507E+01
  0.17782889E+01 -0.17537340E+01
  0.17859671E+01 -0.17835516E+01
  0.17936453E+01 -0.18099669E+01
  0.18013234E+01 -0.18313994E+01
  0.18090016E+01 -0.18457033E+01
  0.18166798E+01 -0.18507454E+01
  0.18243579E+01 -0.18457805E+01
  0.18320361E+01 -0.18319715E+01
  0.18397143E+01 -0.18116757E+01
  0.18473924E+01 -0.17871007E+01
  0.18550706E+01 -0.17598328E+01
  0.18627487E+01 -0.17309085E+01
  0.18704269E+01 -0.17009963E+01
  0.18781051E+01 -0.16705353E+01
  0.18857832E+01 -0.16398230E+01
  0.18934614E+01 -0.16090673E+01
  0.19011396E+01 -0.15784173E+01
  0.19088177E+01 -0.15479828E+01
  0.19164959E+01 -0.15178470E+01
  0.19241741E+01 -0.14880745E+01
  0.19318522E+01 -0.14587180E+01
  0.19395304E+01 -0.14298223E+01
  0.19472086E+01 -0.14014272E+01
  0.19548867E+01 -0.13735696E+01
  0.19625649E+01 -0.13462841E+01
  0.19702430E+01 -0.13196040E+01
  0.19779212E+01 -0.12935600E+01
  0.19855994E+01 -0.12681803E+01
  0.19932775E+01 -0.12434892E+01
  0.20009557E+01 -0.12195066E+01
  0.20086339E+01 -0.11962475E+01
  0.20163120E+01 -0.11737217E+01
  0.20239902E+01 -0.11519342E+01
  0.20316684E+01 -0.11308862E+01
  0.20393465E+01 -0.11105757E+01
  0.20470247E+01 -0.10909992E+01
  0.20547028E+01 -0.10721529E+01
  0.20623810E+01 -0.10540340E+01
  0.20700592E+01 -0.10366414E+01
  0.20777373E+01 -0.10199757E+01
  0.20854155E+01 -0.10040398E+01
  0.20930937E+01 -0.98883757E+00
  0.21007718E+01 -0.97437348E+00
  0.21084500E+01 -0.96065103E+00
  0.21161282E+01 -0.94767179E+00
  0.21238063E+01 -0.93543438E+00
  0.21314845E+01 -0.92393376E+00
  0.21391627E+01 -0.91316103E+00
  0.21468408E+01 -0.90310368E+00
  0.21545190E+01 -0.89374618E+00
  0.21621971E+01 -0.88507101E+00
  0.21698753E+01 -0.87705978E+00
  0.21775535E+01 -0.86969431E+00
  0.21852316E+01 -0.86295758E+00
  0.21929098E+01 -0.85683422E+00
  0.22005880E+01 -0.85131071E+00
  0.22082661E+01 -0.84637505E+00
  0.22159443E+01 -0.84201609E+00
  0.22236225E+01 -0.83822261E+00
  0.22313006E+01 -0.83498230E+00
  0.22389788E+01 -0.83228085E+00
  0.22466569E+01 -0.83010123E+00
  0.22543351E+01 -0.82842342E+00
  0.22620133E+01 -0.82722449E+00
  0.22696914E+01 -0.82647917E+00
  0.22773696E+01 -0.82616069E+00
  0.22850478E+01 -0.82624195E+00
  0.22927259E+01 -0.82669659E+00
  0.23004041E+01 -0.82750000E+00
  0.23080823E+01 -0.82863005E+00
  0.23157604E+01 -0.83006735E+00
  0.23234386E+01 -0.83179512E+00
  0.23311168E+01 -0.83379868E+00
  0.23387949E+01 -0.83606457E+00
  0.23464731E+01 -0.83857958E+00
  0.23541512E+01 -0.84132968E+00
  0.23618294E+01 -0.84429918E+00
  0.23695076E+01 -0.84747013E+00
  0.23771857E+01 -0.85082210E+00
  0.23848639E+01 -0.85433231E+00
  0.23925421E+01 -0.85797609E+00
  0.24002202E+01 -0.86172752E+00
  0.24078984E+01 -0.86556014E+00
  0.24155766E+01 -0.86944748E+00
  0.24232547E+01 -0.87336343E+00
  0.24309329E+01 -0.87728248E+00
  0.24386110E+01 -0.88118108E+00
  0.24462892E+01 -0.88528139E+00
  0.24539674E+01 -0.89214696E+00
  0.24616455E+01 -0.89815535E+00
  0.24693237E+01 -0.90324473E+00
  0.24770019E+01 -0.90747286E+00
  0.24846800E+01 -0.91090733E+00
  0.24923582E+01 -0.91362114E+00
  0.25000364E+01 -0.91569030E+00
  0.25077145E+01 -0.91719262E+00
  0.25153927E+01 -0.91820712E+00
  0.25230709E+01 -0.91881396E+00
  0.25307490E+01 -0.91909452E+00
  0.25384272E+01 -0.91913147E+00
  0.25461053E+01 -0.91900805E+00
  0.25537835E+01 -0.91880492E+00
  0.25614617E+01 -0.91858931E+00
  0.25691398E+01 -0.91839523E+00
  0.25768180E+01 -0.91822824E+00
  0.25844962E+01 -0.91811233E+00
  
  0.00000000E+00 -0.12193914E+01
  0.76781640E-02 -0.12179081E+01
  0.15356328E-01 -0.12135483E+01
  0.23034492E-01 -0.12064703E+01
  0.30712656E-01 -0.11968694E+01
  0.38390820E-01 -0.11849692E+01
  0.46068984E-01 -0.11710109E+01
  0.53747148E-01 -0.11552443E+01
  0.61425312E-01 -0.11379193E+01
  0.69103476E-01 -0.11192794E+01
  0.76781640E-01 -0.10995558E+01
  0.84459804E-01 -0.10789648E+01
  0.92137968E-01 -0.10577051E+01
  0.99816132E-01 -0.10359567E+01
  0.10749430E+00 -0.10138817E+01
  0.11517246E+00 -0.99162436E+00
  0.12285062E+00 -0.96931299E+00
  0.13052879E+00 -0.94706113E+00
  0.13820695E+00 -0.92496940E+00
  0.14588512E+00 -0.90312697E+00
  0.15356328E+00 -0.88161294E+00
  0.16124144E+00 -0.86049739E+00
  0.16891961E+00 -0.83984217E+00
  0.17659777E+00 -0.81970149E+00
  0.18427594E+00 -0.80012238E+00
  0.19195410E+00 -0.78114502E+00
  0.19963226E+00 -0.76280332E+00
  0.20731043E+00 -0.74512547E+00
  0.21498859E+00 -0.72813482E+00
  0.22266676E+00 -0.71185089E+00
  0.23034492E+00 -0.69629044E+00
  0.23802308E+00 -0.68146874E+00
  0.24570125E+00 -0.66740053E+00
  0.25337941E+00 -0.65410091E+00
  0.26105758E+00 -0.64158583E+00
  0.26873574E+00 -0.62987222E+00
  0.27641390E+00 -0.61897766E+00
  0.28409207E+00 -0.60891976E+00
  0.29177023E+00 -0.59971522E+00
  0.29944840E+00 -0.59137875E+00
  0.30712656E+00 -0.58392209E+00
  0.31480472E+00 -0.57735318E+00
  0.32248289E+00 -0.57167560E+00
  0.33016105E+00 -0.56688848E+00
  0.33783922E+00 -0.56298682E+00
  0.34551738E+00 -0.55996220E+00
  0.35319554E+00 -0.55780372E+00
  0.36087371E+00 -0.55649920E+00
  0.36855187E+00 -0.55603630E+00
  0.37623004E+00 -0.55640353E+00
  0.38390820E+00 -0.55759096E+00
  0.39158636E+00 -0.55959055E+00
  0.39926453E+00 -0.56239611E+00
  0.40694269E+00 -0.56600289E+00
  0.41462086E+00 -0.57040688E+00
  0.42229902E+00 -0.57560393E+00
  0.42997718E+00 -0.58158884E+00
  0.43765535E+00 -0.58835452E+00
  0.44533351E+00 -0.59589128E+00
  0.45301168E+00 -0.60418638E+00
  0.46068984E+00 -0.61322371E+00
  0.46836800E+00 -0.62298358E+00
  0.47604617E+00 -0.63344253E+00
  0.48372433E+00 -0.64457294E+00
  0.49140250E+00 -0.65634232E+00
  0.49908066E+00 -0.66871225E+00
  0.50675882E+00 -0.68163683E+00
  0.51443699E+00 -0.69506076E+00
  0.52211515E+00 -0.70891721E+00
  0.52979332E+00 -0.72312594E+00
  0.53747148E+00 -0.73759179E+00
  0.54514964E+00 -0.75220435E+00
  0.55282781E+00 -0.76683884E+00
  0.56050597E+00 -0.78135866E+00
  0.56818414E+00 -0.79561952E+00
  0.57586230E+00 -0.80947488E+00
  0.58354046E+00 -0.82278229E+00
  0.59121863E+00 -0.83540992E+00
  0.59889679E+00 -0.84724272E+00
  0.60657496E+00 -0.85818738E+00
  0.61425312E+00 -0.86817563E+00
  0.62193128E+00 -0.87716420E+00
  0.62960945E+00 -0.88489038E+00
  0.63728761E+00 -0.88877366E+00
  0.64496578E+00 -0.89243936E+00
  0.65264394E+00 -0.89596749E+00
  0.66032210E+00 -0.89932944E+00
  0.66800027E+00 -0.90249398E+00
  0.67567843E+00 -0.90542911E+00
  0.68335660E+00 -0.90810316E+00
  0.69103476E+00 -0.91048612E+00
  0.69871293E+00 -0.91255163E+00
  0.70639109E+00 -0.91427950E+00
  0.71406925E+00 -0.91565870E+00
  0.72174742E+00 -0.91669062E+00
  0.72942558E+00 -0.91739217E+00
  0.73710375E+00 -0.91779941E+00
  0.74478191E+00 -0.91797449E+00
  0.75246007E+00 -0.91801552E+00
  0.76013824E+00 -0.91803484E+00
  0.76781640E+00 -0.91809138E+00
  0.77545956E+00 -0.91800244E+00
  0.78310273E+00 -0.91793750E+00
  0.79074589E+00 -0.91788937E+00
  0.79838905E+00 -0.91782223E+00
  0.80603222E+00 -0.91768716E+00
  0.81367538E+00 -0.91742618E+00
  0.82131854E+00 -0.91697471E+00
  0.82896170E+00 -0.91626321E+00
  0.83660487E+00 -0.91521870E+00
  0.84424803E+00 -0.91369213E+00
  0.85189119E+00 -0.91170920E+00
  0.85953435E+00 -0.90925767E+00
  0.86717752E+00 -0.90628207E+00
  0.87482068E+00 -0.90272828E+00
  0.88246384E+00 -0.89850198E+00
  0.89010701E+00 -0.89361144E+00
  0.89775017E+00 -0.88808582E+00
  0.90539333E+00 -0.88192864E+00
  0.91303649E+00 -0.87512629E+00
  0.92067966E+00 -0.86764393E+00
  0.92832282E+00 -0.85954143E+00
  0.93596598E+00 -0.85086466E+00
  0.94360915E+00 -0.84164720E+00
  0.95125231E+00 -0.83191546E+00
  0.95889547E+00 -0.82168808E+00
  0.96653863E+00 -0.81097521E+00
  0.97418180E+00 -0.79975982E+00
  0.98182496E+00 -0.78798253E+00
  0.98946812E+00 -0.77574284E+00
  0.99711129E+00 -0.76309805E+00
  0.10047544E+01 -0.75008344E+00
  0.10123976E+01 -0.73672956E+00
  0.10200408E+01 -0.72306280E+00
  0.10276839E+01 -0.70910531E+00
  0.10353271E+01 -0.69487525E+00
  0.10429703E+01 -0.68038707E+00
  0.10506134E+01 -0.66565175E+00
  0.10582566E+01 -0.65068080E+00
  0.10658998E+01 -0.63549732E+00
  0.10735429E+01 -0.62012453E+00
  0.10811861E+01 -0.60457324E+00
  0.10888292E+01 -0.58884828E+00
  0.10964724E+01 -0.57296061E+00
  0.11041156E+01 -0.55692960E+00
  0.11117587E+01 -0.54077476E+00
  0.11194019E+01 -0.52451304E+00
  0.11270451E+01 -0.50815922E+00
  0.11346882E+01 -0.49172903E+00
  0.11423314E+01 -0.47524187E+00
  0.11499745E+01 -0.45871849E+00
  0.11576177E+01 -0.44217768E+00
  0.11652609E+01 -0.42563535E+00
  0.11729040E+01 -0.40910532E+00
  0.11805472E+01 -0.39260102E+00
  0.11881904E+01 -0.37613722E+00
  0.11958335E+01 -0.35973147E+00
  0.12034767E+01 -0.34340495E+00
  0.12111198E+01 -0.32718286E+00
  0.12187630E+01 -0.31109427E+00
  0.12264062E+01 -0.29517164E+00
  0.12340493E+01 -0.27945003E+00
  0.12416925E+01 -0.26396600E+00
  0.12493357E+01 -0.24875656E+00
  0.12569788E+01 -0.23385805E+00
  0.12646220E+01 -0.21930535E+00
  0.12722651E+01 -0.20513122E+00
  0.12799083E+01 -0.19136593E+00
  0.12875515E+01 -0.17803722E+00
  0.12951946E+01 -0.16517055E+00
  0.13028378E+01 -0.15278992E+00
  0.13104810E+01 -0.14091923E+00
  0.13181241E+01 -0.12958367E+00
  0.13257673E+01 -0.11881075E+00
  0.13334104E+01 -0.10863038E+00
  0.13410536E+01 -0.99074333E-01
  0.13486968E+01 -0.90174969E-01
  0.13563399E+01 -0.81963857E-01
  0.13639831E+01 -0.74470268E-01
  0.13716263E+01 -0.67719869E-01
  0.13792694E+01 -0.61733760E-01
  0.13869126E+01 -0.56528005E-01
  0.13945558E+01 -0.52113702E-01
  0.14021989E+01 -0.48497592E-01
  0.14098421E+01 -0.45683064E-01
  0.14174852E+01 -0.43671384E-01
  0.14251284E+01 -0.42462921E-01
  0.14327716E+01 -0.42058122E-01
  0.14404497E+01 -0.22525936E-01
  0.14481279E+01 -0.66568202E-02
  0.14558061E+01  0.50227681E-02
  0.14634842E+01  0.12182224E-01
  0.14711624E+01  0.14601384E-01
  0.14788405E+01  0.12201016E-01
  0.14865187E+01  0.50554186E-02
  0.14941969E+01 -0.66171154E-02
  0.15018750E+01 -0.22483078E-01
  0.15095532E+01 -0.42133384E-01
  0.15172314E+01 -0.65124111E-01
  0.15249095E+01 -0.91010933E-01
  0.15325877E+01 -0.11937370E+00
  0.15402659E+01 -0.14983101E+00
  0.15479440E+01 -0.18204642E+00
  0.15556222E+01 -0.21572874E+00
  0.15633004E+01 -0.25062847E+00
  0.15709785E+01 -0.28653221E+00
  0.15786567E+01 -0.32325631E+00
  0.15863348E+01 -0.36064054E+00
  0.15940130E+01 -0.39854250E+00
  0.16016912E+01 -0.43683295E+00
  0.16093693E+01 -0.47539231E+00
  0.16170475E+01 -0.51410822E+00
  0.16247257E+01 -0.55287406E+00
  0.16324038E+01 -0.59158819E+00
  0.16400820E+01 -0.63015349E+00
  0.16477602E+01 -0.66847707E+00
  0.16554383E+01 -0.70646969E+00
  0.16631165E+01 -0.74404469E+00
  0.16707946E+01 -0.78111638E+00
  0.16784728E+01 -0.81759783E+00
  0.16861510E+01 -0.85339810E+00
  0.16938291E+01 -0.88841926E+00
  0.17015073E+01 -0.92255332E+00
  0.17091855E+01 -0.95567954E+00
  0.17168636E+01 -0.98766231E+00
  0.17245418E+01 -0.10183500E+01
  0.17322200E+01 -0.10475749E+01
  0.17398981E+01 -0.10751545E+01
  0.17475763E+01 -0.11008944E+01
  0.17552545E+01 -0.11245923E+01
  0.17629326E+01 -0.11460440E+01
  0.17706108E+01 -0.11650500E+01
  0.17782889E+01 -0.11814246E+01
  0.17859671E+01 -0.11950044E+01
  0.17936453E+01 -0.12056578E+01
  0.18013234E+01 -0.12132937E+01
  0.18090016E+01 -0.12178687E+01
  0.18166798E+01 -0.12193914E+01
  0.18243579E+01 -0.12179081E+01
  0.18320361E+01 -0.12135483E+01
  0.18397143E+01 -0.12064703E+01
  0.18473924E+01 -0.11968694E+01
  0.18550706E+01 -0.11849692E+01
  0.18627487E+01 -0.11710109E+01
  0.18704269E+01 -0.11552443E+01
  0.18781051E+01 -0.11379193E+01
  0.18857832E+01 -0.11192794E+01
  0.18934614E+01 -0.10995558E+01
  0.19011396E+01 -0.10789648E+01
  0.19088177E+01 -0.10577051E+01
  0.19164959E+01 -0.10359567E+01
  0.19241741E+01 -0.10138817E+01
  0.19318522E+01 -0.99162436E+00
  0.19395304E+01 -0.96931299E+00
  0.19472086E+01 -0.94706113E+00
  0.19548867E+01 -0.92496940E+00
  0.19625649E+01 -0.90312697E+00
  0.19702430E+01 -0.88161294E+00
  0.19779212E+01 -0.86049739E+00
  0.19855994E+01 -0.83984217E+00
  0.19932775E+01 -0.81970149E+00
  0.20009557E+01 -0.80012238E+00
  0.20086339E+01 -0.78114502E+00
  0.20163120E+01 -0.76280332E+00
  0.20239902E+01 -0.74512547E+00
  0.20316684E+01 -0.72813482E+00
  0.20393465E+01 -0.71185089E+00
  0.20470247E+01 -0.69629044E+00
  0.20547028E+01 -0.68146874E+00
  0.20623810E+01 -0.66740053E+00
  0.20700592E+01 -0.65410091E+00
  0.20777373E+01 -0.64158583E+00
  0.20854155E+01 -0.62987222E+00
  0.20930937E+01 -0.61897766E+00
  0.21007718E+01 -0.60891976E+00
  0.21084500E+01 -0.59971522E+00
  0.21161282E+01 -0.59137875E+00
  0.21238063E+01 -0.58392209E+00
  0.21314845E+01 -0.57735318E+00
  0.21391627E+01 -0.57167560E+00
  0.21468408E+01 -0.56688848E+00
  0.21545190E+01 -0.56298682E+00
  0.21621971E+01 -0.55996220E+00
  0.21698753E+01 -0.55780372E+00
  0.21775535E+01 -0.55649920E+00
  0.21852316E+01 -0.55603630E+00
  0.21929098E+01 -0.55640353E+00
  0.22005880E+01 -0.55759096E+00
  0.22082661E+01 -0.55959055E+00
  0.22159443E+01 -0.56239611E+00
  0.22236225E+01 -0.56600289E+00
  0.22313006E+01 -0.57040688E+00
  0.22389788E+01 -0.57560393E+00
  0.22466569E+01 -0.58158884E+00
  0.22543351E+01 -0.58835452E+00
  0.22620133E+01 -0.59589128E+00
  0.22696914E+01 -0.60418638E+00
  0.22773696E+01 -0.61322371E+00
  0.22850478E+01 -0.62298358E+00
  0.22927259E+01 -0.63344253E+00
  0.23004041E+01 -0.64457294E+00
  0.23080823E+01 -0.65634232E+00
  0.23157604E+01 -0.66871225E+00
  0.23234386E+01 -0.68163683E+00
  0.23311168E+01 -0.69506076E+00
  0.23387949E+01 -0.70891721E+00
  0.23464731E+01 -0.72312594E+00
  0.23541512E+01 -0.73759179E+00
  0.23618294E+01 -0.75220435E+00
  0.23695076E+01 -0.76683884E+00
  0.23771857E+01 -0.78135866E+00
  0.23848639E+01 -0.79561952E+00
  0.23925421E+01 -0.80947488E+00
  0.24002202E+01 -0.82278229E+00
  0.24078984E+01 -0.83540992E+00
  0.24155766E+01 -0.84724272E+00
  0.24232547E+01 -0.85818738E+00
  0.24309329E+01 -0.86817563E+00
  0.24386110E+01 -0.87716420E+00
  0.24462892E+01 -0.88489038E+00
  0.24539674E+01 -0.88877366E+00
  0.24616455E+01 -0.89243936E+00
  0.24693237E+01 -0.89596749E+00
  0.24770019E+01 -0.89932944E+00
  0.24846800E+01 -0.90249398E+00
  0.24923582E+01 -0.90542911E+00
  0.25000364E+01 -0.90810316E+00
  0.25077145E+01 -0.91048612E+00
  0.25153927E+01 -0.91255163E+00
  0.25230709E+01 -0.91427950E+00
  0.25307490E+01 -0.91565870E+00
  0.25384272E+01 -0.91669062E+00
  0.25461053E+01 -0.91739217E+00
  0.25537835E+01 -0.91779941E+00
  0.25614617E+01 -0.91797449E+00
  0.25691398E+01 -0.91801552E+00
  0.25768180E+01 -0.91803484E+00
  0.25844962E+01 -0.91809138E+00
  
  0.00000000E+00  0.18329331E+01
  0.76781640E-02  0.18321805E+01
  0.15356328E-01  0.18299708E+01
  0.23034492E-01  0.18263011E+01
  0.30712656E-01  0.18211688E+01
  0.38390820E-01  0.18145719E+01
  0.46068984E-01  0.18065094E+01
  0.53747148E-01  0.17969824E+01
  0.61425312E-01  0.17859939E+01
  0.69103476E-01  0.17735502E+01
  0.76781640E-01  0.17596608E+01
  0.84459804E-01  0.17443386E+01
  0.92137968E-01  0.17275997E+01
  0.99816132E-01  0.17094630E+01
  0.10749430E+00  0.16899494E+01
  0.11517246E+00  0.16690814E+01
  0.12285062E+00  0.16468825E+01
  0.13052879E+00  0.16233764E+01
  0.13820695E+00  0.15985868E+01
  0.14588512E+00  0.15725379E+01
  0.15356328E+00  0.15452540E+01
  0.16124144E+00  0.15167605E+01
  0.16891961E+00  0.14870843E+01
  0.17659777E+00  0.14562548E+01
  0.18427594E+00  0.14243041E+01
  0.19195410E+00  0.13912678E+01
  0.19963226E+00  0.13571847E+01
  0.20731043E+00  0.13220969E+01
  0.21498859E+00  0.12860492E+01
  0.22266676E+00  0.12490881E+01
  0.23034492E+00  0.12112613E+01
  0.23802308E+00  0.11726167E+01
  0.24570125E+00  0.11332015E+01
  0.25337941E+00  0.10930617E+01
  0.26105758E+00  0.10522424E+01
  0.26873574E+00  0.10107871E+01
  0.27641390E+00  0.96873904E+00
  0.28409207E+00  0.92614115E+00
  0.29177023E+00  0.88303738E+00
  0.29944840E+00  0.83947326E+00
  0.30712656E+00  0.79549667E+00
  0.31480472E+00  0.75115824E+00
  0.32248289E+00  0.70651151E+00
  0.33016105E+00  0.66161275E+00
  0.33783922E+00  0.61652050E+00
  0.34551738E+00  0.57129487E+00
  0.35319554E+00  0.52599680E+00
  0.36087371E+00  0.48068737E+00
  0.36855187E+00  0.43542719E+00
  0.37623004E+00  0.39027617E+00
  0.38390820E+00  0.34529341E+00
  0.39158636E+00  0.30053760E+00
  0.39926453E+00  0.25606747E+00
  0.40694269E+00  0.21194249E+00
  0.41462086E+00  0.16822354E+00
  0.42229902E+00  0.12497348E+00
  0.42997718E+00  0.82257511E-01
  0.43765535E+00  0.40143150E-01
  0.44533351E+00 -0.13000688E-02
  0.45301168E+00 -0.42001289E-01
  0.46068984E+00 -0.81889317E-01
  0.46836800E+00 -0.12089382E+00
  0.47604617E+00 -0.15894670E+00
  0.48372433E+00 -0.19598346E+00
  0.49140250E+00 -0.23194468E+00
  0.49908066E+00 -0.26677739E+00
  0.50675882E+00 -0.30043649E+00
  0.51443699E+00 -0.33288613E+00
  0.52211515E+00 -0.36410101E+00
  0.52979332E+00 -0.39406753E+00
  0.53747148E+00 -0.42278464E+00
  0.54514964E+00 -0.45026421E+00
  0.55282781E+00 -0.47653072E+00
  0.56050597E+00 -0.50162019E+00
  0.56818414E+00 -0.52557838E+00
  0.57586230E+00 -0.54845831E+00
  0.58354046E+00 -0.57031745E+00
  0.59121863E+00 -0.59121482E+00
  0.59889679E+00 -0.61120819E+00
  0.60657496E+00 -0.63035162E+00
  0.61425312E+00 -0.64869354E+00
  0.62193128E+00 -0.66627519E+00
  0.62960945E+00 -0.68312958E+00
  0.63728761E+00 -0.69928088E+00
  0.64496578E+00 -0.71474416E+00
  0.65264394E+00 -0.72952542E+00
  0.66032210E+00 -0.74362197E+00
  0.66800027E+00 -0.75702297E+00
  0.67567843E+00 -0.76971016E+00
  0.68335660E+00 -0.78165869E+00
  0.69103476E+00 -0.79283860E+00
  0.69871293E+00 -0.80322468E+00
  0.70639109E+00 -0.81297680E+00
  0.71406925E+00 -0.82180679E+00
  0.72174742E+00 -0.82949081E+00
  0.72942558E+00 -0.83604282E+00
  0.73710375E+00 -0.84146907E+00
  0.74478191E+00 -0.84575884E+00
  0.75246007E+00 -0.84887784E+00
  0.76013824E+00 -0.85076985E+00
  0.76781640E+00 -0.85139351E+00
  0.77545956E+00 -0.85076243E+00
  0.78310273E+00 -0.84886805E+00
  0.79074589E+00 -0.84574139E+00
  0.79838905E+00 -0.84142688E+00
  0.80603222E+00 -0.83597276E+00
  0.81367538E+00 -0.82942355E+00
  0.82131854E+00 -0.82181623E+00
  0.82896170E+00 -0.81317936E+00
  0.83660487E+00 -0.80353386E+00
  0.84424803E+00 -0.79289439E+00
  0.85189119E+00 -0.78127087E+00
  0.85953435E+00 -0.76866705E+00
  0.86717752E+00 -0.75507467E+00
  0.87482068E+00 -0.74048569E+00
  0.88246384E+00 -0.72489851E+00
  0.89010701E+00 -0.70830633E+00
  0.89775017E+00 -0.69069756E+00
  0.90539333E+00 -0.67206278E+00
  0.91303649E+00 -0.65239653E+00
  0.92067966E+00 -0.63169824E+00
  0.92832282E+00 -0.60997278E+00
  0.93596598E+00 -0.58723043E+00
  0.94360915E+00 -0.56348641E+00
  0.95125231E+00 -0.53876067E+00
  0.95889547E+00 -0.51307813E+00
  0.96653863E+00 -0.48646866E+00
  0.97418180E+00 -0.45896595E+00
  0.98182496E+00 -0.43060596E+00
  0.98946812E+00 -0.40142688E+00
  0.99711129E+00 -0.37147013E+00
  0.10047544E+01 -0.34078133E+00
  0.10123976E+01 -0.30941063E+00
  0.10200408E+01 -0.27741269E+00
  0.10276839E+01 -0.24484602E+00
  0.10353271E+01 -0.21177194E+00
  0.10429703E+01 -0.17825341E+00
  0.10506134E+01 -0.14435372E+00
  0.10582566E+01 -0.11013562E+00
  0.10658998E+01 -0.75660383E-01
  0.10735429E+01 -0.40987022E-01
  0.10811861E+01 -0.61715622E-02
  0.10888292E+01  0.28733184E-01
  0.10964724E+01  0.63677068E-01
  0.11041156E+01  0.98611732E-01
  0.11117587E+01  0.13348998E+00
  0.11194019E+01  0.16826551E+00
  0.11270451E+01  0.20289275E+00
  0.11346882E+01  0.23732663E+00
  0.11423314E+01  0.27152216E+00
  0.11499745E+01  0.30543435E+00
  0.11576177E+01  0.33901832E+00
  0.11652609E+01  0.37222977E+00
  0.11729040E+01  0.40502551E+00
  0.11805472E+01  0.43736388E+00
  0.11881904E+01  0.46920466E+00
  0.11958335E+01  0.50050873E+00
  0.12034767E+01  0.53123749E+00
  0.12111198E+01  0.56135227E+00
  0.12187630E+01  0.59081407E+00
  0.12264062E+01  0.61958365E+00
  0.12340493E+01  0.64762176E+00
  0.12416925E+01  0.67488957E+00
  0.12493357E+01  0.70134900E+00
  0.12569788E+01  0.72696313E+00
  0.12646220E+01  0.75169686E+00
  0.12722651E+01  0.77551799E+00
  0.12799083E+01  0.79839871E+00
  0.12875515E+01  0.82031628E+00
  0.12951946E+01  0.84125195E+00
  0.13028378E+01  0.86118874E+00
  0.13104810E+01  0.88010957E+00
  0.13181241E+01  0.89799602E+00
  0.13257673E+01  0.91482801E+00
  0.13334104E+01  0.93058505E+00
  0.13410536E+01  0.94524874E+00
  0.13486968E+01  0.95880343E+00
  0.13563399E+01  0.97123404E+00
  0.13639831E+01  0.98252476E+00
  0.13716263E+01  0.99265938E+00
  0.13792694E+01  0.10016223E+01
  0.13869126E+01  0.10093996E+01
  0.13945558E+01  0.10159818E+01
  0.14021989E+01  0.10213660E+01
  0.14098421E+01  0.10255533E+01
  0.14174852E+01  0.10285456E+01
  0.14251284E+01  0.10303430E+01
  0.14327716E+01  0.10309448E+01
  0.14404497E+01  0.10092002E+01
  0.14481279E+01  0.99118542E+00
  0.14558061E+01  0.97733163E+00
  0.14634842E+01  0.96794154E+00
  0.14711624E+01  0.96320566E+00
  0.14788405E+01  0.96317358E+00
  0.14865187E+01  0.96774282E+00
  0.14941969E+01  0.97666906E+00
  0.15018750E+01  0.98959484E+00
  0.15095532E+01  0.10060885E+01
  0.15172314E+01  0.10256841E+01
  0.15249095E+01  0.10479143E+01
  0.15325877E+01  0.10723340E+01
  0.15402659E+01  0.10985345E+01
  0.15479440E+01  0.11261494E+01
  0.15556222E+01  0.11548551E+01
  0.15633004E+01  0.11843689E+01
  0.15709785E+01  0.12144447E+01
  0.15786567E+01  0.12448682E+01
  0.15863348E+01  0.12754530E+01
  0.15940130E+01  0.13060360E+01
  0.16016912E+01  0.13364740E+01
  0.16093693E+01  0.13666411E+01
  0.16170475E+01  0.13964254E+01
  0.16247257E+01  0.14257275E+01
  0.16324038E+01  0.14544584E+01
  0.16400820E+01  0.14825378E+01
  0.16477602E+01  0.15098933E+01
  0.16554383E+01  0.15364585E+01
  0.16631165E+01  0.15621726E+01
  0.16707946E+01  0.15869792E+01
  0.16784728E+01  0.16108257E+01
  0.16861510E+01  0.16336630E+01
  0.16938291E+01  0.16554447E+01
  0.17015073E+01  0.16761272E+01
  0.17091855E+01  0.16956696E+01
  0.17168636E+01  0.17140335E+01
  0.17245418E+01  0.17311834E+01
  0.17322200E+01  0.17470864E+01
  0.17398981E+01  0.17617124E+01
  0.17475763E+01  0.17750344E+01
  0.17552545E+01  0.17870278E+01
  0.17629326E+01  0.17976707E+01
  0.17706108E+01  0.18069435E+01
  0.17782889E+01  0.18148286E+01
  0.17859671E+01  0.18213101E+01
  0.17936453E+01  0.18263736E+01
  0.18013234E+01  0.18300062E+01
  0.18090016E+01  0.18321962E+01
  0.18166798E+01  0.18329331E+01
  0.18243579E+01  0.18321805E+01
  0.18320361E+01  0.18299708E+01
  0.18397143E+01  0.18263011E+01
  0.18473924E+01  0.18211688E+01
  0.18550706E+01  0.18145719E+01
  0.18627487E+01  0.18065094E+01
  0.18704269E+01  0.17969824E+01
  0.18781051E+01  0.17859939E+01
  0.18857832E+01  0.17735502E+01
  0.18934614E+01  0.17596608E+01
  0.19011396E+01  0.17443386E+01
  0.19088177E+01  0.17275997E+01
  0.19164959E+01  0.17094630E+01
  0.19241741E+01  0.16899494E+01
  0.19318522E+01  0.16690814E+01
  0.19395304E+01  0.16468825E+01
  0.19472086E+01  0.16233764E+01
  0.19548867E+01  0.15985868E+01
  0.19625649E+01  0.15725379E+01
  0.19702430E+01  0.15452540E+01
  0.19779212E+01  0.15167605E+01
  0.19855994E+01  0.14870843E+01
  0.19932775E+01  0.14562548E+01
  0.20009557E+01  0.14243041E+01
  0.20086339E+01  0.13912678E+01
  0.20163120E+01  0.13571847E+01
  0.20239902E+01  0.13220969E+01
  0.20316684E+01  0.12860492E+01
  0.20393465E+01  0.12490881E+01
  0.20470247E+01  0.12112613E+01
  0.20547028E+01  0.11726167E+01
  0.20623810E+01  0.11332015E+01
  0.20700592E+01  0.10930617E+01
  0.20777373E+01  0.10522424E+01
  0.20854155E+01  0.10107871E+01
  0.20930937E+01  0.96873904E+00
  0.21007718E+01  0.92614115E+00
  0.21084500E+01  0.88303738E+00
  0.21161282E+01  0.83947326E+00
  0.21238063E+01  0.79549667E+00
  0.21314845E+01  0.75115824E+00
  0.21391627E+01  0.70651151E+00
  0.21468408E+01  0.66161275E+00
  0.21545190E+01  0.61652050E+00
  0.21621971E+01  0.57129487E+00
  0.21698753E+01  0.52599680E+00
  0.21775535E+01  0.48068737E+00
  0.21852316E+01  0.43542719E+00
  0.21929098E+01  0.39027617E+00
  0.22005880E+01  0.34529341E+00
  0.22082661E+01  0.30053760E+00
  0.22159443E+01  0.25606747E+00
  0.22236225E+01  0.21194249E+00
  0.22313006E+01  0.16822354E+00
  0.22389788E+01  0.12497348E+00
  0.22466569E+01  0.82257511E-01
  0.22543351E+01  0.40143150E-01
  0.22620133E+01 -0.13000688E-02
  0.22696914E+01 -0.42001289E-01
  0.22773696E+01 -0.81889317E-01
  0.22850478E+01 -0.12089382E+00
  0.22927259E+01 -0.15894670E+00
  0.23004041E+01 -0.19598346E+00
  0.23080823E+01 -0.23194468E+00
  0.23157604E+01 -0.26677739E+00
  0.23234386E+01 -0.30043649E+00
  0.23311168E+01 -0.33288613E+00
  0.23387949E+01 -0.36410101E+00
  0.23464731E+01 -0.39406753E+00
  0.23541512E+01 -0.42278464E+00
  0.23618294E+01 -0.45026421E+00
  0.23695076E+01 -0.47653072E+00
  0.23771857E+01 -0.50162019E+00
  0.23848639E+01 -0.52557838E+00
  0.23925421E+01 -0.54845831E+00
  0.24002202E+01 -0.57031745E+00
  0.24078984E+01 -0.59121482E+00
  0.24155766E+01 -0.61120819E+00
  0.24232547E+01 -0.63035162E+00
  0.24309329E+01 -0.64869354E+00
  0.24386110E+01 -0.66627519E+00
  0.24462892E+01 -0.68312958E+00
  0.24539674E+01 -0.69928088E+00
  0.24616455E+01 -0.71474416E+00
  0.24693237E+01 -0.72952542E+00
  0.24770019E+01 -0.74362197E+00
  0.24846800E+01 -0.75702297E+00
  0.24923582E+01 -0.76971016E+00
  0.25000364E+01 -0.78165869E+00
  0.25077145E+01 -0.79283860E+00
  0.25153927E+01 -0.80322468E+00
  0.25230709E+01 -0.81297680E+00
  0.25307490E+01 -0.82180679E+00
  0.25384272E+01 -0.82949081E+00
  0.25461053E+01 -0.83604282E+00
  0.25537835E+01 -0.84146907E+00
  0.25614617E+01 -0.84575884E+00
  0.25691398E+01 -0.84887784E+00
  0.25768180E+01 -0.85076985E+00
  0.25844962E+01 -0.85139351E+00
  
  0.00000000E+00  0.23909001E+01
  0.76781640E-02  0.23901141E+01
  0.15356328E-01  0.23877772E+01
  0.23034492E-01  0.23838824E+01
  0.30712656E-01  0.23784202E+01
  0.38390820E-01  0.23713797E+01
  0.46068984E-01  0.23627502E+01
  0.53747148E-01  0.23525231E+01
  0.61425312E-01  0.23406939E+01
  0.69103476E-01  0.23272633E+01
  0.76781640E-01  0.23122385E+01
  0.84459804E-01  0.22956336E+01
  0.92137968E-01  0.22774688E+01
  0.99816132E-01  0.22577692E+01
  0.10749430E+00  0.22365638E+01
  0.11517246E+00  0.22138830E+01
  0.12285062E+00  0.21897570E+01
  0.13052879E+00  0.21642143E+01
  0.13820695E+00  0.21372807E+01
  0.14588512E+00  0.21089787E+01
  0.15356328E+00  0.20793284E+01
  0.16124144E+00  0.20483483E+01
  0.16891961E+00  0.20160568E+01
  0.17659777E+00  0.19824741E+01
  0.18427594E+00  0.19476241E+01
  0.19195410E+00  0.19115353E+01
  0.19963226E+00  0.18742421E+01
  0.20731043E+00  0.18357846E+01
  0.21498859E+00  0.17962083E+01
  0.22266676E+00  0.17555626E+01
  0.23034492E+00  0.17138993E+01
  0.23802308E+00  0.16712707E+01
  0.24570125E+00  0.16277277E+01
  0.25337941E+00  0.15833186E+01
  0.26105758E+00  0.15380881E+01
  0.26873574E+00  0.14920772E+01
  0.27641390E+00  0.14453237E+01
  0.28409207E+00  0.13978632E+01
  0.29177023E+00  0.13497308E+01
  0.29944840E+00  0.13009630E+01
  0.30712656E+00  0.12515988E+01
  0.31480472E+00  0.12016812E+01
  0.32248289E+00  0.11512579E+01
  0.33016105E+00  0.11003811E+01
  0.33783922E+00  0.10491069E+01
  0.34551738E+00  0.99749416E+00
  0.35319554E+00  0.94560246E+00
  0.36087371E+00  0.89349088E+00
  0.36855187E+00  0.84121625E+00
  0.37623004E+00  0.78883214E+00
  0.38390820E+00  0.73638837E+00
  0.39158636E+00  0.68393126E+00
  0.39926453E+00  0.63150449E+00
  0.40694269E+00  0.57915058E+00
  0.41462086E+00  0.52691256E+00
  0.42229902E+00  0.47483575E+00
  0.42997718E+00  0.42296933E+00
  0.43765535E+00  0.37136730E+00
  0.44533351E+00  0.32008891E+00
  0.45301168E+00  0.26919826E+00
  0.46068984E+00  0.21876327E+00
  0.46836800E+00  0.16885412E+00
  0.47604617E+00  0.11954143E+00
  0.48372433E+00  0.70894363E-01
  0.49140250E+00  0.22979172E-01
  0.49908066E+00 -0.24141866E-01
  0.50675882E+00 -0.70410738E-01
  0.51443699E+00 -0.11577327E+00
  0.52211515E+00 -0.16017806E+00
  0.52979332E+00 -0.20357485E+00
  0.53747148E+00 -0.24591281E+00
  0.54514964E+00 -0.28713876E+00
  0.55282781E+00 -0.32719593E+00
  0.56050597E+00 -0.36602327E+00
  0.56818414E+00 -0.40355568E+00
  0.57586230E+00 -0.43972517E+00
  0.58354046E+00 -0.47446282E+00
  0.59121863E+00 -0.50770151E+00
  0.59889679E+00 -0.53937904E+00
  0.60657496E+00 -0.56944145E+00
  0.61425312E+00 -0.59784599E+00
  0.62193128E+00 -0.62456365E+00
  0.62960945E+00 -0.64958083E+00
  0.63728761E+00 -0.67290004E+00
  0.64496578E+00 -0.69453954E+00
  0.65264394E+00 -0.71453203E+00
  0.66032210E+00 -0.73292246E+00
  0.66800027E+00 -0.74976528E+00
  0.67567843E+00 -0.76512123E+00
  0.68335660E+00 -0.77905404E+00
  0.69103476E+00 -0.79162645E+00
  0.69871293E+00 -0.80288768E+00
  0.70639109E+00 -0.81269043E+00
  0.71406925E+00 -0.82132090E+00
  0.72174742E+00 -0.82898335E+00
  0.72942558E+00 -0.83562383E+00
  0.73710375E+00 -0.84117458E+00
  0.74478191E+00 -0.84556571E+00
  0.75246007E+00 -0.84874016E+00
  0.76013824E+00 -0.85066704E+00
  0.76781640E+00 -0.85132403E+00
  0.77545956E+00 -0.85067724E+00
  0.78310273E+00 -0.84876201E+00
  0.79074589E+00 -0.84561429E+00
  0.79838905E+00 -0.84128254E+00
  0.80603222E+00 -0.83581846E+00
  0.81367538E+00 -0.82926956E+00
  0.82131854E+00 -0.82167451E+00
  0.82896170E+00 -0.81306113E+00
  0.83660487E+00 -0.80344648E+00
  0.84424803E+00 -0.79283824E+00
  0.85189119E+00 -0.78123646E+00
  0.85953435E+00 -0.76863800E+00
  0.86717752E+00 -0.75504504E+00
  0.87482068E+00 -0.74045491E+00
  0.88246384E+00 -0.72485563E+00
  0.89010701E+00 -0.70823926E+00
  0.89775017E+00 -0.69060326E+00
  0.90539333E+00 -0.67194538E+00
  0.91303649E+00 -0.65226398E+00
  0.92067966E+00 -0.63155903E+00
  0.92832282E+00 -0.60983331E+00
  0.93596598E+00 -0.58709374E+00
  0.94360915E+00 -0.56335258E+00
  0.95125231E+00 -0.53862778E+00
  0.95889547E+00 -0.51294231E+00
  0.96653863E+00 -0.48632351E+00
  0.97418180E+00 -0.45880340E+00
  0.98182496E+00 -0.43041956E+00
  0.98946812E+00 -0.40121467E+00
  0.99711129E+00 -0.37123539E+00
  0.10047544E+01 -0.34053131E+00
  0.10123976E+01 -0.30915455E+00
  0.10200408E+01 -0.27715952E+00
  0.10276839E+01 -0.24460284E+00
  0.10353271E+01 -0.21154317E+00
  0.10429703E+01 -0.17804081E+00
  0.10506134E+01 -0.14415689E+00
  0.10582566E+01 -0.10995230E+00
  0.10658998E+01 -0.75486599E-01
  0.10735429E+01 -0.40817351E-01
  0.10811861E+01 -0.59999691E-02
  0.10888292E+01  0.28912276E-01
  0.10964724E+01  0.63868357E-01
  0.11041156E+01  0.98819434E-01
  0.11117587E+01  0.13371829E+00
  0.11194019E+01  0.16851844E+00
  0.11270451E+01  0.20317329E+00
  0.11346882E+01  0.23763595E+00
  0.11423314E+01  0.27185947E+00
  0.11499745E+01  0.30579734E+00
  0.11576177E+01  0.33940398E+00
  0.11652609E+01  0.37263495E+00
  0.11729040E+01  0.40544700E+00
  0.11805472E+01  0.43779792E+00
  0.11881904E+01  0.46964653E+00
  0.11958335E+01  0.50095258E+00
  0.12034767E+01  0.53167670E+00
  0.12111198E+01  0.56178020E+00
  0.12187630E+01  0.59122478E+00
  0.12264062E+01  0.61997220E+00
  0.12340493E+01  0.64798427E+00
  0.12416925E+01  0.67522314E+00
  0.12493357E+01  0.70165207E+00
  0.12569788E+01  0.72723644E+00
  0.12646220E+01  0.75194442E+00
  0.12722651E+01  0.77574704E+00
  0.12799083E+01  0.79861726E+00
  0.12875515E+01  0.82052937E+00
  0.12951946E+01  0.84145933E+00
  0.13028378E+01  0.86138580E+00
  0.13104810E+01  0.88029048E+00
  0.13181241E+01  0.89815767E+00
  0.13257673E+01  0.91497317E+00
  0.13334104E+01  0.93072220E+00
  0.13410536E+01  0.94538663E+00
  0.13486968E+01  0.95894479E+00
  0.13563399E+01  0.97137475E+00
  0.13639831E+01  0.98265719E+00
  0.13716263E+01  0.99277666E+00
  0.13792694E+01  0.10017221E+01
  0.13869126E+01  0.10094865E+01
  0.13945558E+01  0.10160648E+01
  0.14021989E+01  0.10214514E+01
  0.14098421E+01  0.10256410E+01
  0.14174852E+01  0.10286313E+01
  0.14251284E+01  0.10304230E+01
  0.14327716E+01  0.10310183E+01
  0.14404497E+01  0.10561303E+01
  0.14481279E+01  0.10842401E+01
  0.14558061E+01  0.11148844E+01
  0.14634842E+01  0.11476788E+01
  0.14711624E+01  0.11822700E+01
  0.14788405E+01  0.12183375E+01
  0.14865187E+01  0.12555926E+01
  0.14941969E+01  0.12937770E+01
  0.15018750E+01  0.13326610E+01
  0.15095532E+01  0.13720415E+01
  0.15172314E+01  0.14117401E+01
  0.15249095E+01  0.14516019E+01
  0.15325877E+01  0.14914925E+01
  0.15402659E+01  0.15312964E+01
  0.15479440E+01  0.15709138E+01
  0.15556222E+01  0.16102575E+01
  0.15633004E+01  0.16492499E+01
  0.15709785E+01  0.16878199E+01
  0.15786567E+01  0.17259005E+01
  0.15863348E+01  0.17634265E+01
  0.15940130E+01  0.18003332E+01
  0.16016912E+01  0.18365562E+01
  0.16093693E+01  0.18720312E+01
  0.16170475E+01  0.19066952E+01
  0.16247257E+01  0.19404876E+01
  0.16324038E+01  0.19733512E+01
  0.16400820E+01  0.20052337E+01
  0.16477602E+01  0.20360882E+01
  0.16554383E+01  0.20658735E+01
  0.16631165E+01  0.20945536E+01
  0.16707946E+01  0.21220968E+01
  0.16784728E+01  0.21484742E+01
  0.16861510E+01  0.21736586E+01
  0.16938291E+01  0.21976223E+01
  0.17015073E+01  0.22203366E+01
  0.17091855E+01  0.22417705E+01
  0.17168636E+01  0.22618909E+01
  0.17245418E+01  0.22806631E+01
  0.17322200E+01  0.22980515E+01
  0.17398981E+01  0.23140215E+01
  0.17475763E+01  0.23285406E+01
  0.17552545E+01  0.23415804E+01
  0.17629326E+01  0.23531174E+01
  0.17706108E+01  0.23631338E+01
  0.17782889E+01  0.23716174E+01
  0.17859671E+01  0.23785613E+01
  0.17936453E+01  0.23839621E+01
  0.18013234E+01  0.23878191E+01
  0.18090016E+01  0.23901321E+01
  0.18166798E+01  0.23909001E+01
  0.18243579E+01  0.23901141E+01
  0.18320361E+01  0.23877772E+01
  0.18397143E+01  0.23838824E+01
  0.18473924E+01  0.23784202E+01
  0.18550706E+01  0.23713797E+01
  0.18627487E+01  0.23627502E+01
  0.18704269E+01  0.23525231E+01
  0.18781051E+01  0.23406939E+01
  0.18857832E+01  0.23272633E+01
  0.18934614E+01  0.23122385E+01
  0.19011396E+01  0.22956336E+01
  0.19088177E+01  0.22774688E+01
  0.19164959E+01  0.22577692E+01
  0.19241741E+01  0.22365638E+01
  0.19318522E+01  0.22138830E+01
  0.19395304E+01  0.21897570E+01
  0.19472086E+01  0.21642143E+01
  0.19548867E+01  0.21372807E+01
  0.19625649E+01  0.21089787E+01
  0.19702430E+01  0.20793284E+01
  0.19779212E+01  0.20483483E+01
  0.19855994E+01  0.20160568E+01
  0.19932775E+01  0.19824741E+01
  0.20009557E+01  0.19476241E+01
  0.20086339E+01  0.19115353E+01
  0.20163120E+01  0.18742421E+01
  0.20239902E+01  0.18357846E+01
  0.20316684E+01  0.17962083E+01
  0.20393465E+01  0.17555626E+01
  0.20470247E+01  0.17138993E+01
  0.20547028E+01  0.16712707E+01
  0.20623810E+01  0.16277277E+01
  0.20700592E+01  0.15833186E+01
  0.20777373E+01  0.15380881E+01
  0.20854155E+01  0.14920772E+01
  0.20930937E+01  0.14453237E+01
  0.21007718E+01  0.13978632E+01
  0.21084500E+01  0.13497308E+01
  0.21161282E+01  0.13009630E+01
  0.21238063E+01  0.12515988E+01
  0.21314845E+01  0.12016812E+01
  0.21391627E+01  0.11512579E+01
  0.21468408E+01  0.11003811E+01
  0.21545190E+01  0.10491069E+01
  0.21621971E+01  0.99749416E+00
  0.21698753E+01  0.94560246E+00
  0.21775535E+01  0.89349088E+00
  0.21852316E+01  0.84121625E+00
  0.21929098E+01  0.78883214E+00
  0.22005880E+01  0.73638837E+00
  0.22082661E+01  0.68393126E+00
  0.22159443E+01  0.63150449E+00
  0.22236225E+01  0.57915058E+00
  0.22313006E+01  0.52691256E+00
  0.22389788E+01  0.47483575E+00
  0.22466569E+01  0.42296933E+00
  0.22543351E+01  0.37136730E+00
  0.22620133E+01  0.32008891E+00
  0.22696914E+01  0.26919826E+00
  0.22773696E+01  0.21876327E+00
  0.22850478E+01  0.16885412E+00
  0.22927259E+01  0.11954143E+00
  0.23004041E+01  0.70894363E-01
  0.23080823E+01  0.22979172E-01
  0.23157604E+01 -0.24141866E-01
  0.23234386E+01 -0.70410738E-01
  0.23311168E+01 -0.11577327E+00
  0.23387949E+01 -0.16017806E+00
  0.23464731E+01 -0.20357485E+00
  0.23541512E+01 -0.24591281E+00
  0.23618294E+01 -0.28713876E+00
  0.23695076E+01 -0.32719593E+00
  0.23771857E+01 -0.36602327E+00
  0.23848639E+01 -0.40355568E+00
  0.23925421E+01 -0.43972517E+00
  0.24002202E+01 -0.47446282E+00
  0.24078984E+01 -0.50770151E+00
  0.24155766E+01 -0.53937904E+00
  0.24232547E+01 -0.56944145E+00
  0.24309329E+01 -0.59784599E+00
  0.24386110E+01 -0.62456365E+00
  0.24462892E+01 -0.64958083E+00
  0.24539674E+01 -0.67290004E+00
  0.24616455E+01 -0.69453954E+00
  0.24693237E+01 -0.71453203E+00
  0.24770019E+01 -0.73292246E+00
  0.24846800E+01 -0.74976528E+00
  0.24923582E+01 -0.76512123E+00
  0.25000364E+01 -0.77905404E+00
  0.25077145E+01 -0.79162645E+00
  0.25153927E+01 -0.80288768E+00
  0.25230709E+01 -0.81269043E+00
  0.25307490E+01 -0.82132090E+00
  0.25384272E+01 -0.82898335E+00
  0.25461053E+01 -0.83562383E+00
  0.25537835E+01 -0.84117458E+00
  0.25614617E+01 -0.84556571E+00
  0.25691398E+01 -0.84874016E+00
  0.25768180E+01 -0.85066704E+00
  0.25844962E+01 -0.85132403E+00
  
