#K-Path          Energy     s    py    pz    px    dxy    dyz    dz2    dxz    dx2-y2    tot
# NKPTS & NBANDS: 120  33
# Band-Index:    1
   0.00000    -24.226402  0.000  0.000  0.000  0.000  0.000  0.000  0.000  0.000  0.000  0.000
   0.02648    -24.226403  0.000  0.000  0.000  0.000  0.000  0.000  0.000  0.000  0.000  0.000
   0.05295    -24.226408  0.000  0.000  0.000  0.000  0.000  0.000  0.000  0.000  0.000  0.000
   0.07943    -24.226411  0.000  0.000  0.000  0.000  0.000  0.000  0.000  0.000  0.000  0.000
   0.10591    -24.226413  0.000  0.000  0.000  0.000  0.000  0.000  0.000  0.000  0.000  0.000
   0.13238    -24.226422  0.000  0.000  0.000  0.000  0.000  0.000  0.000  0.000  0.000  0.000
   0.15886    -24.226427  0.000  0.000  0.000  0.000  0.000  0.000  0.000  0.000  0.000  0.000
   0.18534    -24.226434  0.000  0.000  0.000  0.000  0.000  0.000  0.000  0.000  0.000  0.000
   0.21181    -24.226443  0.000  0.000  0.000  0.000  0.000  0.000  0.000  0.000  0.000  0.000
   0.23829    -24.226450  0.000  0.000  0.000  0.000  0.000  0.000  0.000  0.000  0.000  0.000
   0.26477    -24.226462  0.000  0.000  0.000  0.000  0.000  0.000  0.000  0.000  0.000  0.000
   0.29124    -24.226475  0.000  0.000  0.000  0.000  0.000  0.000  0.000  0.000  0.000  0.000
   0.31772    -24.226487  0.000  0.000  0.000  0.000  0.000  0.000  0.000  0.000  0.000  0.000
   0.34420    -24.226500  0.000  0.000  0.000  0.000  0.000  0.000  0.000  0.000  0.000  0.000
   0.37067    -24.226514  0.000  0.000  0.000  0.000  0.000  0.000  0.000  0.000  0.000  0.000
   0.39715    -24.226530  0.000  0.000  0.000  0.000  0.000  0.000  0.000  0.000  0.000  0.000
   0.42363    -24.226543  0.000  0.000  0.000  0.000  0.000  0.000  0.000  0.000  0.000  0.000
   0.45010    -24.226556  0.000  0.000  0.000  0.000  0.000  0.000  0.000  0.000  0.000  0.000
   0.47658    -24.226572  0.000  0.000  0.000  0.000  0.000  0.000  0.000  0.000  0.000  0.000
   0.50306    -24.226587  0.000  0.000  0.000  0.000  0.000  0.000  0.000  0.000  0.000  0.000
   0.52953    -24.226600  0.000  0.000  0.000  0.000  0.000  0.000  0.000  0.000  0.000  0.000
   0.55601    -24.226616  0.000  0.000  0.000  0.000  0.000  0.000  0.000  0.000  0.000  0.000
   0.58249    -24.226628  0.000  0.000  0.000  0.000  0.000  0.000  0.000  0.000  0.000  0.000
   0.60896    -24.226643  0.000  0.000  0.000  0.000  0.000  0.000  0.000  0.000  0.000  0.000
   0.63544    -24.226651  0.000  0.000  0.000  0.000  0.000  0.000  0.000  0.000  0.000  0.000
   0.66192    -24.226657  0.000  0.000  0.000  0.000  0.000  0.000  0.000  0.000  0.000  0.000
   0.68839    -24.226666  0.000  0.000  0.000  0.000  0.000  0.000  0.000  0.000  0.000  0.000
   0.71487    -24.226676  0.000  0.000  0.000  0.000  0.000  0.000  0.000  0.000  0.000  0.000
   0.74135    -24.226680  0.000  0.000  0.000  0.000  0.000  0.000  0.000  0.000  0.000  0.000
   0.76782    -24.226680  0.000  0.000  0.000  0.000  0.000  0.000  0.000  0.000  0.000  0.000
   0.76782    -24.226680  0.000  0.000  0.000  0.000  0.000  0.000  0.000  0.000  0.000  0.000
   0.79075    -24.226680  0.000  0.000  0.000  0.000  0.000  0.000  0.000  0.000  0.000  0.000
   0.81368    -24.226676  0.000  0.000  0.000  0.000  0.000  0.000  0.000  0.000  0.000  0.000
   0.83661    -24.226670  0.000  0.000  0.000  0.000  0.000  0.000  0.000  0.000  0.000  0.000
   0.85954    -24.226663  0.000  0.000  0.000  0.000  0.000  0.000  0.000  0.000  0.000  0.000
   0.88247    -24.226654  0.000  0.000  0.000  0.000  0.000  0.000  0.000  0.000  0.000  0.000
   0.90540    -24.226649  0.000  0.000  0.000  0.000  0.000  0.000  0.000  0.000  0.000  0.000
   0.92833    -24.226638  0.000  0.000  0.000  0.000  0.000  0.000  0.000  0.000  0.000  0.000
   0.95126    -24.226627  0.000  0.000  0.000  0.000  0.000  0.000  0.000  0.000  0.000  0.000
   0.97419    -24.226616  0.000  0.000  0.000  0.000  0.000  0.000  0.000  0.000  0.000  0.000
   0.99712    -24.226603  0.000  0.000  0.000  0.000  0.000  0.000  0.000  0.000  0.000  0.000
   1.02005    -24.226589  0.000  0.000  0.000  0.000  0.000  0.000  0.000  0.000  0.000  0.000
   1.04298    -24.226577  0.000  0.000  0.000  0.000  0.000  0.000  0.000  0.000  0.000  0.000
   1.06591    -24.226562  0.000  0.000  0.000  0.000  0.000  0.000  0.000  0.000  0.000  0.000
   1.08884    -24.226548  0.000  0.000  0.000  0.000  0.000  0.000  0.000  0.000  0.000  0.000
   1.11177    -24.226533  0.000  0.000  0.000  0.000  0.000  0.000  0.000  0.000  0.000  0.000
   1.13470    -24.226516  0.000  0.000  0.000  0.000  0.000  0.000  0.000  0.000  0.000  0.000
   1.15763    -24.226502  0.000  0.000  0.000  0.000  0.000  0.000  0.000  0.000  0.000  0.000
   1.18055    -24.226491  0.000  0.000  0.000  0.000  0.000  0.000  0.000  0.000  0.000  0.000
   1.20348    -24.226479  0.000  0.000  0.000  0.000  0.000  0.000  0.000  0.000  0.000  0.000
   1.22641    -24.226467  0.000  0.000  0.000  0.000  0.000  0.000  0.000  0.000  0.000  0.000
   1.24934    -24.226457  0.000  0.000  0.000  0.000  0.000  0.000  0.000  0.000  0.000  0.000
   1.27227    -24.226446  0.000  0.000  0.000  0.000  0.000  0.000  0.000  0.000  0.000  0.000
   1.29520    -24.226438  0.000  0.000  0.000  0.000  0.000  0.000  0.000  0.000  0.000  0.000
   1.31813    -24.226429  0.000  0.000  0.000  0.000  0.000  0.000  0.000  0.000  0.000  0.000
   1.34106    -24.226423  0.000  0.000  0.000  0.000  0.000  0.000  0.000  0.000  0.000  0.000
   1.36399    -24.226418  0.000  0.000  0.000  0.000  0.000  0.000  0.000  0.000  0.000  0.000
   1.38692    -24.226416  0.000  0.000  0.000  0.000  0.000  0.000  0.000  0.000  0.000  0.000
   1.40985    -24.226412  0.000  0.000  0.000  0.000  0.000  0.000  0.000  0.000  0.000  0.000
   1.43278    -24.226413  0.000  0.000  0.000  0.000  0.000  0.000  0.000  0.000  0.000  0.000
   1.43278    -24.226413  0.000  0.000  0.000  0.000  0.000  0.000  0.000  0.000  0.000  0.000
   1.44602    -24.226414  0.000  0.000  0.000  0.000  0.000  0.000  0.000  0.000  0.000  0.000
   1.45926    -24.226416  0.000  0.000  0.000  0.000  0.000  0.000  0.000  0.000  0.000  0.000
   1.47249    -24.226416  0.000  0.000  0.000  0.000  0.000  0.000  0.000  0.000  0.000  0.000
   1.48573    -24.226418  0.000  0.000  0.000  0.000  0.000  0.000  0.000  0.000  0.000  0.000
   1.49897    -24.226419  0.000  0.000  0.000  0.000  0.000  0.000  0.000  0.000  0.000  0.000
   1.51221    -24.226418  0.000  0.000  0.000  0.000  0.000  0.000  0.000  0.000  0.000  0.000
   1.52545    -24.226417  0.000  0.000  0.000  0.000  0.000  0.000  0.000  0.000  0.000  0.000
   1.53869    -24.226417  0.000  0.000  0.000  0.000  0.000  0.000  0.000  0.000  0.000  0.000
   1.55192    -24.226418  0.000  0.000  0.000  0.000  0.000  0.000  0.000  0.000  0.000  0.000
   1.56516    -24.226416  0.000  0.000  0.000  0.000  0.000  0.000  0.000  0.000  0.000  0.000
   1.57840    -24.226417  0.000  0.000  0.000  0.000  0.000  0.000  0.000  0.000  0.000  0.000
   1.59164    -24.226418  0.000  0.000  0.000  0.000  0.000  0.000  0.000  0.000  0.000  0.000
   1.60488    -24.226418  0.000  0.000  0.000  0.000  0.000  0.000  0.000  0.000  0.000  0.000
   1.61812    -24.226419  0.000  0.000  0.000  0.000  0.000  0.000  0.000  0.000  0.000  0.000
   1.63135    -24.226418  0.000  0.000  0.000  0.000  0.000  0.000  0.000  0.000  0.000  0.000
   1.64459    -24.226418  0.000  0.000  0.000  0.000  0.000  0.000  0.000  0.000  0.000  0.000
   1.65783    -24.226416  0.000  0.000  0.000  0.000  0.000  0.000  0.000  0.000  0.000  0.000
   1.67107    -24.226415  0.000  0.000  0.000  0.000  0.000  0.000  0.000  0.000  0.000  0.000
   1.68431    -24.226414  0.000  0.000  0.000  0.000  0.000  0.000  0.000  0.000  0.000  0.000
   1.69755    -24.226414  0.000  0.000  0.000  0.000  0.000  0.000  0.000  0.000  0.000  0.000
   1.71078    -24.226413  0.000  0.000  0.000  0.000  0.000  0.000  0.000  0.000  0.000  0.000
   1.72402    -24.226409  0.000  0.000  0.000  0.000  0.000  0.000  0.000  0.000  0.000  0.000
   1.73726    -24.226410  0.000  0.000  0.000  0.000  0.000  0.000  0.000  0.000  0.000  0.000
   1.75050    -24.226409  0.000  0.000  0.000  0.000  0.000  0.000  0.000  0.000  0.000  0.000
   1.76374    -24.226407  0.000  0.000  0.000  0.000  0.000  0.000  0.000  0.000  0.000  0.000
   1.77698    -24.226405  0.000  0.000  0.000  0.000  0.000  0.000  0.000  0.000  0.000  0.000
   1.79021    -24.226405  0.000  0.000  0.000  0.000  0.000  0.000  0.000  0.000  0.000  0.000
   1.80345    -24.226404  0.000  0.000  0.000  0.000  0.000  0.000  0.000  0.000  0.000  0.000
   1.81669    -24.226402  0.000  0.000  0.000  0.000  0.000  0.000  0.000  0.000  0.000  0.000
   1.81669    -24.226402  0.000  0.000  0.000  0.000  0.000  0.000  0.000  0.000  0.000  0.000
   1.84317    -24.226403  0.000  0.000  0.000  0.000  0.000  0.000  0.000  0.000  0.000  0.000
   1.86964    -24.226408  0.000  0.000  0.000  0.000  0.000  0.000  0.000  0.000  0.000  0.000
   1.89612    -24.226411  0.000  0.000  0.000  0.000  0.000  0.000  0.000  0.000  0.000  0.000
   1.92260    -24.226413  0.000  0.000  0.000  0.000  0.000  0.000  0.000  0.000  0.000  0.000
   1.94907    -24.226422  0.000  0.000  0.000  0.000  0.000  0.000  0.000  0.000  0.000  0.000
   1.97555    -24.226427  0.000  0.000  0.000  0.000  0.000  0.000  0.000  0.000  0.000  0.000
   2.00203    -24.226434  0.000  0.000  0.000  0.000  0.000  0.000  0.000  0.000  0.000  0.000
   2.02850    -24.226443  0.000  0.000  0.000  0.000  0.000  0.000  0.000  0.000  0.000  0.000
   2.05498    -24.226450  0.000  0.000  0.000  0.000  0.000  0.000  0.000  0.000  0.000  0.000
   2.08146    -24.226462  0.000  0.000  0.000  0.000  0.000  0.000  0.000  0.000  0.000  0.000
   2.10793    -24.226475  0.000  0.000  0.000  0.000  0.000  0.000  0.000  0.000  0.000  0.000
   2.13441    -24.226487  0.000  0.000  0.000  0.000  0.000  0.000  0.000  0.000  0.000  0.000
   2.16089    -24.226500  0.000  0.000  0.000  0.000  0.000  0.000  0.000  0.000  0.000  0.000
   2.18736    -24.226514  0.000  0.000  0.000  0.000  0.000  0.000  0.000  0.000  0.000  0.000
   2.21384    -24.226530  0.000  0.000  0.000  0.000  0.000  0.000  0.000  0.000  0.000  0.000
   2.24032    -24.226543  0.000  0.000  0.000  0.000  0.000  0.000  0.000  0.000  0.000  0.000
   2.26680    -24.226556  0.000  0.000  0.000  0.000  0.000  0.000  0.000  0.000  0.000  0.000
   2.29327    -24.226572  0.000  0.000  0.000  0.000  0.000  0.000  0.000  0.000  0.000  0.000
   2.31975    -24.226587  0.000  0.000  0.000  0.000  0.000  0.000  0.000  0.000  0.000  0.000
   2.34623    -24.226600  0.000  0.000  0.000  0.000  0.000  0.000  0.000  0.000  0.000  0.000
   2.37270    -24.226616  0.000  0.000  0.000  0.000  0.000  0.000  0.000  0.000  0.000  0.000
   2.39918    -24.226628  0.000  0.000  0.000  0.000  0.000  0.000  0.000  0.000  0.000  0.000
   2.42566    -24.226643  0.000  0.000  0.000  0.000  0.000  0.000  0.000  0.000  0.000  0.000
   2.45213    -24.226651  0.000  0.000  0.000  0.000  0.000  0.000  0.000  0.000  0.000  0.000
   2.47861    -24.226657  0.000  0.000  0.000  0.000  0.000  0.000  0.000  0.000  0.000  0.000
   2.50509    -24.226666  0.000  0.000  0.000  0.000  0.000  0.000  0.000  0.000  0.000  0.000
   2.53156    -24.226676  0.000  0.000  0.000  0.000  0.000  0.000  0.000  0.000  0.000  0.000
   2.55804    -24.226680  0.000  0.000  0.000  0.000  0.000  0.000  0.000  0.000  0.000  0.000
   2.58452    -24.226680  0.000  0.000  0.000  0.000  0.000  0.000  0.000  0.000  0.000  0.000
 
# Band-Index:    2
   2.58452    -24.226680  0.000  0.000  0.000  0.000  0.000  0.000  0.000  0.000  0.000  0.000
   2.55804    -24.226680  0.000  0.000  0.000  0.000  0.000  0.000  0.000  0.000  0.000  0.000
   2.53156    -24.226675  0.000  0.000  0.000  0.000  0.000  0.000  0.000  0.000  0.000  0.000
   2.50509    -24.226665  0.000  0.000  0.000  0.000  0.000  0.000  0.000  0.000  0.000  0.000
   2.47861    -24.226657  0.000  0.000  0.000  0.000  0.000  0.000  0.000  0.000  0.000  0.000
   2.45213    -24.226649  0.000  0.000  0.000  0.000  0.000  0.000  0.000  0.000  0.000  0.000
   2.42566    -24.226640  0.000  0.000  0.000  0.000  0.000  0.000  0.000  0.000  0.000  0.000
   2.39918    -24.226623  0.000  0.000  0.000  0.000  0.000  0.000  0.000  0.000  0.000  0.000
   2.37270    -24.226610  0.000  0.000  0.000  0.000  0.000  0.000  0.000  0.000  0.000  0.000
   2.34623    -24.226592  0.000  0.000  0.000  0.000  0.000  0.000  0.000  0.000  0.000  0.000
   2.31975    -24.226577  0.000  0.000  0.000  0.000  0.000  0.000  0.000  0.000  0.000  0.000
   2.29327    -24.226558  0.000  0.000  0.000  0.000  0.000  0.000  0.000  0.000  0.000  0.000
   2.26680    -24.226539  0.000  0.000  0.000  0.000  0.000  0.000  0.000  0.000  0.000  0.000
   2.24032    -24.226522  0.000  0.000  0.000  0.000  0.000  0.000  0.000  0.000  0.000  0.000
   2.21384    -24.226505  0.000  0.000  0.000  0.000  0.000  0.000  0.000  0.000  0.000  0.000
   2.18736    -24.226485  0.000  0.000  0.000  0.000  0.000  0.000  0.000  0.000  0.000  0.000
   2.16089    -24.226467  0.000  0.000  0.000  0.000  0.000  0.000  0.000  0.000  0.000  0.000
   2.13441    -24.226450  0.000  0.000  0.000  0.000  0.000  0.000  0.000  0.000  0.000  0.000
   2.10793    -24.226433  0.000  0.000  0.000  0.000  0.000  0.000  0.000  0.000  0.000  0.000
   2.08146    -24.226417  0.000  0.000  0.000  0.000  0.000  0.000  0.000  0.000  0.000  0.000
   2.05498    -24.226401  0.000  0.000  0.000  0.000  0.000  0.000  0.000  0.000  0.000  0.000
   2.02850    -24.226390  0.000  0.000  0.000  0.000  0.000  0.000  0.000  0.000  0.000  0.000
   2.00203    -24.226377  0.000  0.000  0.000  0.000  0.000  0.000  0.000  0.000  0.000  0.000
   1.97555    -24.226366  0.000  0.000  0.000  0.000  0.000  0.000  0.000  0.000  0.000  0.000
   1.94907    -24.226358  0.000  0.000  0.000  0.000  0.000  0.000  0.000  0.000  0.000  0.000
   1.92260    -24.226347  0.000  0.000  0.000  0.000  0.000  0.000  0.000  0.000  0.000  0.000
   1.89612    -24.226343  0.000  0.000  0.000  0.000  0.000  0.000  0.000  0.000  0.000  0.000
   1.86964    -24.226338  0.000  0.000  0.000  0.000  0.000  0.000  0.000  0.000  0.000  0.000
   1.84317    -24.226332  0.000  0.000  0.000  0.000  0.000  0.000  0.000  0.000  0.000  0.000
   1.81669    -24.226332  0.000  0.000  0.000  0.000  0.000  0.000  0.000  0.000  0.000  0.000
   1.81669    -24.226332  0.000  0.000  0.000  0.000  0.000  0.000  0.000  0.000  0.000  0.000
   1.80345    -24.226333  0.000  0.000  0.000  0.000  0.000  0.000  0.000  0.000  0.000  0.000
   1.79021    -24.226335  0.000  0.000  0.000  0.000  0.000  0.000  0.000  0.000  0.000  0.000
   1.77698    -24.226335  0.000  0.000  0.000  0.000  0.000  0.000  0.000  0.000  0.000  0.000
   1.76374    -24.226338  0.000  0.000  0.000  0.000  0.000  0.000  0.000  0.000  0.000  0.000
   1.75050    -24.226341  0.000  0.000  0.000  0.000  0.000  0.000  0.000  0.000  0.000  0.000
   1.73726    -24.226342  0.000  0.000  0.000  0.000  0.000  0.000  0.000  0.000  0.000  0.000
   1.72402    -24.226342  0.000  0.000  0.000  0.000  0.000  0.000  0.000  0.000  0.000  0.000
   1.71078    -24.226348  0.000  0.000  0.000  0.000  0.000  0.000  0.000  0.000  0.000  0.000
   1.69755    -24.226351  0.000  0.000  0.000  0.000  0.000  0.000  0.000  0.000  0.000  0.000
   1.68431    -24.226352  0.000  0.000  0.000  0.000  0.000  0.000  0.000  0.000  0.000  0.000
   1.67107    -24.226355  0.000  0.000  0.000  0.000  0.000  0.000  0.000  0.000  0.000  0.000
   1.65783    -24.226358  0.000  0.000  0.000  0.000  0.000  0.000  0.000  0.000  0.000  0.000
   1.64459    -24.226362  0.000  0.000  0.000  0.000  0.000  0.000  0.000  0.000  0.000  0.000
   1.63135    -24.226365  0.000  0.000  0.000  0.000  0.000  0.000  0.000  0.000  0.000  0.000
   1.61812    -24.226368  0.000  0.000  0.000  0.000  0.000  0.000  0.000  0.000  0.000  0.000
   1.60488    -24.226371  0.000  0.000  0.000  0.000  0.000  0.000  0.000  0.000  0.000  0.000
   1.59164    -24.226373  0.000  0.000  0.000  0.000  0.000  0.000  0.000  0.000  0.000  0.000
   1.57840    -24.226375  0.000  0.000  0.000  0.000  0.000  0.000  0.000  0.000  0.000  0.000
   1.56516    -24.226378  0.000  0.000  0.000  0.000  0.000  0.000  0.000  0.000  0.000  0.000
   1.55192    -24.226383  0.000  0.000  0.000  0.000  0.000  0.000  0.000  0.000  0.000  0.000
   1.53869    -24.226386  0.000  0.000  0.000  0.000  0.000  0.000  0.000  0.000  0.000  0.000
   1.52545    -24.226390  0.000  0.000  0.000  0.000  0.000  0.000  0.000  0.000  0.000  0.000
   1.51221    -24.226394  0.000  0.000  0.000  0.000  0.000  0.000  0.000  0.000  0.000  0.000
   1.49897    -24.226399  0.000  0.000  0.000  0.000  0.000  0.000  0.000  0.000  0.000  0.000
   1.48573    -24.226402  0.000  0.000  0.000  0.000  0.000  0.000  0.000  0.000  0.000  0.000
   1.47249    -24.226404  0.000  0.000  0.000  0.000  0.000  0.000  0.000  0.000  0.000  0.000
   1.45926    -24.226408  0.000  0.000  0.000  0.000  0.000  0.000  0.000  0.000  0.000  0.000
   1.44602    -24.226410  0.000  0.000  0.000  0.000  0.000  0.000  0.000  0.000  0.000  0.000
   1.43278    -24.226413  0.000  0.000  0.000  0.000  0.000  0.000  0.000  0.000  0.000  0.000
   1.43278    -24.226413  0.000  0.000  0.000  0.000  0.000  0.000  0.000  0.000  0.000  0.000
   1.40985    -24.226412  0.000  0.000  0.000  0.000  0.000  0.000  0.000  0.000  0.000  0.000
   1.38692    -24.226416  0.000  0.000  0.000  0.000  0.000  0.000  0.000  0.000  0.000  0.000
   1.36399    -24.226418  0.000  0.000  0.000  0.000  0.000  0.000  0.000  0.000  0.000  0.000
   1.34106    -24.226423  0.000  0.000  0.000  0.000  0.000  0.000  0.000  0.000  0.000  0.000
   1.31813    -24.226429  0.000  0.000  0.000  0.000  0.000  0.000  0.000  0.000  0.000  0.000
   1.29520    -24.226438  0.000  0.000  0.000  0.000  0.000  0.000  0.000  0.000  0.000  0.000
   1.27227    -24.226446  0.000  0.000  0.000  0.000  0.000  0.000  0.000  0.000  0.000  0.000
   1.24934    -24.226457  0.000  0.000  0.000  0.000  0.000  0.000  0.000  0.000  0.000  0.000
   1.22641    -24.226467  0.000  0.000  0.000  0.000  0.000  0.000  0.000  0.000  0.000  0.000
   1.20348    -24.226479  0.000  0.000  0.000  0.000  0.000  0.000  0.000  0.000  0.000  0.000
   1.18055    -24.226491  0.000  0.000  0.000  0.000  0.000  0.000  0.000  0.000  0.000  0.000
   1.15763    -24.226502  0.000  0.000  0.000  0.000  0.000  0.000  0.000  0.000  0.000  0.000
   1.13470    -24.226516  0.000  0.000  0.000  0.000  0.000  0.000  0.000  0.000  0.000  0.000
   1.11177    -24.226533  0.000  0.000  0.000  0.000  0.000  0.000  0.000  0.000  0.000  0.000
   1.08884    -24.226548  0.000  0.000  0.000  0.000  0.000  0.000  0.000  0.000  0.000  0.000
   1.06591    -24.226562  0.000  0.000  0.000  0.000  0.000  0.000  0.000  0.000  0.000  0.000
   1.04298    -24.226577  0.000  0.000  0.000  0.000  0.000  0.000  0.000  0.000  0.000  0.000
   1.02005    -24.226589  0.000  0.000  0.000  0.000  0.000  0.000  0.000  0.000  0.000  0.000
   0.99712    -24.226603  0.000  0.000  0.000  0.000  0.000  0.000  0.000  0.000  0.000  0.000
   0.97419    -24.226616  0.000  0.000  0.000  0.000  0.000  0.000  0.000  0.000  0.000  0.000
   0.95126    -24.226627  0.000  0.000  0.000  0.000  0.000  0.000  0.000  0.000  0.000  0.000
   0.92833    -24.226638  0.000  0.000  0.000  0.000  0.000  0.000  0.000  0.000  0.000  0.000
   0.90540    -24.226649  0.000  0.000  0.000  0.000  0.000  0.000  0.000  0.000  0.000  0.000
   0.88247    -24.226654  0.000  0.000  0.000  0.000  0.000  0.000  0.000  0.000  0.000  0.000
   0.85954    -24.226663  0.000  0.000  0.000  0.000  0.000  0.000  0.000  0.000  0.000  0.000
   0.83661    -24.226670  0.000  0.000  0.000  0.000  0.000  0.000  0.000  0.000  0.000  0.000
   0.81368    -24.226676  0.000  0.000  0.000  0.000  0.000  0.000  0.000  0.000  0.000  0.000
   0.79075    -24.226680  0.000  0.000  0.000  0.000  0.000  0.000  0.000  0.000  0.000  0.000
   0.76782    -24.226680  0.000  0.000  0.000  0.000  0.000  0.000  0.000  0.000  0.000  0.000
   0.76782    -24.226680  0.000  0.000  0.000  0.000  0.000  0.000  0.000  0.000  0.000  0.000
   0.74135    -24.226680  0.000  0.000  0.000  0.000  0.000  0.000  0.000  0.000  0.000  0.000
   0.71487    -24.226675  0.000  0.000  0.000  0.000  0.000  0.000  0.000  0.000  0.000  0.000
   0.68839    -24.226665  0.000  0.000  0.000  0.000  0.000  0.000  0.000  0.000  0.000  0.000
   0.66192    -24.226657  0.000  0.000  0.000  0.000  0.000  0.000  0.000  0.000  0.000  0.000
   0.63544    -24.226649  0.000  0.000  0.000  0.000  0.000  0.000  0.000  0.000  0.000  0.000
   0.60896    -24.226640  0.000  0.000  0.000  0.000  0.000  0.000  0.000  0.000  0.000  0.000
   0.58249    -24.226623  0.000  0.000  0.000  0.000  0.000  0.000  0.000  0.000  0.000  0.000
   0.55601    -24.226610  0.000  0.000  0.000  0.000  0.000  0.000  0.000  0.000  0.000  0.000
   0.52953    -24.226592  0.000  0.000  0.000  0.000  0.000  0.000  0.000  0.000  0.000  0.000
   0.50306    -24.226577  0.000  0.000  0.000  0.000  0.000  0.000  0.000  0.000  0.000  0.000
   0.47658    -24.226558  0.000  0.000  0.000  0.000  0.000  0.000  0.000  0.000  0.000  0.000
   0.45010    -24.226539  0.000  0.000  0.000  0.000  0.000  0.000  0.000  0.000  0.000  0.000
   0.42363    -24.226522  0.000  0.000  0.000  0.000  0.000  0.000  0.000  0.000  0.000  0.000
   0.39715    -24.226505  0.000  0.000  0.000  0.000  0.000  0.000  0.000  0.000  0.000  0.000
   0.37067    -24.226485  0.000  0.000  0.000  0.000  0.000  0.000  0.000  0.000  0.000  0.000
   0.34420    -24.226467  0.000  0.000  0.000  0.000  0.000  0.000  0.000  0.000  0.000  0.000
   0.31772    -24.226450  0.000  0.000  0.000  0.000  0.000  0.000  0.000  0.000  0.000  0.000
   0.29124    -24.226433  0.000  0.000  0.000  0.000  0.000  0.000  0.000  0.000  0.000  0.000
   0.26477    -24.226417  0.000  0.000  0.000  0.000  0.000  0.000  0.000  0.000  0.000  0.000
   0.23829    -24.226401  0.000  0.000  0.000  0.000  0.000  0.000  0.000  0.000  0.000  0.000
   0.21181    -24.226390  0.000  0.000  0.000  0.000  0.000  0.000  0.000  0.000  0.000  0.000
   0.18534    -24.226377  0.000  0.000  0.000  0.000  0.000  0.000  0.000  0.000  0.000  0.000
   0.15886    -24.226366  0.000  0.000  0.000  0.000  0.000  0.000  0.000  0.000  0.000  0.000
   0.13238    -24.226358  0.000  0.000  0.000  0.000  0.000  0.000  0.000  0.000  0.000  0.000
   0.10591    -24.226347  0.000  0.000  0.000  0.000  0.000  0.000  0.000  0.000  0.000  0.000
   0.07943    -24.226343  0.000  0.000  0.000  0.000  0.000  0.000  0.000  0.000  0.000  0.000
   0.05295    -24.226338  0.000  0.000  0.000  0.000  0.000  0.000  0.000  0.000  0.000  0.000
   0.02648    -24.226332  0.000  0.000  0.000  0.000  0.000  0.000  0.000  0.000  0.000  0.000
   0.00000    -24.226332  0.000  0.000  0.000  0.000  0.000  0.000  0.000  0.000  0.000  0.000
 
# Band-Index:    3
   0.00000    -24.208322  0.000  0.000  0.000  0.000  0.000  0.000  0.000  0.000  0.000  0.000
   0.02648    -24.208320  0.000  0.000  0.000  0.000  0.000  0.000  0.000  0.000  0.000  0.000
   0.05295    -24.208318  0.000  0.000  0.000  0.000  0.000  0.000  0.000  0.000  0.000  0.000
   0.07943    -24.208306  0.000  0.000  0.000  0.000  0.000  0.000  0.000  0.000  0.000  0.000
   0.10591    -24.208290  0.000  0.000  0.000  0.000  0.000  0.000  0.000  0.000  0.000  0.000
   0.13238    -24.208277  0.000  0.000  0.000  0.000  0.000  0.000  0.000  0.000  0.000  0.000
   0.15886    -24.208258  0.000  0.000  0.000  0.000  0.000  0.000  0.000  0.000  0.000  0.000
   0.18534    -24.208239  0.000  0.000  0.000  0.000  0.000  0.000  0.000  0.000  0.000  0.000
   0.21181    -24.208217  0.000  0.000  0.000  0.000  0.000  0.000  0.000  0.000  0.000  0.000
   0.23829    -24.208193  0.000  0.000  0.000  0.000  0.000  0.000  0.000  0.000  0.000  0.000
   0.26477    -24.208174  0.000  0.000  0.000  0.000  0.000  0.000  0.000  0.000  0.000  0.000
   0.29124    -24.208152  0.000  0.000  0.000  0.000  0.000  0.000  0.000  0.000  0.000  0.000
   0.31772    -24.208133  0.000  0.000  0.000  0.000  0.000  0.000  0.000  0.000  0.000  0.000
   0.34420    -24.208116  0.000  0.000  0.000  0.000  0.000  0.000  0.000  0.000  0.000  0.000
   0.37067    -24.208101  0.000  0.000  0.000  0.000  0.000  0.000  0.000  0.000  0.000  0.000
   0.39715    -24.208091  0.000  0.000  0.000  0.000  0.000  0.000  0.000  0.000  0.000  0.000
   0.42363    -24.208076  0.000  0.000  0.000  0.000  0.000  0.000  0.000  0.000  0.000  0.000
   0.45010    -24.208066  0.000  0.000  0.000  0.000  0.000  0.000  0.000  0.000  0.000  0.000
   0.47658    -24.208061  0.000  0.000  0.000  0.000  0.000  0.000  0.000  0.000  0.000  0.000
   0.50306    -24.208058  0.000  0.000  0.000  0.000  0.000  0.000  0.000  0.000  0.000  0.000
   0.52953    -24.208059  0.000  0.000  0.000  0.000  0.000  0.000  0.000  0.000  0.000  0.000
   0.55601    -24.208064  0.000  0.000  0.000  0.000  0.000  0.000  0.000  0.000  0.000  0.000
   0.58249    -24.208067  0.000  0.000  0.000  0.000  0.000  0.000  0.000  0.000  0.000  0.000
   0.60896    -24.208074  0.000  0.000  0.000  0.000  0.000  0.000  0.000  0.000  0.000  0.000
   0.63544    -24.208080  0.000  0.000  0.000  0.000  0.000  0.000  0.000  0.000  0.000  0.000
   0.66192    -24.208084  0.000  0.000  0.000  0.000  0.000  0.000  0.000  0.000  0.000  0.000
   0.68839    -24.208090  0.000  0.000  0.000  0.000  0.000  0.000  0.000  0.000  0.000  0.000
   0.71487    -24.208101  0.000  0.000  0.000  0.000  0.000  0.000  0.000  0.000  0.000  0.000
   0.74135    -24.208106  0.000  0.000  0.000  0.000  0.000  0.000  0.000  0.000  0.000  0.000
   0.76782    -24.208104  0.000  0.000  0.000  0.000  0.000  0.000  0.000  0.000  0.000  0.000
   0.76782    -24.208104  0.000  0.000  0.000  0.000  0.000  0.000  0.000  0.000  0.000  0.000
   0.79075    -24.208106  0.000  0.000  0.000  0.000  0.000  0.000  0.000  0.000  0.000  0.000
   0.81368    -24.208102  0.000  0.000  0.000  0.000  0.000  0.000  0.000  0.000  0.000  0.000
   0.83661    -24.208093  0.000  0.000  0.000  0.000  0.000  0.000  0.000  0.000  0.000  0.000
   0.85954    -24.208086  0.000  0.000  0.000  0.000  0.000  0.000  0.000  0.000  0.000  0.000
   0.88247    -24.208074  0.000  0.000  0.000  0.000  0.000  0.000  0.000  0.000  0.000  0.000
   0.90540    -24.208067  0.000  0.000  0.000  0.000  0.000  0.000  0.000  0.000  0.000  0.000
   0.92833    -24.208054  0.000  0.000  0.000  0.000  0.000  0.000  0.000  0.000  0.000  0.000
   0.95126    -24.208041  0.000  0.000  0.000  0.000  0.000  0.000  0.000  0.000  0.000  0.000
   0.97419    -24.208028  0.000  0.000  0.000  0.000  0.000  0.000  0.000  0.000  0.000  0.000
   0.99712    -24.208014  0.000  0.000  0.000  0.000  0.000  0.000  0.000  0.000  0.000  0.000
   1.02005    -24.207999  0.000  0.000  0.000  0.000  0.000  0.000  0.000  0.000  0.000  0.000
   1.04298    -24.207982  0.000  0.000  0.000  0.000  0.000  0.000  0.000  0.000  0.000  0.000
   1.06591    -24.207965  0.000  0.000  0.000  0.000  0.000  0.000  0.000  0.000  0.000  0.000
   1.08884    -24.207949  0.000  0.000  0.000  0.000  0.000  0.000  0.000  0.000  0.000  0.000
   1.11177    -24.207931  0.000  0.000  0.000  0.000  0.000  0.000  0.000  0.000  0.000  0.000
   1.13470    -24.207913  0.000  0.000  0.000  0.000  0.000  0.000  0.000  0.000  0.000  0.000
   1.15763    -24.207894  0.000  0.000  0.000  0.000  0.000  0.000  0.000  0.000  0.000  0.000
   1.18055    -24.207881  0.000  0.000  0.000  0.000  0.000  0.000  0.000  0.000  0.000  0.000
   1.20348    -24.207867  0.000  0.000  0.000  0.000  0.000  0.000  0.000  0.000  0.000  0.000
   1.22641    -24.207852  0.000  0.000  0.000  0.000  0.000  0.000  0.000  0.000  0.000  0.000
   1.24934    -24.207839  0.000  0.000  0.000  0.000  0.000  0.000  0.000  0.000  0.000  0.000
   1.27227    -24.207827  0.000  0.000  0.000  0.000  0.000  0.000  0.000  0.000  0.000  0.000
   1.29520    -24.207816  0.000  0.000  0.000  0.000  0.000  0.000  0.000  0.000  0.000  0.000
   1.31813    -24.207807  0.000  0.000  0.000  0.000  0.000  0.000  0.000  0.000  0.000  0.000
   1.34106    -24.207798  0.000  0.000  0.000  0.000  0.000  0.000  0.000  0.000  0.000  0.000
   1.36399    -24.207792  0.000  0.000  0.000  0.000  0.000  0.000  0.000  0.000  0.000  0.000
   1.38692    -24.207791  0.000  0.000  0.000  0.000  0.000  0.000  0.000  0.000  0.000  0.000
   1.40985    -24.207786  0.000  0.000  0.000  0.000  0.000  0.000  0.000  0.000  0.000  0.000
   1.43278    -24.207785  0.000  0.000  0.000  0.000  0.000  0.000  0.000  0.000  0.000  0.000
   1.43278    -24.207785  0.000  0.000  0.000  0.000  0.000  0.000  0.000  0.000  0.000  0.000
   1.44602    -24.207816  0.000  0.000  0.000  0.000  0.000  0.000  0.000  0.000  0.000  0.000
   1.45926    -24.207848  0.000  0.000  0.000  0.000  0.000  0.000  0.000  0.000  0.000  0.000
   1.47249    -24.207879  0.000  0.000  0.000  0.000  0.000  0.000  0.000  0.000  0.000  0.000
   1.48573    -24.207909  0.000  0.000  0.000  0.000  0.000  0.000  0.000  0.000  0.000  0.000
   1.49897    -24.207941  0.000  0.000  0.000  0.000  0.000  0.000  0.000  0.000  0.000  0.000
   1.51221    -24.207968  0.000  0.000  0.000  0.000  0.000  0.000  0.000  0.000  0.000  0.000
   1.52545    -24.207997  0.000  0.000  0.000  0.000  0.000  0.000  0.000  0.000  0.000  0.000
   1.53869    -24.208024  0.000  0.000  0.000  0.000  0.000  0.000  0.000  0.000  0.000  0.000
   1.55192    -24.208052  0.000  0.000  0.000  0.000  0.000  0.000  0.000  0.000  0.000  0.000
   1.56516    -24.208075  0.000  0.000  0.000  0.000  0.000  0.000  0.000  0.000  0.000  0.000
   1.57840    -24.208102  0.000  0.000  0.000  0.000  0.000  0.000  0.000  0.000  0.000  0.000
   1.59164    -24.208128  0.000  0.000  0.000  0.000  0.000  0.000  0.000  0.000  0.000  0.000
   1.60488    -24.208150  0.000  0.000  0.000  0.000  0.000  0.000  0.000  0.000  0.000  0.000
   1.61812    -24.208172  0.000  0.000  0.000  0.000  0.000  0.000  0.000  0.000  0.000  0.000
   1.63135    -24.208192  0.000  0.000  0.000  0.000  0.000  0.000  0.000  0.000  0.000  0.000
   1.64459    -24.208212  0.000  0.000  0.000  0.000  0.000  0.000  0.000  0.000  0.000  0.000
   1.65783    -24.208230  0.000  0.000  0.000  0.000  0.000  0.000  0.000  0.000  0.000  0.000
   1.67107    -24.208247  0.000  0.000  0.000  0.000  0.000  0.000  0.000  0.000  0.000  0.000
   1.68431    -24.208261  0.000  0.000  0.000  0.000  0.000  0.000  0.000  0.000  0.000  0.000
   1.69755    -24.208274  0.000  0.000  0.000  0.000  0.000  0.000  0.000  0.000  0.000  0.000
   1.71078    -24.208285  0.000  0.000  0.000  0.000  0.000  0.000  0.000  0.000  0.000  0.000
   1.72402    -24.208293  0.000  0.000  0.000  0.000  0.000  0.000  0.000  0.000  0.000  0.000
   1.73726    -24.208305  0.000  0.000  0.000  0.000  0.000  0.000  0.000  0.000  0.000  0.000
   1.75050    -24.208312  0.000  0.000  0.000  0.000  0.000  0.000  0.000  0.000  0.000  0.000
   1.76374    -24.208316  0.000  0.000  0.000  0.000  0.000  0.000  0.000  0.000  0.000  0.000
   1.77698    -24.208319  0.000  0.000  0.000  0.000  0.000  0.000  0.000  0.000  0.000  0.000
   1.79021    -24.208323  0.000  0.000  0.000  0.000  0.000  0.000  0.000  0.000  0.000  0.000
   1.80345    -24.208324  0.000  0.000  0.000  0.000  0.000  0.000  0.000  0.000  0.000  0.000
   1.81669    -24.208322  0.000  0.000  0.000  0.000  0.000  0.000  0.000  0.000  0.000  0.000
   1.81669    -24.208322  0.000  0.000  0.000  0.000  0.000  0.000  0.000  0.000  0.000  0.000
   1.84317    -24.208320  0.000  0.000  0.000  0.000  0.000  0.000  0.000  0.000  0.000  0.000
   1.86964    -24.208318  0.000  0.000  0.000  0.000  0.000  0.000  0.000  0.000  0.000  0.000
   1.89612    -24.208306  0.000  0.000  0.000  0.000  0.000  0.000  0.000  0.000  0.000  0.000
   1.92260    -24.208290  0.000  0.000  0.000  0.000  0.000  0.000  0.000  0.000  0.000  0.000
   1.94907    -24.208277  0.000  0.000  0.000  0.000  0.000  0.000  0.000  0.000  0.000  0.000
   1.97555    -24.208258  0.000  0.000  0.000  0.000  0.000  0.000  0.000  0.000  0.000  0.000
   2.00203    -24.208239  0.000  0.000  0.000  0.000  0.000  0.000  0.000  0.000  0.000  0.000
   2.02850    -24.208217  0.000  0.000  0.000  0.000  0.000  0.000  0.000  0.000  0.000  0.000
   2.05498    -24.208193  0.000  0.000  0.000  0.000  0.000  0.000  0.000  0.000  0.000  0.000
   2.08146    -24.208174  0.000  0.000  0.000  0.000  0.000  0.000  0.000  0.000  0.000  0.000
   2.10793    -24.208152  0.000  0.000  0.000  0.000  0.000  0.000  0.000  0.000  0.000  0.000
   2.13441    -24.208133  0.000  0.000  0.000  0.000  0.000  0.000  0.000  0.000  0.000  0.000
   2.16089    -24.208116  0.000  0.000  0.000  0.000  0.000  0.000  0.000  0.000  0.000  0.000
   2.18736    -24.208101  0.000  0.000  0.000  0.000  0.000  0.000  0.000  0.000  0.000  0.000
   2.21384    -24.208091  0.000  0.000  0.000  0.000  0.000  0.000  0.000  0.000  0.000  0.000
   2.24032    -24.208076  0.000  0.000  0.000  0.000  0.000  0.000  0.000  0.000  0.000  0.000
   2.26680    -24.208066  0.000  0.000  0.000  0.000  0.000  0.000  0.000  0.000  0.000  0.000
   2.29327    -24.208061  0.000  0.000  0.000  0.000  0.000  0.000  0.000  0.000  0.000  0.000
   2.31975    -24.208058  0.000  0.000  0.000  0.000  0.000  0.000  0.000  0.000  0.000  0.000
   2.34623    -24.208059  0.000  0.000  0.000  0.000  0.000  0.000  0.000  0.000  0.000  0.000
   2.37270    -24.208064  0.000  0.000  0.000  0.000  0.000  0.000  0.000  0.000  0.000  0.000
   2.39918    -24.208067  0.000  0.000  0.000  0.000  0.000  0.000  0.000  0.000  0.000  0.000
   2.42566    -24.208074  0.000  0.000  0.000  0.000  0.000  0.000  0.000  0.000  0.000  0.000
   2.45213    -24.208080  0.000  0.000  0.000  0.000  0.000  0.000  0.000  0.000  0.000  0.000
   2.47861    -24.208084  0.000  0.000  0.000  0.000  0.000  0.000  0.000  0.000  0.000  0.000
   2.50509    -24.208090  0.000  0.000  0.000  0.000  0.000  0.000  0.000  0.000  0.000  0.000
   2.53156    -24.208101  0.000  0.000  0.000  0.000  0.000  0.000  0.000  0.000  0.000  0.000
   2.55804    -24.208106  0.000  0.000  0.000  0.000  0.000  0.000  0.000  0.000  0.000  0.000
   2.58452    -24.208104  0.000  0.000  0.000  0.000  0.000  0.000  0.000  0.000  0.000  0.000
 
# Band-Index:    4
   2.58452    -24.208104  0.000  0.000  0.000  0.000  0.000  0.000  0.000  0.000  0.000  0.000
   2.55804    -24.208106  0.000  0.000  0.000  0.000  0.000  0.000  0.000  0.000  0.000  0.000
   2.53156    -24.208100  0.000  0.000  0.000  0.000  0.000  0.000  0.000  0.000  0.000  0.000
   2.50509    -24.208086  0.000  0.000  0.000  0.000  0.000  0.000  0.000  0.000  0.000  0.000
   2.47861    -24.208074  0.000  0.000  0.000  0.000  0.000  0.000  0.000  0.000  0.000  0.000
   2.45213    -24.208060  0.000  0.000  0.000  0.000  0.000  0.000  0.000  0.000  0.000  0.000
   2.42566    -24.208040  0.000  0.000  0.000  0.000  0.000  0.000  0.000  0.000  0.000  0.000
   2.39918    -24.208014  0.000  0.000  0.000  0.000  0.000  0.000  0.000  0.000  0.000  0.000
   2.37270    -24.207986  0.000  0.000  0.000  0.000  0.000  0.000  0.000  0.000  0.000  0.000
   2.34623    -24.207951  0.000  0.000  0.000  0.000  0.000  0.000  0.000  0.000  0.000  0.000
   2.31975    -24.207913  0.000  0.000  0.000  0.000  0.000  0.000  0.000  0.000  0.000  0.000
   2.29327    -24.207873  0.000  0.000  0.000  0.000  0.000  0.000  0.000  0.000  0.000  0.000
   2.26680    -24.207830  0.000  0.000  0.000  0.000  0.000  0.000  0.000  0.000  0.000  0.000
   2.24032    -24.207785  0.000  0.000  0.000  0.000  0.000  0.000  0.000  0.000  0.000  0.000
   2.21384    -24.207740  0.000  0.000  0.000  0.000  0.000  0.000  0.000  0.000  0.000  0.000
   2.18736    -24.207686  0.000  0.000  0.000  0.000  0.000  0.000  0.000  0.000  0.000  0.000
   2.16089    -24.207633  0.000  0.000  0.000  0.000  0.000  0.000  0.000  0.000  0.000  0.000
   2.13441    -24.207579  0.000  0.000  0.000  0.000  0.000  0.000  0.000  0.000  0.000  0.000
   2.10793    -24.207527  0.000  0.000  0.000  0.000  0.000  0.000  0.000  0.000  0.000  0.000
   2.08146    -24.207476  0.000  0.000  0.000  0.000  0.000  0.000  0.000  0.000  0.000  0.000
   2.05498    -24.207424  0.000  0.000  0.000  0.000  0.000  0.000  0.000  0.000  0.000  0.000
   2.02850    -24.207378  0.000  0.000  0.000  0.000  0.000  0.000  0.000  0.000  0.000  0.000
   2.00203    -24.207335  0.000  0.000  0.000  0.000  0.000  0.000  0.000  0.000  0.000  0.000
   1.97555    -24.207293  0.000  0.000  0.000  0.000  0.000  0.000  0.000  0.000  0.000  0.000
   1.94907    -24.207257  0.000  0.000  0.000  0.000  0.000  0.000  0.000  0.000  0.000  0.000
   1.92260    -24.207224  0.000  0.000  0.000  0.000  0.000  0.000  0.000  0.000  0.000  0.000
   1.89612    -24.207202  0.000  0.000  0.000  0.000  0.000  0.000  0.000  0.000  0.000  0.000
   1.86964    -24.207185  0.000  0.000  0.000  0.000  0.000  0.000  0.000  0.000  0.000  0.000
   1.84317    -24.207170  0.000  0.000  0.000  0.000  0.000  0.000  0.000  0.000  0.000  0.000
   1.81669    -24.207166  0.000  0.000  0.000  0.000  0.000  0.000  0.000  0.000  0.000  0.000
   1.81669    -24.207166  0.000  0.000  0.000  0.000  0.000  0.000  0.000  0.000  0.000  0.000
   1.80345    -24.207169  0.000  0.000  0.000  0.000  0.000  0.000  0.000  0.000  0.000  0.000
   1.79021    -24.207173  0.000  0.000  0.000  0.000  0.000  0.000  0.000  0.000  0.000  0.000
   1.77698    -24.207176  0.000  0.000  0.000  0.000  0.000  0.000  0.000  0.000  0.000  0.000
   1.76374    -24.207184  0.000  0.000  0.000  0.000  0.000  0.000  0.000  0.000  0.000  0.000
   1.75050    -24.207195  0.000  0.000  0.000  0.000  0.000  0.000  0.000  0.000  0.000  0.000
   1.73726    -24.207205  0.000  0.000  0.000  0.000  0.000  0.000  0.000  0.000  0.000  0.000
   1.72402    -24.207214  0.000  0.000  0.000  0.000  0.000  0.000  0.000  0.000  0.000  0.000
   1.71078    -24.207229  0.000  0.000  0.000  0.000  0.000  0.000  0.000  0.000  0.000  0.000
   1.69755    -24.207244  0.000  0.000  0.000  0.000  0.000  0.000  0.000  0.000  0.000  0.000
   1.68431    -24.207261  0.000  0.000  0.000  0.000  0.000  0.000  0.000  0.000  0.000  0.000
   1.67107    -24.207280  0.000  0.000  0.000  0.000  0.000  0.000  0.000  0.000  0.000  0.000
   1.65783    -24.207299  0.000  0.000  0.000  0.000  0.000  0.000  0.000  0.000  0.000  0.000
   1.64459    -24.207320  0.000  0.000  0.000  0.000  0.000  0.000  0.000  0.000  0.000  0.000
   1.63135    -24.207341  0.000  0.000  0.000  0.000  0.000  0.000  0.000  0.000  0.000  0.000
   1.61812    -24.207365  0.000  0.000  0.000  0.000  0.000  0.000  0.000  0.000  0.000  0.000
   1.60488    -24.207389  0.000  0.000  0.000  0.000  0.000  0.000  0.000  0.000  0.000  0.000
   1.59164    -24.207416  0.000  0.000  0.000  0.000  0.000  0.000  0.000  0.000  0.000  0.000
   1.57840    -24.207441  0.000  0.000  0.000  0.000  0.000  0.000  0.000  0.000  0.000  0.000
   1.56516    -24.207468  0.000  0.000  0.000  0.000  0.000  0.000  0.000  0.000  0.000  0.000
   1.55192    -24.207499  0.000  0.000  0.000  0.000  0.000  0.000  0.000  0.000  0.000  0.000
   1.53869    -24.207528  0.000  0.000  0.000  0.000  0.000  0.000  0.000  0.000  0.000  0.000
   1.52545    -24.207559  0.000  0.000  0.000  0.000  0.000  0.000  0.000  0.000  0.000  0.000
   1.51221    -24.207591  0.000  0.000  0.000  0.000  0.000  0.000  0.000  0.000  0.000  0.000
   1.49897    -24.207624  0.000  0.000  0.000  0.000  0.000  0.000  0.000  0.000  0.000  0.000
   1.48573    -24.207655  0.000  0.000  0.000  0.000  0.000  0.000  0.000  0.000  0.000  0.000
   1.47249    -24.207687  0.000  0.000  0.000  0.000  0.000  0.000  0.000  0.000  0.000  0.000
   1.45926    -24.207720  0.000  0.000  0.000  0.000  0.000  0.000  0.000  0.000  0.000  0.000
   1.44602    -24.207752  0.000  0.000  0.000  0.000  0.000  0.000  0.000  0.000  0.000  0.000
   1.43278    -24.207785  0.000  0.000  0.000  0.000  0.000  0.000  0.000  0.000  0.000  0.000
   1.43278    -24.207785  0.000  0.000  0.000  0.000  0.000  0.000  0.000  0.000  0.000  0.000
   1.40985    -24.207786  0.000  0.000  0.000  0.000  0.000  0.000  0.000  0.000  0.000  0.000
   1.38692    -24.207791  0.000  0.000  0.000  0.000  0.000  0.000  0.000  0.000  0.000  0.000
   1.36399    -24.207792  0.000  0.000  0.000  0.000  0.000  0.000  0.000  0.000  0.000  0.000
   1.34106    -24.207798  0.000  0.000  0.000  0.000  0.000  0.000  0.000  0.000  0.000  0.000
   1.31813    -24.207807  0.000  0.000  0.000  0.000  0.000  0.000  0.000  0.000  0.000  0.000
   1.29520    -24.207816  0.000  0.000  0.000  0.000  0.000  0.000  0.000  0.000  0.000  0.000
   1.27227    -24.207827  0.000  0.000  0.000  0.000  0.000  0.000  0.000  0.000  0.000  0.000
   1.24934    -24.207839  0.000  0.000  0.000  0.000  0.000  0.000  0.000  0.000  0.000  0.000
   1.22641    -24.207852  0.000  0.000  0.000  0.000  0.000  0.000  0.000  0.000  0.000  0.000
   1.20348    -24.207867  0.000  0.000  0.000  0.000  0.000  0.000  0.000  0.000  0.000  0.000
   1.18055    -24.207880  0.000  0.000  0.000  0.000  0.000  0.000  0.000  0.000  0.000  0.000
   1.15763    -24.207894  0.000  0.000  0.000  0.000  0.000  0.000  0.000  0.000  0.000  0.000
   1.13470    -24.207913  0.000  0.000  0.000  0.000  0.000  0.000  0.000  0.000  0.000  0.000
   1.11177    -24.207931  0.000  0.000  0.000  0.000  0.000  0.000  0.000  0.000  0.000  0.000
   1.08884    -24.207948  0.000  0.000  0.000  0.000  0.000  0.000  0.000  0.000  0.000  0.000
   1.06591    -24.207965  0.000  0.000  0.000  0.000  0.000  0.000  0.000  0.000  0.000  0.000
   1.04298    -24.207982  0.000  0.000  0.000  0.000  0.000  0.000  0.000  0.000  0.000  0.000
   1.02005    -24.207999  0.000  0.000  0.000  0.000  0.000  0.000  0.000  0.000  0.000  0.000
   0.99712    -24.208014  0.000  0.000  0.000  0.000  0.000  0.000  0.000  0.000  0.000  0.000
   0.97419    -24.208028  0.000  0.000  0.000  0.000  0.000  0.000  0.000  0.000  0.000  0.000
   0.95126    -24.208041  0.000  0.000  0.000  0.000  0.000  0.000  0.000  0.000  0.000  0.000
   0.92833    -24.208054  0.000  0.000  0.000  0.000  0.000  0.000  0.000  0.000  0.000  0.000
   0.90540    -24.208067  0.000  0.000  0.000  0.000  0.000  0.000  0.000  0.000  0.000  0.000
   0.88247    -24.208074  0.000  0.000  0.000  0.000  0.000  0.000  0.000  0.000  0.000  0.000
   0.85954    -24.208086  0.000  0.000  0.000  0.000  0.000  0.000  0.000  0.000  0.000  0.000
   0.83661    -24.208093  0.000  0.000  0.000  0.000  0.000  0.000  0.000  0.000  0.000  0.000
   0.81368    -24.208102  0.000  0.000  0.000  0.000  0.000  0.000  0.000  0.000  0.000  0.000
   0.79075    -24.208106  0.000  0.000  0.000  0.000  0.000  0.000  0.000  0.000  0.000  0.000
   0.76782    -24.208104  0.000  0.000  0.000  0.000  0.000  0.000  0.000  0.000  0.000  0.000
   0.76782    -24.208104  0.000  0.000  0.000  0.000  0.000  0.000  0.000  0.000  0.000  0.000
   0.74135    -24.208106  0.000  0.000  0.000  0.000  0.000  0.000  0.000  0.000  0.000  0.000
   0.71487    -24.208100  0.000  0.000  0.000  0.000  0.000  0.000  0.000  0.000  0.000  0.000
   0.68839    -24.208086  0.000  0.000  0.000  0.000  0.000  0.000  0.000  0.000  0.000  0.000
   0.66192    -24.208074  0.000  0.000  0.000  0.000  0.000  0.000  0.000  0.000  0.000  0.000
   0.63544    -24.208060  0.000  0.000  0.000  0.000  0.000  0.000  0.000  0.000  0.000  0.000
   0.60896    -24.208040  0.000  0.000  0.000  0.000  0.000  0.000  0.000  0.000  0.000  0.000
   0.58249    -24.208014  0.000  0.000  0.000  0.000  0.000  0.000  0.000  0.000  0.000  0.000
   0.55601    -24.207986  0.000  0.000  0.000  0.000  0.000  0.000  0.000  0.000  0.000  0.000
   0.52953    -24.207951  0.000  0.000  0.000  0.000  0.000  0.000  0.000  0.000  0.000  0.000
   0.50306    -24.207913  0.000  0.000  0.000  0.000  0.000  0.000  0.000  0.000  0.000  0.000
   0.47658    -24.207873  0.000  0.000  0.000  0.000  0.000  0.000  0.000  0.000  0.000  0.000
   0.45010    -24.207830  0.000  0.000  0.000  0.000  0.000  0.000  0.000  0.000  0.000  0.000
   0.42363    -24.207785  0.000  0.000  0.000  0.000  0.000  0.000  0.000  0.000  0.000  0.000
   0.39715    -24.207740  0.000  0.000  0.000  0.000  0.000  0.000  0.000  0.000  0.000  0.000
   0.37067    -24.207686  0.000  0.000  0.000  0.000  0.000  0.000  0.000  0.000  0.000  0.000
   0.34420    -24.207633  0.000  0.000  0.000  0.000  0.000  0.000  0.000  0.000  0.000  0.000
   0.31772    -24.207579  0.000  0.000  0.000  0.000  0.000  0.000  0.000  0.000  0.000  0.000
   0.29124    -24.207527  0.000  0.000  0.000  0.000  0.000  0.000  0.000  0.000  0.000  0.000
   0.26477    -24.207476  0.000  0.000  0.000  0.000  0.000  0.000  0.000  0.000  0.000  0.000
   0.23829    -24.207424  0.000  0.000  0.000  0.000  0.000  0.000  0.000  0.000  0.000  0.000
   0.21181    -24.207378  0.000  0.000  0.000  0.000  0.000  0.000  0.000  0.000  0.000  0.000
   0.18534    -24.207335  0.000  0.000  0.000  0.000  0.000  0.000  0.000  0.000  0.000  0.000
   0.15886    -24.207293  0.000  0.000  0.000  0.000  0.000  0.000  0.000  0.000  0.000  0.000
   0.13238    -24.207257  0.000  0.000  0.000  0.000  0.000  0.000  0.000  0.000  0.000  0.000
   0.10591    -24.207224  0.000  0.000  0.000  0.000  0.000  0.000  0.000  0.000  0.000  0.000
   0.07943    -24.207202  0.000  0.000  0.000  0.000  0.000  0.000  0.000  0.000  0.000  0.000
   0.05295    -24.207185  0.000  0.000  0.000  0.000  0.000  0.000  0.000  0.000  0.000  0.000
   0.02648    -24.207170  0.000  0.000  0.000  0.000  0.000  0.000  0.000  0.000  0.000  0.000
   0.00000    -24.207166  0.000  0.000  0.000  0.000  0.000  0.000  0.000  0.000  0.000  0.000
 
# Band-Index:    5
   0.00000    -21.262461  0.000  0.000  0.000  0.000  0.000  0.000  0.000  0.000  0.000  0.000
   0.02648    -21.262463  0.000  0.000  0.000  0.000  0.000  0.000  0.000  0.000  0.000  0.000
   0.05295    -21.262476  0.000  0.000  0.000  0.000  0.000  0.000  0.000  0.000  0.000  0.000
   0.07943    -21.262488  0.000  0.000  0.000  0.000  0.000  0.000  0.000  0.000  0.000  0.000
   0.10591    -21.262499  0.000  0.000  0.000  0.000  0.000  0.000  0.000  0.000  0.000  0.000
   0.13238    -21.262528  0.000  0.000  0.000  0.000  0.000  0.000  0.000  0.000  0.000  0.000
   0.15886    -21.262548  0.000  0.000  0.000  0.000  0.000  0.000  0.000  0.000  0.000  0.000
   0.18534    -21.262577  0.000  0.000  0.000  0.000  0.000  0.000  0.000  0.000  0.000  0.000
   0.21181    -21.262610  0.000  0.000  0.000  0.000  0.000  0.000  0.000  0.000  0.000  0.000
   0.23829    -21.262641  0.000  0.000  0.000  0.000  0.000  0.000  0.000  0.000  0.000  0.000
   0.26477    -21.262685  0.000  0.000  0.000  0.000  0.000  0.000  0.000  0.000  0.000  0.000
   0.29124    -21.262732  0.000  0.000  0.000  0.000  0.000  0.000  0.000  0.000  0.000  0.000
   0.31772    -21.262779  0.000  0.000  0.000  0.000  0.000  0.000  0.000  0.000  0.000  0.000
   0.34420    -21.262830  0.000  0.000  0.000  0.000  0.000  0.000  0.000  0.000  0.000  0.000
   0.37067    -21.262882  0.000  0.000  0.000  0.000  0.000  0.000  0.000  0.000  0.000  0.000
   0.39715    -21.262940  0.000  0.000  0.000  0.000  0.000  0.000  0.000  0.000  0.000  0.000
   0.42363    -21.262993  0.000  0.000  0.000  0.000  0.000  0.000  0.000  0.000  0.000  0.000
   0.45010    -21.263044  0.000  0.000  0.000  0.000  0.000  0.000  0.000  0.000  0.000  0.000
   0.47658    -21.263102  0.000  0.000  0.000  0.000  0.000  0.000  0.000  0.000  0.000  0.000
   0.50306    -21.263160  0.000  0.000  0.000  0.000  0.000  0.000  0.000  0.000  0.000  0.000
   0.52953    -21.263210  0.000  0.000  0.000  0.000  0.000  0.000  0.000  0.000  0.000  0.000
   0.55601    -21.263265  0.000  0.000  0.000  0.000  0.000  0.000  0.000  0.000  0.000  0.000
   0.58249    -21.263313  0.000  0.000  0.000  0.000  0.000  0.000  0.000  0.000  0.000  0.000
   0.60896    -21.263364  0.000  0.000  0.000  0.000  0.000  0.000  0.000  0.000  0.000  0.000
   0.63544    -21.263398  0.000  0.000  0.000  0.000  0.000  0.000  0.000  0.000  0.000  0.000
   0.66192    -21.263426  0.000  0.000  0.000  0.000  0.000  0.000  0.000  0.000  0.000  0.000
   0.68839    -21.263454  0.000  0.000  0.000  0.000  0.000  0.000  0.000  0.000  0.000  0.000
   0.71487    -21.263483  0.000  0.000  0.000  0.000  0.000  0.000  0.000  0.000  0.000  0.000
   0.74135    -21.263495  0.000  0.000  0.000  0.000  0.000  0.000  0.000  0.000  0.000  0.000
   0.76782    -21.263495  0.000  0.000  0.000  0.000  0.000  0.000  0.000  0.000  0.000  0.000
   0.76782    -21.263495  0.000  0.000  0.000  0.000  0.000  0.000  0.000  0.000  0.000  0.000
   0.79075    -21.263497  0.000  0.000  0.000  0.000  0.000  0.000  0.000  0.000  0.000  0.000
   0.81368    -21.263486  0.000  0.000  0.000  0.000  0.000  0.000  0.000  0.000  0.000  0.000
   0.83661    -21.263467  0.000  0.000  0.000  0.000  0.000  0.000  0.000  0.000  0.000  0.000
   0.85954    -21.263446  0.000  0.000  0.000  0.000  0.000  0.000  0.000  0.000  0.000  0.000
   0.88247    -21.263415  0.000  0.000  0.000  0.000  0.000  0.000  0.000  0.000  0.000  0.000
   0.90540    -21.263391  0.000  0.000  0.000  0.000  0.000  0.000  0.000  0.000  0.000  0.000
   0.92833    -21.263355  0.000  0.000  0.000  0.000  0.000  0.000  0.000  0.000  0.000  0.000
   0.95126    -21.263317  0.000  0.000  0.000  0.000  0.000  0.000  0.000  0.000  0.000  0.000
   0.97419    -21.263276  0.000  0.000  0.000  0.000  0.000  0.000  0.000  0.000  0.000  0.000
   0.99712    -21.263232  0.000  0.000  0.000  0.000  0.000  0.000  0.000  0.000  0.000  0.000
   1.02005    -21.263184  0.000  0.000  0.000  0.000  0.000  0.000  0.000  0.000  0.000  0.000
   1.04298    -21.263138  0.000  0.000  0.000  0.000  0.000  0.000  0.000  0.000  0.000  0.000
   1.06591    -21.263087  0.000  0.000  0.000  0.000  0.000  0.000  0.000  0.000  0.000  0.000
   1.08884    -21.263037  0.000  0.000  0.000  0.000  0.000  0.000  0.000  0.000  0.000  0.000
   1.11177    -21.262984  0.000  0.000  0.000  0.000  0.000  0.000  0.000  0.000  0.000  0.000
   1.13470    -21.262929  0.000  0.000  0.000  0.000  0.000  0.000  0.000  0.000  0.000  0.000
   1.15763    -21.262880  0.000  0.000  0.000  0.000  0.000  0.000  0.000  0.000  0.000  0.000
   1.18055    -21.262841  0.000  0.000  0.000  0.000  0.000  0.000  0.000  0.000  0.000  0.000
   1.20348    -21.262799  0.000  0.000  0.000  0.000  0.000  0.000  0.000  0.000  0.000  0.000
   1.22641    -21.262756  0.000  0.000  0.000  0.000  0.000  0.000  0.000  0.000  0.000  0.000
   1.24934    -21.262719  0.000  0.000  0.000  0.000  0.000  0.000  0.000  0.000  0.000  0.000
   1.27227    -21.262681  0.000  0.000  0.000  0.000  0.000  0.000  0.000  0.000  0.000  0.000
   1.29520    -21.262651  0.000  0.000  0.000  0.000  0.000  0.000  0.000  0.000  0.000  0.000
   1.31813    -21.262622  0.000  0.000  0.000  0.000  0.000  0.000  0.000  0.000  0.000  0.000
   1.34106    -21.262599  0.000  0.000  0.000  0.000  0.000  0.000  0.000  0.000  0.000  0.000
   1.36399    -21.262581  0.000  0.000  0.000  0.000  0.000  0.000  0.000  0.000  0.000  0.000
   1.38692    -21.262571  0.000  0.000  0.000  0.000  0.000  0.000  0.000  0.000  0.000  0.000
   1.40985    -21.262557  0.000  0.000  0.000  0.000  0.000  0.000  0.000  0.000  0.000  0.000
   1.43278    -21.262560  0.000  0.000  0.000  0.000  0.000  0.000  0.000  0.000  0.000  0.000
   1.43278    -21.262560  0.000  0.000  0.000  0.000  0.000  0.000  0.000  0.000  0.000  0.000
   1.44602    -21.262562  0.000  0.000  0.000  0.000  0.000  0.000  0.000  0.000  0.000  0.000
   1.45926    -21.262564  0.000  0.000  0.000  0.000  0.000  0.000  0.000  0.000  0.000  0.000
   1.47249    -21.262562  0.000  0.000  0.000  0.000  0.000  0.000  0.000  0.000  0.000  0.000
   1.48573    -21.262562  0.000  0.000  0.000  0.000  0.000  0.000  0.000  0.000  0.000  0.000
   1.49897    -21.262562  0.000  0.000  0.000  0.000  0.000  0.000  0.000  0.000  0.000  0.000
   1.51221    -21.262556  0.000  0.000  0.000  0.000  0.000  0.000  0.000  0.000  0.000  0.000
   1.52545    -21.262552  0.000  0.000  0.000  0.000  0.000  0.000  0.000  0.000  0.000  0.000
   1.53869    -21.262548  0.000  0.000  0.000  0.000  0.000  0.000  0.000  0.000  0.000  0.000
   1.55192    -21.262547  0.000  0.000  0.000  0.000  0.000  0.000  0.000  0.000  0.000  0.000
   1.56516    -21.262540  0.000  0.000  0.000  0.000  0.000  0.000  0.000  0.000  0.000  0.000
   1.57840    -21.262539  0.000  0.000  0.000  0.000  0.000  0.000  0.000  0.000  0.000  0.000
   1.59164    -21.262537  0.000  0.000  0.000  0.000  0.000  0.000  0.000  0.000  0.000  0.000
   1.60488    -21.262535  0.000  0.000  0.000  0.000  0.000  0.000  0.000  0.000  0.000  0.000
   1.61812    -21.262533  0.000  0.000  0.000  0.000  0.000  0.000  0.000  0.000  0.000  0.000
   1.63135    -21.262527  0.000  0.000  0.000  0.000  0.000  0.000  0.000  0.000  0.000  0.000
   1.64459    -21.262522  0.000  0.000  0.000  0.000  0.000  0.000  0.000  0.000  0.000  0.000
   1.65783    -21.262514  0.000  0.000  0.000  0.000  0.000  0.000  0.000  0.000  0.000  0.000
   1.67107    -21.262509  0.000  0.000  0.000  0.000  0.000  0.000  0.000  0.000  0.000  0.000
   1.68431    -21.262503  0.000  0.000  0.000  0.000  0.000  0.000  0.000  0.000  0.000  0.000
   1.69755    -21.262501  0.000  0.000  0.000  0.000  0.000  0.000  0.000  0.000  0.000  0.000
   1.71078    -21.262495  0.000  0.000  0.000  0.000  0.000  0.000  0.000  0.000  0.000  0.000
   1.72402    -21.262481  0.000  0.000  0.000  0.000  0.000  0.000  0.000  0.000  0.000  0.000
   1.73726    -21.262482  0.000  0.000  0.000  0.000  0.000  0.000  0.000  0.000  0.000  0.000
   1.75050    -21.262478  0.000  0.000  0.000  0.000  0.000  0.000  0.000  0.000  0.000  0.000
   1.76374    -21.262472  0.000  0.000  0.000  0.000  0.000  0.000  0.000  0.000  0.000  0.000
   1.77698    -21.262468  0.000  0.000  0.000  0.000  0.000  0.000  0.000  0.000  0.000  0.000
   1.79021    -21.262467  0.000  0.000  0.000  0.000  0.000  0.000  0.000  0.000  0.000  0.000
   1.80345    -21.262464  0.000  0.000  0.000  0.000  0.000  0.000  0.000  0.000  0.000  0.000
   1.81669    -21.262461  0.000  0.000  0.000  0.000  0.000  0.000  0.000  0.000  0.000  0.000
   1.81669    -21.262461  0.000  0.000  0.000  0.000  0.000  0.000  0.000  0.000  0.000  0.000
   1.84317    -21.262463  0.000  0.000  0.000  0.000  0.000  0.000  0.000  0.000  0.000  0.000
   1.86964    -21.262476  0.000  0.000  0.000  0.000  0.000  0.000  0.000  0.000  0.000  0.000
   1.89612    -21.262488  0.000  0.000  0.000  0.000  0.000  0.000  0.000  0.000  0.000  0.000
   1.92260    -21.262499  0.000  0.000  0.000  0.000  0.000  0.000  0.000  0.000  0.000  0.000
   1.94907    -21.262528  0.000  0.000  0.000  0.000  0.000  0.000  0.000  0.000  0.000  0.000
   1.97555    -21.262548  0.000  0.000  0.000  0.000  0.000  0.000  0.000  0.000  0.000  0.000
   2.00203    -21.262577  0.000  0.000  0.000  0.000  0.000  0.000  0.000  0.000  0.000  0.000
   2.02850    -21.262610  0.000  0.000  0.000  0.000  0.000  0.000  0.000  0.000  0.000  0.000
   2.05498    -21.262641  0.000  0.000  0.000  0.000  0.000  0.000  0.000  0.000  0.000  0.000
   2.08146    -21.262685  0.000  0.000  0.000  0.000  0.000  0.000  0.000  0.000  0.000  0.000
   2.10793    -21.262732  0.000  0.000  0.000  0.000  0.000  0.000  0.000  0.000  0.000  0.000
   2.13441    -21.262779  0.000  0.000  0.000  0.000  0.000  0.000  0.000  0.000  0.000  0.000
   2.16089    -21.262830  0.000  0.000  0.000  0.000  0.000  0.000  0.000  0.000  0.000  0.000
   2.18736    -21.262882  0.000  0.000  0.000  0.000  0.000  0.000  0.000  0.000  0.000  0.000
   2.21384    -21.262940  0.000  0.000  0.000  0.000  0.000  0.000  0.000  0.000  0.000  0.000
   2.24032    -21.262993  0.000  0.000  0.000  0.000  0.000  0.000  0.000  0.000  0.000  0.000
   2.26680    -21.263044  0.000  0.000  0.000  0.000  0.000  0.000  0.000  0.000  0.000  0.000
   2.29327    -21.263102  0.000  0.000  0.000  0.000  0.000  0.000  0.000  0.000  0.000  0.000
   2.31975    -21.263160  0.000  0.000  0.000  0.000  0.000  0.000  0.000  0.000  0.000  0.000
   2.34623    -21.263210  0.000  0.000  0.000  0.000  0.000  0.000  0.000  0.000  0.000  0.000
   2.37270    -21.263265  0.000  0.000  0.000  0.000  0.000  0.000  0.000  0.000  0.000  0.000
   2.39918    -21.263313  0.000  0.000  0.000  0.000  0.000  0.000  0.000  0.000  0.000  0.000
   2.42566    -21.263364  0.000  0.000  0.000  0.000  0.000  0.000  0.000  0.000  0.000  0.000
   2.45213    -21.263398  0.000  0.000  0.000  0.000  0.000  0.000  0.000  0.000  0.000  0.000
   2.47861    -21.263426  0.000  0.000  0.000  0.000  0.000  0.000  0.000  0.000  0.000  0.000
   2.50509    -21.263454  0.000  0.000  0.000  0.000  0.000  0.000  0.000  0.000  0.000  0.000
   2.53156    -21.263483  0.000  0.000  0.000  0.000  0.000  0.000  0.000  0.000  0.000  0.000
   2.55804    -21.263495  0.000  0.000  0.000  0.000  0.000  0.000  0.000  0.000  0.000  0.000
   2.58452    -21.263495  0.000  0.000  0.000  0.000  0.000  0.000  0.000  0.000  0.000  0.000
 
# Band-Index:    6
   2.58452    -21.263495  0.000  0.000  0.000  0.000  0.000  0.000  0.000  0.000  0.000  0.000
   2.55804    -21.263495  0.000  0.000  0.000  0.000  0.000  0.000  0.000  0.000  0.000  0.000
   2.53156    -21.263482  0.000  0.000  0.000  0.000  0.000  0.000  0.000  0.000  0.000  0.000
   2.50509    -21.263454  0.000  0.000  0.000  0.000  0.000  0.000  0.000  0.000  0.000  0.000
   2.47861    -21.263426  0.000  0.000  0.000  0.000  0.000  0.000  0.000  0.000  0.000  0.000
   2.45213    -21.263398  0.000  0.000  0.000  0.000  0.000  0.000  0.000  0.000  0.000  0.000
   2.42566    -21.263363  0.000  0.000  0.000  0.000  0.000  0.000  0.000  0.000  0.000  0.000
   2.39918    -21.263311  0.000  0.000  0.000  0.000  0.000  0.000  0.000  0.000  0.000  0.000
   2.37270    -21.263263  0.000  0.000  0.000  0.000  0.000  0.000  0.000  0.000  0.000  0.000
   2.34623    -21.263206  0.000  0.000  0.000  0.000  0.000  0.000  0.000  0.000  0.000  0.000
   2.31975    -21.263154  0.000  0.000  0.000  0.000  0.000  0.000  0.000  0.000  0.000  0.000
   2.29327    -21.263093  0.000  0.000  0.000  0.000  0.000  0.000  0.000  0.000  0.000  0.000
   2.26680    -21.263031  0.000  0.000  0.000  0.000  0.000  0.000  0.000  0.000  0.000  0.000
   2.24032    -21.262975  0.000  0.000  0.000  0.000  0.000  0.000  0.000  0.000  0.000  0.000
   2.21384    -21.262916  0.000  0.000  0.000  0.000  0.000  0.000  0.000  0.000  0.000  0.000
   2.18736    -21.262851  0.000  0.000  0.000  0.000  0.000  0.000  0.000  0.000  0.000  0.000
   2.16089    -21.262790  0.000  0.000  0.000  0.000  0.000  0.000  0.000  0.000  0.000  0.000
   2.13441    -21.262731  0.000  0.000  0.000  0.000  0.000  0.000  0.000  0.000  0.000  0.000
   2.10793    -21.262673  0.000  0.000  0.000  0.000  0.000  0.000  0.000  0.000  0.000  0.000
   2.08146    -21.262616  0.000  0.000  0.000  0.000  0.000  0.000  0.000  0.000  0.000  0.000
   2.05498    -21.262560  0.000  0.000  0.000  0.000  0.000  0.000  0.000  0.000  0.000  0.000
   2.02850    -21.262518  0.000  0.000  0.000  0.000  0.000  0.000  0.000  0.000  0.000  0.000
   2.00203    -21.262474  0.000  0.000  0.000  0.000  0.000  0.000  0.000  0.000  0.000  0.000
   1.97555    -21.262435  0.000  0.000  0.000  0.000  0.000  0.000  0.000  0.000  0.000  0.000
   1.94907    -21.262405  0.000  0.000  0.000  0.000  0.000  0.000  0.000  0.000  0.000  0.000
   1.92260    -21.262368  0.000  0.000  0.000  0.000  0.000  0.000  0.000  0.000  0.000  0.000
   1.89612    -21.262351  0.000  0.000  0.000  0.000  0.000  0.000  0.000  0.000  0.000  0.000
   1.86964    -21.262333  0.000  0.000  0.000  0.000  0.000  0.000  0.000  0.000  0.000  0.000
   1.84317    -21.262317  0.000  0.000  0.000  0.000  0.000  0.000  0.000  0.000  0.000  0.000
   1.81669    -21.262314  0.000  0.000  0.000  0.000  0.000  0.000  0.000  0.000  0.000  0.000
   1.81669    -21.262314  0.000  0.000  0.000  0.000  0.000  0.000  0.000  0.000  0.000  0.000
   1.80345    -21.262318  0.000  0.000  0.000  0.000  0.000  0.000  0.000  0.000  0.000  0.000
   1.79021    -21.262322  0.000  0.000  0.000  0.000  0.000  0.000  0.000  0.000  0.000  0.000
   1.77698    -21.262324  0.000  0.000  0.000  0.000  0.000  0.000  0.000  0.000  0.000  0.000
   1.76374    -21.262330  0.000  0.000  0.000  0.000  0.000  0.000  0.000  0.000  0.000  0.000
   1.75050    -21.262338  0.000  0.000  0.000  0.000  0.000  0.000  0.000  0.000  0.000  0.000
   1.73726    -21.262345  0.000  0.000  0.000  0.000  0.000  0.000  0.000  0.000  0.000  0.000
   1.72402    -21.262346  0.000  0.000  0.000  0.000  0.000  0.000  0.000  0.000  0.000  0.000
   1.71078    -21.262365  0.000  0.000  0.000  0.000  0.000  0.000  0.000  0.000  0.000  0.000
   1.69755    -21.262375  0.000  0.000  0.000  0.000  0.000  0.000  0.000  0.000  0.000  0.000
   1.68431    -21.262381  0.000  0.000  0.000  0.000  0.000  0.000  0.000  0.000  0.000  0.000
   1.67107    -21.262392  0.000  0.000  0.000  0.000  0.000  0.000  0.000  0.000  0.000  0.000
   1.65783    -21.262402  0.000  0.000  0.000  0.000  0.000  0.000  0.000  0.000  0.000  0.000
   1.64459    -21.262415  0.000  0.000  0.000  0.000  0.000  0.000  0.000  0.000  0.000  0.000
   1.63135    -21.262426  0.000  0.000  0.000  0.000  0.000  0.000  0.000  0.000  0.000  0.000
   1.61812    -21.262438  0.000  0.000  0.000  0.000  0.000  0.000  0.000  0.000  0.000  0.000
   1.60488    -21.262446  0.000  0.000  0.000  0.000  0.000  0.000  0.000  0.000  0.000  0.000
   1.59164    -21.262454  0.000  0.000  0.000  0.000  0.000  0.000  0.000  0.000  0.000  0.000
   1.57840    -21.262463  0.000  0.000  0.000  0.000  0.000  0.000  0.000  0.000  0.000  0.000
   1.56516    -21.262470  0.000  0.000  0.000  0.000  0.000  0.000  0.000  0.000  0.000  0.000
   1.55192    -21.262484  0.000  0.000  0.000  0.000  0.000  0.000  0.000  0.000  0.000  0.000
   1.53869    -21.262492  0.000  0.000  0.000  0.000  0.000  0.000  0.000  0.000  0.000  0.000
   1.52545    -21.262503  0.000  0.000  0.000  0.000  0.000  0.000  0.000  0.000  0.000  0.000
   1.51221    -21.262514  0.000  0.000  0.000  0.000  0.000  0.000  0.000  0.000  0.000  0.000
   1.49897    -21.262526  0.000  0.000  0.000  0.000  0.000  0.000  0.000  0.000  0.000  0.000
   1.48573    -21.262534  0.000  0.000  0.000  0.000  0.000  0.000  0.000  0.000  0.000  0.000
   1.47249    -21.262541  0.000  0.000  0.000  0.000  0.000  0.000  0.000  0.000  0.000  0.000
   1.45926    -21.262550  0.000  0.000  0.000  0.000  0.000  0.000  0.000  0.000  0.000  0.000
   1.44602    -21.262555  0.000  0.000  0.000  0.000  0.000  0.000  0.000  0.000  0.000  0.000
   1.43278    -21.262560  0.000  0.000  0.000  0.000  0.000  0.000  0.000  0.000  0.000  0.000
   1.43278    -21.262560  0.000  0.000  0.000  0.000  0.000  0.000  0.000  0.000  0.000  0.000
   1.40985    -21.262557  0.000  0.000  0.000  0.000  0.000  0.000  0.000  0.000  0.000  0.000
   1.38692    -21.262571  0.000  0.000  0.000  0.000  0.000  0.000  0.000  0.000  0.000  0.000
   1.36399    -21.262581  0.000  0.000  0.000  0.000  0.000  0.000  0.000  0.000  0.000  0.000
   1.34106    -21.262599  0.000  0.000  0.000  0.000  0.000  0.000  0.000  0.000  0.000  0.000
   1.31813    -21.262622  0.000  0.000  0.000  0.000  0.000  0.000  0.000  0.000  0.000  0.000
   1.29520    -21.262651  0.000  0.000  0.000  0.000  0.000  0.000  0.000  0.000  0.000  0.000
   1.27227    -21.262681  0.000  0.000  0.000  0.000  0.000  0.000  0.000  0.000  0.000  0.000
   1.24934    -21.262718  0.000  0.000  0.000  0.000  0.000  0.000  0.000  0.000  0.000  0.000
   1.22641    -21.262756  0.000  0.000  0.000  0.000  0.000  0.000  0.000  0.000  0.000  0.000
   1.20348    -21.262799  0.000  0.000  0.000  0.000  0.000  0.000  0.000  0.000  0.000  0.000
   1.18055    -21.262840  0.000  0.000  0.000  0.000  0.000  0.000  0.000  0.000  0.000  0.000
   1.15763    -21.262879  0.000  0.000  0.000  0.000  0.000  0.000  0.000  0.000  0.000  0.000
   1.13470    -21.262929  0.000  0.000  0.000  0.000  0.000  0.000  0.000  0.000  0.000  0.000
   1.11177    -21.262984  0.000  0.000  0.000  0.000  0.000  0.000  0.000  0.000  0.000  0.000
   1.08884    -21.263037  0.000  0.000  0.000  0.000  0.000  0.000  0.000  0.000  0.000  0.000
   1.06591    -21.263087  0.000  0.000  0.000  0.000  0.000  0.000  0.000  0.000  0.000  0.000
   1.04298    -21.263138  0.000  0.000  0.000  0.000  0.000  0.000  0.000  0.000  0.000  0.000
   1.02005    -21.263183  0.000  0.000  0.000  0.000  0.000  0.000  0.000  0.000  0.000  0.000
   0.99712    -21.263232  0.000  0.000  0.000  0.000  0.000  0.000  0.000  0.000  0.000  0.000
   0.97419    -21.263276  0.000  0.000  0.000  0.000  0.000  0.000  0.000  0.000  0.000  0.000
   0.95126    -21.263317  0.000  0.000  0.000  0.000  0.000  0.000  0.000  0.000  0.000  0.000
   0.92833    -21.263355  0.000  0.000  0.000  0.000  0.000  0.000  0.000  0.000  0.000  0.000
   0.90540    -21.263391  0.000  0.000  0.000  0.000  0.000  0.000  0.000  0.000  0.000  0.000
   0.88247    -21.263415  0.000  0.000  0.000  0.000  0.000  0.000  0.000  0.000  0.000  0.000
   0.85954    -21.263446  0.000  0.000  0.000  0.000  0.000  0.000  0.000  0.000  0.000  0.000
   0.83661    -21.263467  0.000  0.000  0.000  0.000  0.000  0.000  0.000  0.000  0.000  0.000
   0.81368    -21.263486  0.000  0.000  0.000  0.000  0.000  0.000  0.000  0.000  0.000  0.000
   0.79075    -21.263497  0.000  0.000  0.000  0.000  0.000  0.000  0.000  0.000  0.000  0.000
   0.76782    -21.263495  0.000  0.000  0.000  0.000  0.000  0.000  0.000  0.000  0.000  0.000
   0.76782    -21.263495  0.000  0.000  0.000  0.000  0.000  0.000  0.000  0.000  0.000  0.000
   0.74135    -21.263495  0.000  0.000  0.000  0.000  0.000  0.000  0.000  0.000  0.000  0.000
   0.71487    -21.263482  0.000  0.000  0.000  0.000  0.000  0.000  0.000  0.000  0.000  0.000
   0.68839    -21.263454  0.000  0.000  0.000  0.000  0.000  0.000  0.000  0.000  0.000  0.000
   0.66192    -21.263426  0.000  0.000  0.000  0.000  0.000  0.000  0.000  0.000  0.000  0.000
   0.63544    -21.263398  0.000  0.000  0.000  0.000  0.000  0.000  0.000  0.000  0.000  0.000
   0.60896    -21.263363  0.000  0.000  0.000  0.000  0.000  0.000  0.000  0.000  0.000  0.000
   0.58249    -21.263311  0.000  0.000  0.000  0.000  0.000  0.000  0.000  0.000  0.000  0.000
   0.55601    -21.263263  0.000  0.000  0.000  0.000  0.000  0.000  0.000  0.000  0.000  0.000
   0.52953    -21.263206  0.000  0.000  0.000  0.000  0.000  0.000  0.000  0.000  0.000  0.000
   0.50306    -21.263154  0.000  0.000  0.000  0.000  0.000  0.000  0.000  0.000  0.000  0.000
   0.47658    -21.263093  0.000  0.000  0.000  0.000  0.000  0.000  0.000  0.000  0.000  0.000
   0.45010    -21.263031  0.000  0.000  0.000  0.000  0.000  0.000  0.000  0.000  0.000  0.000
   0.42363    -21.262975  0.000  0.000  0.000  0.000  0.000  0.000  0.000  0.000  0.000  0.000
   0.39715    -21.262916  0.000  0.000  0.000  0.000  0.000  0.000  0.000  0.000  0.000  0.000
   0.37067    -21.262851  0.000  0.000  0.000  0.000  0.000  0.000  0.000  0.000  0.000  0.000
   0.34420    -21.262790  0.000  0.000  0.000  0.000  0.000  0.000  0.000  0.000  0.000  0.000
   0.31772    -21.262731  0.000  0.000  0.000  0.000  0.000  0.000  0.000  0.000  0.000  0.000
   0.29124    -21.262673  0.000  0.000  0.000  0.000  0.000  0.000  0.000  0.000  0.000  0.000
   0.26477    -21.262616  0.000  0.000  0.000  0.000  0.000  0.000  0.000  0.000  0.000  0.000
   0.23829    -21.262560  0.000  0.000  0.000  0.000  0.000  0.000  0.000  0.000  0.000  0.000
   0.21181    -21.262518  0.000  0.000  0.000  0.000  0.000  0.000  0.000  0.000  0.000  0.000
   0.18534    -21.262474  0.000  0.000  0.000  0.000  0.000  0.000  0.000  0.000  0.000  0.000
   0.15886    -21.262435  0.000  0.000  0.000  0.000  0.000  0.000  0.000  0.000  0.000  0.000
   0.13238    -21.262405  0.000  0.000  0.000  0.000  0.000  0.000  0.000  0.000  0.000  0.000
   0.10591    -21.262368  0.000  0.000  0.000  0.000  0.000  0.000  0.000  0.000  0.000  0.000
   0.07943    -21.262351  0.000  0.000  0.000  0.000  0.000  0.000  0.000  0.000  0.000  0.000
   0.05295    -21.262333  0.000  0.000  0.000  0.000  0.000  0.000  0.000  0.000  0.000  0.000
   0.02648    -21.262317  0.000  0.000  0.000  0.000  0.000  0.000  0.000  0.000  0.000  0.000
   0.00000    -21.262314  0.000  0.000  0.000  0.000  0.000  0.000  0.000  0.000  0.000  0.000
 
# Band-Index:    7
   0.00000    -21.249577  0.000  0.000  0.000  0.000  0.000  0.000  0.000  0.000  0.000  0.000
   0.02648    -21.249576  0.000  0.000  0.000  0.000  0.000  0.000  0.000  0.000  0.000  0.000
   0.05295    -21.249587  0.000  0.000  0.000  0.000  0.000  0.000  0.000  0.000  0.000  0.000
   0.07943    -21.249580  0.000  0.000  0.000  0.000  0.000  0.000  0.000  0.000  0.000  0.000
   0.10591    -21.249569  0.000  0.000  0.000  0.000  0.000  0.000  0.000  0.000  0.000  0.000
   0.13238    -21.249569  0.000  0.000  0.000  0.000  0.000  0.000  0.000  0.000  0.000  0.000
   0.15886    -21.249555  0.000  0.000  0.000  0.000  0.000  0.000  0.000  0.000  0.000  0.000
   0.18534    -21.249542  0.000  0.000  0.000  0.000  0.000  0.000  0.000  0.000  0.000  0.000
   0.21181    -21.249531  0.000  0.000  0.000  0.000  0.000  0.000  0.000  0.000  0.000  0.000
   0.23829    -21.249510  0.000  0.000  0.000  0.000  0.000  0.000  0.000  0.000  0.000  0.000
   0.26477    -21.249500  0.000  0.000  0.000  0.000  0.000  0.000  0.000  0.000  0.000  0.000
   0.29124    -21.249484  0.000  0.000  0.000  0.000  0.000  0.000  0.000  0.000  0.000  0.000
   0.31772    -21.249466  0.000  0.000  0.000  0.000  0.000  0.000  0.000  0.000  0.000  0.000
   0.34420    -21.249446  0.000  0.000  0.000  0.000  0.000  0.000  0.000  0.000  0.000  0.000
   0.37067    -21.249428  0.000  0.000  0.000  0.000  0.000  0.000  0.000  0.000  0.000  0.000
   0.39715    -21.249412  0.000  0.000  0.000  0.000  0.000  0.000  0.000  0.000  0.000  0.000
   0.42363    -21.249389  0.000  0.000  0.000  0.000  0.000  0.000  0.000  0.000  0.000  0.000
   0.45010    -21.249369  0.000  0.000  0.000  0.000  0.000  0.000  0.000  0.000  0.000  0.000
   0.47658    -21.249357  0.000  0.000  0.000  0.000  0.000  0.000  0.000  0.000  0.000  0.000
   0.50306    -21.249342  0.000  0.000  0.000  0.000  0.000  0.000  0.000  0.000  0.000  0.000
   0.52953    -21.249326  0.000  0.000  0.000  0.000  0.000  0.000  0.000  0.000  0.000  0.000
   0.55601    -21.249319  0.000  0.000  0.000  0.000  0.000  0.000  0.000  0.000  0.000  0.000
   0.58249    -21.249305  0.000  0.000  0.000  0.000  0.000  0.000  0.000  0.000  0.000  0.000
   0.60896    -21.249308  0.000  0.000  0.000  0.000  0.000  0.000  0.000  0.000  0.000  0.000
   0.63544    -21.249300  0.000  0.000  0.000  0.000  0.000  0.000  0.000  0.000  0.000  0.000
   0.66192    -21.249290  0.000  0.000  0.000  0.000  0.000  0.000  0.000  0.000  0.000  0.000
   0.68839    -21.249291  0.000  0.000  0.000  0.000  0.000  0.000  0.000  0.000  0.000  0.000
   0.71487    -21.249303  0.000  0.000  0.000  0.000  0.000  0.000  0.000  0.000  0.000  0.000
   0.74135    -21.249306  0.000  0.000  0.000  0.000  0.000  0.000  0.000  0.000  0.000  0.000
   0.76782    -21.249302  0.000  0.000  0.000  0.000  0.000  0.000  0.000  0.000  0.000  0.000
   0.76782    -21.249302  0.000  0.000  0.000  0.000  0.000  0.000  0.000  0.000  0.000  0.000
   0.79075    -21.249306  0.000  0.000  0.000  0.000  0.000  0.000  0.000  0.000  0.000  0.000
   0.81368    -21.249301  0.000  0.000  0.000  0.000  0.000  0.000  0.000  0.000  0.000  0.000
   0.83661    -21.249294  0.000  0.000  0.000  0.000  0.000  0.000  0.000  0.000  0.000  0.000
   0.85954    -21.249293  0.000  0.000  0.000  0.000  0.000  0.000  0.000  0.000  0.000  0.000
   0.88247    -21.249288  0.000  0.000  0.000  0.000  0.000  0.000  0.000  0.000  0.000  0.000
   0.90540    -21.249298  0.000  0.000  0.000  0.000  0.000  0.000  0.000  0.000  0.000  0.000
   0.92833    -21.249298  0.000  0.000  0.000  0.000  0.000  0.000  0.000  0.000  0.000  0.000
   0.95126    -21.249298  0.000  0.000  0.000  0.000  0.000  0.000  0.000  0.000  0.000  0.000
   0.97419    -21.249303  0.000  0.000  0.000  0.000  0.000  0.000  0.000  0.000  0.000  0.000
   0.99712    -21.249307  0.000  0.000  0.000  0.000  0.000  0.000  0.000  0.000  0.000  0.000
   1.02005    -21.249311  0.000  0.000  0.000  0.000  0.000  0.000  0.000  0.000  0.000  0.000
   1.04298    -21.249321  0.000  0.000  0.000  0.000  0.000  0.000  0.000  0.000  0.000  0.000
   1.06591    -21.249327  0.000  0.000  0.000  0.000  0.000  0.000  0.000  0.000  0.000  0.000
   1.08884    -21.249335  0.000  0.000  0.000  0.000  0.000  0.000  0.000  0.000  0.000  0.000
   1.11177    -21.249338  0.000  0.000  0.000  0.000  0.000  0.000  0.000  0.000  0.000  0.000
   1.13470    -21.249336  0.000  0.000  0.000  0.000  0.000  0.000  0.000  0.000  0.000  0.000
   1.15763    -21.249344  0.000  0.000  0.000  0.000  0.000  0.000  0.000  0.000  0.000  0.000
   1.18055    -21.249357  0.000  0.000  0.000  0.000  0.000  0.000  0.000  0.000  0.000  0.000
   1.20348    -21.249366  0.000  0.000  0.000  0.000  0.000  0.000  0.000  0.000  0.000  0.000
   1.22641    -21.249373  0.000  0.000  0.000  0.000  0.000  0.000  0.000  0.000  0.000  0.000
   1.24934    -21.249386  0.000  0.000  0.000  0.000  0.000  0.000  0.000  0.000  0.000  0.000
   1.27227    -21.249389  0.000  0.000  0.000  0.000  0.000  0.000  0.000  0.000  0.000  0.000
   1.29520    -21.249397  0.000  0.000  0.000  0.000  0.000  0.000  0.000  0.000  0.000  0.000
   1.31813    -21.249400  0.000  0.000  0.000  0.000  0.000  0.000  0.000  0.000  0.000  0.000
   1.34106    -21.249405  0.000  0.000  0.000  0.000  0.000  0.000  0.000  0.000  0.000  0.000
   1.36399    -21.249411  0.000  0.000  0.000  0.000  0.000  0.000  0.000  0.000  0.000  0.000
   1.38692    -21.249424  0.000  0.000  0.000  0.000  0.000  0.000  0.000  0.000  0.000  0.000
   1.40985    -21.249421  0.000  0.000  0.000  0.000  0.000  0.000  0.000  0.000  0.000  0.000
   1.43278    -21.249424  0.000  0.000  0.000  0.000  0.000  0.000  0.000  0.000  0.000  0.000
   1.43278    -21.249424  0.000  0.000  0.000  0.000  0.000  0.000  0.000  0.000  0.000  0.000
   1.44602    -21.249433  0.000  0.000  0.000  0.000  0.000  0.000  0.000  0.000  0.000  0.000
   1.45926    -21.249444  0.000  0.000  0.000  0.000  0.000  0.000  0.000  0.000  0.000  0.000
   1.47249    -21.249453  0.000  0.000  0.000  0.000  0.000  0.000  0.000  0.000  0.000  0.000
   1.48573    -21.249464  0.000  0.000  0.000  0.000  0.000  0.000  0.000  0.000  0.000  0.000
   1.49897    -21.249473  0.000  0.000  0.000  0.000  0.000  0.000  0.000  0.000  0.000  0.000
   1.51221    -21.249478  0.000  0.000  0.000  0.000  0.000  0.000  0.000  0.000  0.000  0.000
   1.52545    -21.249484  0.000  0.000  0.000  0.000  0.000  0.000  0.000  0.000  0.000  0.000
   1.53869    -21.249490  0.000  0.000  0.000  0.000  0.000  0.000  0.000  0.000  0.000  0.000
   1.55192    -21.249501  0.000  0.000  0.000  0.000  0.000  0.000  0.000  0.000  0.000  0.000
   1.56516    -21.249504  0.000  0.000  0.000  0.000  0.000  0.000  0.000  0.000  0.000  0.000
   1.57840    -21.249515  0.000  0.000  0.000  0.000  0.000  0.000  0.000  0.000  0.000  0.000
   1.59164    -21.249526  0.000  0.000  0.000  0.000  0.000  0.000  0.000  0.000  0.000  0.000
   1.60488    -21.249535  0.000  0.000  0.000  0.000  0.000  0.000  0.000  0.000  0.000  0.000
   1.61812    -21.249544  0.000  0.000  0.000  0.000  0.000  0.000  0.000  0.000  0.000  0.000
   1.63135    -21.249550  0.000  0.000  0.000  0.000  0.000  0.000  0.000  0.000  0.000  0.000
   1.64459    -21.249560  0.000  0.000  0.000  0.000  0.000  0.000  0.000  0.000  0.000  0.000
   1.65783    -21.249563  0.000  0.000  0.000  0.000  0.000  0.000  0.000  0.000  0.000  0.000
   1.67107    -21.249568  0.000  0.000  0.000  0.000  0.000  0.000  0.000  0.000  0.000  0.000
   1.68431    -21.249572  0.000  0.000  0.000  0.000  0.000  0.000  0.000  0.000  0.000  0.000
   1.69755    -21.249578  0.000  0.000  0.000  0.000  0.000  0.000  0.000  0.000  0.000  0.000
   1.71078    -21.249578  0.000  0.000  0.000  0.000  0.000  0.000  0.000  0.000  0.000  0.000
   1.72402    -21.249578  0.000  0.000  0.000  0.000  0.000  0.000  0.000  0.000  0.000  0.000
   1.73726    -21.249586  0.000  0.000  0.000  0.000  0.000  0.000  0.000  0.000  0.000  0.000
   1.75050    -21.249588  0.000  0.000  0.000  0.000  0.000  0.000  0.000  0.000  0.000  0.000
   1.76374    -21.249587  0.000  0.000  0.000  0.000  0.000  0.000  0.000  0.000  0.000  0.000
   1.77698    -21.249583  0.000  0.000  0.000  0.000  0.000  0.000  0.000  0.000  0.000  0.000
   1.79021    -21.249584  0.000  0.000  0.000  0.000  0.000  0.000  0.000  0.000  0.000  0.000
   1.80345    -21.249583  0.000  0.000  0.000  0.000  0.000  0.000  0.000  0.000  0.000  0.000
   1.81669    -21.249577  0.000  0.000  0.000  0.000  0.000  0.000  0.000  0.000  0.000  0.000
   1.81669    -21.249577  0.000  0.000  0.000  0.000  0.000  0.000  0.000  0.000  0.000  0.000
   1.84317    -21.249576  0.000  0.000  0.000  0.000  0.000  0.000  0.000  0.000  0.000  0.000
   1.86964    -21.249587  0.000  0.000  0.000  0.000  0.000  0.000  0.000  0.000  0.000  0.000
   1.89612    -21.249580  0.000  0.000  0.000  0.000  0.000  0.000  0.000  0.000  0.000  0.000
   1.92260    -21.249569  0.000  0.000  0.000  0.000  0.000  0.000  0.000  0.000  0.000  0.000
   1.94907    -21.249569  0.000  0.000  0.000  0.000  0.000  0.000  0.000  0.000  0.000  0.000
   1.97555    -21.249555  0.000  0.000  0.000  0.000  0.000  0.000  0.000  0.000  0.000  0.000
   2.00203    -21.249542  0.000  0.000  0.000  0.000  0.000  0.000  0.000  0.000  0.000  0.000
   2.02850    -21.249531  0.000  0.000  0.000  0.000  0.000  0.000  0.000  0.000  0.000  0.000
   2.05498    -21.249510  0.000  0.000  0.000  0.000  0.000  0.000  0.000  0.000  0.000  0.000
   2.08146    -21.249500  0.000  0.000  0.000  0.000  0.000  0.000  0.000  0.000  0.000  0.000
   2.10793    -21.249484  0.000  0.000  0.000  0.000  0.000  0.000  0.000  0.000  0.000  0.000
   2.13441    -21.249466  0.000  0.000  0.000  0.000  0.000  0.000  0.000  0.000  0.000  0.000
   2.16089    -21.249446  0.000  0.000  0.000  0.000  0.000  0.000  0.000  0.000  0.000  0.000
   2.18736    -21.249428  0.000  0.000  0.000  0.000  0.000  0.000  0.000  0.000  0.000  0.000
   2.21384    -21.249412  0.000  0.000  0.000  0.000  0.000  0.000  0.000  0.000  0.000  0.000
   2.24032    -21.249389  0.000  0.000  0.000  0.000  0.000  0.000  0.000  0.000  0.000  0.000
   2.26680    -21.249369  0.000  0.000  0.000  0.000  0.000  0.000  0.000  0.000  0.000  0.000
   2.29327    -21.249357  0.000  0.000  0.000  0.000  0.000  0.000  0.000  0.000  0.000  0.000
   2.31975    -21.249342  0.000  0.000  0.000  0.000  0.000  0.000  0.000  0.000  0.000  0.000
   2.34623    -21.249326  0.000  0.000  0.000  0.000  0.000  0.000  0.000  0.000  0.000  0.000
   2.37270    -21.249319  0.000  0.000  0.000  0.000  0.000  0.000  0.000  0.000  0.000  0.000
   2.39918    -21.249305  0.000  0.000  0.000  0.000  0.000  0.000  0.000  0.000  0.000  0.000
   2.42566    -21.249308  0.000  0.000  0.000  0.000  0.000  0.000  0.000  0.000  0.000  0.000
   2.45213    -21.249300  0.000  0.000  0.000  0.000  0.000  0.000  0.000  0.000  0.000  0.000
   2.47861    -21.249290  0.000  0.000  0.000  0.000  0.000  0.000  0.000  0.000  0.000  0.000
   2.50509    -21.249291  0.000  0.000  0.000  0.000  0.000  0.000  0.000  0.000  0.000  0.000
   2.53156    -21.249303  0.000  0.000  0.000  0.000  0.000  0.000  0.000  0.000  0.000  0.000
   2.55804    -21.249306  0.000  0.000  0.000  0.000  0.000  0.000  0.000  0.000  0.000  0.000
   2.58452    -21.249302  0.000  0.000  0.000  0.000  0.000  0.000  0.000  0.000  0.000  0.000
 
# Band-Index:    8
   2.58452    -21.249302  0.000  0.000  0.000  0.000  0.000  0.000  0.000  0.000  0.000  0.000
   2.55804    -21.249306  0.000  0.000  0.000  0.000  0.000  0.000  0.000  0.000  0.000  0.000
   2.53156    -21.249303  0.000  0.000  0.000  0.000  0.000  0.000  0.000  0.000  0.000  0.000
   2.50509    -21.249289  0.000  0.000  0.000  0.000  0.000  0.000  0.000  0.000  0.000  0.000
   2.47861    -21.249286  0.000  0.000  0.000  0.000  0.000  0.000  0.000  0.000  0.000  0.000
   2.45213    -21.249292  0.000  0.000  0.000  0.000  0.000  0.000  0.000  0.000  0.000  0.000
   2.42566    -21.249296  0.000  0.000  0.000  0.000  0.000  0.000  0.000  0.000  0.000  0.000
   2.39918    -21.249286  0.000  0.000  0.000  0.000  0.000  0.000  0.000  0.000  0.000  0.000
   2.37270    -21.249290  0.000  0.000  0.000  0.000  0.000  0.000  0.000  0.000  0.000  0.000
   2.34623    -21.249286  0.000  0.000  0.000  0.000  0.000  0.000  0.000  0.000  0.000  0.000
   2.31975    -21.249289  0.000  0.000  0.000  0.000  0.000  0.000  0.000  0.000  0.000  0.000
   2.29327    -21.249288  0.000  0.000  0.000  0.000  0.000  0.000  0.000  0.000  0.000  0.000
   2.26680    -21.249282  0.000  0.000  0.000  0.000  0.000  0.000  0.000  0.000  0.000  0.000
   2.24032    -21.249283  0.000  0.000  0.000  0.000  0.000  0.000  0.000  0.000  0.000  0.000
   2.21384    -21.249284  0.000  0.000  0.000  0.000  0.000  0.000  0.000  0.000  0.000  0.000
   2.18736    -21.249276  0.000  0.000  0.000  0.000  0.000  0.000  0.000  0.000  0.000  0.000
   2.16089    -21.249270  0.000  0.000  0.000  0.000  0.000  0.000  0.000  0.000  0.000  0.000
   2.13441    -21.249264  0.000  0.000  0.000  0.000  0.000  0.000  0.000  0.000  0.000  0.000
   2.10793    -21.249256  0.000  0.000  0.000  0.000  0.000  0.000  0.000  0.000  0.000  0.000
   2.08146    -21.249246  0.000  0.000  0.000  0.000  0.000  0.000  0.000  0.000  0.000  0.000
   2.05498    -21.249229  0.000  0.000  0.000  0.000  0.000  0.000  0.000  0.000  0.000  0.000
   2.02850    -21.249224  0.000  0.000  0.000  0.000  0.000  0.000  0.000  0.000  0.000  0.000
   2.00203    -21.249211  0.000  0.000  0.000  0.000  0.000  0.000  0.000  0.000  0.000  0.000
   1.97555    -21.249201  0.000  0.000  0.000  0.000  0.000  0.000  0.000  0.000  0.000  0.000
   1.94907    -21.249194  0.000  0.000  0.000  0.000  0.000  0.000  0.000  0.000  0.000  0.000
   1.92260    -21.249176  0.000  0.000  0.000  0.000  0.000  0.000  0.000  0.000  0.000  0.000
   1.89612    -21.249172  0.000  0.000  0.000  0.000  0.000  0.000  0.000  0.000  0.000  0.000
   1.86964    -21.249167  0.000  0.000  0.000  0.000  0.000  0.000  0.000  0.000  0.000  0.000
   1.84317    -21.249149  0.000  0.000  0.000  0.000  0.000  0.000  0.000  0.000  0.000  0.000
   1.81669    -21.249148  0.000  0.000  0.000  0.000  0.000  0.000  0.000  0.000  0.000  0.000
   1.81669    -21.249148  0.000  0.000  0.000  0.000  0.000  0.000  0.000  0.000  0.000  0.000
   1.80345    -21.249154  0.000  0.000  0.000  0.000  0.000  0.000  0.000  0.000  0.000  0.000
   1.79021    -21.249158  0.000  0.000  0.000  0.000  0.000  0.000  0.000  0.000  0.000  0.000
   1.77698    -21.249159  0.000  0.000  0.000  0.000  0.000  0.000  0.000  0.000  0.000  0.000
   1.76374    -21.249167  0.000  0.000  0.000  0.000  0.000  0.000  0.000  0.000  0.000  0.000
   1.75050    -21.249175  0.000  0.000  0.000  0.000  0.000  0.000  0.000  0.000  0.000  0.000
   1.73726    -21.249179  0.000  0.000  0.000  0.000  0.000  0.000  0.000  0.000  0.000  0.000
   1.72402    -21.249180  0.000  0.000  0.000  0.000  0.000  0.000  0.000  0.000  0.000  0.000
   1.71078    -21.249190  0.000  0.000  0.000  0.000  0.000  0.000  0.000  0.000  0.000  0.000
   1.69755    -21.249200  0.000  0.000  0.000  0.000  0.000  0.000  0.000  0.000  0.000  0.000
   1.68431    -21.249206  0.000  0.000  0.000  0.000  0.000  0.000  0.000  0.000  0.000  0.000
   1.67107    -21.249216  0.000  0.000  0.000  0.000  0.000  0.000  0.000  0.000  0.000  0.000
   1.65783    -21.249224  0.000  0.000  0.000  0.000  0.000  0.000  0.000  0.000  0.000  0.000
   1.64459    -21.249236  0.000  0.000  0.000  0.000  0.000  0.000  0.000  0.000  0.000  0.000
   1.63135    -21.249242  0.000  0.000  0.000  0.000  0.000  0.000  0.000  0.000  0.000  0.000
   1.61812    -21.249253  0.000  0.000  0.000  0.000  0.000  0.000  0.000  0.000  0.000  0.000
   1.60488    -21.249262  0.000  0.000  0.000  0.000  0.000  0.000  0.000  0.000  0.000  0.000
   1.59164    -21.249271  0.000  0.000  0.000  0.000  0.000  0.000  0.000  0.000  0.000  0.000
   1.57840    -21.249279  0.000  0.000  0.000  0.000  0.000  0.000  0.000  0.000  0.000  0.000
   1.56516    -21.249288  0.000  0.000  0.000  0.000  0.000  0.000  0.000  0.000  0.000  0.000
   1.55192    -21.249305  0.000  0.000  0.000  0.000  0.000  0.000  0.000  0.000  0.000  0.000
   1.53869    -21.249315  0.000  0.000  0.000  0.000  0.000  0.000  0.000  0.000  0.000  0.000
   1.52545    -21.249330  0.000  0.000  0.000  0.000  0.000  0.000  0.000  0.000  0.000  0.000
   1.51221    -21.249345  0.000  0.000  0.000  0.000  0.000  0.000  0.000  0.000  0.000  0.000
   1.49897    -21.249362  0.000  0.000  0.000  0.000  0.000  0.000  0.000  0.000  0.000  0.000
   1.48573    -21.249375  0.000  0.000  0.000  0.000  0.000  0.000  0.000  0.000  0.000  0.000
   1.47249    -21.249386  0.000  0.000  0.000  0.000  0.000  0.000  0.000  0.000  0.000  0.000
   1.45926    -21.249399  0.000  0.000  0.000  0.000  0.000  0.000  0.000  0.000  0.000  0.000
   1.44602    -21.249410  0.000  0.000  0.000  0.000  0.000  0.000  0.000  0.000  0.000  0.000
   1.43278    -21.249424  0.000  0.000  0.000  0.000  0.000  0.000  0.000  0.000  0.000  0.000
   1.43278    -21.249424  0.000  0.000  0.000  0.000  0.000  0.000  0.000  0.000  0.000  0.000
   1.40985    -21.249421  0.000  0.000  0.000  0.000  0.000  0.000  0.000  0.000  0.000  0.000
   1.38692    -21.249424  0.000  0.000  0.000  0.000  0.000  0.000  0.000  0.000  0.000  0.000
   1.36399    -21.249411  0.000  0.000  0.000  0.000  0.000  0.000  0.000  0.000  0.000  0.000
   1.34106    -21.249405  0.000  0.000  0.000  0.000  0.000  0.000  0.000  0.000  0.000  0.000
   1.31813    -21.249400  0.000  0.000  0.000  0.000  0.000  0.000  0.000  0.000  0.000  0.000
   1.29520    -21.249397  0.000  0.000  0.000  0.000  0.000  0.000  0.000  0.000  0.000  0.000
   1.27227    -21.249388  0.000  0.000  0.000  0.000  0.000  0.000  0.000  0.000  0.000  0.000
   1.24934    -21.249385  0.000  0.000  0.000  0.000  0.000  0.000  0.000  0.000  0.000  0.000
   1.22641    -21.249373  0.000  0.000  0.000  0.000  0.000  0.000  0.000  0.000  0.000  0.000
   1.20348    -21.249366  0.000  0.000  0.000  0.000  0.000  0.000  0.000  0.000  0.000  0.000
   1.18055    -21.249357  0.000  0.000  0.000  0.000  0.000  0.000  0.000  0.000  0.000  0.000
   1.15763    -21.249344  0.000  0.000  0.000  0.000  0.000  0.000  0.000  0.000  0.000  0.000
   1.13470    -21.249336  0.000  0.000  0.000  0.000  0.000  0.000  0.000  0.000  0.000  0.000
   1.11177    -21.249338  0.000  0.000  0.000  0.000  0.000  0.000  0.000  0.000  0.000  0.000
   1.08884    -21.249334  0.000  0.000  0.000  0.000  0.000  0.000  0.000  0.000  0.000  0.000
   1.06591    -21.249327  0.000  0.000  0.000  0.000  0.000  0.000  0.000  0.000  0.000  0.000
   1.04298    -21.249321  0.000  0.000  0.000  0.000  0.000  0.000  0.000  0.000  0.000  0.000
   1.02005    -21.249311  0.000  0.000  0.000  0.000  0.000  0.000  0.000  0.000  0.000  0.000
   0.99712    -21.249307  0.000  0.000  0.000  0.000  0.000  0.000  0.000  0.000  0.000  0.000
   0.97419    -21.249303  0.000  0.000  0.000  0.000  0.000  0.000  0.000  0.000  0.000  0.000
   0.95126    -21.249298  0.000  0.000  0.000  0.000  0.000  0.000  0.000  0.000  0.000  0.000
   0.92833    -21.249298  0.000  0.000  0.000  0.000  0.000  0.000  0.000  0.000  0.000  0.000
   0.90540    -21.249298  0.000  0.000  0.000  0.000  0.000  0.000  0.000  0.000  0.000  0.000
   0.88247    -21.249288  0.000  0.000  0.000  0.000  0.000  0.000  0.000  0.000  0.000  0.000
   0.85954    -21.249293  0.000  0.000  0.000  0.000  0.000  0.000  0.000  0.000  0.000  0.000
   0.83661    -21.249293  0.000  0.000  0.000  0.000  0.000  0.000  0.000  0.000  0.000  0.000
   0.81368    -21.249301  0.000  0.000  0.000  0.000  0.000  0.000  0.000  0.000  0.000  0.000
   0.79075    -21.249306  0.000  0.000  0.000  0.000  0.000  0.000  0.000  0.000  0.000  0.000
   0.76782    -21.249302  0.000  0.000  0.000  0.000  0.000  0.000  0.000  0.000  0.000  0.000
   0.76782    -21.249302  0.000  0.000  0.000  0.000  0.000  0.000  0.000  0.000  0.000  0.000
   0.74135    -21.249306  0.000  0.000  0.000  0.000  0.000  0.000  0.000  0.000  0.000  0.000
   0.71487    -21.249303  0.000  0.000  0.000  0.000  0.000  0.000  0.000  0.000  0.000  0.000
   0.68839    -21.249289  0.000  0.000  0.000  0.000  0.000  0.000  0.000  0.000  0.000  0.000
   0.66192    -21.249286  0.000  0.000  0.000  0.000  0.000  0.000  0.000  0.000  0.000  0.000
   0.63544    -21.249292  0.000  0.000  0.000  0.000  0.000  0.000  0.000  0.000  0.000  0.000
   0.60896    -21.249296  0.000  0.000  0.000  0.000  0.000  0.000  0.000  0.000  0.000  0.000
   0.58249    -21.249286  0.000  0.000  0.000  0.000  0.000  0.000  0.000  0.000  0.000  0.000
   0.55601    -21.249290  0.000  0.000  0.000  0.000  0.000  0.000  0.000  0.000  0.000  0.000
   0.52953    -21.249286  0.000  0.000  0.000  0.000  0.000  0.000  0.000  0.000  0.000  0.000
   0.50306    -21.249289  0.000  0.000  0.000  0.000  0.000  0.000  0.000  0.000  0.000  0.000
   0.47658    -21.249288  0.000  0.000  0.000  0.000  0.000  0.000  0.000  0.000  0.000  0.000
   0.45010    -21.249282  0.000  0.000  0.000  0.000  0.000  0.000  0.000  0.000  0.000  0.000
   0.42363    -21.249283  0.000  0.000  0.000  0.000  0.000  0.000  0.000  0.000  0.000  0.000
   0.39715    -21.249284  0.000  0.000  0.000  0.000  0.000  0.000  0.000  0.000  0.000  0.000
   0.37067    -21.249276  0.000  0.000  0.000  0.000  0.000  0.000  0.000  0.000  0.000  0.000
   0.34420    -21.249270  0.000  0.000  0.000  0.000  0.000  0.000  0.000  0.000  0.000  0.000
   0.31772    -21.249264  0.000  0.000  0.000  0.000  0.000  0.000  0.000  0.000  0.000  0.000
   0.29124    -21.249256  0.000  0.000  0.000  0.000  0.000  0.000  0.000  0.000  0.000  0.000
   0.26477    -21.249246  0.000  0.000  0.000  0.000  0.000  0.000  0.000  0.000  0.000  0.000
   0.23829    -21.249229  0.000  0.000  0.000  0.000  0.000  0.000  0.000  0.000  0.000  0.000
   0.21181    -21.249224  0.000  0.000  0.000  0.000  0.000  0.000  0.000  0.000  0.000  0.000
   0.18534    -21.249211  0.000  0.000  0.000  0.000  0.000  0.000  0.000  0.000  0.000  0.000
   0.15886    -21.249201  0.000  0.000  0.000  0.000  0.000  0.000  0.000  0.000  0.000  0.000
   0.13238    -21.249194  0.000  0.000  0.000  0.000  0.000  0.000  0.000  0.000  0.000  0.000
   0.10591    -21.249176  0.000  0.000  0.000  0.000  0.000  0.000  0.000  0.000  0.000  0.000
   0.07943    -21.249172  0.000  0.000  0.000  0.000  0.000  0.000  0.000  0.000  0.000  0.000
   0.05295    -21.249167  0.000  0.000  0.000  0.000  0.000  0.000  0.000  0.000  0.000  0.000
   0.02648    -21.249149  0.000  0.000  0.000  0.000  0.000  0.000  0.000  0.000  0.000  0.000
   0.00000    -21.249148  0.000  0.000  0.000  0.000  0.000  0.000  0.000  0.000  0.000  0.000
 
# Band-Index:    9
   0.00000    -21.243106  0.000  0.000  0.000  0.000  0.000  0.000  0.000  0.000  0.000  0.000
   0.02648    -21.243098  0.000  0.000  0.000  0.000  0.000  0.000  0.000  0.000  0.000  0.000
   0.05295    -21.243089  0.000  0.000  0.000  0.000  0.000  0.000  0.000  0.000  0.000  0.000
   0.07943    -21.243051  0.000  0.000  0.000  0.000  0.000  0.000  0.000  0.000  0.000  0.000
   0.10591    -21.243003  0.000  0.000  0.000  0.000  0.000  0.000  0.000  0.000  0.000  0.000
   0.13238    -21.242961  0.000  0.000  0.000  0.000  0.000  0.000  0.000  0.000  0.000  0.000
   0.15886    -21.242903  0.000  0.000  0.000  0.000  0.000  0.000  0.000  0.000  0.000  0.000
   0.18534    -21.242848  0.000  0.000  0.000  0.000  0.000  0.000  0.000  0.000  0.000  0.000
   0.21181    -21.242782  0.000  0.000  0.000  0.000  0.000  0.000  0.000  0.000  0.000  0.000
   0.23829    -21.242714  0.000  0.000  0.000  0.000  0.000  0.000  0.000  0.000  0.000  0.000
   0.26477    -21.242661  0.000  0.000  0.000  0.000  0.000  0.000  0.000  0.000  0.000  0.000
   0.29124    -21.242599  0.000  0.000  0.000  0.000  0.000  0.000  0.000  0.000  0.000  0.000
   0.31772    -21.242545  0.000  0.000  0.000  0.000  0.000  0.000  0.000  0.000  0.000  0.000
   0.34420    -21.242498  0.000  0.000  0.000  0.000  0.000  0.000  0.000  0.000  0.000  0.000
   0.37067    -21.242457  0.000  0.000  0.000  0.000  0.000  0.000  0.000  0.000  0.000  0.000
   0.39715    -21.242431  0.000  0.000  0.000  0.000  0.000  0.000  0.000  0.000  0.000  0.000
   0.42363    -21.242393  0.000  0.000  0.000  0.000  0.000  0.000  0.000  0.000  0.000  0.000
   0.45010    -21.242369  0.000  0.000  0.000  0.000  0.000  0.000  0.000  0.000  0.000  0.000
   0.47658    -21.242358  0.000  0.000  0.000  0.000  0.000  0.000  0.000  0.000  0.000  0.000
   0.50306    -21.242352  0.000  0.000  0.000  0.000  0.000  0.000  0.000  0.000  0.000  0.000
   0.52953    -21.242357  0.000  0.000  0.000  0.000  0.000  0.000  0.000  0.000  0.000  0.000
   0.55601    -21.242371  0.000  0.000  0.000  0.000  0.000  0.000  0.000  0.000  0.000  0.000
   0.58249    -21.242385  0.000  0.000  0.000  0.000  0.000  0.000  0.000  0.000  0.000  0.000
   0.60896    -21.242404  0.000  0.000  0.000  0.000  0.000  0.000  0.000  0.000  0.000  0.000
   0.63544    -21.242422  0.000  0.000  0.000  0.000  0.000  0.000  0.000  0.000  0.000  0.000
   0.66192    -21.242435  0.000  0.000  0.000  0.000  0.000  0.000  0.000  0.000  0.000  0.000
   0.68839    -21.242450  0.000  0.000  0.000  0.000  0.000  0.000  0.000  0.000  0.000  0.000
   0.71487    -21.242479  0.000  0.000  0.000  0.000  0.000  0.000  0.000  0.000  0.000  0.000
   0.74135    -21.242490  0.000  0.000  0.000  0.000  0.000  0.000  0.000  0.000  0.000  0.000
   0.76782    -21.242485  0.000  0.000  0.000  0.000  0.000  0.000  0.000  0.000  0.000  0.000
   0.76782    -21.242485  0.000  0.000  0.000  0.000  0.000  0.000  0.000  0.000  0.000  0.000
   0.79075    -21.242492  0.000  0.000  0.000  0.000  0.000  0.000  0.000  0.000  0.000  0.000
   0.81368    -21.242482  0.000  0.000  0.000  0.000  0.000  0.000  0.000  0.000  0.000  0.000
   0.83661    -21.242457  0.000  0.000  0.000  0.000  0.000  0.000  0.000  0.000  0.000  0.000
   0.85954    -21.242439  0.000  0.000  0.000  0.000  0.000  0.000  0.000  0.000  0.000  0.000
   0.88247    -21.242408  0.000  0.000  0.000  0.000  0.000  0.000  0.000  0.000  0.000  0.000
   0.90540    -21.242385  0.000  0.000  0.000  0.000  0.000  0.000  0.000  0.000  0.000  0.000
   0.92833    -21.242352  0.000  0.000  0.000  0.000  0.000  0.000  0.000  0.000  0.000  0.000
   0.95126    -21.242316  0.000  0.000  0.000  0.000  0.000  0.000  0.000  0.000  0.000  0.000
   0.97419    -21.242277  0.000  0.000  0.000  0.000  0.000  0.000  0.000  0.000  0.000  0.000
   0.99712    -21.242240  0.000  0.000  0.000  0.000  0.000  0.000  0.000  0.000  0.000  0.000
   1.02005    -21.242197  0.000  0.000  0.000  0.000  0.000  0.000  0.000  0.000  0.000  0.000
   1.04298    -21.242147  0.000  0.000  0.000  0.000  0.000  0.000  0.000  0.000  0.000  0.000
   1.06591    -21.242101  0.000  0.000  0.000  0.000  0.000  0.000  0.000  0.000  0.000  0.000
   1.08884    -21.242051  0.000  0.000  0.000  0.000  0.000  0.000  0.000  0.000  0.000  0.000
   1.11177    -21.242001  0.000  0.000  0.000  0.000  0.000  0.000  0.000  0.000  0.000  0.000
   1.13470    -21.241950  0.000  0.000  0.000  0.000  0.000  0.000  0.000  0.000  0.000  0.000
   1.15763    -21.241894  0.000  0.000  0.000  0.000  0.000  0.000  0.000  0.000  0.000  0.000
   1.18055    -21.241854  0.000  0.000  0.000  0.000  0.000  0.000  0.000  0.000  0.000  0.000
   1.20348    -21.241815  0.000  0.000  0.000  0.000  0.000  0.000  0.000  0.000  0.000  0.000
   1.22641    -21.241770  0.000  0.000  0.000  0.000  0.000  0.000  0.000  0.000  0.000  0.000
   1.24934    -21.241729  0.000  0.000  0.000  0.000  0.000  0.000  0.000  0.000  0.000  0.000
   1.27227    -21.241695  0.000  0.000  0.000  0.000  0.000  0.000  0.000  0.000  0.000  0.000
   1.29520    -21.241660  0.000  0.000  0.000  0.000  0.000  0.000  0.000  0.000  0.000  0.000
   1.31813    -21.241634  0.000  0.000  0.000  0.000  0.000  0.000  0.000  0.000  0.000  0.000
   1.34106    -21.241606  0.000  0.000  0.000  0.000  0.000  0.000  0.000  0.000  0.000  0.000
   1.36399    -21.241588  0.000  0.000  0.000  0.000  0.000  0.000  0.000  0.000  0.000  0.000
   1.38692    -21.241582  0.000  0.000  0.000  0.000  0.000  0.000  0.000  0.000  0.000  0.000
   1.40985    -21.241567  0.000  0.000  0.000  0.000  0.000  0.000  0.000  0.000  0.000  0.000
   1.43278    -21.241563  0.000  0.000  0.000  0.000  0.000  0.000  0.000  0.000  0.000  0.000
   1.43278    -21.241563  0.000  0.000  0.000  0.000  0.000  0.000  0.000  0.000  0.000  0.000
   1.44602    -21.241648  0.000  0.000  0.000  0.000  0.000  0.000  0.000  0.000  0.000  0.000
   1.45926    -21.241733  0.000  0.000  0.000  0.000  0.000  0.000  0.000  0.000  0.000  0.000
   1.47249    -21.241817  0.000  0.000  0.000  0.000  0.000  0.000  0.000  0.000  0.000  0.000
   1.48573    -21.241899  0.000  0.000  0.000  0.000  0.000  0.000  0.000  0.000  0.000  0.000
   1.49897    -21.241986  0.000  0.000  0.000  0.000  0.000  0.000  0.000  0.000  0.000  0.000
   1.51221    -21.242063  0.000  0.000  0.000  0.000  0.000  0.000  0.000  0.000  0.000  0.000
   1.52545    -21.242144  0.000  0.000  0.000  0.000  0.000  0.000  0.000  0.000  0.000  0.000
   1.53869    -21.242221  0.000  0.000  0.000  0.000  0.000  0.000  0.000  0.000  0.000  0.000
   1.55192    -21.242301  0.000  0.000  0.000  0.000  0.000  0.000  0.000  0.000  0.000  0.000
   1.56516    -21.242367  0.000  0.000  0.000  0.000  0.000  0.000  0.000  0.000  0.000  0.000
   1.57840    -21.242443  0.000  0.000  0.000  0.000  0.000  0.000  0.000  0.000  0.000  0.000
   1.59164    -21.242517  0.000  0.000  0.000  0.000  0.000  0.000  0.000  0.000  0.000  0.000
   1.60488    -21.242582  0.000  0.000  0.000  0.000  0.000  0.000  0.000  0.000  0.000  0.000
   1.61812    -21.242647  0.000  0.000  0.000  0.000  0.000  0.000  0.000  0.000  0.000  0.000
   1.63135    -21.242705  0.000  0.000  0.000  0.000  0.000  0.000  0.000  0.000  0.000  0.000
   1.64459    -21.242766  0.000  0.000  0.000  0.000  0.000  0.000  0.000  0.000  0.000  0.000
   1.65783    -21.242819  0.000  0.000  0.000  0.000  0.000  0.000  0.000  0.000  0.000  0.000
   1.67107    -21.242867  0.000  0.000  0.000  0.000  0.000  0.000  0.000  0.000  0.000  0.000
   1.68431    -21.242908  0.000  0.000  0.000  0.000  0.000  0.000  0.000  0.000  0.000  0.000
   1.69755    -21.242947  0.000  0.000  0.000  0.000  0.000  0.000  0.000  0.000  0.000  0.000
   1.71078    -21.242984  0.000  0.000  0.000  0.000  0.000  0.000  0.000  0.000  0.000  0.000
   1.72402    -21.243009  0.000  0.000  0.000  0.000  0.000  0.000  0.000  0.000  0.000  0.000
   1.73726    -21.243046  0.000  0.000  0.000  0.000  0.000  0.000  0.000  0.000  0.000  0.000
   1.75050    -21.243068  0.000  0.000  0.000  0.000  0.000  0.000  0.000  0.000  0.000  0.000
   1.76374    -21.243079  0.000  0.000  0.000  0.000  0.000  0.000  0.000  0.000  0.000  0.000
   1.77698    -21.243092  0.000  0.000  0.000  0.000  0.000  0.000  0.000  0.000  0.000  0.000
   1.79021    -21.243104  0.000  0.000  0.000  0.000  0.000  0.000  0.000  0.000  0.000  0.000
   1.80345    -21.243109  0.000  0.000  0.000  0.000  0.000  0.000  0.000  0.000  0.000  0.000
   1.81669    -21.243106  0.000  0.000  0.000  0.000  0.000  0.000  0.000  0.000  0.000  0.000
   1.81669    -21.243106  0.000  0.000  0.000  0.000  0.000  0.000  0.000  0.000  0.000  0.000
   1.84317    -21.243098  0.000  0.000  0.000  0.000  0.000  0.000  0.000  0.000  0.000  0.000
   1.86964    -21.243089  0.000  0.000  0.000  0.000  0.000  0.000  0.000  0.000  0.000  0.000
   1.89612    -21.243051  0.000  0.000  0.000  0.000  0.000  0.000  0.000  0.000  0.000  0.000
   1.92260    -21.243003  0.000  0.000  0.000  0.000  0.000  0.000  0.000  0.000  0.000  0.000
   1.94907    -21.242961  0.000  0.000  0.000  0.000  0.000  0.000  0.000  0.000  0.000  0.000
   1.97555    -21.242903  0.000  0.000  0.000  0.000  0.000  0.000  0.000  0.000  0.000  0.000
   2.00203    -21.242848  0.000  0.000  0.000  0.000  0.000  0.000  0.000  0.000  0.000  0.000
   2.02850    -21.242782  0.000  0.000  0.000  0.000  0.000  0.000  0.000  0.000  0.000  0.000
   2.05498    -21.242714  0.000  0.000  0.000  0.000  0.000  0.000  0.000  0.000  0.000  0.000
   2.08146    -21.242661  0.000  0.000  0.000  0.000  0.000  0.000  0.000  0.000  0.000  0.000
   2.10793    -21.242599  0.000  0.000  0.000  0.000  0.000  0.000  0.000  0.000  0.000  0.000
   2.13441    -21.242545  0.000  0.000  0.000  0.000  0.000  0.000  0.000  0.000  0.000  0.000
   2.16089    -21.242498  0.000  0.000  0.000  0.000  0.000  0.000  0.000  0.000  0.000  0.000
   2.18736    -21.242457  0.000  0.000  0.000  0.000  0.000  0.000  0.000  0.000  0.000  0.000
   2.21384    -21.242431  0.000  0.000  0.000  0.000  0.000  0.000  0.000  0.000  0.000  0.000
   2.24032    -21.242393  0.000  0.000  0.000  0.000  0.000  0.000  0.000  0.000  0.000  0.000
   2.26680    -21.242369  0.000  0.000  0.000  0.000  0.000  0.000  0.000  0.000  0.000  0.000
   2.29327    -21.242358  0.000  0.000  0.000  0.000  0.000  0.000  0.000  0.000  0.000  0.000
   2.31975    -21.242352  0.000  0.000  0.000  0.000  0.000  0.000  0.000  0.000  0.000  0.000
   2.34623    -21.242357  0.000  0.000  0.000  0.000  0.000  0.000  0.000  0.000  0.000  0.000
   2.37270    -21.242371  0.000  0.000  0.000  0.000  0.000  0.000  0.000  0.000  0.000  0.000
   2.39918    -21.242385  0.000  0.000  0.000  0.000  0.000  0.000  0.000  0.000  0.000  0.000
   2.42566    -21.242404  0.000  0.000  0.000  0.000  0.000  0.000  0.000  0.000  0.000  0.000
   2.45213    -21.242422  0.000  0.000  0.000  0.000  0.000  0.000  0.000  0.000  0.000  0.000
   2.47861    -21.242435  0.000  0.000  0.000  0.000  0.000  0.000  0.000  0.000  0.000  0.000
   2.50509    -21.242450  0.000  0.000  0.000  0.000  0.000  0.000  0.000  0.000  0.000  0.000
   2.53156    -21.242479  0.000  0.000  0.000  0.000  0.000  0.000  0.000  0.000  0.000  0.000
   2.55804    -21.242490  0.000  0.000  0.000  0.000  0.000  0.000  0.000  0.000  0.000  0.000
   2.58452    -21.242485  0.000  0.000  0.000  0.000  0.000  0.000  0.000  0.000  0.000  0.000
 
# Band-Index:   10
   2.58452    -21.242485  0.000  0.000  0.000  0.000  0.000  0.000  0.000  0.000  0.000  0.000
   2.55804    -21.242489  0.000  0.000  0.000  0.000  0.000  0.000  0.000  0.000  0.000  0.000
   2.53156    -21.242475  0.000  0.000  0.000  0.000  0.000  0.000  0.000  0.000  0.000  0.000
   2.50509    -21.242438  0.000  0.000  0.000  0.000  0.000  0.000  0.000  0.000  0.000  0.000
   2.47861    -21.242407  0.000  0.000  0.000  0.000  0.000  0.000  0.000  0.000  0.000  0.000
   2.45213    -21.242369  0.000  0.000  0.000  0.000  0.000  0.000  0.000  0.000  0.000  0.000
   2.42566    -21.242315  0.000  0.000  0.000  0.000  0.000  0.000  0.000  0.000  0.000  0.000
   2.39918    -21.242244  0.000  0.000  0.000  0.000  0.000  0.000  0.000  0.000  0.000  0.000
   2.37270    -21.242165  0.000  0.000  0.000  0.000  0.000  0.000  0.000  0.000  0.000  0.000
   2.34623    -21.242070  0.000  0.000  0.000  0.000  0.000  0.000  0.000  0.000  0.000  0.000
   2.31975    -21.241967  0.000  0.000  0.000  0.000  0.000  0.000  0.000  0.000  0.000  0.000
   2.29327    -21.241859  0.000  0.000  0.000  0.000  0.000  0.000  0.000  0.000  0.000  0.000
   2.26680    -21.241739  0.000  0.000  0.000  0.000  0.000  0.000  0.000  0.000  0.000  0.000
   2.24032    -21.241617  0.000  0.000  0.000  0.000  0.000  0.000  0.000  0.000  0.000  0.000
   2.21384    -21.241494  0.000  0.000  0.000  0.000  0.000  0.000  0.000  0.000  0.000  0.000
   2.18736    -21.241348  0.000  0.000  0.000  0.000  0.000  0.000  0.000  0.000  0.000  0.000
   2.16089    -21.241206  0.000  0.000  0.000  0.000  0.000  0.000  0.000  0.000  0.000  0.000
   2.13441    -21.241062  0.000  0.000  0.000  0.000  0.000  0.000  0.000  0.000  0.000  0.000
   2.10793    -21.240920  0.000  0.000  0.000  0.000  0.000  0.000  0.000  0.000  0.000  0.000
   2.08146    -21.240785  0.000  0.000  0.000  0.000  0.000  0.000  0.000  0.000  0.000  0.000
   2.05498    -21.240644  0.000  0.000  0.000  0.000  0.000  0.000  0.000  0.000  0.000  0.000
   2.02850    -21.240521  0.000  0.000  0.000  0.000  0.000  0.000  0.000  0.000  0.000  0.000
   2.00203    -21.240408  0.000  0.000  0.000  0.000  0.000  0.000  0.000  0.000  0.000  0.000
   1.97555    -21.240295  0.000  0.000  0.000  0.000  0.000  0.000  0.000  0.000  0.000  0.000
   1.94907    -21.240203  0.000  0.000  0.000  0.000  0.000  0.000  0.000  0.000  0.000  0.000
   1.92260    -21.240116  0.000  0.000  0.000  0.000  0.000  0.000  0.000  0.000  0.000  0.000
   1.89612    -21.240058  0.000  0.000  0.000  0.000  0.000  0.000  0.000  0.000  0.000  0.000
   1.86964    -21.240017  0.000  0.000  0.000  0.000  0.000  0.000  0.000  0.000  0.000  0.000
   1.84317    -21.239977  0.000  0.000  0.000  0.000  0.000  0.000  0.000  0.000  0.000  0.000
   1.81669    -21.239969  0.000  0.000  0.000  0.000  0.000  0.000  0.000  0.000  0.000  0.000
   1.81669    -21.239969  0.000  0.000  0.000  0.000  0.000  0.000  0.000  0.000  0.000  0.000
   1.80345    -21.239976  0.000  0.000  0.000  0.000  0.000  0.000  0.000  0.000  0.000  0.000
   1.79021    -21.239984  0.000  0.000  0.000  0.000  0.000  0.000  0.000  0.000  0.000  0.000
   1.77698    -21.239993  0.000  0.000  0.000  0.000  0.000  0.000  0.000  0.000  0.000  0.000
   1.76374    -21.240011  0.000  0.000  0.000  0.000  0.000  0.000  0.000  0.000  0.000  0.000
   1.75050    -21.240039  0.000  0.000  0.000  0.000  0.000  0.000  0.000  0.000  0.000  0.000
   1.73726    -21.240065  0.000  0.000  0.000  0.000  0.000  0.000  0.000  0.000  0.000  0.000
   1.72402    -21.240084  0.000  0.000  0.000  0.000  0.000  0.000  0.000  0.000  0.000  0.000
   1.71078    -21.240124  0.000  0.000  0.000  0.000  0.000  0.000  0.000  0.000  0.000  0.000
   1.69755    -21.240162  0.000  0.000  0.000  0.000  0.000  0.000  0.000  0.000  0.000  0.000
   1.68431    -21.240204  0.000  0.000  0.000  0.000  0.000  0.000  0.000  0.000  0.000  0.000
   1.67107    -21.240253  0.000  0.000  0.000  0.000  0.000  0.000  0.000  0.000  0.000  0.000
   1.65783    -21.240304  0.000  0.000  0.000  0.000  0.000  0.000  0.000  0.000  0.000  0.000
   1.64459    -21.240356  0.000  0.000  0.000  0.000  0.000  0.000  0.000  0.000  0.000  0.000
   1.63135    -21.240408  0.000  0.000  0.000  0.000  0.000  0.000  0.000  0.000  0.000  0.000
   1.61812    -21.240470  0.000  0.000  0.000  0.000  0.000  0.000  0.000  0.000  0.000  0.000
   1.60488    -21.240532  0.000  0.000  0.000  0.000  0.000  0.000  0.000  0.000  0.000  0.000
   1.59164    -21.240600  0.000  0.000  0.000  0.000  0.000  0.000  0.000  0.000  0.000  0.000
   1.57840    -21.240664  0.000  0.000  0.000  0.000  0.000  0.000  0.000  0.000  0.000  0.000
   1.56516    -21.240733  0.000  0.000  0.000  0.000  0.000  0.000  0.000  0.000  0.000  0.000
   1.55192    -21.240815  0.000  0.000  0.000  0.000  0.000  0.000  0.000  0.000  0.000  0.000
   1.53869    -21.240889  0.000  0.000  0.000  0.000  0.000  0.000  0.000  0.000  0.000  0.000
   1.52545    -21.240970  0.000  0.000  0.000  0.000  0.000  0.000  0.000  0.000  0.000  0.000
   1.51221    -21.241049  0.000  0.000  0.000  0.000  0.000  0.000  0.000  0.000  0.000  0.000
   1.49897    -21.241137  0.000  0.000  0.000  0.000  0.000  0.000  0.000  0.000  0.000  0.000
   1.48573    -21.241217  0.000  0.000  0.000  0.000  0.000  0.000  0.000  0.000  0.000  0.000
   1.47249    -21.241304  0.000  0.000  0.000  0.000  0.000  0.000  0.000  0.000  0.000  0.000
   1.45926    -21.241390  0.000  0.000  0.000  0.000  0.000  0.000  0.000  0.000  0.000  0.000
   1.44602    -21.241476  0.000  0.000  0.000  0.000  0.000  0.000  0.000  0.000  0.000  0.000
   1.43278    -21.241563  0.000  0.000  0.000  0.000  0.000  0.000  0.000  0.000  0.000  0.000
   1.43278    -21.241563  0.000  0.000  0.000  0.000  0.000  0.000  0.000  0.000  0.000  0.000
   1.40985    -21.241567  0.000  0.000  0.000  0.000  0.000  0.000  0.000  0.000  0.000  0.000
   1.38692    -21.241582  0.000  0.000  0.000  0.000  0.000  0.000  0.000  0.000  0.000  0.000
   1.36399    -21.241588  0.000  0.000  0.000  0.000  0.000  0.000  0.000  0.000  0.000  0.000
   1.34106    -21.241606  0.000  0.000  0.000  0.000  0.000  0.000  0.000  0.000  0.000  0.000
   1.31813    -21.241634  0.000  0.000  0.000  0.000  0.000  0.000  0.000  0.000  0.000  0.000
   1.29520    -21.241660  0.000  0.000  0.000  0.000  0.000  0.000  0.000  0.000  0.000  0.000
   1.27227    -21.241694  0.000  0.000  0.000  0.000  0.000  0.000  0.000  0.000  0.000  0.000
   1.24934    -21.241729  0.000  0.000  0.000  0.000  0.000  0.000  0.000  0.000  0.000  0.000
   1.22641    -21.241769  0.000  0.000  0.000  0.000  0.000  0.000  0.000  0.000  0.000  0.000
   1.20348    -21.241815  0.000  0.000  0.000  0.000  0.000  0.000  0.000  0.000  0.000  0.000
   1.18055    -21.241854  0.000  0.000  0.000  0.000  0.000  0.000  0.000  0.000  0.000  0.000
   1.15763    -21.241894  0.000  0.000  0.000  0.000  0.000  0.000  0.000  0.000  0.000  0.000
   1.13470    -21.241950  0.000  0.000  0.000  0.000  0.000  0.000  0.000  0.000  0.000  0.000
   1.11177    -21.242001  0.000  0.000  0.000  0.000  0.000  0.000  0.000  0.000  0.000  0.000
   1.08884    -21.242051  0.000  0.000  0.000  0.000  0.000  0.000  0.000  0.000  0.000  0.000
   1.06591    -21.242101  0.000  0.000  0.000  0.000  0.000  0.000  0.000  0.000  0.000  0.000
   1.04298    -21.242147  0.000  0.000  0.000  0.000  0.000  0.000  0.000  0.000  0.000  0.000
   1.02005    -21.242197  0.000  0.000  0.000  0.000  0.000  0.000  0.000  0.000  0.000  0.000
   0.99712    -21.242240  0.000  0.000  0.000  0.000  0.000  0.000  0.000  0.000  0.000  0.000
   0.97419    -21.242277  0.000  0.000  0.000  0.000  0.000  0.000  0.000  0.000  0.000  0.000
   0.95126    -21.242315  0.000  0.000  0.000  0.000  0.000  0.000  0.000  0.000  0.000  0.000
   0.92833    -21.242352  0.000  0.000  0.000  0.000  0.000  0.000  0.000  0.000  0.000  0.000
   0.90540    -21.242385  0.000  0.000  0.000  0.000  0.000  0.000  0.000  0.000  0.000  0.000
   0.88247    -21.242408  0.000  0.000  0.000  0.000  0.000  0.000  0.000  0.000  0.000  0.000
   0.85954    -21.242439  0.000  0.000  0.000  0.000  0.000  0.000  0.000  0.000  0.000  0.000
   0.83661    -21.242457  0.000  0.000  0.000  0.000  0.000  0.000  0.000  0.000  0.000  0.000
   0.81368    -21.242482  0.000  0.000  0.000  0.000  0.000  0.000  0.000  0.000  0.000  0.000
   0.79075    -21.242492  0.000  0.000  0.000  0.000  0.000  0.000  0.000  0.000  0.000  0.000
   0.76782    -21.242485  0.000  0.000  0.000  0.000  0.000  0.000  0.000  0.000  0.000  0.000
   0.76782    -21.242485  0.000  0.000  0.000  0.000  0.000  0.000  0.000  0.000  0.000  0.000
   0.74135    -21.242489  0.000  0.000  0.000  0.000  0.000  0.000  0.000  0.000  0.000  0.000
   0.71487    -21.242475  0.000  0.000  0.000  0.000  0.000  0.000  0.000  0.000  0.000  0.000
   0.68839    -21.242438  0.000  0.000  0.000  0.000  0.000  0.000  0.000  0.000  0.000  0.000
   0.66192    -21.242407  0.000  0.000  0.000  0.000  0.000  0.000  0.000  0.000  0.000  0.000
   0.63544    -21.242369  0.000  0.000  0.000  0.000  0.000  0.000  0.000  0.000  0.000  0.000
   0.60896    -21.242315  0.000  0.000  0.000  0.000  0.000  0.000  0.000  0.000  0.000  0.000
   0.58249    -21.242244  0.000  0.000  0.000  0.000  0.000  0.000  0.000  0.000  0.000  0.000
   0.55601    -21.242165  0.000  0.000  0.000  0.000  0.000  0.000  0.000  0.000  0.000  0.000
   0.52953    -21.242070  0.000  0.000  0.000  0.000  0.000  0.000  0.000  0.000  0.000  0.000
   0.50306    -21.241967  0.000  0.000  0.000  0.000  0.000  0.000  0.000  0.000  0.000  0.000
   0.47658    -21.241859  0.000  0.000  0.000  0.000  0.000  0.000  0.000  0.000  0.000  0.000
   0.45010    -21.241739  0.000  0.000  0.000  0.000  0.000  0.000  0.000  0.000  0.000  0.000
   0.42363    -21.241617  0.000  0.000  0.000  0.000  0.000  0.000  0.000  0.000  0.000  0.000
   0.39715    -21.241494  0.000  0.000  0.000  0.000  0.000  0.000  0.000  0.000  0.000  0.000
   0.37067    -21.241348  0.000  0.000  0.000  0.000  0.000  0.000  0.000  0.000  0.000  0.000
   0.34420    -21.241206  0.000  0.000  0.000  0.000  0.000  0.000  0.000  0.000  0.000  0.000
   0.31772    -21.241062  0.000  0.000  0.000  0.000  0.000  0.000  0.000  0.000  0.000  0.000
   0.29124    -21.240920  0.000  0.000  0.000  0.000  0.000  0.000  0.000  0.000  0.000  0.000
   0.26477    -21.240785  0.000  0.000  0.000  0.000  0.000  0.000  0.000  0.000  0.000  0.000
   0.23829    -21.240644  0.000  0.000  0.000  0.000  0.000  0.000  0.000  0.000  0.000  0.000
   0.21181    -21.240521  0.000  0.000  0.000  0.000  0.000  0.000  0.000  0.000  0.000  0.000
   0.18534    -21.240408  0.000  0.000  0.000  0.000  0.000  0.000  0.000  0.000  0.000  0.000
   0.15886    -21.240295  0.000  0.000  0.000  0.000  0.000  0.000  0.000  0.000  0.000  0.000
   0.13238    -21.240203  0.000  0.000  0.000  0.000  0.000  0.000  0.000  0.000  0.000  0.000
   0.10591    -21.240116  0.000  0.000  0.000  0.000  0.000  0.000  0.000  0.000  0.000  0.000
   0.07943    -21.240058  0.000  0.000  0.000  0.000  0.000  0.000  0.000  0.000  0.000  0.000
   0.05295    -21.240017  0.000  0.000  0.000  0.000  0.000  0.000  0.000  0.000  0.000  0.000
   0.02648    -21.239977  0.000  0.000  0.000  0.000  0.000  0.000  0.000  0.000  0.000  0.000
   0.00000    -21.239969  0.000  0.000  0.000  0.000  0.000  0.000  0.000  0.000  0.000  0.000
 
# Band-Index:   11
   0.00000    -10.150316  0.000  0.006  0.000  0.006  0.000  0.000  0.000  0.000  0.000  0.013
   0.02648    -10.152475  0.001  0.006  0.000  0.006  0.000  0.000  0.000  0.000  0.000  0.014
   0.05295    -10.159234  0.004  0.006  0.000  0.005  0.000  0.000  0.000  0.000  0.000  0.016
   0.07943    -10.170866  0.008  0.006  0.000  0.005  0.000  0.000  0.000  0.000  0.000  0.020
   0.10591    -10.187430  0.014  0.006  0.000  0.005  0.000  0.000  0.000  0.000  0.000  0.026
   0.13238    -10.208766  0.022  0.006  0.000  0.004  0.000  0.000  0.000  0.000  0.000  0.033
   0.15886    -10.234517  0.031  0.006  0.000  0.004  0.000  0.000  0.000  0.000  0.000  0.041
   0.18534    -10.264178  0.040  0.006  0.000  0.004  0.000  0.000  0.000  0.000  0.000  0.050
   0.21181    -10.297144  0.050  0.006  0.000  0.003  0.000  0.000  0.000  0.000  0.000  0.059
   0.23829    -10.332754  0.059  0.005  0.000  0.003  0.000  0.000  0.000  0.000  0.000  0.068
   0.26477    -10.370341  0.068  0.005  0.000  0.003  0.000  0.000  0.000  0.000  0.000  0.076
   0.29124    -10.409257  0.077  0.005  0.000  0.002  0.000  0.000  0.000  0.000  0.000  0.085
   0.31772    -10.448889  0.086  0.004  0.000  0.002  0.000  0.000  0.000  0.000  0.000  0.092
   0.34420    -10.488671  0.093  0.004  0.000  0.002  0.000  0.000  0.000  0.000  0.000  0.099
   0.37067    -10.528094  0.101  0.003  0.000  0.001  0.000  0.000  0.000  0.000  0.000  0.106
   0.39715    -10.566699  0.107  0.003  0.000  0.001  0.000  0.000  0.000  0.000  0.000  0.112
   0.42363    -10.604080  0.113  0.003  0.000  0.001  0.000  0.000  0.000  0.000  0.000  0.117
   0.45010    -10.639883  0.118  0.002  0.000  0.001  0.000  0.000  0.000  0.000  0.000  0.122
   0.47658    -10.673799  0.123  0.002  0.000  0.001  0.000  0.000  0.000  0.000  0.000  0.126
   0.50306    -10.705559  0.127  0.002  0.000  0.001  0.000  0.000  0.000  0.000  0.000  0.129
   0.52953    -10.734919  0.131  0.001  0.000  0.000  0.000  0.000  0.000  0.000  0.000  0.133
   0.55601    -10.761677  0.134  0.001  0.000  0.000  0.000  0.000  0.000  0.000  0.000  0.135
   0.58249    -10.785660  0.136  0.001  0.000  0.000  0.000  0.000  0.000  0.000  0.000  0.138
   0.60896    -10.806725  0.139  0.001  0.000  0.000  0.000  0.000  0.000  0.000  0.000  0.140
   0.63544    -10.824749  0.141  0.000  0.000  0.000  0.000  0.000  0.000  0.000  0.000  0.142
   0.66192    -10.839629  0.142  0.000  0.000  0.000  0.000  0.000  0.000  0.000  0.000  0.143
   0.68839    -10.851283  0.143  0.000  0.000  0.000  0.000  0.000  0.000  0.000  0.000  0.144
   0.71487    -10.859649  0.144  0.000  0.000  0.000  0.000  0.000  0.000  0.000  0.000  0.145
   0.74135    -10.864683  0.145  0.000  0.000  0.000  0.000  0.000  0.000  0.000  0.000  0.145
   0.76782    -10.866363  0.145  0.000  0.000  0.000  0.000  0.000  0.000  0.000  0.000  0.145
   0.76782    -10.866363  0.145  0.000  0.000  0.000  0.000  0.000  0.000  0.000  0.000  0.145
   0.79075    -10.865103  0.145  0.000  0.000  0.000  0.000  0.000  0.000  0.000  0.000  0.145
   0.81368    -10.861325  0.144  0.000  0.000  0.000  0.000  0.000  0.000  0.000  0.000  0.145
   0.83661    -10.855041  0.144  0.000  0.000  0.000  0.000  0.000  0.000  0.000  0.000  0.144
   0.85954    -10.846274  0.143  0.000  0.000  0.000  0.000  0.000  0.000  0.000  0.000  0.143
   0.88247    -10.835059  0.142  0.000  0.000  0.000  0.000  0.000  0.000  0.000  0.000  0.142
   0.90540    -10.821442  0.140  0.001  0.000  0.000  0.000  0.000  0.000  0.000  0.000  0.141
   0.92833    -10.805479  0.139  0.001  0.000  0.000  0.000  0.000  0.000  0.000  0.000  0.140
   0.95126    -10.787244  0.137  0.001  0.000  0.000  0.000  0.000  0.000  0.000  0.000  0.138
   0.97419    -10.766816  0.134  0.001  0.000  0.000  0.000  0.000  0.000  0.000  0.000  0.136
   0.99712    -10.744294  0.132  0.002  0.000  0.000  0.000  0.000  0.000  0.000  0.000  0.134
   1.02005    -10.719797  0.129  0.002  0.000  0.000  0.000  0.000  0.000  0.000  0.000  0.131
   1.04298    -10.693462  0.125  0.002  0.000  0.000  0.000  0.000  0.000  0.000  0.000  0.128
   1.06591    -10.665453  0.122  0.003  0.000  0.000  0.000  0.000  0.000  0.000  0.000  0.125
   1.08884    -10.635965  0.118  0.003  0.000  0.000  0.000  0.000  0.000  0.000  0.000  0.121
   1.11177    -10.605213  0.113  0.004  0.000  0.000  0.000  0.000  0.000  0.000  0.000  0.117
   1.13470    -10.573452  0.108  0.004  0.000  0.000  0.000  0.000  0.000  0.000  0.000  0.113
   1.15763    -10.540973  0.103  0.004  0.000  0.000  0.000  0.000  0.000  0.000  0.000  0.108
   1.18055    -10.508116  0.098  0.005  0.000  0.000  0.000  0.000  0.000  0.000  0.000  0.103
   1.20348    -10.475273  0.092  0.005  0.000  0.000  0.000  0.000  0.000  0.000  0.000  0.097
   1.22641    -10.442888  0.085  0.006  0.000  0.000  0.000  0.000  0.000  0.000  0.000  0.092
   1.24934    -10.411462  0.079  0.006  0.000  0.000  0.000  0.000  0.000  0.000  0.000  0.086
   1.27227    -10.381552  0.072  0.007  0.000  0.000  0.000  0.000  0.000  0.000  0.000  0.080
   1.29520    -10.353759  0.066  0.007  0.000  0.000  0.000  0.000  0.000  0.000  0.000  0.073
   1.31813    -10.328718  0.059  0.008  0.000  0.000  0.000  0.000  0.000  0.000  0.000  0.068
   1.34106    -10.307075  0.054  0.008  0.000  0.000  0.000  0.000  0.000  0.000  0.000  0.062
   1.36399    -10.289454  0.049  0.009  0.000  0.000  0.000  0.000  0.000  0.000  0.000  0.058
   1.38692    -10.276414  0.045  0.009  0.000  0.000  0.000  0.000  0.000  0.000  0.001  0.054
   1.40985    -10.268396  0.043  0.009  0.000  0.000  0.000  0.000  0.000  0.000  0.001  0.052
   1.43278    -10.265689  0.042  0.009  0.000  0.000  0.000  0.000  0.000  0.000  0.001  0.051
   1.43278    -10.265689  0.042  0.009  0.000  0.000  0.000  0.000  0.000  0.000  0.001  0.051
   1.44602    -10.265620  0.042  0.009  0.000  0.000  0.000  0.000  0.000  0.000  0.001  0.051
   1.45926    -10.264987  0.041  0.009  0.000  0.000  0.000  0.000  0.000  0.000  0.001  0.051
   1.47249    -10.263796  0.041  0.009  0.000  0.000  0.000  0.000  0.000  0.000  0.001  0.051
   1.48573    -10.262055  0.040  0.009  0.000  0.000  0.000  0.000  0.000  0.000  0.001  0.050
   1.49897    -10.259778  0.040  0.009  0.000  0.000  0.000  0.000  0.000  0.000  0.001  0.049
   1.51221    -10.256979  0.039  0.009  0.000  0.000  0.000  0.000  0.000  0.000  0.001  0.049
   1.52545    -10.253680  0.037  0.009  0.000  0.001  0.000  0.000  0.000  0.000  0.001  0.048
   1.53869    -10.249906  0.036  0.009  0.000  0.001  0.000  0.000  0.000  0.000  0.001  0.046
   1.55192    -10.245684  0.035  0.009  0.000  0.001  0.000  0.000  0.000  0.000  0.001  0.045
   1.56516    -10.241047  0.033  0.009  0.000  0.001  0.000  0.000  0.000  0.000  0.000  0.044
   1.57840    -10.236031  0.032  0.009  0.000  0.001  0.000  0.000  0.000  0.000  0.000  0.042
   1.59164    -10.230678  0.030  0.009  0.000  0.001  0.000  0.000  0.000  0.000  0.000  0.040
   1.60488    -10.225035  0.028  0.009  0.000  0.002  0.000  0.000  0.000  0.000  0.000  0.039
   1.61812    -10.219151  0.026  0.009  0.000  0.002  0.000  0.000  0.000  0.000  0.000  0.037
   1.63135    -10.213081  0.024  0.008  0.000  0.002  0.000  0.000  0.000  0.000  0.000  0.035
   1.64459    -10.206886  0.022  0.008  0.000  0.002  0.000  0.000  0.000  0.000  0.000  0.033
   1.65783    -10.200631  0.019  0.008  0.000  0.003  0.000  0.000  0.000  0.000  0.000  0.031
   1.67107    -10.194387  0.017  0.008  0.000  0.003  0.000  0.000  0.000  0.000  0.000  0.029
   1.68431    -10.188228  0.015  0.008  0.000  0.003  0.000  0.000  0.000  0.000  0.000  0.027
   1.69755    -10.182235  0.012  0.008  0.000  0.003  0.000  0.000  0.000  0.000  0.000  0.024
   1.71078    -10.176490  0.010  0.008  0.000  0.004  0.000  0.000  0.000  0.000  0.000  0.022
   1.72402    -10.171082  0.008  0.008  0.000  0.004  0.000  0.000  0.000  0.000  0.000  0.020
   1.73726    -10.166100  0.006  0.007  0.000  0.004  0.000  0.000  0.000  0.000  0.000  0.019
   1.75050    -10.161638  0.005  0.007  0.000  0.005  0.000  0.000  0.000  0.000  0.000  0.017
   1.76374    -10.157787  0.003  0.007  0.000  0.005  0.000  0.000  0.000  0.000  0.000  0.016
   1.77698    -10.154641  0.002  0.007  0.000  0.005  0.000  0.000  0.000  0.000  0.000  0.014
   1.79021    -10.152291  0.001  0.007  0.000  0.006  0.000  0.000  0.000  0.000  0.000  0.014
   1.80345    -10.150822  0.000  0.006  0.000  0.006  0.000  0.000  0.000  0.000  0.000  0.013
   1.81669    -10.150316  0.000  0.006  0.000  0.006  0.000  0.000  0.000  0.000  0.000  0.013
   1.81669    -10.150316  0.000  0.006  0.000  0.006  0.000  0.000  0.000  0.000  0.000  0.013
   1.84317    -10.152475  0.001  0.006  0.000  0.006  0.000  0.000  0.000  0.000  0.000  0.014
   1.86964    -10.159234  0.004  0.006  0.000  0.005  0.000  0.000  0.000  0.000  0.000  0.016
   1.89612    -10.170866  0.008  0.006  0.000  0.005  0.000  0.000  0.000  0.000  0.000  0.020
   1.92260    -10.187430  0.014  0.006  0.000  0.005  0.000  0.000  0.000  0.000  0.000  0.026
   1.94907    -10.208766  0.022  0.006  0.000  0.004  0.000  0.000  0.000  0.000  0.000  0.033
   1.97555    -10.234517  0.031  0.006  0.000  0.004  0.000  0.000  0.000  0.000  0.000  0.041
   2.00203    -10.264178  0.040  0.006  0.000  0.004  0.000  0.000  0.000  0.000  0.000  0.050
   2.02850    -10.297144  0.050  0.006  0.000  0.003  0.000  0.000  0.000  0.000  0.000  0.059
   2.05498    -10.332754  0.059  0.005  0.000  0.003  0.000  0.000  0.000  0.000  0.000  0.068
   2.08146    -10.370341  0.068  0.005  0.000  0.003  0.000  0.000  0.000  0.000  0.000  0.076
   2.10793    -10.409257  0.077  0.005  0.000  0.002  0.000  0.000  0.000  0.000  0.000  0.085
   2.13441    -10.448889  0.086  0.004  0.000  0.002  0.000  0.000  0.000  0.000  0.000  0.092
   2.16089    -10.488671  0.093  0.004  0.000  0.002  0.000  0.000  0.000  0.000  0.000  0.099
   2.18736    -10.528094  0.101  0.003  0.000  0.001  0.000  0.000  0.000  0.000  0.000  0.106
   2.21384    -10.566699  0.107  0.003  0.000  0.001  0.000  0.000  0.000  0.000  0.000  0.112
   2.24032    -10.604080  0.113  0.003  0.000  0.001  0.000  0.000  0.000  0.000  0.000  0.117
   2.26680    -10.639883  0.118  0.002  0.000  0.001  0.000  0.000  0.000  0.000  0.000  0.122
   2.29327    -10.673799  0.123  0.002  0.000  0.001  0.000  0.000  0.000  0.000  0.000  0.126
   2.31975    -10.705559  0.127  0.002  0.000  0.001  0.000  0.000  0.000  0.000  0.000  0.129
   2.34623    -10.734919  0.131  0.001  0.000  0.000  0.000  0.000  0.000  0.000  0.000  0.133
   2.37270    -10.761677  0.134  0.001  0.000  0.000  0.000  0.000  0.000  0.000  0.000  0.135
   2.39918    -10.785660  0.136  0.001  0.000  0.000  0.000  0.000  0.000  0.000  0.000  0.138
   2.42566    -10.806725  0.139  0.001  0.000  0.000  0.000  0.000  0.000  0.000  0.000  0.140
   2.45213    -10.824749  0.141  0.000  0.000  0.000  0.000  0.000  0.000  0.000  0.000  0.142
   2.47861    -10.839629  0.142  0.000  0.000  0.000  0.000  0.000  0.000  0.000  0.000  0.143
   2.50509    -10.851283  0.143  0.000  0.000  0.000  0.000  0.000  0.000  0.000  0.000  0.144
   2.53156    -10.859649  0.144  0.000  0.000  0.000  0.000  0.000  0.000  0.000  0.000  0.145
   2.55804    -10.864683  0.145  0.000  0.000  0.000  0.000  0.000  0.000  0.000  0.000  0.145
   2.58452    -10.866363  0.145  0.000  0.000  0.000  0.000  0.000  0.000  0.000  0.000  0.145
 
# Band-Index:   12
   2.58452    -10.866363  0.145  0.000  0.000  0.000  0.000  0.000  0.000  0.000  0.000  0.145
   2.55804    -10.864683  0.145  0.000  0.000  0.000  0.000  0.000  0.000  0.000  0.000  0.145
   2.53156    -10.859646  0.144  0.000  0.000  0.000  0.000  0.000  0.000  0.000  0.000  0.145
   2.50509    -10.851274  0.143  0.000  0.000  0.000  0.000  0.000  0.000  0.000  0.000  0.144
   2.47861    -10.839608  0.142  0.000  0.000  0.000  0.000  0.000  0.000  0.000  0.000  0.143
   2.45213    -10.824708  0.141  0.000  0.000  0.000  0.000  0.000  0.000  0.000  0.000  0.142
   2.42566    -10.806652  0.139  0.001  0.000  0.000  0.000  0.000  0.000  0.000  0.000  0.140
   2.39918    -10.785542  0.137  0.001  0.000  0.000  0.000  0.000  0.000  0.000  0.000  0.138
   2.37270    -10.761495  0.134  0.001  0.000  0.000  0.000  0.000  0.000  0.000  0.000  0.136
   2.34623    -10.734653  0.131  0.001  0.000  0.000  0.000  0.000  0.000  0.000  0.000  0.133
   2.31975    -10.705182  0.127  0.002  0.000  0.001  0.000  0.000  0.000  0.000  0.000  0.130
   2.29327    -10.673279  0.123  0.002  0.000  0.001  0.000  0.000  0.000  0.000  0.000  0.126
   2.26680    -10.639183  0.118  0.002  0.000  0.001  0.000  0.000  0.000  0.000  0.000  0.122
   2.24032    -10.603153  0.113  0.002  0.000  0.001  0.000  0.000  0.000  0.000  0.000  0.117
   2.21384    -10.565495  0.108  0.003  0.000  0.001  0.000  0.000  0.000  0.000  0.000  0.112
   2.18736    -10.526550  0.101  0.003  0.000  0.001  0.000  0.000  0.000  0.000  0.000  0.106
   2.16089    -10.486718  0.094  0.004  0.000  0.002  0.000  0.000  0.000  0.000  0.000  0.100
   2.13441    -10.446450  0.087  0.004  0.000  0.002  0.000  0.000  0.000  0.000  0.000  0.093
   2.10793    -10.406250  0.078  0.004  0.000  0.002  0.000  0.000  0.000  0.000  0.000  0.085
   2.08146    -10.366679  0.070  0.005  0.000  0.002  0.000  0.000  0.000  0.000  0.000  0.077
   2.05498    -10.328352  0.060  0.005  0.000  0.003  0.000  0.000  0.000  0.000  0.000  0.068
   2.02850    -10.291929  0.051  0.005  0.000  0.003  0.000  0.000  0.000  0.000  0.000  0.060
   2.00203    -10.258094  0.041  0.006  0.000  0.003  0.000  0.000  0.000  0.000  0.000  0.050
   1.97555    -10.227538  0.032  0.006  0.000  0.004  0.000  0.000  0.000  0.000  0.000  0.042
   1.94907    -10.200906  0.023  0.006  0.000  0.004  0.000  0.000  0.000  0.000  0.000  0.033
   1.92260    -10.178754  0.015  0.006  0.000  0.004  0.000  0.000  0.000  0.000  0.000  0.026
   1.89612    -10.161490  0.008  0.006  0.000  0.005  0.000  0.000  0.000  0.000  0.000  0.020
   1.86964    -10.149323  0.004  0.006  0.000  0.005  0.000  0.000  0.000  0.000  0.000  0.015
   1.84317    -10.142232  0.001  0.006  0.000  0.005  0.000  0.000  0.000  0.000  0.000  0.013
   1.81669    -10.139962  0.000  0.006  0.000  0.006  0.000  0.000  0.000  0.000  0.000  0.012
   1.81669    -10.139962  0.000  0.006  0.000  0.006  0.000  0.000  0.000  0.000  0.000  0.012
   1.80345    -10.140495  0.000  0.006  0.000  0.005  0.000  0.000  0.000  0.000  0.000  0.012
   1.79021    -10.142045  0.001  0.006  0.000  0.005  0.000  0.000  0.000  0.000  0.000  0.013
   1.77698    -10.144527  0.002  0.006  0.000  0.005  0.000  0.000  0.000  0.000  0.000  0.014
   1.76374    -10.147851  0.003  0.006  0.000  0.004  0.000  0.000  0.000  0.000  0.000  0.015
   1.75050    -10.151923  0.005  0.007  0.000  0.004  0.000  0.000  0.000  0.000  0.000  0.016
   1.73726    -10.156647  0.007  0.007  0.000  0.004  0.000  0.000  0.000  0.000  0.000  0.018
   1.72402    -10.161923  0.009  0.007  0.000  0.004  0.000  0.000  0.000  0.000  0.000  0.020
   1.71078    -10.167656  0.011  0.007  0.000  0.003  0.000  0.000  0.000  0.000  0.000  0.022
   1.69755    -10.173751  0.013  0.007  0.000  0.003  0.000  0.000  0.000  0.000  0.000  0.024
   1.68431    -10.180115  0.015  0.008  0.000  0.003  0.000  0.000  0.000  0.000  0.000  0.026
   1.67107    -10.186662  0.018  0.008  0.000  0.002  0.000  0.000  0.000  0.000  0.000  0.028
   1.65783    -10.193309  0.020  0.008  0.000  0.002  0.000  0.000  0.000  0.000  0.000  0.031
   1.64459    -10.199977  0.022  0.008  0.000  0.002  0.000  0.000  0.000  0.000  0.000  0.033
   1.63135    -10.206594  0.024  0.008  0.000  0.002  0.000  0.000  0.000  0.000  0.000  0.035
   1.61812    -10.213092  0.027  0.008  0.000  0.001  0.000  0.000  0.000  0.000  0.000  0.037
   1.60488    -10.219409  0.029  0.008  0.000  0.001  0.000  0.000  0.000  0.000  0.000  0.039
   1.59164    -10.225487  0.030  0.008  0.000  0.001  0.000  0.000  0.000  0.000  0.001  0.041
   1.57840    -10.231277  0.032  0.008  0.000  0.001  0.000  0.000  0.000  0.000  0.001  0.042
   1.56516    -10.236729  0.034  0.009  0.000  0.001  0.000  0.000  0.000  0.000  0.001  0.044
   1.55192    -10.241804  0.035  0.009  0.000  0.001  0.000  0.000  0.000  0.000  0.001  0.045
   1.53869    -10.246461  0.037  0.009  0.000  0.000  0.000  0.000  0.000  0.000  0.001  0.047
   1.52545    -10.250670  0.038  0.009  0.000  0.000  0.000  0.000  0.000  0.000  0.001  0.048
   1.51221    -10.254402  0.039  0.009  0.000  0.000  0.000  0.000  0.000  0.000  0.001  0.049
   1.49897    -10.257633  0.040  0.009  0.000  0.000  0.000  0.000  0.000  0.000  0.001  0.049
   1.48573    -10.260341  0.041  0.009  0.000  0.000  0.000  0.000  0.000  0.000  0.001  0.050
   1.47249    -10.262511  0.041  0.009  0.000  0.000  0.000  0.000  0.000  0.000  0.001  0.051
   1.45926    -10.264131  0.042  0.009  0.000  0.000  0.000  0.000  0.000  0.000  0.001  0.051
   1.44602    -10.265192  0.042  0.009  0.000  0.000  0.000  0.000  0.000  0.000  0.001  0.051
   1.43278    -10.265689  0.042  0.009  0.000  0.000  0.000  0.000  0.000  0.000  0.001  0.051
   1.43278    -10.265689  0.042  0.009  0.000  0.000  0.000  0.000  0.000  0.000  0.001  0.051
   1.40985    -10.268395  0.043  0.009  0.000  0.000  0.000  0.000  0.000  0.000  0.001  0.052
   1.38692    -10.276413  0.045  0.009  0.000  0.000  0.000  0.000  0.000  0.000  0.001  0.054
   1.36399    -10.289452  0.049  0.009  0.000  0.000  0.000  0.000  0.000  0.000  0.000  0.058
   1.34106    -10.307072  0.054  0.008  0.000  0.000  0.000  0.000  0.000  0.000  0.000  0.062
   1.31813    -10.328715  0.059  0.008  0.000  0.000  0.000  0.000  0.000  0.000  0.000  0.068
   1.29520    -10.353756  0.066  0.007  0.000  0.000  0.000  0.000  0.000  0.000  0.000  0.073
   1.27227    -10.381548  0.072  0.007  0.000  0.000  0.000  0.000  0.000  0.000  0.000  0.080
   1.24934    -10.411458  0.079  0.006  0.000  0.000  0.000  0.000  0.000  0.000  0.000  0.086
   1.22641    -10.442884  0.085  0.006  0.000  0.000  0.000  0.000  0.000  0.000  0.000  0.092
   1.20348    -10.475269  0.092  0.005  0.000  0.000  0.000  0.000  0.000  0.000  0.000  0.097
   1.18055    -10.508112  0.098  0.005  0.000  0.000  0.000  0.000  0.000  0.000  0.000  0.103
   1.15763    -10.540968  0.103  0.004  0.000  0.000  0.000  0.000  0.000  0.000  0.000  0.108
   1.13470    -10.573448  0.108  0.004  0.000  0.000  0.000  0.000  0.000  0.000  0.000  0.113
   1.11177    -10.605209  0.113  0.004  0.000  0.000  0.000  0.000  0.000  0.000  0.000  0.117
   1.08884    -10.635961  0.118  0.003  0.000  0.000  0.000  0.000  0.000  0.000  0.000  0.121
   1.06591    -10.665449  0.122  0.003  0.000  0.000  0.000  0.000  0.000  0.000  0.000  0.125
   1.04298    -10.693458  0.125  0.002  0.000  0.000  0.000  0.000  0.000  0.000  0.000  0.128
   1.02005    -10.719793  0.129  0.002  0.000  0.000  0.000  0.000  0.000  0.000  0.000  0.131
   0.99712    -10.744291  0.132  0.002  0.000  0.000  0.000  0.000  0.000  0.000  0.000  0.134
   0.97419    -10.766813  0.134  0.001  0.000  0.000  0.000  0.000  0.000  0.000  0.000  0.136
   0.95126    -10.787241  0.137  0.001  0.000  0.000  0.000  0.000  0.000  0.000  0.000  0.138
   0.92833    -10.805477  0.139  0.001  0.000  0.000  0.000  0.000  0.000  0.000  0.000  0.140
   0.90540    -10.821440  0.140  0.001  0.000  0.000  0.000  0.000  0.000  0.000  0.000  0.141
   0.88247    -10.835058  0.142  0.000  0.000  0.000  0.000  0.000  0.000  0.000  0.000  0.142
   0.85954    -10.846273  0.143  0.000  0.000  0.000  0.000  0.000  0.000  0.000  0.000  0.143
   0.83661    -10.855040  0.144  0.000  0.000  0.000  0.000  0.000  0.000  0.000  0.000  0.144
   0.81368    -10.861324  0.144  0.000  0.000  0.000  0.000  0.000  0.000  0.000  0.000  0.145
   0.79075    -10.865103  0.145  0.000  0.000  0.000  0.000  0.000  0.000  0.000  0.000  0.145
   0.76782    -10.866363  0.145  0.000  0.000  0.000  0.000  0.000  0.000  0.000  0.000  0.145
   0.76782    -10.866363  0.145  0.000  0.000  0.000  0.000  0.000  0.000  0.000  0.000  0.145
   0.74135    -10.864683  0.145  0.000  0.000  0.000  0.000  0.000  0.000  0.000  0.000  0.145
   0.71487    -10.859646  0.144  0.000  0.000  0.000  0.000  0.000  0.000  0.000  0.000  0.145
   0.68839    -10.851274  0.143  0.000  0.000  0.000  0.000  0.000  0.000  0.000  0.000  0.144
   0.66192    -10.839608  0.142  0.000  0.000  0.000  0.000  0.000  0.000  0.000  0.000  0.143
   0.63544    -10.824708  0.141  0.000  0.000  0.000  0.000  0.000  0.000  0.000  0.000  0.142
   0.60896    -10.806652  0.139  0.001  0.000  0.000  0.000  0.000  0.000  0.000  0.000  0.140
   0.58249    -10.785542  0.137  0.001  0.000  0.000  0.000  0.000  0.000  0.000  0.000  0.138
   0.55601    -10.761495  0.134  0.001  0.000  0.000  0.000  0.000  0.000  0.000  0.000  0.136
   0.52953    -10.734653  0.131  0.001  0.000  0.000  0.000  0.000  0.000  0.000  0.000  0.133
   0.50306    -10.705182  0.127  0.002  0.000  0.001  0.000  0.000  0.000  0.000  0.000  0.130
   0.47658    -10.673279  0.123  0.002  0.000  0.001  0.000  0.000  0.000  0.000  0.000  0.126
   0.45010    -10.639183  0.118  0.002  0.000  0.001  0.000  0.000  0.000  0.000  0.000  0.122
   0.42363    -10.603153  0.113  0.002  0.000  0.001  0.000  0.000  0.000  0.000  0.000  0.117
   0.39715    -10.565495  0.108  0.003  0.000  0.001  0.000  0.000  0.000  0.000  0.000  0.112
   0.37067    -10.526550  0.101  0.003  0.000  0.001  0.000  0.000  0.000  0.000  0.000  0.106
   0.34420    -10.486718  0.094  0.004  0.000  0.002  0.000  0.000  0.000  0.000  0.000  0.100
   0.31772    -10.446450  0.087  0.004  0.000  0.002  0.000  0.000  0.000  0.000  0.000  0.093
   0.29124    -10.406250  0.078  0.004  0.000  0.002  0.000  0.000  0.000  0.000  0.000  0.085
   0.26477    -10.366679  0.070  0.005  0.000  0.002  0.000  0.000  0.000  0.000  0.000  0.077
   0.23829    -10.328352  0.060  0.005  0.000  0.003  0.000  0.000  0.000  0.000  0.000  0.068
   0.21181    -10.291929  0.051  0.005  0.000  0.003  0.000  0.000  0.000  0.000  0.000  0.060
   0.18534    -10.258094  0.041  0.006  0.000  0.003  0.000  0.000  0.000  0.000  0.000  0.050
   0.15886    -10.227538  0.032  0.006  0.000  0.004  0.000  0.000  0.000  0.000  0.000  0.042
   0.13238    -10.200906  0.023  0.006  0.000  0.004  0.000  0.000  0.000  0.000  0.000  0.033
   0.10591    -10.178754  0.015  0.006  0.000  0.004  0.000  0.000  0.000  0.000  0.000  0.026
   0.07943    -10.161490  0.008  0.006  0.000  0.005  0.000  0.000  0.000  0.000  0.000  0.020
   0.05295    -10.149323  0.004  0.006  0.000  0.005  0.000  0.000  0.000  0.000  0.000  0.015
   0.02648    -10.142232  0.001  0.006  0.000  0.005  0.000  0.000  0.000  0.000  0.000  0.013
   0.00000    -10.139962  0.000  0.006  0.000  0.006  0.000  0.000  0.000  0.000  0.000  0.012
 
# Band-Index:   13
   0.00000     -8.555141  0.559  0.000  0.000  0.000  0.000  0.000  0.000  0.000  0.000  0.559
   0.02648     -8.551644  0.558  0.000  0.000  0.000  0.000  0.000  0.000  0.000  0.000  0.558
   0.05295     -8.540674  0.555  0.000  0.000  0.000  0.000  0.000  0.000  0.000  0.000  0.556
   0.07943     -8.521690  0.551  0.000  0.000  0.000  0.000  0.000  0.000  0.000  0.000  0.551
   0.10591     -8.494420  0.545  0.000  0.000  0.000  0.000  0.000  0.000  0.000  0.000  0.546
   0.13238     -8.458855  0.538  0.001  0.000  0.001  0.000  0.000  0.000  0.000  0.000  0.539
   0.15886     -8.415222  0.530  0.001  0.000  0.001  0.000  0.000  0.000  0.000  0.000  0.531
   0.18534     -8.363941  0.521  0.001  0.000  0.001  0.000  0.000  0.000  0.000  0.000  0.524
   0.21181     -8.305574  0.513  0.002  0.000  0.001  0.000  0.000  0.000  0.000  0.000  0.516
   0.23829     -8.240780  0.505  0.002  0.000  0.001  0.000  0.000  0.000  0.000  0.000  0.508
   0.26477     -8.170275  0.497  0.002  0.000  0.001  0.000  0.000  0.000  0.000  0.000  0.501
   0.29124     -8.094803  0.490  0.003  0.000  0.001  0.000  0.000  0.000  0.000  0.000  0.495
   0.31772     -8.015133  0.484  0.003  0.000  0.001  0.000  0.000  0.000  0.000  0.000  0.489
   0.34420     -7.932056  0.479  0.003  0.000  0.001  0.000  0.000  0.000  0.000  0.000  0.484
   0.37067     -7.846382  0.475  0.003  0.000  0.001  0.000  0.000  0.000  0.000  0.000  0.480
   0.39715     -7.758946  0.472  0.003  0.000  0.001  0.000  0.000  0.000  0.000  0.000  0.477
   0.42363     -7.670618  0.470  0.003  0.000  0.001  0.000  0.000  0.000  0.000  0.000  0.475
   0.45010     -7.582313  0.469  0.003  0.000  0.001  0.000  0.000  0.000  0.000  0.000  0.474
   0.47658     -7.494992  0.468  0.003  0.000  0.001  0.000  0.000  0.000  0.000  0.000  0.473
   0.50306     -7.409678  0.468  0.003  0.000  0.001  0.000  0.000  0.000  0.000  0.000  0.473
   0.52953     -7.327443  0.469  0.003  0.000  0.001  0.000  0.000  0.000  0.000  0.000  0.473
   0.55601     -7.249413  0.470  0.002  0.000  0.001  0.000  0.000  0.000  0.000  0.000  0.474
   0.58249     -7.176754  0.472  0.002  0.000  0.001  0.000  0.000  0.000  0.000  0.000  0.475
   0.60896     -7.110652  0.474  0.002  0.000  0.001  0.000  0.000  0.000  0.000  0.000  0.476
   0.63544     -7.052276  0.476  0.001  0.000  0.000  0.000  0.000  0.000  0.000  0.000  0.478
   0.66192     -7.002741  0.478  0.001  0.000  0.000  0.000  0.000  0.000  0.000  0.000  0.479
   0.68839     -6.963058  0.479  0.001  0.000  0.000  0.000  0.000  0.000  0.000  0.000  0.480
   0.71487     -6.934079  0.481  0.000  0.000  0.000  0.000  0.000  0.000  0.000  0.000  0.481
   0.74135     -6.916439  0.482  0.000  0.000  0.000  0.000  0.000  0.000  0.000  0.000  0.482
   0.76782     -6.910521  0.482  0.000  0.000  0.000  0.000  0.000  0.000  0.000  0.000  0.482
   0.76782     -6.910521  0.482  0.000  0.000  0.000  0.000  0.000  0.000  0.000  0.000  0.482
   0.79075     -6.914956  0.482  0.000  0.000  0.000  0.000  0.000  0.000  0.000  0.000  0.482
   0.81368     -6.928180  0.481  0.000  0.000  0.000  0.000  0.000  0.000  0.000  0.000  0.481
   0.83661     -6.949951  0.480  0.001  0.000  0.000  0.000  0.000  0.000  0.000  0.000  0.481
   0.85954     -6.979887  0.479  0.001  0.000  0.000  0.000  0.000  0.000  0.000  0.000  0.480
   0.88247     -7.017477  0.477  0.001  0.000  0.000  0.000  0.000  0.000  0.000  0.000  0.479
   0.90540     -7.062112  0.476  0.002  0.000  0.000  0.000  0.000  0.000  0.000  0.000  0.478
   0.92833     -7.113108  0.474  0.002  0.000  0.000  0.000  0.000  0.000  0.000  0.000  0.476
   0.95126     -7.169736  0.472  0.003  0.000  0.000  0.000  0.000  0.000  0.000  0.000  0.476
   0.97419     -7.231235  0.471  0.003  0.000  0.000  0.000  0.000  0.000  0.000  0.000  0.475
   0.99712     -7.296832  0.470  0.004  0.000  0.000  0.000  0.000  0.000  0.000  0.000  0.474
   1.02005     -7.365760  0.470  0.004  0.000  0.000  0.000  0.000  0.000  0.000  0.000  0.474
   1.04298     -7.437264  0.469  0.004  0.000  0.000  0.000  0.000  0.000  0.000  0.000  0.474
   1.06591     -7.510598  0.470  0.005  0.000  0.000  0.000  0.000  0.000  0.000  0.000  0.475
   1.08884     -7.585036  0.470  0.005  0.000  0.000  0.000  0.000  0.000  0.000  0.000  0.476
   1.11177     -7.659867  0.472  0.005  0.000  0.000  0.000  0.000  0.000  0.000  0.000  0.477
   1.13470     -7.734391  0.474  0.005  0.000  0.000  0.000  0.000  0.000  0.000  0.000  0.479
   1.15763     -7.807905  0.477  0.005  0.000  0.000  0.000  0.000  0.000  0.000  0.000  0.482
   1.18055     -7.879708  0.480  0.005  0.000  0.000  0.000  0.000  0.000  0.000  0.000  0.485
   1.20348     -7.949091  0.484  0.005  0.000  0.000  0.000  0.000  0.000  0.000  0.000  0.489
   1.22641     -8.015327  0.488  0.005  0.000  0.000  0.000  0.000  0.000  0.000  0.000  0.493
   1.24934     -8.077662  0.493  0.004  0.000  0.000  0.000  0.000  0.000  0.000  0.000  0.497
   1.27227     -8.135327  0.498  0.004  0.000  0.000  0.000  0.000  0.000  0.000  0.000  0.502
   1.29520     -8.187533  0.503  0.004  0.000  0.000  0.000  0.000  0.000  0.000  0.000  0.507
   1.31813     -8.233487  0.508  0.004  0.000  0.000  0.000  0.000  0.000  0.000  0.000  0.512
   1.34106     -8.272413  0.513  0.003  0.000  0.000  0.000  0.000  0.000  0.000  0.000  0.516
   1.36399     -8.303581  0.517  0.003  0.000  0.000  0.000  0.000  0.000  0.000  0.000  0.520
   1.38692     -8.326356  0.520  0.003  0.000  0.000  0.000  0.000  0.000  0.000  0.000  0.523
   1.40985     -8.340234  0.522  0.003  0.000  0.000  0.000  0.000  0.000  0.000  0.000  0.525
   1.43278     -8.344897  0.523  0.003  0.000  0.000  0.000  0.000  0.000  0.000  0.000  0.526
   1.43278     -8.344897  0.523  0.003  0.000  0.000  0.000  0.000  0.000  0.000  0.000  0.526
   1.44602     -8.346771  0.523  0.003  0.000  0.000  0.000  0.000  0.000  0.000  0.000  0.526
   1.45926     -8.349519  0.523  0.003  0.000  0.000  0.000  0.000  0.000  0.000  0.000  0.526
   1.47249     -8.353128  0.523  0.003  0.000  0.000  0.000  0.000  0.000  0.000  0.000  0.526
   1.48573     -8.357577  0.523  0.003  0.000  0.000  0.000  0.000  0.000  0.000  0.000  0.526
   1.49897     -8.362842  0.523  0.003  0.000  0.000  0.000  0.000  0.000  0.000  0.000  0.526
   1.51221     -8.368890  0.524  0.003  0.000  0.000  0.000  0.000  0.000  0.000  0.000  0.527
   1.52545     -8.375682  0.525  0.002  0.000  0.000  0.000  0.000  0.000  0.000  0.000  0.527
   1.53869     -8.383176  0.526  0.002  0.000  0.000  0.000  0.000  0.000  0.000  0.000  0.528
   1.55192     -8.391319  0.527  0.002  0.000  0.000  0.000  0.000  0.000  0.000  0.000  0.529
   1.56516     -8.400055  0.528  0.002  0.000  0.000  0.000  0.000  0.000  0.000  0.000  0.530
   1.57840     -8.409320  0.529  0.002  0.000  0.000  0.000  0.000  0.000  0.000  0.000  0.531
   1.59164     -8.419043  0.531  0.002  0.000  0.000  0.000  0.000  0.000  0.000  0.000  0.533
   1.60488     -8.429149  0.533  0.002  0.000  0.000  0.000  0.000  0.000  0.000  0.000  0.534
   1.61812     -8.439552  0.534  0.001  0.000  0.000  0.000  0.000  0.000  0.000  0.000  0.536
   1.63135     -8.450162  0.536  0.001  0.000  0.000  0.000  0.000  0.000  0.000  0.000  0.538
   1.64459     -8.460880  0.538  0.001  0.000  0.000  0.000  0.000  0.000  0.000  0.000  0.540
   1.65783     -8.471602  0.540  0.001  0.000  0.000  0.000  0.000  0.000  0.000  0.000  0.542
   1.67107     -8.482216  0.542  0.001  0.000  0.000  0.000  0.000  0.000  0.000  0.000  0.544
   1.68431     -8.492608  0.545  0.001  0.000  0.000  0.000  0.000  0.000  0.000  0.000  0.546
   1.69755     -8.502651  0.547  0.001  0.000  0.000  0.000  0.000  0.000  0.000  0.000  0.548
   1.71078     -8.512218  0.549  0.000  0.000  0.000  0.000  0.000  0.000  0.000  0.000  0.549
   1.72402     -8.521173  0.551  0.000  0.000  0.000  0.000  0.000  0.000  0.000  0.000  0.551
   1.73726     -8.529380  0.553  0.000  0.000  0.000  0.000  0.000  0.000  0.000  0.000  0.553
   1.75050     -8.536700  0.554  0.000  0.000  0.000  0.000  0.000  0.000  0.000  0.000  0.555
   1.76374     -8.542993  0.556  0.000  0.000  0.000  0.000  0.000  0.000  0.000  0.000  0.556
   1.77698     -8.548118  0.557  0.000  0.000  0.000  0.000  0.000  0.000  0.000  0.000  0.557
   1.79021     -8.551938  0.558  0.000  0.000  0.000  0.000  0.000  0.000  0.000  0.000  0.558
   1.80345     -8.554320  0.559  0.000  0.000  0.000  0.000  0.000  0.000  0.000  0.000  0.559
   1.81669     -8.555141  0.559  0.000  0.000  0.000  0.000  0.000  0.000  0.000  0.000  0.559
   1.81669     -8.555141  0.559  0.000  0.000  0.000  0.000  0.000  0.000  0.000  0.000  0.559
   1.84317     -8.551644  0.558  0.000  0.000  0.000  0.000  0.000  0.000  0.000  0.000  0.558
   1.86964     -8.540674  0.555  0.000  0.000  0.000  0.000  0.000  0.000  0.000  0.000  0.556
   1.89612     -8.521690  0.551  0.000  0.000  0.000  0.000  0.000  0.000  0.000  0.000  0.551
   1.92260     -8.494420  0.545  0.000  0.000  0.000  0.000  0.000  0.000  0.000  0.000  0.546
   1.94907     -8.458855  0.538  0.001  0.000  0.001  0.000  0.000  0.000  0.000  0.000  0.539
   1.97555     -8.415222  0.530  0.001  0.000  0.001  0.000  0.000  0.000  0.000  0.000  0.531
   2.00203     -8.363941  0.521  0.001  0.000  0.001  0.000  0.000  0.000  0.000  0.000  0.524
   2.02850     -8.305574  0.513  0.002  0.000  0.001  0.000  0.000  0.000  0.000  0.000  0.516
   2.05498     -8.240780  0.505  0.002  0.000  0.001  0.000  0.000  0.000  0.000  0.000  0.508
   2.08146     -8.170275  0.497  0.002  0.000  0.001  0.000  0.000  0.000  0.000  0.000  0.501
   2.10793     -8.094803  0.490  0.003  0.000  0.001  0.000  0.000  0.000  0.000  0.000  0.495
   2.13441     -8.015133  0.484  0.003  0.000  0.001  0.000  0.000  0.000  0.000  0.000  0.489
   2.16089     -7.932056  0.479  0.003  0.000  0.001  0.000  0.000  0.000  0.000  0.000  0.484
   2.18736     -7.846382  0.475  0.003  0.000  0.001  0.000  0.000  0.000  0.000  0.000  0.480
   2.21384     -7.758946  0.472  0.003  0.000  0.001  0.000  0.000  0.000  0.000  0.000  0.477
   2.24032     -7.670618  0.470  0.003  0.000  0.001  0.000  0.000  0.000  0.000  0.000  0.475
   2.26680     -7.582313  0.469  0.003  0.000  0.001  0.000  0.000  0.000  0.000  0.000  0.474
   2.29327     -7.494992  0.468  0.003  0.000  0.001  0.000  0.000  0.000  0.000  0.000  0.473
   2.31975     -7.409678  0.468  0.003  0.000  0.001  0.000  0.000  0.000  0.000  0.000  0.473
   2.34623     -7.327443  0.469  0.003  0.000  0.001  0.000  0.000  0.000  0.000  0.000  0.473
   2.37270     -7.249413  0.470  0.002  0.000  0.001  0.000  0.000  0.000  0.000  0.000  0.474
   2.39918     -7.176754  0.472  0.002  0.000  0.001  0.000  0.000  0.000  0.000  0.000  0.475
   2.42566     -7.110652  0.474  0.002  0.000  0.001  0.000  0.000  0.000  0.000  0.000  0.476
   2.45213     -7.052276  0.476  0.001  0.000  0.000  0.000  0.000  0.000  0.000  0.000  0.478
   2.47861     -7.002741  0.478  0.001  0.000  0.000  0.000  0.000  0.000  0.000  0.000  0.479
   2.50509     -6.963058  0.479  0.001  0.000  0.000  0.000  0.000  0.000  0.000  0.000  0.480
   2.53156     -6.934079  0.481  0.000  0.000  0.000  0.000  0.000  0.000  0.000  0.000  0.481
   2.55804     -6.916439  0.482  0.000  0.000  0.000  0.000  0.000  0.000  0.000  0.000  0.482
   2.58452     -6.910521  0.482  0.000  0.000  0.000  0.000  0.000  0.000  0.000  0.000  0.482
 
# Band-Index:   14
   2.58452     -6.910521  0.482  0.000  0.000  0.000  0.000  0.000  0.000  0.000  0.000  0.482
   2.55804     -6.916423  0.482  0.000  0.000  0.000  0.000  0.000  0.000  0.000  0.000  0.482
   2.53156     -6.933955  0.481  0.000  0.000  0.000  0.000  0.000  0.000  0.000  0.000  0.481
   2.50509     -6.962653  0.479  0.000  0.000  0.000  0.000  0.000  0.000  0.000  0.000  0.480
   2.47861     -7.001817  0.478  0.001  0.000  0.000  0.000  0.000  0.000  0.000  0.000  0.479
   2.45213     -7.050558  0.476  0.001  0.000  0.000  0.000  0.000  0.000  0.000  0.000  0.478
   2.42566     -7.107846  0.475  0.002  0.000  0.001  0.000  0.000  0.000  0.000  0.000  0.477
   2.39918     -7.172572  0.473  0.002  0.000  0.001  0.000  0.000  0.000  0.000  0.000  0.476
   2.37270     -7.243586  0.472  0.002  0.000  0.001  0.000  0.000  0.000  0.000  0.000  0.475
   2.34623     -7.319734  0.471  0.003  0.000  0.001  0.000  0.000  0.000  0.000  0.000  0.475
   2.31975     -7.399885  0.471  0.003  0.000  0.001  0.000  0.000  0.000  0.000  0.000  0.476
   2.29327     -7.482950  0.472  0.003  0.000  0.001  0.000  0.000  0.000  0.000  0.000  0.476
   2.26680     -7.567890  0.473  0.003  0.000  0.002  0.000  0.000  0.000  0.000  0.000  0.478
   2.24032     -7.653715  0.475  0.003  0.000  0.002  0.000  0.000  0.000  0.000  0.000  0.480
   2.21384     -7.739486  0.478  0.003  0.000  0.002  0.000  0.000  0.000  0.000  0.000  0.483
   2.18736     -7.824308  0.482  0.003  0.000  0.002  0.000  0.000  0.000  0.000  0.000  0.487
   2.16089     -7.907328  0.487  0.003  0.000  0.002  0.000  0.000  0.000  0.000  0.000  0.491
   2.13441     -7.987723  0.492  0.003  0.000  0.002  0.000  0.000  0.000  0.000  0.000  0.497
   2.10793     -8.064694  0.499  0.003  0.000  0.002  0.000  0.000  0.000  0.000  0.000  0.503
   2.08146     -8.137465  0.506  0.002  0.000  0.001  0.000  0.000  0.000  0.000  0.000  0.510
   2.05498     -8.205281  0.514  0.002  0.000  0.001  0.000  0.000  0.000  0.000  0.000  0.518
   2.02850     -8.267427  0.523  0.002  0.000  0.001  0.000  0.000  0.000  0.000  0.000  0.526
   2.00203     -8.323218  0.532  0.001  0.000  0.001  0.000  0.000  0.000  0.000  0.000  0.534
   1.97555     -8.372044  0.540  0.001  0.000  0.001  0.000  0.000  0.000  0.000  0.000  0.542
   1.94907     -8.413404  0.549  0.001  0.000  0.001  0.000  0.000  0.000  0.000  0.000  0.550
   1.92260     -8.446950  0.556  0.000  0.000  0.000  0.000  0.000  0.000  0.000  0.000  0.557
   1.89612     -8.472533  0.562  0.000  0.000  0.000  0.000  0.000  0.000  0.000  0.000  0.562
   1.86964     -8.490240  0.566  0.000  0.000  0.000  0.000  0.000  0.000  0.000  0.000  0.567
   1.84317     -8.500407  0.569  0.000  0.000  0.000  0.000  0.000  0.000  0.000  0.000  0.569
   1.81669     -8.503629  0.570  0.000  0.000  0.000  0.000  0.000  0.000  0.000  0.000  0.570
   1.81669     -8.503629  0.570  0.000  0.000  0.000  0.000  0.000  0.000  0.000  0.000  0.570
   1.80345     -8.502879  0.570  0.000  0.000  0.000  0.000  0.000  0.000  0.000  0.000  0.570
   1.79021     -8.500709  0.569  0.000  0.000  0.000  0.000  0.000  0.000  0.000  0.000  0.569
   1.77698     -8.497244  0.568  0.000  0.000  0.000  0.000  0.000  0.000  0.000  0.000  0.568
   1.76374     -8.492618  0.567  0.000  0.000  0.000  0.000  0.000  0.000  0.000  0.000  0.567
   1.75050     -8.486967  0.565  0.000  0.000  0.000  0.000  0.000  0.000  0.000  0.000  0.566
   1.73726     -8.480431  0.564  0.000  0.000  0.000  0.000  0.000  0.000  0.000  0.000  0.564
   1.72402     -8.473147  0.562  0.000  0.000  0.000  0.000  0.000  0.000  0.000  0.000  0.562
   1.71078     -8.465253  0.559  0.000  0.000  0.000  0.000  0.000  0.000  0.000  0.000  0.560
   1.69755     -8.456883  0.557  0.001  0.000  0.000  0.000  0.000  0.000  0.000  0.000  0.558
   1.68431     -8.448170  0.555  0.001  0.000  0.000  0.000  0.000  0.000  0.000  0.000  0.556
   1.67107     -8.439238  0.552  0.001  0.000  0.000  0.000  0.000  0.000  0.000  0.000  0.554
   1.65783     -8.430211  0.550  0.001  0.000  0.000  0.000  0.000  0.000  0.000  0.000  0.551
   1.64459     -8.421199  0.548  0.001  0.000  0.000  0.000  0.000  0.000  0.000  0.000  0.549
   1.63135     -8.412310  0.545  0.001  0.000  0.000  0.000  0.000  0.000  0.000  0.000  0.547
   1.61812     -8.403646  0.543  0.002  0.000  0.000  0.000  0.000  0.000  0.000  0.000  0.545
   1.60488     -8.395298  0.541  0.002  0.000  0.000  0.000  0.000  0.000  0.000  0.000  0.543
   1.59164     -8.387354  0.539  0.002  0.000  0.000  0.000  0.000  0.000  0.000  0.000  0.541
   1.57840     -8.379892  0.537  0.002  0.000  0.000  0.000  0.000  0.000  0.000  0.000  0.539
   1.56516     -8.372983  0.535  0.002  0.000  0.000  0.000  0.000  0.000  0.000  0.000  0.537
   1.55192     -8.366691  0.533  0.002  0.000  0.000  0.000  0.000  0.000  0.000  0.000  0.535
   1.53869     -8.361072  0.531  0.002  0.000  0.000  0.000  0.000  0.000  0.000  0.000  0.534
   1.52545     -8.356176  0.530  0.002  0.000  0.000  0.000  0.000  0.000  0.000  0.000  0.532
   1.51221     -8.352045  0.528  0.003  0.000  0.000  0.000  0.000  0.000  0.000  0.000  0.531
   1.49897     -8.348716  0.527  0.003  0.000  0.000  0.000  0.000  0.000  0.000  0.000  0.530
   1.48573     -8.346219  0.526  0.003  0.000  0.000  0.000  0.000  0.000  0.000  0.000  0.529
   1.47249     -8.344575  0.525  0.003  0.000  0.000  0.000  0.000  0.000  0.000  0.000  0.528
   1.45926     -8.343801  0.524  0.003  0.000  0.000  0.000  0.000  0.000  0.000  0.000  0.527
   1.44602     -8.343906  0.524  0.003  0.000  0.000  0.000  0.000  0.000  0.000  0.000  0.526
   1.43278     -8.344897  0.523  0.003  0.000  0.000  0.000  0.000  0.000  0.000  0.000  0.526
   1.43278     -8.344897  0.523  0.003  0.000  0.000  0.000  0.000  0.000  0.000  0.000  0.526
   1.40985     -8.340233  0.522  0.003  0.000  0.000  0.000  0.000  0.000  0.000  0.000  0.525
   1.38692     -8.326354  0.520  0.003  0.000  0.000  0.000  0.000  0.000  0.000  0.000  0.523
   1.36399     -8.303578  0.517  0.003  0.000  0.000  0.000  0.000  0.000  0.000  0.000  0.520
   1.34106     -8.272409  0.513  0.003  0.000  0.000  0.000  0.000  0.000  0.000  0.000  0.516
   1.31813     -8.233482  0.508  0.004  0.000  0.000  0.000  0.000  0.000  0.000  0.000  0.512
   1.29520     -8.187527  0.503  0.004  0.000  0.000  0.000  0.000  0.000  0.000  0.000  0.507
   1.27227     -8.135320  0.498  0.004  0.000  0.000  0.000  0.000  0.000  0.000  0.000  0.502
   1.24934     -8.077654  0.493  0.004  0.000  0.000  0.000  0.000  0.000  0.000  0.000  0.497
   1.22641     -8.015319  0.488  0.005  0.000  0.000  0.000  0.000  0.000  0.000  0.000  0.493
   1.20348     -7.949083  0.484  0.005  0.000  0.000  0.000  0.000  0.000  0.000  0.000  0.489
   1.18055     -7.879699  0.480  0.005  0.000  0.000  0.000  0.000  0.000  0.000  0.000  0.485
   1.15763     -7.807896  0.477  0.005  0.000  0.000  0.000  0.000  0.000  0.000  0.000  0.482
   1.13470     -7.734381  0.474  0.005  0.000  0.000  0.000  0.000  0.000  0.000  0.000  0.479
   1.11177     -7.659858  0.472  0.005  0.000  0.000  0.000  0.000  0.000  0.000  0.000  0.477
   1.08884     -7.585027  0.470  0.005  0.000  0.000  0.000  0.000  0.000  0.000  0.000  0.476
   1.06591     -7.510589  0.470  0.005  0.000  0.000  0.000  0.000  0.000  0.000  0.000  0.475
   1.04298     -7.437255  0.469  0.004  0.000  0.000  0.000  0.000  0.000  0.000  0.000  0.474
   1.02005     -7.365752  0.470  0.004  0.000  0.000  0.000  0.000  0.000  0.000  0.000  0.474
   0.99712     -7.296824  0.470  0.004  0.000  0.000  0.000  0.000  0.000  0.000  0.000  0.474
   0.97419     -7.231227  0.471  0.003  0.000  0.000  0.000  0.000  0.000  0.000  0.000  0.475
   0.95126     -7.169729  0.472  0.003  0.000  0.000  0.000  0.000  0.000  0.000  0.000  0.476
   0.92833     -7.113102  0.474  0.002  0.000  0.000  0.000  0.000  0.000  0.000  0.000  0.476
   0.90540     -7.062106  0.476  0.002  0.000  0.000  0.000  0.000  0.000  0.000  0.000  0.478
   0.88247     -7.017472  0.477  0.001  0.000  0.000  0.000  0.000  0.000  0.000  0.000  0.479
   0.85954     -6.979883  0.479  0.001  0.000  0.000  0.000  0.000  0.000  0.000  0.000  0.480
   0.83661     -6.949948  0.480  0.001  0.000  0.000  0.000  0.000  0.000  0.000  0.000  0.481
   0.81368     -6.928178  0.481  0.000  0.000  0.000  0.000  0.000  0.000  0.000  0.000  0.481
   0.79075     -6.914955  0.482  0.000  0.000  0.000  0.000  0.000  0.000  0.000  0.000  0.482
   0.76782     -6.910521  0.482  0.000  0.000  0.000  0.000  0.000  0.000  0.000  0.000  0.482
   0.76782     -6.910521  0.482  0.000  0.000  0.000  0.000  0.000  0.000  0.000  0.000  0.482
   0.74135     -6.916423  0.482  0.000  0.000  0.000  0.000  0.000  0.000  0.000  0.000  0.482
   0.71487     -6.933955  0.481  0.000  0.000  0.000  0.000  0.000  0.000  0.000  0.000  0.481
   0.68839     -6.962653  0.479  0.000  0.000  0.000  0.000  0.000  0.000  0.000  0.000  0.480
   0.66192     -7.001817  0.478  0.001  0.000  0.000  0.000  0.000  0.000  0.000  0.000  0.479
   0.63544     -7.050558  0.476  0.001  0.000  0.000  0.000  0.000  0.000  0.000  0.000  0.478
   0.60896     -7.107846  0.475  0.002  0.000  0.001  0.000  0.000  0.000  0.000  0.000  0.477
   0.58249     -7.172572  0.473  0.002  0.000  0.001  0.000  0.000  0.000  0.000  0.000  0.476
   0.55601     -7.243586  0.472  0.002  0.000  0.001  0.000  0.000  0.000  0.000  0.000  0.475
   0.52953     -7.319734  0.471  0.003  0.000  0.001  0.000  0.000  0.000  0.000  0.000  0.475
   0.50306     -7.399885  0.471  0.003  0.000  0.001  0.000  0.000  0.000  0.000  0.000  0.476
   0.47658     -7.482950  0.472  0.003  0.000  0.001  0.000  0.000  0.000  0.000  0.000  0.476
   0.45010     -7.567890  0.473  0.003  0.000  0.002  0.000  0.000  0.000  0.000  0.000  0.478
   0.42363     -7.653715  0.475  0.003  0.000  0.002  0.000  0.000  0.000  0.000  0.000  0.480
   0.39715     -7.739486  0.478  0.003  0.000  0.002  0.000  0.000  0.000  0.000  0.000  0.483
   0.37067     -7.824308  0.482  0.003  0.000  0.002  0.000  0.000  0.000  0.000  0.000  0.487
   0.34420     -7.907328  0.487  0.003  0.000  0.002  0.000  0.000  0.000  0.000  0.000  0.491
   0.31772     -7.987723  0.492  0.003  0.000  0.002  0.000  0.000  0.000  0.000  0.000  0.497
   0.29124     -8.064694  0.499  0.003  0.000  0.002  0.000  0.000  0.000  0.000  0.000  0.503
   0.26477     -8.137465  0.506  0.002  0.000  0.001  0.000  0.000  0.000  0.000  0.000  0.510
   0.23829     -8.205281  0.514  0.002  0.000  0.001  0.000  0.000  0.000  0.000  0.000  0.518
   0.21181     -8.267427  0.523  0.002  0.000  0.001  0.000  0.000  0.000  0.000  0.000  0.526
   0.18534     -8.323218  0.532  0.001  0.000  0.001  0.000  0.000  0.000  0.000  0.000  0.534
   0.15886     -8.372044  0.540  0.001  0.000  0.001  0.000  0.000  0.000  0.000  0.000  0.542
   0.13238     -8.413404  0.549  0.001  0.000  0.001  0.000  0.000  0.000  0.000  0.000  0.550
   0.10591     -8.446950  0.556  0.000  0.000  0.000  0.000  0.000  0.000  0.000  0.000  0.557
   0.07943     -8.472533  0.562  0.000  0.000  0.000  0.000  0.000  0.000  0.000  0.000  0.562
   0.05295     -8.490240  0.566  0.000  0.000  0.000  0.000  0.000  0.000  0.000  0.000  0.567
   0.02648     -8.500407  0.569  0.000  0.000  0.000  0.000  0.000  0.000  0.000  0.000  0.569
   0.00000     -8.503629  0.570  0.000  0.000  0.000  0.000  0.000  0.000  0.000  0.000  0.570
 
# Band-Index:   15
   0.00000     -3.358724  0.000  0.068  0.000  0.068  0.000  0.000  0.000  0.000  0.000  0.137
   0.02648     -3.355127  0.000  0.066  0.000  0.070  0.000  0.000  0.000  0.000  0.000  0.137
   0.05295     -3.344558  0.000  0.064  0.000  0.072  0.000  0.000  0.000  0.000  0.000  0.137
   0.07943     -3.327389  0.000  0.063  0.000  0.074  0.000  0.000  0.000  0.000  0.000  0.137
   0.10591     -3.304034  0.001  0.061  0.000  0.076  0.000  0.000  0.000  0.000  0.000  0.138
   0.13238     -3.274944  0.001  0.059  0.000  0.078  0.000  0.000  0.000  0.000  0.000  0.138
   0.15886     -3.240604  0.001  0.057  0.000  0.080  0.000  0.000  0.000  0.000  0.000  0.139
   0.18534     -3.201528  0.001  0.056  0.000  0.082  0.000  0.000  0.000  0.000  0.000  0.140
   0.21181     -3.158261  0.002  0.054  0.000  0.083  0.001  0.000  0.000  0.000  0.000  0.140
   0.23829     -3.111385  0.002  0.052  0.000  0.085  0.001  0.000  0.000  0.000  0.000  0.141
   0.26477     -3.061522  0.002  0.051  0.000  0.087  0.001  0.000  0.000  0.000  0.000  0.142
   0.29124     -3.009330  0.003  0.049  0.000  0.089  0.001  0.000  0.000  0.000  0.000  0.142
   0.31772     -2.955515  0.003  0.047  0.000  0.091  0.001  0.000  0.000  0.000  0.000  0.143
   0.34420     -2.900840  0.003  0.045  0.000  0.093  0.001  0.000  0.000  0.000  0.000  0.143
   0.37067     -2.846131  0.004  0.043  0.001  0.095  0.001  0.000  0.000  0.000  0.000  0.144
   0.39715     -2.792282  0.004  0.041  0.001  0.097  0.001  0.000  0.000  0.000  0.001  0.144
   0.42363     -2.740261  0.004  0.039  0.001  0.098  0.001  0.000  0.000  0.000  0.001  0.144
   0.45010     -2.691109  0.005  0.037  0.001  0.100  0.001  0.000  0.000  0.000  0.001  0.144
   0.47658     -2.645928  0.005  0.035  0.002  0.101  0.002  0.000  0.000  0.000  0.001  0.144
   0.50306     -2.605840  0.005  0.034  0.002  0.101  0.002  0.000  0.000  0.000  0.001  0.144
   0.52953     -2.571909  0.005  0.034  0.002  0.100  0.002  0.000  0.000  0.000  0.001  0.144
   0.55601     -2.545019  0.005  0.034  0.003  0.099  0.002  0.000  0.000  0.000  0.001  0.144
   0.58249     -2.525697  0.005  0.036  0.003  0.097  0.002  0.000  0.000  0.000  0.001  0.144
   0.60896     -2.513912  0.004  0.039  0.003  0.094  0.002  0.000  0.000  0.000  0.001  0.143
   0.63544     -2.508940  0.004  0.043  0.003  0.090  0.002  0.000  0.000  0.000  0.001  0.143
   0.66192     -2.509363  0.003  0.048  0.003  0.085  0.002  0.000  0.000  0.000  0.001  0.143
   0.68839     -2.513241  0.002  0.054  0.003  0.080  0.002  0.000  0.000  0.000  0.002  0.143
   0.71487     -2.518403  0.001  0.059  0.003  0.076  0.002  0.000  0.000  0.000  0.002  0.142
   0.74135     -2.522753  0.000  0.064  0.003  0.071  0.002  0.000  0.000  0.000  0.002  0.142
   0.76782     -2.524521  0.000  0.067  0.003  0.067  0.002  0.000  0.000  0.000  0.002  0.142
   0.76782     -2.524521  0.000  0.067  0.003  0.067  0.002  0.000  0.000  0.000  0.002  0.142
   0.79075     -2.523064  0.000  0.067  0.003  0.068  0.002  0.000  0.000  0.000  0.002  0.142
   0.81368     -2.518839  0.001  0.065  0.003  0.069  0.002  0.000  0.000  0.000  0.002  0.142
   0.83661     -2.512290  0.001  0.062  0.003  0.072  0.002  0.000  0.000  0.000  0.002  0.143
   0.85954     -2.504120  0.002  0.059  0.003  0.076  0.002  0.000  0.000  0.000  0.001  0.143
   0.88247     -2.495224  0.003  0.054  0.003  0.080  0.002  0.000  0.000  0.000  0.001  0.144
   0.90540     -2.486609  0.005  0.049  0.003  0.086  0.002  0.000  0.000  0.000  0.001  0.145
   0.92833     -2.479286  0.005  0.043  0.003  0.092  0.002  0.000  0.000  0.000  0.001  0.146
   0.95126     -2.474169  0.006  0.037  0.003  0.099  0.002  0.000  0.000  0.000  0.001  0.148
   0.97419     -2.471970  0.007  0.031  0.003  0.106  0.002  0.000  0.000  0.000  0.001  0.149
   0.99712     -2.473131  0.007  0.026  0.002  0.113  0.002  0.000  0.000  0.000  0.001  0.151
   1.02005     -2.477797  0.007  0.021  0.002  0.120  0.002  0.000  0.000  0.000  0.000  0.153
   1.04298     -2.485842  0.007  0.017  0.002  0.127  0.002  0.000  0.000  0.000  0.000  0.155
   1.06591     -2.496916  0.007  0.014  0.001  0.133  0.002  0.000  0.000  0.000  0.000  0.157
   1.08884     -2.510526  0.006  0.011  0.001  0.138  0.002  0.000  0.000  0.000  0.000  0.159
   1.11177     -2.526098  0.006  0.008  0.001  0.143  0.002  0.000  0.000  0.000  0.000  0.160
   1.13470     -2.543041  0.006  0.007  0.001  0.147  0.002  0.000  0.000  0.000  0.000  0.162
   1.15763     -2.560783  0.005  0.005  0.001  0.150  0.002  0.000  0.000  0.000  0.000  0.163
   1.18055     -2.578798  0.005  0.004  0.001  0.153  0.002  0.000  0.000  0.000  0.000  0.164
   1.20348     -2.596611  0.005  0.003  0.001  0.155  0.002  0.000  0.000  0.000  0.000  0.165
   1.22641     -2.613811  0.005  0.002  0.000  0.157  0.001  0.000  0.000  0.000  0.000  0.166
   1.24934     -2.630040  0.004  0.002  0.000  0.159  0.001  0.000  0.000  0.000  0.000  0.167
   1.27227     -2.644996  0.004  0.001  0.000  0.160  0.001  0.000  0.000  0.000  0.000  0.167
   1.29520     -2.658425  0.004  0.001  0.000  0.161  0.001  0.000  0.000  0.000  0.000  0.168
   1.31813     -2.670117  0.004  0.001  0.000  0.162  0.001  0.000  0.000  0.000  0.000  0.168
   1.34106     -2.679902  0.004  0.001  0.000  0.163  0.001  0.000  0.000  0.000  0.000  0.168
   1.36399     -2.687646  0.004  0.000  0.000  0.163  0.001  0.000  0.000  0.000  0.000  0.169
   1.38692     -2.693249  0.004  0.000  0.000  0.163  0.001  0.000  0.000  0.000  0.000  0.169
   1.40985     -2.696637  0.004  0.000  0.000  0.164  0.001  0.000  0.000  0.000  0.000  0.169
   1.43278     -2.697771  0.004  0.000  0.000  0.164  0.001  0.000  0.000  0.000  0.000  0.169
   1.43278     -2.697771  0.004  0.000  0.000  0.164  0.001  0.000  0.000  0.000  0.000  0.169
   1.44602     -2.723201  0.004  0.001  0.000  0.159  0.001  0.000  0.000  0.000  0.000  0.166
   1.45926     -2.751616  0.004  0.003  0.000  0.155  0.001  0.000  0.000  0.000  0.000  0.163
   1.47249     -2.782402  0.005  0.005  0.000  0.150  0.001  0.000  0.000  0.000  0.000  0.160
   1.48573     -2.814971  0.005  0.007  0.000  0.145  0.001  0.000  0.000  0.000  0.000  0.158
   1.49897     -2.848775  0.005  0.010  0.000  0.140  0.001  0.000  0.000  0.000  0.000  0.156
   1.51221     -2.883320  0.005  0.012  0.000  0.136  0.001  0.000  0.000  0.000  0.000  0.154
   1.52545     -2.918168  0.005  0.015  0.000  0.131  0.001  0.000  0.000  0.000  0.000  0.152
   1.53869     -2.952939  0.004  0.018  0.000  0.127  0.001  0.000  0.000  0.000  0.000  0.150
   1.55192     -2.987303  0.004  0.021  0.000  0.123  0.001  0.000  0.000  0.000  0.000  0.149
   1.56516     -3.020977  0.004  0.024  0.000  0.119  0.001  0.000  0.000  0.000  0.000  0.147
   1.57840     -3.053722  0.004  0.026  0.000  0.115  0.001  0.000  0.000  0.000  0.000  0.146
   1.59164     -3.085333  0.003  0.029  0.000  0.112  0.001  0.000  0.000  0.000  0.000  0.145
   1.60488     -3.115638  0.003  0.032  0.000  0.108  0.001  0.000  0.000  0.000  0.000  0.144
   1.61812     -3.144491  0.003  0.034  0.000  0.105  0.001  0.000  0.000  0.000  0.000  0.143
   1.63135     -3.171771  0.002  0.037  0.000  0.102  0.001  0.000  0.000  0.000  0.000  0.142
   1.64459     -3.197379  0.002  0.040  0.000  0.099  0.001  0.000  0.000  0.000  0.000  0.141
   1.65783     -3.221233  0.002  0.042  0.000  0.096  0.001  0.000  0.000  0.000  0.000  0.140
   1.67107     -3.243268  0.002  0.044  0.000  0.093  0.000  0.000  0.000  0.000  0.000  0.140
   1.68431     -3.263433  0.001  0.047  0.000  0.091  0.000  0.000  0.000  0.000  0.000  0.139
   1.69755     -3.281692  0.001  0.049  0.000  0.088  0.000  0.000  0.000  0.000  0.000  0.139
   1.71078     -3.298018  0.001  0.051  0.000  0.085  0.000  0.000  0.000  0.000  0.000  0.138
   1.72402     -3.312393  0.001  0.054  0.000  0.083  0.000  0.000  0.000  0.000  0.000  0.138
   1.73726     -3.324811  0.000  0.056  0.000  0.081  0.000  0.000  0.000  0.000  0.000  0.137
   1.75050     -3.335272  0.000  0.058  0.000  0.079  0.000  0.000  0.000  0.000  0.000  0.137
   1.76374     -3.343786  0.000  0.060  0.000  0.076  0.000  0.000  0.000  0.000  0.000  0.137
   1.77698     -3.350365  0.000  0.062  0.000  0.074  0.000  0.000  0.000  0.000  0.000  0.137
   1.79021     -3.355029  0.000  0.064  0.000  0.072  0.000  0.000  0.000  0.000  0.000  0.137
   1.80345     -3.357806  0.000  0.066  0.000  0.070  0.000  0.000  0.000  0.000  0.000  0.137
   1.81669     -3.358724  0.000  0.068  0.000  0.068  0.000  0.000  0.000  0.000  0.000  0.137
   1.81669     -3.358724  0.000  0.068  0.000  0.068  0.000  0.000  0.000  0.000  0.000  0.137
   1.84317     -3.355127  0.000  0.066  0.000  0.070  0.000  0.000  0.000  0.000  0.000  0.137
   1.86964     -3.344558  0.000  0.064  0.000  0.072  0.000  0.000  0.000  0.000  0.000  0.137
   1.89612     -3.327389  0.000  0.063  0.000  0.074  0.000  0.000  0.000  0.000  0.000  0.137
   1.92260     -3.304034  0.001  0.061  0.000  0.076  0.000  0.000  0.000  0.000  0.000  0.138
   1.94907     -3.274944  0.001  0.059  0.000  0.078  0.000  0.000  0.000  0.000  0.000  0.138
   1.97555     -3.240604  0.001  0.057  0.000  0.080  0.000  0.000  0.000  0.000  0.000  0.139
   2.00203     -3.201528  0.001  0.056  0.000  0.082  0.000  0.000  0.000  0.000  0.000  0.140
   2.02850     -3.158261  0.002  0.054  0.000  0.083  0.001  0.000  0.000  0.000  0.000  0.140
   2.05498     -3.111385  0.002  0.052  0.000  0.085  0.001  0.000  0.000  0.000  0.000  0.141
   2.08146     -3.061522  0.002  0.051  0.000  0.087  0.001  0.000  0.000  0.000  0.000  0.142
   2.10793     -3.009330  0.003  0.049  0.000  0.089  0.001  0.000  0.000  0.000  0.000  0.142
   2.13441     -2.955515  0.003  0.047  0.000  0.091  0.001  0.000  0.000  0.000  0.000  0.143
   2.16089     -2.900840  0.003  0.045  0.000  0.093  0.001  0.000  0.000  0.000  0.000  0.143
   2.18736     -2.846131  0.004  0.043  0.001  0.095  0.001  0.000  0.000  0.000  0.000  0.144
   2.21384     -2.792282  0.004  0.041  0.001  0.097  0.001  0.000  0.000  0.000  0.001  0.144
   2.24032     -2.740261  0.004  0.039  0.001  0.098  0.001  0.000  0.000  0.000  0.001  0.144
   2.26680     -2.691109  0.005  0.037  0.001  0.100  0.001  0.000  0.000  0.000  0.001  0.144
   2.29327     -2.645928  0.005  0.035  0.002  0.101  0.002  0.000  0.000  0.000  0.001  0.144
   2.31975     -2.605840  0.005  0.034  0.002  0.101  0.002  0.000  0.000  0.000  0.001  0.144
   2.34623     -2.571909  0.005  0.034  0.002  0.100  0.002  0.000  0.000  0.000  0.001  0.144
   2.37270     -2.545019  0.005  0.034  0.003  0.099  0.002  0.000  0.000  0.000  0.001  0.144
   2.39918     -2.525697  0.005  0.036  0.003  0.097  0.002  0.000  0.000  0.000  0.001  0.144
   2.42566     -2.513912  0.004  0.039  0.003  0.094  0.002  0.000  0.000  0.000  0.001  0.143
   2.45213     -2.508940  0.004  0.043  0.003  0.090  0.002  0.000  0.000  0.000  0.001  0.143
   2.47861     -2.509363  0.003  0.048  0.003  0.085  0.002  0.000  0.000  0.000  0.001  0.143
   2.50509     -2.513241  0.002  0.054  0.003  0.080  0.002  0.000  0.000  0.000  0.002  0.143
   2.53156     -2.518403  0.001  0.059  0.003  0.076  0.002  0.000  0.000  0.000  0.002  0.142
   2.55804     -2.522753  0.000  0.064  0.003  0.071  0.002  0.000  0.000  0.000  0.002  0.142
   2.58452     -2.524521  0.000  0.067  0.003  0.067  0.002  0.000  0.000  0.000  0.002  0.142
 
# Band-Index:   16
   2.58452     -2.524521  0.000  0.067  0.003  0.067  0.002  0.000  0.000  0.000  0.002  0.142
   2.55804     -2.522407  0.000  0.071  0.003  0.064  0.002  0.000  0.000  0.000  0.002  0.142
   2.53156     -2.515650  0.001  0.073  0.003  0.062  0.002  0.000  0.000  0.000  0.002  0.143
   2.50509     -2.504041  0.002  0.074  0.003  0.060  0.002  0.000  0.000  0.000  0.002  0.143
   2.47861     -2.487907  0.003  0.076  0.003  0.059  0.002  0.000  0.000  0.000  0.002  0.145
   2.45213     -2.468080  0.005  0.076  0.003  0.059  0.002  0.000  0.000  0.000  0.001  0.147
   2.42566     -2.445881  0.006  0.077  0.003  0.061  0.002  0.000  0.000  0.000  0.001  0.150
   2.39918     -2.423119  0.008  0.077  0.002  0.064  0.002  0.000  0.000  0.000  0.001  0.154
   2.37270     -2.402071  0.008  0.078  0.002  0.068  0.002  0.000  0.000  0.000  0.001  0.159
   2.34623     -2.385387  0.008  0.079  0.001  0.074  0.002  0.000  0.000  0.000  0.001  0.165
   2.31975     -2.375797  0.007  0.080  0.001  0.082  0.002  0.000  0.000  0.000  0.001  0.172
   2.29327     -2.375560  0.006  0.081  0.000  0.091  0.002  0.000  0.000  0.000  0.001  0.180
   2.26680     -2.385825  0.005  0.082  0.000  0.099  0.002  0.000  0.000  0.000  0.001  0.187
   2.24032     -2.406330  0.003  0.082  0.000  0.105  0.001  0.000  0.000  0.000  0.000  0.193
   2.21384     -2.435679  0.002  0.083  0.001  0.110  0.001  0.000  0.000  0.000  0.000  0.198
   2.18736     -2.471904  0.001  0.083  0.001  0.114  0.001  0.000  0.000  0.000  0.000  0.201
   2.16089     -2.512972  0.001  0.083  0.001  0.115  0.001  0.000  0.000  0.000  0.000  0.203
   2.13441     -2.557032  0.000  0.084  0.002  0.116  0.001  0.000  0.000  0.000  0.000  0.204
   2.10793     -2.602496  0.000  0.084  0.002  0.116  0.001  0.000  0.000  0.000  0.000  0.204
   2.08146     -2.648023  0.000  0.085  0.002  0.115  0.001  0.000  0.000  0.000  0.000  0.204
   2.05498     -2.692482  0.000  0.086  0.002  0.114  0.001  0.000  0.000  0.000  0.000  0.203
   2.02850     -2.734906  0.000  0.087  0.002  0.113  0.000  0.000  0.000  0.000  0.000  0.203
   2.00203     -2.774457  0.000  0.087  0.003  0.112  0.000  0.000  0.000  0.000  0.000  0.202
   1.97555     -2.810399  0.000  0.089  0.003  0.110  0.000  0.000  0.000  0.000  0.000  0.201
   1.94907     -2.842089  0.000  0.090  0.003  0.108  0.000  0.000  0.000  0.000  0.000  0.201
   1.92260     -2.868957  0.000  0.091  0.003  0.106  0.000  0.000  0.000  0.000  0.000  0.200
   1.89612     -2.890503  0.000  0.093  0.003  0.104  0.000  0.000  0.000  0.000  0.000  0.200
   1.86964     -2.906292  0.000  0.094  0.003  0.102  0.000  0.000  0.000  0.000  0.000  0.199
   1.84317     -2.915962  0.000  0.096  0.003  0.100  0.000  0.000  0.000  0.000  0.000  0.199
   1.81669     -2.919234  0.000  0.098  0.003  0.098  0.000  0.000  0.000  0.000  0.000  0.199
   1.81669     -2.919234  0.000  0.098  0.003  0.098  0.000  0.000  0.000  0.000  0.000  0.199
   1.80345     -2.918407  0.000  0.096  0.003  0.100  0.000  0.000  0.000  0.000  0.000  0.199
   1.79021     -2.915918  0.000  0.094  0.003  0.103  0.000  0.000  0.000  0.000  0.000  0.199
   1.77698     -2.911763  0.000  0.091  0.003  0.105  0.000  0.000  0.000  0.000  0.000  0.199
   1.76374     -2.905947  0.000  0.089  0.003  0.108  0.000  0.000  0.000  0.000  0.000  0.199
   1.75050     -2.898484  0.000  0.086  0.003  0.110  0.000  0.000  0.000  0.000  0.000  0.200
   1.73726     -2.889401  0.000  0.084  0.003  0.113  0.000  0.000  0.000  0.000  0.000  0.200
   1.72402     -2.878738  0.000  0.081  0.003  0.116  0.000  0.000  0.000  0.000  0.000  0.200
   1.71078     -2.866554  0.000  0.078  0.003  0.119  0.000  0.000  0.000  0.000  0.000  0.200
   1.69755     -2.852922  0.000  0.075  0.003  0.122  0.000  0.000  0.000  0.000  0.000  0.200
   1.68431     -2.837942  0.000  0.072  0.003  0.126  0.000  0.000  0.000  0.000  0.000  0.200
   1.67107     -2.821736  0.000  0.069  0.003  0.129  0.000  0.000  0.000  0.000  0.000  0.201
   1.65783     -2.804459  0.000  0.065  0.002  0.133  0.000  0.000  0.000  0.000  0.000  0.201
   1.64459     -2.786299  0.000  0.061  0.002  0.137  0.000  0.000  0.000  0.000  0.000  0.201
   1.63135     -2.767488  0.000  0.057  0.002  0.141  0.001  0.000  0.000  0.000  0.000  0.201
   1.61812     -2.748303  0.000  0.053  0.002  0.145  0.001  0.000  0.000  0.000  0.000  0.201
   1.60488     -2.729078  0.000  0.048  0.002  0.149  0.001  0.000  0.000  0.000  0.000  0.200
   1.59164     -2.710207  0.000  0.044  0.002  0.153  0.001  0.000  0.000  0.000  0.000  0.200
   1.57840     -2.692149  0.000  0.039  0.002  0.157  0.001  0.000  0.000  0.000  0.000  0.199
   1.56516     -2.675429  0.000  0.033  0.002  0.162  0.001  0.000  0.000  0.000  0.000  0.198
   1.55192     -2.660626  0.000  0.028  0.002  0.165  0.001  0.000  0.000  0.000  0.000  0.196
   1.53869     -2.648362  0.000  0.023  0.002  0.169  0.001  0.000  0.000  0.000  0.000  0.194
   1.52545     -2.639272  0.000  0.018  0.001  0.172  0.001  0.000  0.000  0.000  0.000  0.192
   1.51221     -2.633956  0.001  0.013  0.001  0.174  0.001  0.000  0.000  0.000  0.000  0.189
   1.49897     -2.632923  0.001  0.009  0.001  0.174  0.001  0.000  0.000  0.000  0.000  0.186
   1.48573     -2.636537  0.002  0.005  0.001  0.174  0.001  0.000  0.000  0.000  0.000  0.183
   1.47249     -2.644971  0.002  0.002  0.001  0.173  0.001  0.000  0.000  0.000  0.000  0.179
   1.45926     -2.658181  0.003  0.001  0.000  0.171  0.001  0.000  0.000  0.000  0.000  0.176
   1.44602     -2.675919  0.003  0.000  0.000  0.168  0.001  0.000  0.000  0.000  0.000  0.172
   1.43278     -2.697771  0.004  0.000  0.000  0.164  0.001  0.000  0.000  0.000  0.000  0.169
   1.43278     -2.697771  0.004  0.000  0.000  0.164  0.001  0.000  0.000  0.000  0.000  0.169
   1.40985     -2.696636  0.004  0.000  0.000  0.164  0.001  0.000  0.000  0.000  0.000  0.169
   1.38692     -2.693247  0.004  0.000  0.000  0.163  0.001  0.000  0.000  0.000  0.000  0.169
   1.36399     -2.687644  0.004  0.000  0.000  0.163  0.001  0.000  0.000  0.000  0.000  0.169
   1.34106     -2.679899  0.004  0.001  0.000  0.163  0.001  0.000  0.000  0.000  0.000  0.168
   1.31813     -2.670113  0.004  0.001  0.000  0.162  0.001  0.000  0.000  0.000  0.000  0.168
   1.29520     -2.658420  0.004  0.001  0.000  0.161  0.001  0.000  0.000  0.000  0.000  0.168
   1.27227     -2.644989  0.004  0.001  0.000  0.160  0.001  0.000  0.000  0.000  0.000  0.167
   1.24934     -2.630032  0.004  0.002  0.000  0.159  0.001  0.000  0.000  0.000  0.000  0.167
   1.22641     -2.613801  0.005  0.002  0.000  0.157  0.001  0.000  0.000  0.000  0.000  0.166
   1.20348     -2.596600  0.005  0.003  0.001  0.155  0.002  0.000  0.000  0.000  0.000  0.165
   1.18055     -2.578784  0.005  0.004  0.001  0.153  0.002  0.000  0.000  0.000  0.000  0.164
   1.15763     -2.560768  0.005  0.005  0.001  0.150  0.002  0.000  0.000  0.000  0.000  0.163
   1.13470     -2.543023  0.006  0.007  0.001  0.147  0.002  0.000  0.000  0.000  0.000  0.162
   1.11177     -2.526077  0.006  0.008  0.001  0.143  0.002  0.000  0.000  0.000  0.000  0.160
   1.08884     -2.510502  0.006  0.011  0.001  0.138  0.002  0.000  0.000  0.000  0.000  0.159
   1.06591     -2.496889  0.007  0.014  0.001  0.133  0.002  0.000  0.000  0.000  0.000  0.157
   1.04298     -2.485812  0.007  0.017  0.002  0.127  0.002  0.000  0.000  0.000  0.000  0.155
   1.02005     -2.477764  0.007  0.021  0.002  0.120  0.002  0.000  0.000  0.000  0.000  0.153
   0.99712     -2.473096  0.007  0.026  0.002  0.113  0.002  0.000  0.000  0.000  0.001  0.151
   0.97419     -2.471934  0.007  0.031  0.003  0.106  0.002  0.000  0.000  0.000  0.001  0.150
   0.95126     -2.474133  0.006  0.037  0.003  0.099  0.002  0.000  0.000  0.000  0.001  0.148
   0.92833     -2.479251  0.005  0.043  0.003  0.092  0.002  0.000  0.000  0.000  0.001  0.146
   0.90540     -2.486576  0.005  0.049  0.003  0.086  0.002  0.000  0.000  0.000  0.001  0.145
   0.88247     -2.495195  0.003  0.054  0.003  0.080  0.002  0.000  0.000  0.000  0.001  0.144
   0.85954     -2.504096  0.002  0.059  0.003  0.076  0.002  0.000  0.000  0.000  0.001  0.143
   0.83661     -2.512271  0.001  0.062  0.003  0.072  0.002  0.000  0.000  0.000  0.002  0.143
   0.81368     -2.518826  0.001  0.065  0.003  0.069  0.002  0.000  0.000  0.000  0.002  0.142
   0.79075     -2.523058  0.000  0.067  0.003  0.068  0.002  0.000  0.000  0.000  0.002  0.142
   0.76782     -2.524521  0.000  0.067  0.003  0.067  0.002  0.000  0.000  0.000  0.002  0.142
   0.76782     -2.524521  0.000  0.067  0.003  0.067  0.002  0.000  0.000  0.000  0.002  0.142
   0.74135     -2.522407  0.000  0.071  0.003  0.064  0.002  0.000  0.000  0.000  0.002  0.142
   0.71487     -2.515650  0.001  0.073  0.003  0.062  0.002  0.000  0.000  0.000  0.002  0.143
   0.68839     -2.504041  0.002  0.074  0.003  0.060  0.002  0.000  0.000  0.000  0.002  0.143
   0.66192     -2.487907  0.003  0.076  0.003  0.059  0.002  0.000  0.000  0.000  0.002  0.145
   0.63544     -2.468080  0.005  0.076  0.003  0.059  0.002  0.000  0.000  0.000  0.001  0.147
   0.60896     -2.445881  0.006  0.077  0.003  0.061  0.002  0.000  0.000  0.000  0.001  0.150
   0.58249     -2.423119  0.008  0.077  0.002  0.064  0.002  0.000  0.000  0.000  0.001  0.154
   0.55601     -2.402071  0.008  0.078  0.002  0.068  0.002  0.000  0.000  0.000  0.001  0.159
   0.52953     -2.385387  0.008  0.079  0.001  0.074  0.002  0.000  0.000  0.000  0.001  0.165
   0.50306     -2.375797  0.007  0.080  0.001  0.082  0.002  0.000  0.000  0.000  0.001  0.172
   0.47658     -2.375560  0.006  0.081  0.000  0.091  0.002  0.000  0.000  0.000  0.001  0.180
   0.45010     -2.385825  0.005  0.082  0.000  0.099  0.002  0.000  0.000  0.000  0.001  0.187
   0.42363     -2.406330  0.003  0.082  0.000  0.105  0.001  0.000  0.000  0.000  0.000  0.193
   0.39715     -2.435679  0.002  0.083  0.001  0.110  0.001  0.000  0.000  0.000  0.000  0.198
   0.37067     -2.471904  0.001  0.083  0.001  0.114  0.001  0.000  0.000  0.000  0.000  0.201
   0.34420     -2.512972  0.001  0.083  0.001  0.115  0.001  0.000  0.000  0.000  0.000  0.203
   0.31772     -2.557032  0.000  0.084  0.002  0.116  0.001  0.000  0.000  0.000  0.000  0.204
   0.29124     -2.602496  0.000  0.084  0.002  0.116  0.001  0.000  0.000  0.000  0.000  0.204
   0.26477     -2.648023  0.000  0.085  0.002  0.115  0.001  0.000  0.000  0.000  0.000  0.204
   0.23829     -2.692482  0.000  0.086  0.002  0.114  0.001  0.000  0.000  0.000  0.000  0.203
   0.21181     -2.734906  0.000  0.087  0.002  0.113  0.000  0.000  0.000  0.000  0.000  0.203
   0.18534     -2.774457  0.000  0.087  0.003  0.112  0.000  0.000  0.000  0.000  0.000  0.202
   0.15886     -2.810399  0.000  0.089  0.003  0.110  0.000  0.000  0.000  0.000  0.000  0.201
   0.13238     -2.842089  0.000  0.090  0.003  0.108  0.000  0.000  0.000  0.000  0.000  0.201
   0.10591     -2.868957  0.000  0.091  0.003  0.106  0.000  0.000  0.000  0.000  0.000  0.200
   0.07943     -2.890503  0.000  0.093  0.003  0.104  0.000  0.000  0.000  0.000  0.000  0.200
   0.05295     -2.906292  0.000  0.094  0.003  0.102  0.000  0.000  0.000  0.000  0.000  0.199
   0.02648     -2.915962  0.000  0.096  0.003  0.100  0.000  0.000  0.000  0.000  0.000  0.199
   0.00000     -2.919234  0.000  0.098  0.003  0.098  0.000  0.000  0.000  0.000  0.000  0.199
 
# Band-Index:   17
   0.00000     -0.838940  0.032  0.000  0.000  0.000  0.000  0.001  0.001  0.001  0.000  0.035
   0.02648     -0.847743  0.032  0.000  0.003  0.000  0.000  0.001  0.001  0.001  0.000  0.039
   0.05295     -0.873137  0.031  0.001  0.011  0.001  0.000  0.001  0.001  0.001  0.000  0.048
   0.07943     -0.912281  0.030  0.002  0.022  0.003  0.000  0.001  0.001  0.001  0.000  0.060
   0.10591     -0.961742  0.029  0.004  0.032  0.004  0.000  0.001  0.001  0.001  0.000  0.071
   0.13238     -1.018471  0.029  0.005  0.040  0.006  0.000  0.001  0.001  0.001  0.000  0.082
   0.15886     -1.080074  0.028  0.006  0.046  0.008  0.000  0.001  0.001  0.000  0.000  0.091
   0.18534     -1.144730  0.028  0.008  0.051  0.010  0.000  0.001  0.001  0.000  0.000  0.098
   0.21181     -1.211020  0.027  0.009  0.055  0.012  0.000  0.001  0.001  0.000  0.000  0.105
   0.23829     -1.277784  0.027  0.011  0.057  0.014  0.000  0.001  0.001  0.000  0.000  0.111
   0.26477     -1.344005  0.027  0.012  0.059  0.016  0.000  0.001  0.001  0.000  0.000  0.116
   0.29124     -1.408714  0.026  0.014  0.060  0.019  0.000  0.000  0.001  0.000  0.000  0.121
   0.31772     -1.470910  0.026  0.015  0.060  0.023  0.000  0.000  0.001  0.000  0.000  0.126
   0.34420     -1.529483  0.025  0.017  0.061  0.027  0.000  0.000  0.001  0.000  0.000  0.131
   0.37067     -1.583144  0.023  0.018  0.061  0.032  0.000  0.000  0.001  0.000  0.001  0.136
   0.39715     -1.630385  0.022  0.020  0.062  0.038  0.000  0.000  0.000  0.000  0.001  0.143
   0.42363     -1.669524  0.019  0.022  0.062  0.045  0.000  0.000  0.000  0.000  0.001  0.151
   0.45010     -1.698943  0.016  0.024  0.063  0.055  0.000  0.000  0.000  0.000  0.001  0.160
   0.47658     -1.717550  0.013  0.026  0.064  0.064  0.000  0.000  0.000  0.000  0.001  0.169
   0.50306     -1.725333  0.010  0.028  0.066  0.074  0.000  0.000  0.000  0.000  0.001  0.179
   0.52953     -1.723603  0.007  0.029  0.068  0.082  0.001  0.000  0.000  0.000  0.001  0.188
   0.55601     -1.714692  0.005  0.030  0.071  0.087  0.001  0.000  0.000  0.000  0.001  0.195
   0.58249     -1.701326  0.003  0.030  0.076  0.088  0.001  0.000  0.000  0.000  0.001  0.200
   0.60896     -1.686089  0.002  0.029  0.084  0.086  0.001  0.000  0.000  0.000  0.001  0.203
   0.63544     -1.671178  0.001  0.027  0.094  0.080  0.001  0.000  0.000  0.000  0.001  0.204
   0.66192     -1.658352  0.000  0.024  0.108  0.070  0.001  0.000  0.000  0.000  0.000  0.203
   0.68839     -1.648899  0.000  0.020  0.123  0.057  0.000  0.000  0.000  0.000  0.000  0.201
   0.71487     -1.643401  0.000  0.018  0.137  0.043  0.000  0.000  0.000  0.000  0.000  0.198
   0.74135     -1.641354  0.000  0.019  0.146  0.030  0.000  0.000  0.000  0.000  0.000  0.195
   0.76782     -1.641138  0.000  0.023  0.149  0.023  0.000  0.000  0.000  0.000  0.000  0.195
   0.76782     -1.641138  0.000  0.023  0.149  0.023  0.000  0.000  0.000  0.000  0.000  0.195
   0.79075     -1.641041  0.000  0.023  0.147  0.025  0.000  0.000  0.000  0.000  0.000  0.195
   0.81368     -1.640816  0.000  0.024  0.142  0.030  0.000  0.000  0.000  0.000  0.000  0.197
   0.83661     -1.640610  0.000  0.026  0.134  0.039  0.000  0.000  0.000  0.000  0.000  0.200
   0.85954     -1.640474  0.000  0.029  0.124  0.048  0.000  0.000  0.000  0.000  0.000  0.202
   0.88247     -1.640202  0.001  0.033  0.114  0.055  0.000  0.000  0.000  0.000  0.000  0.205
   0.90540     -1.639318  0.001  0.038  0.106  0.061  0.001  0.000  0.000  0.000  0.000  0.207
   0.92833     -1.637169  0.002  0.042  0.098  0.064  0.001  0.000  0.000  0.000  0.001  0.208
   0.95126     -1.633087  0.003  0.046  0.093  0.065  0.000  0.000  0.000  0.000  0.001  0.208
   0.97419     -1.626511  0.004  0.050  0.088  0.063  0.000  0.000  0.000  0.000  0.001  0.207
   0.99712     -1.617084  0.006  0.054  0.085  0.060  0.000  0.000  0.000  0.000  0.001  0.207
   1.02005     -1.604696  0.007  0.058  0.083  0.057  0.000  0.000  0.000  0.000  0.001  0.205
   1.04298     -1.589476  0.009  0.061  0.080  0.053  0.000  0.000  0.000  0.000  0.001  0.204
   1.06591     -1.571750  0.010  0.065  0.078  0.049  0.000  0.000  0.000  0.000  0.001  0.203
   1.08884     -1.551993  0.012  0.068  0.076  0.045  0.000  0.000  0.000  0.000  0.001  0.202
   1.11177     -1.530774  0.014  0.072  0.073  0.041  0.000  0.000  0.000  0.000  0.001  0.201
   1.13470     -1.508709  0.015  0.076  0.070  0.038  0.000  0.000  0.000  0.000  0.001  0.201
   1.15763     -1.486424  0.017  0.080  0.067  0.035  0.000  0.000  0.000  0.000  0.001  0.201
   1.18055     -1.464519  0.019  0.084  0.064  0.033  0.000  0.000  0.000  0.000  0.001  0.201
   1.20348     -1.443542  0.021  0.088  0.060  0.031  0.000  0.000  0.000  0.000  0.001  0.201
   1.22641     -1.423962  0.023  0.092  0.056  0.029  0.000  0.000  0.001  0.000  0.001  0.201
   1.24934     -1.406148  0.024  0.097  0.052  0.027  0.000  0.000  0.001  0.000  0.001  0.202
   1.27227     -1.390358  0.026  0.100  0.048  0.026  0.000  0.000  0.001  0.000  0.001  0.202
   1.29520     -1.376743  0.027  0.104  0.045  0.025  0.000  0.000  0.001  0.000  0.001  0.202
   1.31813     -1.365359  0.029  0.107  0.042  0.024  0.000  0.000  0.001  0.000  0.001  0.203
   1.34106     -1.356193  0.030  0.109  0.040  0.023  0.000  0.000  0.001  0.000  0.001  0.203
   1.36399     -1.349183  0.030  0.111  0.038  0.022  0.000  0.000  0.001  0.000  0.001  0.203
   1.38692     -1.344252  0.031  0.112  0.036  0.022  0.000  0.000  0.001  0.000  0.001  0.203
   1.40985     -1.341325  0.031  0.113  0.036  0.021  0.000  0.000  0.001  0.000  0.001  0.203
   1.43278     -1.340353  0.031  0.114  0.035  0.021  0.000  0.000  0.001  0.000  0.001  0.203
   1.43278     -1.340353  0.031  0.114  0.035  0.021  0.000  0.000  0.001  0.000  0.001  0.203
   1.44602     -1.364713  0.033  0.113  0.033  0.016  0.000  0.000  0.001  0.000  0.001  0.197
   1.45926     -1.382814  0.034  0.112  0.032  0.011  0.000  0.000  0.001  0.000  0.001  0.190
   1.47249     -1.394269  0.035  0.109  0.030  0.007  0.000  0.000  0.001  0.000  0.001  0.183
   1.48573     -1.398903  0.036  0.105  0.029  0.004  0.000  0.000  0.001  0.000  0.001  0.176
   1.49897     -1.396788  0.037  0.100  0.029  0.002  0.000  0.000  0.001  0.000  0.001  0.168
   1.51221     -1.388245  0.037  0.094  0.028  0.001  0.000  0.000  0.001  0.000  0.001  0.161
   1.52545     -1.373816  0.037  0.087  0.028  0.000  0.000  0.000  0.001  0.000  0.000  0.154
   1.53869     -1.354214  0.038  0.080  0.028  0.000  0.000  0.000  0.001  0.000  0.000  0.148
   1.55192     -1.330254  0.037  0.072  0.028  0.001  0.000  0.001  0.001  0.000  0.000  0.141
   1.56516     -1.302795  0.037  0.065  0.029  0.002  0.000  0.001  0.001  0.000  0.000  0.135
   1.57840     -1.272681  0.037  0.058  0.029  0.003  0.000  0.001  0.001  0.000  0.000  0.128
   1.59164     -1.240701  0.036  0.051  0.030  0.003  0.000  0.001  0.001  0.000  0.000  0.122
   1.60488     -1.207568  0.036  0.044  0.030  0.004  0.000  0.001  0.001  0.000  0.000  0.116
   1.61812     -1.173898  0.035  0.038  0.031  0.004  0.000  0.001  0.001  0.000  0.000  0.111
   1.63135     -1.140215  0.034  0.032  0.031  0.005  0.000  0.001  0.001  0.000  0.000  0.105
   1.64459     -1.106950  0.034  0.027  0.031  0.005  0.000  0.001  0.001  0.000  0.000  0.099
   1.65783     -1.074455  0.033  0.023  0.031  0.005  0.000  0.001  0.001  0.000  0.000  0.093
   1.67107     -1.043017  0.033  0.019  0.030  0.004  0.000  0.001  0.001  0.000  0.000  0.088
   1.68431     -1.012879  0.032  0.015  0.029  0.004  0.000  0.001  0.001  0.000  0.000  0.082
   1.69755     -0.984258  0.032  0.012  0.027  0.004  0.000  0.001  0.001  0.000  0.000  0.076
   1.71078     -0.957366  0.031  0.009  0.024  0.003  0.000  0.001  0.001  0.000  0.000  0.071
   1.72402     -0.932430  0.031  0.007  0.021  0.002  0.000  0.001  0.001  0.001  0.000  0.065
   1.73726     -0.909709  0.031  0.005  0.018  0.002  0.000  0.001  0.001  0.001  0.000  0.059
   1.75050     -0.889503  0.031  0.003  0.014  0.001  0.000  0.001  0.001  0.001  0.000  0.053
   1.76374     -0.872160  0.032  0.002  0.010  0.001  0.000  0.001  0.001  0.001  0.000  0.047
   1.77698     -0.858062  0.032  0.001  0.006  0.001  0.000  0.001  0.001  0.001  0.000  0.043
   1.79021     -0.847599  0.032  0.001  0.003  0.000  0.000  0.001  0.001  0.001  0.000  0.039
   1.80345     -0.841135  0.032  0.000  0.001  0.000  0.000  0.001  0.001  0.001  0.000  0.036
   1.81669     -0.838940  0.032  0.000  0.000  0.000  0.000  0.001  0.001  0.001  0.000  0.035
   1.81669     -0.838940  0.032  0.000  0.000  0.000  0.000  0.001  0.001  0.001  0.000  0.035
   1.84317     -0.847743  0.032  0.000  0.003  0.000  0.000  0.001  0.001  0.001  0.000  0.039
   1.86964     -0.873137  0.031  0.001  0.011  0.001  0.000  0.001  0.001  0.001  0.000  0.048
   1.89612     -0.912281  0.030  0.002  0.022  0.003  0.000  0.001  0.001  0.001  0.000  0.060
   1.92260     -0.961742  0.029  0.004  0.032  0.004  0.000  0.001  0.001  0.001  0.000  0.071
   1.94907     -1.018471  0.029  0.005  0.040  0.006  0.000  0.001  0.001  0.001  0.000  0.082
   1.97555     -1.080074  0.028  0.006  0.046  0.008  0.000  0.001  0.001  0.000  0.000  0.091
   2.00203     -1.144730  0.028  0.008  0.051  0.010  0.000  0.001  0.001  0.000  0.000  0.098
   2.02850     -1.211020  0.027  0.009  0.055  0.012  0.000  0.001  0.001  0.000  0.000  0.105
   2.05498     -1.277784  0.027  0.011  0.057  0.014  0.000  0.001  0.001  0.000  0.000  0.111
   2.08146     -1.344005  0.027  0.012  0.059  0.016  0.000  0.001  0.001  0.000  0.000  0.116
   2.10793     -1.408714  0.026  0.014  0.060  0.019  0.000  0.000  0.001  0.000  0.000  0.121
   2.13441     -1.470910  0.026  0.015  0.060  0.023  0.000  0.000  0.001  0.000  0.000  0.126
   2.16089     -1.529483  0.025  0.017  0.061  0.027  0.000  0.000  0.001  0.000  0.000  0.131
   2.18736     -1.583144  0.023  0.018  0.061  0.032  0.000  0.000  0.001  0.000  0.001  0.136
   2.21384     -1.630385  0.022  0.020  0.062  0.038  0.000  0.000  0.000  0.000  0.001  0.143
   2.24032     -1.669524  0.019  0.022  0.062  0.045  0.000  0.000  0.000  0.000  0.001  0.151
   2.26680     -1.698943  0.016  0.024  0.063  0.055  0.000  0.000  0.000  0.000  0.001  0.160
   2.29327     -1.717550  0.013  0.026  0.064  0.064  0.000  0.000  0.000  0.000  0.001  0.169
   2.31975     -1.725333  0.010  0.028  0.066  0.074  0.000  0.000  0.000  0.000  0.001  0.179
   2.34623     -1.723603  0.007  0.029  0.068  0.082  0.001  0.000  0.000  0.000  0.001  0.188
   2.37270     -1.714692  0.005  0.030  0.071  0.087  0.001  0.000  0.000  0.000  0.001  0.195
   2.39918     -1.701326  0.003  0.030  0.076  0.088  0.001  0.000  0.000  0.000  0.001  0.200
   2.42566     -1.686089  0.002  0.029  0.084  0.086  0.001  0.000  0.000  0.000  0.001  0.203
   2.45213     -1.671178  0.001  0.027  0.094  0.080  0.001  0.000  0.000  0.000  0.001  0.204
   2.47861     -1.658352  0.000  0.024  0.108  0.070  0.001  0.000  0.000  0.000  0.000  0.203
   2.50509     -1.648899  0.000  0.020  0.123  0.057  0.000  0.000  0.000  0.000  0.000  0.201
   2.53156     -1.643401  0.000  0.018  0.137  0.043  0.000  0.000  0.000  0.000  0.000  0.198
   2.55804     -1.641354  0.000  0.019  0.146  0.030  0.000  0.000  0.000  0.000  0.000  0.195
   2.58452     -1.641138  0.000  0.023  0.149  0.023  0.000  0.000  0.000  0.000  0.000  0.195
 
# Band-Index:   18
   2.58452     -1.641138  0.000  0.023  0.149  0.023  0.000  0.000  0.000  0.000  0.000  0.195
   2.55804     -1.640657  0.000  0.029  0.147  0.019  0.000  0.000  0.000  0.000  0.000  0.195
   2.53156     -1.638027  0.000  0.036  0.143  0.019  0.000  0.000  0.000  0.000  0.000  0.198
   2.50509     -1.631791  0.000  0.042  0.138  0.020  0.000  0.000  0.000  0.000  0.000  0.201
   2.47861     -1.620894  0.001  0.047  0.134  0.022  0.000  0.000  0.000  0.000  0.000  0.204
   2.45213     -1.604670  0.001  0.050  0.132  0.024  0.000  0.000  0.000  0.000  0.000  0.208
   2.42566     -1.582933  0.002  0.049  0.132  0.026  0.000  0.000  0.000  0.000  0.000  0.210
   2.39918     -1.556042  0.002  0.045  0.135  0.028  0.000  0.000  0.000  0.000  0.000  0.212
   2.37270     -1.524763  0.002  0.039  0.139  0.030  0.000  0.000  0.000  0.000  0.000  0.211
   2.34623     -1.489915  0.002  0.033  0.144  0.030  0.000  0.000  0.000  0.000  0.000  0.209
   2.31975     -1.452052  0.002  0.027  0.148  0.030  0.000  0.000  0.000  0.000  0.000  0.207
   2.29327     -1.411394  0.002  0.022  0.152  0.029  0.000  0.000  0.000  0.000  0.000  0.205
   2.26680     -1.367965  0.002  0.018  0.154  0.028  0.000  0.000  0.000  0.000  0.000  0.203
   2.24032     -1.321735  0.001  0.016  0.157  0.027  0.000  0.000  0.000  0.000  0.000  0.201
   2.21384     -1.272704  0.001  0.014  0.159  0.025  0.000  0.000  0.000  0.000  0.000  0.200
   2.18736     -1.220930  0.001  0.013  0.161  0.024  0.000  0.000  0.000  0.000  0.000  0.200
   2.16089     -1.166532  0.001  0.012  0.163  0.023  0.000  0.000  0.000  0.000  0.000  0.200
   2.13441     -1.109683  0.001  0.011  0.165  0.022  0.000  0.000  0.000  0.000  0.000  0.200
   2.10793     -1.050608  0.001  0.010  0.168  0.022  0.000  0.000  0.000  0.000  0.000  0.201
   2.08146     -0.989574  0.001  0.010  0.170  0.021  0.000  0.001  0.000  0.000  0.000  0.203
   2.05498     -0.926894  0.001  0.009  0.174  0.021  0.000  0.001  0.000  0.000  0.000  0.205
   2.02850     -0.862931  0.001  0.009  0.177  0.021  0.000  0.001  0.000  0.000  0.000  0.208
   2.00203     -0.798101  0.000  0.009  0.181  0.020  0.000  0.001  0.000  0.000  0.000  0.212
   1.97555     -0.732896  0.000  0.009  0.186  0.021  0.000  0.001  0.000  0.000  0.000  0.218
   1.94907     -0.667919  0.000  0.010  0.193  0.021  0.000  0.001  0.000  0.000  0.000  0.225
   1.92260     -0.603974  0.000  0.010  0.203  0.021  0.000  0.001  0.000  0.000  0.000  0.235
   1.89612     -0.542306  0.000  0.011  0.217  0.022  0.000  0.000  0.000  0.000  0.000  0.251
   1.86964     -0.485322  0.000  0.013  0.240  0.023  0.000  0.000  0.000  0.000  0.000  0.277
   1.84317     -0.439088  0.000  0.016  0.277  0.024  0.000  0.000  0.000  0.000  0.000  0.318
   1.81669     -0.419124  0.000  0.022  0.306  0.022  0.000  0.000  0.000  0.000  0.000  0.349
   1.81669     -0.419124  0.000  0.022  0.306  0.022  0.000  0.000  0.000  0.000  0.000  0.349
   1.80345     -0.424277  0.000  0.017  0.297  0.026  0.000  0.000  0.000  0.000  0.000  0.340
   1.79021     -0.437926  0.000  0.013  0.279  0.028  0.000  0.000  0.000  0.000  0.000  0.320
   1.77698     -0.456921  0.000  0.010  0.260  0.029  0.000  0.000  0.000  0.000  0.000  0.299
   1.76374     -0.478889  0.000  0.009  0.244  0.029  0.000  0.000  0.000  0.000  0.000  0.283
   1.75050     -0.502442  0.000  0.008  0.232  0.029  0.000  0.000  0.000  0.000  0.000  0.270
   1.73726     -0.526828  0.000  0.007  0.222  0.030  0.000  0.000  0.000  0.000  0.000  0.260
   1.72402     -0.551654  0.001  0.007  0.213  0.031  0.000  0.001  0.000  0.000  0.000  0.253
   1.71078     -0.576740  0.001  0.008  0.207  0.032  0.000  0.001  0.000  0.000  0.000  0.248
   1.69755     -0.602034  0.001  0.009  0.200  0.033  0.000  0.001  0.000  0.000  0.000  0.244
   1.68431     -0.627589  0.001  0.010  0.195  0.035  0.000  0.001  0.000  0.000  0.000  0.242
   1.67107     -0.653544  0.002  0.011  0.189  0.037  0.000  0.001  0.000  0.000  0.000  0.240
   1.65783     -0.680120  0.003  0.014  0.183  0.039  0.000  0.001  0.000  0.000  0.000  0.239
   1.64459     -0.707625  0.003  0.017  0.176  0.042  0.000  0.001  0.000  0.000  0.000  0.239
   1.63135     -0.736448  0.004  0.021  0.168  0.046  0.000  0.001  0.000  0.000  0.000  0.240
   1.61812     -0.767044  0.005  0.026  0.159  0.049  0.000  0.001  0.000  0.000  0.000  0.241
   1.60488     -0.799896  0.007  0.033  0.149  0.053  0.000  0.001  0.000  0.000  0.000  0.242
   1.59164     -0.835435  0.009  0.041  0.137  0.056  0.000  0.000  0.000  0.000  0.000  0.243
   1.57840     -0.873934  0.011  0.049  0.124  0.059  0.000  0.000  0.000  0.000  0.000  0.244
   1.56516     -0.915402  0.013  0.059  0.111  0.060  0.000  0.000  0.000  0.000  0.000  0.244
   1.55192     -0.959532  0.015  0.069  0.097  0.061  0.000  0.000  0.000  0.000  0.000  0.243
   1.53869     -1.005711  0.018  0.078  0.085  0.059  0.000  0.000  0.000  0.000  0.000  0.241
   1.52545     -1.053111  0.020  0.086  0.074  0.057  0.000  0.000  0.001  0.000  0.000  0.239
   1.51221     -1.100789  0.022  0.093  0.065  0.054  0.000  0.000  0.001  0.000  0.001  0.235
   1.49897     -1.147772  0.024  0.099  0.057  0.049  0.000  0.000  0.001  0.000  0.001  0.231
   1.48573     -1.193107  0.025  0.104  0.051  0.044  0.000  0.000  0.001  0.000  0.001  0.226
   1.47249     -1.235878  0.027  0.108  0.046  0.039  0.000  0.000  0.001  0.000  0.001  0.221
   1.45926     -1.275214  0.029  0.111  0.041  0.033  0.000  0.000  0.001  0.000  0.001  0.215
   1.44602     -1.310294  0.030  0.113  0.038  0.027  0.000  0.000  0.001  0.000  0.001  0.210
   1.43278     -1.340353  0.031  0.114  0.035  0.021  0.000  0.000  0.001  0.000  0.001  0.203
   1.43278     -1.340353  0.031  0.114  0.035  0.021  0.000  0.000  0.001  0.000  0.001  0.203
   1.40985     -1.341319  0.031  0.113  0.036  0.021  0.000  0.000  0.001  0.000  0.001  0.203
   1.38692     -1.344238  0.031  0.112  0.036  0.022  0.000  0.000  0.001  0.000  0.001  0.203
   1.36399     -1.349163  0.030  0.111  0.038  0.022  0.000  0.000  0.001  0.000  0.001  0.203
   1.34106     -1.356166  0.030  0.109  0.040  0.023  0.000  0.000  0.001  0.000  0.001  0.203
   1.31813     -1.365326  0.029  0.107  0.042  0.024  0.000  0.000  0.001  0.000  0.001  0.203
   1.29520     -1.376703  0.027  0.104  0.045  0.025  0.000  0.000  0.001  0.000  0.001  0.202
   1.27227     -1.390312  0.026  0.100  0.048  0.026  0.000  0.000  0.001  0.000  0.001  0.202
   1.24934     -1.406096  0.024  0.097  0.052  0.027  0.000  0.000  0.001  0.000  0.001  0.202
   1.22641     -1.423905  0.023  0.092  0.056  0.029  0.000  0.000  0.001  0.000  0.001  0.201
   1.20348     -1.443481  0.021  0.088  0.060  0.031  0.000  0.000  0.000  0.000  0.001  0.201
   1.18055     -1.464456  0.019  0.084  0.064  0.033  0.000  0.000  0.000  0.000  0.001  0.201
   1.15763     -1.486359  0.017  0.080  0.067  0.035  0.000  0.000  0.000  0.000  0.001  0.201
   1.13470     -1.508645  0.015  0.076  0.070  0.038  0.000  0.000  0.000  0.000  0.001  0.201
   1.11177     -1.530712  0.014  0.072  0.073  0.041  0.000  0.000  0.000  0.000  0.001  0.201
   1.08884     -1.551934  0.012  0.068  0.076  0.045  0.000  0.000  0.000  0.000  0.001  0.202
   1.06591     -1.571697  0.010  0.065  0.078  0.048  0.000  0.000  0.000  0.000  0.001  0.203
   1.04298     -1.589429  0.009  0.061  0.080  0.053  0.000  0.000  0.000  0.000  0.001  0.204
   1.02005     -1.604657  0.007  0.058  0.083  0.057  0.000  0.000  0.000  0.000  0.001  0.205
   0.99712     -1.617054  0.006  0.054  0.085  0.060  0.000  0.000  0.000  0.000  0.001  0.207
   0.97419     -1.626491  0.004  0.050  0.088  0.063  0.000  0.000  0.000  0.000  0.001  0.207
   0.95126     -1.633076  0.003  0.046  0.093  0.065  0.000  0.000  0.000  0.000  0.001  0.208
   0.92833     -1.637163  0.002  0.042  0.098  0.064  0.001  0.000  0.000  0.000  0.001  0.208
   0.90540     -1.639308  0.001  0.038  0.106  0.061  0.001  0.000  0.000  0.000  0.000  0.207
   0.88247     -1.640187  0.001  0.033  0.114  0.056  0.000  0.000  0.000  0.000  0.000  0.205
   0.85954     -1.640455  0.000  0.029  0.124  0.048  0.000  0.000  0.000  0.000  0.000  0.202
   0.83661     -1.640591  0.000  0.026  0.134  0.039  0.000  0.000  0.000  0.000  0.000  0.200
   0.81368     -1.640800  0.000  0.024  0.142  0.030  0.000  0.000  0.000  0.000  0.000  0.197
   0.79075     -1.641032  0.000  0.023  0.147  0.025  0.000  0.000  0.000  0.000  0.000  0.195
   0.76782     -1.641138  0.000  0.023  0.149  0.023  0.000  0.000  0.000  0.000  0.000  0.195
   0.76782     -1.641138  0.000  0.023  0.149  0.023  0.000  0.000  0.000  0.000  0.000  0.195
   0.74135     -1.640657  0.000  0.029  0.147  0.019  0.000  0.000  0.000  0.000  0.000  0.195
   0.71487     -1.638027  0.000  0.036  0.143  0.019  0.000  0.000  0.000  0.000  0.000  0.198
   0.68839     -1.631791  0.000  0.042  0.138  0.020  0.000  0.000  0.000  0.000  0.000  0.201
   0.66192     -1.620894  0.001  0.047  0.134  0.022  0.000  0.000  0.000  0.000  0.000  0.204
   0.63544     -1.604670  0.001  0.050  0.132  0.024  0.000  0.000  0.000  0.000  0.000  0.208
   0.60896     -1.582933  0.002  0.049  0.132  0.026  0.000  0.000  0.000  0.000  0.000  0.210
   0.58249     -1.556042  0.002  0.045  0.135  0.028  0.000  0.000  0.000  0.000  0.000  0.212
   0.55601     -1.524763  0.002  0.039  0.139  0.030  0.000  0.000  0.000  0.000  0.000  0.211
   0.52953     -1.489915  0.002  0.033  0.144  0.030  0.000  0.000  0.000  0.000  0.000  0.209
   0.50306     -1.452052  0.002  0.027  0.148  0.030  0.000  0.000  0.000  0.000  0.000  0.207
   0.47658     -1.411394  0.002  0.022  0.152  0.029  0.000  0.000  0.000  0.000  0.000  0.205
   0.45010     -1.367965  0.002  0.018  0.154  0.028  0.000  0.000  0.000  0.000  0.000  0.203
   0.42363     -1.321735  0.001  0.016  0.157  0.027  0.000  0.000  0.000  0.000  0.000  0.201
   0.39715     -1.272704  0.001  0.014  0.159  0.025  0.000  0.000  0.000  0.000  0.000  0.200
   0.37067     -1.220930  0.001  0.013  0.161  0.024  0.000  0.000  0.000  0.000  0.000  0.200
   0.34420     -1.166532  0.001  0.012  0.163  0.023  0.000  0.000  0.000  0.000  0.000  0.200
   0.31772     -1.109683  0.001  0.011  0.165  0.022  0.000  0.000  0.000  0.000  0.000  0.200
   0.29124     -1.050608  0.001  0.010  0.168  0.022  0.000  0.000  0.000  0.000  0.000  0.201
   0.26477     -0.989574  0.001  0.010  0.170  0.021  0.000  0.001  0.000  0.000  0.000  0.203
   0.23829     -0.926894  0.001  0.009  0.174  0.021  0.000  0.001  0.000  0.000  0.000  0.205
   0.21181     -0.862931  0.001  0.009  0.177  0.021  0.000  0.001  0.000  0.000  0.000  0.208
   0.18534     -0.798101  0.000  0.009  0.181  0.020  0.000  0.001  0.000  0.000  0.000  0.212
   0.15886     -0.732896  0.000  0.009  0.186  0.021  0.000  0.001  0.000  0.000  0.000  0.218
   0.13238     -0.667919  0.000  0.010  0.193  0.021  0.000  0.001  0.000  0.000  0.000  0.225
   0.10591     -0.603974  0.000  0.010  0.203  0.021  0.000  0.001  0.000  0.000  0.000  0.235
   0.07943     -0.542306  0.000  0.011  0.217  0.022  0.000  0.000  0.000  0.000  0.000  0.251
   0.05295     -0.485322  0.000  0.013  0.240  0.023  0.000  0.000  0.000  0.000  0.000  0.277
   0.02648     -0.439088  0.000  0.016  0.277  0.024  0.000  0.000  0.000  0.000  0.000  0.318
   0.00000     -0.419124  0.000  0.022  0.306  0.022  0.000  0.000  0.000  0.000  0.000  0.349
 
# Band-Index:   19
   0.00000     -0.316157  0.000  0.000  0.333  0.000  0.000  0.000  0.000  0.000  0.000  0.334
   0.02648     -0.311793  0.001  0.000  0.330  0.000  0.000  0.000  0.000  0.000  0.000  0.331
   0.05295     -0.300260  0.003  0.000  0.320  0.001  0.000  0.000  0.000  0.000  0.000  0.324
   0.07943     -0.286365  0.006  0.002  0.305  0.002  0.000  0.000  0.000  0.000  0.000  0.315
   0.10591     -0.277178  0.010  0.005  0.286  0.005  0.000  0.000  0.000  0.000  0.000  0.307
   0.13238     -0.280527  0.014  0.011  0.262  0.011  0.000  0.000  0.001  0.000  0.000  0.298
   0.15886     -0.302540  0.019  0.020  0.232  0.019  0.000  0.000  0.001  0.000  0.000  0.290
   0.18534     -0.344749  0.022  0.029  0.201  0.027  0.000  0.000  0.001  0.000  0.000  0.281
   0.21181     -0.403812  0.024  0.038  0.174  0.034  0.000  0.000  0.001  0.000  0.000  0.272
   0.23829     -0.474363  0.025  0.045  0.154  0.039  0.000  0.000  0.001  0.000  0.000  0.264
   0.26477     -0.551568  0.025  0.050  0.138  0.042  0.000  0.000  0.001  0.000  0.000  0.256
   0.29124     -0.631922  0.024  0.054  0.127  0.044  0.000  0.000  0.001  0.000  0.000  0.250
   0.31772     -0.713069  0.023  0.056  0.119  0.045  0.000  0.000  0.001  0.000  0.000  0.245
   0.34420     -0.793437  0.022  0.058  0.113  0.046  0.000  0.000  0.001  0.000  0.000  0.240
   0.37067     -0.871955  0.020  0.060  0.108  0.046  0.000  0.000  0.001  0.000  0.000  0.235
   0.39715     -0.947860  0.019  0.061  0.105  0.046  0.000  0.000  0.001  0.000  0.000  0.231
   0.42363     -1.028318  0.022  0.160  0.002  0.059  0.001  0.000  0.001  0.000  0.001  0.245
   0.45010     -1.110721  0.020  0.159  0.003  0.055  0.001  0.000  0.001  0.000  0.001  0.240
   0.47658     -1.187098  0.018  0.156  0.005  0.052  0.001  0.000  0.000  0.000  0.001  0.234
   0.50306     -1.256289  0.016  0.152  0.007  0.051  0.001  0.000  0.000  0.000  0.001  0.229
   0.52953     -1.317163  0.013  0.146  0.010  0.051  0.001  0.000  0.000  0.000  0.001  0.223
   0.55601     -1.368883  0.010  0.138  0.014  0.054  0.001  0.000  0.000  0.000  0.001  0.218
   0.58249     -1.411206  0.007  0.130  0.017  0.058  0.001  0.000  0.000  0.000  0.001  0.215
   0.60896     -1.444614  0.005  0.122  0.019  0.065  0.001  0.000  0.000  0.000  0.001  0.214
   0.63544     -1.470145  0.004  0.116  0.019  0.073  0.002  0.000  0.000  0.000  0.001  0.214
   0.66192     -1.489073  0.002  0.112  0.016  0.082  0.002  0.000  0.000  0.000  0.002  0.215
   0.68839     -1.502645  0.001  0.110  0.012  0.091  0.002  0.000  0.000  0.000  0.002  0.217
   0.71487     -1.511890  0.001  0.109  0.007  0.100  0.002  0.000  0.000  0.000  0.002  0.220
   0.74135     -1.517459  0.000  0.109  0.002  0.106  0.002  0.000  0.000  0.000  0.002  0.221
   0.76782     -1.519423  0.000  0.109  0.000  0.109  0.002  0.000  0.000  0.000  0.002  0.222
   0.76782     -1.519423  0.000  0.109  0.000  0.109  0.002  0.000  0.000  0.000  0.002  0.222
   0.79075     -1.517825  0.000  0.109  0.002  0.106  0.002  0.000  0.000  0.000  0.002  0.221
   0.81368     -1.512853  0.000  0.109  0.007  0.099  0.002  0.000  0.000  0.000  0.002  0.220
   0.83661     -1.504066  0.001  0.110  0.016  0.088  0.002  0.000  0.000  0.000  0.002  0.218
   0.85954     -1.490970  0.002  0.110  0.026  0.075  0.001  0.000  0.000  0.000  0.002  0.216
   0.88247     -1.473225  0.003  0.110  0.036  0.062  0.001  0.000  0.000  0.000  0.002  0.214
   0.90540     -1.450752  0.004  0.111  0.045  0.050  0.001  0.000  0.000  0.000  0.002  0.213
   0.92833     -1.423723  0.005  0.111  0.053  0.040  0.001  0.000  0.000  0.000  0.001  0.212
   0.95126     -1.392505  0.006  0.112  0.060  0.032  0.001  0.000  0.000  0.000  0.001  0.212
   0.97419     -1.357605  0.008  0.112  0.065  0.026  0.000  0.000  0.000  0.000  0.001  0.213
   0.99712     -1.319624  0.009  0.112  0.069  0.021  0.000  0.000  0.000  0.000  0.001  0.213
   1.02005     -1.279223  0.010  0.112  0.073  0.017  0.000  0.000  0.000  0.000  0.001  0.214
   1.04298     -1.237070  0.011  0.111  0.076  0.014  0.000  0.000  0.000  0.000  0.001  0.214
   1.06591     -1.193787  0.012  0.110  0.079  0.011  0.000  0.000  0.000  0.000  0.001  0.214
   1.08884     -1.149912  0.013  0.107  0.083  0.009  0.000  0.000  0.000  0.000  0.001  0.214
   1.11177     -1.105852  0.014  0.104  0.087  0.007  0.000  0.000  0.000  0.000  0.001  0.213
   1.13470     -1.061863  0.014  0.100  0.091  0.006  0.000  0.000  0.000  0.000  0.001  0.212
   1.15763     -1.018058  0.014  0.095  0.096  0.005  0.000  0.000  0.000  0.000  0.000  0.211
   1.18055     -0.974435  0.014  0.090  0.101  0.004  0.000  0.000  0.000  0.000  0.000  0.209
   1.20348     -0.930925  0.013  0.084  0.106  0.003  0.000  0.000  0.000  0.000  0.000  0.208
   1.22641     -0.887477  0.013  0.078  0.111  0.003  0.000  0.000  0.000  0.000  0.000  0.206
   1.24934     -0.844125  0.012  0.073  0.117  0.003  0.000  0.000  0.000  0.000  0.000  0.205
   1.27227     -0.801086  0.011  0.067  0.122  0.002  0.000  0.001  0.000  0.000  0.000  0.204
   1.29520     -0.758845  0.010  0.062  0.128  0.002  0.000  0.001  0.000  0.000  0.000  0.203
   1.31813     -0.718240  0.010  0.058  0.132  0.002  0.000  0.001  0.000  0.000  0.000  0.203
   1.34106     -0.680552  0.009  0.055  0.137  0.001  0.000  0.001  0.000  0.000  0.000  0.203
   1.36399     -0.647541  0.009  0.052  0.141  0.001  0.000  0.001  0.000  0.000  0.000  0.204
   1.38692     -0.621396  0.008  0.050  0.144  0.001  0.000  0.001  0.000  0.000  0.000  0.204
   1.40985     -0.604437  0.008  0.049  0.146  0.001  0.000  0.001  0.000  0.000  0.000  0.205
   1.43278     -0.598539  0.008  0.048  0.146  0.001  0.000  0.001  0.000  0.000  0.000  0.205
   1.43278     -0.598539  0.008  0.048  0.146  0.001  0.000  0.001  0.000  0.000  0.000  0.205
   1.44602     -0.599283  0.008  0.050  0.142  0.000  0.000  0.001  0.000  0.000  0.000  0.203
   1.45926     -0.597435  0.008  0.053  0.138  0.000  0.000  0.001  0.000  0.000  0.000  0.200
   1.47249     -0.592841  0.009  0.056  0.133  0.000  0.000  0.001  0.000  0.000  0.000  0.199
   1.48573     -0.585292  0.009  0.060  0.127  0.000  0.000  0.001  0.000  0.000  0.000  0.197
   1.49897     -0.574518  0.010  0.064  0.119  0.001  0.000  0.001  0.000  0.000  0.000  0.196
   1.51221     -0.560178  0.011  0.070  0.111  0.002  0.000  0.001  0.000  0.000  0.000  0.196
   1.52545     -0.541868  0.012  0.078  0.101  0.004  0.000  0.001  0.000  0.000  0.000  0.196
   1.53869     -0.519148  0.013  0.086  0.089  0.007  0.000  0.001  0.000  0.000  0.001  0.197
   1.55192     -0.491604  0.014  0.095  0.077  0.011  0.000  0.001  0.000  0.000  0.001  0.199
   1.56516     -0.464379  0.012  0.042  0.187  0.010  0.000  0.000  0.000  0.000  0.000  0.252
   1.57840     -0.440482  0.012  0.040  0.195  0.011  0.000  0.000  0.000  0.000  0.000  0.259
   1.59164     -0.415806  0.013  0.038  0.203  0.011  0.000  0.000  0.000  0.000  0.000  0.267
   1.60488     -0.391021  0.013  0.036  0.213  0.011  0.000  0.000  0.000  0.000  0.000  0.274
   1.61812     -0.366959  0.014  0.032  0.224  0.011  0.000  0.000  0.001  0.000  0.000  0.281
   1.63135     -0.344565  0.013  0.028  0.236  0.010  0.000  0.000  0.000  0.000  0.000  0.288
   1.64459     -0.324805  0.013  0.023  0.249  0.009  0.000  0.000  0.000  0.000  0.000  0.294
   1.65783     -0.308515  0.012  0.018  0.261  0.007  0.000  0.000  0.000  0.000  0.000  0.299
   1.67107     -0.296255  0.011  0.014  0.273  0.006  0.000  0.000  0.000  0.000  0.000  0.303
   1.68431     -0.288203  0.010  0.010  0.283  0.004  0.000  0.000  0.000  0.000  0.000  0.307
   1.69755     -0.284157  0.008  0.006  0.291  0.003  0.000  0.000  0.000  0.000  0.000  0.309
   1.71078     -0.283613  0.007  0.004  0.299  0.002  0.000  0.000  0.000  0.000  0.000  0.312
   1.72402     -0.285882  0.006  0.002  0.305  0.001  0.000  0.000  0.000  0.000  0.000  0.315
   1.73726     -0.290187  0.004  0.001  0.311  0.001  0.000  0.000  0.000  0.000  0.000  0.318
   1.75050     -0.295721  0.003  0.001  0.317  0.000  0.000  0.000  0.000  0.000  0.000  0.321
   1.76374     -0.301694  0.002  0.000  0.322  0.000  0.000  0.000  0.000  0.000  0.000  0.325
   1.77698     -0.307349  0.001  0.000  0.326  0.000  0.000  0.000  0.000  0.000  0.000  0.328
   1.79021     -0.312001  0.001  0.000  0.330  0.000  0.000  0.000  0.000  0.000  0.000  0.331
   1.80345     -0.315075  0.000  0.000  0.332  0.000  0.000  0.000  0.000  0.000  0.000  0.333
   1.81669     -0.316157  0.000  0.000  0.333  0.000  0.000  0.000  0.000  0.000  0.000  0.334
   1.81669     -0.316157  0.000  0.000  0.333  0.000  0.000  0.000  0.000  0.000  0.000  0.334
   1.84317     -0.311793  0.001  0.000  0.330  0.000  0.000  0.000  0.000  0.000  0.000  0.331
   1.86964     -0.300260  0.003  0.000  0.320  0.001  0.000  0.000  0.000  0.000  0.000  0.324
   1.89612     -0.286365  0.006  0.002  0.305  0.002  0.000  0.000  0.000  0.000  0.000  0.315
   1.92260     -0.277178  0.010  0.005  0.286  0.005  0.000  0.000  0.000  0.000  0.000  0.307
   1.94907     -0.280527  0.014  0.011  0.262  0.011  0.000  0.000  0.001  0.000  0.000  0.298
   1.97555     -0.302540  0.019  0.020  0.232  0.019  0.000  0.000  0.001  0.000  0.000  0.290
   2.00203     -0.344749  0.022  0.029  0.201  0.027  0.000  0.000  0.001  0.000  0.000  0.281
   2.02850     -0.403812  0.024  0.038  0.174  0.034  0.000  0.000  0.001  0.000  0.000  0.272
   2.05498     -0.474363  0.025  0.045  0.154  0.039  0.000  0.000  0.001  0.000  0.000  0.264
   2.08146     -0.551568  0.025  0.050  0.138  0.042  0.000  0.000  0.001  0.000  0.000  0.256
   2.10793     -0.631922  0.024  0.054  0.127  0.044  0.000  0.000  0.001  0.000  0.000  0.250
   2.13441     -0.713069  0.023  0.056  0.119  0.045  0.000  0.000  0.001  0.000  0.000  0.245
   2.16089     -0.793437  0.022  0.058  0.113  0.046  0.000  0.000  0.001  0.000  0.000  0.240
   2.18736     -0.871955  0.020  0.060  0.108  0.046  0.000  0.000  0.001  0.000  0.000  0.235
   2.21384     -0.947860  0.019  0.061  0.105  0.046  0.000  0.000  0.001  0.000  0.000  0.231
   2.24032     -1.028318  0.022  0.160  0.002  0.059  0.001  0.000  0.001  0.000  0.001  0.245
   2.26680     -1.110721  0.020  0.159  0.003  0.055  0.001  0.000  0.001  0.000  0.001  0.240
   2.29327     -1.187098  0.018  0.156  0.005  0.052  0.001  0.000  0.000  0.000  0.001  0.234
   2.31975     -1.256289  0.016  0.152  0.007  0.051  0.001  0.000  0.000  0.000  0.001  0.229
   2.34623     -1.317163  0.013  0.146  0.010  0.051  0.001  0.000  0.000  0.000  0.001  0.223
   2.37270     -1.368883  0.010  0.138  0.014  0.054  0.001  0.000  0.000  0.000  0.001  0.218
   2.39918     -1.411206  0.007  0.130  0.017  0.058  0.001  0.000  0.000  0.000  0.001  0.215
   2.42566     -1.444614  0.005  0.122  0.019  0.065  0.001  0.000  0.000  0.000  0.001  0.214
   2.45213     -1.470145  0.004  0.116  0.019  0.073  0.002  0.000  0.000  0.000  0.001  0.214
   2.47861     -1.489073  0.002  0.112  0.016  0.082  0.002  0.000  0.000  0.000  0.002  0.215
   2.50509     -1.502645  0.001  0.110  0.012  0.091  0.002  0.000  0.000  0.000  0.002  0.217
   2.53156     -1.511890  0.001  0.109  0.007  0.100  0.002  0.000  0.000  0.000  0.002  0.220
   2.55804     -1.517459  0.000  0.109  0.002  0.106  0.002  0.000  0.000  0.000  0.002  0.221
   2.58452     -1.519423  0.000  0.109  0.000  0.109  0.002  0.000  0.000  0.000  0.002  0.222
 
# Band-Index:   20
   2.58452     -1.519423  0.000  0.109  0.000  0.109  0.002  0.000  0.000  0.000  0.002  0.222
   2.55804     -1.517110  0.000  0.107  0.003  0.107  0.002  0.000  0.000  0.000  0.002  0.221
   2.53156     -1.509279  0.001  0.103  0.012  0.099  0.002  0.000  0.000  0.000  0.002  0.219
   2.50509     -1.494776  0.002  0.096  0.027  0.088  0.001  0.000  0.000  0.000  0.002  0.216
   2.47861     -1.473175  0.003  0.089  0.043  0.077  0.001  0.000  0.000  0.000  0.002  0.214
   2.45213     -1.444723  0.004  0.082  0.057  0.067  0.001  0.000  0.000  0.000  0.001  0.213
   2.42566     -1.409917  0.005  0.077  0.068  0.060  0.001  0.000  0.000  0.000  0.001  0.212
   2.39918     -1.369238  0.007  0.072  0.077  0.055  0.001  0.000  0.000  0.000  0.001  0.213
   2.37270     -1.323079  0.008  0.069  0.083  0.052  0.000  0.000  0.000  0.000  0.001  0.214
   2.34623     -1.271762  0.010  0.067  0.088  0.050  0.000  0.000  0.000  0.000  0.001  0.216
   2.31975     -1.215570  0.011  0.065  0.092  0.048  0.000  0.000  0.000  0.000  0.001  0.219
   2.29327     -1.154780  0.013  0.064  0.096  0.047  0.000  0.000  0.000  0.000  0.001  0.221
   2.26680     -1.089678  0.015  0.063  0.099  0.047  0.000  0.000  0.000  0.000  0.001  0.224
   2.24032     -1.020582  0.017  0.062  0.102  0.046  0.000  0.000  0.000  0.000  0.001  0.228
   2.21384     -0.940951  0.024  0.160  0.002  0.063  0.000  0.000  0.001  0.000  0.000  0.250
   2.18736     -0.849554  0.024  0.160  0.001  0.067  0.000  0.000  0.001  0.000  0.000  0.254
   2.16089     -0.754961  0.025  0.160  0.001  0.071  0.000  0.000  0.001  0.000  0.000  0.258
   2.13441     -0.657969  0.025  0.160  0.000  0.076  0.000  0.000  0.001  0.000  0.000  0.262
   2.10793     -0.559444  0.024  0.159  0.000  0.081  0.000  0.000  0.001  0.000  0.000  0.266
   2.08146     -0.460489  0.023  0.159  0.000  0.085  0.000  0.000  0.001  0.000  0.000  0.268
   2.05498     -0.362737  0.022  0.158  0.001  0.088  0.000  0.000  0.001  0.000  0.000  0.269
   2.02850     -0.269011  0.019  0.155  0.003  0.089  0.000  0.000  0.001  0.000  0.000  0.268
   2.00203     -0.184791  0.016  0.147  0.008  0.085  0.000  0.000  0.001  0.000  0.000  0.259
   1.97555     -0.120984  0.011  0.128  0.022  0.072  0.000  0.001  0.000  0.000  0.000  0.235
   1.94907     -0.093492  0.006  0.093  0.047  0.047  0.000  0.001  0.000  0.001  0.000  0.196
   1.92260     -0.106687  0.002  0.059  0.069  0.026  0.000  0.001  0.000  0.001  0.000  0.158
   1.89612     -0.144991  0.001  0.038  0.073  0.014  0.000  0.001  0.000  0.001  0.000  0.128
   1.86964     -0.191658  0.000  0.026  0.060  0.009  0.000  0.001  0.000  0.001  0.000  0.097
   1.84317     -0.233545  0.000  0.017  0.027  0.007  0.000  0.002  0.000  0.001  0.000  0.054
   1.81669     -0.252316  0.000  0.009  0.000  0.009  0.000  0.002  0.000  0.002  0.000  0.022
   1.81669     -0.252316  0.000  0.009  0.000  0.009  0.000  0.002  0.000  0.002  0.000  0.022
   1.80345     -0.247444  0.000  0.015  0.008  0.004  0.000  0.002  0.000  0.002  0.000  0.031
   1.79021     -0.234658  0.000  0.021  0.026  0.002  0.000  0.002  0.000  0.001  0.000  0.052
   1.77698     -0.217190  0.000  0.026  0.043  0.000  0.000  0.002  0.000  0.001  0.000  0.073
   1.76374     -0.197570  0.000  0.031  0.056  0.000  0.000  0.002  0.000  0.001  0.000  0.090
   1.75050     -0.177442  0.000  0.036  0.065  0.000  0.000  0.002  0.000  0.001  0.000  0.104
   1.73726     -0.157966  0.000  0.042  0.070  0.001  0.000  0.002  0.000  0.001  0.000  0.115
   1.72402     -0.140196  0.001  0.049  0.070  0.002  0.000  0.002  0.000  0.001  0.000  0.125
   1.71078     -0.125425  0.001  0.060  0.066  0.004  0.000  0.002  0.000  0.001  0.000  0.133
   1.69755     -0.115608  0.002  0.075  0.055  0.008  0.000  0.002  0.000  0.001  0.000  0.144
   1.68431     -0.113870  0.004  0.096  0.039  0.016  0.000  0.002  0.000  0.000  0.000  0.157
   1.67107     -0.124350  0.007  0.121  0.019  0.026  0.000  0.001  0.000  0.000  0.000  0.176
   1.65783     -0.149719  0.011  0.140  0.005  0.037  0.000  0.001  0.000  0.000  0.001  0.195
   1.64459     -0.187999  0.014  0.149  0.000  0.043  0.000  0.001  0.001  0.000  0.001  0.208
   1.63135     -0.234083  0.016  0.149  0.004  0.044  0.000  0.001  0.001  0.000  0.001  0.214
   1.61812     -0.283234  0.017  0.144  0.012  0.040  0.000  0.001  0.001  0.000  0.001  0.215
   1.60488     -0.332142  0.018  0.136  0.022  0.035  0.000  0.001  0.001  0.000  0.001  0.213
   1.59164     -0.378599  0.017  0.127  0.035  0.028  0.000  0.001  0.001  0.000  0.001  0.209
   1.57840     -0.421155  0.017  0.116  0.049  0.022  0.000  0.001  0.001  0.000  0.001  0.205
   1.56516     -0.458947  0.016  0.106  0.063  0.016  0.000  0.001  0.001  0.000  0.001  0.202
   1.55192     -0.486990  0.011  0.043  0.181  0.009  0.000  0.000  0.000  0.000  0.000  0.245
   1.53869     -0.507948  0.011  0.044  0.176  0.008  0.000  0.000  0.000  0.000  0.000  0.239
   1.52545     -0.527003  0.010  0.044  0.171  0.007  0.000  0.000  0.000  0.000  0.000  0.233
   1.51221     -0.543991  0.009  0.044  0.167  0.006  0.000  0.000  0.000  0.000  0.000  0.228
   1.49897     -0.558807  0.009  0.045  0.163  0.005  0.000  0.001  0.000  0.000  0.000  0.223
   1.48573     -0.571387  0.009  0.045  0.160  0.004  0.000  0.001  0.000  0.000  0.000  0.219
   1.47249     -0.581689  0.008  0.045  0.157  0.003  0.000  0.001  0.000  0.000  0.000  0.215
   1.45926     -0.589676  0.008  0.046  0.153  0.002  0.000  0.001  0.000  0.000  0.000  0.211
   1.44602     -0.595310  0.008  0.047  0.150  0.001  0.000  0.001  0.000  0.000  0.000  0.208
   1.43278     -0.598539  0.008  0.048  0.146  0.001  0.000  0.001  0.000  0.000  0.000  0.205
   1.43278     -0.598539  0.008  0.048  0.146  0.001  0.000  0.001  0.000  0.000  0.000  0.205
   1.40985     -0.604430  0.008  0.049  0.146  0.001  0.000  0.001  0.000  0.000  0.000  0.205
   1.38692     -0.621382  0.008  0.050  0.144  0.001  0.000  0.001  0.000  0.000  0.000  0.204
   1.36399     -0.647520  0.009  0.052  0.141  0.001  0.000  0.001  0.000  0.000  0.000  0.204
   1.34106     -0.680523  0.009  0.055  0.137  0.001  0.000  0.001  0.000  0.000  0.000  0.203
   1.31813     -0.718203  0.010  0.058  0.132  0.002  0.000  0.001  0.000  0.000  0.000  0.203
   1.29520     -0.758800  0.010  0.062  0.128  0.002  0.000  0.001  0.000  0.000  0.000  0.203
   1.27227     -0.801033  0.011  0.067  0.122  0.002  0.000  0.001  0.000  0.000  0.000  0.204
   1.24934     -0.844064  0.012  0.073  0.117  0.003  0.000  0.000  0.000  0.000  0.000  0.205
   1.22641     -0.887407  0.013  0.078  0.111  0.003  0.000  0.000  0.000  0.000  0.000  0.206
   1.20348     -0.930849  0.013  0.084  0.106  0.003  0.000  0.000  0.000  0.000  0.000  0.208
   1.18055     -0.974352  0.014  0.090  0.101  0.004  0.000  0.000  0.000  0.000  0.000  0.209
   1.15763     -1.017970  0.014  0.095  0.096  0.005  0.000  0.000  0.000  0.000  0.000  0.211
   1.13470     -1.061771  0.014  0.100  0.091  0.006  0.000  0.000  0.000  0.000  0.001  0.212
   1.11177     -1.105758  0.014  0.104  0.087  0.007  0.000  0.000  0.000  0.000  0.001  0.213
   1.08884     -1.149818  0.013  0.107  0.083  0.009  0.000  0.000  0.000  0.000  0.001  0.214
   1.06591     -1.193694  0.012  0.110  0.079  0.011  0.000  0.000  0.000  0.000  0.001  0.214
   1.04298     -1.236979  0.011  0.111  0.076  0.014  0.000  0.000  0.000  0.000  0.001  0.214
   1.02005     -1.279137  0.010  0.112  0.073  0.017  0.000  0.000  0.000  0.000  0.001  0.214
   0.99712     -1.319546  0.009  0.112  0.069  0.021  0.000  0.000  0.000  0.000  0.001  0.213
   0.97419     -1.357535  0.008  0.112  0.065  0.026  0.000  0.000  0.000  0.000  0.001  0.213
   0.95126     -1.392445  0.006  0.112  0.060  0.032  0.001  0.000  0.000  0.000  0.001  0.212
   0.92833     -1.423675  0.005  0.111  0.053  0.040  0.001  0.000  0.000  0.000  0.001  0.212
   0.90540     -1.450716  0.004  0.111  0.045  0.050  0.001  0.000  0.000  0.000  0.002  0.213
   0.88247     -1.473201  0.003  0.110  0.036  0.062  0.001  0.000  0.000  0.000  0.002  0.214
   0.85954     -1.490956  0.002  0.110  0.026  0.075  0.001  0.000  0.000  0.000  0.002  0.216
   0.83661     -1.504059  0.001  0.110  0.016  0.088  0.002  0.000  0.000  0.000  0.002  0.218
   0.81368     -1.512850  0.000  0.109  0.007  0.099  0.002  0.000  0.000  0.000  0.002  0.220
   0.79075     -1.517824  0.000  0.109  0.002  0.106  0.002  0.000  0.000  0.000  0.002  0.221
   0.76782     -1.519423  0.000  0.109  0.000  0.109  0.002  0.000  0.000  0.000  0.002  0.222
   0.76782     -1.519423  0.000  0.109  0.000  0.109  0.002  0.000  0.000  0.000  0.002  0.222
   0.74135     -1.517110  0.000  0.107  0.003  0.107  0.002  0.000  0.000  0.000  0.002  0.221
   0.71487     -1.509279  0.001  0.103  0.012  0.099  0.002  0.000  0.000  0.000  0.002  0.219
   0.68839     -1.494776  0.002  0.096  0.027  0.088  0.001  0.000  0.000  0.000  0.002  0.216
   0.66192     -1.473175  0.003  0.089  0.043  0.077  0.001  0.000  0.000  0.000  0.002  0.214
   0.63544     -1.444723  0.004  0.082  0.057  0.067  0.001  0.000  0.000  0.000  0.001  0.213
   0.60896     -1.409917  0.005  0.077  0.068  0.060  0.001  0.000  0.000  0.000  0.001  0.212
   0.58249     -1.369238  0.007  0.072  0.077  0.055  0.001  0.000  0.000  0.000  0.001  0.213
   0.55601     -1.323079  0.008  0.069  0.083  0.052  0.000  0.000  0.000  0.000  0.001  0.214
   0.52953     -1.271762  0.010  0.067  0.088  0.050  0.000  0.000  0.000  0.000  0.001  0.216
   0.50306     -1.215570  0.011  0.065  0.092  0.048  0.000  0.000  0.000  0.000  0.001  0.219
   0.47658     -1.154780  0.013  0.064  0.096  0.047  0.000  0.000  0.000  0.000  0.001  0.221
   0.45010     -1.089678  0.015  0.063  0.099  0.047  0.000  0.000  0.000  0.000  0.001  0.224
   0.42363     -1.020582  0.017  0.062  0.102  0.046  0.000  0.000  0.000  0.000  0.001  0.228
   0.39715     -0.940951  0.024  0.160  0.002  0.063  0.000  0.000  0.001  0.000  0.000  0.250
   0.37067     -0.849554  0.024  0.160  0.001  0.067  0.000  0.000  0.001  0.000  0.000  0.254
   0.34420     -0.754961  0.025  0.160  0.001  0.071  0.000  0.000  0.001  0.000  0.000  0.258
   0.31772     -0.657969  0.025  0.160  0.000  0.076  0.000  0.000  0.001  0.000  0.000  0.262
   0.29124     -0.559444  0.024  0.159  0.000  0.081  0.000  0.000  0.001  0.000  0.000  0.266
   0.26477     -0.460489  0.023  0.159  0.000  0.085  0.000  0.000  0.001  0.000  0.000  0.268
   0.23829     -0.362737  0.022  0.158  0.001  0.088  0.000  0.000  0.001  0.000  0.000  0.269
   0.21181     -0.269011  0.019  0.155  0.003  0.089  0.000  0.000  0.001  0.000  0.000  0.268
   0.18534     -0.184791  0.016  0.147  0.008  0.085  0.000  0.000  0.001  0.000  0.000  0.259
   0.15886     -0.120984  0.011  0.128  0.022  0.072  0.000  0.001  0.000  0.000  0.000  0.235
   0.13238     -0.093492  0.006  0.093  0.047  0.047  0.000  0.001  0.000  0.001  0.000  0.196
   0.10591     -0.106687  0.002  0.059  0.069  0.026  0.000  0.001  0.000  0.001  0.000  0.158
   0.07943     -0.144991  0.001  0.038  0.073  0.014  0.000  0.001  0.000  0.001  0.000  0.128
   0.05295     -0.191658  0.000  0.026  0.060  0.009  0.000  0.001  0.000  0.001  0.000  0.097
   0.02648     -0.233545  0.000  0.017  0.027  0.007  0.000  0.002  0.000  0.001  0.000  0.054
   0.00000     -0.252316  0.000  0.009  0.000  0.009  0.000  0.002  0.000  0.002  0.000  0.022
 
# Band-Index:   21
   0.00000      0.487815  0.000  0.173  0.030  0.173  0.000  0.000  0.000  0.000  0.000  0.375
   0.02648      0.471738  0.001  0.170  0.031  0.168  0.000  0.000  0.000  0.000  0.000  0.371
   0.05295      0.429570  0.004  0.161  0.035  0.157  0.000  0.000  0.000  0.000  0.000  0.358
   0.07943      0.372973  0.007  0.146  0.045  0.142  0.000  0.000  0.000  0.000  0.000  0.340
   0.10591      0.316840  0.009  0.120  0.064  0.120  0.000  0.000  0.000  0.000  0.000  0.314
   0.13238      0.281312  0.009  0.081  0.095  0.089  0.000  0.000  0.000  0.000  0.000  0.276
   0.15886      0.284736  0.007  0.043  0.127  0.056  0.000  0.001  0.000  0.001  0.000  0.234
   0.18534      0.324634  0.004  0.021  0.147  0.035  0.000  0.001  0.000  0.001  0.000  0.209
   0.21181      0.386315  0.003  0.012  0.157  0.024  0.000  0.001  0.000  0.001  0.000  0.198
   0.23829      0.459593  0.002  0.008  0.163  0.019  0.000  0.001  0.000  0.001  0.000  0.194
   0.26477      0.539365  0.001  0.006  0.168  0.016  0.000  0.001  0.000  0.001  0.000  0.193
   0.29124      0.603240  0.000  0.051  0.140  0.032  0.000  0.001  0.000  0.001  0.000  0.225
   0.31772      0.668666  0.000  0.051  0.145  0.030  0.000  0.001  0.000  0.001  0.000  0.228
   0.34420      0.735737  0.000  0.052  0.148  0.029  0.000  0.001  0.000  0.001  0.000  0.231
   0.37067      0.802461  0.001  0.055  0.147  0.029  0.000  0.001  0.000  0.000  0.001  0.234
   0.39715      0.867122  0.001  0.060  0.145  0.029  0.000  0.001  0.000  0.000  0.001  0.237
   0.42363      0.928229  0.002  0.066  0.139  0.029  0.000  0.001  0.000  0.000  0.001  0.239
   0.45010      0.984539  0.003  0.073  0.132  0.030  0.001  0.001  0.000  0.000  0.002  0.241
   0.47658      1.035118  0.003  0.082  0.122  0.031  0.001  0.000  0.000  0.000  0.002  0.241
   0.50306      1.079360  0.003  0.090  0.111  0.032  0.001  0.000  0.000  0.000  0.002  0.241
   0.52953      1.116915  0.003  0.098  0.100  0.033  0.001  0.000  0.000  0.000  0.003  0.240
   0.55601      1.147530  0.003  0.106  0.090  0.035  0.002  0.000  0.000  0.000  0.003  0.239
   0.58249      1.170926  0.003  0.112  0.080  0.038  0.002  0.000  0.000  0.000  0.004  0.238
   0.60896      1.186829  0.002  0.115  0.071  0.042  0.002  0.000  0.000  0.000  0.004  0.238
   0.63544      1.195263  0.002  0.116  0.064  0.048  0.003  0.000  0.000  0.000  0.004  0.237
   0.66192      1.196965  0.001  0.114  0.058  0.055  0.003  0.000  0.000  0.000  0.004  0.235
   0.68839      1.193670  0.001  0.109  0.053  0.064  0.004  0.000  0.000  0.000  0.004  0.234
   0.71487      1.187956  0.000  0.103  0.049  0.073  0.004  0.000  0.000  0.000  0.004  0.233
   0.74135      1.182700  0.000  0.096  0.047  0.081  0.004  0.000  0.000  0.000  0.004  0.232
   0.76782      1.180483  0.000  0.089  0.046  0.089  0.004  0.000  0.000  0.000  0.004  0.232
   0.76782      1.180483  0.000  0.089  0.046  0.089  0.004  0.000  0.000  0.000  0.004  0.232
   0.79075      1.182335  0.000  0.089  0.047  0.088  0.004  0.000  0.000  0.000  0.004  0.232
   0.81368      1.187652  0.000  0.090  0.049  0.086  0.004  0.000  0.000  0.000  0.004  0.233
   0.83661      1.195718  0.000  0.092  0.051  0.082  0.004  0.000  0.000  0.000  0.004  0.234
   0.85954      1.205396  0.001  0.094  0.056  0.077  0.003  0.000  0.000  0.000  0.004  0.235
   0.88247      1.215223  0.001  0.096  0.061  0.071  0.003  0.000  0.000  0.000  0.005  0.237
   0.90540      1.223521  0.002  0.097  0.069  0.065  0.002  0.000  0.000  0.000  0.005  0.239
   0.92833      1.228512  0.002  0.096  0.078  0.057  0.002  0.000  0.000  0.000  0.005  0.240
   0.95126      1.228391  0.003  0.094  0.090  0.050  0.001  0.000  0.000  0.000  0.004  0.242
   0.97419      1.221376  0.003  0.088  0.104  0.043  0.001  0.000  0.000  0.000  0.004  0.242
   0.99712      1.205844  0.003  0.080  0.119  0.036  0.001  0.000  0.000  0.000  0.003  0.242
   1.02005      1.180622  0.003  0.070  0.134  0.030  0.000  0.001  0.000  0.000  0.003  0.240
   1.04298      1.145354  0.002  0.059  0.147  0.025  0.000  0.001  0.000  0.000  0.002  0.237
   1.06591      1.100626  0.002  0.050  0.157  0.021  0.000  0.001  0.000  0.000  0.001  0.232
   1.08884      1.047722  0.002  0.042  0.164  0.018  0.000  0.001  0.000  0.000  0.001  0.227
   1.11177      0.988228  0.001  0.035  0.168  0.016  0.000  0.001  0.000  0.000  0.001  0.222
   1.13470      0.923718  0.001  0.030  0.170  0.014  0.000  0.002  0.000  0.000  0.001  0.217
   1.15763      0.855615  0.001  0.026  0.171  0.012  0.000  0.002  0.000  0.000  0.000  0.213
   1.18055      0.785168  0.001  0.023  0.171  0.011  0.000  0.002  0.000  0.000  0.000  0.208
   1.20348      0.713490  0.001  0.021  0.170  0.010  0.000  0.002  0.000  0.000  0.000  0.204
   1.22641      0.641618  0.000  0.019  0.168  0.010  0.000  0.002  0.000  0.000  0.000  0.200
   1.24934      0.570567  0.000  0.018  0.166  0.009  0.000  0.002  0.000  0.000  0.000  0.196
   1.27227      0.501411  0.000  0.017  0.164  0.009  0.000  0.002  0.000  0.000  0.000  0.193
   1.29520      0.435345  0.000  0.016  0.162  0.009  0.000  0.002  0.000  0.000  0.000  0.190
   1.31813      0.373783  0.000  0.016  0.160  0.009  0.000  0.002  0.000  0.000  0.000  0.187
   1.34106      0.318444  0.000  0.015  0.157  0.009  0.000  0.002  0.000  0.000  0.000  0.184
   1.36399      0.271416  0.000  0.015  0.155  0.009  0.000  0.002  0.000  0.000  0.000  0.181
   1.38692      0.235112  0.000  0.014  0.153  0.009  0.000  0.002  0.000  0.000  0.000  0.179
   1.40985      0.212007  0.000  0.014  0.152  0.009  0.000  0.002  0.000  0.000  0.000  0.178
   1.43278      0.204054  0.000  0.014  0.151  0.009  0.000  0.002  0.000  0.000  0.000  0.177
   1.43278      0.204054  0.000  0.014  0.151  0.009  0.000  0.002  0.000  0.000  0.000  0.177
   1.44602      0.202036  0.000  0.013  0.153  0.008  0.000  0.002  0.000  0.000  0.000  0.177
   1.45926      0.199131  0.000  0.012  0.154  0.008  0.000  0.002  0.000  0.000  0.000  0.177
   1.47249      0.195311  0.000  0.011  0.155  0.008  0.000  0.002  0.000  0.000  0.000  0.177
   1.48573      0.190561  0.000  0.010  0.156  0.008  0.000  0.002  0.000  0.000  0.000  0.176
   1.49897      0.184876  0.000  0.009  0.157  0.008  0.000  0.002  0.000  0.000  0.000  0.176
   1.51221      0.178267  0.001  0.008  0.158  0.008  0.000  0.002  0.000  0.000  0.000  0.176
   1.52545      0.170757  0.001  0.007  0.158  0.008  0.000  0.002  0.000  0.000  0.000  0.176
   1.53869      0.162392  0.001  0.006  0.159  0.008  0.000  0.002  0.000  0.000  0.000  0.176
   1.55192      0.153243  0.001  0.005  0.160  0.009  0.000  0.002  0.000  0.000  0.000  0.177
   1.56516      0.143423  0.001  0.004  0.161  0.009  0.000  0.002  0.000  0.000  0.000  0.177
   1.57840      0.133106  0.001  0.002  0.161  0.010  0.000  0.002  0.000  0.000  0.000  0.178
   1.59164      0.122567  0.002  0.001  0.162  0.012  0.000  0.002  0.000  0.000  0.000  0.179
   1.60488      0.112256  0.002  0.000  0.163  0.014  0.000  0.002  0.000  0.000  0.000  0.182
   1.61812      0.102938  0.003  0.000  0.163  0.018  0.000  0.002  0.000  0.000  0.000  0.186
   1.63135      0.095957  0.004  0.001  0.162  0.024  0.000  0.002  0.000  0.000  0.000  0.194
   1.64459      0.093685  0.006  0.007  0.158  0.034  0.000  0.001  0.000  0.000  0.000  0.207
   1.65783      0.099903  0.008  0.021  0.147  0.049  0.000  0.001  0.000  0.000  0.000  0.227
   1.67107      0.118777  0.011  0.045  0.126  0.068  0.000  0.001  0.000  0.000  0.000  0.253
   1.68431      0.151366  0.013  0.074  0.101  0.088  0.000  0.000  0.001  0.000  0.000  0.277
   1.69755      0.194087  0.013  0.099  0.079  0.104  0.000  0.000  0.001  0.000  0.000  0.296
   1.71078      0.241881  0.012  0.119  0.063  0.116  0.000  0.000  0.001  0.000  0.001  0.312
   1.72402      0.290700  0.011  0.134  0.052  0.127  0.000  0.000  0.000  0.000  0.001  0.324
   1.73726      0.337669  0.009  0.145  0.044  0.137  0.000  0.000  0.000  0.000  0.000  0.336
   1.75050      0.380647  0.007  0.155  0.039  0.145  0.000  0.000  0.000  0.000  0.000  0.346
   1.76374      0.417923  0.005  0.162  0.035  0.153  0.000  0.000  0.000  0.000  0.000  0.356
   1.77698      0.448109  0.003  0.168  0.032  0.160  0.000  0.000  0.000  0.000  0.000  0.364
   1.79021      0.470158  0.001  0.171  0.031  0.166  0.000  0.000  0.000  0.000  0.000  0.370
   1.80345      0.483441  0.000  0.173  0.030  0.170  0.000  0.000  0.000  0.000  0.000  0.374
   1.81669      0.487815  0.000  0.173  0.030  0.173  0.000  0.000  0.000  0.000  0.000  0.375
   1.81669      0.487815  0.000  0.173  0.030  0.173  0.000  0.000  0.000  0.000  0.000  0.375
   1.84317      0.471738  0.001  0.170  0.031  0.168  0.000  0.000  0.000  0.000  0.000  0.371
   1.86964      0.429570  0.004  0.161  0.035  0.157  0.000  0.000  0.000  0.000  0.000  0.358
   1.89612      0.372973  0.007  0.146  0.045  0.142  0.000  0.000  0.000  0.000  0.000  0.340
   1.92260      0.316840  0.009  0.120  0.064  0.120  0.000  0.000  0.000  0.000  0.000  0.314
   1.94907      0.281312  0.009  0.081  0.095  0.089  0.000  0.000  0.000  0.000  0.000  0.276
   1.97555      0.284736  0.007  0.043  0.127  0.056  0.000  0.001  0.000  0.001  0.000  0.234
   2.00203      0.324634  0.004  0.021  0.147  0.035  0.000  0.001  0.000  0.001  0.000  0.209
   2.02850      0.386315  0.003  0.012  0.157  0.024  0.000  0.001  0.000  0.001  0.000  0.198
   2.05498      0.459593  0.002  0.008  0.163  0.019  0.000  0.001  0.000  0.001  0.000  0.194
   2.08146      0.539365  0.001  0.006  0.168  0.016  0.000  0.001  0.000  0.001  0.000  0.193
   2.10793      0.603240  0.000  0.051  0.140  0.032  0.000  0.001  0.000  0.001  0.000  0.225
   2.13441      0.668666  0.000  0.051  0.145  0.030  0.000  0.001  0.000  0.001  0.000  0.228
   2.16089      0.735737  0.000  0.052  0.148  0.029  0.000  0.001  0.000  0.001  0.000  0.231
   2.18736      0.802461  0.001  0.055  0.147  0.029  0.000  0.001  0.000  0.000  0.001  0.234
   2.21384      0.867122  0.001  0.060  0.145  0.029  0.000  0.001  0.000  0.000  0.001  0.237
   2.24032      0.928229  0.002  0.066  0.139  0.029  0.000  0.001  0.000  0.000  0.001  0.239
   2.26680      0.984539  0.003  0.073  0.132  0.030  0.001  0.001  0.000  0.000  0.002  0.241
   2.29327      1.035118  0.003  0.082  0.122  0.031  0.001  0.000  0.000  0.000  0.002  0.241
   2.31975      1.079360  0.003  0.090  0.111  0.032  0.001  0.000  0.000  0.000  0.002  0.241
   2.34623      1.116915  0.003  0.098  0.100  0.033  0.001  0.000  0.000  0.000  0.003  0.240
   2.37270      1.147530  0.003  0.106  0.090  0.035  0.002  0.000  0.000  0.000  0.003  0.239
   2.39918      1.170926  0.003  0.112  0.080  0.038  0.002  0.000  0.000  0.000  0.004  0.238
   2.42566      1.186829  0.002  0.115  0.071  0.042  0.002  0.000  0.000  0.000  0.004  0.238
   2.45213      1.195263  0.002  0.116  0.064  0.048  0.003  0.000  0.000  0.000  0.004  0.237
   2.47861      1.196965  0.001  0.114  0.058  0.055  0.003  0.000  0.000  0.000  0.004  0.235
   2.50509      1.193670  0.001  0.109  0.053  0.064  0.004  0.000  0.000  0.000  0.004  0.234
   2.53156      1.187956  0.000  0.103  0.049  0.073  0.004  0.000  0.000  0.000  0.004  0.233
   2.55804      1.182700  0.000  0.096  0.047  0.081  0.004  0.000  0.000  0.000  0.004  0.232
   2.58452      1.180483  0.000  0.089  0.046  0.089  0.004  0.000  0.000  0.000  0.004  0.232
 
# Band-Index:   22
   2.58452      1.180483  0.000  0.089  0.046  0.089  0.004  0.000  0.000  0.000  0.004  0.232
   2.55804      1.183194  0.000  0.082  0.047  0.095  0.004  0.000  0.000  0.000  0.004  0.232
   2.53156      1.191863  0.000  0.075  0.049  0.100  0.004  0.000  0.000  0.000  0.004  0.233
   2.50509      1.206589  0.001  0.069  0.054  0.104  0.004  0.000  0.000  0.000  0.004  0.235
   2.47861      1.226481  0.001  0.064  0.060  0.105  0.003  0.000  0.000  0.000  0.004  0.238
   2.45213      1.249508  0.002  0.058  0.070  0.105  0.003  0.000  0.000  0.000  0.004  0.241
   2.42566      1.272246  0.002  0.052  0.084  0.101  0.002  0.000  0.000  0.000  0.004  0.245
   2.39918      1.289550  0.002  0.044  0.104  0.093  0.002  0.000  0.000  0.000  0.003  0.248
   2.37270      1.294608  0.002  0.035  0.129  0.080  0.001  0.000  0.000  0.000  0.002  0.250
   2.34623      1.280730  0.001  0.025  0.154  0.064  0.001  0.001  0.000  0.000  0.001  0.247
   2.31975      1.245267  0.001  0.017  0.172  0.048  0.000  0.001  0.000  0.000  0.001  0.240
   2.29327      1.191187  0.000  0.012  0.181  0.036  0.000  0.001  0.000  0.000  0.000  0.232
   2.26680      1.123825  0.000  0.009  0.184  0.028  0.000  0.001  0.000  0.000  0.000  0.223
   2.24032      1.047796  0.000  0.007  0.184  0.022  0.000  0.001  0.000  0.000  0.000  0.216
   2.21384      0.966329  0.000  0.006  0.183  0.019  0.000  0.001  0.000  0.001  0.000  0.210
   2.18736      0.881635  0.000  0.006  0.180  0.017  0.000  0.001  0.000  0.001  0.000  0.205
   2.16089      0.795329  0.000  0.005  0.178  0.015  0.000  0.001  0.000  0.001  0.000  0.201
   2.13441      0.708707  0.001  0.005  0.175  0.015  0.000  0.001  0.000  0.001  0.000  0.197
   2.10793      0.622960  0.001  0.005  0.171  0.015  0.000  0.001  0.000  0.001  0.000  0.195
   2.08146      0.541878  0.000  0.052  0.132  0.035  0.000  0.001  0.000  0.001  0.000  0.221
   2.05498      0.487727  0.001  0.056  0.119  0.040  0.000  0.001  0.000  0.001  0.000  0.218
   2.02850      0.445043  0.002  0.063  0.101  0.047  0.000  0.001  0.000  0.001  0.000  0.215
   2.00203      0.419418  0.004  0.072  0.078  0.057  0.000  0.001  0.000  0.001  0.000  0.213
   1.97555      0.417039  0.008  0.083  0.053  0.068  0.000  0.001  0.000  0.001  0.000  0.213
   1.94907      0.442196  0.012  0.093  0.030  0.080  0.000  0.001  0.001  0.001  0.000  0.217
   1.92260      0.494544  0.015  0.102  0.014  0.090  0.000  0.001  0.001  0.001  0.000  0.224
   1.89612      0.569397  0.018  0.109  0.005  0.100  0.000  0.001  0.001  0.001  0.000  0.235
   1.86964      0.660322  0.018  0.119  0.002  0.112  0.000  0.001  0.001  0.000  0.000  0.253
   1.84317      0.758989  0.014  0.139  0.000  0.135  0.000  0.000  0.001  0.000  0.000  0.291
   1.81669      0.826543  0.000  0.186  0.000  0.186  0.000  0.000  0.000  0.000  0.000  0.373
   1.81669      0.826543  0.000  0.186  0.000  0.186  0.000  0.000  0.000  0.000  0.000  0.373
   1.80345      0.802939  0.007  0.163  0.000  0.159  0.000  0.000  0.000  0.000  0.000  0.330
   1.79021      0.753818  0.014  0.139  0.000  0.131  0.000  0.000  0.001  0.000  0.000  0.287
   1.77698      0.697384  0.018  0.126  0.000  0.116  0.000  0.000  0.001  0.000  0.000  0.262
   1.76374      0.638905  0.019  0.118  0.001  0.105  0.000  0.001  0.001  0.000  0.000  0.246
   1.75050      0.580442  0.019  0.113  0.002  0.097  0.000  0.001  0.001  0.000  0.000  0.234
   1.73726      0.523275  0.018  0.109  0.003  0.091  0.000  0.001  0.001  0.001  0.001  0.224
   1.72402      0.468472  0.017  0.105  0.006  0.084  0.000  0.001  0.001  0.001  0.001  0.215
   1.71078      0.417035  0.015  0.101  0.009  0.078  0.000  0.001  0.001  0.001  0.001  0.206
   1.69755      0.369930  0.014  0.096  0.014  0.072  0.000  0.001  0.001  0.001  0.001  0.199
   1.68431      0.328035  0.012  0.091  0.021  0.065  0.000  0.001  0.001  0.001  0.001  0.192
   1.67107      0.292048  0.010  0.085  0.029  0.059  0.000  0.001  0.000  0.001  0.000  0.186
   1.65783      0.262364  0.008  0.078  0.040  0.052  0.000  0.002  0.000  0.000  0.000  0.181
   1.64459      0.238984  0.006  0.071  0.052  0.046  0.000  0.002  0.000  0.000  0.000  0.177
   1.63135      0.221507  0.004  0.063  0.065  0.040  0.000  0.002  0.000  0.000  0.000  0.175
   1.61812      0.209214  0.003  0.057  0.077  0.035  0.000  0.002  0.000  0.000  0.000  0.174
   1.60488      0.201216  0.002  0.050  0.089  0.030  0.000  0.002  0.000  0.000  0.000  0.174
   1.59164      0.196600  0.001  0.045  0.099  0.027  0.000  0.002  0.000  0.000  0.000  0.174
   1.57840      0.194518  0.001  0.040  0.108  0.023  0.000  0.002  0.000  0.000  0.000  0.175
   1.56516      0.194244  0.001  0.036  0.116  0.021  0.000  0.002  0.000  0.000  0.000  0.175
   1.55192      0.195179  0.000  0.032  0.123  0.018  0.000  0.002  0.000  0.000  0.000  0.176
   1.53869      0.196842  0.000  0.029  0.128  0.016  0.000  0.002  0.000  0.000  0.000  0.176
   1.52545      0.198853  0.000  0.026  0.133  0.015  0.000  0.002  0.000  0.000  0.000  0.176
   1.51221      0.200911  0.000  0.024  0.137  0.013  0.000  0.002  0.000  0.000  0.000  0.177
   1.49897      0.202781  0.000  0.022  0.140  0.012  0.000  0.002  0.000  0.000  0.000  0.177
   1.48573      0.204279  0.000  0.020  0.143  0.011  0.000  0.002  0.000  0.000  0.000  0.177
   1.47249      0.205257  0.000  0.018  0.146  0.010  0.000  0.002  0.000  0.000  0.000  0.177
   1.45926      0.205603  0.000  0.017  0.148  0.010  0.000  0.002  0.000  0.000  0.000  0.177
   1.44602      0.205225  0.000  0.015  0.150  0.009  0.000  0.002  0.000  0.000  0.000  0.177
   1.43278      0.204054  0.000  0.014  0.151  0.009  0.000  0.002  0.000  0.000  0.000  0.177
   1.43278      0.204054  0.000  0.014  0.151  0.009  0.000  0.002  0.000  0.000  0.000  0.177
   1.40985      0.212013  0.000  0.014  0.152  0.009  0.000  0.002  0.000  0.000  0.000  0.178
   1.38692      0.235124  0.000  0.014  0.153  0.009  0.000  0.002  0.000  0.000  0.000  0.179
   1.36399      0.271434  0.000  0.015  0.155  0.009  0.000  0.002  0.000  0.000  0.000  0.181
   1.34106      0.318468  0.000  0.015  0.157  0.009  0.000  0.002  0.000  0.000  0.000  0.184
   1.31813      0.373813  0.000  0.016  0.160  0.009  0.000  0.002  0.000  0.000  0.000  0.187
   1.29520      0.435381  0.000  0.016  0.162  0.009  0.000  0.002  0.000  0.000  0.000  0.190
   1.27227      0.501453  0.000  0.017  0.164  0.009  0.000  0.002  0.000  0.000  0.000  0.193
   1.24934      0.570615  0.000  0.018  0.166  0.009  0.000  0.002  0.000  0.000  0.000  0.196
   1.22641      0.641672  0.000  0.019  0.168  0.010  0.000  0.002  0.000  0.000  0.000  0.200
   1.20348      0.713552  0.001  0.021  0.170  0.010  0.000  0.002  0.000  0.000  0.000  0.204
   1.18055      0.785236  0.001  0.023  0.171  0.011  0.000  0.002  0.000  0.000  0.000  0.208
   1.15763      0.855691  0.001  0.026  0.171  0.012  0.000  0.002  0.000  0.000  0.000  0.213
   1.13470      0.923803  0.001  0.030  0.170  0.014  0.000  0.002  0.000  0.000  0.001  0.217
   1.11177      0.988322  0.001  0.035  0.168  0.016  0.000  0.001  0.000  0.000  0.001  0.222
   1.08884      1.047825  0.002  0.042  0.164  0.018  0.000  0.001  0.000  0.000  0.001  0.227
   1.06591      1.100735  0.002  0.050  0.157  0.021  0.000  0.001  0.000  0.000  0.001  0.232
   1.04298      1.145468  0.002  0.059  0.147  0.025  0.000  0.001  0.000  0.000  0.002  0.237
   1.02005      1.180736  0.003  0.070  0.134  0.030  0.000  0.001  0.000  0.000  0.003  0.240
   0.99712      1.205951  0.003  0.080  0.119  0.036  0.001  0.000  0.000  0.000  0.003  0.242
   0.97419      1.221472  0.003  0.088  0.104  0.043  0.001  0.000  0.000  0.000  0.004  0.242
   0.95126      1.228473  0.003  0.094  0.090  0.050  0.001  0.000  0.000  0.000  0.004  0.242
   0.92833      1.228580  0.002  0.096  0.078  0.057  0.002  0.000  0.000  0.000  0.005  0.240
   0.90540      1.223574  0.002  0.097  0.069  0.065  0.002  0.000  0.000  0.000  0.005  0.239
   0.88247      1.215264  0.001  0.096  0.061  0.071  0.003  0.000  0.000  0.000  0.005  0.237
   0.85954      1.205426  0.001  0.094  0.055  0.077  0.003  0.000  0.000  0.000  0.004  0.235
   0.83661      1.195739  0.000  0.092  0.051  0.082  0.004  0.000  0.000  0.000  0.004  0.234
   0.81368      1.187665  0.000  0.090  0.049  0.086  0.004  0.000  0.000  0.000  0.004  0.233
   0.79075      1.182341  0.000  0.089  0.047  0.088  0.004  0.000  0.000  0.000  0.004  0.232
   0.76782      1.180483  0.000  0.089  0.046  0.089  0.004  0.000  0.000  0.000  0.004  0.232
   0.76782      1.180483  0.000  0.089  0.046  0.089  0.004  0.000  0.000  0.000  0.004  0.232
   0.74135      1.183194  0.000  0.082  0.047  0.095  0.004  0.000  0.000  0.000  0.004  0.232
   0.71487      1.191863  0.000  0.075  0.049  0.100  0.004  0.000  0.000  0.000  0.004  0.233
   0.68839      1.206589  0.001  0.069  0.054  0.104  0.004  0.000  0.000  0.000  0.004  0.235
   0.66192      1.226481  0.001  0.064  0.060  0.105  0.003  0.000  0.000  0.000  0.004  0.238
   0.63544      1.249508  0.002  0.058  0.070  0.105  0.003  0.000  0.000  0.000  0.004  0.241
   0.60896      1.272246  0.002  0.052  0.084  0.101  0.002  0.000  0.000  0.000  0.004  0.245
   0.58249      1.289550  0.002  0.044  0.104  0.093  0.002  0.000  0.000  0.000  0.003  0.248
   0.55601      1.294608  0.002  0.035  0.129  0.080  0.001  0.000  0.000  0.000  0.002  0.250
   0.52953      1.280730  0.001  0.025  0.154  0.064  0.001  0.001  0.000  0.000  0.001  0.247
   0.50306      1.245267  0.001  0.017  0.172  0.048  0.000  0.001  0.000  0.000  0.001  0.240
   0.47658      1.191187  0.000  0.012  0.181  0.036  0.000  0.001  0.000  0.000  0.000  0.232
   0.45010      1.123825  0.000  0.009  0.184  0.028  0.000  0.001  0.000  0.000  0.000  0.223
   0.42363      1.047796  0.000  0.007  0.184  0.022  0.000  0.001  0.000  0.000  0.000  0.216
   0.39715      0.966329  0.000  0.006  0.183  0.019  0.000  0.001  0.000  0.001  0.000  0.210
   0.37067      0.881635  0.000  0.006  0.180  0.017  0.000  0.001  0.000  0.001  0.000  0.205
   0.34420      0.795329  0.000  0.005  0.178  0.015  0.000  0.001  0.000  0.001  0.000  0.201
   0.31772      0.708707  0.001  0.005  0.175  0.015  0.000  0.001  0.000  0.001  0.000  0.197
   0.29124      0.622960  0.001  0.005  0.171  0.015  0.000  0.001  0.000  0.001  0.000  0.195
   0.26477      0.541878  0.000  0.052  0.132  0.035  0.000  0.001  0.000  0.001  0.000  0.221
   0.23829      0.487727  0.001  0.056  0.119  0.040  0.000  0.001  0.000  0.001  0.000  0.218
   0.21181      0.445043  0.002  0.063  0.101  0.047  0.000  0.001  0.000  0.001  0.000  0.215
   0.18534      0.419418  0.004  0.072  0.078  0.057  0.000  0.001  0.000  0.001  0.000  0.213
   0.15886      0.417039  0.008  0.083  0.053  0.068  0.000  0.001  0.000  0.001  0.000  0.213
   0.13238      0.442196  0.012  0.093  0.030  0.080  0.000  0.001  0.001  0.001  0.000  0.217
   0.10591      0.494544  0.015  0.102  0.014  0.090  0.000  0.001  0.001  0.001  0.000  0.224
   0.07943      0.569397  0.018  0.109  0.005  0.100  0.000  0.001  0.001  0.001  0.000  0.235
   0.05295      0.660322  0.018  0.119  0.002  0.112  0.000  0.001  0.001  0.000  0.000  0.253
   0.02648      0.758989  0.014  0.139  0.000  0.135  0.000  0.000  0.001  0.000  0.000  0.291
   0.00000      0.826543  0.000  0.186  0.000  0.186  0.000  0.000  0.000  0.000  0.000  0.373
 
# Band-Index:   23
   0.00000      0.957840  0.060  0.000  0.000  0.000  0.000  0.001  0.004  0.001  0.000  0.066
   0.02648      1.025935  0.045  0.049  0.000  0.048  0.000  0.001  0.003  0.001  0.000  0.147
   0.05295      1.125627  0.039  0.070  0.001  0.067  0.000  0.001  0.003  0.001  0.000  0.181
   0.07943      1.218725  0.037  0.078  0.001  0.073  0.000  0.001  0.002  0.001  0.001  0.194
   0.10591      1.299910  0.035  0.082  0.002  0.075  0.000  0.001  0.002  0.000  0.001  0.198
   0.13238      1.367693  0.033  0.083  0.002  0.075  0.001  0.001  0.002  0.000  0.002  0.199
   0.15886      1.422100  0.032  0.083  0.003  0.073  0.001  0.001  0.002  0.000  0.002  0.197
   0.18534      1.464135  0.030  0.082  0.004  0.071  0.001  0.001  0.002  0.000  0.003  0.194
   0.21181      1.495461  0.028  0.081  0.006  0.067  0.001  0.001  0.002  0.000  0.003  0.189
   0.23829      1.518128  0.026  0.079  0.007  0.064  0.002  0.001  0.002  0.000  0.004  0.184
   0.26477      1.534354  0.025  0.077  0.010  0.059  0.002  0.001  0.002  0.000  0.004  0.179
   0.29124      1.546371  0.023  0.074  0.013  0.055  0.002  0.001  0.001  0.000  0.004  0.174
   0.31772      1.556318  0.021  0.072  0.016  0.050  0.002  0.001  0.001  0.000  0.005  0.168
   0.34420      1.566185  0.019  0.069  0.022  0.045  0.002  0.001  0.001  0.000  0.005  0.164
   0.37067      1.577759  0.017  0.065  0.028  0.039  0.003  0.001  0.001  0.000  0.005  0.160
   0.39715      1.592569  0.015  0.061  0.037  0.034  0.003  0.001  0.001  0.000  0.005  0.156
   0.42363      1.611802  0.013  0.056  0.047  0.029  0.003  0.001  0.001  0.000  0.005  0.154
   0.45010      1.636182  0.011  0.050  0.059  0.024  0.003  0.001  0.001  0.000  0.005  0.154
   0.47658      1.665835  0.009  0.044  0.073  0.019  0.003  0.001  0.000  0.000  0.005  0.155
   0.50306      1.667948  0.018  0.052  0.015  0.045  0.004  0.000  0.001  0.000  0.010  0.144
   0.52953      1.673251  0.014  0.048  0.032  0.035  0.003  0.000  0.001  0.000  0.009  0.143
   0.55601      1.694099  0.010  0.043  0.055  0.025  0.003  0.000  0.000  0.000  0.008  0.146
   0.58249      1.728279  0.007  0.039  0.076  0.018  0.003  0.000  0.000  0.000  0.008  0.152
   0.60896      1.770079  0.005  0.037  0.092  0.014  0.003  0.000  0.000  0.000  0.007  0.158
   0.63544      1.813884  0.004  0.037  0.099  0.012  0.003  0.000  0.000  0.000  0.007  0.162
   0.66192      1.855562  0.002  0.039  0.100  0.014  0.003  0.000  0.000  0.000  0.007  0.165
   0.68839      1.892206  0.001  0.044  0.093  0.017  0.003  0.000  0.000  0.000  0.008  0.166
   0.71487      1.921501  0.001  0.051  0.073  0.025  0.004  0.000  0.000  0.000  0.009  0.163
   0.74135      1.940781  0.000  0.063  0.032  0.042  0.007  0.000  0.000  0.000  0.010  0.154
   0.76782      1.946875  0.000  0.064  0.000  0.064  0.010  0.000  0.000  0.000  0.010  0.147
   0.76782      1.946875  0.000  0.064  0.000  0.064  0.010  0.000  0.000  0.000  0.010  0.147
   0.79075      1.943550  0.000  0.057  0.022  0.055  0.009  0.000  0.000  0.000  0.009  0.152
   0.81368      1.933940  0.000  0.045  0.062  0.040  0.006  0.000  0.000  0.000  0.008  0.161
   0.83661      1.918685  0.001  0.035  0.093  0.027  0.004  0.000  0.000  0.000  0.007  0.167
   0.85954      1.898496  0.001  0.030  0.111  0.019  0.003  0.000  0.000  0.000  0.006  0.170
   0.88247      1.874330  0.002  0.028  0.119  0.014  0.002  0.000  0.000  0.000  0.006  0.171
   0.90540      1.847492  0.003  0.029  0.120  0.010  0.002  0.000  0.000  0.000  0.006  0.169
   0.92833      1.819724  0.004  0.032  0.115  0.008  0.001  0.001  0.000  0.000  0.006  0.167
   0.95126      1.793250  0.005  0.038  0.106  0.007  0.001  0.001  0.000  0.000  0.007  0.164
   0.97419      1.770764  0.006  0.046  0.094  0.006  0.001  0.001  0.000  0.000  0.007  0.161
   0.99712      1.755206  0.008  0.057  0.078  0.006  0.001  0.001  0.000  0.000  0.008  0.159
   1.02005      1.749308  0.011  0.069  0.062  0.007  0.001  0.001  0.001  0.000  0.009  0.159
   1.04298      1.755046  0.013  0.081  0.048  0.007  0.000  0.001  0.001  0.000  0.009  0.160
   1.06591      1.773363  0.016  0.093  0.036  0.007  0.000  0.001  0.001  0.000  0.009  0.163
   1.08884      1.804287  0.018  0.104  0.026  0.008  0.000  0.001  0.001  0.000  0.010  0.167
   1.11177      1.847255  0.021  0.113  0.019  0.008  0.000  0.001  0.001  0.000  0.010  0.172
   1.13470      1.901383  0.023  0.121  0.014  0.008  0.000  0.001  0.001  0.000  0.009  0.178
   1.15763      1.965592  0.025  0.129  0.011  0.008  0.000  0.001  0.002  0.000  0.009  0.184
   1.18055      2.038617  0.028  0.136  0.008  0.008  0.000  0.001  0.002  0.000  0.008  0.191
   1.20348      2.118989  0.030  0.142  0.006  0.009  0.000  0.001  0.002  0.000  0.008  0.198
   1.22641      2.204994  0.032  0.149  0.005  0.009  0.000  0.001  0.002  0.000  0.007  0.205
   1.24934      2.294620  0.033  0.156  0.004  0.009  0.000  0.001  0.003  0.000  0.006  0.212
   1.27227      2.385532  0.035  0.163  0.003  0.010  0.000  0.001  0.003  0.000  0.005  0.220
   1.29520      2.475019  0.037  0.169  0.002  0.011  0.000  0.001  0.003  0.000  0.004  0.227
   1.31813      2.559990  0.038  0.176  0.002  0.011  0.000  0.001  0.003  0.000  0.003  0.235
   1.34106      2.636989  0.039  0.182  0.001  0.012  0.000  0.001  0.004  0.000  0.002  0.242
   1.36399      2.702328  0.040  0.188  0.001  0.013  0.000  0.001  0.004  0.000  0.001  0.248
   1.38692      2.752349  0.041  0.192  0.001  0.014  0.000  0.001  0.004  0.000  0.001  0.253
   1.40985      2.783858  0.041  0.195  0.001  0.014  0.000  0.001  0.004  0.000  0.000  0.256
   1.43278      2.794630  0.042  0.196  0.001  0.014  0.000  0.001  0.004  0.000  0.000  0.257
   1.43278      2.794630  0.042  0.196  0.001  0.014  0.000  0.001  0.004  0.000  0.000  0.257
   1.44602      2.756509  0.040  0.190  0.001  0.021  0.000  0.001  0.004  0.000  0.000  0.257
   1.45926      2.710530  0.039  0.183  0.001  0.028  0.001  0.001  0.004  0.000  0.000  0.256
   1.47249      2.658274  0.038  0.177  0.001  0.034  0.001  0.001  0.004  0.000  0.000  0.255
   1.48573      2.601080  0.037  0.170  0.001  0.040  0.001  0.001  0.004  0.000  0.000  0.253
   1.49897      2.540034  0.036  0.164  0.001  0.046  0.001  0.001  0.003  0.000  0.000  0.252
   1.51221      2.476002  0.036  0.158  0.001  0.050  0.001  0.001  0.003  0.000  0.000  0.250
   1.52545      2.409665  0.035  0.152  0.001  0.055  0.001  0.001  0.003  0.000  0.000  0.248
   1.53869      2.341562  0.035  0.147  0.001  0.058  0.001  0.001  0.003  0.000  0.000  0.246
   1.55192      2.272123  0.035  0.142  0.001  0.062  0.001  0.001  0.003  0.000  0.000  0.244
   1.56516      2.201693  0.035  0.137  0.001  0.064  0.001  0.001  0.003  0.000  0.000  0.243
   1.57840      2.130554  0.034  0.133  0.001  0.067  0.001  0.001  0.003  0.000  0.000  0.241
   1.59164      2.058939  0.034  0.129  0.001  0.069  0.001  0.001  0.003  0.000  0.000  0.239
   1.60488      1.987048  0.035  0.125  0.001  0.071  0.001  0.001  0.003  0.000  0.000  0.237
   1.61812      1.915048  0.035  0.122  0.001  0.072  0.001  0.001  0.003  0.000  0.000  0.235
   1.63135      1.843088  0.035  0.118  0.001  0.074  0.001  0.001  0.003  0.000  0.000  0.232
   1.64459      1.771299  0.035  0.115  0.001  0.075  0.001  0.001  0.003  0.000  0.000  0.230
   1.65783      1.699802  0.035  0.111  0.001  0.075  0.001  0.001  0.003  0.000  0.000  0.227
   1.67107      1.628709  0.035  0.108  0.001  0.076  0.001  0.001  0.003  0.000  0.000  0.225
   1.68431      1.558129  0.035  0.104  0.001  0.076  0.001  0.001  0.003  0.000  0.000  0.222
   1.69755      1.488172  0.036  0.101  0.001  0.077  0.001  0.001  0.003  0.000  0.000  0.218
   1.71078      1.418954  0.036  0.097  0.001  0.076  0.001  0.001  0.003  0.000  0.000  0.215
   1.72402      1.350606  0.036  0.093  0.001  0.075  0.001  0.001  0.003  0.000  0.000  0.210
   1.73726      1.283285  0.037  0.088  0.001  0.074  0.000  0.001  0.002  0.000  0.000  0.205
   1.75050      1.217210  0.038  0.083  0.001  0.072  0.000  0.001  0.002  0.000  0.000  0.198
   1.76374      1.152715  0.039  0.076  0.001  0.068  0.000  0.001  0.003  0.000  0.000  0.188
   1.77698      1.090427  0.041  0.067  0.000  0.061  0.000  0.001  0.003  0.001  0.000  0.174
   1.79021      1.031831  0.045  0.052  0.000  0.049  0.000  0.001  0.003  0.001  0.000  0.150
   1.80345      0.981703  0.052  0.026  0.000  0.025  0.000  0.001  0.003  0.001  0.000  0.108
   1.81669      0.957840  0.060  0.000  0.000  0.000  0.000  0.001  0.004  0.001  0.000  0.066
   1.81669      0.957840  0.060  0.000  0.000  0.000  0.000  0.001  0.004  0.001  0.000  0.066
   1.84317      1.025935  0.045  0.049  0.000  0.048  0.000  0.001  0.003  0.001  0.000  0.147
   1.86964      1.125627  0.039  0.070  0.001  0.067  0.000  0.001  0.003  0.001  0.000  0.181
   1.89612      1.218725  0.037  0.078  0.001  0.073  0.000  0.001  0.002  0.001  0.001  0.194
   1.92260      1.299910  0.035  0.082  0.002  0.075  0.000  0.001  0.002  0.000  0.001  0.198
   1.94907      1.367693  0.033  0.083  0.002  0.075  0.001  0.001  0.002  0.000  0.002  0.199
   1.97555      1.422100  0.032  0.083  0.003  0.073  0.001  0.001  0.002  0.000  0.002  0.197
   2.00203      1.464135  0.030  0.082  0.004  0.071  0.001  0.001  0.002  0.000  0.003  0.194
   2.02850      1.495461  0.028  0.081  0.006  0.067  0.001  0.001  0.002  0.000  0.003  0.189
   2.05498      1.518128  0.026  0.079  0.007  0.064  0.002  0.001  0.002  0.000  0.004  0.184
   2.08146      1.534354  0.025  0.077  0.010  0.059  0.002  0.001  0.002  0.000  0.004  0.179
   2.10793      1.546371  0.023  0.074  0.013  0.055  0.002  0.001  0.001  0.000  0.004  0.174
   2.13441      1.556318  0.021  0.072  0.016  0.050  0.002  0.001  0.001  0.000  0.005  0.168
   2.16089      1.566185  0.019  0.069  0.022  0.045  0.002  0.001  0.001  0.000  0.005  0.164
   2.18736      1.577759  0.017  0.065  0.028  0.039  0.003  0.001  0.001  0.000  0.005  0.160
   2.21384      1.592569  0.015  0.061  0.037  0.034  0.003  0.001  0.001  0.000  0.005  0.156
   2.24032      1.611802  0.013  0.056  0.047  0.029  0.003  0.001  0.001  0.000  0.005  0.154
   2.26680      1.636182  0.011  0.050  0.059  0.024  0.003  0.001  0.001  0.000  0.005  0.154
   2.29327      1.665835  0.009  0.044  0.073  0.019  0.003  0.001  0.000  0.000  0.005  0.155
   2.31975      1.667948  0.018  0.052  0.015  0.045  0.004  0.000  0.001  0.000  0.010  0.144
   2.34623      1.673251  0.014  0.048  0.032  0.035  0.003  0.000  0.001  0.000  0.009  0.143
   2.37270      1.694099  0.010  0.043  0.055  0.025  0.003  0.000  0.000  0.000  0.008  0.146
   2.39918      1.728279  0.007  0.039  0.076  0.018  0.003  0.000  0.000  0.000  0.008  0.152
   2.42566      1.770079  0.005  0.037  0.092  0.014  0.003  0.000  0.000  0.000  0.007  0.158
   2.45213      1.813884  0.004  0.037  0.099  0.012  0.003  0.000  0.000  0.000  0.007  0.162
   2.47861      1.855562  0.002  0.039  0.100  0.014  0.003  0.000  0.000  0.000  0.007  0.165
   2.50509      1.892206  0.001  0.044  0.093  0.017  0.003  0.000  0.000  0.000  0.008  0.166
   2.53156      1.921501  0.001  0.051  0.073  0.025  0.004  0.000  0.000  0.000  0.009  0.163
   2.55804      1.940781  0.000  0.063  0.032  0.042  0.007  0.000  0.000  0.000  0.010  0.154
   2.58452      1.946875  0.000  0.064  0.000  0.064  0.010  0.000  0.000  0.000  0.010  0.147
 
# Band-Index:   24
   2.58452      1.946875  0.000  0.064  0.000  0.064  0.010  0.000  0.000  0.000  0.010  0.147
   2.55804      1.944271  0.000  0.045  0.023  0.067  0.010  0.000  0.000  0.000  0.007  0.152
   2.53156      1.940335  0.000  0.024  0.071  0.054  0.009  0.000  0.000  0.000  0.004  0.163
   2.50509      1.932609  0.000  0.010  0.127  0.030  0.006  0.000  0.000  0.000  0.002  0.175
   2.47861      1.915175  0.000  0.010  0.150  0.014  0.004  0.000  0.000  0.000  0.002  0.179
   2.45213      1.888507  0.001  0.014  0.150  0.008  0.003  0.000  0.000  0.000  0.002  0.178
   2.42566      1.855245  0.002  0.018  0.141  0.007  0.002  0.001  0.000  0.000  0.003  0.174
   2.39918      1.817688  0.003  0.023  0.130  0.008  0.002  0.001  0.000  0.000  0.003  0.169
   2.37270      1.777962  0.004  0.027  0.117  0.009  0.002  0.001  0.000  0.000  0.004  0.165
   2.34623      1.738152  0.006  0.033  0.103  0.012  0.002  0.001  0.000  0.000  0.004  0.161
   2.31975      1.700219  0.007  0.038  0.088  0.015  0.003  0.001  0.000  0.000  0.004  0.157
   2.29327      1.675459  0.021  0.053  0.006  0.051  0.004  0.000  0.001  0.000  0.010  0.146
   2.26680      1.691210  0.024  0.053  0.002  0.054  0.004  0.000  0.001  0.000  0.010  0.147
   2.24032      1.711627  0.027  0.052  0.000  0.054  0.004  0.000  0.001  0.000  0.009  0.148
   2.21384      1.734519  0.030  0.050  0.000  0.054  0.004  0.000  0.002  0.000  0.009  0.149
   2.18736      1.758534  0.033  0.048  0.000  0.053  0.004  0.000  0.002  0.000  0.009  0.149
   2.16089      1.782661  0.036  0.047  0.000  0.052  0.004  0.000  0.002  0.000  0.008  0.148
   2.13441      1.805933  0.039  0.045  0.000  0.051  0.004  0.000  0.002  0.000  0.007  0.148
   2.10793      1.827264  0.042  0.043  0.001  0.049  0.003  0.000  0.003  0.000  0.007  0.148
   2.08146      1.845387  0.045  0.042  0.001  0.048  0.003  0.000  0.003  0.000  0.006  0.147
   2.05498      1.858842  0.049  0.040  0.001  0.046  0.003  0.000  0.003  0.000  0.005  0.146
   2.02850      1.866033  0.053  0.038  0.001  0.044  0.002  0.000  0.004  0.000  0.005  0.145
   2.00203      1.865363  0.057  0.035  0.001  0.041  0.002  0.000  0.004  0.000  0.004  0.143
   1.97555      1.855501  0.061  0.032  0.001  0.037  0.001  0.000  0.004  0.000  0.003  0.139
   1.94907      1.835783  0.066  0.027  0.000  0.032  0.001  0.000  0.005  0.000  0.002  0.134
   1.92260      1.806825  0.072  0.022  0.000  0.025  0.001  0.000  0.005  0.000  0.001  0.126
   1.89612      1.771258  0.077  0.015  0.000  0.018  0.000  0.000  0.005  0.000  0.001  0.117
   1.86964      1.734470  0.082  0.008  0.000  0.010  0.000  0.000  0.006  0.000  0.000  0.106
   1.84317      1.704877  0.085  0.002  0.000  0.003  0.000  0.000  0.006  0.000  0.000  0.097
   1.81669      1.692804  0.087  0.000  0.000  0.000  0.000  0.000  0.006  0.000  0.000  0.093
   1.81669      1.692804  0.087  0.000  0.000  0.000  0.000  0.000  0.006  0.000  0.000  0.093
   1.80345      1.696300  0.087  0.001  0.000  0.001  0.000  0.000  0.006  0.000  0.000  0.094
   1.79021      1.707170  0.085  0.004  0.000  0.002  0.000  0.000  0.006  0.000  0.000  0.097
   1.77698      1.725655  0.084  0.008  0.000  0.005  0.000  0.000  0.006  0.000  0.000  0.103
   1.76374      1.751582  0.081  0.014  0.000  0.009  0.000  0.000  0.006  0.000  0.000  0.110
   1.75050      1.784455  0.079  0.020  0.000  0.013  0.000  0.000  0.006  0.000  0.000  0.118
   1.73726      1.823575  0.076  0.028  0.000  0.017  0.001  0.000  0.005  0.000  0.000  0.127
   1.72402      1.868158  0.073  0.036  0.001  0.020  0.001  0.000  0.005  0.000  0.000  0.136
   1.71078      1.917409  0.070  0.044  0.001  0.024  0.001  0.000  0.005  0.000  0.000  0.144
   1.69755      1.970583  0.068  0.052  0.001  0.027  0.001  0.000  0.005  0.000  0.000  0.153
   1.68431      2.026996  0.065  0.060  0.001  0.029  0.001  0.000  0.005  0.000  0.000  0.161
   1.67107      2.086030  0.063  0.068  0.001  0.031  0.001  0.000  0.005  0.000  0.000  0.169
   1.65783      2.147124  0.061  0.076  0.001  0.032  0.001  0.000  0.005  0.000  0.000  0.176
   1.64459      2.209756  0.059  0.084  0.001  0.033  0.001  0.000  0.005  0.000  0.000  0.183
   1.63135      2.273424  0.057  0.093  0.001  0.033  0.001  0.000  0.005  0.000  0.000  0.189
   1.61812      2.337626  0.056  0.101  0.001  0.032  0.001  0.000  0.005  0.000  0.000  0.196
   1.60488      2.401836  0.054  0.110  0.001  0.031  0.001  0.000  0.005  0.000  0.000  0.202
   1.59164      2.465471  0.053  0.119  0.001  0.029  0.001  0.000  0.005  0.000  0.000  0.208
   1.57840      2.527866  0.052  0.128  0.001  0.026  0.001  0.000  0.004  0.000  0.000  0.213
   1.56516      2.588224  0.051  0.138  0.001  0.023  0.001  0.000  0.004  0.000  0.000  0.219
   1.55192      2.645577  0.051  0.148  0.001  0.019  0.001  0.000  0.005  0.000  0.000  0.225
   1.53869      2.698739  0.050  0.159  0.001  0.015  0.001  0.000  0.005  0.000  0.000  0.230
   1.52545      2.746267  0.049  0.170  0.001  0.010  0.001  0.000  0.005  0.000  0.000  0.236
   1.51221      2.786469  0.049  0.180  0.001  0.006  0.000  0.000  0.005  0.000  0.000  0.241
   1.49897      2.817502  0.048  0.190  0.001  0.002  0.000  0.000  0.005  0.000  0.000  0.246
   1.48573      2.837608  0.047  0.197  0.001  0.000  0.000  0.000  0.005  0.000  0.000  0.250
   1.47249      2.845457  0.046  0.201  0.001  0.001  0.000  0.001  0.005  0.000  0.000  0.254
   1.45926      2.840513  0.045  0.202  0.001  0.003  0.000  0.001  0.004  0.000  0.000  0.256
   1.44602      2.823174  0.043  0.200  0.001  0.008  0.000  0.001  0.004  0.000  0.000  0.257
   1.43278      2.794630  0.042  0.196  0.001  0.014  0.000  0.001  0.004  0.000  0.000  0.257
   1.43278      2.794630  0.042  0.196  0.001  0.014  0.000  0.001  0.004  0.000  0.000  0.257
   1.40985      2.783860  0.041  0.195  0.001  0.014  0.000  0.001  0.004  0.000  0.000  0.256
   1.38692      2.752354  0.041  0.192  0.001  0.014  0.000  0.001  0.004  0.000  0.001  0.253
   1.36399      2.702336  0.040  0.188  0.001  0.013  0.000  0.001  0.004  0.000  0.001  0.248
   1.34106      2.637001  0.039  0.182  0.001  0.012  0.000  0.001  0.004  0.000  0.002  0.242
   1.31813      2.560006  0.038  0.176  0.002  0.011  0.000  0.001  0.003  0.000  0.003  0.235
   1.29520      2.475040  0.037  0.169  0.002  0.011  0.000  0.001  0.003  0.000  0.004  0.227
   1.27227      2.385559  0.035  0.163  0.003  0.010  0.000  0.001  0.003  0.000  0.005  0.220
   1.24934      2.294654  0.033  0.156  0.004  0.009  0.000  0.001  0.003  0.000  0.006  0.212
   1.22641      2.205035  0.032  0.149  0.005  0.009  0.000  0.001  0.002  0.000  0.007  0.205
   1.20348      2.119040  0.030  0.142  0.006  0.009  0.000  0.001  0.002  0.000  0.008  0.198
   1.18055      2.038677  0.028  0.136  0.008  0.008  0.000  0.001  0.002  0.000  0.008  0.191
   1.15763      1.965662  0.025  0.129  0.011  0.008  0.000  0.001  0.002  0.000  0.009  0.184
   1.13470      1.901465  0.023  0.121  0.014  0.008  0.000  0.001  0.001  0.000  0.009  0.178
   1.11177      1.847348  0.021  0.113  0.019  0.008  0.000  0.001  0.001  0.000  0.010  0.172
   1.08884      1.804393  0.018  0.104  0.026  0.008  0.000  0.001  0.001  0.000  0.010  0.167
   1.06591      1.773479  0.016  0.093  0.036  0.007  0.000  0.001  0.001  0.000  0.009  0.163
   1.04298      1.755169  0.013  0.081  0.048  0.007  0.000  0.001  0.001  0.000  0.009  0.160
   1.02005      1.749433  0.011  0.069  0.062  0.007  0.001  0.001  0.001  0.000  0.009  0.159
   0.99712      1.755329  0.008  0.057  0.078  0.006  0.001  0.001  0.000  0.000  0.008  0.159
   0.97419      1.770878  0.006  0.046  0.094  0.006  0.001  0.001  0.000  0.000  0.007  0.161
   0.95126      1.793351  0.005  0.038  0.106  0.007  0.001  0.001  0.000  0.000  0.007  0.164
   0.92833      1.819810  0.004  0.032  0.115  0.008  0.001  0.001  0.000  0.000  0.006  0.167
   0.90540      1.847562  0.003  0.029  0.120  0.010  0.002  0.000  0.000  0.000  0.006  0.169
   0.88247      1.874384  0.002  0.028  0.119  0.014  0.002  0.000  0.000  0.000  0.006  0.171
   0.85954      1.898535  0.001  0.030  0.111  0.019  0.003  0.000  0.000  0.000  0.006  0.170
   0.83661      1.918708  0.001  0.035  0.093  0.027  0.004  0.000  0.000  0.000  0.007  0.167
   0.81368      1.933952  0.000  0.045  0.062  0.040  0.006  0.000  0.000  0.000  0.008  0.161
   0.79075      1.943554  0.000  0.057  0.022  0.055  0.009  0.000  0.000  0.000  0.009  0.152
   0.76782      1.946875  0.000  0.064  0.000  0.064  0.010  0.000  0.000  0.000  0.010  0.147
   0.76782      1.946875  0.000  0.064  0.000  0.064  0.010  0.000  0.000  0.000  0.010  0.147
   0.74135      1.944271  0.000  0.045  0.023  0.067  0.010  0.000  0.000  0.000  0.007  0.152
   0.71487      1.940335  0.000  0.024  0.071  0.054  0.009  0.000  0.000  0.000  0.004  0.163
   0.68839      1.932609  0.000  0.010  0.127  0.030  0.006  0.000  0.000  0.000  0.002  0.175
   0.66192      1.915175  0.000  0.010  0.150  0.014  0.004  0.000  0.000  0.000  0.002  0.179
   0.63544      1.888507  0.001  0.014  0.150  0.008  0.003  0.000  0.000  0.000  0.002  0.178
   0.60896      1.855245  0.002  0.018  0.141  0.007  0.002  0.001  0.000  0.000  0.003  0.174
   0.58249      1.817688  0.003  0.023  0.130  0.008  0.002  0.001  0.000  0.000  0.003  0.169
   0.55601      1.777962  0.004  0.027  0.117  0.009  0.002  0.001  0.000  0.000  0.004  0.165
   0.52953      1.738152  0.006  0.033  0.103  0.012  0.002  0.001  0.000  0.000  0.004  0.161
   0.50306      1.700219  0.007  0.038  0.088  0.015  0.003  0.001  0.000  0.000  0.004  0.157
   0.47658      1.675459  0.021  0.053  0.006  0.051  0.004  0.000  0.001  0.000  0.010  0.146
   0.45010      1.691210  0.024  0.053  0.002  0.054  0.004  0.000  0.001  0.000  0.010  0.147
   0.42363      1.711627  0.027  0.052  0.000  0.054  0.004  0.000  0.001  0.000  0.009  0.148
   0.39715      1.734519  0.030  0.050  0.000  0.054  0.004  0.000  0.002  0.000  0.009  0.149
   0.37067      1.758534  0.033  0.048  0.000  0.053  0.004  0.000  0.002  0.000  0.009  0.149
   0.34420      1.782661  0.036  0.047  0.000  0.052  0.004  0.000  0.002  0.000  0.008  0.148
   0.31772      1.805933  0.039  0.045  0.000  0.051  0.004  0.000  0.002  0.000  0.007  0.148
   0.29124      1.827264  0.042  0.043  0.001  0.049  0.003  0.000  0.003  0.000  0.007  0.148
   0.26477      1.845387  0.045  0.042  0.001  0.048  0.003  0.000  0.003  0.000  0.006  0.147
   0.23829      1.858842  0.049  0.040  0.001  0.046  0.003  0.000  0.003  0.000  0.005  0.146
   0.21181      1.866033  0.053  0.038  0.001  0.044  0.002  0.000  0.004  0.000  0.005  0.145
   0.18534      1.865363  0.057  0.035  0.001  0.041  0.002  0.000  0.004  0.000  0.004  0.143
   0.15886      1.855501  0.061  0.032  0.001  0.037  0.001  0.000  0.004  0.000  0.003  0.139
   0.13238      1.835783  0.066  0.027  0.000  0.032  0.001  0.000  0.005  0.000  0.002  0.134
   0.10591      1.806825  0.072  0.022  0.000  0.025  0.001  0.000  0.005  0.000  0.001  0.126
   0.07943      1.771258  0.077  0.015  0.000  0.018  0.000  0.000  0.005  0.000  0.001  0.117
   0.05295      1.734470  0.082  0.008  0.000  0.010  0.000  0.000  0.006  0.000  0.000  0.106
   0.02648      1.704877  0.085  0.002  0.000  0.003  0.000  0.000  0.006  0.000  0.000  0.097
   0.00000      1.692804  0.087  0.000  0.000  0.000  0.000  0.000  0.006  0.000  0.000  0.093
 
# Band-Index:   25
   0.00000      4.583415  0.000  0.000  0.000  0.000  0.000  0.013  0.000  0.013  0.000  0.025
   0.02648      4.587768  0.000  0.000  0.000  0.000  0.000  0.012  0.000  0.013  0.000  0.025
   0.05295      4.598617  0.000  0.011  0.000  0.013  0.003  0.012  0.000  0.010  0.002  0.052
   0.07943      4.584977  0.000  0.040  0.001  0.050  0.007  0.008  0.000  0.005  0.005  0.115
   0.10591      4.535480  0.001  0.069  0.001  0.087  0.009  0.004  0.001  0.002  0.005  0.178
   0.13238      4.450974  0.001  0.084  0.001  0.108  0.009  0.002  0.001  0.001  0.004  0.211
   0.15886      4.338925  0.001  0.092  0.001  0.117  0.009  0.001  0.001  0.000  0.003  0.226
   0.18534      4.205630  0.001  0.094  0.001  0.122  0.009  0.001  0.001  0.000  0.003  0.232
   0.21181      4.056371  0.001  0.094  0.001  0.123  0.009  0.001  0.001  0.000  0.003  0.234
   0.23829      3.895707  0.001  0.092  0.001  0.123  0.010  0.001  0.001  0.000  0.003  0.232
   0.26477      3.727658  0.001  0.089  0.001  0.121  0.010  0.001  0.001  0.000  0.003  0.228
   0.29124      3.555796  0.001  0.086  0.002  0.119  0.010  0.001  0.000  0.000  0.004  0.223
   0.31772      3.383323  0.001  0.082  0.002  0.117  0.011  0.001  0.000  0.000  0.004  0.218
   0.34420      3.213138  0.001  0.079  0.003  0.114  0.011  0.001  0.000  0.000  0.004  0.211
   0.37067      3.047895  0.000  0.075  0.003  0.110  0.011  0.000  0.000  0.000  0.004  0.205
   0.39715      2.890054  0.000  0.071  0.004  0.106  0.011  0.000  0.000  0.000  0.004  0.198
   0.42363      2.741919  0.000  0.068  0.006  0.102  0.011  0.000  0.000  0.000  0.004  0.192
   0.45010      2.605633  0.000  0.065  0.008  0.096  0.012  0.000  0.000  0.000  0.004  0.185
   0.47658      2.483099  0.000  0.061  0.011  0.090  0.012  0.000  0.000  0.000  0.004  0.178
   0.50306      2.375812  0.000  0.059  0.014  0.083  0.012  0.000  0.000  0.000  0.004  0.172
   0.52953      2.284612  0.000  0.056  0.019  0.076  0.012  0.000  0.000  0.000  0.004  0.167
   0.55601      2.209415  0.001  0.053  0.025  0.068  0.011  0.000  0.000  0.000  0.004  0.163
   0.58249      2.149108  0.001  0.051  0.031  0.062  0.011  0.000  0.000  0.000  0.004  0.161
   0.60896      2.101710  0.001  0.049  0.039  0.057  0.011  0.000  0.000  0.000  0.004  0.160
   0.63544      2.051390  0.003  0.036  0.003  0.092  0.010  0.000  0.000  0.000  0.009  0.153
   0.66192      2.009544  0.002  0.041  0.011  0.080  0.009  0.000  0.000  0.000  0.010  0.153
   0.68839      1.987188  0.001  0.044  0.042  0.057  0.006  0.000  0.000  0.000  0.009  0.160
   0.71487      1.980716  0.001  0.035  0.103  0.026  0.003  0.000  0.000  0.000  0.007  0.174
   0.74135      1.980019  0.000  0.019  0.153  0.007  0.001  0.000  0.000  0.000  0.004  0.186
   0.76782      1.979096  0.000  0.005  0.178  0.005  0.002  0.000  0.000  0.000  0.002  0.192
   0.76782      1.979096  0.000  0.005  0.178  0.005  0.002  0.000  0.000  0.000  0.002  0.192
   0.79075      1.980934  0.000  0.011  0.155  0.014  0.003  0.000  0.000  0.000  0.003  0.186
   0.81368      1.986502  0.000  0.021  0.113  0.032  0.006  0.000  0.000  0.000  0.004  0.176
   0.83661      1.996337  0.000  0.028  0.078  0.049  0.008  0.000  0.000  0.000  0.004  0.168
   0.85954      2.011576  0.001  0.029  0.054  0.063  0.010  0.000  0.000  0.000  0.005  0.162
   0.88247      2.033655  0.001  0.028  0.039  0.075  0.011  0.000  0.000  0.000  0.005  0.159
   0.90540      2.063994  0.002  0.024  0.028  0.087  0.012  0.000  0.000  0.000  0.004  0.157
   0.92833      2.103753  0.002  0.020  0.020  0.098  0.013  0.000  0.000  0.000  0.004  0.157
   0.95126      2.153638  0.002  0.016  0.015  0.108  0.014  0.000  0.000  0.000  0.003  0.158
   0.97419      2.213827  0.002  0.012  0.011  0.117  0.015  0.000  0.000  0.000  0.003  0.160
   0.99712      2.284000  0.002  0.009  0.008  0.126  0.016  0.000  0.000  0.000  0.002  0.163
   1.02005      2.363459  0.002  0.006  0.006  0.134  0.016  0.000  0.000  0.000  0.002  0.166
   1.04298      2.451257  0.002  0.005  0.004  0.140  0.016  0.000  0.000  0.000  0.002  0.170
   1.06591      2.546319  0.002  0.003  0.003  0.147  0.017  0.000  0.000  0.000  0.002  0.174
   1.08884      2.647506  0.002  0.003  0.003  0.152  0.017  0.000  0.000  0.000  0.001  0.178
   1.11177      2.753654  0.002  0.002  0.002  0.157  0.017  0.000  0.000  0.000  0.001  0.182
   1.13470      2.863576  0.002  0.002  0.002  0.162  0.017  0.000  0.000  0.000  0.001  0.186
   1.15763      2.976054  0.002  0.002  0.001  0.166  0.017  0.000  0.000  0.000  0.001  0.190
   1.18055      3.089809  0.002  0.003  0.001  0.171  0.016  0.000  0.000  0.000  0.001  0.194
   1.20348      3.203474  0.002  0.003  0.001  0.175  0.016  0.000  0.000  0.000  0.001  0.198
   1.22641      3.315565  0.002  0.004  0.001  0.179  0.016  0.000  0.000  0.000  0.001  0.202
   1.24934      3.424442  0.002  0.005  0.000  0.183  0.015  0.000  0.000  0.000  0.001  0.206
   1.27227      3.528290  0.002  0.006  0.000  0.186  0.014  0.000  0.000  0.000  0.001  0.210
   1.29520      3.625110  0.003  0.007  0.000  0.190  0.014  0.000  0.000  0.000  0.001  0.214
   1.31813      3.712724  0.003  0.008  0.000  0.193  0.013  0.000  0.000  0.000  0.001  0.218
   1.34106      3.788840  0.003  0.009  0.000  0.196  0.012  0.000  0.000  0.000  0.001  0.221
   1.36399      3.851151  0.003  0.011  0.000  0.198  0.011  0.000  0.000  0.000  0.001  0.224
   1.38692      3.897506  0.003  0.012  0.000  0.199  0.011  0.000  0.000  0.000  0.001  0.227
   1.40985      3.926120  0.003  0.012  0.000  0.200  0.010  0.000  0.000  0.000  0.001  0.228
   1.43278      3.935799  0.003  0.013  0.000  0.201  0.010  0.000  0.000  0.000  0.001  0.228
   1.43278      3.935799  0.003  0.013  0.000  0.201  0.010  0.000  0.000  0.000  0.001  0.228
   1.44602      3.902894  0.002  0.006  0.000  0.206  0.011  0.000  0.000  0.000  0.001  0.226
   1.45926      3.880530  0.001  0.001  0.000  0.210  0.011  0.000  0.000  0.000  0.001  0.225
   1.47249      3.869928  0.001  0.000  0.000  0.212  0.011  0.001  0.000  0.000  0.001  0.225
   1.48573      3.871508  0.000  0.002  0.000  0.211  0.011  0.001  0.000  0.000  0.001  0.225
   1.49897      3.884735  0.000  0.007  0.000  0.207  0.011  0.001  0.000  0.000  0.001  0.227
   1.51221      3.908275  0.000  0.013  0.000  0.202  0.011  0.001  0.000  0.000  0.001  0.228
   1.52545      3.940345  0.000  0.021  0.000  0.196  0.010  0.001  0.000  0.000  0.001  0.230
   1.53869      3.979075  0.001  0.029  0.000  0.190  0.010  0.001  0.000  0.000  0.001  0.232
   1.55192      4.022730  0.001  0.037  0.000  0.183  0.010  0.001  0.000  0.000  0.001  0.233
   1.56516      4.069816  0.001  0.044  0.000  0.177  0.010  0.001  0.000  0.000  0.001  0.234
   1.57840      4.119082  0.001  0.050  0.000  0.170  0.010  0.001  0.001  0.000  0.001  0.234
   1.59164      4.169491  0.002  0.055  0.000  0.164  0.010  0.002  0.001  0.000  0.001  0.234
   1.60488      4.220170  0.002  0.060  0.000  0.159  0.010  0.002  0.001  0.000  0.001  0.233
   1.61812      4.270361  0.002  0.063  0.000  0.153  0.010  0.002  0.001  0.000  0.001  0.231
   1.63135      4.319386  0.002  0.066  0.000  0.147  0.010  0.002  0.001  0.000  0.001  0.229
   1.64459      4.366608  0.002  0.068  0.000  0.141  0.010  0.002  0.001  0.000  0.002  0.225
   1.65783      4.411407  0.001  0.068  0.000  0.134  0.010  0.003  0.001  0.000  0.002  0.219
   1.67107      4.453151  0.001  0.067  0.000  0.126  0.010  0.003  0.001  0.000  0.003  0.211
   1.68431      4.491171  0.001  0.065  0.000  0.117  0.011  0.004  0.001  0.000  0.003  0.201
   1.69755      4.524739  0.001  0.061  0.000  0.105  0.011  0.004  0.001  0.000  0.004  0.187
   1.71078      4.553034  0.001  0.054  0.000  0.091  0.010  0.005  0.001  0.001  0.004  0.168
   1.72402      4.575122  0.000  0.045  0.000  0.073  0.009  0.007  0.000  0.002  0.005  0.142
   1.73726      4.590087  0.000  0.033  0.000  0.051  0.008  0.009  0.000  0.004  0.004  0.110
   1.75050      4.597750  0.000  0.020  0.000  0.030  0.005  0.012  0.000  0.007  0.003  0.077
   1.76374      4.599682  0.000  0.010  0.000  0.014  0.003  0.013  0.000  0.009  0.002  0.052
   1.77698      4.593659  0.000  0.000  0.000  0.000  0.000  0.012  0.000  0.013  0.000  0.026
   1.79021      4.587936  0.000  0.000  0.000  0.000  0.000  0.012  0.000  0.013  0.000  0.025
   1.80345      4.584536  0.000  0.000  0.000  0.000  0.000  0.012  0.000  0.013  0.000  0.025
   1.81669      4.583415  0.000  0.000  0.000  0.000  0.000  0.013  0.000  0.013  0.000  0.025
   1.81669      4.583415  0.000  0.000  0.000  0.000  0.000  0.013  0.000  0.013  0.000  0.025
   1.84317      4.587768  0.000  0.000  0.000  0.000  0.000  0.012  0.000  0.013  0.000  0.025
   1.86964      4.598617  0.000  0.011  0.000  0.013  0.003  0.012  0.000  0.010  0.002  0.052
   1.89612      4.584977  0.000  0.040  0.001  0.050  0.007  0.008  0.000  0.005  0.005  0.115
   1.92260      4.535480  0.001  0.069  0.001  0.087  0.009  0.004  0.001  0.002  0.005  0.178
   1.94907      4.450974  0.001  0.084  0.001  0.108  0.009  0.002  0.001  0.001  0.004  0.211
   1.97555      4.338925  0.001  0.092  0.001  0.117  0.009  0.001  0.001  0.000  0.003  0.226
   2.00203      4.205630  0.001  0.094  0.001  0.122  0.009  0.001  0.001  0.000  0.003  0.232
   2.02850      4.056371  0.001  0.094  0.001  0.123  0.009  0.001  0.001  0.000  0.003  0.234
   2.05498      3.895707  0.001  0.092  0.001  0.123  0.010  0.001  0.001  0.000  0.003  0.232
   2.08146      3.727658  0.001  0.089  0.001  0.121  0.010  0.001  0.001  0.000  0.003  0.228
   2.10793      3.555796  0.001  0.086  0.002  0.119  0.010  0.001  0.000  0.000  0.004  0.223
   2.13441      3.383323  0.001  0.082  0.002  0.117  0.011  0.001  0.000  0.000  0.004  0.218
   2.16089      3.213138  0.001  0.079  0.003  0.114  0.011  0.001  0.000  0.000  0.004  0.211
   2.18736      3.047895  0.000  0.075  0.003  0.110  0.011  0.000  0.000  0.000  0.004  0.205
   2.21384      2.890054  0.000  0.071  0.004  0.106  0.011  0.000  0.000  0.000  0.004  0.198
   2.24032      2.741919  0.000  0.068  0.006  0.102  0.011  0.000  0.000  0.000  0.004  0.192
   2.26680      2.605633  0.000  0.065  0.008  0.096  0.012  0.000  0.000  0.000  0.004  0.185
   2.29327      2.483099  0.000  0.061  0.011  0.090  0.012  0.000  0.000  0.000  0.004  0.178
   2.31975      2.375812  0.000  0.059  0.014  0.083  0.012  0.000  0.000  0.000  0.004  0.172
   2.34623      2.284612  0.000  0.056  0.019  0.076  0.012  0.000  0.000  0.000  0.004  0.167
   2.37270      2.209415  0.001  0.053  0.025  0.068  0.011  0.000  0.000  0.000  0.004  0.163
   2.39918      2.149108  0.001  0.051  0.031  0.062  0.011  0.000  0.000  0.000  0.004  0.161
   2.42566      2.101710  0.001  0.049  0.039  0.057  0.011  0.000  0.000  0.000  0.004  0.160
   2.45213      2.051390  0.003  0.036  0.003  0.092  0.010  0.000  0.000  0.000  0.009  0.153
   2.47861      2.009544  0.002  0.041  0.011  0.080  0.009  0.000  0.000  0.000  0.010  0.153
   2.50509      1.987188  0.001  0.044  0.042  0.057  0.006  0.000  0.000  0.000  0.009  0.160
   2.53156      1.980716  0.001  0.035  0.103  0.026  0.003  0.000  0.000  0.000  0.007  0.174
   2.55804      1.980019  0.000  0.019  0.153  0.007  0.001  0.000  0.000  0.000  0.004  0.186
   2.58452      1.979096  0.000  0.005  0.178  0.005  0.002  0.000  0.000  0.000  0.002  0.192
 
# Band-Index:   26
   2.58452      1.979096  0.000  0.005  0.178  0.005  0.002  0.000  0.000  0.000  0.002  0.192
   2.55804      1.982951  0.000  0.010  0.145  0.023  0.005  0.000  0.000  0.000  0.002  0.184
   2.53156      1.995137  0.000  0.025  0.100  0.038  0.007  0.000  0.000  0.000  0.003  0.173
   2.50509      2.013014  0.000  0.035  0.075  0.044  0.009  0.000  0.000  0.000  0.004  0.167
   2.47861      2.035872  0.000  0.041  0.059  0.048  0.010  0.000  0.000  0.000  0.004  0.163
   2.45213      2.064776  0.001  0.046  0.048  0.052  0.010  0.000  0.000  0.000  0.004  0.161
   2.42566      2.113347  0.003  0.034  0.001  0.098  0.011  0.000  0.000  0.000  0.008  0.155
   2.39918      2.195256  0.003  0.034  0.001  0.102  0.012  0.000  0.000  0.000  0.008  0.159
   2.37270      2.296179  0.003  0.037  0.000  0.104  0.012  0.000  0.000  0.000  0.008  0.164
   2.34623      2.414650  0.003  0.041  0.000  0.105  0.012  0.000  0.000  0.000  0.007  0.169
   2.31975      2.548977  0.004  0.046  0.000  0.105  0.013  0.000  0.000  0.000  0.007  0.175
   2.29327      2.697427  0.004  0.051  0.000  0.105  0.013  0.000  0.000  0.000  0.007  0.181
   2.26680      2.858289  0.004  0.057  0.000  0.105  0.013  0.000  0.000  0.000  0.007  0.187
   2.24032      3.029862  0.004  0.064  0.000  0.105  0.013  0.000  0.000  0.000  0.007  0.193
   2.21384      3.210412  0.004  0.070  0.000  0.106  0.013  0.000  0.000  0.000  0.007  0.200
   2.18736      3.398089  0.004  0.077  0.000  0.107  0.013  0.000  0.000  0.000  0.007  0.207
   2.16089      3.590823  0.004  0.084  0.000  0.108  0.012  0.000  0.000  0.000  0.006  0.215
   2.13441      3.786151  0.004  0.092  0.000  0.109  0.012  0.000  0.000  0.000  0.006  0.223
   2.10793      3.980911  0.004  0.100  0.000  0.110  0.011  0.000  0.000  0.000  0.006  0.231
   2.08146      4.170652  0.005  0.108  0.000  0.110  0.009  0.000  0.000  0.000  0.005  0.237
   2.05498      4.348501  0.005  0.114  0.000  0.107  0.007  0.000  0.000  0.000  0.004  0.237
   2.02850      4.503946  0.005  0.114  0.000  0.096  0.004  0.000  0.000  0.000  0.003  0.223
   2.00203      4.624231  0.004  0.099  0.001  0.076  0.002  0.001  0.001  0.001  0.002  0.187
   1.97555      4.686094  0.002  0.046  0.002  0.033  0.000  0.006  0.001  0.006  0.001  0.098
   1.94907      4.674500  0.000  0.008  0.003  0.006  0.000  0.010  0.000  0.011  0.000  0.040
   1.92260      4.646281  0.000  0.002  0.002  0.002  0.000  0.011  0.000  0.012  0.000  0.030
   1.89612      4.620370  0.000  0.001  0.001  0.001  0.000  0.012  0.000  0.013  0.000  0.027
   1.86964      4.600389  0.000  0.000  0.000  0.000  0.000  0.012  0.000  0.013  0.000  0.026
   1.84317      4.596627  0.000  0.002  0.000  0.002  0.000  0.014  0.000  0.013  0.000  0.031
   1.81669      4.594766  0.000  0.000  0.000  0.000  0.000  0.014  0.000  0.014  0.000  0.027
   1.81669      4.594766  0.000  0.000  0.000  0.000  0.000  0.014  0.000  0.014  0.000  0.027
   1.80345      4.595295  0.000  0.000  0.000  0.000  0.000  0.014  0.000  0.013  0.000  0.028
   1.79021      4.596755  0.000  0.002  0.000  0.002  0.000  0.014  0.000  0.012  0.000  0.031
   1.77698      4.598623  0.000  0.004  0.000  0.006  0.001  0.014  0.000  0.011  0.001  0.038
   1.76374      4.601745  0.000  0.000  0.000  0.000  0.000  0.012  0.000  0.013  0.000  0.026
   1.75050      4.612192  0.000  0.000  0.001  0.000  0.000  0.012  0.000  0.013  0.000  0.026
   1.73726      4.625021  0.000  0.000  0.001  0.000  0.000  0.011  0.000  0.013  0.000  0.026
   1.72402      4.640221  0.000  0.000  0.002  0.000  0.000  0.011  0.000  0.013  0.000  0.027
   1.71078      4.657765  0.000  0.000  0.002  0.000  0.000  0.011  0.000  0.013  0.000  0.027
   1.69755      4.677601  0.000  0.000  0.003  0.001  0.000  0.011  0.000  0.013  0.000  0.028
   1.68431      4.699638  0.000  0.001  0.003  0.001  0.000  0.011  0.000  0.013  0.000  0.029
   1.67107      4.723669  0.000  0.002  0.004  0.002  0.000  0.010  0.000  0.013  0.000  0.031
   1.65783      4.749004  0.000  0.005  0.005  0.006  0.000  0.010  0.000  0.013  0.000  0.039
   1.64459      4.769365  0.000  0.049  0.004  0.045  0.000  0.006  0.000  0.008  0.002  0.114
   1.63135      4.752909  0.002  0.119  0.001  0.111  0.000  0.000  0.000  0.001  0.004  0.239
   1.61812      4.717052  0.002  0.123  0.000  0.124  0.001  0.000  0.000  0.000  0.004  0.255
   1.60488      4.673320  0.003  0.119  0.000  0.132  0.002  0.000  0.000  0.000  0.003  0.260
   1.59164      4.623662  0.004  0.114  0.000  0.138  0.003  0.000  0.000  0.000  0.003  0.262
   1.57840      4.569342  0.004  0.107  0.000  0.144  0.004  0.000  0.000  0.000  0.003  0.262
   1.56516      4.511447  0.005  0.100  0.000  0.149  0.005  0.000  0.000  0.000  0.002  0.260
   1.55192      4.450939  0.005  0.092  0.000  0.153  0.006  0.000  0.000  0.000  0.002  0.258
   1.53869      4.388695  0.005  0.084  0.000  0.157  0.006  0.000  0.000  0.000  0.002  0.255
   1.52545      4.325534  0.006  0.076  0.000  0.162  0.007  0.000  0.000  0.000  0.002  0.252
   1.51221      4.262264  0.006  0.067  0.000  0.166  0.008  0.000  0.000  0.000  0.001  0.249
   1.49897      4.199721  0.006  0.058  0.000  0.171  0.008  0.000  0.000  0.000  0.001  0.245
   1.48573      4.138831  0.006  0.049  0.000  0.176  0.009  0.000  0.000  0.000  0.001  0.241
   1.47249      4.080646  0.005  0.040  0.000  0.182  0.009  0.000  0.000  0.000  0.001  0.238
   1.45926      4.026405  0.005  0.030  0.000  0.188  0.010  0.000  0.000  0.000  0.001  0.234
   1.44602      3.977565  0.004  0.021  0.000  0.195  0.010  0.000  0.000  0.000  0.001  0.231
   1.43278      3.935799  0.003  0.013  0.000  0.201  0.010  0.000  0.000  0.000  0.001  0.228
   1.43278      3.935799  0.003  0.013  0.000  0.201  0.010  0.000  0.000  0.000  0.001  0.228
   1.40985      3.926122  0.003  0.012  0.000  0.200  0.010  0.000  0.000  0.000  0.001  0.228
   1.38692      3.897508  0.003  0.012  0.000  0.199  0.011  0.000  0.000  0.000  0.001  0.227
   1.36399      3.851154  0.003  0.011  0.000  0.198  0.011  0.000  0.000  0.000  0.001  0.224
   1.34106      3.788843  0.003  0.009  0.000  0.196  0.012  0.000  0.000  0.000  0.001  0.221
   1.31813      3.712728  0.003  0.008  0.000  0.193  0.013  0.000  0.000  0.000  0.001  0.218
   1.29520      3.625114  0.003  0.007  0.000  0.190  0.014  0.000  0.000  0.000  0.001  0.214
   1.27227      3.528294  0.002  0.006  0.000  0.186  0.014  0.000  0.000  0.000  0.001  0.210
   1.24934      3.424447  0.002  0.005  0.000  0.183  0.015  0.000  0.000  0.000  0.001  0.206
   1.22641      3.315569  0.002  0.004  0.001  0.179  0.016  0.000  0.000  0.000  0.001  0.202
   1.20348      3.203480  0.002  0.003  0.001  0.175  0.016  0.000  0.000  0.000  0.001  0.198
   1.18055      3.089814  0.002  0.003  0.001  0.171  0.016  0.000  0.000  0.000  0.001  0.194
   1.15763      2.976061  0.002  0.002  0.001  0.166  0.017  0.000  0.000  0.000  0.001  0.190
   1.13470      2.863584  0.002  0.002  0.002  0.162  0.017  0.000  0.000  0.000  0.001  0.186
   1.11177      2.753662  0.002  0.002  0.002  0.157  0.017  0.000  0.000  0.000  0.001  0.182
   1.08884      2.647516  0.002  0.003  0.003  0.152  0.017  0.000  0.000  0.000  0.001  0.178
   1.06591      2.546330  0.002  0.003  0.003  0.147  0.017  0.000  0.000  0.000  0.002  0.174
   1.04298      2.451270  0.002  0.005  0.004  0.140  0.016  0.000  0.000  0.000  0.002  0.170
   1.02005      2.363474  0.002  0.006  0.006  0.134  0.016  0.000  0.000  0.000  0.002  0.166
   0.99712      2.284016  0.002  0.009  0.008  0.126  0.016  0.000  0.000  0.000  0.002  0.163
   0.97419      2.213844  0.002  0.012  0.011  0.117  0.015  0.000  0.000  0.000  0.003  0.160
   0.95126      2.153656  0.002  0.016  0.015  0.108  0.014  0.000  0.000  0.000  0.003  0.158
   0.92833      2.103770  0.002  0.020  0.020  0.098  0.013  0.000  0.000  0.000  0.004  0.157
   0.90540      2.064009  0.002  0.024  0.028  0.087  0.012  0.000  0.000  0.000  0.004  0.157
   0.88247      2.033667  0.001  0.028  0.039  0.075  0.011  0.000  0.000  0.000  0.005  0.159
   0.85954      2.011583  0.001  0.029  0.054  0.063  0.010  0.000  0.000  0.000  0.005  0.162
   0.83661      1.996340  0.000  0.028  0.078  0.049  0.008  0.000  0.000  0.000  0.004  0.168
   0.81368      1.986508  0.000  0.021  0.113  0.032  0.006  0.000  0.000  0.000  0.004  0.176
   0.79075      1.980940  0.000  0.011  0.155  0.014  0.003  0.000  0.000  0.000  0.003  0.186
   0.76782      1.979096  0.000  0.005  0.178  0.005  0.002  0.000  0.000  0.000  0.002  0.192
   0.76782      1.979096  0.000  0.005  0.178  0.005  0.002  0.000  0.000  0.000  0.002  0.192
   0.74135      1.982951  0.000  0.010  0.145  0.023  0.005  0.000  0.000  0.000  0.002  0.184
   0.71487      1.995137  0.000  0.025  0.100  0.038  0.007  0.000  0.000  0.000  0.003  0.173
   0.68839      2.013014  0.000  0.035  0.075  0.044  0.009  0.000  0.000  0.000  0.004  0.167
   0.66192      2.035872  0.000  0.041  0.059  0.048  0.010  0.000  0.000  0.000  0.004  0.163
   0.63544      2.064776  0.001  0.046  0.048  0.052  0.010  0.000  0.000  0.000  0.004  0.161
   0.60896      2.113347  0.003  0.034  0.001  0.098  0.011  0.000  0.000  0.000  0.008  0.155
   0.58249      2.195256  0.003  0.034  0.001  0.102  0.012  0.000  0.000  0.000  0.008  0.159
   0.55601      2.296179  0.003  0.037  0.000  0.104  0.012  0.000  0.000  0.000  0.008  0.164
   0.52953      2.414650  0.003  0.041  0.000  0.105  0.012  0.000  0.000  0.000  0.007  0.169
   0.50306      2.548977  0.004  0.046  0.000  0.105  0.013  0.000  0.000  0.000  0.007  0.175
   0.47658      2.697427  0.004  0.051  0.000  0.105  0.013  0.000  0.000  0.000  0.007  0.181
   0.45010      2.858289  0.004  0.057  0.000  0.105  0.013  0.000  0.000  0.000  0.007  0.187
   0.42363      3.029862  0.004  0.064  0.000  0.105  0.013  0.000  0.000  0.000  0.007  0.193
   0.39715      3.210412  0.004  0.070  0.000  0.106  0.013  0.000  0.000  0.000  0.007  0.200
   0.37067      3.398089  0.004  0.077  0.000  0.107  0.013  0.000  0.000  0.000  0.007  0.207
   0.34420      3.590823  0.004  0.084  0.000  0.108  0.012  0.000  0.000  0.000  0.006  0.215
   0.31772      3.786151  0.004  0.092  0.000  0.109  0.012  0.000  0.000  0.000  0.006  0.223
   0.29124      3.980911  0.004  0.100  0.000  0.110  0.011  0.000  0.000  0.000  0.006  0.231
   0.26477      4.170652  0.005  0.108  0.000  0.110  0.009  0.000  0.000  0.000  0.005  0.237
   0.23829      4.348501  0.005  0.114  0.000  0.107  0.007  0.000  0.000  0.000  0.004  0.237
   0.21181      4.503946  0.005  0.114  0.000  0.096  0.004  0.000  0.000  0.000  0.003  0.223
   0.18534      4.624231  0.004  0.099  0.001  0.076  0.002  0.001  0.001  0.001  0.002  0.187
   0.15886      4.686094  0.002  0.046  0.002  0.033  0.000  0.006  0.001  0.006  0.001  0.098
   0.13238      4.674500  0.000  0.008  0.003  0.006  0.000  0.010  0.000  0.011  0.000  0.040
   0.10591      4.646281  0.000  0.002  0.002  0.002  0.000  0.011  0.000  0.012  0.000  0.030
   0.07943      4.620370  0.000  0.001  0.001  0.001  0.000  0.012  0.000  0.013  0.000  0.027
   0.05295      4.600389  0.000  0.000  0.000  0.000  0.000  0.012  0.000  0.013  0.000  0.026
   0.02648      4.596627  0.000  0.002  0.000  0.002  0.000  0.014  0.000  0.013  0.000  0.031
   0.00000      4.594766  0.000  0.000  0.000  0.000  0.000  0.014  0.000  0.014  0.000  0.027
 
# Band-Index:   27
   0.00000      4.675169  0.000  0.045  0.000  0.045  0.016  0.001  0.000  0.001  0.016  0.124
   0.02648      4.674071  0.000  0.045  0.000  0.050  0.016  0.001  0.000  0.002  0.014  0.128
   0.05295      4.670394  0.000  0.044  0.000  0.054  0.012  0.002  0.000  0.005  0.010  0.128
   0.07943      4.670433  0.000  0.030  0.000  0.038  0.006  0.006  0.000  0.010  0.004  0.094
   0.10591      4.686076  0.000  0.014  0.001  0.018  0.002  0.010  0.000  0.013  0.001  0.059
   0.13238      4.714361  0.000  0.008  0.002  0.009  0.001  0.011  0.000  0.014  0.000  0.045
   0.15886      4.749928  0.000  0.005  0.003  0.006  0.000  0.011  0.000  0.014  0.000  0.040
   0.18534      4.783530  0.002  0.013  0.003  0.007  0.000  0.008  0.002  0.010  0.000  0.046
   0.21181      4.704780  0.005  0.015  0.000  0.005  0.000  0.000  0.007  0.000  0.000  0.034
   0.23829      4.609800  0.005  0.013  0.000  0.004  0.000  0.000  0.007  0.000  0.000  0.030
   0.26477      4.515835  0.005  0.011  0.000  0.004  0.000  0.000  0.007  0.000  0.000  0.027
   0.29124      4.420865  0.005  0.003  0.000  0.005  0.001  0.000  0.007  0.000  0.000  0.022
   0.31772      4.329470  0.006  0.004  0.000  0.004  0.000  0.000  0.007  0.000  0.000  0.022
   0.34420      4.242729  0.007  0.004  0.000  0.004  0.000  0.000  0.007  0.000  0.000  0.022
   0.37067      4.160235  0.007  0.005  0.000  0.003  0.000  0.000  0.006  0.000  0.000  0.022
   0.39715      4.081821  0.008  0.005  0.000  0.003  0.000  0.000  0.006  0.000  0.000  0.022
   0.42363      4.007417  0.008  0.005  0.000  0.003  0.000  0.000  0.006  0.000  0.000  0.022
   0.45010      3.936995  0.009  0.005  0.000  0.003  0.000  0.000  0.005  0.000  0.000  0.023
   0.47658      3.870554  0.010  0.005  0.000  0.002  0.000  0.000  0.005  0.000  0.000  0.023
   0.50306      3.808122  0.011  0.005  0.000  0.002  0.000  0.000  0.005  0.000  0.000  0.023
   0.52953      3.749766  0.012  0.004  0.000  0.002  0.000  0.000  0.005  0.000  0.000  0.023
   0.55601      3.695613  0.013  0.004  0.000  0.002  0.000  0.000  0.004  0.000  0.000  0.024
   0.58249      3.645877  0.014  0.004  0.000  0.002  0.000  0.000  0.004  0.000  0.000  0.024
   0.60896      3.600882  0.015  0.003  0.000  0.001  0.000  0.000  0.004  0.000  0.000  0.024
   0.63544      3.561081  0.016  0.002  0.000  0.001  0.000  0.000  0.003  0.000  0.000  0.024
   0.66192      3.527053  0.018  0.002  0.000  0.001  0.000  0.000  0.003  0.000  0.000  0.024
   0.68839      3.499480  0.019  0.001  0.000  0.000  0.000  0.000  0.003  0.000  0.000  0.023
   0.71487      3.479080  0.020  0.001  0.000  0.000  0.000  0.000  0.003  0.000  0.000  0.023
   0.74135      3.466512  0.020  0.000  0.000  0.000  0.000  0.000  0.003  0.000  0.000  0.023
   0.76782      3.462258  0.020  0.000  0.000  0.000  0.000  0.000  0.003  0.000  0.000  0.023
   0.76782      3.462258  0.020  0.000  0.000  0.000  0.000  0.000  0.003  0.000  0.000  0.023
   0.79075      3.465457  0.020  0.000  0.000  0.000  0.000  0.000  0.003  0.000  0.000  0.023
   0.81368      3.474962  0.020  0.001  0.000  0.000  0.000  0.000  0.003  0.000  0.000  0.023
   0.83661      3.490515  0.019  0.001  0.000  0.000  0.000  0.000  0.003  0.000  0.000  0.023
   0.85954      3.511732  0.018  0.002  0.000  0.000  0.000  0.000  0.003  0.000  0.000  0.024
   0.88247      3.538163  0.017  0.003  0.000  0.000  0.000  0.000  0.003  0.000  0.000  0.024
   0.90540      3.569339  0.016  0.004  0.000  0.000  0.000  0.000  0.004  0.000  0.000  0.024
   0.92833      3.604827  0.015  0.005  0.000  0.000  0.000  0.000  0.004  0.000  0.000  0.024
   0.95126      3.644251  0.014  0.005  0.000  0.000  0.000  0.000  0.004  0.000  0.000  0.024
   0.97419      3.687305  0.013  0.006  0.000  0.000  0.000  0.000  0.004  0.000  0.000  0.024
   0.99712      3.733759  0.012  0.007  0.000  0.000  0.000  0.000  0.004  0.000  0.000  0.024
   1.02005      3.783444  0.011  0.007  0.000  0.000  0.000  0.000  0.005  0.000  0.000  0.024
   1.04298      3.836245  0.010  0.008  0.000  0.000  0.000  0.000  0.005  0.000  0.000  0.024
   1.06591      3.892086  0.010  0.008  0.000  0.000  0.000  0.000  0.005  0.000  0.000  0.024
   1.08884      3.950913  0.009  0.009  0.000  0.000  0.000  0.000  0.005  0.000  0.000  0.024
   1.11177      4.012686  0.008  0.009  0.000  0.000  0.000  0.000  0.006  0.000  0.000  0.024
   1.13470      4.077367  0.008  0.009  0.000  0.000  0.000  0.000  0.006  0.000  0.000  0.024
   1.15763      4.144909  0.007  0.009  0.000  0.000  0.000  0.000  0.006  0.000  0.000  0.024
   1.18055      4.215250  0.007  0.010  0.000  0.001  0.000  0.000  0.006  0.000  0.000  0.024
   1.20348      4.288306  0.006  0.010  0.000  0.001  0.000  0.000  0.007  0.000  0.000  0.024
   1.22641      4.363961  0.006  0.010  0.000  0.001  0.000  0.000  0.007  0.000  0.000  0.024
   1.24934      4.442057  0.005  0.010  0.000  0.001  0.000  0.000  0.007  0.000  0.000  0.024
   1.27227      4.522393  0.005  0.010  0.000  0.001  0.000  0.000  0.008  0.000  0.000  0.024
   1.29520      4.604711  0.005  0.010  0.000  0.001  0.000  0.000  0.008  0.000  0.000  0.025
   1.31813      4.688688  0.005  0.010  0.000  0.002  0.000  0.000  0.008  0.000  0.000  0.025
   1.34106      4.773897  0.005  0.010  0.000  0.002  0.000  0.000  0.008  0.000  0.000  0.025
   1.36399      4.859641  0.005  0.009  0.000  0.002  0.000  0.000  0.008  0.000  0.000  0.025
   1.38692      4.944215  0.006  0.008  0.000  0.002  0.000  0.000  0.009  0.000  0.000  0.025
   1.40985      5.021154  0.008  0.005  0.000  0.001  0.000  0.000  0.009  0.000  0.000  0.024
   1.43278      5.060757  0.009  0.003  0.000  0.000  0.000  0.000  0.009  0.000  0.000  0.022
   1.43278      5.060757  0.009  0.003  0.000  0.000  0.000  0.000  0.009  0.000  0.000  0.022
   1.44602      5.061097  0.009  0.003  0.000  0.000  0.000  0.000  0.009  0.000  0.000  0.022
   1.45926      5.062601  0.009  0.003  0.000  0.000  0.000  0.000  0.009  0.000  0.000  0.022
   1.47249      5.065191  0.009  0.003  0.001  0.000  0.000  0.000  0.009  0.000  0.000  0.023
   1.48573      5.068699  0.009  0.003  0.001  0.000  0.000  0.001  0.009  0.000  0.000  0.023
   1.49897      5.072698  0.009  0.003  0.001  0.000  0.000  0.001  0.009  0.000  0.000  0.023
   1.51221      5.075857  0.009  0.002  0.003  0.000  0.000  0.002  0.008  0.001  0.000  0.024
   1.52545      5.073158  0.007  0.001  0.007  0.000  0.000  0.004  0.006  0.003  0.000  0.027
   1.53869      5.054270  0.003  0.000  0.013  0.000  0.000  0.007  0.002  0.006  0.000  0.032
   1.55192      5.022641  0.001  0.000  0.014  0.000  0.000  0.009  0.001  0.009  0.000  0.034
   1.56516      4.987031  0.001  0.000  0.013  0.000  0.000  0.009  0.000  0.010  0.000  0.034
   1.57840      4.950583  0.001  0.000  0.012  0.000  0.000  0.009  0.000  0.011  0.000  0.033
   1.59164      4.914492  0.000  0.001  0.010  0.000  0.000  0.010  0.000  0.012  0.000  0.033
   1.60488      4.879428  0.000  0.001  0.009  0.000  0.000  0.010  0.000  0.012  0.000  0.033
   1.61812      4.845972  0.000  0.002  0.008  0.001  0.000  0.010  0.000  0.012  0.000  0.034
   1.63135      4.815338  0.001  0.009  0.006  0.005  0.000  0.010  0.000  0.012  0.001  0.043
   1.64459      4.798470  0.001  0.079  0.002  0.062  0.000  0.005  0.000  0.005  0.004  0.159
   1.65783      4.781748  0.000  0.005  0.005  0.007  0.001  0.010  0.000  0.015  0.000  0.042
   1.67107      4.756542  0.000  0.006  0.004  0.009  0.001  0.009  0.000  0.015  0.000  0.044
   1.68431      4.733827  0.000  0.007  0.003  0.011  0.001  0.009  0.000  0.015  0.000  0.048
   1.69755      4.713878  0.000  0.009  0.003  0.015  0.002  0.008  0.000  0.015  0.001  0.053
   1.71078      4.697094  0.000  0.013  0.002  0.020  0.003  0.008  0.000  0.014  0.001  0.061
   1.72402      4.684072  0.000  0.018  0.001  0.029  0.004  0.006  0.000  0.013  0.002  0.075
   1.73726      4.675555  0.000  0.026  0.001  0.040  0.007  0.004  0.000  0.011  0.004  0.094
   1.75050      4.671804  0.000  0.034  0.000  0.051  0.010  0.002  0.000  0.008  0.007  0.113
   1.76374      4.671611  0.000  0.039  0.000  0.056  0.013  0.001  0.000  0.006  0.010  0.126
   1.77698      4.672875  0.000  0.041  0.000  0.056  0.015  0.000  0.000  0.004  0.012  0.129
   1.79021      4.674146  0.000  0.042  0.000  0.052  0.016  0.000  0.000  0.002  0.014  0.127
   1.80345      4.674922  0.000  0.043  0.000  0.048  0.017  0.000  0.000  0.001  0.015  0.125
   1.81669      4.675169  0.000  0.045  0.000  0.045  0.016  0.001  0.000  0.001  0.016  0.124
   1.81669      4.675169  0.000  0.045  0.000  0.045  0.016  0.001  0.000  0.001  0.016  0.124
   1.84317      4.674071  0.000  0.045  0.000  0.050  0.016  0.001  0.000  0.002  0.014  0.128
   1.86964      4.670394  0.000  0.044  0.000  0.054  0.012  0.002  0.000  0.005  0.010  0.128
   1.89612      4.670433  0.000  0.030  0.000  0.038  0.006  0.006  0.000  0.010  0.004  0.094
   1.92260      4.686076  0.000  0.014  0.001  0.018  0.002  0.010  0.000  0.013  0.001  0.059
   1.94907      4.714361  0.000  0.008  0.002  0.009  0.001  0.011  0.000  0.014  0.000  0.045
   1.97555      4.749928  0.000  0.005  0.003  0.006  0.000  0.011  0.000  0.014  0.000  0.040
   2.00203      4.783530  0.002  0.013  0.003  0.007  0.000  0.008  0.002  0.010  0.000  0.046
   2.02850      4.704780  0.005  0.015  0.000  0.005  0.000  0.000  0.007  0.000  0.000  0.034
   2.05498      4.609800  0.005  0.013  0.000  0.004  0.000  0.000  0.007  0.000  0.000  0.030
   2.08146      4.515835  0.005  0.011  0.000  0.004  0.000  0.000  0.007  0.000  0.000  0.027
   2.10793      4.420865  0.005  0.003  0.000  0.005  0.001  0.000  0.007  0.000  0.000  0.022
   2.13441      4.329470  0.006  0.004  0.000  0.004  0.000  0.000  0.007  0.000  0.000  0.022
   2.16089      4.242729  0.007  0.004  0.000  0.004  0.000  0.000  0.007  0.000  0.000  0.022
   2.18736      4.160235  0.007  0.005  0.000  0.003  0.000  0.000  0.006  0.000  0.000  0.022
   2.21384      4.081821  0.008  0.005  0.000  0.003  0.000  0.000  0.006  0.000  0.000  0.022
   2.24032      4.007417  0.008  0.005  0.000  0.003  0.000  0.000  0.006  0.000  0.000  0.022
   2.26680      3.936995  0.009  0.005  0.000  0.003  0.000  0.000  0.005  0.000  0.000  0.023
   2.29327      3.870554  0.010  0.005  0.000  0.002  0.000  0.000  0.005  0.000  0.000  0.023
   2.31975      3.808122  0.011  0.005  0.000  0.002  0.000  0.000  0.005  0.000  0.000  0.023
   2.34623      3.749766  0.012  0.004  0.000  0.002  0.000  0.000  0.005  0.000  0.000  0.023
   2.37270      3.695613  0.013  0.004  0.000  0.002  0.000  0.000  0.004  0.000  0.000  0.024
   2.39918      3.645877  0.014  0.004  0.000  0.002  0.000  0.000  0.004  0.000  0.000  0.024
   2.42566      3.600882  0.015  0.003  0.000  0.001  0.000  0.000  0.004  0.000  0.000  0.024
   2.45213      3.561081  0.016  0.002  0.000  0.001  0.000  0.000  0.003  0.000  0.000  0.024
   2.47861      3.527053  0.018  0.002  0.000  0.001  0.000  0.000  0.003  0.000  0.000  0.024
   2.50509      3.499480  0.019  0.001  0.000  0.000  0.000  0.000  0.003  0.000  0.000  0.023
   2.53156      3.479080  0.020  0.001  0.000  0.000  0.000  0.000  0.003  0.000  0.000  0.023
   2.55804      3.466512  0.020  0.000  0.000  0.000  0.000  0.000  0.003  0.000  0.000  0.023
   2.58452      3.462258  0.020  0.000  0.000  0.000  0.000  0.000  0.003  0.000  0.000  0.023
 
# Band-Index:   28
   2.58452      3.462258  0.020  0.000  0.000  0.000  0.000  0.000  0.003  0.000  0.000  0.023
   2.55804      3.466529  0.020  0.000  0.000  0.000  0.000  0.000  0.003  0.000  0.000  0.023
   2.53156      3.479208  0.020  0.001  0.000  0.000  0.000  0.000  0.003  0.000  0.000  0.023
   2.50509      3.499886  0.019  0.001  0.000  0.000  0.000  0.000  0.003  0.000  0.000  0.024
   2.47861      3.527933  0.018  0.002  0.000  0.001  0.000  0.000  0.003  0.000  0.000  0.024
   2.45213      3.562622  0.016  0.003  0.000  0.001  0.000  0.000  0.003  0.000  0.000  0.024
   2.42566      3.603229  0.015  0.004  0.000  0.001  0.000  0.000  0.004  0.000  0.000  0.024
   2.39918      3.649119  0.014  0.004  0.000  0.001  0.000  0.000  0.004  0.000  0.000  0.024
   2.37270      3.699777  0.013  0.005  0.000  0.002  0.000  0.000  0.004  0.000  0.000  0.024
   2.34623      3.754826  0.012  0.006  0.000  0.002  0.000  0.000  0.005  0.000  0.000  0.024
   2.31975      3.814009  0.011  0.006  0.000  0.002  0.000  0.000  0.005  0.000  0.000  0.024
   2.29327      3.877164  0.010  0.007  0.000  0.002  0.000  0.000  0.005  0.000  0.000  0.024
   2.26680      3.944194  0.009  0.007  0.000  0.002  0.000  0.000  0.005  0.000  0.000  0.024
   2.24032      4.015039  0.008  0.007  0.000  0.002  0.000  0.000  0.006  0.000  0.000  0.024
   2.21384      4.089653  0.008  0.008  0.000  0.003  0.000  0.000  0.006  0.000  0.000  0.024
   2.18736      4.167984  0.007  0.008  0.000  0.003  0.000  0.000  0.006  0.000  0.000  0.024
   2.16089      4.249949  0.007  0.008  0.000  0.003  0.000  0.000  0.006  0.000  0.000  0.025
   2.13441      4.335415  0.006  0.009  0.000  0.003  0.000  0.000  0.007  0.000  0.000  0.025
   2.10793      4.424165  0.006  0.010  0.000  0.003  0.000  0.000  0.007  0.000  0.000  0.026
   2.08146      4.517906  0.004  0.003  0.000  0.008  0.001  0.000  0.008  0.000  0.000  0.025
   2.05498      4.622882  0.003  0.005  0.000  0.014  0.002  0.000  0.008  0.000  0.001  0.034
   2.02850      4.739665  0.002  0.013  0.000  0.028  0.004  0.000  0.008  0.000  0.001  0.057
   2.00203      4.787487  0.000  0.012  0.004  0.009  0.000  0.009  0.000  0.011  0.000  0.048
   1.97555      4.777345  0.002  0.059  0.001  0.041  0.001  0.005  0.001  0.006  0.002  0.118
   1.94907      4.809528  0.002  0.093  0.000  0.063  0.002  0.001  0.002  0.002  0.004  0.169
   1.92260      4.827954  0.001  0.093  0.000  0.065  0.004  0.000  0.001  0.001  0.007  0.172
   1.89612      4.823178  0.000  0.084  0.000  0.063  0.007  0.000  0.001  0.000  0.010  0.165
   1.86964      4.808342  0.000  0.074  0.000  0.060  0.010  0.000  0.000  0.000  0.011  0.156
   1.84317      4.795547  0.000  0.067  0.000  0.060  0.011  0.000  0.000  0.000  0.012  0.150
   1.81669      4.790807  0.000  0.062  0.000  0.062  0.012  0.000  0.000  0.000  0.012  0.148
   1.81669      4.790807  0.000  0.062  0.000  0.062  0.012  0.000  0.000  0.000  0.012  0.148
   1.80345      4.791977  0.000  0.066  0.000  0.059  0.011  0.000  0.000  0.000  0.012  0.149
   1.79021      4.795352  0.000  0.069  0.000  0.058  0.011  0.000  0.000  0.000  0.012  0.150
   1.77698      4.800610  0.000  0.074  0.000  0.056  0.010  0.000  0.000  0.000  0.012  0.153
   1.76374      4.807287  0.000  0.079  0.000  0.056  0.009  0.000  0.000  0.000  0.012  0.156
   1.75050      4.814787  0.000  0.084  0.000  0.057  0.008  0.000  0.000  0.000  0.012  0.161
   1.73726      4.822376  0.000  0.090  0.000  0.059  0.007  0.000  0.000  0.000  0.012  0.168
   1.72402      4.829175  0.000  0.096  0.000  0.062  0.005  0.000  0.000  0.000  0.011  0.175
   1.71078      4.834149  0.000  0.103  0.000  0.066  0.004  0.000  0.000  0.000  0.011  0.184
   1.69755      4.836130  0.000  0.110  0.000  0.072  0.003  0.000  0.000  0.000  0.010  0.195
   1.68431      4.833868  0.000  0.116  0.000  0.078  0.001  0.000  0.000  0.000  0.009  0.206
   1.67107      4.826197  0.001  0.121  0.000  0.086  0.001  0.000  0.000  0.000  0.008  0.217
   1.65783      4.812591  0.001  0.121  0.000  0.091  0.000  0.001  0.000  0.001  0.007  0.223
   1.64459      4.809227  0.000  0.004  0.006  0.006  0.000  0.010  0.000  0.015  0.000  0.041
   1.63135      4.838780  0.000  0.003  0.007  0.005  0.000  0.010  0.000  0.014  0.000  0.040
   1.61812      4.870200  0.000  0.003  0.008  0.004  0.000  0.010  0.000  0.014  0.000  0.040
   1.60488      4.903256  0.000  0.003  0.009  0.004  0.000  0.010  0.000  0.014  0.000  0.040
   1.59164      4.937665  0.000  0.003  0.011  0.004  0.000  0.010  0.000  0.013  0.000  0.040
   1.57840      4.973062  0.000  0.002  0.012  0.003  0.000  0.010  0.000  0.012  0.000  0.040
   1.56516      5.008915  0.001  0.002  0.013  0.003  0.000  0.009  0.000  0.011  0.000  0.040
   1.55192      5.044199  0.001  0.002  0.015  0.003  0.000  0.009  0.001  0.010  0.000  0.040
   1.53869      5.075218  0.003  0.001  0.013  0.003  0.000  0.008  0.003  0.007  0.000  0.038
   1.52545      5.086795  0.008  0.001  0.004  0.001  0.000  0.002  0.008  0.002  0.000  0.027
   1.51221      5.082711  0.009  0.002  0.001  0.001  0.000  0.001  0.009  0.000  0.000  0.023
   1.49897      5.076761  0.009  0.002  0.001  0.000  0.000  0.000  0.009  0.000  0.000  0.023
   1.48573      5.071349  0.009  0.002  0.001  0.000  0.000  0.000  0.009  0.000  0.000  0.022
   1.47249      5.066943  0.009  0.003  0.000  0.000  0.000  0.000  0.009  0.000  0.000  0.022
   1.45926      5.063682  0.009  0.003  0.000  0.000  0.000  0.000  0.009  0.000  0.000  0.022
   1.44602      5.061615  0.009  0.003  0.000  0.000  0.000  0.000  0.009  0.000  0.000  0.022
   1.43278      5.060757  0.009  0.003  0.000  0.000  0.000  0.000  0.009  0.000  0.000  0.022
   1.43278      5.060757  0.009  0.003  0.000  0.000  0.000  0.000  0.009  0.000  0.000  0.022
   1.40985      5.021182  0.008  0.005  0.000  0.001  0.000  0.000  0.009  0.000  0.000  0.024
   1.38692      4.944246  0.006  0.008  0.000  0.002  0.000  0.000  0.009  0.000  0.000  0.025
   1.36399      4.859670  0.005  0.009  0.000  0.002  0.000  0.000  0.008  0.000  0.000  0.025
   1.34106      4.773923  0.005  0.010  0.000  0.002  0.000  0.000  0.008  0.000  0.000  0.025
   1.31813      4.688712  0.005  0.010  0.000  0.002  0.000  0.000  0.008  0.000  0.000  0.025
   1.29520      4.604734  0.005  0.010  0.000  0.001  0.000  0.000  0.008  0.000  0.000  0.025
   1.27227      4.522415  0.005  0.010  0.000  0.001  0.000  0.000  0.008  0.000  0.000  0.024
   1.24934      4.442077  0.005  0.010  0.000  0.001  0.000  0.000  0.007  0.000  0.000  0.024
   1.22641      4.363979  0.006  0.010  0.000  0.001  0.000  0.000  0.007  0.000  0.000  0.024
   1.20348      4.288324  0.006  0.010  0.000  0.001  0.000  0.000  0.007  0.000  0.000  0.024
   1.18055      4.215267  0.007  0.010  0.000  0.001  0.000  0.000  0.006  0.000  0.000  0.024
   1.15763      4.144924  0.007  0.009  0.000  0.000  0.000  0.000  0.006  0.000  0.000  0.024
   1.13470      4.077381  0.008  0.009  0.000  0.000  0.000  0.000  0.006  0.000  0.000  0.024
   1.11177      4.012700  0.008  0.009  0.000  0.000  0.000  0.000  0.006  0.000  0.000  0.024
   1.08884      3.950925  0.009  0.009  0.000  0.000  0.000  0.000  0.005  0.000  0.000  0.024
   1.06591      3.892097  0.010  0.008  0.000  0.000  0.000  0.000  0.005  0.000  0.000  0.024
   1.04298      3.836256  0.010  0.008  0.000  0.000  0.000  0.000  0.005  0.000  0.000  0.024
   1.02005      3.783454  0.011  0.007  0.000  0.000  0.000  0.000  0.005  0.000  0.000  0.024
   0.99712      3.733767  0.012  0.007  0.000  0.000  0.000  0.000  0.004  0.000  0.000  0.024
   0.97419      3.687313  0.013  0.006  0.000  0.000  0.000  0.000  0.004  0.000  0.000  0.024
   0.95126      3.644257  0.014  0.005  0.000  0.000  0.000  0.000  0.004  0.000  0.000  0.024
   0.92833      3.604832  0.015  0.005  0.000  0.000  0.000  0.000  0.004  0.000  0.000  0.024
   0.90540      3.569344  0.016  0.004  0.000  0.000  0.000  0.000  0.004  0.000  0.000  0.024
   0.88247      3.538166  0.017  0.003  0.000  0.000  0.000  0.000  0.003  0.000  0.000  0.024
   0.85954      3.511735  0.018  0.002  0.000  0.000  0.000  0.000  0.003  0.000  0.000  0.024
   0.83661      3.490517  0.019  0.001  0.000  0.000  0.000  0.000  0.003  0.000  0.000  0.023
   0.81368      3.474963  0.020  0.001  0.000  0.000  0.000  0.000  0.003  0.000  0.000  0.023
   0.79075      3.465458  0.020  0.000  0.000  0.000  0.000  0.000  0.003  0.000  0.000  0.023
   0.76782      3.462258  0.020  0.000  0.000  0.000  0.000  0.000  0.003  0.000  0.000  0.023
   0.76782      3.462258  0.020  0.000  0.000  0.000  0.000  0.000  0.003  0.000  0.000  0.023
   0.74135      3.466529  0.020  0.000  0.000  0.000  0.000  0.000  0.003  0.000  0.000  0.023
   0.71487      3.479208  0.020  0.001  0.000  0.000  0.000  0.000  0.003  0.000  0.000  0.023
   0.68839      3.499886  0.019  0.001  0.000  0.000  0.000  0.000  0.003  0.000  0.000  0.024
   0.66192      3.527933  0.018  0.002  0.000  0.001  0.000  0.000  0.003  0.000  0.000  0.024
   0.63544      3.562622  0.016  0.003  0.000  0.001  0.000  0.000  0.003  0.000  0.000  0.024
   0.60896      3.603229  0.015  0.004  0.000  0.001  0.000  0.000  0.004  0.000  0.000  0.024
   0.58249      3.649119  0.014  0.004  0.000  0.001  0.000  0.000  0.004  0.000  0.000  0.024
   0.55601      3.699777  0.013  0.005  0.000  0.002  0.000  0.000  0.004  0.000  0.000  0.024
   0.52953      3.754826  0.012  0.006  0.000  0.002  0.000  0.000  0.005  0.000  0.000  0.024
   0.50306      3.814009  0.011  0.006  0.000  0.002  0.000  0.000  0.005  0.000  0.000  0.024
   0.47658      3.877164  0.010  0.007  0.000  0.002  0.000  0.000  0.005  0.000  0.000  0.024
   0.45010      3.944194  0.009  0.007  0.000  0.002  0.000  0.000  0.005  0.000  0.000  0.024
   0.42363      4.015039  0.008  0.007  0.000  0.002  0.000  0.000  0.006  0.000  0.000  0.024
   0.39715      4.089653  0.008  0.008  0.000  0.003  0.000  0.000  0.006  0.000  0.000  0.024
   0.37067      4.167984  0.007  0.008  0.000  0.003  0.000  0.000  0.006  0.000  0.000  0.024
   0.34420      4.249949  0.007  0.008  0.000  0.003  0.000  0.000  0.006  0.000  0.000  0.025
   0.31772      4.335415  0.006  0.009  0.000  0.003  0.000  0.000  0.007  0.000  0.000  0.025
   0.29124      4.424165  0.006  0.010  0.000  0.003  0.000  0.000  0.007  0.000  0.000  0.026
   0.26477      4.517906  0.004  0.003  0.000  0.008  0.001  0.000  0.008  0.000  0.000  0.025
   0.23829      4.622882  0.003  0.005  0.000  0.014  0.002  0.000  0.008  0.000  0.001  0.034
   0.21181      4.739665  0.002  0.013  0.000  0.028  0.004  0.000  0.008  0.000  0.001  0.057
   0.18534      4.787487  0.000  0.012  0.004  0.009  0.000  0.009  0.000  0.011  0.000  0.048
   0.15886      4.777345  0.002  0.059  0.001  0.041  0.001  0.005  0.001  0.006  0.002  0.118
   0.13238      4.809528  0.002  0.093  0.000  0.063  0.002  0.001  0.002  0.002  0.004  0.169
   0.10591      4.827954  0.001  0.093  0.000  0.065  0.004  0.000  0.001  0.001  0.007  0.172
   0.07943      4.823178  0.000  0.084  0.000  0.063  0.007  0.000  0.001  0.000  0.010  0.165
   0.05295      4.808342  0.000  0.074  0.000  0.060  0.010  0.000  0.000  0.000  0.011  0.156
   0.02648      4.795547  0.000  0.067  0.000  0.060  0.011  0.000  0.000  0.000  0.012  0.150
   0.00000      4.790807  0.000  0.062  0.000  0.062  0.012  0.000  0.000  0.000  0.012  0.148
 
# Band-Index:   29
   0.00000      5.023413  0.000  0.113  0.000  0.113  0.007  0.000  0.000  0.000  0.007  0.240
   0.02648      5.023614  0.000  0.112  0.000  0.105  0.007  0.000  0.000  0.000  0.008  0.232
   0.05295      5.025588  0.000  0.102  0.000  0.087  0.008  0.000  0.000  0.000  0.009  0.207
   0.07943      5.028853  0.000  0.085  0.000  0.062  0.008  0.000  0.002  0.000  0.010  0.166
   0.10591      5.017465  0.001  0.060  0.000  0.036  0.005  0.000  0.004  0.000  0.007  0.113
   0.13238      4.969619  0.002  0.038  0.000  0.018  0.002  0.000  0.006  0.000  0.003  0.070
   0.15886      4.892492  0.003  0.024  0.000  0.010  0.001  0.000  0.007  0.000  0.001  0.046
   0.18534      4.808657  0.002  0.008  0.001  0.003  0.000  0.003  0.005  0.004  0.000  0.027
   0.21181      4.823828  0.000  0.003  0.007  0.002  0.000  0.009  0.000  0.012  0.000  0.033
   0.23829      4.862354  0.000  0.001  0.009  0.001  0.000  0.008  0.000  0.011  0.000  0.031
   0.26477      4.895297  0.000  0.001  0.011  0.000  0.000  0.007  0.000  0.009  0.000  0.029
   0.29124      4.916508  0.000  0.000  0.013  0.000  0.000  0.006  0.000  0.007  0.000  0.028
   0.31772      4.921393  0.000  0.000  0.015  0.000  0.000  0.004  0.000  0.005  0.000  0.026
   0.34420      4.908890  0.000  0.000  0.016  0.000  0.000  0.003  0.000  0.004  0.000  0.023
   0.37067      4.881831  0.000  0.000  0.017  0.000  0.000  0.002  0.000  0.002  0.000  0.021
   0.39715      4.844895  0.000  0.000  0.017  0.000  0.000  0.001  0.000  0.001  0.000  0.020
   0.42363      4.802478  0.000  0.000  0.016  0.000  0.000  0.001  0.000  0.001  0.000  0.018
   0.45010      4.757884  0.000  0.000  0.016  0.000  0.000  0.000  0.000  0.001  0.000  0.017
   0.47658      4.713373  0.000  0.000  0.016  0.000  0.000  0.000  0.000  0.000  0.000  0.016
   0.50306      4.670449  0.000  0.000  0.015  0.000  0.000  0.000  0.000  0.000  0.000  0.016
   0.52953      4.630114  0.000  0.000  0.015  0.000  0.000  0.000  0.000  0.000  0.000  0.015
   0.55601      4.593042  0.000  0.000  0.014  0.000  0.000  0.000  0.000  0.000  0.000  0.015
   0.58249      4.559695  0.000  0.000  0.014  0.000  0.000  0.000  0.000  0.000  0.000  0.014
   0.60896      4.530391  0.000  0.000  0.014  0.000  0.000  0.000  0.000  0.000  0.000  0.014
   0.63544      4.505349  0.000  0.000  0.013  0.000  0.000  0.000  0.000  0.000  0.000  0.014
   0.66192      4.484719  0.000  0.000  0.013  0.000  0.000  0.000  0.000  0.000  0.000  0.013
   0.68839      4.468597  0.000  0.000  0.013  0.000  0.000  0.000  0.000  0.000  0.000  0.013
   0.71487      4.457045  0.000  0.000  0.013  0.000  0.000  0.000  0.000  0.000  0.000  0.013
   0.74135      4.450099  0.000  0.000  0.013  0.000  0.000  0.000  0.000  0.000  0.000  0.013
   0.76782      4.447781  0.000  0.000  0.013  0.000  0.000  0.000  0.000  0.000  0.000  0.013
   0.76782      4.447781  0.000  0.000  0.013  0.000  0.000  0.000  0.000  0.000  0.000  0.013
   0.79075      4.449520  0.000  0.000  0.013  0.000  0.000  0.000  0.000  0.000  0.000  0.013
   0.81368      4.454737  0.000  0.000  0.013  0.000  0.000  0.000  0.000  0.000  0.000  0.013
   0.83661      4.463424  0.000  0.000  0.013  0.000  0.000  0.000  0.000  0.000  0.000  0.013
   0.85954      4.475569  0.000  0.000  0.013  0.000  0.000  0.000  0.000  0.000  0.000  0.013
   0.88247      4.491148  0.000  0.000  0.013  0.000  0.000  0.000  0.000  0.000  0.000  0.014
   0.90540      4.510124  0.000  0.000  0.013  0.000  0.000  0.000  0.000  0.000  0.000  0.014
   0.92833      4.532447  0.000  0.000  0.014  0.000  0.000  0.000  0.000  0.000  0.000  0.014
   0.95126      4.558050  0.000  0.000  0.014  0.000  0.000  0.000  0.000  0.000  0.000  0.014
   0.97419      4.586845  0.000  0.000  0.014  0.000  0.000  0.000  0.000  0.000  0.000  0.015
   0.99712      4.618724  0.000  0.000  0.015  0.000  0.000  0.000  0.000  0.000  0.000  0.015
   1.02005      4.653550  0.000  0.000  0.015  0.000  0.000  0.000  0.000  0.000  0.000  0.015
   1.04298      4.691154  0.000  0.000  0.015  0.000  0.000  0.000  0.000  0.000  0.000  0.016
   1.06591      4.731327  0.000  0.000  0.016  0.000  0.000  0.000  0.000  0.000  0.000  0.017
   1.08884      4.773812  0.000  0.000  0.016  0.000  0.000  0.000  0.000  0.000  0.000  0.017
   1.11177      4.818283  0.000  0.000  0.017  0.000  0.000  0.001  0.000  0.000  0.000  0.018
   1.13470      4.864340  0.000  0.000  0.018  0.000  0.000  0.001  0.000  0.000  0.000  0.019
   1.15763      4.911481  0.000  0.000  0.018  0.000  0.000  0.001  0.000  0.000  0.000  0.020
   1.18055      4.959086  0.000  0.000  0.019  0.000  0.000  0.001  0.000  0.000  0.000  0.021
   1.20348      5.006404  0.000  0.000  0.020  0.000  0.000  0.002  0.000  0.000  0.000  0.023
   1.22641      5.052540  0.000  0.000  0.021  0.000  0.000  0.002  0.000  0.000  0.000  0.025
   1.24934      5.096484  0.000  0.000  0.022  0.001  0.000  0.003  0.000  0.000  0.000  0.027
   1.27227      5.137169  0.000  0.000  0.024  0.001  0.000  0.004  0.000  0.000  0.000  0.029
   1.29520      5.173575  0.000  0.001  0.025  0.001  0.000  0.005  0.000  0.000  0.000  0.031
   1.31813      5.204862  0.000  0.001  0.026  0.001  0.000  0.006  0.000  0.000  0.000  0.034
   1.34106      5.230466  0.000  0.001  0.027  0.001  0.000  0.007  0.000  0.000  0.000  0.036
   1.36399      5.250042  0.000  0.002  0.028  0.001  0.000  0.007  0.000  0.000  0.000  0.038
   1.38692      5.263038  0.000  0.003  0.028  0.001  0.000  0.008  0.000  0.000  0.000  0.040
   1.40985      5.265395  0.000  0.008  0.023  0.002  0.000  0.008  0.000  0.000  0.001  0.042
   1.43278      5.250013  0.000  0.019  0.010  0.005  0.000  0.004  0.003  0.000  0.004  0.044
   1.43278      5.250013  0.000  0.019  0.010  0.005  0.000  0.004  0.003  0.000  0.004  0.044
   1.44602      5.247545  0.000  0.020  0.010  0.005  0.000  0.004  0.003  0.000  0.004  0.045
   1.45926      5.241666  0.000  0.019  0.012  0.004  0.000  0.005  0.002  0.001  0.003  0.046
   1.47249      5.230293  0.000  0.008  0.020  0.002  0.000  0.007  0.000  0.002  0.001  0.041
   1.48573      5.208810  0.000  0.005  0.021  0.001  0.000  0.008  0.000  0.003  0.001  0.040
   1.49897      5.181792  0.000  0.004  0.020  0.001  0.000  0.008  0.000  0.005  0.000  0.038
   1.51221      5.152666  0.001  0.004  0.017  0.000  0.000  0.007  0.001  0.006  0.000  0.036
   1.52545      5.127967  0.003  0.005  0.011  0.000  0.000  0.005  0.004  0.005  0.000  0.032
   1.53869      5.114857  0.006  0.006  0.004  0.000  0.000  0.002  0.006  0.002  0.000  0.026
   1.55192      5.120466  0.008  0.005  0.001  0.000  0.000  0.000  0.008  0.000  0.000  0.023
   1.56516      5.131380  0.008  0.004  0.000  0.000  0.000  0.000  0.009  0.000  0.000  0.022
   1.57840      5.144452  0.009  0.004  0.000  0.000  0.000  0.000  0.009  0.000  0.000  0.022
   1.59164      5.159059  0.009  0.005  0.000  0.000  0.000  0.000  0.008  0.000  0.000  0.023
   1.60488      5.174653  0.009  0.009  0.000  0.000  0.000  0.000  0.007  0.000  0.001  0.026
   1.61812      5.178884  0.001  0.051  0.000  0.011  0.004  0.000  0.001  0.000  0.012  0.080
   1.63135      5.164078  0.000  0.054  0.000  0.016  0.005  0.000  0.002  0.000  0.014  0.092
   1.64459      5.147265  0.000  0.057  0.000  0.019  0.006  0.000  0.002  0.000  0.014  0.100
   1.65783      5.129565  0.000  0.061  0.000  0.023  0.006  0.000  0.002  0.000  0.015  0.108
   1.67107      5.111577  0.000  0.066  0.000  0.028  0.007  0.000  0.002  0.000  0.015  0.118
   1.68431      5.093933  0.000  0.070  0.000  0.033  0.008  0.000  0.002  0.000  0.015  0.128
   1.69755      5.077305  0.000  0.076  0.000  0.040  0.008  0.000  0.001  0.000  0.015  0.140
   1.71078      5.062353  0.000  0.082  0.000  0.048  0.008  0.000  0.001  0.000  0.015  0.153
   1.72402      5.049653  0.000  0.088  0.000  0.057  0.008  0.000  0.001  0.000  0.014  0.168
   1.73726      5.039599  0.000  0.095  0.000  0.067  0.007  0.000  0.000  0.000  0.013  0.183
   1.75050      5.032316  0.000  0.102  0.000  0.077  0.007  0.000  0.000  0.000  0.012  0.198
   1.76374      5.027610  0.000  0.107  0.000  0.087  0.007  0.000  0.000  0.000  0.011  0.212
   1.77698      5.024996  0.000  0.112  0.000  0.096  0.007  0.000  0.000  0.000  0.009  0.224
   1.79021      5.023830  0.000  0.114  0.000  0.103  0.006  0.000  0.000  0.000  0.008  0.233
   1.80345      5.023466  0.000  0.115  0.000  0.109  0.007  0.000  0.000  0.000  0.008  0.238
   1.81669      5.023413  0.000  0.113  0.000  0.113  0.007  0.000  0.000  0.000  0.007  0.240
   1.81669      5.023413  0.000  0.113  0.000  0.113  0.007  0.000  0.000  0.000  0.007  0.240
   1.84317      5.023614  0.000  0.112  0.000  0.105  0.007  0.000  0.000  0.000  0.008  0.232
   1.86964      5.025588  0.000  0.102  0.000  0.087  0.008  0.000  0.000  0.000  0.009  0.207
   1.89612      5.028853  0.000  0.085  0.000  0.062  0.008  0.000  0.002  0.000  0.010  0.166
   1.92260      5.017465  0.001  0.060  0.000  0.036  0.005  0.000  0.004  0.000  0.007  0.113
   1.94907      4.969619  0.002  0.038  0.000  0.018  0.002  0.000  0.006  0.000  0.003  0.070
   1.97555      4.892492  0.003  0.024  0.000  0.010  0.001  0.000  0.007  0.000  0.001  0.046
   2.00203      4.808657  0.002  0.008  0.001  0.003  0.000  0.003  0.005  0.004  0.000  0.027
   2.02850      4.823828  0.000  0.003  0.007  0.002  0.000  0.009  0.000  0.012  0.000  0.033
   2.05498      4.862354  0.000  0.001  0.009  0.001  0.000  0.008  0.000  0.011  0.000  0.031
   2.08146      4.895297  0.000  0.001  0.011  0.000  0.000  0.007  0.000  0.009  0.000  0.029
   2.10793      4.916508  0.000  0.000  0.013  0.000  0.000  0.006  0.000  0.007  0.000  0.028
   2.13441      4.921393  0.000  0.000  0.015  0.000  0.000  0.004  0.000  0.005  0.000  0.026
   2.16089      4.908890  0.000  0.000  0.016  0.000  0.000  0.003  0.000  0.004  0.000  0.023
   2.18736      4.881831  0.000  0.000  0.017  0.000  0.000  0.002  0.000  0.002  0.000  0.021
   2.21384      4.844895  0.000  0.000  0.017  0.000  0.000  0.001  0.000  0.001  0.000  0.020
   2.24032      4.802478  0.000  0.000  0.016  0.000  0.000  0.001  0.000  0.001  0.000  0.018
   2.26680      4.757884  0.000  0.000  0.016  0.000  0.000  0.000  0.000  0.001  0.000  0.017
   2.29327      4.713373  0.000  0.000  0.016  0.000  0.000  0.000  0.000  0.000  0.000  0.016
   2.31975      4.670449  0.000  0.000  0.015  0.000  0.000  0.000  0.000  0.000  0.000  0.016
   2.34623      4.630114  0.000  0.000  0.015  0.000  0.000  0.000  0.000  0.000  0.000  0.015
   2.37270      4.593042  0.000  0.000  0.014  0.000  0.000  0.000  0.000  0.000  0.000  0.015
   2.39918      4.559695  0.000  0.000  0.014  0.000  0.000  0.000  0.000  0.000  0.000  0.014
   2.42566      4.530391  0.000  0.000  0.014  0.000  0.000  0.000  0.000  0.000  0.000  0.014
   2.45213      4.505349  0.000  0.000  0.013  0.000  0.000  0.000  0.000  0.000  0.000  0.014
   2.47861      4.484719  0.000  0.000  0.013  0.000  0.000  0.000  0.000  0.000  0.000  0.013
   2.50509      4.468597  0.000  0.000  0.013  0.000  0.000  0.000  0.000  0.000  0.000  0.013
   2.53156      4.457045  0.000  0.000  0.013  0.000  0.000  0.000  0.000  0.000  0.000  0.013
   2.55804      4.450099  0.000  0.000  0.013  0.000  0.000  0.000  0.000  0.000  0.000  0.013
   2.58452      4.447781  0.000  0.000  0.013  0.000  0.000  0.000  0.000  0.000  0.000  0.013
 
# Band-Index:   30
   2.58452      4.447781  0.000  0.000  0.013  0.000  0.000  0.000  0.000  0.000  0.000  0.013
   2.55804      4.450102  0.000  0.000  0.013  0.000  0.000  0.000  0.000  0.000  0.000  0.013
   2.53156      4.457068  0.000  0.000  0.013  0.000  0.000  0.000  0.000  0.000  0.000  0.013
   2.50509      4.468670  0.000  0.000  0.013  0.000  0.000  0.000  0.000  0.000  0.000  0.013
   2.47861      4.484884  0.000  0.000  0.013  0.000  0.000  0.000  0.000  0.000  0.000  0.013
   2.45213      4.505655  0.000  0.000  0.013  0.000  0.000  0.000  0.000  0.000  0.000  0.014
   2.42566      4.530888  0.000  0.000  0.014  0.000  0.000  0.000  0.000  0.000  0.000  0.014
   2.39918      4.560438  0.000  0.000  0.014  0.000  0.000  0.000  0.000  0.000  0.000  0.014
   2.37270      4.594087  0.000  0.000  0.014  0.000  0.000  0.000  0.000  0.000  0.000  0.015
   2.34623      4.631524  0.000  0.000  0.015  0.000  0.000  0.000  0.000  0.000  0.000  0.015
   2.31975      4.672294  0.000  0.000  0.015  0.000  0.000  0.000  0.000  0.000  0.000  0.016
   2.29327      4.715736  0.000  0.000  0.015  0.000  0.000  0.000  0.000  0.000  0.000  0.016
   2.26680      4.760869  0.000  0.000  0.016  0.000  0.000  0.000  0.000  0.001  0.000  0.017
   2.24032      4.806218  0.000  0.000  0.016  0.000  0.000  0.001  0.000  0.001  0.000  0.018
   2.21384      4.849557  0.000  0.000  0.016  0.000  0.000  0.001  0.000  0.001  0.000  0.020
   2.18736      4.887616  0.000  0.001  0.016  0.001  0.000  0.002  0.000  0.002  0.000  0.022
   2.16089      4.915993  0.000  0.001  0.016  0.001  0.000  0.003  0.000  0.004  0.000  0.024
   2.13441      4.929914  0.000  0.001  0.015  0.001  0.000  0.004  0.000  0.006  0.000  0.027
   2.10793      4.926336  0.000  0.001  0.013  0.001  0.000  0.006  0.000  0.008  0.000  0.029
   2.08146      4.906073  0.000  0.001  0.011  0.001  0.000  0.008  0.000  0.010  0.000  0.031
   2.05498      4.873485  0.000  0.001  0.008  0.002  0.000  0.009  0.000  0.011  0.000  0.032
   2.02850      4.834295  0.000  0.001  0.006  0.002  0.000  0.010  0.000  0.012  0.000  0.032
   2.00203      4.869627  0.002  0.027  0.000  0.045  0.004  0.000  0.007  0.000  0.002  0.087
   1.97555      5.003822  0.002  0.040  0.000  0.057  0.003  0.000  0.007  0.000  0.001  0.110
   1.94907      5.129648  0.003  0.041  0.000  0.055  0.002  0.000  0.007  0.000  0.001  0.108
   1.92260      5.240938  0.005  0.030  0.000  0.042  0.001  0.000  0.008  0.000  0.000  0.085
   1.89612      5.341165  0.007  0.017  0.000  0.027  0.000  0.000  0.009  0.000  0.000  0.059
   1.86964      5.436169  0.008  0.008  0.000  0.016  0.000  0.000  0.009  0.000  0.000  0.042
   1.84317      5.526815  0.010  0.004  0.000  0.009  0.000  0.000  0.010  0.000  0.000  0.033
   1.81669      5.601255  0.019  0.000  0.000  0.000  0.000  0.000  0.019  0.000  0.000  0.038
   1.81669      5.601255  0.019  0.000  0.000  0.000  0.000  0.000  0.019  0.000  0.000  0.038
   1.80345      5.572303  0.012  0.002  0.000  0.001  0.000  0.000  0.012  0.000  0.000  0.027
   1.79021      5.537099  0.011  0.002  0.000  0.001  0.000  0.000  0.011  0.000  0.000  0.025
   1.77698      5.502824  0.010  0.002  0.000  0.001  0.000  0.000  0.010  0.000  0.000  0.024
   1.76374      5.469755  0.010  0.002  0.000  0.001  0.000  0.000  0.010  0.000  0.000  0.024
   1.75050      5.437951  0.010  0.002  0.000  0.001  0.000  0.000  0.010  0.000  0.000  0.023
   1.73726      5.407432  0.010  0.002  0.000  0.001  0.000  0.000  0.010  0.000  0.000  0.023
   1.72402      5.378212  0.010  0.003  0.000  0.001  0.000  0.000  0.010  0.000  0.000  0.023
   1.71078      5.350299  0.010  0.003  0.000  0.001  0.000  0.000  0.009  0.000  0.000  0.023
   1.69755      5.323705  0.010  0.003  0.000  0.001  0.000  0.000  0.009  0.000  0.000  0.023
   1.68431      5.298440  0.010  0.003  0.000  0.001  0.000  0.000  0.009  0.000  0.000  0.023
   1.67107      5.274518  0.010  0.003  0.000  0.001  0.000  0.000  0.009  0.000  0.000  0.023
   1.65783      5.251947  0.010  0.004  0.000  0.000  0.000  0.000  0.009  0.000  0.000  0.023
   1.64459      5.230733  0.010  0.004  0.000  0.000  0.000  0.000  0.009  0.000  0.000  0.023
   1.63135      5.210878  0.009  0.004  0.000  0.000  0.000  0.000  0.009  0.000  0.000  0.023
   1.61812      5.192386  0.009  0.004  0.000  0.000  0.000  0.000  0.009  0.000  0.000  0.023
   1.60488      5.175283  0.009  0.005  0.000  0.000  0.000  0.000  0.009  0.000  0.000  0.023
   1.59164      5.159624  0.009  0.005  0.000  0.000  0.000  0.000  0.009  0.000  0.000  0.023
   1.57840      5.145530  0.009  0.005  0.000  0.000  0.000  0.000  0.009  0.000  0.000  0.023
   1.56516      5.133276  0.009  0.005  0.000  0.000  0.000  0.000  0.009  0.001  0.000  0.024
   1.55192      5.123612  0.008  0.005  0.001  0.000  0.000  0.000  0.009  0.001  0.000  0.024
   1.53869      5.119146  0.006  0.005  0.004  0.000  0.000  0.002  0.007  0.002  0.000  0.026
   1.52545      5.129005  0.001  0.007  0.014  0.001  0.000  0.007  0.001  0.006  0.000  0.038
   1.51221      5.158178  0.000  0.007  0.018  0.002  0.000  0.008  0.000  0.006  0.000  0.042
   1.49897      5.187293  0.000  0.008  0.020  0.003  0.000  0.008  0.000  0.005  0.001  0.044
   1.48573      5.212201  0.000  0.011  0.019  0.003  0.000  0.008  0.000  0.003  0.001  0.046
   1.47249      5.230515  0.000  0.015  0.016  0.004  0.000  0.006  0.001  0.002  0.002  0.047
   1.45926      5.243694  0.000  0.013  0.016  0.003  0.000  0.006  0.001  0.001  0.002  0.042
   1.44602      5.249311  0.000  0.017  0.012  0.004  0.000  0.005  0.002  0.000  0.003  0.043
   1.43278      5.250013  0.000  0.019  0.010  0.005  0.000  0.004  0.003  0.000  0.004  0.044
   1.43278      5.250013  0.000  0.019  0.010  0.005  0.000  0.004  0.003  0.000  0.004  0.044
   1.40985      5.265455  0.000  0.008  0.023  0.002  0.000  0.008  0.000  0.000  0.001  0.042
   1.38692      5.263074  0.000  0.003  0.028  0.001  0.000  0.008  0.000  0.000  0.000  0.040
   1.36399      5.250068  0.000  0.002  0.028  0.001  0.000  0.007  0.000  0.000  0.000  0.038
   1.34106      5.230488  0.000  0.001  0.027  0.001  0.000  0.007  0.000  0.000  0.000  0.036
   1.31813      5.204882  0.000  0.001  0.026  0.001  0.000  0.006  0.000  0.000  0.000  0.034
   1.29520      5.173592  0.000  0.001  0.025  0.001  0.000  0.005  0.000  0.000  0.000  0.031
   1.27227      5.137186  0.000  0.000  0.024  0.001  0.000  0.004  0.000  0.000  0.000  0.029
   1.24934      5.096500  0.000  0.000  0.022  0.001  0.000  0.003  0.000  0.000  0.000  0.027
   1.22641      5.052555  0.000  0.000  0.021  0.000  0.000  0.002  0.000  0.000  0.000  0.025
   1.20348      5.006418  0.000  0.000  0.020  0.000  0.000  0.002  0.000  0.000  0.000  0.023
   1.18055      4.959100  0.000  0.000  0.019  0.000  0.000  0.001  0.000  0.000  0.000  0.021
   1.15763      4.911494  0.000  0.000  0.018  0.000  0.000  0.001  0.000  0.000  0.000  0.020
   1.13470      4.864353  0.000  0.000  0.018  0.000  0.000  0.001  0.000  0.000  0.000  0.019
   1.11177      4.818296  0.000  0.000  0.017  0.000  0.000  0.001  0.000  0.000  0.000  0.018
   1.08884      4.773824  0.000  0.000  0.016  0.000  0.000  0.000  0.000  0.000  0.000  0.017
   1.06591      4.731340  0.000  0.000  0.016  0.000  0.000  0.000  0.000  0.000  0.000  0.017
   1.04298      4.691166  0.000  0.000  0.015  0.000  0.000  0.000  0.000  0.000  0.000  0.016
   1.02005      4.653561  0.000  0.000  0.015  0.000  0.000  0.000  0.000  0.000  0.000  0.015
   0.99712      4.618735  0.000  0.000  0.015  0.000  0.000  0.000  0.000  0.000  0.000  0.015
   0.97419      4.586856  0.000  0.000  0.014  0.000  0.000  0.000  0.000  0.000  0.000  0.015
   0.95126      4.558060  0.000  0.000  0.014  0.000  0.000  0.000  0.000  0.000  0.000  0.014
   0.92833      4.532457  0.000  0.000  0.014  0.000  0.000  0.000  0.000  0.000  0.000  0.014
   0.90540      4.510133  0.000  0.000  0.013  0.000  0.000  0.000  0.000  0.000  0.000  0.014
   0.88247      4.491156  0.000  0.000  0.013  0.000  0.000  0.000  0.000  0.000  0.000  0.014
   0.85954      4.475576  0.000  0.000  0.013  0.000  0.000  0.000  0.000  0.000  0.000  0.013
   0.83661      4.463430  0.000  0.000  0.013  0.000  0.000  0.000  0.000  0.000  0.000  0.013
   0.81368      4.454740  0.000  0.000  0.013  0.000  0.000  0.000  0.000  0.000  0.000  0.013
   0.79075      4.449522  0.000  0.000  0.013  0.000  0.000  0.000  0.000  0.000  0.000  0.013
   0.76782      4.447781  0.000  0.000  0.013  0.000  0.000  0.000  0.000  0.000  0.000  0.013
   0.76782      4.447781  0.000  0.000  0.013  0.000  0.000  0.000  0.000  0.000  0.000  0.013
   0.74135      4.450102  0.000  0.000  0.013  0.000  0.000  0.000  0.000  0.000  0.000  0.013
   0.71487      4.457068  0.000  0.000  0.013  0.000  0.000  0.000  0.000  0.000  0.000  0.013
   0.68839      4.468670  0.000  0.000  0.013  0.000  0.000  0.000  0.000  0.000  0.000  0.013
   0.66192      4.484884  0.000  0.000  0.013  0.000  0.000  0.000  0.000  0.000  0.000  0.013
   0.63544      4.505655  0.000  0.000  0.013  0.000  0.000  0.000  0.000  0.000  0.000  0.014
   0.60896      4.530888  0.000  0.000  0.014  0.000  0.000  0.000  0.000  0.000  0.000  0.014
   0.58249      4.560438  0.000  0.000  0.014  0.000  0.000  0.000  0.000  0.000  0.000  0.014
   0.55601      4.594087  0.000  0.000  0.014  0.000  0.000  0.000  0.000  0.000  0.000  0.015
   0.52953      4.631524  0.000  0.000  0.015  0.000  0.000  0.000  0.000  0.000  0.000  0.015
   0.50306      4.672294  0.000  0.000  0.015  0.000  0.000  0.000  0.000  0.000  0.000  0.016
   0.47658      4.715736  0.000  0.000  0.015  0.000  0.000  0.000  0.000  0.000  0.000  0.016
   0.45010      4.760869  0.000  0.000  0.016  0.000  0.000  0.000  0.000  0.001  0.000  0.017
   0.42363      4.806218  0.000  0.000  0.016  0.000  0.000  0.001  0.000  0.001  0.000  0.018
   0.39715      4.849557  0.000  0.000  0.016  0.000  0.000  0.001  0.000  0.001  0.000  0.020
   0.37067      4.887616  0.000  0.001  0.016  0.001  0.000  0.002  0.000  0.002  0.000  0.022
   0.34420      4.915993  0.000  0.001  0.016  0.001  0.000  0.003  0.000  0.004  0.000  0.024
   0.31772      4.929914  0.000  0.001  0.015  0.001  0.000  0.004  0.000  0.006  0.000  0.027
   0.29124      4.926336  0.000  0.001  0.013  0.001  0.000  0.006  0.000  0.008  0.000  0.029
   0.26477      4.906073  0.000  0.001  0.011  0.001  0.000  0.008  0.000  0.010  0.000  0.031
   0.23829      4.873485  0.000  0.001  0.008  0.002  0.000  0.009  0.000  0.011  0.000  0.032
   0.21181      4.834295  0.000  0.001  0.006  0.002  0.000  0.010  0.000  0.012  0.000  0.032
   0.18534      4.869627  0.002  0.027  0.000  0.045  0.004  0.000  0.007  0.000  0.002  0.087
   0.15886      5.003822  0.002  0.040  0.000  0.057  0.003  0.000  0.007  0.000  0.001  0.110
   0.13238      5.129648  0.003  0.041  0.000  0.055  0.002  0.000  0.007  0.000  0.001  0.108
   0.10591      5.240938  0.005  0.030  0.000  0.042  0.001  0.000  0.008  0.000  0.000  0.085
   0.07943      5.341165  0.007  0.017  0.000  0.027  0.000  0.000  0.009  0.000  0.000  0.059
   0.05295      5.436169  0.008  0.008  0.000  0.016  0.000  0.000  0.009  0.000  0.000  0.042
   0.02648      5.526815  0.010  0.004  0.000  0.009  0.000  0.000  0.010  0.000  0.000  0.033
   0.00000      5.601392  0.019  0.000  0.000  0.000  0.000  0.000  0.019  0.000  0.000  0.038
 
# Band-Index:   31
   0.00000      5.612785  0.003  0.003  0.000  0.003  0.000  0.000  0.004  0.000  0.000  0.013
   0.02648      5.535199  0.008  0.001  0.000  0.002  0.000  0.000  0.009  0.000  0.000  0.022
   0.05295      5.454522  0.008  0.001  0.000  0.004  0.002  0.000  0.009  0.000  0.001  0.025
   0.07943      5.387277  0.009  0.005  0.000  0.008  0.004  0.000  0.007  0.000  0.004  0.037
   0.10591      5.361429  0.009  0.015  0.000  0.014  0.009  0.000  0.004  0.000  0.009  0.061
   0.13238      5.403004  0.008  0.029  0.000  0.018  0.013  0.000  0.002  0.000  0.014  0.085
   0.15886      5.502948  0.008  0.037  0.000  0.019  0.015  0.000  0.001  0.000  0.017  0.096
   0.18534      5.638534  0.008  0.043  0.000  0.018  0.015  0.000  0.000  0.000  0.016  0.100
   0.21181      5.770651  0.003  0.029  0.004  0.011  0.007  0.002  0.000  0.003  0.009  0.068
   0.23829      5.734307  0.000  0.000  0.006  0.000  0.001  0.005  0.000  0.006  0.001  0.019
   0.26477      5.687233  0.000  0.000  0.004  0.000  0.000  0.006  0.000  0.008  0.000  0.020
   0.29124      5.661159  0.000  0.000  0.002  0.000  0.000  0.008  0.000  0.011  0.000  0.021
   0.31772      5.597536  0.002  0.002  0.000  0.001  0.000  0.000  0.002  0.000  0.000  0.006
   0.34420      5.511004  0.002  0.002  0.000  0.001  0.000  0.000  0.002  0.000  0.000  0.006
   0.37067      5.428829  0.002  0.002  0.000  0.001  0.000  0.000  0.002  0.000  0.000  0.006
   0.39715      5.351219  0.002  0.002  0.000  0.001  0.000  0.000  0.002  0.000  0.000  0.006
   0.42363      5.278259  0.002  0.001  0.000  0.001  0.000  0.000  0.001  0.000  0.000  0.006
   0.45010      5.209982  0.003  0.001  0.000  0.001  0.000  0.000  0.001  0.000  0.000  0.006
   0.47658      5.146391  0.003  0.001  0.000  0.001  0.000  0.000  0.001  0.000  0.000  0.006
   0.50306      5.087478  0.003  0.001  0.000  0.001  0.000  0.000  0.001  0.000  0.000  0.006
   0.52953      5.033241  0.004  0.001  0.000  0.000  0.000  0.000  0.001  0.000  0.000  0.006
   0.55601      4.983692  0.004  0.001  0.000  0.000  0.000  0.000  0.001  0.000  0.000  0.007
   0.58249      4.938890  0.005  0.001  0.000  0.000  0.000  0.000  0.001  0.000  0.000  0.007
   0.60896      4.898955  0.005  0.001  0.000  0.000  0.000  0.000  0.000  0.000  0.000  0.007
   0.63544      4.864101  0.006  0.001  0.000  0.000  0.000  0.000  0.000  0.000  0.000  0.007
   0.66192      4.834644  0.006  0.001  0.000  0.000  0.000  0.000  0.000  0.000  0.000  0.007
   0.68839      4.811001  0.007  0.000  0.000  0.000  0.000  0.000  0.000  0.000  0.000  0.007
   0.71487      4.793638  0.007  0.000  0.000  0.000  0.000  0.000  0.000  0.000  0.000  0.007
   0.74135      4.783001  0.007  0.000  0.000  0.000  0.000  0.000  0.000  0.000  0.000  0.008
   0.76782      4.779414  0.008  0.000  0.000  0.000  0.000  0.000  0.000  0.000  0.000  0.008
   0.76782      4.779414  0.008  0.000  0.000  0.000  0.000  0.000  0.000  0.000  0.000  0.008
   0.79075      4.782107  0.007  0.000  0.000  0.000  0.000  0.000  0.000  0.000  0.000  0.008
   0.81368      4.790122  0.007  0.000  0.000  0.000  0.000  0.000  0.000  0.000  0.000  0.007
   0.83661      4.803275  0.007  0.000  0.000  0.000  0.000  0.000  0.000  0.000  0.000  0.007
   0.85954      4.821296  0.007  0.001  0.000  0.000  0.000  0.000  0.000  0.000  0.000  0.007
   0.88247      4.843881  0.006  0.001  0.000  0.000  0.000  0.000  0.000  0.000  0.000  0.007
   0.90540      4.870731  0.006  0.001  0.000  0.000  0.000  0.000  0.000  0.000  0.000  0.007
   0.92833      4.901587  0.005  0.001  0.000  0.000  0.000  0.000  0.000  0.000  0.000  0.007
   0.95126      4.936249  0.005  0.002  0.000  0.000  0.000  0.000  0.001  0.000  0.000  0.007
   0.97419      4.974576  0.004  0.002  0.000  0.000  0.000  0.000  0.001  0.000  0.000  0.007
   0.99712      5.016481  0.004  0.002  0.000  0.000  0.000  0.000  0.001  0.000  0.000  0.007
   1.02005      5.061916  0.003  0.002  0.000  0.000  0.000  0.000  0.001  0.000  0.000  0.006
   1.04298      5.110864  0.003  0.002  0.000  0.000  0.000  0.000  0.001  0.000  0.000  0.006
   1.06591      5.163323  0.003  0.002  0.000  0.000  0.000  0.000  0.001  0.000  0.000  0.006
   1.08884      5.219298  0.003  0.002  0.000  0.000  0.000  0.000  0.001  0.000  0.000  0.006
   1.11177      5.278797  0.002  0.002  0.000  0.000  0.000  0.000  0.001  0.000  0.000  0.006
   1.13470      5.341822  0.002  0.002  0.000  0.000  0.000  0.000  0.002  0.000  0.000  0.006
   1.15763      5.408354  0.002  0.002  0.000  0.000  0.000  0.000  0.002  0.000  0.000  0.006
   1.18055      5.478367  0.002  0.002  0.000  0.000  0.000  0.000  0.002  0.000  0.000  0.006
   1.20348      5.551794  0.002  0.002  0.000  0.000  0.000  0.000  0.002  0.000  0.000  0.006
   1.22641      5.628508  0.002  0.002  0.000  0.000  0.000  0.000  0.002  0.000  0.000  0.006
   1.24934      5.708254  0.002  0.002  0.000  0.000  0.000  0.000  0.002  0.000  0.000  0.006
   1.27227      5.790285  0.002  0.002  0.000  0.000  0.000  0.000  0.002  0.000  0.000  0.006
   1.29520      5.862431  0.005  0.002  0.000  0.000  0.000  0.000  0.004  0.000  0.000  0.012
   1.31813      5.759146  0.006  0.019  0.001  0.001  0.000  0.000  0.007  0.000  0.004  0.038
   1.34106      5.633193  0.006  0.018  0.001  0.001  0.000  0.000  0.007  0.000  0.004  0.037
   1.36399      5.514086  0.005  0.017  0.001  0.002  0.000  0.000  0.007  0.000  0.005  0.036
   1.38692      5.405794  0.004  0.016  0.001  0.002  0.000  0.000  0.007  0.000  0.005  0.035
   1.40985      5.319719  0.001  0.012  0.006  0.002  0.000  0.001  0.007  0.000  0.004  0.033
   1.43278      5.293250  0.000  0.003  0.020  0.001  0.000  0.005  0.004  0.000  0.002  0.034
   1.43278      5.293250  0.000  0.003  0.020  0.001  0.000  0.005  0.004  0.000  0.002  0.034
   1.44602      5.290461  0.000  0.004  0.017  0.001  0.000  0.004  0.005  0.000  0.002  0.033
   1.45926      5.284083  0.000  0.006  0.016  0.001  0.000  0.004  0.004  0.001  0.002  0.034
   1.47249      5.275138  0.000  0.011  0.010  0.002  0.000  0.002  0.005  0.001  0.004  0.035
   1.48573      5.267122  0.000  0.017  0.005  0.003  0.000  0.001  0.006  0.001  0.005  0.037
   1.49897      5.260751  0.000  0.022  0.003  0.004  0.000  0.000  0.006  0.000  0.006  0.041
   1.51221      5.255191  0.000  0.025  0.001  0.004  0.000  0.000  0.006  0.000  0.007  0.045
   1.52545      5.249631  0.000  0.028  0.001  0.005  0.000  0.000  0.006  0.000  0.007  0.048
   1.53869      5.243542  0.000  0.031  0.000  0.006  0.001  0.000  0.006  0.000  0.008  0.052
   1.55192      5.236559  0.000  0.033  0.000  0.007  0.001  0.000  0.006  0.000  0.009  0.056
   1.56516      5.228408  0.000  0.036  0.000  0.008  0.002  0.000  0.006  0.000  0.009  0.061
   1.57840      5.218888  0.000  0.038  0.000  0.009  0.002  0.000  0.006  0.000  0.010  0.065
   1.59164      5.207898  0.000  0.040  0.000  0.011  0.003  0.000  0.006  0.000  0.011  0.071
   1.60488      5.195742  0.000  0.039  0.000  0.013  0.003  0.000  0.007  0.000  0.011  0.074
   1.61812      5.194729  0.007  0.000  0.000  0.004  0.000  0.000  0.013  0.000  0.001  0.025
   1.63135      5.212647  0.008  0.001  0.000  0.002  0.000  0.000  0.011  0.000  0.000  0.022
   1.64459      5.232725  0.009  0.001  0.000  0.001  0.000  0.000  0.010  0.000  0.000  0.021
   1.65783      5.254236  0.009  0.001  0.000  0.001  0.000  0.000  0.010  0.000  0.000  0.021
   1.67107      5.277098  0.008  0.001  0.000  0.001  0.000  0.000  0.010  0.000  0.000  0.021
   1.68431      5.301283  0.008  0.001  0.000  0.001  0.000  0.000  0.010  0.000  0.000  0.021
   1.69755      5.326782  0.008  0.001  0.000  0.001  0.000  0.000  0.010  0.000  0.000  0.021
   1.71078      5.353585  0.008  0.001  0.000  0.002  0.000  0.000  0.010  0.000  0.000  0.021
   1.72402      5.381688  0.008  0.001  0.000  0.002  0.000  0.000  0.010  0.000  0.000  0.021
   1.73726      5.411086  0.008  0.001  0.000  0.002  0.000  0.000  0.010  0.000  0.000  0.021
   1.75050      5.441776  0.008  0.002  0.000  0.002  0.000  0.000  0.010  0.000  0.000  0.021
   1.76374      5.473754  0.008  0.002  0.000  0.002  0.000  0.000  0.010  0.000  0.000  0.021
   1.77698      5.507013  0.008  0.002  0.000  0.002  0.000  0.000  0.010  0.000  0.000  0.021
   1.79021      5.541540  0.008  0.002  0.000  0.002  0.000  0.000  0.010  0.000  0.000  0.021
   1.80345      5.577270  0.007  0.002  0.000  0.002  0.000  0.000  0.009  0.000  0.000  0.020
   1.81669      5.611051  0.001  0.003  0.000  0.003  0.000  0.000  0.001  0.000  0.000  0.009
   1.81669      5.611051  0.001  0.003  0.000  0.003  0.000  0.000  0.001  0.000  0.000  0.009
   1.84317      5.535198  0.008  0.001  0.000  0.002  0.000  0.000  0.009  0.000  0.000  0.022
   1.86964      5.454522  0.008  0.001  0.000  0.004  0.002  0.000  0.009  0.000  0.001  0.025
   1.89612      5.387277  0.009  0.005  0.000  0.008  0.004  0.000  0.007  0.000  0.004  0.037
   1.92260      5.361429  0.009  0.015  0.000  0.014  0.009  0.000  0.004  0.000  0.009  0.061
   1.94907      5.403004  0.008  0.029  0.000  0.018  0.013  0.000  0.002  0.000  0.014  0.085
   1.97555      5.502948  0.008  0.037  0.000  0.019  0.015  0.000  0.001  0.000  0.017  0.096
   2.00203      5.638533  0.008  0.043  0.000  0.018  0.015  0.000  0.000  0.000  0.016  0.100
   2.02850      5.770065  0.004  0.033  0.003  0.013  0.008  0.002  0.000  0.003  0.010  0.075
   2.05498      5.734308  0.000  0.000  0.006  0.000  0.001  0.005  0.000  0.006  0.001  0.020
   2.08146      5.687177  0.000  0.000  0.004  0.000  0.000  0.006  0.000  0.008  0.000  0.020
   2.10793      5.660866  0.000  0.000  0.002  0.000  0.000  0.008  0.000  0.011  0.000  0.021
   2.13441      5.597556  0.002  0.002  0.000  0.001  0.000  0.000  0.002  0.000  0.000  0.006
   2.16089      5.511047  0.002  0.002  0.000  0.001  0.000  0.000  0.002  0.000  0.000  0.006
   2.18736      5.428839  0.002  0.002  0.000  0.001  0.000  0.000  0.002  0.000  0.000  0.006
   2.21384      5.351220  0.002  0.002  0.000  0.001  0.000  0.000  0.002  0.000  0.000  0.006
   2.24032      5.278259  0.002  0.001  0.000  0.001  0.000  0.000  0.001  0.000  0.000  0.006
   2.26680      5.209982  0.003  0.001  0.000  0.001  0.000  0.000  0.001  0.000  0.000  0.006
   2.29327      5.146391  0.003  0.001  0.000  0.001  0.000  0.000  0.001  0.000  0.000  0.006
   2.31975      5.087478  0.003  0.001  0.000  0.001  0.000  0.000  0.001  0.000  0.000  0.006
   2.34623      5.033241  0.004  0.001  0.000  0.000  0.000  0.000  0.001  0.000  0.000  0.006
   2.37270      4.983692  0.004  0.001  0.000  0.000  0.000  0.000  0.001  0.000  0.000  0.007
   2.39918      4.938890  0.005  0.001  0.000  0.000  0.000  0.000  0.001  0.000  0.000  0.007
   2.42566      4.898955  0.005  0.001  0.000  0.000  0.000  0.000  0.000  0.000  0.000  0.007
   2.45213      4.864101  0.006  0.001  0.000  0.000  0.000  0.000  0.000  0.000  0.000  0.007
   2.47861      4.834644  0.006  0.001  0.000  0.000  0.000  0.000  0.000  0.000  0.000  0.007
   2.50509      4.811001  0.007  0.000  0.000  0.000  0.000  0.000  0.000  0.000  0.000  0.007
   2.53156      4.793638  0.007  0.000  0.000  0.000  0.000  0.000  0.000  0.000  0.000  0.007
   2.55804      4.783001  0.007  0.000  0.000  0.000  0.000  0.000  0.000  0.000  0.000  0.008
   2.58452      4.779414  0.008  0.000  0.000  0.000  0.000  0.000  0.000  0.000  0.000  0.008
 
# Band-Index:   32
   2.58452      4.779414  0.008  0.000  0.000  0.000  0.000  0.000  0.000  0.000  0.000  0.008
   2.55804      4.783005  0.007  0.000  0.000  0.000  0.000  0.000  0.000  0.000  0.000  0.008
   2.53156      4.793672  0.007  0.000  0.000  0.000  0.000  0.000  0.000  0.000  0.000  0.007
   2.50509      4.811103  0.007  0.000  0.000  0.000  0.000  0.000  0.000  0.000  0.000  0.007
   2.47861      4.834861  0.006  0.001  0.000  0.000  0.000  0.000  0.000  0.000  0.000  0.007
   2.45213      4.864469  0.006  0.001  0.000  0.000  0.000  0.000  0.000  0.000  0.000  0.007
   2.42566      4.899498  0.005  0.001  0.000  0.000  0.000  0.000  0.000  0.000  0.000  0.007
   2.39918      4.939615  0.005  0.001  0.000  0.000  0.000  0.000  0.001  0.000  0.000  0.007
   2.37270      4.984597  0.004  0.001  0.000  0.000  0.000  0.000  0.001  0.000  0.000  0.007
   2.34623      5.034314  0.004  0.001  0.000  0.000  0.000  0.000  0.001  0.000  0.000  0.006
   2.31975      5.088707  0.003  0.001  0.000  0.001  0.000  0.000  0.001  0.000  0.000  0.006
   2.29327      5.147760  0.003  0.002  0.000  0.001  0.000  0.000  0.001  0.000  0.000  0.006
   2.26680      5.211481  0.003  0.002  0.000  0.001  0.000  0.000  0.001  0.000  0.000  0.006
   2.24032      5.279882  0.002  0.002  0.000  0.001  0.000  0.000  0.001  0.000  0.000  0.006
   2.21384      5.352966  0.002  0.002  0.000  0.001  0.000  0.000  0.002  0.000  0.000  0.006
   2.18736      5.430709  0.002  0.002  0.000  0.001  0.000  0.000  0.002  0.000  0.000  0.006
   2.16089      5.513037  0.002  0.002  0.000  0.001  0.000  0.000  0.002  0.000  0.000  0.006
   2.13441      5.599752  0.002  0.002  0.000  0.001  0.000  0.000  0.002  0.000  0.000  0.007
   2.10793      5.667685  0.000  0.000  0.002  0.000  0.000  0.009  0.000  0.011  0.000  0.023
   2.08146      5.694301  0.000  0.001  0.004  0.000  0.000  0.007  0.000  0.009  0.000  0.022
   2.05498      5.741808  0.000  0.003  0.006  0.001  0.000  0.006  0.000  0.007  0.000  0.023
   2.02850      5.775446  0.002  0.006  0.005  0.003  0.011  0.002  0.000  0.003  0.007  0.038
   2.00203      5.686901  0.007  0.008  0.000  0.005  0.026  0.000  0.000  0.000  0.016  0.063
   1.97555      5.589076  0.008  0.003  0.000  0.007  0.028  0.000  0.000  0.000  0.017  0.063
   1.94907      5.533219  0.008  0.007  0.000  0.016  0.028  0.000  0.000  0.000  0.016  0.075
   1.92260      5.526976  0.006  0.026  0.000  0.035  0.025  0.000  0.000  0.000  0.015  0.107
   1.89612      5.555488  0.004  0.050  0.000  0.057  0.021  0.000  0.000  0.000  0.013  0.146
   1.86964      5.592586  0.002  0.070  0.000  0.073  0.018  0.000  0.000  0.000  0.012  0.175
   1.84317      5.619237  0.001  0.082  0.000  0.082  0.015  0.000  0.000  0.000  0.012  0.192
   1.81669      5.619878  0.000  0.004  0.000  0.004  0.000  0.000  0.000  0.000  0.000  0.008
   1.81669      5.619878  0.000  0.004  0.000  0.004  0.000  0.000  0.000  0.000  0.000  0.008
   1.80345      5.621977  0.000  0.071  0.000  0.092  0.012  0.000  0.001  0.000  0.011  0.187
   1.79021      5.612482  0.000  0.072  0.000  0.095  0.013  0.000  0.001  0.000  0.010  0.192
   1.77698      5.597905  0.000  0.070  0.000  0.096  0.015  0.000  0.001  0.000  0.009  0.190
   1.76374      5.578776  0.000  0.066  0.000  0.096  0.016  0.000  0.001  0.000  0.008  0.187
   1.75050      5.555688  0.000  0.061  0.000  0.095  0.017  0.000  0.001  0.000  0.007  0.181
   1.73726      5.529354  0.000  0.055  0.000  0.092  0.018  0.000  0.002  0.000  0.007  0.174
   1.72402      5.500616  0.000  0.048  0.000  0.089  0.018  0.000  0.002  0.000  0.007  0.165
   1.71078      5.470446  0.000  0.040  0.000  0.085  0.019  0.000  0.002  0.000  0.007  0.154
   1.69755      5.439948  0.001  0.032  0.000  0.079  0.020  0.000  0.003  0.000  0.007  0.141
   1.68431      5.410326  0.001  0.024  0.000  0.072  0.020  0.000  0.003  0.000  0.007  0.126
   1.67107      5.382789  0.001  0.016  0.000  0.064  0.020  0.000  0.004  0.000  0.007  0.111
   1.65783      5.358408  0.001  0.009  0.000  0.055  0.019  0.000  0.005  0.000  0.007  0.096
   1.64459      5.337916  0.001  0.004  0.000  0.046  0.018  0.000  0.005  0.000  0.007  0.081
   1.63135      5.321565  0.001  0.001  0.000  0.037  0.017  0.000  0.005  0.000  0.007  0.069
   1.61812      5.309119  0.001  0.000  0.000  0.030  0.015  0.000  0.006  0.000  0.007  0.059
   1.60488      5.299990  0.000  0.000  0.000  0.024  0.013  0.000  0.006  0.000  0.007  0.051
   1.59164      5.293442  0.000  0.002  0.000  0.019  0.011  0.000  0.006  0.000  0.007  0.046
   1.57840      5.288765  0.000  0.004  0.000  0.015  0.009  0.000  0.006  0.000  0.007  0.042
   1.56516      5.285375  0.000  0.006  0.000  0.013  0.008  0.000  0.007  0.000  0.007  0.039
   1.55192      5.282840  0.000  0.008  0.000  0.010  0.006  0.000  0.007  0.000  0.006  0.038
   1.53869      5.280881  0.000  0.009  0.000  0.009  0.005  0.000  0.007  0.000  0.006  0.036
   1.52545      5.279346  0.000  0.011  0.000  0.007  0.004  0.000  0.007  0.000  0.006  0.035
   1.51221      5.278213  0.000  0.012  0.001  0.006  0.003  0.000  0.007  0.000  0.005  0.035
   1.49897      5.277614  0.000  0.013  0.001  0.006  0.002  0.000  0.007  0.000  0.005  0.034
   1.48573      5.277945  0.000  0.013  0.002  0.005  0.002  0.000  0.007  0.001  0.005  0.034
   1.47249      5.280060  0.000  0.011  0.006  0.003  0.001  0.001  0.007  0.001  0.004  0.033
   1.45926      5.284786  0.000  0.007  0.012  0.002  0.001  0.003  0.006  0.001  0.003  0.033
   1.44602      5.290983  0.000  0.004  0.019  0.001  0.000  0.005  0.004  0.000  0.002  0.034
   1.43278      5.293250  0.000  0.003  0.020  0.001  0.000  0.005  0.004  0.000  0.002  0.034
   1.43278      5.293250  0.000  0.003  0.020  0.001  0.000  0.005  0.004  0.000  0.002  0.034
   1.40985      5.319745  0.001  0.012  0.006  0.002  0.000  0.001  0.007  0.000  0.004  0.033
   1.38692      5.405803  0.004  0.016  0.001  0.002  0.000  0.000  0.007  0.000  0.005  0.035
   1.36399      5.514110  0.005  0.017  0.001  0.002  0.000  0.000  0.007  0.000  0.005  0.036
   1.34106      5.633227  0.006  0.018  0.001  0.001  0.000  0.000  0.007  0.000  0.004  0.037
   1.31813      5.759885  0.006  0.019  0.001  0.001  0.000  0.000  0.007  0.000  0.004  0.039
   1.29520      5.888785  0.004  0.014  0.001  0.001  0.000  0.001  0.008  0.000  0.003  0.032
   1.27227      5.790312  0.002  0.002  0.000  0.000  0.000  0.000  0.002  0.000  0.000  0.006
   1.24934      5.708264  0.002  0.002  0.000  0.000  0.000  0.000  0.002  0.000  0.000  0.006
   1.22641      5.628514  0.002  0.002  0.000  0.000  0.000  0.000  0.002  0.000  0.000  0.006
   1.20348      5.551800  0.002  0.002  0.000  0.000  0.000  0.000  0.002  0.000  0.000  0.006
   1.18055      5.478373  0.002  0.002  0.000  0.000  0.000  0.000  0.002  0.000  0.000  0.006
   1.15763      5.408359  0.002  0.002  0.000  0.000  0.000  0.000  0.002  0.000  0.000  0.006
   1.13470      5.341831  0.002  0.002  0.000  0.000  0.000  0.000  0.002  0.000  0.000  0.006
   1.11177      5.278802  0.002  0.002  0.000  0.000  0.000  0.000  0.001  0.000  0.000  0.006
   1.08884      5.219303  0.003  0.002  0.000  0.000  0.000  0.000  0.001  0.000  0.000  0.006
   1.06591      5.163327  0.003  0.002  0.000  0.000  0.000  0.000  0.001  0.000  0.000  0.006
   1.04298      5.110868  0.003  0.002  0.000  0.000  0.000  0.000  0.001  0.000  0.000  0.006
   1.02005      5.061921  0.003  0.002  0.000  0.000  0.000  0.000  0.001  0.000  0.000  0.006
   0.99712      5.016485  0.004  0.002  0.000  0.000  0.000  0.000  0.001  0.000  0.000  0.007
   0.97419      4.974580  0.004  0.002  0.000  0.000  0.000  0.000  0.001  0.000  0.000  0.007
   0.95126      4.936253  0.005  0.002  0.000  0.000  0.000  0.000  0.001  0.000  0.000  0.007
   0.92833      4.901592  0.005  0.001  0.000  0.000  0.000  0.000  0.000  0.000  0.000  0.007
   0.90540      4.870735  0.006  0.001  0.000  0.000  0.000  0.000  0.000  0.000  0.000  0.007
   0.88247      4.843885  0.006  0.001  0.000  0.000  0.000  0.000  0.000  0.000  0.000  0.007
   0.85954      4.821299  0.007  0.001  0.000  0.000  0.000  0.000  0.000  0.000  0.000  0.007
   0.83661      4.803277  0.007  0.000  0.000  0.000  0.000  0.000  0.000  0.000  0.000  0.007
   0.81368      4.790124  0.007  0.000  0.000  0.000  0.000  0.000  0.000  0.000  0.000  0.007
   0.79075      4.782108  0.007  0.000  0.000  0.000  0.000  0.000  0.000  0.000  0.000  0.008
   0.76782      4.779414  0.008  0.000  0.000  0.000  0.000  0.000  0.000  0.000  0.000  0.008
   0.76782      4.779414  0.008  0.000  0.000  0.000  0.000  0.000  0.000  0.000  0.000  0.008
   0.74135      4.783005  0.007  0.000  0.000  0.000  0.000  0.000  0.000  0.000  0.000  0.008
   0.71487      4.793672  0.007  0.000  0.000  0.000  0.000  0.000  0.000  0.000  0.000  0.007
   0.68839      4.811103  0.007  0.000  0.000  0.000  0.000  0.000  0.000  0.000  0.000  0.007
   0.66192      4.834861  0.006  0.001  0.000  0.000  0.000  0.000  0.000  0.000  0.000  0.007
   0.63544      4.864469  0.006  0.001  0.000  0.000  0.000  0.000  0.000  0.000  0.000  0.007
   0.60896      4.899498  0.005  0.001  0.000  0.000  0.000  0.000  0.000  0.000  0.000  0.007
   0.58249      4.939615  0.005  0.001  0.000  0.000  0.000  0.000  0.001  0.000  0.000  0.007
   0.55601      4.984597  0.004  0.001  0.000  0.000  0.000  0.000  0.001  0.000  0.000  0.007
   0.52953      5.034314  0.004  0.001  0.000  0.000  0.000  0.000  0.001  0.000  0.000  0.006
   0.50306      5.088707  0.003  0.001  0.000  0.001  0.000  0.000  0.001  0.000  0.000  0.006
   0.47658      5.147760  0.003  0.002  0.000  0.001  0.000  0.000  0.001  0.000  0.000  0.006
   0.45010      5.211481  0.003  0.002  0.000  0.001  0.000  0.000  0.001  0.000  0.000  0.006
   0.42363      5.279882  0.002  0.002  0.000  0.001  0.000  0.000  0.001  0.000  0.000  0.006
   0.39715      5.352966  0.002  0.002  0.000  0.001  0.000  0.000  0.002  0.000  0.000  0.006
   0.37067      5.430709  0.002  0.002  0.000  0.001  0.000  0.000  0.002  0.000  0.000  0.006
   0.34420      5.513037  0.002  0.002  0.000  0.001  0.000  0.000  0.002  0.000  0.000  0.006
   0.31772      5.599752  0.002  0.002  0.000  0.001  0.000  0.000  0.002  0.000  0.000  0.007
   0.29124      5.668474  0.000  0.001  0.002  0.000  0.000  0.008  0.000  0.011  0.000  0.022
   0.26477      5.694368  0.000  0.001  0.004  0.000  0.000  0.007  0.000  0.009  0.000  0.022
   0.23829      5.741808  0.000  0.003  0.006  0.001  0.000  0.006  0.000  0.007  0.000  0.023
   0.21181      5.776283  0.002  0.005  0.005  0.003  0.009  0.002  0.000  0.004  0.006  0.035
   0.18534      5.686916  0.007  0.008  0.000  0.005  0.026  0.000  0.000  0.000  0.016  0.063
   0.15886      5.589077  0.008  0.003  0.000  0.007  0.028  0.000  0.000  0.000  0.017  0.063
   0.13238      5.533219  0.008  0.007  0.000  0.016  0.028  0.000  0.000  0.000  0.016  0.075
   0.10591      5.526976  0.006  0.026  0.000  0.035  0.025  0.000  0.000  0.000  0.015  0.107
   0.07943      5.555489  0.004  0.050  0.000  0.057  0.021  0.000  0.000  0.000  0.013  0.146
   0.05295      5.592588  0.002  0.070  0.000  0.073  0.018  0.000  0.000  0.000  0.012  0.175
   0.02648      5.619253  0.001  0.082  0.000  0.082  0.015  0.000  0.000  0.000  0.012  0.192
   0.00000      5.619840  0.001  0.003  0.000  0.003  0.000  0.000  0.001  0.000  0.000  0.009
 
# Band-Index:   33
   0.00000      5.627123  0.000  0.087  0.000  0.088  0.013  0.000  0.000  0.000  0.013  0.201
   0.02648      5.689965  0.008  0.002  0.000  0.002  0.000  0.000  0.009  0.000  0.000  0.022
   0.05295      5.771966  0.009  0.002  0.000  0.002  0.000  0.000  0.009  0.000  0.000  0.023
   0.07943      5.863082  0.008  0.002  0.000  0.002  0.000  0.000  0.011  0.000  0.000  0.023
   0.10591      5.952972  0.009  0.002  0.000  0.002  0.000  0.000  0.010  0.000  0.000  0.024
   0.13238      6.048574  0.007  0.002  0.004  0.001  0.000  0.000  0.007  0.001  0.000  0.023
   0.15886      5.986725  0.000  0.001  0.012  0.000  0.000  0.002  0.000  0.003  0.000  0.019
   0.18534      5.905221  0.000  0.000  0.010  0.000  0.001  0.004  0.000  0.004  0.000  0.020
   0.21181      5.849872  0.003  0.013  0.005  0.005  0.008  0.003  0.000  0.002  0.006  0.045
   0.23829      5.864592  0.000  0.007  0.000  0.003  0.004  0.000  0.002  0.000  0.002  0.019
   0.26477      5.781616  0.001  0.003  0.000  0.001  0.001  0.000  0.002  0.000  0.000  0.009
   0.29124      5.688091  0.001  0.002  0.000  0.001  0.000  0.000  0.002  0.000  0.000  0.007
   0.31772      5.662745  0.000  0.000  0.001  0.000  0.000  0.010  0.000  0.013  0.000  0.024
   0.34420      5.690087  0.000  0.000  0.000  0.000  0.000  0.012  0.000  0.016  0.000  0.027
   0.37067      5.741650  0.000  0.000  0.000  0.000  0.000  0.013  0.000  0.018  0.000  0.031
   0.39715      5.810089  0.000  0.000  0.001  0.000  0.000  0.013  0.000  0.019  0.000  0.033
   0.42363      5.891073  0.000  0.000  0.002  0.000  0.000  0.013  0.000  0.020  0.000  0.035
   0.45010      5.977476  0.000  0.000  0.003  0.000  0.000  0.013  0.000  0.020  0.000  0.036
   0.47658      6.063905  0.000  0.000  0.005  0.000  0.000  0.012  0.000  0.018  0.000  0.036
   0.50306      6.140183  0.001  0.001  0.008  0.000  0.000  0.009  0.000  0.015  0.000  0.035
   0.52953      6.161751  0.011  0.013  0.004  0.004  0.001  0.002  0.004  0.003  0.001  0.042
   0.55601      6.072089  0.016  0.015  0.001  0.005  0.000  0.000  0.007  0.000  0.001  0.046
   0.58249      5.946823  0.018  0.011  0.000  0.004  0.000  0.000  0.009  0.000  0.001  0.043
   0.60896      5.846858  0.019  0.009  0.000  0.003  0.000  0.000  0.010  0.000  0.001  0.042
   0.63544      5.748644  0.020  0.006  0.000  0.002  0.000  0.000  0.011  0.000  0.000  0.039
   0.66192      5.670457  0.020  0.004  0.000  0.001  0.000  0.000  0.011  0.000  0.000  0.037
   0.68839      5.608470  0.020  0.002  0.000  0.001  0.000  0.000  0.012  0.000  0.000  0.035
   0.71487      5.563636  0.020  0.001  0.000  0.000  0.000  0.000  0.012  0.000  0.000  0.034
   0.74135      5.536524  0.020  0.000  0.000  0.000  0.000  0.000  0.012  0.000  0.000  0.033
   0.76782      5.527447  0.020  0.000  0.000  0.000  0.000  0.000  0.012  0.000  0.000  0.033
   0.76782      5.527447  0.020  0.000  0.000  0.000  0.000  0.000  0.012  0.000  0.000  0.033
   0.79075      5.534266  0.020  0.000  0.000  0.000  0.000  0.000  0.012  0.000  0.000  0.033
   0.81368      5.554683  0.020  0.001  0.000  0.000  0.000  0.000  0.012  0.000  0.000  0.033
   0.83661      5.588574  0.020  0.002  0.000  0.000  0.000  0.000  0.012  0.000  0.000  0.034
   0.85954      5.635687  0.020  0.004  0.000  0.000  0.000  0.000  0.012  0.000  0.000  0.036
   0.88247      5.695584  0.020  0.006  0.000  0.000  0.000  0.000  0.011  0.000  0.000  0.038
   0.90540      5.767577  0.019  0.009  0.000  0.000  0.000  0.000  0.010  0.000  0.001  0.040
   0.92833      5.850638  0.019  0.012  0.000  0.000  0.000  0.000  0.010  0.000  0.001  0.042
   0.95126      5.943244  0.018  0.015  0.000  0.000  0.000  0.000  0.009  0.000  0.001  0.043
   0.97419      6.042926  0.017  0.019  0.001  0.000  0.000  0.000  0.007  0.000  0.001  0.045
   0.99712      6.144533  0.014  0.021  0.002  0.000  0.000  0.001  0.006  0.000  0.001  0.045
   1.02005      6.226289  0.009  0.018  0.006  0.000  0.000  0.003  0.003  0.000  0.000  0.041
   1.04298      6.243664  0.002  0.004  0.014  0.000  0.000  0.010  0.001  0.000  0.000  0.031
   1.06591      6.227912  0.000  0.002  0.015  0.000  0.000  0.013  0.000  0.000  0.000  0.031
   1.08884      6.200377  0.000  0.001  0.015  0.000  0.000  0.015  0.000  0.000  0.000  0.032
   1.11177      6.167305  0.000  0.001  0.015  0.000  0.000  0.017  0.000  0.000  0.000  0.033
   1.13470      6.132113  0.000  0.001  0.015  0.000  0.000  0.017  0.000  0.000  0.000  0.033
   1.15763      6.097424  0.000  0.000  0.015  0.000  0.000  0.017  0.000  0.000  0.000  0.033
   1.18055      6.065306  0.000  0.000  0.014  0.000  0.000  0.017  0.000  0.000  0.000  0.032
   1.20348      6.037396  0.000  0.000  0.014  0.000  0.000  0.016  0.000  0.000  0.000  0.031
   1.22641      6.014964  0.000  0.001  0.014  0.000  0.000  0.015  0.000  0.000  0.000  0.029
   1.24934      5.998646  0.000  0.001  0.013  0.000  0.000  0.013  0.000  0.000  0.000  0.028
   1.27227      5.985322  0.000  0.004  0.012  0.000  0.000  0.011  0.000  0.000  0.001  0.029
   1.29520      5.907698  0.002  0.024  0.001  0.001  0.000  0.001  0.004  0.000  0.004  0.037
   1.31813      5.966047  0.000  0.007  0.000  0.000  0.000  0.000  0.002  0.000  0.001  0.012
   1.34106      6.014902  0.000  0.001  0.012  0.001  0.000  0.005  0.000  0.000  0.000  0.019
   1.36399      6.033424  0.000  0.001  0.013  0.001  0.000  0.003  0.000  0.000  0.000  0.018
   1.38692      6.052255  0.000  0.001  0.013  0.001  0.000  0.002  0.000  0.001  0.001  0.019
   1.40985      6.062113  0.000  0.001  0.014  0.001  0.000  0.000  0.000  0.000  0.001  0.018
   1.43278      6.066478  0.000  0.001  0.014  0.001  0.000  0.000  0.000  0.000  0.001  0.018
   1.43278      6.066253  0.000  0.001  0.014  0.001  0.000  0.000  0.000  0.000  0.001  0.018
   1.44602      6.066499  0.000  0.001  0.014  0.001  0.000  0.000  0.000  0.001  0.001  0.018
   1.45926      6.068603  0.000  0.001  0.014  0.001  0.000  0.000  0.000  0.000  0.001  0.018
   1.47249      6.074650  0.001  0.003  0.012  0.002  0.000  0.000  0.000  0.001  0.003  0.020
   1.48573      6.074024  0.000  0.002  0.014  0.002  0.000  0.000  0.000  0.000  0.002  0.020
   1.49897      6.076204  0.001  0.001  0.016  0.001  0.001  0.000  0.000  0.001  0.002  0.021
   1.51221      6.081228  0.001  0.002  0.014  0.001  0.002  0.000  0.000  0.000  0.004  0.024
   1.52545      6.085756  0.003  0.010  0.008  0.005  0.002  0.000  0.000  0.000  0.011  0.039
   1.53869      6.078026  0.005  0.013  0.005  0.005  0.003  0.000  0.000  0.000  0.015  0.046
   1.55192      6.074985  0.008  0.006  0.004  0.001  0.011  0.000  0.000  0.000  0.017  0.045
   1.56516      6.053021  0.008  0.005  0.002  0.000  0.012  0.000  0.000  0.000  0.017  0.046
   1.57840      6.027502  0.009  0.004  0.001  0.000  0.014  0.000  0.000  0.000  0.017  0.046
   1.59164      6.000766  0.009  0.003  0.000  0.000  0.014  0.000  0.001  0.000  0.016  0.045
   1.60488      5.974510  0.010  0.002  0.000  0.000  0.015  0.000  0.001  0.000  0.015  0.043
   1.61812      5.949598  0.010  0.001  0.000  0.000  0.015  0.000  0.001  0.000  0.014  0.041
   1.63135      5.926483  0.010  0.001  0.000  0.000  0.014  0.000  0.002  0.000  0.013  0.039
   1.64459      5.905335  0.010  0.000  0.000  0.000  0.014  0.000  0.002  0.000  0.011  0.037
   1.65783      5.886102  0.009  0.000  0.000  0.000  0.013  0.000  0.003  0.000  0.010  0.035
   1.67107      5.868530  0.009  0.000  0.000  0.000  0.012  0.000  0.003  0.000  0.008  0.033
   1.68431      5.852193  0.009  0.000  0.000  0.000  0.011  0.000  0.004  0.000  0.007  0.032
   1.69755      5.836514  0.009  0.001  0.000  0.000  0.010  0.000  0.005  0.000  0.006  0.031
   1.71078      5.820792  0.009  0.002  0.000  0.000  0.008  0.000  0.005  0.000  0.005  0.030
   1.72402      5.804250  0.009  0.003  0.000  0.000  0.007  0.000  0.006  0.000  0.004  0.029
   1.73726      5.786079  0.009  0.004  0.000  0.000  0.006  0.000  0.007  0.000  0.003  0.028
   1.75050      5.765516  0.009  0.005  0.000  0.000  0.005  0.000  0.007  0.000  0.002  0.028
   1.76374      5.741923  0.009  0.006  0.000  0.000  0.004  0.000  0.008  0.000  0.002  0.028
   1.77698      5.714873  0.009  0.008  0.000  0.000  0.003  0.000  0.008  0.000  0.001  0.029
   1.79021      5.684237  0.008  0.010  0.000  0.000  0.002  0.000  0.008  0.000  0.001  0.030
   1.80345      5.650439  0.007  0.016  0.000  0.001  0.002  0.000  0.007  0.000  0.001  0.034
   1.81669      5.627164  0.000  0.089  0.000  0.089  0.013  0.000  0.000  0.000  0.013  0.203
   1.81669      5.627164  0.000  0.089  0.000  0.089  0.013  0.000  0.000  0.000  0.013  0.203
   1.84317      5.689075  0.008  0.002  0.000  0.002  0.000  0.000  0.009  0.000  0.000  0.021
   1.86964      5.771922  0.009  0.002  0.000  0.002  0.000  0.000  0.009  0.000  0.000  0.023
   1.89612      5.860024  0.009  0.002  0.000  0.002  0.000  0.000  0.010  0.000  0.000  0.023
   1.92260      5.952927  0.009  0.002  0.000  0.002  0.000  0.000  0.010  0.000  0.000  0.024
   1.94907      6.044918  0.008  0.002  0.002  0.002  0.000  0.000  0.008  0.001  0.000  0.024
   1.97555      5.986020  0.001  0.001  0.012  0.000  0.000  0.002  0.000  0.003  0.000  0.019
   2.00203      5.899002  0.001  0.001  0.010  0.000  0.001  0.003  0.000  0.004  0.000  0.020
   2.02850      5.853760  0.003  0.011  0.004  0.004  0.012  0.002  0.000  0.002  0.007  0.045
   2.05498      5.868618  0.000  0.013  0.000  0.004  0.002  0.000  0.002  0.000  0.002  0.025
   2.08146      5.783894  0.001  0.004  0.000  0.001  0.000  0.000  0.002  0.000  0.000  0.009
   2.10793      5.690814  0.001  0.003  0.000  0.001  0.000  0.000  0.002  0.000  0.000  0.007
   2.13441      5.660969  0.000  0.000  0.001  0.000  0.000  0.010  0.000  0.013  0.000  0.024
   2.16089      5.688084  0.000  0.000  0.000  0.000  0.000  0.011  0.000  0.015  0.000  0.027
   2.18736      5.738798  0.000  0.000  0.000  0.000  0.000  0.012  0.000  0.017  0.000  0.030
   2.21384      5.807478  0.000  0.000  0.001  0.000  0.000  0.013  0.000  0.018  0.000  0.032
   2.24032      5.895259  0.000  0.000  0.002  0.000  0.000  0.014  0.000  0.020  0.000  0.037
   2.26680      5.982159  0.000  0.000  0.003  0.000  0.000  0.014  0.000  0.020  0.000  0.038
   2.29327      6.062632  0.000  0.000  0.005  0.000  0.000  0.012  0.000  0.018  0.000  0.036
   2.31975      6.140122  0.000  0.001  0.008  0.000  0.000  0.009  0.000  0.015  0.000  0.035
   2.34623      6.161800  0.008  0.010  0.006  0.003  0.001  0.003  0.004  0.004  0.001  0.040
   2.37270      6.060260  0.016  0.014  0.001  0.005  0.000  0.000  0.007  0.000  0.001  0.045
   2.39918      5.955071  0.018  0.012  0.000  0.004  0.000  0.000  0.009  0.000  0.001  0.044
   2.42566      5.846858  0.019  0.009  0.000  0.003  0.000  0.000  0.010  0.000  0.001  0.042
   2.45213      5.751774  0.020  0.006  0.000  0.002  0.000  0.000  0.011  0.000  0.000  0.039
   2.47861      5.672078  0.020  0.004  0.000  0.001  0.000  0.000  0.011  0.000  0.000  0.037
   2.50509      5.609159  0.020  0.002  0.000  0.001  0.000  0.000  0.012  0.000  0.000  0.035
   2.53156      5.563840  0.020  0.001  0.000  0.000  0.000  0.000  0.012  0.000  0.000  0.034
   2.55804      5.536549  0.020  0.000  0.000  0.000  0.000  0.000  0.012  0.000  0.000  0.033
   2.58452      5.527447  0.020  0.000  0.000  0.000  0.000  0.000  0.012  0.000  0.000  0.033
