      0.00000000      0.02904481
      0.01000000      0.02786579
      0.02000000      0.02495520
      0.03000000      0.02194143
      0.04000000      0.01925944
      0.05000000      0.01718191
      0.06000000      0.01569478
      0.07000000      0.01459988
      0.08000000      0.01371841
      0.09000000      0.01295790
      0.10000000      0.01228797
      0.11000000      0.01170297
      0.12000000      0.01120143
      0.13000000      0.01077976
      0.14000000      0.01043198
      0.15000000      0.01015066
      0.16000000      0.00992782
      0.17000000      0.00975552
      0.18000000      0.00962605
      0.19000000      0.00953208
      0.20000000      0.00946662
      0.21000000      0.00942290
      0.22000000      0.00939418
      0.23000000      0.00937353
      0.24000000      0.00935349
      0.25000000      0.00932585
      0.26000000      0.00928160
      0.27000000      0.00921155
      0.28000000      0.00910812
      0.29000000      0.00896794
      0.30000000      0.00879349
      0.31000000      0.00859222
      0.32000000      0.00837362
      0.33000000      0.00814660
      0.34000000      0.00791828
      0.35000000      0.00769384
      0.36000000      0.00747685
      0.37000000      0.00726968
      0.38000000      0.00707385
      0.39000000      0.00689027
      0.40000000      0.00671880
      0.41000000      0.00656095
      0.42000000      0.00641604
      0.43000000      0.00628447
      0.44000000      0.00616431
      0.45000000      0.00605689
      0.46000000      0.00596124
      0.47000000      0.00587693
      0.48000000      0.00580350
      0.49000000      0.00574045
      0.50000000      0.00568729
      0.51000000      0.00564350
      0.52000000      0.00560857
      0.53000000      0.00558200
      0.54000000      0.00556328
      0.55000000      0.00555191
      0.56000000      0.00554740
      0.57000000      0.00554929
      0.58000000      0.00555711
      0.59000000      0.00557044
      0.60000000      0.00558884
      0.61000000      0.00561193
      0.62000000      0.00563931
      0.63000000      0.00567064
      0.64000000      0.00570558
      0.65000000      0.00574381
      0.66000000      0.00578504
      0.67000000      0.00582897
      0.68000000      0.00587536
      0.69000000      0.00592393
      0.70000000      0.00597446
      0.71000000      0.00602670
      0.72000000      0.00608081
      0.73000000      0.00613580
      0.74000000      0.00619183
      0.75000000      0.00624867
      0.76000000      0.00630607
      0.77000000      0.00636381
      0.78000000      0.00642162
      0.79000000      0.00647926
      0.80000000      0.00653644
      0.81000000      0.00659288
      0.82000000      0.00664828
      0.83000000      0.00670231
      0.84000000      0.00675466
      0.85000000      0.00680497
      0.86000000      0.00685289
      0.87000000      0.00689805
      0.88000000      0.00694008
      0.89000000      0.00697861
      0.90000000      0.00701328
      0.91000000      0.00704375
      0.92000000      0.00706969
      0.93000000      0.00709083
      0.94000000      0.00710694
      0.95000000      0.00711784
      0.96000000      0.00712343
      0.97000000      0.00712366
      0.98000000      0.00711857
      0.99000000      0.00710827
      1.00000000      0.00709291
  
      0.00000000      0.03131540
      0.01000000      0.03186319
      0.02000000      0.03280194
      0.03000000      0.03244930
      0.04000000      0.03055508
      0.05000000      0.02765627
      0.06000000      0.02484850
      0.07000000      0.02273501
      0.08000000      0.02129216
      0.09000000      0.02030972
      0.10000000      0.01959949
      0.11000000      0.01903327
      0.12000000      0.01853388
      0.13000000      0.01805871
      0.14000000      0.01758633
      0.15000000      0.01710762
      0.16000000      0.01662038
      0.17000000      0.01612612
      0.18000000      0.01562831
      0.19000000      0.01513137
      0.20000000      0.01464011
      0.21000000      0.01415960
      0.22000000      0.01369506
      0.23000000      0.01325207
      0.24000000      0.01283677
      0.25000000      0.01245608
      0.26000000      0.01211776
      0.27000000      0.01182972
      0.28000000      0.01159831
      0.29000000      0.01142569
      0.30000000      0.01130816
      0.31000000      0.01123712
      0.32000000      0.01120200
      0.33000000      0.01119279
      0.34000000      0.01120138
      0.35000000      0.01122164
      0.36000000      0.01124910
      0.37000000      0.01128055
      0.38000000      0.01131368
      0.39000000      0.01134684
      0.40000000      0.01137688
      0.41000000      0.01140694
      0.42000000      0.01143437
      0.43000000      0.01146053
      0.44000000      0.01147979
      0.45000000      0.01149731
      0.46000000      0.01151118
      0.47000000      0.01152136
      0.48000000      0.01152784
      0.49000000      0.01153064
      0.50000000      0.01152981
      0.51000000      0.01152542
      0.52000000      0.01151756
      0.53000000      0.01150632
      0.54000000      0.01149180
      0.55000000      0.01147414
      0.56000000      0.01145344
      0.57000000      0.01142984
      0.58000000      0.01140347
      0.59000000      0.01137448
      0.60000000      0.01134300
      0.61000000      0.01130919
      0.62000000      0.01127319
      0.63000000      0.01123515
      0.64000000      0.01119524
      0.65000000      0.01115360
      0.66000000      0.01111038
      0.67000000      0.01106575
      0.68000000      0.01101985
      0.69000000      0.01097284
      0.70000000      0.01092486
      0.71000000      0.01087607
      0.72000000      0.01082743
      0.73000000      0.01077744
      0.74000000      0.01072710
      0.75000000      0.01067655
      0.76000000      0.01062595
      0.77000000      0.01057547
      0.78000000      0.01052528
      0.79000000      0.01047555
      0.80000000      0.01042650
      0.81000000      0.01037831
      0.82000000      0.01033122
      0.83000000      0.01028547
      0.84000000      0.01024130
      0.85000000      0.01019901
      0.86000000      0.01015887
      0.87000000      0.01012119
      0.88000000      0.01008628
      0.89000000      0.01005447
      0.90000000      0.01002608
      0.91000000      0.01000141
      0.92000000      0.00998074
      0.93000000      0.00996434
      0.94000000      0.00995242
      0.95000000      0.00994513
      0.96000000      0.00994257
      0.97000000      0.00994477
      0.98000000      0.00995169
      0.99000000      0.00996322
      1.00000000      0.00997921
  
      0.00000000      0.13825568
      0.01000000      0.13819717
      0.02000000      0.13807173
      0.03000000      0.13789455
      0.04000000      0.13758767
      0.05000000      0.13695959
      0.06000000      0.13613812
      0.07000000      0.13541390
      0.08000000      0.13490506
      0.09000000      0.13458930
      0.10000000      0.13440898
      0.11000000      0.13431567
      0.12000000      0.13427671
      0.13000000      0.13427160
      0.14000000      0.13428783
      0.15000000      0.13431774
      0.16000000      0.13435663
      0.17000000      0.13440158
      0.18000000      0.13445069
      0.19000000      0.13450274
      0.20000000      0.13455686
      0.21000000      0.13461243
      0.22000000      0.13466898
      0.23000000      0.13472612
      0.24000000      0.13478353
      0.25000000      0.13484094
      0.26000000      0.13489811
      0.27000000      0.13495482
      0.28000000      0.13501090
      0.29000000      0.13506619
      0.30000000      0.13512055
      0.31000000      0.13517388
      0.32000000      0.13522606
      0.33000000      0.13527704
      0.34000000      0.13532674
      0.35000000      0.13537512
      0.36000000      0.13542215
      0.37000000      0.13546782
      0.38000000      0.13551210
      0.39000000      0.13555499
      0.40000000      0.13559638
      0.41000000      0.13563652
      0.42000000      0.13567531
      0.43000000      0.13571293
      0.44000000      0.13574894
      0.45000000      0.13578382
      0.46000000      0.13581746
      0.47000000      0.13584988
      0.48000000      0.13588113
      0.49000000      0.13591123
      0.50000000      0.13594022
      0.51000000      0.13596813
      0.52000000      0.13599501
      0.53000000      0.13602088
      0.54000000      0.13604579
      0.55000000      0.13606977
      0.56000000      0.13609285
      0.57000000      0.13611507
      0.58000000      0.13613647
      0.59000000      0.13615707
      0.60000000      0.13617692
      0.61000000      0.13619603
      0.62000000      0.13621445
      0.63000000      0.13623220
      0.64000000      0.13624930
      0.65000000      0.13626580
      0.66000000      0.13628171
      0.67000000      0.13629706
      0.68000000      0.13631186
      0.69000000      0.13632615
      0.70000000      0.13633994
      0.71000000      0.13635325
      0.72000000      0.13636629
      0.73000000      0.13637867
      0.74000000      0.13639060
      0.75000000      0.13640208
      0.76000000      0.13641312
      0.77000000      0.13642370
      0.78000000      0.13643383
      0.79000000      0.13644348
      0.80000000      0.13645262
      0.81000000      0.13646123
      0.82000000      0.13646927
      0.83000000      0.13647667
      0.84000000      0.13648339
      0.85000000      0.13648936
      0.86000000      0.13649449
      0.87000000      0.13649872
      0.88000000      0.13650195
      0.89000000      0.13650414
      0.90000000      0.13650522
      0.91000000      0.13650519
      0.92000000      0.13650403
      0.93000000      0.13650179
      0.94000000      0.13649853
      0.95000000      0.13649433
      0.96000000      0.13648927
      0.97000000      0.13648347
      0.98000000      0.13647700
      0.99000000      0.13646997
      1.00000000      0.13646244
  
      0.00000000      0.13850965
      0.01000000      0.13852726
      0.02000000      0.13849151
      0.03000000      0.13834101
      0.04000000      0.13807706
      0.05000000      0.13786315
      0.06000000      0.13773292
      0.07000000      0.13764079
      0.08000000      0.13756862
      0.09000000      0.13750933
      0.10000000      0.13745957
      0.11000000      0.13741741
      0.12000000      0.13738151
      0.13000000      0.13735085
      0.14000000      0.13732461
      0.15000000      0.13730209
      0.16000000      0.13728273
      0.17000000      0.13726604
      0.18000000      0.13725161
      0.19000000      0.13723912
      0.20000000      0.13722828
      0.21000000      0.13721885
      0.22000000      0.13721064
      0.23000000      0.13720348
      0.24000000      0.13719722
      0.25000000      0.13719174
      0.26000000      0.13718694
      0.27000000      0.13718270
      0.28000000      0.13717895
      0.29000000      0.13717560
      0.30000000      0.13717258
      0.31000000      0.13716982
      0.32000000      0.13716725
      0.33000000      0.13716483
      0.34000000      0.13716248
      0.35000000      0.13716016
      0.36000000      0.13715783
      0.37000000      0.13715543
      0.38000000      0.13715292
      0.39000000      0.13715027
      0.40000000      0.13714716
      0.41000000      0.13714412
      0.42000000      0.13714084
      0.43000000      0.13713755
      0.44000000      0.13713344
      0.45000000      0.13712929
      0.46000000      0.13712481
      0.47000000      0.13712000
      0.48000000      0.13711483
      0.49000000      0.13710930
      0.50000000      0.13710340
      0.51000000      0.13709714
      0.52000000      0.13709051
      0.53000000      0.13708351
      0.54000000      0.13707615
      0.55000000      0.13706843
      0.56000000      0.13706037
      0.57000000      0.13705197
      0.58000000      0.13704325
      0.59000000      0.13703423
      0.60000000      0.13702491
      0.61000000      0.13701531
      0.62000000      0.13700547
      0.63000000      0.13699538
      0.64000000      0.13698509
      0.65000000      0.13697460
      0.66000000      0.13696395
      0.67000000      0.13695316
      0.68000000      0.13694225
      0.69000000      0.13693125
      0.70000000      0.13692020
      0.71000000      0.13690911
      0.72000000      0.13689824
      0.73000000      0.13688719
      0.74000000      0.13687620
      0.75000000      0.13686531
      0.76000000      0.13685457
      0.77000000      0.13684401
      0.78000000      0.13683368
      0.79000000      0.13682364
      0.80000000      0.13681393
      0.81000000      0.13680462
      0.82000000      0.13679578
      0.83000000      0.13678748
      0.84000000      0.13677982
      0.85000000      0.13677287
      0.86000000      0.13676675
      0.87000000      0.13676154
      0.88000000      0.13675734
      0.89000000      0.13675422
      0.90000000      0.13675226
      0.91000000      0.13675148
      0.92000000      0.13675190
      0.93000000      0.13675348
      0.94000000      0.13675617
      0.95000000      0.13675990
      0.96000000      0.13676458
      0.97000000      0.13677013
      0.98000000      0.13677644
      0.99000000      0.13678344
      1.00000000      0.13679104
  
      0.00000000      0.15377284
      0.01000000      0.15359257
      0.02000000      0.15323543
      0.03000000      0.15265572
      0.04000000      0.15175747
      0.05000000      0.15060713
      0.06000000      0.14955038
      0.07000000      0.14883493
      0.08000000      0.14843377
      0.09000000      0.14823681
      0.10000000      0.14815899
      0.11000000      0.14814900
      0.12000000      0.14817754
      0.13000000      0.14822795
      0.14000000      0.14829063
      0.15000000      0.14835999
      0.16000000      0.14843276
      0.17000000      0.14850698
      0.18000000      0.14858153
      0.19000000      0.14865573
      0.20000000      0.14872920
      0.21000000      0.14880173
      0.22000000      0.14887320
      0.23000000      0.14894355
      0.24000000      0.14901276
      0.25000000      0.14908083
      0.26000000      0.14914775
      0.27000000      0.14921354
      0.28000000      0.14927821
      0.29000000      0.14934176
      0.30000000      0.14940422
      0.31000000      0.14946560
      0.32000000      0.14952592
      0.33000000      0.14958518
      0.34000000      0.14964341
      0.35000000      0.14970062
      0.36000000      0.14975682
      0.37000000      0.14981204
      0.38000000      0.14986628
      0.39000000      0.14991957
      0.40000000      0.14997191
      0.41000000      0.15002332
      0.42000000      0.15007380
      0.43000000      0.15012342
      0.44000000      0.15017208
      0.45000000      0.15021988
      0.46000000      0.15026680
      0.47000000      0.15031285
      0.48000000      0.15035804
      0.49000000      0.15040237
      0.50000000      0.15044584
      0.51000000      0.15048845
      0.52000000      0.15053022
      0.53000000      0.15057114
      0.54000000      0.15061122
      0.55000000      0.15065046
      0.56000000      0.15068885
      0.57000000      0.15072641
      0.58000000      0.15076313
      0.59000000      0.15079902
      0.60000000      0.15083408
      0.61000000      0.15086832
      0.62000000      0.15090173
      0.63000000      0.15093433
      0.64000000      0.15096611
      0.65000000      0.15099709
      0.66000000      0.15102726
      0.67000000      0.15105664
      0.68000000      0.15108522
      0.69000000      0.15111302
      0.70000000      0.15114005
      0.71000000      0.15116629
      0.72000000      0.15119195
      0.73000000      0.15121667
      0.74000000      0.15124063
      0.75000000      0.15126385
      0.76000000      0.15128633
      0.77000000      0.15130806
      0.78000000      0.15132907
      0.79000000      0.15134935
      0.80000000      0.15136892
      0.81000000      0.15138778
      0.82000000      0.15140593
      0.83000000      0.15142339
      0.84000000      0.15144017
      0.85000000      0.15145626
      0.86000000      0.15147168
      0.87000000      0.15148644
      0.88000000      0.15150053
      0.89000000      0.15151397
      0.90000000      0.15152676
      0.91000000      0.15153889
      0.92000000      0.15155036
      0.93000000      0.15156118
      0.94000000      0.15157132
      0.95000000      0.15158078
      0.96000000      0.15158952
      0.97000000      0.15159752
      0.98000000      0.15160472
      0.99000000      0.15161108
      1.00000000      0.15161651
  
      0.00000000      0.15389607
      0.01000000      0.15395489
      0.02000000      0.15394808
      0.03000000      0.15384980
      0.04000000      0.15368718
      0.05000000      0.15351263
      0.06000000      0.15336128
      0.07000000      0.15323658
      0.08000000      0.15313113
      0.09000000      0.15303885
      0.10000000      0.15295622
      0.11000000      0.15288119
      0.12000000      0.15281246
      0.13000000      0.15274912
      0.14000000      0.15269050
      0.15000000      0.15263602
      0.16000000      0.15258523
      0.17000000      0.15253773
      0.18000000      0.15249317
      0.19000000      0.15245126
      0.20000000      0.15241176
      0.21000000      0.15237445
      0.22000000      0.15233915
      0.23000000      0.15230571
      0.24000000      0.15227400
      0.25000000      0.15224391
      0.26000000      0.15221536
      0.27000000      0.15218826
      0.28000000      0.15216254
      0.29000000      0.15213816
      0.30000000      0.15211506
      0.31000000      0.15209319
      0.32000000      0.15207254
      0.33000000      0.15205305
      0.34000000      0.15203470
      0.35000000      0.15201746
      0.36000000      0.15200130
      0.37000000      0.15198619
      0.38000000      0.15197211
      0.39000000      0.15195904
      0.40000000      0.15194676
      0.41000000      0.15193560
      0.42000000      0.15192535
      0.43000000      0.15191615
      0.44000000      0.15190747
      0.45000000      0.15189977
      0.46000000      0.15189285
      0.47000000      0.15188668
      0.48000000      0.15188123
      0.49000000      0.15187644
      0.50000000      0.15187229
      0.51000000      0.15186875
      0.52000000      0.15186576
      0.53000000      0.15186329
      0.54000000      0.15186131
      0.55000000      0.15185976
      0.56000000      0.15185863
      0.57000000      0.15185786
      0.58000000      0.15185742
      0.59000000      0.15185727
      0.60000000      0.15185737
      0.61000000      0.15185769
      0.62000000      0.15185820
      0.63000000      0.15185885
      0.64000000      0.15185961
      0.65000000      0.15186045
      0.66000000      0.15186135
      0.67000000      0.15186226
      0.68000000      0.15186317
      0.69000000      0.15186404
      0.70000000      0.15186484
      0.71000000      0.15186555
      0.72000000      0.15186633
      0.73000000      0.15186680
      0.74000000      0.15186711
      0.75000000      0.15186725
      0.76000000      0.15186719
      0.77000000      0.15186692
      0.78000000      0.15186643
      0.79000000      0.15186570
      0.80000000      0.15186473
      0.81000000      0.15186349
      0.82000000      0.15186198
      0.83000000      0.15186021
      0.84000000      0.15185815
      0.85000000      0.15185581
      0.86000000      0.15185318
      0.87000000      0.15185027
      0.88000000      0.15184708
      0.89000000      0.15184362
      0.90000000      0.15183988
      0.91000000      0.15183588
      0.92000000      0.15183164
      0.93000000      0.15182716
      0.94000000      0.15182247
      0.95000000      0.15181759
      0.96000000      0.15181257
      0.97000000      0.15180743
      0.98000000      0.15180223
      0.99000000      0.15179702
      1.00000000      0.15179190
  
      0.00000000      0.17443729
      0.01000000      0.17437930
      0.02000000      0.17425064
      0.03000000      0.17399426
      0.04000000      0.17343081
      0.05000000      0.17258288
      0.06000000      0.17172877
      0.07000000      0.17109984
      0.08000000      0.17071263
      0.09000000      0.17049444
      0.10000000      0.17037917
      0.11000000      0.17032444
      0.12000000      0.17030555
      0.13000000      0.17030853
      0.14000000      0.17032542
      0.15000000      0.17035168
      0.16000000      0.17038460
      0.17000000      0.17042250
      0.18000000      0.17046431
      0.19000000      0.17050924
      0.20000000      0.17055668
      0.21000000      0.17060614
      0.22000000      0.17065717
      0.23000000      0.17070938
      0.24000000      0.17076240
      0.25000000      0.17081589
      0.26000000      0.17086956
      0.27000000      0.17092312
      0.28000000      0.17097633
      0.29000000      0.17102899
      0.30000000      0.17108091
      0.31000000      0.17113194
      0.32000000      0.17118197
      0.33000000      0.17123091
      0.34000000      0.17127870
      0.35000000      0.17132530
      0.36000000      0.17137070
      0.37000000      0.17141491
      0.38000000      0.17145795
      0.39000000      0.17149985
      0.40000000      0.17154141
      0.41000000      0.17158121
      0.42000000      0.17162005
      0.43000000      0.17165730
      0.44000000      0.17169517
      0.45000000      0.17173160
      0.46000000      0.17176737
      0.47000000      0.17180257
      0.48000000      0.17183726
      0.49000000      0.17187151
      0.50000000      0.17190539
      0.51000000      0.17193895
      0.52000000      0.17197225
      0.53000000      0.17200533
      0.54000000      0.17203825
      0.55000000      0.17207102
      0.56000000      0.17210369
      0.57000000      0.17213629
      0.58000000      0.17216882
      0.59000000      0.17220132
      0.60000000      0.17223378
      0.61000000      0.17226623
      0.62000000      0.17229866
      0.63000000      0.17233109
      0.64000000      0.17236351
      0.65000000      0.17239591
      0.66000000      0.17242830
      0.67000000      0.17246066
      0.68000000      0.17249299
      0.69000000      0.17252528
      0.70000000      0.17255750
      0.71000000      0.17258966
      0.72000000      0.17262114
      0.73000000      0.17265309
      0.74000000      0.17268490
      0.75000000      0.17271656
      0.76000000      0.17274803
      0.77000000      0.17277928
      0.78000000      0.17281030
      0.79000000      0.17284105
      0.80000000      0.17287149
      0.81000000      0.17290161
      0.82000000      0.17293136
      0.83000000      0.17296072
      0.84000000      0.17298966
      0.85000000      0.17301814
      0.86000000      0.17304613
      0.87000000      0.17307361
      0.88000000      0.17310053
      0.89000000      0.17312688
      0.90000000      0.17315261
      0.91000000      0.17317770
      0.92000000      0.17320212
      0.93000000      0.17322581
      0.94000000      0.17324872
      0.95000000      0.17327075
      0.96000000      0.17329163
      0.97000000      0.17331058
      0.98000000      0.17332389
      0.99000000      0.17332144
      1.00000000      0.17330760
  
      0.00000000      0.17457976
      0.01000000      0.17456889
      0.02000000      0.17447132
      0.03000000      0.17428892
      0.04000000      0.17413215
      0.05000000      0.17402657
      0.06000000      0.17395701
      0.07000000      0.17391021
      0.08000000      0.17387679
      0.09000000      0.17385165
      0.10000000      0.17383203
      0.11000000      0.17381617
      0.12000000      0.17380280
      0.13000000      0.17379100
      0.14000000      0.17378006
      0.15000000      0.17376947
      0.16000000      0.17375888
      0.17000000      0.17374805
      0.18000000      0.17373685
      0.19000000      0.17372525
      0.20000000      0.17371323
      0.21000000      0.17370087
      0.22000000      0.17368823
      0.23000000      0.17367543
      0.24000000      0.17366256
      0.25000000      0.17364975
      0.26000000      0.17363711
      0.27000000      0.17362476
      0.28000000      0.17361279
      0.29000000      0.17360130
      0.30000000      0.17359038
      0.31000000      0.17358010
      0.32000000      0.17357051
      0.33000000      0.17356167
      0.34000000      0.17355361
      0.35000000      0.17354636
      0.36000000      0.17353994
      0.37000000      0.17353433
      0.38000000      0.17352955
      0.39000000      0.17352557
      0.40000000      0.17352280
      0.41000000      0.17352034
      0.42000000      0.17351859
      0.43000000      0.17351707
      0.44000000      0.17351705
      0.45000000      0.17351715
      0.46000000      0.17351777
      0.47000000      0.17351885
      0.48000000      0.17352033
      0.49000000      0.17352216
      0.50000000      0.17352429
      0.51000000      0.17352665
      0.52000000      0.17352921
      0.53000000      0.17353190
      0.54000000      0.17353468
      0.55000000      0.17353751
      0.56000000      0.17354035
      0.57000000      0.17354314
      0.58000000      0.17354587
      0.59000000      0.17354849
      0.60000000      0.17355097
      0.61000000      0.17355328
      0.62000000      0.17355540
      0.63000000      0.17355731
      0.64000000      0.17355898
      0.65000000      0.17356039
      0.66000000      0.17356151
      0.67000000      0.17356234
      0.68000000      0.17356286
      0.69000000      0.17356304
      0.70000000      0.17356288
      0.71000000      0.17356235
      0.72000000      0.17356100
      0.73000000      0.17355969
      0.74000000      0.17355796
      0.75000000      0.17355579
      0.76000000      0.17355318
      0.77000000      0.17355009
      0.78000000      0.17354652
      0.79000000      0.17354244
      0.80000000      0.17353784
      0.81000000      0.17353270
      0.82000000      0.17352700
      0.83000000      0.17352073
      0.84000000      0.17351387
      0.85000000      0.17350640
      0.86000000      0.17349832
      0.87000000      0.17348960
      0.88000000      0.17348024
      0.89000000      0.17347023
      0.90000000      0.17345956
      0.91000000      0.17344823
      0.92000000      0.17343624
      0.93000000      0.17342362
      0.94000000      0.17341038
      0.95000000      0.17339662
      0.96000000      0.17338258
      0.97000000      0.17336902
      0.98000000      0.17335965
      0.99000000      0.17336458
      1.00000000      0.17337942
  
      0.00000000      0.18129268
      0.01000000      0.18125728
      0.02000000      0.18120096
      0.03000000      0.18112978
      0.04000000      0.18103992
      0.05000000      0.18092835
      0.06000000      0.18081828
      0.07000000      0.18073638
      0.08000000      0.18068511
      0.09000000      0.18065619
      0.10000000      0.18064158
      0.11000000      0.18063577
      0.12000000      0.18063529
      0.13000000      0.18063802
      0.14000000      0.18064266
      0.15000000      0.18064841
      0.16000000      0.18065476
      0.17000000      0.18066142
      0.18000000      0.18066820
      0.19000000      0.18067497
      0.20000000      0.18068167
      0.21000000      0.18068824
      0.22000000      0.18069466
      0.23000000      0.18070091
      0.24000000      0.18070699
      0.25000000      0.18071288
      0.26000000      0.18071859
      0.27000000      0.18072410
      0.28000000      0.18072943
      0.29000000      0.18073456
      0.30000000      0.18073950
      0.31000000      0.18074425
      0.32000000      0.18074881
      0.33000000      0.18075319
      0.34000000      0.18075737
      0.35000000      0.18076136
      0.36000000      0.18076518
      0.37000000      0.18076880
      0.38000000      0.18077225
      0.39000000      0.18077552
      0.40000000      0.18077861
      0.41000000      0.18078153
      0.42000000      0.18078428
      0.43000000      0.18078686
      0.44000000      0.18078928
      0.45000000      0.18079154
      0.46000000      0.18079364
      0.47000000      0.18079559
      0.48000000      0.18079740
      0.49000000      0.18079907
      0.50000000      0.18080060
      0.51000000      0.18080200
      0.52000000      0.18080327
      0.53000000      0.18080443
      0.54000000      0.18080547
      0.55000000      0.18080640
      0.56000000      0.18080723
      0.57000000      0.18080797
      0.58000000      0.18080862
      0.59000000      0.18080918
      0.60000000      0.18080967
      0.61000000      0.18081009
      0.62000000      0.18081044
      0.63000000      0.18081074
      0.64000000      0.18081098
      0.65000000      0.18081117
      0.66000000      0.18081132
      0.67000000      0.18081143
      0.68000000      0.18081151
      0.69000000      0.18081156
      0.70000000      0.18081158
      0.71000000      0.18081158
      0.72000000      0.18081156
      0.73000000      0.18081152
      0.74000000      0.18081146
      0.75000000      0.18081139
      0.76000000      0.18081130
      0.77000000      0.18081118
      0.78000000      0.18081105
      0.79000000      0.18081090
      0.80000000      0.18081071
      0.81000000      0.18081050
      0.82000000      0.18081025
      0.83000000      0.18080996
      0.84000000      0.18080963
      0.85000000      0.18080925
      0.86000000      0.18080883
      0.87000000      0.18080835
      0.88000000      0.18080782
      0.89000000      0.18080725
      0.90000000      0.18080662
      0.91000000      0.18080595
      0.92000000      0.18080525
      0.93000000      0.18080451
      0.94000000      0.18080374
      0.95000000      0.18080294
      0.96000000      0.18080212
      0.97000000      0.18080129
      0.98000000      0.18080044
      0.99000000      0.18079958
      1.00000000      0.18079872
  
      0.00000000      0.18133818
      0.01000000      0.18135304
      0.02000000      0.18134695
      0.03000000      0.18130721
      0.04000000      0.18123658
      0.05000000      0.18116255
      0.06000000      0.18110696
      0.07000000      0.18106714
      0.08000000      0.18103668
      0.09000000      0.18101205
      0.10000000      0.18099146
      0.11000000      0.18097391
      0.12000000      0.18095879
      0.13000000      0.18094566
      0.14000000      0.18093419
      0.15000000      0.18092416
      0.16000000      0.18091536
      0.17000000      0.18090765
      0.18000000      0.18090091
      0.19000000      0.18089502
      0.20000000      0.18088990
      0.21000000      0.18088548
      0.22000000      0.18088168
      0.23000000      0.18087844
      0.24000000      0.18087571
      0.25000000      0.18087343
      0.26000000      0.18087156
      0.27000000      0.18087005
      0.28000000      0.18086885
      0.29000000      0.18086793
      0.30000000      0.18086724
      0.31000000      0.18086676
      0.32000000      0.18086645
      0.33000000      0.18086628
      0.34000000      0.18086623
      0.35000000      0.18086626
      0.36000000      0.18086635
      0.37000000      0.18086649
      0.38000000      0.18086666
      0.39000000      0.18086683
      0.40000000      0.18086700
      0.41000000      0.18086715
      0.42000000      0.18086727
      0.43000000      0.18086737
      0.44000000      0.18086741
      0.45000000      0.18086740
      0.46000000      0.18086734
      0.47000000      0.18086722
      0.48000000      0.18086704
      0.49000000      0.18086679
      0.50000000      0.18086647
      0.51000000      0.18086608
      0.52000000      0.18086562
      0.53000000      0.18086509
      0.54000000      0.18086449
      0.55000000      0.18086382
      0.56000000      0.18086308
      0.57000000      0.18086227
      0.58000000      0.18086141
      0.59000000      0.18086048
      0.60000000      0.18085949
      0.61000000      0.18085845
      0.62000000      0.18085737
      0.63000000      0.18085623
      0.64000000      0.18085506
      0.65000000      0.18085386
      0.66000000      0.18085263
      0.67000000      0.18085138
      0.68000000      0.18085011
      0.69000000      0.18084883
      0.70000000      0.18084755
      0.71000000      0.18084628
      0.72000000      0.18084503
      0.73000000      0.18084379
      0.74000000      0.18084258
      0.75000000      0.18084139
      0.76000000      0.18084025
      0.77000000      0.18083916
      0.78000000      0.18083812
      0.79000000      0.18083715
      0.80000000      0.18083625
      0.81000000      0.18083542
      0.82000000      0.18083468
      0.83000000      0.18083403
      0.84000000      0.18083348
      0.85000000      0.18083303
      0.86000000      0.18083268
      0.87000000      0.18083244
      0.88000000      0.18083231
      0.89000000      0.18083227
      0.90000000      0.18083233
      0.91000000      0.18083249
      0.92000000      0.18083274
      0.93000000      0.18083306
      0.94000000      0.18083347
      0.95000000      0.18083394
      0.96000000      0.18083448
      0.97000000      0.18083507
      0.98000000      0.18083572
      0.99000000      0.18083642
      1.00000000      0.18083716
  
      0.00000000      0.19964666
      0.01000000      0.19964572
      0.02000000      0.19963693
      0.03000000      0.19961817
      0.04000000      0.19958265
      0.05000000      0.19951601
      0.06000000      0.19940882
      0.07000000      0.19927694
      0.08000000      0.19915862
      0.09000000      0.19908308
      0.10000000      0.19905272
      0.11000000      0.19905447
      0.12000000      0.19907414
      0.13000000      0.19910178
      0.14000000      0.19913167
      0.15000000      0.19916089
      0.16000000      0.19918814
      0.17000000      0.19921297
      0.18000000      0.19923531
      0.19000000      0.19925530
      0.20000000      0.19927313
      0.21000000      0.19928901
      0.22000000      0.19930314
      0.23000000      0.19931569
      0.24000000      0.19932681
      0.25000000      0.19933663
      0.26000000      0.19934527
      0.27000000      0.19935282
      0.28000000      0.19935937
      0.29000000      0.19936499
      0.30000000      0.19936974
      0.31000000      0.19937369
      0.32000000      0.19937689
      0.33000000      0.19937937
      0.34000000      0.19938118
      0.35000000      0.19938236
      0.36000000      0.19938294
      0.37000000      0.19938294
      0.38000000      0.19938240
      0.39000000      0.19938134
      0.40000000      0.19937978
      0.41000000      0.19937774
      0.42000000      0.19937525
      0.43000000      0.19937233
      0.44000000      0.19936897
      0.45000000      0.19936522
      0.46000000      0.19936108
      0.47000000      0.19935656
      0.48000000      0.19935168
      0.49000000      0.19934646
      0.50000000      0.19934090
      0.51000000      0.19933503
      0.52000000      0.19932886
      0.53000000      0.19932239
      0.54000000      0.19931566
      0.55000000      0.19930866
      0.56000000      0.19930142
      0.57000000      0.19929395
      0.58000000      0.19928626
      0.59000000      0.19927838
      0.60000000      0.19927032
      0.61000000      0.19926210
      0.62000000      0.19925373
      0.63000000      0.19924524
      0.64000000      0.19923665
      0.65000000      0.19922797
      0.66000000      0.19921924
      0.67000000      0.19921047
      0.68000000      0.19920169
      0.69000000      0.19919293
      0.70000000      0.19918421
      0.71000000      0.19917556
      0.72000000      0.19916701
      0.73000000      0.19915859
      0.74000000      0.19915033
      0.75000000      0.19914227
      0.76000000      0.19913443
      0.77000000      0.19912685
      0.78000000      0.19911956
      0.79000000      0.19911259
      0.80000000      0.19910597
      0.81000000      0.19909973
      0.82000000      0.19909389
      0.83000000      0.19908849
      0.84000000      0.19908355
      0.85000000      0.19907908
      0.86000000      0.19907512
      0.87000000      0.19907168
      0.88000000      0.19906877
      0.89000000      0.19906641
      0.90000000      0.19906460
      0.91000000      0.19906335
      0.92000000      0.19906267
      0.93000000      0.19906255
      0.94000000      0.19906299
      0.95000000      0.19906398
      0.96000000      0.19906552
      0.97000000      0.19906759
      0.98000000      0.19907018
      0.99000000      0.19907325
      1.00000000      0.19907679
  
      0.00000000      0.19968437
      0.01000000      0.19968077
      0.02000000      0.19967769
      0.03000000      0.19967336
      0.04000000      0.19966629
      0.05000000      0.19965816
      0.06000000      0.19965155
      0.07000000      0.19964704
      0.08000000      0.19964423
      0.09000000      0.19964270
      0.10000000      0.19964217
      0.11000000      0.19964240
      0.12000000      0.19964321
      0.13000000      0.19964443
      0.14000000      0.19964594
      0.15000000      0.19964765
      0.16000000      0.19964946
      0.17000000      0.19965133
      0.18000000      0.19965320
      0.19000000      0.19965505
      0.20000000      0.19965684
      0.21000000      0.19965856
      0.22000000      0.19966020
      0.23000000      0.19966173
      0.24000000      0.19966317
      0.25000000      0.19966449
      0.26000000      0.19966569
      0.27000000      0.19966676
      0.28000000      0.19966770
      0.29000000      0.19966850
      0.30000000      0.19966916
      0.31000000      0.19966966
      0.32000000      0.19967000
      0.33000000      0.19967016
      0.34000000      0.19967015
      0.35000000      0.19966996
      0.36000000      0.19966957
      0.37000000      0.19966898
      0.38000000      0.19966817
      0.39000000      0.19966715
      0.40000000      0.19966590
      0.41000000      0.19966442
      0.42000000      0.19966270
      0.43000000      0.19966075
      0.44000000      0.19965853
      0.45000000      0.19965605
      0.46000000      0.19965331
      0.47000000      0.19965030
      0.48000000      0.19964702
      0.49000000      0.19964345
      0.50000000      0.19963960
      0.51000000      0.19963546
      0.52000000      0.19963103
      0.53000000      0.19962631
      0.54000000      0.19962128
      0.55000000      0.19961595
      0.56000000      0.19961032
      0.57000000      0.19960438
      0.58000000      0.19959813
      0.59000000      0.19959158
      0.60000000      0.19958472
      0.61000000      0.19957755
      0.62000000      0.19957008
      0.63000000      0.19956231
      0.64000000      0.19955424
      0.65000000      0.19954588
      0.66000000      0.19953723
      0.67000000      0.19952830
      0.68000000      0.19951911
      0.69000000      0.19950966
      0.70000000      0.19949997
      0.71000000      0.19949004
      0.72000000      0.19947991
      0.73000000      0.19946958
      0.74000000      0.19945907
      0.75000000      0.19944841
      0.76000000      0.19943761
      0.77000000      0.19942672
      0.78000000      0.19941575
      0.79000000      0.19940473
      0.80000000      0.19939370
      0.81000000      0.19938268
      0.82000000      0.19937170
      0.83000000      0.19936081
      0.84000000      0.19935003
      0.85000000      0.19933940
      0.86000000      0.19932895
      0.87000000      0.19931872
      0.88000000      0.19930874
      0.89000000      0.19929905
      0.90000000      0.19928968
      0.91000000      0.19928067
      0.92000000      0.19927205
      0.93000000      0.19926385
      0.94000000      0.19925611
      0.95000000      0.19924885
      0.96000000      0.19924211
      0.97000000      0.19923592
      0.98000000      0.19923032
      0.99000000      0.19922533
      1.00000000      0.19922100
  
      0.00000000      0.20727487
      0.01000000      0.20717895
      0.02000000      0.20706305
      0.03000000      0.20694203
      0.04000000      0.20682846
      0.05000000      0.20673151
      0.06000000      0.20663716
      0.07000000      0.20596085
      0.08000000      0.20505312
      0.09000000      0.20454347
      0.10000000      0.20434695
      0.11000000      0.20433313
      0.12000000      0.20441407
      0.13000000      0.20453714
      0.14000000      0.20467219
      0.15000000      0.20480298
      0.16000000      0.20492172
      0.17000000      0.20502552
      0.18000000      0.20511402
      0.19000000      0.20518806
      0.20000000      0.20524886
      0.21000000      0.20529773
      0.22000000      0.20533583
      0.23000000      0.20536419
      0.24000000      0.20538368
      0.25000000      0.20539507
      0.26000000      0.20539902
      0.27000000      0.20539615
      0.28000000      0.20538699
      0.29000000      0.20537207
      0.30000000      0.20535186
      0.31000000      0.20532681
      0.32000000      0.20529734
      0.33000000      0.20526383
      0.34000000      0.20522666
      0.35000000      0.20518616
      0.36000000      0.20514265
      0.37000000      0.20509643
      0.38000000      0.20504776
      0.39000000      0.20499691
      0.40000000      0.20494402
      0.41000000      0.20488948
      0.42000000      0.20483342
      0.43000000      0.20477614
      0.44000000      0.20471750
      0.45000000      0.20465799
      0.46000000      0.20459766
      0.47000000      0.20453668
      0.48000000      0.20447518
      0.49000000      0.20441332
      0.50000000      0.20435121
      0.51000000      0.20428900
      0.52000000      0.20422681
      0.53000000      0.20416475
      0.54000000      0.20410294
      0.55000000      0.20404148
      0.56000000      0.20398049
      0.57000000      0.20392006
      0.58000000      0.20386028
      0.59000000      0.20380126
      0.60000000      0.20374307
      0.61000000      0.20368580
      0.62000000      0.20362954
      0.63000000      0.20357435
      0.64000000      0.20352032
      0.65000000      0.20346750
      0.66000000      0.20341596
      0.67000000      0.20336577
      0.68000000      0.20331698
      0.69000000      0.20326964
      0.70000000      0.20322379
      0.71000000      0.20317948
      0.72000000      0.20313672
      0.73000000      0.20309557
      0.74000000      0.20305604
      0.75000000      0.20301814
      0.76000000      0.20298187
      0.77000000      0.20294724
      0.78000000      0.20291421
      0.79000000      0.20288277
      0.80000000      0.20285286
      0.81000000      0.20282443
      0.82000000      0.20279740
      0.83000000      0.20277168
      0.84000000      0.20274716
      0.85000000      0.20272370
      0.86000000      0.20270116
      0.87000000      0.20267941
      0.88000000      0.20265829
      0.89000000      0.20263770
      0.90000000      0.20261757
      0.91000000      0.20259787
      0.92000000      0.20257864
      0.93000000      0.20255997
      0.94000000      0.20254198
      0.95000000      0.20252481
      0.96000000      0.20250860
      0.97000000      0.20249348
      0.98000000      0.20247959
      0.99000000      0.20246703
      1.00000000      0.20245588
  
      0.00000000      0.20780286
      0.01000000      0.20787669
      0.02000000      0.20793933
      0.03000000      0.20796664
      0.04000000      0.20791264
      0.05000000      0.20767247
      0.06000000      0.20706464
      0.07000000      0.20665008
      0.08000000      0.20660634
      0.09000000      0.20659042
      0.10000000      0.20659130
      0.11000000      0.20660553
      0.12000000      0.20663017
      0.13000000      0.20666218
      0.14000000      0.20669849
      0.15000000      0.20673622
      0.16000000      0.20677295
      0.17000000      0.20680688
      0.18000000      0.20683680
      0.19000000      0.20686209
      0.20000000      0.20688250
      0.21000000      0.20689807
      0.22000000      0.20690899
      0.23000000      0.20691550
      0.24000000      0.20691784
      0.25000000      0.20691623
      0.26000000      0.20691083
      0.27000000      0.20690176
      0.28000000      0.20688909
      0.29000000      0.20687284
      0.30000000      0.20685302
      0.31000000      0.20682959
      0.32000000      0.20680254
      0.33000000      0.20677184
      0.34000000      0.20673745
      0.35000000      0.20669936
      0.36000000      0.20665758
      0.37000000      0.20661212
      0.38000000      0.20656302
      0.39000000      0.20651032
      0.40000000      0.20645406
      0.41000000      0.20639441
      0.42000000      0.20633145
      0.43000000      0.20626533
      0.44000000      0.20619607
      0.45000000      0.20612396
      0.46000000      0.20604912
      0.47000000      0.20597173
      0.48000000      0.20589198
      0.49000000      0.20581008
      0.50000000      0.20572622
      0.51000000      0.20564063
      0.52000000      0.20555351
      0.53000000      0.20546509
      0.54000000      0.20537558
      0.55000000      0.20528521
      0.56000000      0.20519419
      0.57000000      0.20510274
      0.58000000      0.20501106
      0.59000000      0.20491937
      0.60000000      0.20482787
      0.61000000      0.20473674
      0.62000000      0.20464618
      0.63000000      0.20455636
      0.64000000      0.20446747
      0.65000000      0.20437965
      0.66000000      0.20429307
      0.67000000      0.20420788
      0.68000000      0.20412422
      0.69000000      0.20404222
      0.70000000      0.20396201
      0.71000000      0.20388370
      0.72000000      0.20380728
      0.73000000      0.20373310
      0.74000000      0.20366114
      0.75000000      0.20359150
      0.76000000      0.20352427
      0.77000000      0.20345953
      0.78000000      0.20339737
      0.79000000      0.20333788
      0.80000000      0.20328115
      0.81000000      0.20322727
      0.82000000      0.20317635
      0.83000000      0.20312849
      0.84000000      0.20308382
      0.85000000      0.20304246
      0.86000000      0.20300454
      0.87000000      0.20297019
      0.88000000      0.20293954
      0.89000000      0.20291267
      0.90000000      0.20288963
      0.91000000      0.20287041
      0.92000000      0.20285495
      0.93000000      0.20284312
      0.94000000      0.20283478
      0.95000000      0.20282977
      0.96000000      0.20282791
      0.97000000      0.20282905
      0.98000000      0.20283305
      0.99000000      0.20283979
      1.00000000      0.20284916
  
      0.00000000      0.24730842
      0.01000000      0.24620002
      0.02000000      0.24366681
      0.03000000      0.23915271
      0.04000000      0.23142911
      0.05000000      0.22212995
      0.06000000      0.21545721
      0.07000000      0.21240680
      0.08000000      0.21137042
      0.09000000      0.21107659
      0.10000000      0.21107237
      0.11000000      0.21121376
      0.12000000      0.21144714
      0.13000000      0.21174763
      0.14000000      0.21210030
      0.15000000      0.21249395
      0.16000000      0.21291901
      0.17000000      0.21336708
      0.18000000      0.21383083
      0.19000000      0.21430408
      0.20000000      0.21478174
      0.21000000      0.21525972
      0.22000000      0.21573478
      0.23000000      0.21620440
      0.24000000      0.21666660
      0.25000000      0.21711984
      0.26000000      0.21756293
      0.27000000      0.21799491
      0.28000000      0.21841504
      0.29000000      0.21882271
      0.30000000      0.21921745
      0.31000000      0.21959885
      0.32000000      0.21996663
      0.33000000      0.22032052
      0.34000000      0.22066036
      0.35000000      0.22098600
      0.36000000      0.22129738
      0.37000000      0.22159446
      0.38000000      0.22187727
      0.39000000      0.22214588
      0.40000000      0.22240050
      0.41000000      0.22264100
      0.42000000      0.22286778
      0.43000000      0.22308120
      0.44000000      0.22328120
      0.45000000      0.22346843
      0.46000000      0.22364314
      0.47000000      0.22380571
      0.48000000      0.22395655
      0.49000000      0.22409610
      0.50000000      0.22422481
      0.51000000      0.22434316
      0.52000000      0.22445161
      0.53000000      0.22455067
      0.54000000      0.22464082
      0.55000000      0.22472258
      0.56000000      0.22479642
      0.57000000      0.22486285
      0.58000000      0.22492235
      0.59000000      0.22497540
      0.60000000      0.22502245
      0.61000000      0.22506398
      0.62000000      0.22510042
      0.63000000      0.22513219
      0.64000000      0.22515970
      0.65000000      0.22518336
      0.66000000      0.22520354
      0.67000000      0.22522060
      0.68000000      0.22523489
      0.69000000      0.22524674
      0.70000000      0.22525647
      0.71000000      0.22526436
      0.72000000      0.22527090
      0.73000000      0.22527593
      0.74000000      0.22527992
      0.75000000      0.22528310
      0.76000000      0.22528568
      0.77000000      0.22528788
      0.78000000      0.22528987
      0.79000000      0.22529183
      0.80000000      0.22529393
      0.81000000      0.22529632
      0.82000000      0.22529912
      0.83000000      0.22530246
      0.84000000      0.22530647
      0.85000000      0.22531123
      0.86000000      0.22531686
      0.87000000      0.22532342
      0.88000000      0.22533100
      0.89000000      0.22533965
      0.90000000      0.22534945
      0.91000000      0.22536044
      0.92000000      0.22537266
      0.93000000      0.22538614
      0.94000000      0.22540092
      0.95000000      0.22541699
      0.96000000      0.22543438
      0.97000000      0.22545308
      0.98000000      0.22547307
      0.99000000      0.22549432
      1.00000000      0.22551680
  
      0.00000000      0.25204006
      0.01000000      0.25216852
      0.02000000      0.25164051
      0.03000000      0.24979089
      0.04000000      0.24702029
      0.05000000      0.24460736
      0.06000000      0.24290779
      0.07000000      0.24172806
      0.08000000      0.24088171
      0.09000000      0.24026067
      0.10000000      0.23980490
      0.11000000      0.23947826
      0.12000000      0.23925664
      0.13000000      0.23912259
      0.14000000      0.23906273
      0.15000000      0.23906636
      0.16000000      0.23912474
      0.17000000      0.23923056
      0.18000000      0.23937766
      0.19000000      0.23956075
      0.20000000      0.23977530
      0.21000000      0.24001734
      0.22000000      0.24028336
      0.23000000      0.24057023
      0.24000000      0.24087505
      0.25000000      0.24119509
      0.26000000      0.24152764
      0.27000000      0.24186982
      0.28000000      0.24221832
      0.29000000      0.24256903
      0.30000000      0.24291620
      0.31000000      0.24325108
      0.32000000      0.24355917
      0.33000000      0.24381501
      0.34000000      0.24397491
      0.35000000      0.24397757
      0.36000000      0.24377998
      0.37000000      0.24340497
      0.38000000      0.24291712
      0.39000000      0.24237136
      0.40000000      0.24179766
      0.41000000      0.24122008
      0.42000000      0.24064539
      0.43000000      0.24008163
      0.44000000      0.23952483
      0.45000000      0.23898424
      0.46000000      0.23845863
      0.47000000      0.23794870
      0.48000000      0.23745485
      0.49000000      0.23697723
      0.50000000      0.23651589
      0.51000000      0.23607072
      0.52000000      0.23564157
      0.53000000      0.23522820
      0.54000000      0.23483033
      0.55000000      0.23444766
      0.56000000      0.23407985
      0.57000000      0.23372653
      0.58000000      0.23338733
      0.59000000      0.23306185
      0.60000000      0.23274969
      0.61000000      0.23245046
      0.62000000      0.23216374
      0.63000000      0.23188912
      0.64000000      0.23162622
      0.65000000      0.23137461
      0.66000000      0.23113392
      0.67000000      0.23090376
      0.68000000      0.23068374
      0.69000000      0.23047349
      0.70000000      0.23027266
      0.71000000      0.23008090
      0.72000000      0.22989784
      0.73000000      0.22972319
      0.74000000      0.22955663
      0.75000000      0.22939785
      0.76000000      0.22924657
      0.77000000      0.22910249
      0.78000000      0.22896536
      0.79000000      0.22883492
      0.80000000      0.22871091
      0.81000000      0.22859312
      0.82000000      0.22848131
      0.83000000      0.22837528
      0.84000000      0.22827484
      0.85000000      0.22817978
      0.86000000      0.22808996
      0.87000000      0.22800519
      0.88000000      0.22792534
      0.89000000      0.22785027
      0.90000000      0.22777985
      0.91000000      0.22771398
      0.92000000      0.22765255
      0.93000000      0.22759548
      0.94000000      0.22754271
      0.95000000      0.22749416
      0.96000000      0.22744982
      0.97000000      0.22740963
      0.98000000      0.22737361
      0.99000000      0.22734175
      1.00000000      0.22731409
  
      0.00000000      0.27736247
      0.01000000      0.27705959
      0.02000000      0.27513555
      0.03000000      0.27232635
      0.04000000      0.26995334
      0.05000000      0.26872994
      0.06000000      0.26830180
      0.07000000      0.26818962
      0.08000000      0.26813376
      0.09000000      0.26801684
      0.10000000      0.26778481
      0.11000000      0.26741323
      0.12000000      0.26689630
      0.13000000      0.26624314
      0.14000000      0.26547359
      0.15000000      0.26461253
      0.16000000      0.26368459
      0.17000000      0.26271114
      0.18000000      0.26170934
      0.19000000      0.26069240
      0.20000000      0.25967037
      0.21000000      0.25865082
      0.22000000      0.25763952
      0.23000000      0.25664092
      0.24000000      0.25565855
      0.25000000      0.25469533
      0.26000000      0.25375386
      0.27000000      0.25283666
      0.28000000      0.25194652
      0.29000000      0.25108697
      0.30000000      0.25026308
      0.31000000      0.24948287
      0.32000000      0.24876011
      0.33000000      0.24811948
      0.34000000      0.24760390
      0.35000000      0.24727386
      0.36000000      0.24717160
      0.37000000      0.24727348
      0.38000000      0.24751411
      0.39000000      0.24783776
      0.40000000      0.24821131
      0.41000000      0.24861471
      0.42000000      0.24903786
      0.43000000      0.24947382
      0.44000000      0.24991996
      0.45000000      0.25037196
      0.46000000      0.25082827
      0.47000000      0.25128735
      0.48000000      0.25174793
      0.49000000      0.25220898
      0.50000000      0.25266962
      0.51000000      0.25312906
      0.52000000      0.25358660
      0.53000000      0.25404160
      0.54000000      0.25449346
      0.55000000      0.25494164
      0.56000000      0.25538562
      0.57000000      0.25582492
      0.58000000      0.25625908
      0.59000000      0.25668767
      0.60000000      0.25711027
      0.61000000      0.25752652
      0.62000000      0.25793604
      0.63000000      0.25833848
      0.64000000      0.25873353
      0.65000000      0.25912088
      0.66000000      0.25950024
      0.67000000      0.25987134
      0.68000000      0.26023393
      0.69000000      0.26058778
      0.70000000      0.26093266
      0.71000000      0.26126838
      0.72000000      0.26159534
      0.73000000      0.26191221
      0.74000000      0.26221941
      0.75000000      0.26251678
      0.76000000      0.26280421
      0.77000000      0.26308157
      0.78000000      0.26334877
      0.79000000      0.26360571
      0.80000000      0.26385232
      0.81000000      0.26408853
      0.82000000      0.26431428
      0.83000000      0.26452953
      0.84000000      0.26473423
      0.85000000      0.26492836
      0.86000000      0.26511189
      0.87000000      0.26528480
      0.88000000      0.26544709
      0.89000000      0.26559873
      0.90000000      0.26573972
      0.91000000      0.26587006
      0.92000000      0.26598974
      0.93000000      0.26609876
      0.94000000      0.26619712
      0.95000000      0.26628480
      0.96000000      0.26636180
      0.97000000      0.26642811
      0.98000000      0.26648370
      0.99000000      0.26652858
      1.00000000      0.26656271
  
      0.00000000      0.28558892
      0.01000000      0.28507734
      0.02000000      0.28438172
      0.03000000      0.28335310
      0.04000000      0.28203656
      0.05000000      0.28068711
      0.06000000      0.27948148
      0.07000000      0.27842124
      0.08000000      0.27746011
      0.09000000      0.27657452
      0.10000000      0.27576349
      0.11000000      0.27503496
      0.12000000      0.27439480
      0.13000000      0.27384083
      0.14000000      0.27336261
      0.15000000      0.27294515
      0.16000000      0.27257329
      0.17000000      0.27223437
      0.18000000      0.27191907
      0.19000000      0.27162108
      0.20000000      0.27133646
      0.21000000      0.27106297
      0.22000000      0.27079955
      0.23000000      0.27054588
      0.24000000      0.27030212
      0.25000000      0.27006871
      0.26000000      0.26984624
      0.27000000      0.26963538
      0.28000000      0.26943679
      0.29000000      0.26925108
      0.30000000      0.26907884
      0.31000000      0.26892055
      0.32000000      0.26877663
      0.33000000      0.26864743
      0.34000000      0.26853317
      0.35000000      0.26843403
      0.36000000      0.26835006
      0.37000000      0.26828127
      0.38000000      0.26822756
      0.39000000      0.26818877
      0.40000000      0.26816616
      0.41000000      0.26815636
      0.42000000      0.26816057
      0.43000000      0.26817695
      0.44000000      0.26820916
      0.45000000      0.26825254
      0.46000000      0.26830788
      0.47000000      0.26837457
      0.48000000      0.26845197
      0.49000000      0.26853939
      0.50000000      0.26863615
      0.51000000      0.26874155
      0.52000000      0.26885487
      0.53000000      0.26897538
      0.54000000      0.26910237
      0.55000000      0.26923513
      0.56000000      0.26937296
      0.57000000      0.26951515
      0.58000000      0.26966105
      0.59000000      0.26980998
      0.60000000      0.26996133
      0.61000000      0.27011447
      0.62000000      0.27026881
      0.63000000      0.27042379
      0.64000000      0.27057887
      0.65000000      0.27073353
      0.66000000      0.27088727
      0.67000000      0.27103963
      0.68000000      0.27119015
      0.69000000      0.27133842
      0.70000000      0.27148402
      0.71000000      0.27162658
      0.72000000      0.27176587
      0.73000000      0.27190130
      0.74000000      0.27203265
      0.75000000      0.27215963
      0.76000000      0.27228193
      0.77000000      0.27239931
      0.78000000      0.27251151
      0.79000000      0.27261831
      0.80000000      0.27271951
      0.81000000      0.27281492
      0.82000000      0.27290436
      0.83000000      0.27298771
      0.84000000      0.27306482
      0.85000000      0.27313559
      0.86000000      0.27319992
      0.87000000      0.27325773
      0.88000000      0.27330898
      0.89000000      0.27335360
      0.90000000      0.27339158
      0.91000000      0.27342289
      0.92000000      0.27344752
      0.93000000      0.27346548
      0.94000000      0.27347677
      0.95000000      0.27348142
      0.96000000      0.27347945
      0.97000000      0.27347088
      0.98000000      0.27345575
      0.99000000      0.27343409
      1.00000000      0.27340594
  
      0.00000000      0.34042743
      0.01000000      0.33884877
      0.02000000      0.33599148
      0.03000000      0.33217641
      0.04000000      0.32812784
      0.05000000      0.32492955
      0.06000000      0.32298362
      0.07000000      0.32194282
      0.08000000      0.32139696
      0.09000000      0.32110312
      0.10000000      0.32093874
      0.11000000      0.32084302
      0.12000000      0.32078512
      0.13000000      0.32074902
      0.14000000      0.32072631
      0.15000000      0.32071248
      0.16000000      0.32070518
      0.17000000      0.32070311
      0.18000000      0.32070559
      0.19000000      0.32071218
      0.20000000      0.32072257
      0.21000000      0.32073647
      0.22000000      0.32075359
      0.23000000      0.32077363
      0.24000000      0.32079624
      0.25000000      0.32082106
      0.26000000      0.32084773
      0.27000000      0.32087586
      0.28000000      0.32090510
      0.29000000      0.32093507
      0.30000000      0.32096545
      0.31000000      0.32099593
      0.32000000      0.32102620
      0.33000000      0.32105601
      0.34000000      0.32108514
      0.35000000      0.32111337
      0.36000000      0.32114054
      0.37000000      0.32116650
      0.38000000      0.32119114
      0.39000000      0.32121437
      0.40000000      0.32123576
      0.41000000      0.32125597
      0.42000000      0.32127461
      0.43000000      0.32129203
      0.44000000      0.32130719
      0.45000000      0.32132115
      0.46000000      0.32133359
      0.47000000      0.32134456
      0.48000000      0.32135410
      0.49000000      0.32136229
      0.50000000      0.32136918
      0.51000000      0.32137485
      0.52000000      0.32137939
      0.53000000      0.32138287
      0.54000000      0.32138538
      0.55000000      0.32138700
      0.56000000      0.32138782
      0.57000000      0.32138794
      0.58000000      0.32138744
      0.59000000      0.32138640
      0.60000000      0.32138493
      0.61000000      0.32138310
      0.62000000      0.32138101
      0.63000000      0.32137874
      0.64000000      0.32137638
      0.65000000      0.32137402
      0.66000000      0.32137174
      0.67000000      0.32136964
      0.68000000      0.32136779
      0.69000000      0.32136628
      0.70000000      0.32136520
      0.71000000      0.32136463
      0.72000000      0.32136483
      0.73000000      0.32136550
      0.74000000      0.32136691
      0.75000000      0.32136914
      0.76000000      0.32137225
      0.77000000      0.32137632
      0.78000000      0.32138140
      0.79000000      0.32138756
      0.80000000      0.32139485
      0.81000000      0.32140333
      0.82000000      0.32141302
      0.83000000      0.32142398
      0.84000000      0.32143621
      0.85000000      0.32144975
      0.86000000      0.32146459
      0.87000000      0.32148073
      0.88000000      0.32149816
      0.89000000      0.32151683
      0.90000000      0.32153672
      0.91000000      0.32155776
      0.92000000      0.32157987
      0.93000000      0.32160299
      0.94000000      0.32162700
      0.95000000      0.32165179
      0.96000000      0.32167724
      0.97000000      0.32170321
      0.98000000      0.32172954
      0.99000000      0.32175608
      1.00000000      0.32178265
  
      0.00000000      0.34218328
      0.01000000      0.34272340
      0.02000000      0.34251930
      0.03000000      0.34163183
      0.04000000      0.34046040
      0.05000000      0.33939627
      0.06000000      0.33858322
      0.07000000      0.33796770
      0.08000000      0.33746937
      0.09000000      0.33703929
      0.10000000      0.33665243
      0.11000000      0.33629569
      0.12000000      0.33596148
      0.13000000      0.33564494
      0.14000000      0.33534269
      0.15000000      0.33505225
      0.16000000      0.33477176
      0.17000000      0.33449981
      0.18000000      0.33423534
      0.19000000      0.33397759
      0.20000000      0.33372597
      0.21000000      0.33348009
      0.22000000      0.33323964
      0.23000000      0.33300444
      0.24000000      0.33277434
      0.25000000      0.33254924
      0.26000000      0.33232909
      0.27000000      0.33211382
      0.28000000      0.33190339
      0.29000000      0.33169774
      0.30000000      0.33149681
      0.31000000      0.33130055
      0.32000000      0.33110887
      0.33000000      0.33092169
      0.34000000      0.33073892
      0.35000000      0.33056045
      0.36000000      0.33038617
      0.37000000      0.33021595
      0.38000000      0.33004966
      0.39000000      0.32988718
      0.40000000      0.32972763
      0.41000000      0.32957235
      0.42000000      0.32942044
      0.43000000      0.32927239
      0.44000000      0.32912613
      0.45000000      0.32898345
      0.46000000      0.32884355
      0.47000000      0.32870629
      0.48000000      0.32857154
      0.49000000      0.32843917
      0.50000000      0.32830903
      0.51000000      0.32818102
      0.52000000      0.32805502
      0.53000000      0.32793091
      0.54000000      0.32780859
      0.55000000      0.32768796
      0.56000000      0.32756895
      0.57000000      0.32745147
      0.58000000      0.32733545
      0.59000000      0.32722084
      0.60000000      0.32710757
      0.61000000      0.32699562
      0.62000000      0.32688495
      0.63000000      0.32677554
      0.64000000      0.32666737
      0.65000000      0.32656045
      0.66000000      0.32645476
      0.67000000      0.32635034
      0.68000000      0.32624719
      0.69000000      0.32614534
      0.70000000      0.32604483
      0.71000000      0.32594569
      0.72000000      0.32584824
      0.73000000      0.32575197
      0.74000000      0.32565722
      0.75000000      0.32556403
      0.76000000      0.32547248
      0.77000000      0.32538261
      0.78000000      0.32529450
      0.79000000      0.32520821
      0.80000000      0.32512380
      0.81000000      0.32504135
      0.82000000      0.32496093
      0.83000000      0.32488262
      0.84000000      0.32480651
      0.85000000      0.32473266
      0.86000000      0.32466118
      0.87000000      0.32459216
      0.88000000      0.32452570
      0.89000000      0.32446190
      0.90000000      0.32440088
      0.91000000      0.32434276
      0.92000000      0.32428768
      0.93000000      0.32423575
      0.94000000      0.32418714
      0.95000000      0.32414199
      0.96000000      0.32410047
      0.97000000      0.32406273
      0.98000000      0.32402895
      0.99000000      0.32399931
      1.00000000      0.32397398
  
      0.00000000      0.52900892
      0.01000000      0.52668466
      0.02000000      0.52372916
      0.03000000      0.52074722
      0.04000000      0.51810614
      0.05000000      0.51601925
      0.06000000      0.51442186
      0.07000000      0.51312773
      0.08000000      0.51201991
      0.09000000      0.51105715
      0.10000000      0.51022626
      0.11000000      0.50951806
      0.12000000      0.50892188
      0.13000000      0.50842575
      0.14000000      0.50801752
      0.15000000      0.50768552
      0.16000000      0.50741891
      0.17000000      0.50720786
      0.18000000      0.50704351
      0.19000000      0.50691790
      0.20000000      0.50682394
      0.21000000      0.50675529
      0.22000000      0.50670628
      0.23000000      0.50667188
      0.24000000      0.50664763
      0.25000000      0.50662960
      0.26000000      0.50661439
      0.27000000      0.50659910
      0.28000000      0.50658133
      0.29000000      0.50655920
      0.30000000      0.50653134
      0.31000000      0.50649687
      0.32000000      0.50645541
      0.33000000      0.50640700
      0.34000000      0.50635211
      0.35000000      0.50629149
      0.36000000      0.50622613
      0.37000000      0.50615720
      0.38000000      0.50608590
      0.39000000      0.50601347
      0.40000000      0.50594031
      0.41000000      0.50586905
      0.42000000      0.50579987
      0.43000000      0.50573426
      0.44000000      0.50567094
      0.45000000      0.50561246
      0.46000000      0.50555862
      0.47000000      0.50550974
      0.48000000      0.50546606
      0.49000000      0.50542772
      0.50000000      0.50539479
      0.51000000      0.50536727
      0.52000000      0.50534509
      0.53000000      0.50532816
      0.54000000      0.50531634
      0.55000000      0.50530945
      0.56000000      0.50530731
      0.57000000      0.50530972
      0.58000000      0.50531646
      0.59000000      0.50532731
      0.60000000      0.50534206
      0.61000000      0.50536049
      0.62000000      0.50538240
      0.63000000      0.50540759
      0.64000000      0.50543585
      0.65000000      0.50546702
      0.66000000      0.50550091
      0.67000000      0.50553736
      0.68000000      0.50557621
      0.69000000      0.50561732
      0.70000000      0.50566052
      0.71000000      0.50570568
      0.72000000      0.50575313
      0.73000000      0.50580178
      0.74000000      0.50585197
      0.75000000      0.50590354
      0.76000000      0.50595635
      0.77000000      0.50601024
      0.78000000      0.50606506
      0.79000000      0.50612064
      0.80000000      0.50617681
      0.81000000      0.50623340
      0.82000000      0.50629024
      0.83000000      0.50634712
      0.84000000      0.50640386
      0.85000000      0.50646025
      0.86000000      0.50651609
      0.87000000      0.50657115
      0.88000000      0.50662520
      0.89000000      0.50667802
      0.90000000      0.50672933
      0.91000000      0.50677888
      0.92000000      0.50682638
      0.93000000      0.50687155
      0.94000000      0.50691408
      0.95000000      0.50695364
      0.96000000      0.50698991
      0.97000000      0.50702256
      0.98000000      0.50705127
      0.99000000      0.50707572
      1.00000000      0.50709561
  
      0.00000000      0.53128674
      0.01000000      0.53294800
      0.02000000      0.53391555
      0.03000000      0.53353995
      0.04000000      0.53163339
      0.05000000      0.52877091
      0.06000000      0.52608384
      0.07000000      0.52416672
      0.08000000      0.52294184
      0.09000000      0.52215247
      0.10000000      0.52159528
      0.11000000      0.52114636
      0.12000000      0.52073788
      0.13000000      0.52033552
      0.14000000      0.51992379
      0.15000000      0.51949756
      0.16000000      0.51905719
      0.17000000      0.51860581
      0.18000000      0.51814781
      0.19000000      0.51768799
      0.20000000      0.51723109
      0.21000000      0.51678157
      0.22000000      0.51634343
      0.23000000      0.51592023
      0.24000000      0.51551501
      0.25000000      0.51513034
      0.26000000      0.51476831
      0.27000000      0.51443050
      0.28000000      0.51411804
      0.29000000      0.51383158
      0.30000000      0.51357131
      0.31000000      0.51333696
      0.32000000      0.51312781
      0.33000000      0.51294277
      0.34000000      0.51278042
      0.35000000      0.51263908
      0.36000000      0.51251689
      0.37000000      0.51241188
      0.38000000      0.51232208
      0.39000000      0.51224556
      0.40000000      0.51217860
      0.41000000      0.51212329
      0.42000000      0.51207613
      0.43000000      0.51203739
      0.44000000      0.51200077
      0.45000000      0.51197023
      0.46000000      0.51194311
      0.47000000      0.51191859
      0.48000000      0.51189594
      0.49000000      0.51187455
      0.50000000      0.51185390
      0.51000000      0.51183354
      0.52000000      0.51181309
      0.53000000      0.51179224
      0.54000000      0.51177073
      0.55000000      0.51174835
      0.56000000      0.51172493
      0.57000000      0.51170034
      0.58000000      0.51167448
      0.59000000      0.51164729
      0.60000000      0.51161871
      0.61000000      0.51158874
      0.62000000      0.51155736
      0.63000000      0.51152460
      0.64000000      0.51149049
      0.65000000      0.51145507
      0.66000000      0.51141839
      0.67000000      0.51138050
      0.68000000      0.51134147
      0.69000000      0.51130136
      0.70000000      0.51126023
      0.71000000      0.51121814
      0.72000000      0.51117590
      0.73000000      0.51113207
      0.74000000      0.51108747
      0.75000000      0.51104216
      0.76000000      0.51099617
      0.77000000      0.51094958
      0.78000000      0.51090244
      0.79000000      0.51085481
      0.80000000      0.51080674
      0.81000000      0.51075832
      0.82000000      0.51070963
      0.83000000      0.51066075
      0.84000000      0.51061179
      0.85000000      0.51056287
      0.86000000      0.51051414
      0.87000000      0.51046575
      0.88000000      0.51041788
      0.89000000      0.51037074
      0.90000000      0.51032455
      0.91000000      0.51027957
      0.92000000      0.51023607
      0.93000000      0.51019435
      0.94000000      0.51015472
      0.95000000      0.51011752
      0.96000000      0.51008309
      0.97000000      0.51005177
      0.98000000      0.51002391
      0.99000000      0.50999983
      1.00000000      0.50997983
  
      0.00000000      0.63824961
      0.01000000      0.63819441
      0.02000000      0.63802554
      0.03000000      0.63774211
      0.04000000      0.63727114
      0.05000000      0.63654759
      0.06000000      0.63570741
      0.07000000      0.63499092
      0.08000000      0.63449653
      0.09000000      0.63419549
      0.10000000      0.63402876
      0.11000000      0.63394789
      0.12000000      0.63392041
      0.13000000      0.63392600
      0.14000000      0.63395223
      0.15000000      0.63399148
      0.16000000      0.63403908
      0.17000000      0.63409210
      0.18000000      0.63414866
      0.19000000      0.63420756
      0.20000000      0.63426796
      0.21000000      0.63432925
      0.22000000      0.63439101
      0.23000000      0.63445288
      0.24000000      0.63451458
      0.25000000      0.63457588
      0.26000000      0.63463658
      0.27000000      0.63469650
      0.28000000      0.63475550
      0.29000000      0.63481345
      0.30000000      0.63487025
      0.31000000      0.63492581
      0.32000000      0.63498006
      0.33000000      0.63503294
      0.34000000      0.63508440
      0.35000000      0.63513442
      0.36000000      0.63518298
      0.37000000      0.63523006
      0.38000000      0.63527566
      0.39000000      0.63531979
      0.40000000      0.63536232
      0.41000000      0.63540354
      0.42000000      0.63544333
      0.43000000      0.63548188
      0.44000000      0.63551876
      0.45000000      0.63555447
      0.46000000      0.63558888
      0.47000000      0.63562203
      0.48000000      0.63565396
      0.49000000      0.63568472
      0.50000000      0.63571434
      0.51000000      0.63574286
      0.52000000      0.63577034
      0.53000000      0.63579679
      0.54000000      0.63582228
      0.55000000      0.63584684
      0.56000000      0.63587050
      0.57000000      0.63589331
      0.58000000      0.63591531
      0.59000000      0.63593652
      0.60000000      0.63595699
      0.61000000      0.63597674
      0.62000000      0.63599581
      0.63000000      0.63601424
      0.64000000      0.63603205
      0.65000000      0.63604927
      0.66000000      0.63606593
      0.67000000      0.63608207
      0.68000000      0.63609770
      0.69000000      0.63611286
      0.70000000      0.63612757
      0.71000000      0.63614186
      0.72000000      0.63615596
      0.73000000      0.63616948
      0.74000000      0.63618267
      0.75000000      0.63619553
      0.76000000      0.63620809
      0.77000000      0.63622039
      0.78000000      0.63623243
      0.79000000      0.63624424
      0.80000000      0.63625583
      0.81000000      0.63626723
      0.82000000      0.63627846
      0.83000000      0.63628952
      0.84000000      0.63630043
      0.85000000      0.63631121
      0.86000000      0.63632185
      0.87000000      0.63633236
      0.88000000      0.63634276
      0.89000000      0.63635304
      0.90000000      0.63636320
      0.91000000      0.63637324
      0.92000000      0.63638315
      0.93000000      0.63639292
      0.94000000      0.63640253
      0.95000000      0.63641197
      0.96000000      0.63642121
      0.97000000      0.63643023
      0.98000000      0.63643899
      0.99000000      0.63644744
      1.00000000      0.63645554
  
      0.00000000      0.63850654
      0.01000000      0.63849584
      0.02000000      0.63847550
      0.03000000      0.63839793
      0.04000000      0.63826100
      0.05000000      0.63811239
      0.06000000      0.63798961
      0.07000000      0.63789410
      0.08000000      0.63781772
      0.09000000      0.63775462
      0.10000000      0.63770143
      0.11000000      0.63765611
      0.12000000      0.63761729
      0.13000000      0.63758393
      0.14000000      0.63755520
      0.15000000      0.63753043
      0.16000000      0.63750905
      0.17000000      0.63749059
      0.18000000      0.63747463
      0.19000000      0.63746084
      0.20000000      0.63744891
      0.21000000      0.63743861
      0.22000000      0.63742971
      0.23000000      0.63742203
      0.24000000      0.63741540
      0.25000000      0.63740968
      0.26000000      0.63740475
      0.27000000      0.63740049
      0.28000000      0.63739679
      0.29000000      0.63739356
      0.30000000      0.63739071
      0.31000000      0.63738817
      0.32000000      0.63738585
      0.33000000      0.63738369
      0.34000000      0.63738162
      0.35000000      0.63737958
      0.36000000      0.63737752
      0.37000000      0.63737538
      0.38000000      0.63737311
      0.39000000      0.63737067
      0.40000000      0.63736776
      0.41000000      0.63736488
      0.42000000      0.63736171
      0.43000000      0.63735851
      0.44000000      0.63735444
      0.45000000      0.63735029
      0.46000000      0.63734577
      0.47000000      0.63734087
      0.48000000      0.63733558
      0.49000000      0.63732988
      0.50000000      0.63732378
      0.51000000      0.63731728
      0.52000000      0.63731037
      0.53000000      0.63730305
      0.54000000      0.63729535
      0.55000000      0.63728725
      0.56000000      0.63727877
      0.57000000      0.63726993
      0.58000000      0.63726073
      0.59000000      0.63725119
      0.60000000      0.63724132
      0.61000000      0.63723115
      0.62000000      0.63722068
      0.63000000      0.63720993
      0.64000000      0.63719893
      0.65000000      0.63718769
      0.66000000      0.63717623
      0.67000000      0.63716457
      0.68000000      0.63715273
      0.69000000      0.63714073
      0.70000000      0.63712859
      0.71000000      0.63711633
      0.72000000      0.63710419
      0.73000000      0.63709174
      0.74000000      0.63707923
      0.75000000      0.63706668
      0.76000000      0.63705410
      0.77000000      0.63704152
      0.78000000      0.63702895
      0.79000000      0.63701641
      0.80000000      0.63700391
      0.81000000      0.63699148
      0.82000000      0.63697912
      0.83000000      0.63696685
      0.84000000      0.63695469
      0.85000000      0.63694265
      0.86000000      0.63693073
      0.87000000      0.63691896
      0.88000000      0.63690735
      0.89000000      0.63689591
      0.90000000      0.63688464
      0.91000000      0.63687357
      0.92000000      0.63686271
      0.93000000      0.63685208
      0.94000000      0.63684169
      0.95000000      0.63683157
      0.96000000      0.63682174
      0.97000000      0.63681224
      0.98000000      0.63680309
      0.99000000      0.63679435
      1.00000000      0.63678606
  
      0.00000000      0.65376629
      0.01000000      0.65363675
      0.02000000      0.65332662
      0.03000000      0.65281624
      0.04000000      0.65199883
      0.05000000      0.65091736
      0.06000000      0.64989777
      0.07000000      0.64918950
      0.08000000      0.64877980
      0.09000000      0.64856849
      0.10000000      0.64847476
      0.11000000      0.64844887
      0.12000000      0.64846208
      0.13000000      0.64849792
      0.14000000      0.64854688
      0.15000000      0.64860335
      0.16000000      0.64866405
      0.17000000      0.64872699
      0.18000000      0.64879100
      0.19000000      0.64885539
      0.20000000      0.64891972
      0.21000000      0.64898374
      0.22000000      0.64904732
      0.23000000      0.64911035
      0.24000000      0.64917277
      0.25000000      0.64923456
      0.26000000      0.64929569
      0.27000000      0.64935613
      0.28000000      0.64941588
      0.29000000      0.64947492
      0.30000000      0.64953323
      0.31000000      0.64959081
      0.32000000      0.64964766
      0.33000000      0.64970375
      0.34000000      0.64975909
      0.35000000      0.64981368
      0.36000000      0.64986750
      0.37000000      0.64992055
      0.38000000      0.64997283
      0.39000000      0.65002434
      0.40000000      0.65007507
      0.41000000      0.65012501
      0.42000000      0.65017418
      0.43000000      0.65022260
      0.44000000      0.65027018
      0.45000000      0.65031701
      0.46000000      0.65036306
      0.47000000      0.65040832
      0.48000000      0.65045280
      0.49000000      0.65049649
      0.50000000      0.65053940
      0.51000000      0.65058152
      0.52000000      0.65062285
      0.53000000      0.65066339
      0.54000000      0.65070313
      0.55000000      0.65074208
      0.56000000      0.65078024
      0.57000000      0.65081759
      0.58000000      0.65085414
      0.59000000      0.65088989
      0.60000000      0.65092483
      0.61000000      0.65095897
      0.62000000      0.65099231
      0.63000000      0.65102484
      0.64000000      0.65105656
      0.65000000      0.65108747
      0.66000000      0.65111758
      0.67000000      0.65114688
      0.68000000      0.65117538
      0.69000000      0.65120308
      0.70000000      0.65122997
      0.71000000      0.65125607
      0.72000000      0.65128155
      0.73000000      0.65130605
      0.74000000      0.65132976
      0.75000000      0.65135268
      0.76000000      0.65137480
      0.77000000      0.65139612
      0.78000000      0.65141665
      0.79000000      0.65143638
      0.80000000      0.65145529
      0.81000000      0.65147339
      0.82000000      0.65149065
      0.83000000      0.65150706
      0.84000000      0.65152260
      0.85000000      0.65153722
      0.86000000      0.65155088
      0.87000000      0.65156354
      0.88000000      0.65157511
      0.89000000      0.65158553
      0.90000000      0.65159471
      0.91000000      0.65160254
      0.92000000      0.65160895
      0.93000000      0.65161385
      0.94000000      0.65161722
      0.95000000      0.65161906
      0.96000000      0.65161941
      0.97000000      0.65161836
      0.98000000      0.65161601
      0.99000000      0.65161248
      1.00000000      0.65160786
  
      0.00000000      0.65389471
      0.01000000      0.65392849
      0.02000000      0.65390519
      0.03000000      0.65377812
      0.04000000      0.65358723
      0.05000000      0.65339668
      0.06000000      0.65323913
      0.07000000      0.65311252
      0.08000000      0.65300677
      0.09000000      0.65291486
      0.10000000      0.65283292
      0.11000000      0.65275872
      0.12000000      0.65269091
      0.13000000      0.65262852
      0.14000000      0.65257084
      0.15000000      0.65251728
      0.16000000      0.65246735
      0.17000000      0.65242064
      0.18000000      0.65237681
      0.19000000      0.65233556
      0.20000000      0.65229665
      0.21000000      0.65225985
      0.22000000      0.65222501
      0.23000000      0.65219195
      0.24000000      0.65216057
      0.25000000      0.65213076
      0.26000000      0.65210243
      0.27000000      0.65207551
      0.28000000      0.65204994
      0.29000000      0.65202567
      0.30000000      0.65200266
      0.31000000      0.65198086
      0.32000000      0.65196024
      0.33000000      0.65194078
      0.34000000      0.65192243
      0.35000000      0.65190519
      0.36000000      0.65188902
      0.37000000      0.65187389
      0.38000000      0.65185978
      0.39000000      0.65184667
      0.40000000      0.65183434
      0.41000000      0.65182314
      0.42000000      0.65181285
      0.43000000      0.65180361
      0.44000000      0.65179488
      0.45000000      0.65178714
      0.46000000      0.65178019
      0.47000000      0.65177399
      0.48000000      0.65176851
      0.49000000      0.65176372
      0.50000000      0.65175957
      0.51000000      0.65175603
      0.52000000      0.65175307
      0.53000000      0.65175065
      0.54000000      0.65174873
      0.55000000      0.65174727
      0.56000000      0.65174623
      0.57000000      0.65174558
      0.58000000      0.65174528
      0.59000000      0.65174529
      0.60000000      0.65174557
      0.61000000      0.65174608
      0.62000000      0.65174680
      0.63000000      0.65174768
      0.64000000      0.65174869
      0.65000000      0.65174980
      0.66000000      0.65175097
      0.67000000      0.65175219
      0.68000000      0.65175340
      0.69000000      0.65175461
      0.70000000      0.65175576
      0.71000000      0.65175685
      0.72000000      0.65175802
      0.73000000      0.65175892
      0.74000000      0.65175969
      0.75000000      0.65176032
      0.76000000      0.65176081
      0.77000000      0.65176115
      0.78000000      0.65176132
      0.79000000      0.65176134
      0.80000000      0.65176120
      0.81000000      0.65176092
      0.82000000      0.65176051
      0.83000000      0.65175998
      0.84000000      0.65175938
      0.85000000      0.65175873
      0.86000000      0.65175809
      0.87000000      0.65175753
      0.88000000      0.65175710
      0.89000000      0.65175690
      0.90000000      0.65175704
      0.91000000      0.65175760
      0.92000000      0.65175869
      0.93000000      0.65176038
      0.94000000      0.65176273
      0.95000000      0.65176573
      0.96000000      0.65176934
      0.97000000      0.65177348
      0.98000000      0.65177807
      0.99000000      0.65178298
      1.00000000      0.65178811
  
      0.00000000      0.67444087
      0.01000000      0.67440916
      0.02000000      0.67427551
      0.03000000      0.67399051
      0.04000000      0.67342470
      0.05000000      0.67259552
      0.06000000      0.67175789
      0.07000000      0.67113739
      0.08000000      0.67075332
      0.09000000      0.67053581
      0.10000000      0.67042012
      0.11000000      0.67036444
      0.12000000      0.67034434
      0.13000000      0.67034594
      0.14000000      0.67036136
      0.15000000      0.67038605
      0.16000000      0.67041734
      0.17000000      0.67045356
      0.18000000      0.67049361
      0.19000000      0.67053673
      0.20000000      0.67058231
      0.21000000      0.67062986
      0.22000000      0.67067894
      0.23000000      0.67072917
      0.24000000      0.67078017
      0.25000000      0.67083164
      0.26000000      0.67088327
      0.27000000      0.67093479
      0.28000000      0.67098597
      0.29000000      0.67103661
      0.30000000      0.67108654
      0.31000000      0.67113561
      0.32000000      0.67118371
      0.33000000      0.67123076
      0.34000000      0.67127670
      0.35000000      0.67132150
      0.36000000      0.67136514
      0.37000000      0.67140764
      0.38000000      0.67144901
      0.39000000      0.67148929
      0.40000000      0.67152929
      0.41000000      0.67156756
      0.42000000      0.67160492
      0.43000000      0.67164070
      0.44000000      0.67167719
      0.45000000      0.67171226
      0.46000000      0.67174672
      0.47000000      0.67178063
      0.48000000      0.67181408
      0.49000000      0.67184712
      0.50000000      0.67187982
      0.51000000      0.67191223
      0.52000000      0.67194441
      0.53000000      0.67197641
      0.54000000      0.67200826
      0.55000000      0.67204000
      0.56000000      0.67207166
      0.57000000      0.67210326
      0.58000000      0.67213483
      0.59000000      0.67216638
      0.60000000      0.67219793
      0.61000000      0.67222947
      0.62000000      0.67226102
      0.63000000      0.67229258
      0.64000000      0.67232415
      0.65000000      0.67235571
      0.66000000      0.67238728
      0.67000000      0.67241883
      0.68000000      0.67245036
      0.69000000      0.67248185
      0.70000000      0.67251329
      0.71000000      0.67254466
      0.72000000      0.67257536
      0.73000000      0.67260654
      0.74000000      0.67263760
      0.75000000      0.67266850
      0.76000000      0.67269923
      0.77000000      0.67272975
      0.78000000      0.67276004
      0.79000000      0.67279007
      0.80000000      0.67281982
      0.81000000      0.67284924
      0.82000000      0.67287833
      0.83000000      0.67290703
      0.84000000      0.67293533
      0.85000000      0.67296320
      0.86000000      0.67299060
      0.87000000      0.67301752
      0.88000000      0.67304391
      0.89000000      0.67306976
      0.90000000      0.67309503
      0.91000000      0.67311972
      0.92000000      0.67314378
      0.93000000      0.67316719
      0.94000000      0.67318995
      0.95000000      0.67321200
      0.96000000      0.67323334
      0.97000000      0.67325393
      0.98000000      0.67327369
      0.99000000      0.67329250
      1.00000000      0.67331000
  
      0.00000000      0.67457380
      0.01000000      0.67453600
      0.02000000      0.67444542
      0.03000000      0.67429941
      0.04000000      0.67416078
      0.05000000      0.67405635
      0.06000000      0.67398472
      0.07000000      0.67393552
      0.08000000      0.67389996
      0.09000000      0.67387307
      0.10000000      0.67385212
      0.11000000      0.67383535
      0.12000000      0.67382148
      0.13000000      0.67380952
      0.14000000      0.67379874
      0.15000000      0.67378856
      0.16000000      0.67377860
      0.17000000      0.67376858
      0.18000000      0.67375834
      0.19000000      0.67374779
      0.20000000      0.67373693
      0.21000000      0.67372578
      0.22000000      0.67371441
      0.23000000      0.67370289
      0.24000000      0.67369134
      0.25000000      0.67367986
      0.26000000      0.67366855
      0.27000000      0.67365752
      0.28000000      0.67364687
      0.29000000      0.67363669
      0.30000000      0.67362707
      0.31000000      0.67361806
      0.32000000      0.67360973
      0.33000000      0.67360212
      0.34000000      0.67359526
      0.35000000      0.67358919
      0.36000000      0.67358391
      0.37000000      0.67357942
      0.38000000      0.67357571
      0.39000000      0.67357276
      0.40000000      0.67357098
      0.41000000      0.67356948
      0.42000000      0.67356865
      0.43000000      0.67356802
      0.44000000      0.67356882
      0.45000000      0.67356972
      0.46000000      0.67357110
      0.47000000      0.67357290
      0.48000000      0.67357506
      0.49000000      0.67357754
      0.50000000      0.67358029
      0.51000000      0.67358324
      0.52000000      0.67358636
      0.53000000      0.67358959
      0.54000000      0.67359289
      0.55000000      0.67359621
      0.56000000      0.67359952
      0.57000000      0.67360277
      0.58000000      0.67360593
      0.59000000      0.67360897
      0.60000000      0.67361185
      0.61000000      0.67361455
      0.62000000      0.67361705
      0.63000000      0.67361931
      0.64000000      0.67362132
      0.65000000      0.67362305
      0.66000000      0.67362449
      0.67000000      0.67362562
      0.68000000      0.67362643
      0.69000000      0.67362688
      0.70000000      0.67362698
      0.71000000      0.67362670
      0.72000000      0.67362561
      0.73000000      0.67362453
      0.74000000      0.67362302
      0.75000000      0.67362107
      0.76000000      0.67361866
      0.77000000      0.67361577
      0.78000000      0.67361238
      0.79000000      0.67360848
      0.80000000      0.67360405
      0.81000000      0.67359906
      0.82000000      0.67359350
      0.83000000      0.67358736
      0.84000000      0.67358061
      0.85000000      0.67357323
      0.86000000      0.67356521
      0.87000000      0.67355654
      0.88000000      0.67354720
      0.89000000      0.67353717
      0.90000000      0.67352644
      0.91000000      0.67351501
      0.92000000      0.67350286
      0.93000000      0.67349000
      0.94000000      0.67347641
      0.95000000      0.67346210
      0.96000000      0.67344708
      0.97000000      0.67343137
      0.98000000      0.67341502
      0.99000000      0.67339815
      1.00000000      0.67338113
  
      0.00000000      0.68129155
      0.01000000      0.68127492
      0.02000000      0.68122408
      0.03000000      0.68115760
      0.04000000      0.68106911
      0.05000000      0.68094986
      0.06000000      0.68082980
      0.07000000      0.68074086
      0.08000000      0.68068527
      0.09000000      0.68065373
      0.10000000      0.68063748
      0.11000000      0.68063056
      0.12000000      0.68062926
      0.13000000      0.68063129
      0.14000000      0.68063528
      0.15000000      0.68064039
      0.16000000      0.68064608
      0.17000000      0.68065206
      0.18000000      0.68065812
      0.19000000      0.68066415
      0.20000000      0.68067008
      0.21000000      0.68067586
      0.22000000      0.68068149
      0.23000000      0.68068694
      0.24000000      0.68069221
      0.25000000      0.68069730
      0.26000000      0.68070221
      0.27000000      0.68070695
      0.28000000      0.68071151
      0.29000000      0.68071591
      0.30000000      0.68072014
      0.31000000      0.68072421
      0.32000000      0.68072811
      0.33000000      0.68073186
      0.34000000      0.68073545
      0.35000000      0.68073889
      0.36000000      0.68074217
      0.37000000      0.68074530
      0.38000000      0.68074828
      0.39000000      0.68075111
      0.40000000      0.68075380
      0.41000000      0.68075633
      0.42000000      0.68075873
      0.43000000      0.68076099
      0.44000000      0.68076310
      0.45000000      0.68076508
      0.46000000      0.68076692
      0.47000000      0.68076864
      0.48000000      0.68077023
      0.49000000      0.68077169
      0.50000000      0.68077304
      0.51000000      0.68077427
      0.52000000      0.68077539
      0.53000000      0.68077641
      0.54000000      0.68077732
      0.55000000      0.68077814
      0.56000000      0.68077888
      0.57000000      0.68077953
      0.58000000      0.68078010
      0.59000000      0.68078060
      0.60000000      0.68078104
      0.61000000      0.68078142
      0.62000000      0.68078174
      0.63000000      0.68078202
      0.64000000      0.68078226
      0.65000000      0.68078247
      0.66000000      0.68078265
      0.67000000      0.68078281
      0.68000000      0.68078295
      0.69000000      0.68078309
      0.70000000      0.68078322
      0.71000000      0.68078335
      0.72000000      0.68078350
      0.73000000      0.68078365
      0.74000000      0.68078381
      0.75000000      0.68078400
      0.76000000      0.68078420
      0.77000000      0.68078444
      0.78000000      0.68078470
      0.79000000      0.68078500
      0.80000000      0.68078533
      0.81000000      0.68078569
      0.82000000      0.68078609
      0.83000000      0.68078653
      0.84000000      0.68078700
      0.85000000      0.68078752
      0.86000000      0.68078806
      0.87000000      0.68078865
      0.88000000      0.68078927
      0.89000000      0.68078992
      0.90000000      0.68079060
      0.91000000      0.68079131
      0.92000000      0.68079205
      0.93000000      0.68079281
      0.94000000      0.68079359
      0.95000000      0.68079438
      0.96000000      0.68079520
      0.97000000      0.68079602
      0.98000000      0.68079685
      0.99000000      0.68079768
      1.00000000      0.68079852
  
      0.00000000      0.68133678
      0.01000000      0.68133490
      0.02000000      0.68132531
      0.03000000      0.68128248
      0.04000000      0.68121095
      0.05000000      0.68114314
      0.06000000      0.68109474
      0.07000000      0.68105940
      0.08000000      0.68103166
      0.09000000      0.68100889
      0.10000000      0.68098974
      0.11000000      0.68097342
      0.12000000      0.68095940
      0.13000000      0.68094730
      0.14000000      0.68093682
      0.15000000      0.68092774
      0.16000000      0.68091988
      0.17000000      0.68091309
      0.18000000      0.68090725
      0.19000000      0.68090225
      0.20000000      0.68089801
      0.21000000      0.68089445
      0.22000000      0.68089149
      0.23000000      0.68088908
      0.24000000      0.68088714
      0.25000000      0.68088564
      0.26000000      0.68088451
      0.27000000      0.68088371
      0.28000000      0.68088319
      0.29000000      0.68088292
      0.30000000      0.68088285
      0.31000000      0.68088295
      0.32000000      0.68088319
      0.33000000      0.68088353
      0.34000000      0.68088395
      0.35000000      0.68088443
      0.36000000      0.68088494
      0.37000000      0.68088547
      0.38000000      0.68088599
      0.39000000      0.68088650
      0.40000000      0.68088698
      0.41000000      0.68088742
      0.42000000      0.68088782
      0.43000000      0.68088817
      0.44000000      0.68088844
      0.45000000      0.68088865
      0.46000000      0.68088878
      0.47000000      0.68088884
      0.48000000      0.68088882
      0.49000000      0.68088872
      0.50000000      0.68088854
      0.51000000      0.68088827
      0.52000000      0.68088792
      0.53000000      0.68088748
      0.54000000      0.68088696
      0.55000000      0.68088635
      0.56000000      0.68088567
      0.57000000      0.68088491
      0.58000000      0.68088408
      0.59000000      0.68088318
      0.60000000      0.68088221
      0.61000000      0.68088118
      0.62000000      0.68088010
      0.63000000      0.68087896
      0.64000000      0.68087778
      0.65000000      0.68087656
      0.66000000      0.68087530
      0.67000000      0.68087401
      0.68000000      0.68087270
      0.69000000      0.68087137
      0.70000000      0.68087002
      0.71000000      0.68086866
      0.72000000      0.68086731
      0.73000000      0.68086594
      0.74000000      0.68086458
      0.75000000      0.68086322
      0.76000000      0.68086187
      0.77000000      0.68086053
      0.78000000      0.68085920
      0.79000000      0.68085788
      0.80000000      0.68085658
      0.81000000      0.68085530
      0.82000000      0.68085404
      0.83000000      0.68085279
      0.84000000      0.68085157
      0.85000000      0.68085037
      0.86000000      0.68084918
      0.87000000      0.68084802
      0.88000000      0.68084689
      0.89000000      0.68084577
      0.90000000      0.68084468
      0.91000000      0.68084362
      0.92000000      0.68084258
      0.93000000      0.68084157
      0.94000000      0.68084059
      0.95000000      0.68083964
      0.96000000      0.68083872
      0.97000000      0.68083784
      0.98000000      0.68083699
      0.99000000      0.68083618
      1.00000000      0.68083542
  
      0.00000000      0.69964525
      0.01000000      0.69964072
      0.02000000      0.69963308
      0.03000000      0.69962377
      0.04000000      0.69961250
      0.05000000      0.69958325
      0.06000000      0.69949808
      0.07000000      0.69937765
      0.08000000      0.69926020
      0.09000000      0.69917943
      0.10000000      0.69914312
      0.11000000      0.69914010
      0.12000000      0.69915608
      0.13000000      0.69918068
      0.14000000      0.69920784
      0.15000000      0.69923454
      0.16000000      0.69925945
      0.17000000      0.69928212
      0.18000000      0.69930252
      0.19000000      0.69932078
      0.20000000      0.69933710
      0.21000000      0.69935168
      0.22000000      0.69936470
      0.23000000      0.69937632
      0.24000000      0.69938668
      0.25000000      0.69939589
      0.26000000      0.69940405
      0.27000000      0.69941125
      0.28000000      0.69941755
      0.29000000      0.69942303
      0.30000000      0.69942772
      0.31000000      0.69943169
      0.32000000      0.69943496
      0.33000000      0.69943759
      0.34000000      0.69943961
      0.35000000      0.69944104
      0.36000000      0.69944192
      0.37000000      0.69944228
      0.38000000      0.69944213
      0.39000000      0.69944150
      0.40000000      0.69944041
      0.41000000      0.69943888
      0.42000000      0.69943694
      0.43000000      0.69943459
      0.44000000      0.69943184
      0.45000000      0.69942873
      0.46000000      0.69942525
      0.47000000      0.69942143
      0.48000000      0.69941727
      0.49000000      0.69941279
      0.50000000      0.69940801
      0.51000000      0.69940292
      0.52000000      0.69939755
      0.53000000      0.69939191
      0.54000000      0.69938601
      0.55000000      0.69937985
      0.56000000      0.69937346
      0.57000000      0.69936685
      0.58000000      0.69936002
      0.59000000      0.69935299
      0.60000000      0.69934578
      0.61000000      0.69933840
      0.62000000      0.69933086
      0.63000000      0.69932318
      0.64000000      0.69931537
      0.65000000      0.69930746
      0.66000000      0.69929945
      0.67000000      0.69929138
      0.68000000      0.69928326
      0.69000000      0.69927510
      0.70000000      0.69926694
      0.71000000      0.69925879
      0.72000000      0.69925067
      0.73000000      0.69924262
      0.74000000      0.69923464
      0.75000000      0.69922677
      0.76000000      0.69921902
      0.77000000      0.69921141
      0.78000000      0.69920395
      0.79000000      0.69919666
      0.80000000      0.69918955
      0.81000000      0.69918261
      0.82000000      0.69917586
      0.83000000      0.69916928
      0.84000000      0.69916285
      0.85000000      0.69915655
      0.86000000      0.69915037
      0.87000000      0.69914427
      0.88000000      0.69913823
      0.89000000      0.69913223
      0.90000000      0.69912626
      0.91000000      0.69912032
      0.92000000      0.69911444
      0.93000000      0.69910864
      0.94000000      0.69910296
      0.95000000      0.69909746
      0.96000000      0.69909218
      0.97000000      0.69908716
      0.98000000      0.69908247
      0.99000000      0.69907815
      1.00000000      0.69907422
  
      0.00000000      0.69968214
      0.01000000      0.69968513
      0.02000000      0.69968473
      0.03000000      0.69967678
      0.04000000      0.69965492
      0.05000000      0.69962369
      0.06000000      0.69961157
      0.07000000      0.69960670
      0.08000000      0.69960414
      0.09000000      0.69960298
      0.10000000      0.69960282
      0.11000000      0.69960342
      0.12000000      0.69960456
      0.13000000      0.69960607
      0.14000000      0.69960779
      0.15000000      0.69960961
      0.16000000      0.69961144
      0.17000000      0.69961322
      0.18000000      0.69961490
      0.19000000      0.69961645
      0.20000000      0.69961786
      0.21000000      0.69961911
      0.22000000      0.69962021
      0.23000000      0.69962113
      0.24000000      0.69962190
      0.25000000      0.69962250
      0.26000000      0.69962295
      0.27000000      0.69962323
      0.28000000      0.69962335
      0.29000000      0.69962331
      0.30000000      0.69962310
      0.31000000      0.69962272
      0.32000000      0.69962217
      0.33000000      0.69962144
      0.34000000      0.69962052
      0.35000000      0.69961941
      0.36000000      0.69961809
      0.37000000      0.69961657
      0.38000000      0.69961482
      0.39000000      0.69961285
      0.40000000      0.69961062
      0.41000000      0.69960817
      0.42000000      0.69960545
      0.43000000      0.69960250
      0.44000000      0.69959923
      0.45000000      0.69959571
      0.46000000      0.69959190
      0.47000000      0.69958780
      0.48000000      0.69958340
      0.49000000      0.69957870
      0.50000000      0.69957370
      0.51000000      0.69956838
      0.52000000      0.69956274
      0.53000000      0.69955679
      0.54000000      0.69955052
      0.55000000      0.69954393
      0.56000000      0.69953703
      0.57000000      0.69952980
      0.58000000      0.69952226
      0.59000000      0.69951441
      0.60000000      0.69950624
      0.61000000      0.69949778
      0.62000000      0.69948902
      0.63000000      0.69947998
      0.64000000      0.69947066
      0.65000000      0.69946107
      0.66000000      0.69945123
      0.67000000      0.69944116
      0.68000000      0.69943087
      0.69000000      0.69942038
      0.70000000      0.69940972
      0.71000000      0.69939889
      0.72000000      0.69938795
      0.73000000      0.69937690
      0.74000000      0.69936578
      0.75000000      0.69935462
      0.76000000      0.69934348
      0.77000000      0.69933237
      0.78000000      0.69932135
      0.79000000      0.69931047
      0.80000000      0.69929978
      0.81000000      0.69928934
      0.82000000      0.69927922
      0.83000000      0.69926947
      0.84000000      0.69926018
      0.85000000      0.69925142
      0.86000000      0.69924327
      0.87000000      0.69923582
      0.88000000      0.69922913
      0.89000000      0.69922326
      0.90000000      0.69921828
      0.91000000      0.69921422
      0.92000000      0.69921109
      0.93000000      0.69920890
      0.94000000      0.69920763
      0.95000000      0.69920726
      0.96000000      0.69920775
      0.97000000      0.69920908
      0.98000000      0.69921120
      0.99000000      0.69921408
      1.00000000      0.69921768
  
      0.00000000      0.70726820
      0.01000000      0.70731867
      0.02000000      0.70729209
      0.03000000      0.70717896
      0.04000000      0.70696225
      0.05000000      0.70652628
      0.06000000      0.70569253
      0.07000000      0.70463618
      0.08000000      0.70383399
      0.09000000      0.70341625
      0.10000000      0.70327255
      0.11000000      0.70328879
      0.12000000      0.70339111
      0.13000000      0.70353519
      0.14000000      0.70369476
      0.15000000      0.70385452
      0.16000000      0.70400594
      0.17000000      0.70414471
      0.18000000      0.70426898
      0.19000000      0.70437837
      0.20000000      0.70447325
      0.21000000      0.70455442
      0.22000000      0.70462278
      0.23000000      0.70467932
      0.24000000      0.70472496
      0.25000000      0.70476060
      0.26000000      0.70478706
      0.27000000      0.70480509
      0.28000000      0.70481541
      0.29000000      0.70481865
      0.30000000      0.70481540
      0.31000000      0.70480621
      0.32000000      0.70479160
      0.33000000      0.70477201
      0.34000000      0.70474790
      0.35000000      0.70471965
      0.36000000      0.70468763
      0.37000000      0.70465219
      0.38000000      0.70461364
      0.39000000      0.70457228
      0.40000000      0.70452828
      0.41000000      0.70448208
      0.42000000      0.70443383
      0.43000000      0.70438387
      0.44000000      0.70433209
      0.45000000      0.70427900
      0.46000000      0.70422469
      0.47000000      0.70416934
      0.48000000      0.70411312
      0.49000000      0.70405620
      0.50000000      0.70399874
      0.51000000      0.70394089
      0.52000000      0.70388279
      0.53000000      0.70382459
      0.54000000      0.70376642
      0.55000000      0.70370840
      0.56000000      0.70365067
      0.57000000      0.70359334
      0.58000000      0.70353653
      0.59000000      0.70348034
      0.60000000      0.70342487
      0.61000000      0.70337023
      0.62000000      0.70331651
      0.63000000      0.70326380
      0.64000000      0.70321219
      0.65000000      0.70316174
      0.66000000      0.70311255
      0.67000000      0.70306467
      0.68000000      0.70301819
      0.69000000      0.70297315
      0.70000000      0.70292962
      0.71000000      0.70288766
      0.72000000      0.70284729
      0.73000000      0.70280860
      0.74000000      0.70277160
      0.75000000      0.70273635
      0.76000000      0.70270286
      0.77000000      0.70267118
      0.78000000      0.70264131
      0.79000000      0.70261328
      0.80000000      0.70258711
      0.81000000      0.70256281
      0.82000000      0.70254038
      0.83000000      0.70251982
      0.84000000      0.70250114
      0.85000000      0.70248434
      0.86000000      0.70246940
      0.87000000      0.70245632
      0.88000000      0.70244510
      0.89000000      0.70243572
      0.90000000      0.70242816
      0.91000000      0.70242242
      0.92000000      0.70241847
      0.93000000      0.70241631
      0.94000000      0.70241590
      0.95000000      0.70241722
      0.96000000      0.70242026
      0.97000000      0.70242498
      0.98000000      0.70243135
      0.99000000      0.70243932
      1.00000000      0.70244885
  
      0.00000000      0.70779579
      0.01000000      0.70773581
      0.02000000      0.70771127
      0.03000000      0.70770562
      0.04000000      0.70767070
      0.05000000      0.70758489
      0.06000000      0.70748605
      0.07000000      0.70741261
      0.08000000      0.70736677
      0.09000000      0.70734120
      0.10000000      0.70732992
      0.11000000      0.70732861
      0.12000000      0.70733392
      0.13000000      0.70734322
      0.14000000      0.70735445
      0.15000000      0.70736602
      0.16000000      0.70737677
      0.17000000      0.70738589
      0.18000000      0.70739286
      0.19000000      0.70739734
      0.20000000      0.70739916
      0.21000000      0.70739820
      0.22000000      0.70739443
      0.23000000      0.70738782
      0.24000000      0.70737835
      0.25000000      0.70736600
      0.26000000      0.70735072
      0.27000000      0.70733247
      0.28000000      0.70731120
      0.29000000      0.70728685
      0.30000000      0.70725934
      0.31000000      0.70722862
      0.32000000      0.70719462
      0.33000000      0.70715730
      0.34000000      0.70711663
      0.35000000      0.70707257
      0.36000000      0.70702512
      0.37000000      0.70697430
      0.38000000      0.70692013
      0.39000000      0.70686265
      0.40000000      0.70680191
      0.41000000      0.70673803
      0.42000000      0.70667108
      0.43000000      0.70660121
      0.44000000      0.70652847
      0.45000000      0.70645306
      0.46000000      0.70637513
      0.47000000      0.70629484
      0.48000000      0.70621236
      0.49000000      0.70612788
      0.50000000      0.70604159
      0.51000000      0.70595369
      0.52000000      0.70586439
      0.53000000      0.70577388
      0.54000000      0.70568239
      0.55000000      0.70559012
      0.56000000      0.70549727
      0.57000000      0.70540406
      0.58000000      0.70531070
      0.59000000      0.70521737
      0.60000000      0.70512427
      0.61000000      0.70503160
      0.62000000      0.70493952
      0.63000000      0.70484822
      0.64000000      0.70475786
      0.65000000      0.70466858
      0.66000000      0.70458055
      0.67000000      0.70449389
      0.68000000      0.70440874
      0.69000000      0.70432520
      0.70000000      0.70424340
      0.71000000      0.70416343
      0.72000000      0.70408526
      0.73000000      0.70400922
      0.74000000      0.70393526
      0.75000000      0.70386346
      0.76000000      0.70379386
      0.77000000      0.70372653
      0.78000000      0.70366150
      0.79000000      0.70359881
      0.80000000      0.70353850
      0.81000000      0.70348060
      0.82000000      0.70342510
      0.83000000      0.70337204
      0.84000000      0.70332142
      0.85000000      0.70327325
      0.86000000      0.70322751
      0.87000000      0.70318421
      0.88000000      0.70314335
      0.89000000      0.70310491
      0.90000000      0.70306888
      0.91000000      0.70303526
      0.92000000      0.70300403
      0.93000000      0.70297519
      0.94000000      0.70294873
      0.95000000      0.70292466
      0.96000000      0.70290297
      0.97000000      0.70288368
      0.98000000      0.70286681
      0.99000000      0.70285239
      1.00000000      0.70284047
  
      0.00000000      0.74731966
      0.01000000      0.74687167
      0.02000000      0.74496052
      0.03000000      0.74117028
      0.04000000      0.73368151
      0.05000000      0.72411119
      0.06000000      0.71727684
      0.07000000      0.71404640
      0.08000000      0.71279953
      0.09000000      0.71237443
      0.10000000      0.71230751
      0.11000000      0.71242470
      0.12000000      0.71265232
      0.13000000      0.71295380
      0.14000000      0.71330780
      0.15000000      0.71370000
      0.16000000      0.71411978
      0.17000000      0.71455884
      0.18000000      0.71501054
      0.19000000      0.71546956
      0.20000000      0.71593161
      0.21000000      0.71639332
      0.22000000      0.71685197
      0.23000000      0.71730545
      0.24000000      0.71775206
      0.25000000      0.71819046
      0.26000000      0.71861957
      0.27000000      0.71903852
      0.28000000      0.71944658
      0.29000000      0.71984316
      0.30000000      0.72022778
      0.31000000      0.72060000
      0.32000000      0.72095950
      0.33000000      0.72130598
      0.34000000      0.72163921
      0.35000000      0.72195902
      0.36000000      0.72226526
      0.37000000      0.72255786
      0.38000000      0.72283678
      0.39000000      0.72310203
      0.40000000      0.72335383
      0.41000000      0.72359185
      0.42000000      0.72381651
      0.43000000      0.72402804
      0.44000000      0.72422649
      0.45000000      0.72441232
      0.46000000      0.72458577
      0.47000000      0.72474717
      0.48000000      0.72489690
      0.49000000      0.72503534
      0.50000000      0.72516292
      0.51000000      0.72528008
      0.52000000      0.72538727
      0.53000000      0.72548495
      0.54000000      0.72557360
      0.55000000      0.72565368
      0.56000000      0.72572566
      0.57000000      0.72579003
      0.58000000      0.72584724
      0.59000000      0.72589773
      0.60000000      0.72594196
      0.61000000      0.72598034
      0.62000000      0.72601329
      0.63000000      0.72604120
      0.64000000      0.72606444
      0.65000000      0.72608336
      0.66000000      0.72609831
      0.67000000      0.72610958
      0.68000000      0.72611748
      0.69000000      0.72612228
      0.70000000      0.72612421
      0.71000000      0.72612350
      0.72000000      0.72612060
      0.73000000      0.72611518
      0.74000000      0.72610765
      0.75000000      0.72609816
      0.76000000      0.72608682
      0.77000000      0.72607373
      0.78000000      0.72605897
      0.79000000      0.72604260
      0.80000000      0.72602469
      0.81000000      0.72600530
      0.82000000      0.72598448
      0.83000000      0.72596230
      0.84000000      0.72593884
      0.85000000      0.72591419
      0.86000000      0.72588846
      0.87000000      0.72586180
      0.88000000      0.72583435
      0.89000000      0.72580628
      0.90000000      0.72577779
      0.91000000      0.72574905
      0.92000000      0.72572026
      0.93000000      0.72569162
      0.94000000      0.72566329
      0.95000000      0.72563546
      0.96000000      0.72560826
      0.97000000      0.72558185
      0.98000000      0.72555634
      0.99000000      0.72553183
      1.00000000      0.72550842
  
      0.00000000      0.75203269
      0.01000000      0.75179865
      0.02000000      0.75099215
      0.03000000      0.74867247
      0.04000000      0.74557882
      0.05000000      0.74325194
      0.06000000      0.74167020
      0.07000000      0.74056191
      0.08000000      0.73975596
      0.09000000      0.73915755
      0.10000000      0.73871328
      0.11000000      0.73839022
      0.12000000      0.73816585
      0.13000000      0.73802349
      0.14000000      0.73794998
      0.15000000      0.73793456
      0.16000000      0.73796816
      0.17000000      0.73804292
      0.18000000      0.73815195
      0.19000000      0.73828903
      0.20000000      0.73844848
      0.21000000      0.73862498
      0.22000000      0.73881342
      0.23000000      0.73900879
      0.24000000      0.73920606
      0.25000000      0.73940004
      0.26000000      0.73958532
      0.27000000      0.73975618
      0.28000000      0.73990655
      0.29000000      0.74003012
      0.30000000      0.74012051
      0.31000000      0.74017154
      0.32000000      0.74017775
      0.33000000      0.74013495
      0.34000000      0.74004074
      0.35000000      0.73989487
      0.36000000      0.73969935
      0.37000000      0.73945814
      0.38000000      0.73917664
      0.39000000      0.73886103
      0.40000000      0.73851527
      0.41000000      0.73815052
      0.42000000      0.73776992
      0.43000000      0.73738065
      0.44000000      0.73698038
      0.45000000      0.73657932
      0.46000000      0.73617826
      0.47000000      0.73577968
      0.48000000      0.73538557
      0.49000000      0.73499755
      0.50000000      0.73461692
      0.51000000      0.73424471
      0.52000000      0.73388170
      0.53000000      0.73352853
      0.54000000      0.73318563
      0.55000000      0.73285335
      0.56000000      0.73253189
      0.57000000      0.73222139
      0.58000000      0.73192189
      0.59000000      0.73163339
      0.60000000      0.73135582
      0.61000000      0.73108908
      0.62000000      0.73083302
      0.63000000      0.73058749
      0.64000000      0.73035229
      0.65000000      0.73012723
      0.66000000      0.72991209
      0.67000000      0.72970667
      0.68000000      0.72951075
      0.69000000      0.72932410
      0.70000000      0.72914654
      0.71000000      0.72897786
      0.72000000      0.72881782
      0.73000000      0.72866632
      0.74000000      0.72852317
      0.75000000      0.72838824
      0.76000000      0.72826139
      0.77000000      0.72814249
      0.78000000      0.72803145
      0.79000000      0.72792815
      0.80000000      0.72783251
      0.81000000      0.72774442
      0.82000000      0.72766380
      0.83000000      0.72759054
      0.84000000      0.72752450
      0.85000000      0.72746556
      0.86000000      0.72741356
      0.87000000      0.72736830
      0.88000000      0.72732959
      0.89000000      0.72729720
      0.90000000      0.72727092
      0.91000000      0.72725049
      0.92000000      0.72723569
      0.93000000      0.72722628
      0.94000000      0.72722204
      0.95000000      0.72722277
      0.96000000      0.72722829
      0.97000000      0.72723843
      0.98000000      0.72725307
      0.99000000      0.72727208
      1.00000000      0.72729537
  
      0.00000000      0.77743021
      0.01000000      0.77598834
      0.02000000      0.77308642
      0.03000000      0.76957243
      0.04000000      0.76698347
      0.05000000      0.76583109
      0.06000000      0.76548177
      0.07000000      0.76541561
      0.08000000      0.76540075
      0.09000000      0.76534751
      0.10000000      0.76522227
      0.11000000      0.76501341
      0.12000000      0.76471855
      0.13000000      0.76433977
      0.14000000      0.76388181
      0.15000000      0.76335146
      0.16000000      0.76275714
      0.17000000      0.76210856
      0.18000000      0.76141626
      0.19000000      0.76069109
      0.20000000      0.75994373
      0.21000000      0.75918439
      0.22000000      0.75842258
      0.23000000      0.75766714
      0.24000000      0.75692628
      0.25000000      0.75620773
      0.26000000      0.75551890
      0.27000000      0.75486700
      0.28000000      0.75425916
      0.29000000      0.75370245
      0.30000000      0.75320373
      0.31000000      0.75276938
      0.32000000      0.75240491
      0.33000000      0.75211442
      0.34000000      0.75190005
      0.35000000      0.75176172
      0.36000000      0.75169698
      0.37000000      0.75170137
      0.38000000      0.75176894
      0.39000000      0.75189287
      0.40000000      0.75206643
      0.41000000      0.75228213
      0.42000000      0.75253386
      0.43000000      0.75281550
      0.44000000      0.75312321
      0.45000000      0.75345138
      0.46000000      0.75379663
      0.47000000      0.75415568
      0.48000000      0.75452572
      0.49000000      0.75490430
      0.50000000      0.75528929
      0.51000000      0.75567886
      0.52000000      0.75607136
      0.53000000      0.75646536
      0.54000000      0.75685957
      0.55000000      0.75725285
      0.56000000      0.75764416
      0.57000000      0.75803260
      0.58000000      0.75841731
      0.59000000      0.75879753
      0.60000000      0.75917258
      0.61000000      0.75954183
      0.62000000      0.75990472
      0.63000000      0.76026073
      0.64000000      0.76060940
      0.65000000      0.76095031
      0.66000000      0.76128307
      0.67000000      0.76160736
      0.68000000      0.76192286
      0.69000000      0.76222930
      0.70000000      0.76252645
      0.71000000      0.76281408
      0.72000000      0.76309268
      0.73000000      0.76336076
      0.74000000      0.76361881
      0.75000000      0.76386670
      0.76000000      0.76410430
      0.77000000      0.76433152
      0.78000000      0.76454824
      0.79000000      0.76475439
      0.80000000      0.76494989
      0.81000000      0.76513467
      0.82000000      0.76530866
      0.83000000      0.76547181
      0.84000000      0.76562408
      0.85000000      0.76576542
      0.86000000      0.76589580
      0.87000000      0.76601520
      0.88000000      0.76612358
      0.89000000      0.76622094
      0.90000000      0.76630726
      0.91000000      0.76638255
      0.92000000      0.76644680
      0.93000000      0.76650003
      0.94000000      0.76654225
      0.95000000      0.76657347
      0.96000000      0.76659372
      0.97000000      0.76660302
      0.98000000      0.76660139
      0.99000000      0.76658887
      1.00000000      0.76656547
  
      0.00000000      0.78549674
      0.01000000      0.78582098
      0.02000000      0.78573723
      0.03000000      0.78511071
      0.04000000      0.78404807
      0.05000000      0.78284011
      0.06000000      0.78170384
      0.07000000      0.78066889
      0.08000000      0.77969580
      0.09000000      0.77875582
      0.10000000      0.77783914
      0.11000000      0.77694682
      0.12000000      0.77608457
      0.13000000      0.77525912
      0.14000000      0.77447636
      0.15000000      0.77374037
      0.16000000      0.77305303
      0.17000000      0.77241420
      0.18000000      0.77182203
      0.19000000      0.77127365
      0.20000000      0.77076561
      0.21000000      0.77029444
      0.22000000      0.76985687
      0.23000000      0.76945006
      0.24000000      0.76907161
      0.25000000      0.76871958
      0.26000000      0.76839240
      0.27000000      0.76808887
      0.28000000      0.76780803
      0.29000000      0.76754915
      0.30000000      0.76731163
      0.31000000      0.76709500
      0.32000000      0.76689886
      0.33000000      0.76672285
      0.34000000      0.76656665
      0.35000000      0.76642993
      0.36000000      0.76631236
      0.37000000      0.76621360
      0.38000000      0.76613329
      0.39000000      0.76607102
      0.40000000      0.76602752
      0.41000000      0.76600006
      0.42000000      0.76598926
      0.43000000      0.76599349
      0.44000000      0.76601555
      0.45000000      0.76605149
      0.46000000      0.76610182
      0.47000000      0.76616589
      0.48000000      0.76624303
      0.49000000      0.76633255
      0.50000000      0.76643375
      0.51000000      0.76654591
      0.52000000      0.76666829
      0.53000000      0.76680017
      0.54000000      0.76694080
      0.55000000      0.76708944
      0.56000000      0.76724537
      0.57000000      0.76740784
      0.58000000      0.76757615
      0.59000000      0.76774958
      0.60000000      0.76792744
      0.61000000      0.76810905
      0.62000000      0.76829375
      0.63000000      0.76848090
      0.64000000      0.76866987
      0.65000000      0.76886006
      0.66000000      0.76905089
      0.67000000      0.76924182
      0.68000000      0.76943230
      0.69000000      0.76962184
      0.70000000      0.76980995
      0.71000000      0.76999618
      0.72000000      0.77018013
      0.73000000      0.77036138
      0.74000000      0.77053956
      0.75000000      0.77071430
      0.76000000      0.77088530
      0.77000000      0.77105226
      0.78000000      0.77121492
      0.79000000      0.77137302
      0.80000000      0.77152635
      0.81000000      0.77167472
      0.82000000      0.77181793
      0.83000000      0.77195584
      0.84000000      0.77208831
      0.85000000      0.77221521
      0.86000000      0.77233644
      0.87000000      0.77245189
      0.88000000      0.77256148
      0.89000000      0.77266514
      0.90000000      0.77276280
      0.91000000      0.77285440
      0.92000000      0.77293988
      0.93000000      0.77301918
      0.94000000      0.77309227
      0.95000000      0.77315909
      0.96000000      0.77321959
      0.97000000      0.77327373
      0.98000000      0.77332147
      0.99000000      0.77336276
      1.00000000      0.77339757
  
      0.00000000      0.84036041
      0.01000000      0.83956047
      0.02000000      0.83681112
      0.03000000      0.83301297
      0.04000000      0.82897116
      0.05000000      0.82577796
      0.06000000      0.82383197
      0.07000000      0.82278662
      0.08000000      0.82223371
      0.09000000      0.82193168
      0.10000000      0.82175886
      0.11000000      0.82165493
      0.12000000      0.82158934
      0.13000000      0.82154625
      0.14000000      0.82151730
      0.15000000      0.82149805
      0.16000000      0.82148611
      0.17000000      0.82148018
      0.18000000      0.82147954
      0.19000000      0.82148370
      0.20000000      0.82149231
      0.21000000      0.82150506
      0.22000000      0.82152161
      0.23000000      0.82154160
      0.24000000      0.82156467
      0.25000000      0.82159042
      0.26000000      0.82161845
      0.27000000      0.82164835
      0.28000000      0.82167974
      0.29000000      0.82171221
      0.30000000      0.82174543
      0.31000000      0.82177903
      0.32000000      0.82181271
      0.33000000      0.82184619
      0.34000000      0.82187921
      0.35000000      0.82191153
      0.36000000      0.82194297
      0.37000000      0.82197335
      0.38000000      0.82200252
      0.39000000      0.82203037
      0.40000000      0.82205648
      0.41000000      0.82208141
      0.42000000      0.82210478
      0.43000000      0.82212688
      0.44000000      0.82214671
      0.45000000      0.82216524
      0.46000000      0.82218214
      0.47000000      0.82219742
      0.48000000      0.82221112
      0.49000000      0.82222326
      0.50000000      0.82223389
      0.51000000      0.82224304
      0.52000000      0.82225078
      0.53000000      0.82225715
      0.54000000      0.82226223
      0.55000000      0.82226606
      0.56000000      0.82226873
      0.57000000      0.82227030
      0.58000000      0.82227084
      0.59000000      0.82227042
      0.60000000      0.82226911
      0.61000000      0.82226699
      0.62000000      0.82226412
      0.63000000      0.82226058
      0.64000000      0.82225644
      0.65000000      0.82225176
      0.66000000      0.82224660
      0.67000000      0.82224102
      0.68000000      0.82223508
      0.69000000      0.82222882
      0.70000000      0.82222228
      0.71000000      0.82221550
      0.72000000      0.82220874
      0.73000000      0.82220155
      0.74000000      0.82219418
      0.75000000      0.82218662
      0.76000000      0.82217885
      0.77000000      0.82217086
      0.78000000      0.82216261
      0.79000000      0.82215405
      0.80000000      0.82214512
      0.81000000      0.82213575
      0.82000000      0.82212585
      0.83000000      0.82211533
      0.84000000      0.82210410
      0.85000000      0.82209205
      0.86000000      0.82207908
      0.87000000      0.82206510
      0.88000000      0.82205003
      0.89000000      0.82203378
      0.90000000      0.82201632
      0.91000000      0.82199761
      0.92000000      0.82197767
      0.93000000      0.82195652
      0.94000000      0.82193422
      0.95000000      0.82191088
      0.96000000      0.82188661
      0.97000000      0.82186156
      0.98000000      0.82183587
      0.99000000      0.82180972
      1.00000000      0.82178329
  
      0.00000000      0.84227765
      0.01000000      0.84204132
      0.02000000      0.84175244
      0.03000000      0.84090296
      0.04000000      0.83979855
      0.05000000      0.83879102
      0.06000000      0.83801388
      0.07000000      0.83741993
      0.08000000      0.83693580
      0.09000000      0.83651634
      0.10000000      0.83613822
      0.11000000      0.83578900
      0.12000000      0.83546139
      0.13000000      0.83515058
      0.14000000      0.83485319
      0.15000000      0.83456671
      0.16000000      0.83428927
      0.17000000      0.83401944
      0.18000000      0.83375618
      0.19000000      0.83349872
      0.20000000      0.83324653
      0.21000000      0.83299923
      0.22000000      0.83275658
      0.23000000      0.83251845
      0.24000000      0.83228475
      0.25000000      0.83205545
      0.26000000      0.83183055
      0.27000000      0.83161005
      0.28000000      0.83139397
      0.29000000      0.83118230
      0.30000000      0.83097507
      0.31000000      0.83077224
      0.32000000      0.83057380
      0.33000000      0.83037971
      0.34000000      0.83018992
      0.35000000      0.83000436
      0.36000000      0.82982296
      0.37000000      0.82964562
      0.38000000      0.82947226
      0.39000000      0.82930276
      0.40000000      0.82913626
      0.41000000      0.82897417
      0.42000000      0.82881558
      0.43000000      0.82866103
      0.44000000      0.82850840
      0.45000000      0.82835954
      0.46000000      0.82821368
      0.47000000      0.82807067
      0.48000000      0.82793038
      0.49000000      0.82779271
      0.50000000      0.82765752
      0.51000000      0.82752471
      0.52000000      0.82739415
      0.53000000      0.82726576
      0.54000000      0.82713943
      0.55000000      0.82701507
      0.56000000      0.82689261
      0.57000000      0.82677197
      0.58000000      0.82665310
      0.59000000      0.82653594
      0.60000000      0.82642046
      0.61000000      0.82630663
      0.62000000      0.82619444
      0.63000000      0.82608387
      0.64000000      0.82597494
      0.65000000      0.82586766
      0.66000000      0.82576206
      0.67000000      0.82565820
      0.68000000      0.82555611
      0.69000000      0.82545586
      0.70000000      0.82535752
      0.71000000      0.82526119
      0.72000000      0.82516721
      0.73000000      0.82507516
      0.74000000      0.82498543
      0.75000000      0.82489813
      0.76000000      0.82481342
      0.77000000      0.82473143
      0.78000000      0.82465233
      0.79000000      0.82457627
      0.80000000      0.82450344
      0.81000000      0.82443403
      0.82000000      0.82436822
      0.83000000      0.82430622
      0.84000000      0.82424823
      0.85000000      0.82419445
      0.86000000      0.82414508
      0.87000000      0.82410031
      0.88000000      0.82406033
      0.89000000      0.82402527
      0.90000000      0.82399529
      0.91000000      0.82397048
      0.92000000      0.82395090
      0.93000000      0.82393660
      0.94000000      0.82392758
      0.95000000      0.82392379
      0.96000000      0.82392517
      0.97000000      0.82393161
      0.98000000      0.82394300
      0.99000000      0.82395919
      1.00000000      0.82398003
  
