#K-Path          Energy     s    py    pz    px    dxy    dyz    dz2    dxz    dx2-y2    tot
# NKPTS & NBANDS:  80  55
# Band-Index:    1
   0.00000    -24.624066  0.000  0.000  0.000  0.000  0.394  0.110  0.000  0.086  0.396  0.984
   0.02236    -24.624230  0.000  0.000  0.000  0.000  0.394  0.108  0.000  0.086  0.396  0.984
   0.04471    -24.624389  0.000  0.000  0.000  0.000  0.394  0.108  0.000  0.086  0.396  0.984
   0.06707    -24.624551  0.000  0.000  0.000  0.000  0.394  0.106  0.000  0.088  0.396  0.984
   0.08943    -24.624713  0.000  0.000  0.000  0.000  0.394  0.106  0.000  0.088  0.396  0.984
   0.11178    -24.624867  0.000  0.000  0.000  0.000  0.394  0.106  0.000  0.088  0.396  0.984
   0.13414    -24.625021  0.000  0.000  0.000  0.000  0.394  0.104  0.000  0.090  0.396  0.984
   0.15650    -24.625164  0.000  0.000  0.000  0.000  0.394  0.104  0.000  0.090  0.396  0.984
   0.17885    -24.625304  0.000  0.000  0.000  0.000  0.394  0.094  0.000  0.100  0.396  0.984
   0.20121    -24.625434  0.000  0.000  0.000  0.000  0.394  0.094  0.000  0.100  0.396  0.984
   0.22357    -24.625554  0.000  0.000  0.000  0.000  0.394  0.094  0.000  0.100  0.396  0.984
   0.24592    -24.625662  0.000  0.000  0.000  0.000  0.396  0.094  0.000  0.100  0.396  0.984
   0.26828    -24.625759  0.000  0.000  0.000  0.000  0.396  0.094  0.000  0.100  0.396  0.984
   0.29064    -24.625844  0.000  0.000  0.000  0.000  0.396  0.094  0.000  0.100  0.396  0.984
   0.31299    -24.625915  0.000  0.000  0.000  0.000  0.396  0.094  0.000  0.100  0.396  0.984
   0.33535    -24.625975  0.000  0.000  0.000  0.000  0.396  0.094  0.000  0.098  0.396  0.984
   0.35771    -24.626024  0.000  0.000  0.000  0.000  0.396  0.094  0.000  0.098  0.396  0.984
   0.38006    -24.626061  0.000  0.000  0.000  0.000  0.396  0.096  0.000  0.098  0.396  0.984
   0.40242    -24.626082  0.000  0.000  0.000  0.000  0.396  0.096  0.000  0.098  0.396  0.984
   0.42478    -24.626091  0.000  0.000  0.000  0.000  0.396  0.096  0.000  0.098  0.396  0.984
   0.42478    -24.626091  0.000  0.000  0.000  0.000  0.396  0.096  0.000  0.098  0.396  0.984
   0.46957    -24.626062  0.000  0.000  0.000  0.000  0.396  0.096  0.000  0.096  0.396  0.984
   0.51436    -24.625975  0.000  0.000  0.000  0.000  0.396  0.096  0.000  0.096  0.396  0.984
   0.55915    -24.625842  0.000  0.000  0.000  0.000  0.396  0.096  0.000  0.098  0.396  0.984
   0.60395    -24.625662  0.000  0.000  0.000  0.000  0.396  0.096  0.000  0.098  0.396  0.984
   0.64874    -24.625435  0.000  0.000  0.000  0.000  0.396  0.096  0.000  0.098  0.396  0.984
   0.69353    -24.625166  0.000  0.000  0.000  0.000  0.396  0.094  0.000  0.100  0.394  0.984
   0.73832    -24.624868  0.000  0.000  0.000  0.000  0.396  0.094  0.000  0.100  0.394  0.984
   0.78311    -24.624549  0.000  0.000  0.000  0.000  0.396  0.092  0.000  0.102  0.394  0.984
   0.82791    -24.624221  0.000  0.000  0.000  0.000  0.396  0.092  0.000  0.102  0.394  0.984
   0.87270    -24.623887  0.000  0.000  0.000  0.000  0.396  0.092  0.000  0.104  0.394  0.984
   0.91749    -24.623603  0.000  0.000  0.000  0.000  0.394  0.100  0.000  0.096  0.394  0.984
   0.96228    -24.623518  0.000  0.000  0.000  0.000  0.394  0.098  0.000  0.098  0.394  0.984
   1.00708    -24.623392  0.000  0.000  0.000  0.000  0.394  0.096  0.000  0.100  0.394  0.984
   1.05187    -24.623230  0.000  0.000  0.000  0.000  0.394  0.094  0.000  0.102  0.394  0.984
   1.09666    -24.623041  0.000  0.000  0.000  0.000  0.394  0.092  0.002  0.102  0.392  0.984
   1.14145    -24.622818  0.000  0.000  0.000  0.000  0.394  0.092  0.002  0.104  0.392  0.984
   1.18624    -24.622571  0.000  0.000  0.000  0.000  0.394  0.090  0.002  0.106  0.392  0.984
   1.23104    -24.622302  0.000  0.000  0.000  0.000  0.394  0.090  0.002  0.106  0.392  0.984
   1.27583    -24.622021  0.000  0.000  0.000  0.000  0.394  0.090  0.001  0.107  0.392  0.984
   1.27583    -24.622021  0.000  0.000  0.000  0.000  0.395  0.089  0.002  0.106  0.393  0.984
   1.32062    -24.622302  0.000  0.000  0.000  0.000  0.394  0.090  0.002  0.106  0.392  0.984
   1.36541    -24.622571  0.000  0.000  0.000  0.000  0.394  0.090  0.002  0.106  0.392  0.984
   1.41020    -24.622818  0.000  0.000  0.000  0.000  0.394  0.092  0.002  0.104  0.392  0.984
   1.45500    -24.623041  0.000  0.000  0.000  0.000  0.394  0.092  0.002  0.102  0.392  0.984
   1.49979    -24.623230  0.000  0.000  0.000  0.000  0.394  0.094  0.000  0.102  0.394  0.984
   1.54458    -24.623392  0.000  0.000  0.000  0.000  0.394  0.096  0.000  0.100  0.394  0.984
   1.58937    -24.623518  0.000  0.000  0.000  0.000  0.394  0.098  0.000  0.098  0.394  0.984
   1.63417    -24.623603  0.000  0.000  0.000  0.000  0.394  0.100  0.000  0.096  0.394  0.984
   1.67896    -24.623887  0.000  0.000  0.000  0.000  0.396  0.092  0.000  0.104  0.394  0.984
   1.72375    -24.624221  0.000  0.000  0.000  0.000  0.396  0.092  0.000  0.102  0.394  0.984
   1.76854    -24.624549  0.000  0.000  0.000  0.000  0.396  0.092  0.000  0.102  0.394  0.984
   1.81333    -24.624868  0.000  0.000  0.000  0.000  0.396  0.094  0.000  0.100  0.394  0.984
   1.85813    -24.625166  0.000  0.000  0.000  0.000  0.396  0.094  0.000  0.100  0.394  0.984
   1.90292    -24.625435  0.000  0.000  0.000  0.000  0.396  0.096  0.000  0.098  0.396  0.984
   1.94771    -24.625662  0.000  0.000  0.000  0.000  0.396  0.096  0.000  0.098  0.396  0.984
   1.99250    -24.625842  0.000  0.000  0.000  0.000  0.396  0.096  0.000  0.098  0.396  0.984
   2.03729    -24.625975  0.000  0.000  0.000  0.000  0.396  0.096  0.000  0.096  0.396  0.984
   2.08209    -24.626062  0.000  0.000  0.000  0.000  0.396  0.096  0.000  0.096  0.396  0.984
   2.12688    -24.626091  0.000  0.000  0.000  0.000  0.396  0.096  0.000  0.098  0.396  0.984
   2.12688    -24.626091  0.000  0.000  0.000  0.000  0.396  0.096  0.000  0.098  0.396  0.984
   2.16569    -24.626067  0.000  0.000  0.000  0.000  0.396  0.096  0.000  0.096  0.396  0.984
   2.20451    -24.626003  0.000  0.000  0.000  0.000  0.396  0.094  0.000  0.100  0.396  0.984
   2.24332    -24.625908  0.000  0.000  0.000  0.000  0.396  0.092  0.000  0.100  0.396  0.984
   2.28213    -24.625781  0.000  0.000  0.000  0.000  0.396  0.092  0.000  0.102  0.396  0.984
   2.32095    -24.625635  0.000  0.000  0.000  0.000  0.396  0.090  0.000  0.102  0.394  0.984
   2.35976    -24.625465  0.000  0.000  0.000  0.000  0.396  0.090  0.000  0.104  0.394  0.984
   2.39858    -24.625288  0.000  0.000  0.000  0.000  0.396  0.088  0.000  0.106  0.394  0.984
   2.43739    -24.625100  0.000  0.000  0.000  0.000  0.396  0.086  0.000  0.108  0.394  0.984
   2.47620    -24.624907  0.000  0.000  0.000  0.000  0.396  0.086  0.000  0.108  0.394  0.984
   2.51502    -24.624714  0.000  0.000  0.000  0.000  0.396  0.084  0.000  0.110  0.394  0.984
   2.55383    -24.624532  0.000  0.000  0.000  0.000  0.396  0.084  0.000  0.110  0.394  0.984
   2.59265    -24.624363  0.000  0.000  0.000  0.000  0.396  0.084  0.000  0.112  0.394  0.984
   2.63146    -24.624212  0.000  0.000  0.000  0.000  0.396  0.084  0.000  0.112  0.392  0.984
   2.67027    -24.624069  0.000  0.000  0.000  0.000  0.396  0.084  0.000  0.112  0.392  0.984
   2.70909    -24.623945  0.000  0.000  0.000  0.000  0.396  0.084  0.000  0.112  0.392  0.984
   2.74790    -24.623843  0.000  0.000  0.000  0.000  0.396  0.084  0.000  0.112  0.392  0.984
   2.78671    -24.623760  0.000  0.000  0.000  0.000  0.396  0.084  0.000  0.112  0.392  0.984
   2.82553    -24.623689  0.000  0.000  0.000  0.000  0.396  0.084  0.000  0.110  0.392  0.984
   2.86434    -24.623635  0.000  0.000  0.000  0.000  0.396  0.086  0.000  0.110  0.392  0.984
 
# Band-Index:    2
   2.86434    -24.623635  0.000  0.000  0.000  0.000  0.396  0.086  0.000  0.110  0.392  0.984
   2.82553    -24.623600  0.000  0.000  0.000  0.000  0.396  0.086  0.000  0.108  0.394  0.984
   2.78671    -24.623580  0.000  0.000  0.000  0.000  0.396  0.088  0.000  0.106  0.394  0.984
   2.74790    -24.623571  0.000  0.000  0.000  0.000  0.396  0.090  0.000  0.106  0.394  0.984
   2.70909    -24.623569  0.000  0.000  0.000  0.000  0.396  0.092  0.000  0.104  0.394  0.984
   2.67027    -24.623573  0.000  0.000  0.000  0.000  0.394  0.094  0.000  0.102  0.394  0.984
   2.63146    -24.623574  0.000  0.000  0.000  0.000  0.394  0.096  0.000  0.100  0.394  0.984
   2.59265    -24.623577  0.000  0.000  0.000  0.000  0.394  0.098  0.000  0.098  0.394  0.984
   2.55383    -24.623572  0.000  0.000  0.000  0.000  0.394  0.100  0.000  0.094  0.396  0.984
   2.51502    -24.623889  0.000  0.000  0.000  0.000  0.396  0.098  0.000  0.096  0.394  0.984
   2.47620    -24.624284  0.000  0.000  0.000  0.000  0.396  0.098  0.000  0.096  0.394  0.984
   2.43739    -24.624650  0.000  0.000  0.000  0.000  0.396  0.098  0.000  0.096  0.394  0.984
   2.39858    -24.624980  0.000  0.000  0.000  0.000  0.396  0.098  0.000  0.096  0.394  0.984
   2.35976    -24.625269  0.000  0.000  0.000  0.000  0.396  0.098  0.000  0.094  0.396  0.984
   2.32095    -24.625521  0.000  0.000  0.000  0.000  0.396  0.098  0.000  0.094  0.396  0.984
   2.28213    -24.625724  0.000  0.000  0.000  0.000  0.396  0.098  0.000  0.096  0.396  0.984
   2.24332    -24.625885  0.000  0.000  0.000  0.000  0.396  0.098  0.000  0.096  0.396  0.984
   2.20451    -24.625998  0.000  0.000  0.000  0.000  0.396  0.098  0.000  0.096  0.396  0.984
   2.16569    -24.626067  0.000  0.000  0.000  0.000  0.396  0.096  0.000  0.098  0.396  0.984
   2.12688    -24.626091  0.000  0.000  0.000  0.000  0.396  0.096  0.000  0.098  0.396  0.984
   2.12688    -24.626091  0.000  0.000  0.000  0.000  0.396  0.096  0.000  0.098  0.396  0.984
   2.08209    -24.626060  0.000  0.000  0.000  0.000  0.396  0.096  0.000  0.098  0.396  0.984
   2.03729    -24.625971  0.000  0.000  0.000  0.000  0.396  0.096  0.000  0.098  0.396  0.984
   1.99250    -24.625836  0.000  0.000  0.000  0.000  0.396  0.094  0.000  0.098  0.396  0.984
   1.94771    -24.625653  0.000  0.000  0.000  0.000  0.396  0.094  0.000  0.098  0.396  0.984
   1.90292    -24.625421  0.000  0.000  0.000  0.000  0.396  0.094  0.000  0.098  0.396  0.984
   1.85813    -24.625148  0.000  0.000  0.000  0.000  0.396  0.094  0.000  0.098  0.394  0.984
   1.81333    -24.624845  0.000  0.000  0.000  0.000  0.396  0.094  0.000  0.098  0.394  0.984
   1.76854    -24.624520  0.000  0.000  0.000  0.000  0.396  0.094  0.000  0.100  0.394  0.984
   1.72375    -24.624187  0.000  0.000  0.000  0.000  0.396  0.094  0.000  0.100  0.394  0.984
   1.67896    -24.623849  0.000  0.000  0.000  0.000  0.396  0.094  0.000  0.100  0.394  0.984
   1.63417    -24.623556  0.000  0.000  0.000  0.000  0.396  0.090  0.000  0.104  0.394  0.984
   1.58937    -24.623245  0.000  0.000  0.000  0.000  0.394  0.090  0.002  0.106  0.394  0.984
   1.54458    -24.622955  0.000  0.000  0.000  0.000  0.394  0.090  0.002  0.106  0.392  0.984
   1.49979    -24.622693  0.000  0.000  0.000  0.000  0.394  0.090  0.002  0.106  0.392  0.984
   1.45500    -24.622465  0.000  0.000  0.000  0.000  0.394  0.088  0.002  0.106  0.392  0.984
   1.41020    -24.622283  0.000  0.000  0.000  0.000  0.394  0.088  0.002  0.108  0.392  0.984
   1.36541    -24.622148  0.000  0.000  0.000  0.000  0.394  0.088  0.002  0.108  0.392  0.984
   1.32062    -24.622058  0.000  0.000  0.000  0.000  0.394  0.090  0.002  0.106  0.392  0.984
   1.27583    -24.622021  0.000  0.000  0.000  0.000  0.395  0.089  0.002  0.106  0.393  0.984
   1.27583    -24.622021  0.000  0.000  0.000  0.000  0.394  0.090  0.001  0.107  0.392  0.984
   1.23104    -24.622058  0.000  0.000  0.000  0.000  0.394  0.090  0.002  0.106  0.392  0.984
   1.18624    -24.622148  0.000  0.000  0.000  0.000  0.394  0.088  0.002  0.108  0.392  0.984
   1.14145    -24.622283  0.000  0.000  0.000  0.000  0.394  0.088  0.002  0.108  0.392  0.984
   1.09666    -24.622465  0.000  0.000  0.000  0.000  0.394  0.088  0.002  0.106  0.392  0.984
   1.05187    -24.622693  0.000  0.000  0.000  0.000  0.394  0.090  0.002  0.106  0.392  0.984
   1.00708    -24.622955  0.000  0.000  0.000  0.000  0.394  0.090  0.002  0.106  0.392  0.984
   0.96228    -24.623245  0.000  0.000  0.000  0.000  0.394  0.090  0.002  0.106  0.394  0.984
   0.91749    -24.623556  0.000  0.000  0.000  0.000  0.396  0.090  0.000  0.104  0.394  0.984
   0.87270    -24.623849  0.000  0.000  0.000  0.000  0.396  0.094  0.000  0.100  0.394  0.984
   0.82791    -24.624187  0.000  0.000  0.000  0.000  0.396  0.094  0.000  0.100  0.394  0.984
   0.78311    -24.624520  0.000  0.000  0.000  0.000  0.396  0.094  0.000  0.100  0.394  0.984
   0.73832    -24.624845  0.000  0.000  0.000  0.000  0.396  0.094  0.000  0.098  0.394  0.984
   0.69353    -24.625148  0.000  0.000  0.000  0.000  0.396  0.094  0.000  0.098  0.394  0.984
   0.64874    -24.625421  0.000  0.000  0.000  0.000  0.396  0.094  0.000  0.098  0.396  0.984
   0.60395    -24.625653  0.000  0.000  0.000  0.000  0.396  0.094  0.000  0.098  0.396  0.984
   0.55915    -24.625836  0.000  0.000  0.000  0.000  0.396  0.094  0.000  0.098  0.396  0.984
   0.51436    -24.625971  0.000  0.000  0.000  0.000  0.396  0.096  0.000  0.098  0.396  0.984
   0.46957    -24.626060  0.000  0.000  0.000  0.000  0.396  0.096  0.000  0.098  0.396  0.984
   0.42478    -24.626091  0.000  0.000  0.000  0.000  0.396  0.096  0.000  0.098  0.396  0.984
   0.42478    -24.626091  0.000  0.000  0.000  0.000  0.396  0.096  0.000  0.098  0.396  0.984
   0.40242    -24.626081  0.000  0.000  0.000  0.000  0.396  0.096  0.000  0.096  0.396  0.984
   0.38006    -24.626059  0.000  0.000  0.000  0.000  0.396  0.096  0.000  0.096  0.396  0.984
   0.35771    -24.626021  0.000  0.000  0.000  0.000  0.396  0.098  0.000  0.096  0.396  0.984
   0.33535    -24.625972  0.000  0.000  0.000  0.000  0.396  0.098  0.000  0.096  0.396  0.984
   0.31299    -24.625911  0.000  0.000  0.000  0.000  0.396  0.098  0.000  0.094  0.396  0.984
   0.29064    -24.625839  0.000  0.000  0.000  0.000  0.396  0.100  0.000  0.094  0.396  0.984
   0.26828    -24.625755  0.000  0.000  0.000  0.000  0.396  0.100  0.000  0.094  0.396  0.984
   0.24592    -24.625658  0.000  0.000  0.000  0.000  0.396  0.100  0.000  0.092  0.396  0.984
   0.22357    -24.625550  0.000  0.000  0.000  0.000  0.396  0.102  0.000  0.092  0.396  0.984
   0.20121    -24.625432  0.000  0.000  0.000  0.000  0.394  0.102  0.000  0.092  0.396  0.984
   0.17885    -24.625302  0.000  0.000  0.000  0.000  0.394  0.104  0.000  0.090  0.396  0.984
   0.15650    -24.625163  0.000  0.000  0.000  0.000  0.394  0.094  0.000  0.100  0.396  0.984
   0.13414    -24.625018  0.000  0.000  0.000  0.000  0.394  0.094  0.000  0.100  0.396  0.984
   0.11178    -24.624863  0.000  0.000  0.000  0.000  0.394  0.094  0.000  0.098  0.396  0.984
   0.08943    -24.624706  0.000  0.000  0.000  0.000  0.394  0.096  0.000  0.098  0.396  0.984
   0.06707    -24.624541  0.000  0.000  0.000  0.000  0.394  0.096  0.000  0.098  0.396  0.984
   0.04471    -24.624378  0.000  0.000  0.000  0.000  0.394  0.096  0.000  0.098  0.396  0.984
   0.02236    -24.624216  0.000  0.000  0.000  0.000  0.394  0.096  0.000  0.098  0.396  0.984
   0.00000    -24.624066  0.000  0.000  0.000  0.000  0.394  0.110  0.000  0.086  0.396  0.984
 
# Band-Index:    3
   0.00000    -24.624050  0.000  0.000  0.000  0.000  0.394  0.098  0.000  0.096  0.396  0.984
   0.02236    -24.623900  0.000  0.000  0.000  0.000  0.394  0.110  0.000  0.084  0.396  0.984
   0.04471    -24.623730  0.000  0.000  0.000  0.000  0.394  0.110  0.000  0.084  0.396  0.984
   0.06707    -24.623568  0.000  0.000  0.000  0.000  0.392  0.112  0.000  0.084  0.396  0.984
   0.08943    -24.623412  0.000  0.000  0.000  0.000  0.392  0.112  0.000  0.084  0.396  0.984
   0.11178    -24.623260  0.000  0.000  0.000  0.000  0.392  0.112  0.000  0.084  0.396  0.984
   0.13414    -24.623114  0.000  0.000  0.000  0.000  0.392  0.112  0.000  0.082  0.396  0.984
   0.15650    -24.622974  0.000  0.000  0.000  0.000  0.392  0.112  0.002  0.082  0.396  0.984
   0.17885    -24.622839  0.000  0.000  0.000  0.000  0.392  0.114  0.002  0.082  0.396  0.984
   0.20121    -24.622714  0.000  0.000  0.000  0.000  0.392  0.114  0.002  0.082  0.396  0.984
   0.22357    -24.622599  0.000  0.000  0.000  0.000  0.392  0.114  0.002  0.082  0.396  0.984
   0.24592    -24.622492  0.000  0.000  0.000  0.000  0.392  0.114  0.002  0.082  0.396  0.984
   0.26828    -24.622394  0.000  0.000  0.000  0.000  0.392  0.114  0.002  0.082  0.396  0.984
   0.29064    -24.622312  0.000  0.000  0.000  0.000  0.392  0.114  0.002  0.082  0.396  0.984
   0.31299    -24.622238  0.000  0.000  0.000  0.000  0.392  0.114  0.002  0.082  0.396  0.984
   0.33535    -24.622177  0.000  0.000  0.000  0.000  0.392  0.114  0.002  0.082  0.396  0.984
   0.35771    -24.622128  0.000  0.000  0.000  0.000  0.392  0.114  0.002  0.082  0.396  0.984
   0.38006    -24.622090  0.000  0.000  0.000  0.000  0.392  0.112  0.002  0.084  0.396  0.984
   0.40242    -24.622065  0.000  0.000  0.000  0.000  0.392  0.112  0.002  0.084  0.396  0.984
   0.42478    -24.622053  0.000  0.000  0.000  0.000  0.392  0.112  0.002  0.084  0.396  0.984
   0.42478    -24.622053  0.000  0.000  0.000  0.000  0.392  0.112  0.002  0.084  0.396  0.984
   0.46957    -24.622334  0.000  0.000  0.000  0.000  0.392  0.112  0.002  0.084  0.396  0.984
   0.51436    -24.622601  0.000  0.000  0.000  0.000  0.392  0.112  0.002  0.084  0.396  0.984
   0.55915    -24.622849  0.000  0.000  0.000  0.000  0.392  0.112  0.002  0.084  0.396  0.984
   0.60395    -24.623065  0.000  0.000  0.000  0.000  0.392  0.110  0.002  0.086  0.396  0.984
   0.64874    -24.623252  0.000  0.000  0.000  0.000  0.392  0.110  0.000  0.086  0.396  0.984
   0.69353    -24.623411  0.000  0.000  0.000  0.000  0.392  0.108  0.000  0.088  0.396  0.984
   0.73832    -24.623529  0.000  0.000  0.000  0.000  0.392  0.106  0.000  0.088  0.396  0.984
   0.78311    -24.623611  0.000  0.000  0.000  0.000  0.394  0.104  0.000  0.090  0.396  0.984
   0.82791    -24.623649  0.000  0.000  0.000  0.000  0.394  0.104  0.000  0.092  0.396  0.984
   0.87270    -24.623647  0.000  0.000  0.000  0.000  0.394  0.102  0.000  0.094  0.394  0.984
   0.91749    -24.623514  0.000  0.000  0.000  0.000  0.396  0.094  0.000  0.100  0.394  0.984
   0.96228    -24.623200  0.000  0.000  0.000  0.000  0.396  0.094  0.000  0.102  0.394  0.984
   1.00708    -24.622911  0.000  0.000  0.000  0.000  0.396  0.092  0.000  0.102  0.394  0.984
   1.05187    -24.622651  0.000  0.000  0.000  0.000  0.396  0.092  0.000  0.104  0.394  0.984
   1.09666    -24.622429  0.000  0.000  0.000  0.000  0.396  0.092  0.002  0.104  0.392  0.984
   1.14145    -24.622253  0.000  0.000  0.000  0.000  0.396  0.090  0.002  0.104  0.392  0.984
   1.18624    -24.622127  0.000  0.000  0.000  0.000  0.394  0.090  0.002  0.106  0.392  0.984
   1.23104    -24.622047  0.000  0.000  0.000  0.000  0.394  0.090  0.002  0.106  0.392  0.984
   1.27583    -24.622021  0.000  0.000  0.000  0.000  0.395  0.089  0.002  0.107  0.392  0.984
   1.27583    -24.622021  0.000  0.000  0.000  0.000  0.395  0.089  0.001  0.107  0.392  0.984
   1.32062    -24.622047  0.000  0.000  0.000  0.000  0.394  0.090  0.002  0.106  0.392  0.984
   1.36541    -24.622127  0.000  0.000  0.000  0.000  0.394  0.090  0.002  0.106  0.392  0.984
   1.41020    -24.622253  0.000  0.000  0.000  0.000  0.396  0.090  0.002  0.104  0.392  0.984
   1.45500    -24.622429  0.000  0.000  0.000  0.000  0.396  0.092  0.002  0.104  0.392  0.984
   1.49979    -24.622651  0.000  0.000  0.000  0.000  0.396  0.092  0.000  0.104  0.394  0.984
   1.54458    -24.622911  0.000  0.000  0.000  0.000  0.396  0.092  0.000  0.102  0.394  0.984
   1.58937    -24.623200  0.000  0.000  0.000  0.000  0.396  0.094  0.000  0.102  0.394  0.984
   1.63417    -24.623514  0.000  0.000  0.000  0.000  0.396  0.094  0.000  0.100  0.394  0.984
   1.67896    -24.623647  0.000  0.000  0.000  0.000  0.394  0.102  0.000  0.094  0.394  0.984
   1.72375    -24.623649  0.000  0.000  0.000  0.000  0.394  0.104  0.000  0.092  0.396  0.984
   1.76854    -24.623611  0.000  0.000  0.000  0.000  0.394  0.104  0.000  0.090  0.396  0.984
   1.81333    -24.623529  0.000  0.000  0.000  0.000  0.392  0.106  0.000  0.088  0.396  0.984
   1.85813    -24.623411  0.000  0.000  0.000  0.000  0.392  0.108  0.000  0.088  0.396  0.984
   1.90292    -24.623252  0.000  0.000  0.000  0.000  0.392  0.110  0.000  0.086  0.396  0.984
   1.94771    -24.623065  0.000  0.000  0.000  0.000  0.392  0.110  0.002  0.086  0.396  0.984
   1.99250    -24.622849  0.000  0.000  0.000  0.000  0.392  0.112  0.002  0.084  0.396  0.984
   2.03729    -24.622601  0.000  0.000  0.000  0.000  0.392  0.112  0.002  0.084  0.396  0.984
   2.08209    -24.622334  0.000  0.000  0.000  0.000  0.392  0.112  0.002  0.084  0.396  0.984
   2.12688    -24.622053  0.000  0.000  0.000  0.000  0.392  0.112  0.002  0.084  0.396  0.984
   2.12688    -24.622053  0.000  0.000  0.000  0.000  0.392  0.112  0.002  0.084  0.396  0.984
   2.16569    -24.622329  0.000  0.000  0.000  0.000  0.392  0.112  0.002  0.084  0.396  0.984
   2.20451    -24.622578  0.000  0.000  0.000  0.000  0.392  0.112  0.002  0.084  0.396  0.984
   2.24332    -24.622797  0.000  0.000  0.000  0.000  0.392  0.112  0.002  0.084  0.396  0.984
   2.28213    -24.622990  0.000  0.000  0.000  0.000  0.392  0.110  0.002  0.084  0.396  0.984
   2.32095    -24.623155  0.000  0.000  0.000  0.000  0.392  0.110  0.000  0.086  0.396  0.984
   2.35976    -24.623287  0.000  0.000  0.000  0.000  0.392  0.108  0.000  0.086  0.396  0.984
   2.39858    -24.623387  0.000  0.000  0.000  0.000  0.392  0.108  0.000  0.088  0.396  0.984
   2.43739    -24.623465  0.000  0.000  0.000  0.000  0.394  0.106  0.000  0.090  0.396  0.984
   2.47620    -24.623517  0.000  0.000  0.000  0.000  0.394  0.104  0.000  0.092  0.396  0.984
   2.51502    -24.623551  0.000  0.000  0.000  0.000  0.394  0.102  0.000  0.092  0.396  0.984
   2.55383    -24.623474  0.000  0.000  0.000  0.000  0.396  0.096  0.000  0.098  0.394  0.984
   2.59265    -24.623050  0.000  0.000  0.000  0.000  0.396  0.096  0.000  0.098  0.394  0.984
   2.63146    -24.622620  0.000  0.000  0.000  0.000  0.396  0.096  0.000  0.098  0.394  0.984
   2.67027    -24.622182  0.000  0.000  0.000  0.000  0.396  0.094  0.000  0.100  0.394  0.984
   2.70909    -24.621753  0.000  0.000  0.000  0.000  0.396  0.094  0.000  0.100  0.394  0.984
   2.74790    -24.621339  0.000  0.000  0.000  0.000  0.396  0.094  0.000  0.100  0.394  0.984
   2.78671    -24.620948  0.000  0.000  0.000  0.000  0.396  0.094  0.000  0.102  0.394  0.984
   2.82553    -24.620577  0.000  0.000  0.000  0.000  0.396  0.094  0.000  0.102  0.394  0.984
   2.86434    -24.620239  0.000  0.000  0.000  0.000  0.396  0.092  0.000  0.102  0.394  0.984
 
# Band-Index:    4
   2.86434    -24.620239  0.000  0.000  0.000  0.000  0.396  0.092  0.000  0.102  0.394  0.984
   2.82553    -24.619944  0.000  0.000  0.000  0.000  0.396  0.092  0.000  0.102  0.394  0.984
   2.78671    -24.619693  0.000  0.000  0.000  0.000  0.396  0.094  0.000  0.102  0.394  0.984
   2.74790    -24.619490  0.000  0.000  0.000  0.000  0.396  0.094  0.000  0.102  0.394  0.984
   2.70909    -24.619338  0.000  0.000  0.000  0.000  0.396  0.094  0.000  0.100  0.394  0.984
   2.67027    -24.619240  0.000  0.000  0.000  0.000  0.396  0.094  0.000  0.100  0.394  0.984
   2.63146    -24.619193  0.000  0.000  0.000  0.000  0.396  0.096  0.000  0.098  0.394  0.984
   2.59265    -24.619205  0.000  0.000  0.000  0.000  0.394  0.098  0.000  0.098  0.396  0.984
   2.55383    -24.619270  0.000  0.000  0.000  0.000  0.394  0.098  0.000  0.096  0.396  0.984
   2.51502    -24.619381  0.000  0.000  0.000  0.000  0.394  0.100  0.000  0.094  0.396  0.984
   2.47620    -24.619542  0.000  0.000  0.000  0.000  0.394  0.102  0.000  0.094  0.396  0.984
   2.43739    -24.619746  0.000  0.000  0.000  0.000  0.394  0.104  0.000  0.092  0.396  0.984
   2.39858    -24.619984  0.000  0.000  0.000  0.000  0.392  0.104  0.000  0.090  0.396  0.984
   2.35976    -24.620255  0.000  0.000  0.000  0.000  0.392  0.106  0.000  0.090  0.396  0.984
   2.32095    -24.620545  0.000  0.000  0.000  0.000  0.392  0.108  0.000  0.088  0.396  0.984
   2.28213    -24.620846  0.000  0.000  0.000  0.000  0.392  0.108  0.000  0.086  0.396  0.984
   2.24332    -24.621156  0.000  0.000  0.000  0.000  0.392  0.110  0.002  0.086  0.396  0.984
   2.20451    -24.621468  0.000  0.000  0.000  0.000  0.392  0.110  0.002  0.084  0.396  0.984
   2.16569    -24.621769  0.000  0.000  0.000  0.000  0.392  0.112  0.002  0.084  0.396  0.984
   2.12688    -24.622053  0.000  0.000  0.000  0.000  0.392  0.112  0.002  0.084  0.396  0.984
   2.12688    -24.622053  0.000  0.000  0.000  0.000  0.392  0.112  0.002  0.084  0.396  0.984
   2.08209    -24.621775  0.000  0.000  0.000  0.000  0.392  0.112  0.002  0.084  0.396  0.984
   2.03729    -24.621498  0.000  0.000  0.000  0.000  0.392  0.110  0.002  0.084  0.396  0.984
   1.99250    -24.621231  0.000  0.000  0.000  0.000  0.392  0.110  0.002  0.086  0.396  0.984
   1.94771    -24.620977  0.000  0.000  0.000  0.000  0.392  0.108  0.000  0.088  0.396  0.984
   1.90292    -24.620750  0.000  0.000  0.000  0.000  0.392  0.106  0.000  0.088  0.396  0.984
   1.85813    -24.620563  0.000  0.000  0.000  0.000  0.392  0.104  0.000  0.090  0.396  0.984
   1.81333    -24.620414  0.000  0.000  0.000  0.000  0.394  0.104  0.000  0.092  0.396  0.984
   1.76854    -24.620312  0.000  0.000  0.000  0.000  0.394  0.102  0.000  0.094  0.396  0.984
   1.72375    -24.620258  0.000  0.000  0.000  0.000  0.394  0.100  0.000  0.096  0.396  0.984
   1.67896    -24.620256  0.000  0.000  0.000  0.000  0.394  0.098  0.000  0.098  0.396  0.984
   1.63417    -24.620305  0.000  0.000  0.000  0.000  0.394  0.096  0.000  0.100  0.394  0.984
   1.58937    -24.620403  0.000  0.000  0.000  0.000  0.394  0.094  0.000  0.102  0.394  0.984
   1.54458    -24.620546  0.000  0.000  0.000  0.000  0.394  0.092  0.000  0.102  0.394  0.984
   1.49979    -24.620729  0.000  0.000  0.000  0.000  0.394  0.092  0.000  0.104  0.394  0.984
   1.45500    -24.620953  0.000  0.000  0.000  0.000  0.394  0.090  0.002  0.106  0.394  0.984
   1.41020    -24.621201  0.000  0.000  0.000  0.000  0.394  0.090  0.002  0.106  0.392  0.984
   1.36541    -24.621467  0.000  0.000  0.000  0.000  0.394  0.090  0.002  0.106  0.392  0.984
   1.32062    -24.621743  0.000  0.000  0.000  0.000  0.394  0.090  0.002  0.106  0.392  0.984
   1.27583    -24.622021  0.000  0.000  0.000  0.000  0.395  0.089  0.001  0.107  0.392  0.984
   1.27583    -24.622021  0.000  0.000  0.000  0.000  0.395  0.089  0.002  0.107  0.392  0.984
   1.23104    -24.621743  0.000  0.000  0.000  0.000  0.394  0.090  0.002  0.106  0.392  0.984
   1.18624    -24.621467  0.000  0.000  0.000  0.000  0.394  0.090  0.002  0.106  0.392  0.984
   1.14145    -24.621201  0.000  0.000  0.000  0.000  0.394  0.090  0.002  0.106  0.392  0.984
   1.09666    -24.620953  0.000  0.000  0.000  0.000  0.394  0.090  0.002  0.106  0.394  0.984
   1.05187    -24.620729  0.000  0.000  0.000  0.000  0.394  0.092  0.000  0.104  0.394  0.984
   1.00708    -24.620546  0.000  0.000  0.000  0.000  0.394  0.092  0.000  0.102  0.394  0.984
   0.96228    -24.620403  0.000  0.000  0.000  0.000  0.394  0.094  0.000  0.102  0.394  0.984
   0.91749    -24.620305  0.000  0.000  0.000  0.000  0.394  0.096  0.000  0.100  0.394  0.984
   0.87270    -24.620256  0.000  0.000  0.000  0.000  0.394  0.098  0.000  0.098  0.396  0.984
   0.82791    -24.620258  0.000  0.000  0.000  0.000  0.394  0.100  0.000  0.096  0.396  0.984
   0.78311    -24.620312  0.000  0.000  0.000  0.000  0.394  0.102  0.000  0.094  0.396  0.984
   0.73832    -24.620414  0.000  0.000  0.000  0.000  0.394  0.104  0.000  0.092  0.396  0.984
   0.69353    -24.620563  0.000  0.000  0.000  0.000  0.392  0.104  0.000  0.090  0.396  0.984
   0.64874    -24.620750  0.000  0.000  0.000  0.000  0.392  0.106  0.000  0.088  0.396  0.984
   0.60395    -24.620977  0.000  0.000  0.000  0.000  0.392  0.108  0.000  0.088  0.396  0.984
   0.55915    -24.621231  0.000  0.000  0.000  0.000  0.392  0.110  0.002  0.086  0.396  0.984
   0.51436    -24.621498  0.000  0.000  0.000  0.000  0.392  0.110  0.002  0.084  0.396  0.984
   0.46957    -24.621775  0.000  0.000  0.000  0.000  0.392  0.112  0.002  0.084  0.396  0.984
   0.42478    -24.622053  0.000  0.000  0.000  0.000  0.392  0.112  0.002  0.084  0.396  0.984
   0.42478    -24.622053  0.000  0.000  0.000  0.000  0.392  0.112  0.002  0.084  0.396  0.984
   0.40242    -24.622062  0.000  0.000  0.000  0.000  0.392  0.112  0.002  0.084  0.396  0.984
   0.38006    -24.622082  0.000  0.000  0.000  0.000  0.392  0.110  0.002  0.084  0.396  0.984
   0.35771    -24.622117  0.000  0.000  0.000  0.000  0.392  0.110  0.002  0.086  0.396  0.984
   0.33535    -24.622163  0.000  0.000  0.000  0.000  0.392  0.110  0.002  0.086  0.396  0.984
   0.31299    -24.622220  0.000  0.000  0.000  0.000  0.392  0.108  0.002  0.086  0.396  0.984
   0.29064    -24.622291  0.000  0.000  0.000  0.000  0.392  0.108  0.002  0.088  0.396  0.984
   0.26828    -24.622372  0.000  0.000  0.000  0.000  0.392  0.108  0.002  0.088  0.396  0.984
   0.24592    -24.622468  0.000  0.000  0.000  0.000  0.392  0.106  0.000  0.090  0.396  0.984
   0.22357    -24.622573  0.000  0.000  0.000  0.000  0.392  0.106  0.000  0.090  0.396  0.984
   0.20121    -24.622687  0.000  0.000  0.000  0.000  0.392  0.104  0.000  0.090  0.396  0.984
   0.17885    -24.622812  0.000  0.000  0.000  0.000  0.392  0.104  0.000  0.092  0.396  0.984
   0.15650    -24.622947  0.000  0.000  0.000  0.000  0.392  0.102  0.000  0.092  0.396  0.984
   0.13414    -24.623087  0.000  0.000  0.000  0.000  0.392  0.102  0.000  0.092  0.396  0.984
   0.11178    -24.623235  0.000  0.000  0.000  0.000  0.392  0.102  0.000  0.094  0.396  0.984
   0.08943    -24.623388  0.000  0.000  0.000  0.000  0.392  0.100  0.000  0.094  0.396  0.984
   0.06707    -24.623546  0.000  0.000  0.000  0.000  0.394  0.100  0.000  0.094  0.396  0.984
   0.04471    -24.623709  0.000  0.000  0.000  0.000  0.394  0.098  0.000  0.096  0.396  0.984
   0.02236    -24.623881  0.000  0.000  0.000  0.000  0.394  0.098  0.000  0.096  0.396  0.984
   0.00000    -24.624050  0.000  0.000  0.000  0.000  0.394  0.098  0.000  0.096  0.396  0.984
 
# Band-Index:    5
   0.00000    -24.594479  0.000  0.000  0.000  0.000  0.000  0.296  0.390  0.298  0.000  0.984
   0.02236    -24.594480  0.000  0.000  0.000  0.000  0.000  0.296  0.390  0.298  0.000  0.984
   0.04471    -24.594475  0.000  0.000  0.000  0.000  0.000  0.294  0.390  0.300  0.000  0.984
   0.06707    -24.594471  0.000  0.000  0.000  0.000  0.000  0.294  0.390  0.300  0.000  0.984
   0.08943    -24.594465  0.000  0.000  0.000  0.000  0.000  0.292  0.390  0.300  0.000  0.984
   0.11178    -24.594456  0.000  0.000  0.000  0.000  0.000  0.292  0.390  0.302  0.000  0.984
   0.13414    -24.594443  0.000  0.000  0.000  0.000  0.000  0.292  0.390  0.302  0.000  0.984
   0.15650    -24.594427  0.000  0.000  0.000  0.000  0.000  0.290  0.390  0.304  0.000  0.984
   0.17885    -24.594405  0.000  0.000  0.000  0.000  0.000  0.290  0.390  0.304  0.000  0.984
   0.20121    -24.594383  0.000  0.000  0.000  0.000  0.000  0.288  0.388  0.306  0.000  0.984
   0.22357    -24.594358  0.000  0.000  0.000  0.000  0.000  0.288  0.388  0.306  0.000  0.984
   0.24592    -24.594329  0.000  0.000  0.000  0.000  0.002  0.288  0.388  0.306  0.000  0.984
   0.26828    -24.594298  0.000  0.000  0.000  0.000  0.002  0.286  0.388  0.308  0.000  0.984
   0.29064    -24.594268  0.000  0.000  0.000  0.000  0.002  0.286  0.388  0.308  0.000  0.984
   0.31299    -24.594234  0.000  0.000  0.000  0.000  0.002  0.284  0.388  0.310  0.000  0.984
   0.33535    -24.594200  0.000  0.000  0.000  0.000  0.002  0.284  0.388  0.310  0.002  0.984
   0.35771    -24.594161  0.000  0.000  0.000  0.000  0.002  0.284  0.388  0.310  0.002  0.984
   0.38006    -24.594120  0.000  0.000  0.000  0.000  0.002  0.282  0.388  0.312  0.002  0.984
   0.40242    -24.594080  0.000  0.000  0.000  0.000  0.002  0.282  0.388  0.312  0.002  0.984
   0.42478    -24.594038  0.000  0.000  0.000  0.000  0.002  0.282  0.388  0.312  0.002  0.984
   0.42478    -24.594038  0.000  0.000  0.000  0.000  0.002  0.282  0.388  0.312  0.002  0.984
   0.46957    -24.594172  0.000  0.000  0.000  0.000  0.002  0.282  0.388  0.312  0.002  0.984
   0.51436    -24.594306  0.000  0.000  0.000  0.000  0.002  0.282  0.388  0.312  0.002  0.984
   0.55915    -24.594434  0.000  0.000  0.000  0.000  0.002  0.284  0.388  0.310  0.002  0.984
   0.60395    -24.594551  0.000  0.000  0.000  0.000  0.002  0.284  0.388  0.310  0.000  0.984
   0.64874    -24.594655  0.000  0.000  0.000  0.000  0.002  0.286  0.388  0.308  0.000  0.984
   0.69353    -24.594745  0.000  0.000  0.000  0.000  0.000  0.288  0.388  0.306  0.000  0.984
   0.73832    -24.594813  0.000  0.000  0.000  0.000  0.000  0.290  0.388  0.306  0.000  0.984
   0.78311    -24.594864  0.000  0.000  0.000  0.000  0.000  0.292  0.388  0.304  0.000  0.984
   0.82791    -24.594888  0.000  0.000  0.000  0.000  0.000  0.294  0.388  0.302  0.000  0.984
   0.87270    -24.594886  0.000  0.000  0.000  0.000  0.000  0.296  0.388  0.300  0.000  0.984
   0.91749    -24.594861  0.000  0.000  0.000  0.000  0.000  0.298  0.388  0.298  0.000  0.984
   0.96228    -24.594810  0.000  0.000  0.000  0.000  0.000  0.298  0.388  0.296  0.000  0.984
   1.00708    -24.594736  0.000  0.000  0.000  0.000  0.000  0.300  0.388  0.294  0.000  0.984
   1.05187    -24.594645  0.000  0.000  0.000  0.000  0.000  0.302  0.388  0.292  0.002  0.984
   1.09666    -24.594539  0.000  0.000  0.000  0.000  0.002  0.304  0.388  0.290  0.002  0.984
   1.14145    -24.594420  0.000  0.000  0.000  0.000  0.002  0.304  0.388  0.290  0.002  0.984
   1.18624    -24.594291  0.000  0.000  0.000  0.000  0.002  0.306  0.388  0.288  0.002  0.984
   1.23104    -24.594157  0.000  0.000  0.000  0.000  0.002  0.306  0.388  0.288  0.002  0.984
   1.27583    -24.594023  0.000  0.000  0.000  0.000  0.002  0.306  0.388  0.287  0.002  0.984
   1.27583    -24.594023  0.000  0.000  0.000  0.000  0.002  0.306  0.388  0.287  0.002  0.985
   1.32062    -24.594157  0.000  0.000  0.000  0.000  0.002  0.306  0.388  0.288  0.002  0.984
   1.36541    -24.594291  0.000  0.000  0.000  0.000  0.002  0.306  0.388  0.288  0.002  0.984
   1.41020    -24.594420  0.000  0.000  0.000  0.000  0.002  0.304  0.388  0.290  0.002  0.984
   1.45500    -24.594539  0.000  0.000  0.000  0.000  0.002  0.304  0.388  0.290  0.002  0.984
   1.49979    -24.594645  0.000  0.000  0.000  0.000  0.000  0.302  0.388  0.292  0.002  0.984
   1.54458    -24.594736  0.000  0.000  0.000  0.000  0.000  0.300  0.388  0.294  0.000  0.984
   1.58937    -24.594810  0.000  0.000  0.000  0.000  0.000  0.298  0.388  0.296  0.000  0.984
   1.63417    -24.594861  0.000  0.000  0.000  0.000  0.000  0.298  0.388  0.298  0.000  0.984
   1.67896    -24.594886  0.000  0.000  0.000  0.000  0.000  0.296  0.388  0.300  0.000  0.984
   1.72375    -24.594888  0.000  0.000  0.000  0.000  0.000  0.294  0.388  0.302  0.000  0.984
   1.76854    -24.594864  0.000  0.000  0.000  0.000  0.000  0.292  0.388  0.304  0.000  0.984
   1.81333    -24.594813  0.000  0.000  0.000  0.000  0.000  0.290  0.388  0.306  0.000  0.984
   1.85813    -24.594745  0.000  0.000  0.000  0.000  0.000  0.288  0.388  0.306  0.000  0.984
   1.90292    -24.594655  0.000  0.000  0.000  0.000  0.002  0.286  0.388  0.308  0.000  0.984
   1.94771    -24.594551  0.000  0.000  0.000  0.000  0.002  0.284  0.388  0.310  0.000  0.984
   1.99250    -24.594434  0.000  0.000  0.000  0.000  0.002  0.284  0.388  0.310  0.002  0.984
   2.03729    -24.594306  0.000  0.000  0.000  0.000  0.002  0.282  0.388  0.312  0.002  0.984
   2.08209    -24.594172  0.000  0.000  0.000  0.000  0.002  0.282  0.388  0.312  0.002  0.984
   2.12688    -24.594038  0.000  0.000  0.000  0.000  0.002  0.282  0.388  0.312  0.002  0.984
   2.12688    -24.594038  0.000  0.000  0.000  0.000  0.002  0.282  0.388  0.312  0.002  0.984
   2.16569    -24.594168  0.000  0.000  0.000  0.000  0.002  0.282  0.388  0.312  0.002  0.984
   2.20451    -24.594298  0.000  0.000  0.000  0.000  0.002  0.282  0.388  0.312  0.002  0.984
   2.24332    -24.594422  0.000  0.000  0.000  0.000  0.002  0.282  0.388  0.312  0.002  0.984
   2.28213    -24.594546  0.000  0.000  0.000  0.000  0.002  0.284  0.388  0.310  0.000  0.984
   2.32095    -24.594663  0.000  0.000  0.000  0.000  0.002  0.284  0.388  0.310  0.000  0.984
   2.35976    -24.594772  0.000  0.000  0.000  0.000  0.000  0.286  0.388  0.308  0.000  0.984
   2.39858    -24.594869  0.000  0.000  0.000  0.000  0.000  0.288  0.388  0.306  0.000  0.984
   2.43739    -24.594952  0.000  0.000  0.000  0.000  0.000  0.290  0.388  0.306  0.000  0.984
   2.47620    -24.595021  0.000  0.000  0.000  0.000  0.000  0.292  0.388  0.304  0.000  0.984
   2.51502    -24.595075  0.000  0.000  0.000  0.000  0.000  0.294  0.388  0.302  0.000  0.984
   2.55383    -24.595111  0.000  0.000  0.000  0.000  0.000  0.296  0.388  0.300  0.000  0.984
   2.59265    -24.595131  0.000  0.000  0.000  0.000  0.000  0.298  0.388  0.298  0.000  0.984
   2.63146    -24.595133  0.000  0.000  0.000  0.000  0.000  0.300  0.388  0.296  0.000  0.984
   2.67027    -24.595117  0.000  0.000  0.000  0.000  0.000  0.302  0.388  0.294  0.000  0.984
   2.70909    -24.595086  0.000  0.000  0.000  0.000  0.000  0.302  0.388  0.292  0.000  0.984
   2.74790    -24.595047  0.000  0.000  0.000  0.000  0.000  0.304  0.388  0.292  0.000  0.984
   2.78671    -24.594995  0.000  0.000  0.000  0.000  0.000  0.306  0.388  0.290  0.000  0.984
   2.82553    -24.594936  0.000  0.000  0.000  0.000  0.000  0.306  0.388  0.288  0.000  0.984
   2.86434    -24.594875  0.000  0.000  0.000  0.000  0.000  0.306  0.388  0.288  0.000  0.984
 
# Band-Index:    6
   2.86434    -24.594875  0.000  0.000  0.000  0.000  0.000  0.306  0.388  0.288  0.000  0.984
   2.82553    -24.594818  0.000  0.000  0.000  0.000  0.000  0.306  0.388  0.288  0.000  0.984
   2.78671    -24.594765  0.000  0.000  0.000  0.000  0.000  0.306  0.388  0.288  0.000  0.984
   2.74790    -24.594712  0.000  0.000  0.000  0.000  0.000  0.306  0.388  0.288  0.000  0.984
   2.70909    -24.594665  0.000  0.000  0.000  0.000  0.000  0.304  0.388  0.290  0.000  0.984
   2.67027    -24.594627  0.000  0.000  0.000  0.000  0.000  0.304  0.390  0.290  0.000  0.984
   2.63146    -24.594593  0.000  0.000  0.000  0.000  0.000  0.302  0.390  0.292  0.000  0.984
   2.59265    -24.594557  0.000  0.000  0.000  0.000  0.000  0.300  0.390  0.292  0.000  0.984
   2.55383    -24.594522  0.000  0.000  0.000  0.000  0.000  0.300  0.390  0.294  0.000  0.984
   2.51502    -24.594492  0.000  0.000  0.000  0.000  0.000  0.298  0.390  0.294  0.000  0.984
   2.47620    -24.594459  0.000  0.000  0.000  0.000  0.000  0.298  0.390  0.296  0.000  0.984
   2.43739    -24.594422  0.000  0.000  0.000  0.000  0.000  0.296  0.390  0.296  0.000  0.984
   2.39858    -24.594378  0.000  0.000  0.000  0.000  0.000  0.296  0.392  0.298  0.000  0.984
   2.35976    -24.594327  0.000  0.000  0.000  0.000  0.000  0.296  0.392  0.298  0.000  0.984
   2.32095    -24.594274  0.000  0.000  0.000  0.000  0.000  0.296  0.392  0.298  0.000  0.984
   2.28213    -24.594215  0.000  0.000  0.000  0.000  0.000  0.296  0.392  0.298  0.000  0.984
   2.24332    -24.594155  0.000  0.000  0.000  0.000  0.000  0.296  0.392  0.298  0.000  0.984
   2.20451    -24.594087  0.000  0.000  0.000  0.000  0.000  0.296  0.392  0.298  0.000  0.984
   2.16569    -24.594022  0.000  0.000  0.000  0.000  0.000  0.296  0.392  0.296  0.000  0.984
   2.12688    -24.594038  0.000  0.000  0.000  0.000  0.002  0.282  0.388  0.312  0.002  0.984
   2.12688    -24.594038  0.000  0.000  0.000  0.000  0.002  0.282  0.388  0.312  0.002  0.984
   2.08209    -24.594033  0.000  0.000  0.000  0.000  0.000  0.296  0.392  0.296  0.000  0.984
   2.03729    -24.594108  0.000  0.000  0.000  0.000  0.000  0.296  0.392  0.296  0.000  0.984
   1.99250    -24.594185  0.000  0.000  0.000  0.000  0.000  0.296  0.392  0.296  0.000  0.984
   1.94771    -24.594255  0.000  0.000  0.000  0.000  0.000  0.296  0.392  0.296  0.000  0.984
   1.90292    -24.594320  0.000  0.000  0.000  0.000  0.000  0.296  0.392  0.296  0.000  0.984
   1.85813    -24.594373  0.000  0.000  0.000  0.000  0.000  0.296  0.392  0.296  0.000  0.984
   1.81333    -24.594414  0.000  0.000  0.000  0.000  0.000  0.296  0.390  0.296  0.000  0.984
   1.76854    -24.594446  0.000  0.000  0.000  0.000  0.000  0.298  0.390  0.296  0.000  0.984
   1.72375    -24.594467  0.000  0.000  0.000  0.000  0.000  0.298  0.390  0.296  0.000  0.984
   1.67896    -24.594475  0.000  0.000  0.000  0.000  0.000  0.298  0.390  0.294  0.000  0.984
   1.63417    -24.594466  0.000  0.000  0.000  0.000  0.000  0.300  0.390  0.294  0.000  0.984
   1.58937    -24.594450  0.000  0.000  0.000  0.000  0.000  0.300  0.390  0.294  0.000  0.984
   1.54458    -24.594419  0.000  0.000  0.000  0.000  0.000  0.302  0.390  0.292  0.000  0.984
   1.49979    -24.594374  0.000  0.000  0.000  0.000  0.000  0.302  0.388  0.292  0.000  0.984
   1.45500    -24.594317  0.000  0.000  0.000  0.000  0.000  0.304  0.388  0.290  0.002  0.984
   1.41020    -24.594254  0.000  0.000  0.000  0.000  0.002  0.304  0.388  0.290  0.002  0.984
   1.36541    -24.594185  0.000  0.000  0.000  0.000  0.002  0.304  0.388  0.288  0.002  0.984
   1.32062    -24.594105  0.000  0.000  0.000  0.000  0.002  0.306  0.388  0.288  0.002  0.984
   1.27583    -24.594023  0.000  0.000  0.000  0.000  0.002  0.306  0.388  0.287  0.002  0.984
   1.27583    -24.594023  0.000  0.000  0.000  0.000  0.002  0.306  0.388  0.287  0.002  0.984
   1.23104    -24.594105  0.000  0.000  0.000  0.000  0.002  0.306  0.388  0.288  0.002  0.984
   1.18624    -24.594185  0.000  0.000  0.000  0.000  0.002  0.304  0.388  0.288  0.002  0.984
   1.14145    -24.594254  0.000  0.000  0.000  0.000  0.002  0.304  0.388  0.290  0.002  0.984
   1.09666    -24.594317  0.000  0.000  0.000  0.000  0.000  0.304  0.388  0.290  0.002  0.984
   1.05187    -24.594374  0.000  0.000  0.000  0.000  0.000  0.302  0.388  0.292  0.000  0.984
   1.00708    -24.594419  0.000  0.000  0.000  0.000  0.000  0.302  0.390  0.292  0.000  0.984
   0.96228    -24.594450  0.000  0.000  0.000  0.000  0.000  0.300  0.390  0.294  0.000  0.984
   0.91749    -24.594466  0.000  0.000  0.000  0.000  0.000  0.300  0.390  0.294  0.000  0.984
   0.87270    -24.594475  0.000  0.000  0.000  0.000  0.000  0.298  0.390  0.294  0.000  0.984
   0.82791    -24.594467  0.000  0.000  0.000  0.000  0.000  0.298  0.390  0.296  0.000  0.984
   0.78311    -24.594446  0.000  0.000  0.000  0.000  0.000  0.298  0.390  0.296  0.000  0.984
   0.73832    -24.594414  0.000  0.000  0.000  0.000  0.000  0.296  0.390  0.296  0.000  0.984
   0.69353    -24.594373  0.000  0.000  0.000  0.000  0.000  0.296  0.392  0.296  0.000  0.984
   0.64874    -24.594320  0.000  0.000  0.000  0.000  0.000  0.296  0.392  0.296  0.000  0.984
   0.60395    -24.594255  0.000  0.000  0.000  0.000  0.000  0.296  0.392  0.296  0.000  0.984
   0.55915    -24.594185  0.000  0.000  0.000  0.000  0.000  0.296  0.392  0.296  0.000  0.984
   0.51436    -24.594108  0.000  0.000  0.000  0.000  0.000  0.296  0.392  0.296  0.000  0.984
   0.46957    -24.594033  0.000  0.000  0.000  0.000  0.000  0.296  0.392  0.296  0.000  0.984
   0.42478    -24.594038  0.000  0.000  0.000  0.000  0.002  0.282  0.388  0.312  0.002  0.984
   0.42478    -24.594038  0.000  0.000  0.000  0.000  0.002  0.282  0.388  0.312  0.002  0.984
   0.40242    -24.594002  0.000  0.000  0.000  0.000  0.002  0.280  0.388  0.312  0.002  0.984
   0.38006    -24.594031  0.000  0.000  0.000  0.000  0.000  0.298  0.392  0.294  0.000  0.984
   0.35771    -24.594066  0.000  0.000  0.000  0.000  0.000  0.298  0.392  0.294  0.000  0.984
   0.33535    -24.594106  0.000  0.000  0.000  0.000  0.000  0.298  0.392  0.294  0.000  0.984
   0.31299    -24.594146  0.000  0.000  0.000  0.000  0.000  0.298  0.392  0.294  0.000  0.984
   0.29064    -24.594184  0.000  0.000  0.000  0.000  0.000  0.298  0.392  0.294  0.000  0.984
   0.26828    -24.594219  0.000  0.000  0.000  0.000  0.000  0.298  0.392  0.294  0.000  0.984
   0.24592    -24.594253  0.000  0.000  0.000  0.000  0.000  0.300  0.392  0.294  0.000  0.984
   0.22357    -24.594286  0.000  0.000  0.000  0.000  0.000  0.300  0.392  0.294  0.000  0.984
   0.20121    -24.594317  0.000  0.000  0.000  0.000  0.000  0.300  0.392  0.294  0.000  0.984
   0.17885    -24.594346  0.000  0.000  0.000  0.000  0.000  0.298  0.392  0.294  0.000  0.984
   0.15650    -24.594371  0.000  0.000  0.000  0.000  0.000  0.298  0.392  0.294  0.000  0.984
   0.13414    -24.594392  0.000  0.000  0.000  0.000  0.000  0.298  0.390  0.294  0.000  0.984
   0.11178    -24.594411  0.000  0.000  0.000  0.000  0.000  0.298  0.390  0.296  0.000  0.984
   0.08943    -24.594430  0.000  0.000  0.000  0.000  0.000  0.298  0.390  0.296  0.000  0.984
   0.06707    -24.594446  0.000  0.000  0.000  0.000  0.000  0.298  0.390  0.296  0.000  0.984
   0.04471    -24.594459  0.000  0.000  0.000  0.000  0.000  0.296  0.390  0.296  0.000  0.984
   0.02236    -24.594471  0.000  0.000  0.000  0.000  0.000  0.296  0.390  0.298  0.000  0.984
   0.00000    -24.594479  0.000  0.000  0.000  0.000  0.000  0.296  0.390  0.298  0.000  0.984
 
# Band-Index:    7
   0.00000    -24.593551  0.000  0.000  0.000  0.000  0.000  0.284  0.390  0.310  0.000  0.984
   0.02236    -24.593554  0.000  0.000  0.000  0.000  0.000  0.284  0.390  0.310  0.000  0.984
   0.04471    -24.593557  0.000  0.000  0.000  0.000  0.000  0.282  0.390  0.310  0.000  0.984
   0.06707    -24.593568  0.000  0.000  0.000  0.000  0.000  0.282  0.390  0.312  0.000  0.984
   0.08943    -24.593582  0.000  0.000  0.000  0.000  0.000  0.282  0.390  0.312  0.000  0.984
   0.11178    -24.593600  0.000  0.000  0.000  0.000  0.000  0.282  0.390  0.312  0.000  0.984
   0.13414    -24.593619  0.000  0.000  0.000  0.000  0.002  0.280  0.388  0.312  0.000  0.984
   0.15650    -24.593642  0.000  0.000  0.000  0.000  0.002  0.280  0.388  0.314  0.000  0.984
   0.17885    -24.593665  0.000  0.000  0.000  0.000  0.002  0.280  0.388  0.314  0.000  0.984
   0.20121    -24.593692  0.000  0.000  0.000  0.000  0.002  0.280  0.388  0.314  0.002  0.984
   0.22357    -24.593721  0.000  0.000  0.000  0.000  0.002  0.280  0.388  0.314  0.002  0.984
   0.24592    -24.593751  0.000  0.000  0.000  0.000  0.002  0.280  0.388  0.314  0.002  0.984
   0.26828    -24.593782  0.000  0.000  0.000  0.000  0.002  0.280  0.388  0.314  0.002  0.984
   0.29064    -24.593819  0.000  0.000  0.000  0.000  0.002  0.280  0.388  0.314  0.002  0.984
   0.31299    -24.593854  0.000  0.000  0.000  0.000  0.002  0.280  0.388  0.314  0.002  0.984
   0.33535    -24.593893  0.000  0.000  0.000  0.000  0.002  0.280  0.388  0.314  0.002  0.984
   0.35771    -24.593929  0.000  0.000  0.000  0.000  0.002  0.280  0.388  0.314  0.002  0.984
   0.38006    -24.593965  0.000  0.000  0.000  0.000  0.002  0.280  0.388  0.314  0.002  0.984
   0.40242    -24.593995  0.000  0.000  0.000  0.000  0.000  0.298  0.392  0.296  0.000  0.984
   0.42478    -24.593958  0.000  0.000  0.000  0.000  0.000  0.298  0.392  0.296  0.000  0.984
   0.42478    -24.593958  0.000  0.000  0.000  0.000  0.000  0.298  0.392  0.296  0.000  0.984
   0.46957    -24.593913  0.000  0.000  0.000  0.000  0.002  0.282  0.388  0.312  0.002  0.984
   0.51436    -24.593809  0.000  0.000  0.000  0.000  0.000  0.298  0.392  0.294  0.000  0.984
   0.55915    -24.593746  0.000  0.000  0.000  0.000  0.000  0.298  0.392  0.294  0.000  0.984
   0.60395    -24.593687  0.000  0.000  0.000  0.000  0.000  0.300  0.392  0.294  0.000  0.984
   0.64874    -24.593639  0.000  0.000  0.000  0.000  0.000  0.300  0.392  0.292  0.000  0.984
   0.69353    -24.593596  0.000  0.000  0.000  0.000  0.000  0.302  0.390  0.292  0.000  0.984
   0.73832    -24.593562  0.000  0.000  0.000  0.000  0.000  0.302  0.390  0.292  0.000  0.984
   0.78311    -24.593541  0.000  0.000  0.000  0.000  0.000  0.304  0.390  0.290  0.000  0.984
   0.82791    -24.593534  0.000  0.000  0.000  0.000  0.000  0.304  0.390  0.290  0.000  0.984
   0.87270    -24.593539  0.000  0.000  0.000  0.000  0.000  0.304  0.390  0.288  0.000  0.984
   0.91749    -24.593553  0.000  0.000  0.000  0.000  0.000  0.306  0.390  0.288  0.000  0.984
   0.96228    -24.593585  0.000  0.000  0.000  0.000  0.000  0.306  0.388  0.288  0.002  0.984
   1.00708    -24.593626  0.000  0.000  0.000  0.000  0.002  0.306  0.388  0.288  0.002  0.984
   1.05187    -24.593675  0.000  0.000  0.000  0.000  0.002  0.306  0.388  0.286  0.002  0.984
   1.09666    -24.593732  0.000  0.000  0.000  0.000  0.002  0.306  0.388  0.286  0.002  0.984
   1.14145    -24.593800  0.000  0.000  0.000  0.000  0.002  0.306  0.388  0.286  0.002  0.984
   1.18624    -24.593875  0.000  0.000  0.000  0.000  0.002  0.306  0.388  0.286  0.002  0.984
   1.23104    -24.593947  0.000  0.000  0.000  0.000  0.002  0.306  0.388  0.288  0.002  0.984
   1.27583    -24.594022  0.000  0.000  0.000  0.000  0.002  0.306  0.388  0.288  0.002  0.984
   1.27583    -24.594022  0.000  0.000  0.000  0.000  0.002  0.306  0.388  0.288  0.002  0.984
   1.32062    -24.593947  0.000  0.000  0.000  0.000  0.002  0.306  0.388  0.288  0.002  0.984
   1.36541    -24.593875  0.000  0.000  0.000  0.000  0.002  0.306  0.388  0.286  0.002  0.984
   1.41020    -24.593800  0.000  0.000  0.000  0.000  0.002  0.306  0.388  0.286  0.002  0.984
   1.45500    -24.593732  0.000  0.000  0.000  0.000  0.002  0.306  0.388  0.286  0.002  0.984
   1.49979    -24.593675  0.000  0.000  0.000  0.000  0.002  0.306  0.388  0.286  0.002  0.984
   1.54458    -24.593626  0.000  0.000  0.000  0.000  0.002  0.306  0.388  0.288  0.002  0.984
   1.58937    -24.593585  0.000  0.000  0.000  0.000  0.000  0.306  0.388  0.288  0.002  0.984
   1.63417    -24.593553  0.000  0.000  0.000  0.000  0.000  0.306  0.390  0.288  0.000  0.984
   1.67896    -24.593539  0.000  0.000  0.000  0.000  0.000  0.304  0.390  0.288  0.000  0.984
   1.72375    -24.593534  0.000  0.000  0.000  0.000  0.000  0.304  0.390  0.290  0.000  0.984
   1.76854    -24.593541  0.000  0.000  0.000  0.000  0.000  0.304  0.390  0.290  0.000  0.984
   1.81333    -24.593562  0.000  0.000  0.000  0.000  0.000  0.302  0.390  0.292  0.000  0.984
   1.85813    -24.593596  0.000  0.000  0.000  0.000  0.000  0.302  0.390  0.292  0.000  0.984
   1.90292    -24.593639  0.000  0.000  0.000  0.000  0.000  0.300  0.392  0.292  0.000  0.984
   1.94771    -24.593687  0.000  0.000  0.000  0.000  0.000  0.300  0.392  0.294  0.000  0.984
   1.99250    -24.593746  0.000  0.000  0.000  0.000  0.000  0.298  0.392  0.294  0.000  0.984
   2.03729    -24.593809  0.000  0.000  0.000  0.000  0.000  0.298  0.392  0.294  0.000  0.984
   2.08209    -24.593913  0.000  0.000  0.000  0.000  0.002  0.282  0.388  0.312  0.002  0.984
   2.12688    -24.593958  0.000  0.000  0.000  0.000  0.000  0.298  0.392  0.296  0.000  0.984
   2.12688    -24.593958  0.000  0.000  0.000  0.000  0.000  0.298  0.392  0.296  0.000  0.984
   2.16569    -24.593920  0.000  0.000  0.000  0.000  0.002  0.282  0.388  0.312  0.002  0.984
   2.20451    -24.593826  0.000  0.000  0.000  0.000  0.000  0.298  0.392  0.294  0.000  0.984
   2.24332    -24.593769  0.000  0.000  0.000  0.000  0.000  0.300  0.392  0.292  0.000  0.984
   2.28213    -24.593713  0.000  0.000  0.000  0.000  0.000  0.302  0.392  0.292  0.000  0.984
   2.32095    -24.593664  0.000  0.000  0.000  0.000  0.000  0.302  0.392  0.290  0.000  0.984
   2.35976    -24.593620  0.000  0.000  0.000  0.000  0.000  0.304  0.392  0.290  0.000  0.984
   2.39858    -24.593585  0.000  0.000  0.000  0.000  0.000  0.304  0.390  0.288  0.000  0.984
   2.43739    -24.593555  0.000  0.000  0.000  0.000  0.000  0.306  0.390  0.288  0.000  0.984
   2.47620    -24.593529  0.000  0.000  0.000  0.000  0.000  0.306  0.390  0.286  0.000  0.984
   2.51502    -24.593508  0.000  0.000  0.000  0.000  0.000  0.308  0.390  0.286  0.000  0.984
   2.55383    -24.593491  0.000  0.000  0.000  0.000  0.000  0.308  0.390  0.286  0.000  0.984
   2.59265    -24.593482  0.000  0.000  0.000  0.000  0.000  0.308  0.390  0.286  0.000  0.984
   2.63146    -24.593472  0.000  0.000  0.000  0.000  0.000  0.308  0.390  0.286  0.000  0.984
   2.67027    -24.593456  0.000  0.000  0.000  0.000  0.000  0.308  0.390  0.286  0.000  0.984
   2.70909    -24.593435  0.000  0.000  0.000  0.000  0.000  0.308  0.390  0.286  0.000  0.984
   2.74790    -24.593412  0.000  0.000  0.000  0.000  0.000  0.308  0.390  0.286  0.000  0.984
   2.78671    -24.593384  0.000  0.000  0.000  0.000  0.000  0.308  0.390  0.286  0.000  0.984
   2.82553    -24.593348  0.000  0.000  0.000  0.000  0.000  0.306  0.390  0.288  0.000  0.984
   2.86434    -24.593311  0.000  0.000  0.000  0.000  0.000  0.306  0.390  0.288  0.000  0.984
 
# Band-Index:    8
   2.86434    -24.593311  0.000  0.000  0.000  0.000  0.000  0.306  0.390  0.288  0.000  0.984
   2.82553    -24.593277  0.000  0.000  0.000  0.000  0.000  0.306  0.390  0.290  0.000  0.984
   2.78671    -24.593245  0.000  0.000  0.000  0.000  0.000  0.304  0.390  0.290  0.000  0.984
   2.74790    -24.593218  0.000  0.000  0.000  0.000  0.000  0.304  0.390  0.292  0.000  0.984
   2.70909    -24.593192  0.000  0.000  0.000  0.000  0.000  0.302  0.390  0.292  0.000  0.984
   2.67027    -24.593177  0.000  0.000  0.000  0.000  0.000  0.300  0.390  0.294  0.000  0.984
   2.63146    -24.593171  0.000  0.000  0.000  0.000  0.000  0.300  0.390  0.296  0.000  0.984
   2.59265    -24.593173  0.000  0.000  0.000  0.000  0.000  0.298  0.390  0.298  0.000  0.984
   2.55383    -24.593184  0.000  0.000  0.000  0.000  0.000  0.296  0.390  0.300  0.000  0.984
   2.51502    -24.593208  0.000  0.000  0.000  0.000  0.000  0.294  0.390  0.302  0.000  0.984
   2.47620    -24.593243  0.000  0.000  0.000  0.000  0.000  0.292  0.390  0.302  0.000  0.984
   2.43739    -24.593291  0.000  0.000  0.000  0.000  0.000  0.290  0.390  0.304  0.000  0.984
   2.39858    -24.593351  0.000  0.000  0.000  0.000  0.000  0.288  0.390  0.306  0.000  0.984
   2.35976    -24.593422  0.000  0.000  0.000  0.000  0.000  0.286  0.388  0.308  0.000  0.984
   2.32095    -24.593503  0.000  0.000  0.000  0.000  0.000  0.286  0.388  0.310  0.000  0.984
   2.28213    -24.593594  0.000  0.000  0.000  0.000  0.000  0.284  0.388  0.310  0.000  0.984
   2.24332    -24.593695  0.000  0.000  0.000  0.000  0.002  0.282  0.388  0.312  0.000  0.984
   2.20451    -24.593807  0.000  0.000  0.000  0.000  0.002  0.282  0.388  0.312  0.002  0.984
   2.16569    -24.593890  0.000  0.000  0.000  0.000  0.000  0.298  0.392  0.294  0.000  0.984
   2.12688    -24.593958  0.000  0.000  0.000  0.000  0.000  0.298  0.392  0.296  0.000  0.984
   2.12688    -24.593958  0.000  0.000  0.000  0.000  0.000  0.298  0.392  0.296  0.000  0.984
   2.08209    -24.593881  0.000  0.000  0.000  0.000  0.000  0.298  0.392  0.296  0.000  0.984
   2.03729    -24.593794  0.000  0.000  0.000  0.000  0.002  0.282  0.388  0.312  0.002  0.984
   1.99250    -24.593684  0.000  0.000  0.000  0.000  0.002  0.282  0.388  0.312  0.000  0.984
   1.94771    -24.593583  0.000  0.000  0.000  0.000  0.000  0.284  0.388  0.310  0.000  0.984
   1.90292    -24.593496  0.000  0.000  0.000  0.000  0.000  0.286  0.388  0.308  0.000  0.984
   1.85813    -24.593427  0.000  0.000  0.000  0.000  0.000  0.288  0.390  0.308  0.000  0.984
   1.81333    -24.593371  0.000  0.000  0.000  0.000  0.000  0.290  0.390  0.306  0.000  0.984
   1.76854    -24.593338  0.000  0.000  0.000  0.000  0.000  0.292  0.390  0.304  0.000  0.984
   1.72375    -24.593319  0.000  0.000  0.000  0.000  0.000  0.294  0.390  0.302  0.000  0.984
   1.67896    -24.593317  0.000  0.000  0.000  0.000  0.000  0.296  0.390  0.300  0.000  0.984
   1.63417    -24.593335  0.000  0.000  0.000  0.000  0.000  0.298  0.390  0.298  0.000  0.984
   1.58937    -24.593368  0.000  0.000  0.000  0.000  0.000  0.300  0.390  0.296  0.000  0.984
   1.54458    -24.593418  0.000  0.000  0.000  0.000  0.000  0.302  0.388  0.294  0.000  0.984
   1.49979    -24.593485  0.000  0.000  0.000  0.000  0.000  0.302  0.388  0.292  0.000  0.984
   1.45500    -24.593571  0.000  0.000  0.000  0.000  0.000  0.304  0.388  0.290  0.000  0.984
   1.41020    -24.593669  0.000  0.000  0.000  0.000  0.002  0.306  0.388  0.288  0.002  0.984
   1.36541    -24.593779  0.000  0.000  0.000  0.000  0.002  0.306  0.388  0.288  0.002  0.984
   1.32062    -24.593898  0.000  0.000  0.000  0.000  0.002  0.306  0.388  0.288  0.002  0.984
   1.27583    -24.594022  0.000  0.000  0.000  0.000  0.002  0.306  0.388  0.288  0.002  0.984
   1.27583    -24.594022  0.000  0.000  0.000  0.000  0.002  0.306  0.388  0.288  0.002  0.984
   1.23104    -24.593898  0.000  0.000  0.000  0.000  0.002  0.306  0.388  0.288  0.002  0.984
   1.18624    -24.593779  0.000  0.000  0.000  0.000  0.002  0.306  0.388  0.288  0.002  0.984
   1.14145    -24.593669  0.000  0.000  0.000  0.000  0.002  0.306  0.388  0.288  0.002  0.984
   1.09666    -24.593571  0.000  0.000  0.000  0.000  0.000  0.304  0.388  0.290  0.000  0.984
   1.05187    -24.593485  0.000  0.000  0.000  0.000  0.000  0.302  0.388  0.292  0.000  0.984
   1.00708    -24.593418  0.000  0.000  0.000  0.000  0.000  0.302  0.388  0.294  0.000  0.984
   0.96228    -24.593368  0.000  0.000  0.000  0.000  0.000  0.300  0.390  0.296  0.000  0.984
   0.91749    -24.593335  0.000  0.000  0.000  0.000  0.000  0.298  0.390  0.298  0.000  0.984
   0.87270    -24.593317  0.000  0.000  0.000  0.000  0.000  0.296  0.390  0.300  0.000  0.984
   0.82791    -24.593319  0.000  0.000  0.000  0.000  0.000  0.294  0.390  0.302  0.000  0.984
   0.78311    -24.593338  0.000  0.000  0.000  0.000  0.000  0.292  0.390  0.304  0.000  0.984
   0.73832    -24.593371  0.000  0.000  0.000  0.000  0.000  0.290  0.390  0.306  0.000  0.984
   0.69353    -24.593427  0.000  0.000  0.000  0.000  0.000  0.288  0.390  0.308  0.000  0.984
   0.64874    -24.593496  0.000  0.000  0.000  0.000  0.000  0.286  0.388  0.308  0.000  0.984
   0.60395    -24.593583  0.000  0.000  0.000  0.000  0.000  0.284  0.388  0.310  0.000  0.984
   0.55915    -24.593684  0.000  0.000  0.000  0.000  0.002  0.282  0.388  0.312  0.000  0.984
   0.51436    -24.593794  0.000  0.000  0.000  0.000  0.002  0.282  0.388  0.312  0.002  0.984
   0.46957    -24.593881  0.000  0.000  0.000  0.000  0.000  0.298  0.392  0.296  0.000  0.984
   0.42478    -24.593958  0.000  0.000  0.000  0.000  0.000  0.298  0.392  0.296  0.000  0.984
   0.42478    -24.593958  0.000  0.000  0.000  0.000  0.000  0.298  0.392  0.296  0.000  0.984
   0.40242    -24.593919  0.000  0.000  0.000  0.000  0.000  0.296  0.392  0.296  0.000  0.984
   0.38006    -24.593881  0.000  0.000  0.000  0.000  0.000  0.296  0.392  0.296  0.000  0.984
   0.35771    -24.593842  0.000  0.000  0.000  0.000  0.000  0.296  0.392  0.298  0.000  0.984
   0.33535    -24.593810  0.000  0.000  0.000  0.000  0.000  0.294  0.392  0.298  0.000  0.984
   0.31299    -24.593779  0.000  0.000  0.000  0.000  0.000  0.294  0.392  0.298  0.000  0.984
   0.29064    -24.593749  0.000  0.000  0.000  0.000  0.000  0.294  0.392  0.300  0.000  0.984
   0.26828    -24.593718  0.000  0.000  0.000  0.000  0.000  0.292  0.392  0.300  0.000  0.984
   0.24592    -24.593691  0.000  0.000  0.000  0.000  0.000  0.292  0.392  0.300  0.000  0.984
   0.22357    -24.593666  0.000  0.000  0.000  0.000  0.000  0.292  0.392  0.302  0.000  0.984
   0.20121    -24.593643  0.000  0.000  0.000  0.000  0.000  0.290  0.392  0.302  0.000  0.984
   0.17885    -24.593622  0.000  0.000  0.000  0.000  0.000  0.290  0.392  0.304  0.000  0.984
   0.15650    -24.593602  0.000  0.000  0.000  0.000  0.000  0.290  0.390  0.304  0.000  0.984
   0.13414    -24.593583  0.000  0.000  0.000  0.000  0.000  0.288  0.390  0.304  0.000  0.984
   0.11178    -24.593568  0.000  0.000  0.000  0.000  0.000  0.288  0.390  0.306  0.000  0.984
   0.08943    -24.593558  0.000  0.000  0.000  0.000  0.000  0.288  0.390  0.306  0.000  0.984
   0.06707    -24.593550  0.000  0.000  0.000  0.000  0.000  0.286  0.390  0.308  0.000  0.984
   0.04471    -24.593547  0.000  0.000  0.000  0.000  0.000  0.286  0.390  0.308  0.000  0.984
   0.02236    -24.593548  0.000  0.000  0.000  0.000  0.000  0.284  0.390  0.308  0.000  0.984
   0.00000    -24.593551  0.000  0.000  0.000  0.000  0.000  0.284  0.390  0.310  0.000  0.984
 
# Band-Index:    9
   0.00000    -21.673328  0.000  0.000  0.000  0.000  0.392  0.020  0.026  0.022  0.528  0.988
   0.02236    -21.673564  0.000  0.000  0.000  0.000  0.400  0.016  0.026  0.020  0.524  0.988
   0.04471    -21.673800  0.000  0.000  0.000  0.000  0.408  0.014  0.026  0.018  0.522  0.988
   0.06707    -21.674051  0.000  0.000  0.000  0.000  0.414  0.014  0.024  0.016  0.518  0.988
   0.08943    -21.674316  0.000  0.000  0.000  0.000  0.420  0.012  0.024  0.016  0.516  0.988
   0.11178    -21.674569  0.000  0.000  0.000  0.000  0.428  0.010  0.024  0.014  0.514  0.988
   0.13414    -21.674827  0.000  0.000  0.000  0.000  0.434  0.010  0.022  0.012  0.510  0.988
   0.15650    -21.675068  0.000  0.000  0.000  0.000  0.438  0.008  0.022  0.012  0.508  0.988
   0.17885    -21.675308  0.000  0.000  0.000  0.000  0.444  0.008  0.022  0.010  0.504  0.988
   0.20121    -21.675537  0.000  0.000  0.000  0.000  0.450  0.006  0.020  0.010  0.502  0.988
   0.22357    -21.675747  0.000  0.000  0.000  0.000  0.454  0.006  0.020  0.008  0.498  0.988
   0.24592    -21.675940  0.000  0.000  0.000  0.000  0.458  0.006  0.020  0.008  0.496  0.988
   0.26828    -21.676112  0.000  0.000  0.000  0.000  0.462  0.006  0.020  0.008  0.494  0.988
   0.29064    -21.676259  0.000  0.000  0.000  0.000  0.466  0.006  0.018  0.006  0.492  0.988
   0.31299    -21.676382  0.000  0.000  0.000  0.000  0.468  0.006  0.018  0.006  0.490  0.988
   0.33535    -21.676483  0.000  0.000  0.000  0.000  0.472  0.006  0.018  0.006  0.488  0.988
   0.35771    -21.676563  0.000  0.000  0.000  0.000  0.474  0.006  0.018  0.006  0.486  0.988
   0.38006    -21.676620  0.000  0.000  0.000  0.000  0.476  0.006  0.016  0.006  0.484  0.988
   0.40242    -21.676641  0.000  0.000  0.000  0.000  0.478  0.006  0.016  0.006  0.482  0.988
   0.42478    -21.676635  0.000  0.000  0.000  0.000  0.480  0.004  0.016  0.006  0.482  0.988
   0.42478    -21.676635  0.000  0.000  0.000  0.000  0.480  0.004  0.016  0.006  0.482  0.988
   0.46957    -21.676620  0.000  0.000  0.000  0.000  0.480  0.006  0.016  0.006  0.480  0.988
   0.51436    -21.676480  0.000  0.000  0.000  0.000  0.482  0.006  0.018  0.006  0.476  0.988
   0.55915    -21.676248  0.000  0.000  0.000  0.000  0.484  0.006  0.018  0.006  0.474  0.988
   0.60395    -21.675928  0.000  0.000  0.000  0.000  0.486  0.008  0.020  0.006  0.468  0.988
   0.64874    -21.675517  0.000  0.000  0.000  0.000  0.488  0.008  0.020  0.008  0.464  0.988
   0.69353    -21.675044  0.000  0.000  0.000  0.000  0.490  0.010  0.022  0.008  0.458  0.988
   0.73832    -21.674540  0.000  0.000  0.000  0.000  0.490  0.012  0.024  0.012  0.450  0.988
   0.78311    -21.674016  0.000  0.000  0.000  0.000  0.492  0.016  0.024  0.014  0.442  0.988
   0.82791    -21.673514  0.000  0.000  0.000  0.000  0.492  0.020  0.026  0.018  0.432  0.988
   0.87270    -21.673034  0.000  0.000  0.000  0.000  0.494  0.024  0.028  0.022  0.422  0.988
   0.91749    -21.672584  0.000  0.000  0.000  0.000  0.492  0.028  0.030  0.028  0.410  0.988
   0.96228    -21.672186  0.000  0.000  0.000  0.000  0.492  0.032  0.030  0.032  0.400  0.988
   1.00708    -21.671944  0.000  0.000  0.000  0.000  0.460  0.026  0.038  0.038  0.424  0.988
   1.05187    -21.671877  0.000  0.000  0.000  0.000  0.468  0.030  0.036  0.042  0.408  0.988
   1.09666    -21.671767  0.000  0.000  0.000  0.000  0.474  0.036  0.036  0.046  0.394  0.988
   1.14145    -21.671568  0.000  0.000  0.000  0.000  0.480  0.040  0.036  0.050  0.382  0.988
   1.18624    -21.671274  0.000  0.000  0.000  0.000  0.482  0.046  0.034  0.052  0.374  0.988
   1.23104    -21.670878  0.000  0.000  0.000  0.000  0.484  0.050  0.032  0.056  0.366  0.988
   1.27583    -21.670376  0.000  0.000  0.000  0.000  0.484  0.052  0.031  0.057  0.363  0.987
   1.27583    -21.670376  0.000  0.000  0.000  0.000  0.485  0.052  0.031  0.057  0.363  0.988
   1.32062    -21.670878  0.000  0.000  0.000  0.000  0.484  0.050  0.032  0.056  0.366  0.988
   1.36541    -21.671274  0.000  0.000  0.000  0.000  0.482  0.046  0.034  0.052  0.374  0.988
   1.41020    -21.671568  0.000  0.000  0.000  0.000  0.480  0.040  0.036  0.050  0.382  0.988
   1.45500    -21.671767  0.000  0.000  0.000  0.000  0.474  0.036  0.036  0.046  0.394  0.988
   1.49979    -21.671877  0.000  0.000  0.000  0.000  0.468  0.030  0.036  0.042  0.408  0.988
   1.54458    -21.671944  0.000  0.000  0.000  0.000  0.460  0.026  0.038  0.038  0.424  0.988
   1.58937    -21.672186  0.000  0.000  0.000  0.000  0.492  0.032  0.030  0.032  0.400  0.988
   1.63417    -21.672584  0.000  0.000  0.000  0.000  0.492  0.028  0.030  0.028  0.410  0.988
   1.67896    -21.673034  0.000  0.000  0.000  0.000  0.494  0.024  0.028  0.022  0.422  0.988
   1.72375    -21.673514  0.000  0.000  0.000  0.000  0.492  0.020  0.026  0.018  0.432  0.988
   1.76854    -21.674016  0.000  0.000  0.000  0.000  0.492  0.016  0.024  0.014  0.442  0.988
   1.81333    -21.674540  0.000  0.000  0.000  0.000  0.490  0.012  0.024  0.012  0.450  0.988
   1.85813    -21.675044  0.000  0.000  0.000  0.000  0.490  0.010  0.022  0.008  0.458  0.988
   1.90292    -21.675517  0.000  0.000  0.000  0.000  0.488  0.008  0.020  0.008  0.464  0.988
   1.94771    -21.675928  0.000  0.000  0.000  0.000  0.486  0.008  0.020  0.006  0.468  0.988
   1.99250    -21.676248  0.000  0.000  0.000  0.000  0.484  0.006  0.018  0.006  0.474  0.988
   2.03729    -21.676480  0.000  0.000  0.000  0.000  0.482  0.006  0.018  0.006  0.476  0.988
   2.08209    -21.676620  0.000  0.000  0.000  0.000  0.480  0.006  0.016  0.006  0.480  0.988
   2.12688    -21.676635  0.000  0.000  0.000  0.000  0.480  0.004  0.016  0.006  0.482  0.988
   2.12688    -21.676635  0.000  0.000  0.000  0.000  0.480  0.004  0.016  0.006  0.482  0.988
   2.16569    -21.676626  0.000  0.000  0.000  0.000  0.482  0.006  0.016  0.006  0.478  0.988
   2.20451    -21.676524  0.000  0.000  0.000  0.000  0.484  0.006  0.018  0.006  0.474  0.988
   2.24332    -21.676348  0.000  0.000  0.000  0.000  0.488  0.006  0.018  0.006  0.470  0.988
   2.28213    -21.676098  0.000  0.000  0.000  0.000  0.492  0.006  0.020  0.006  0.464  0.988
   2.32095    -21.675806  0.000  0.000  0.000  0.000  0.496  0.008  0.020  0.006  0.458  0.988
   2.35976    -21.675460  0.000  0.000  0.000  0.000  0.500  0.010  0.022  0.006  0.450  0.988
   2.39858    -21.675107  0.000  0.000  0.000  0.000  0.504  0.010  0.022  0.008  0.442  0.988
   2.43739    -21.674745  0.000  0.000  0.000  0.000  0.510  0.012  0.024  0.008  0.434  0.988
   2.47620    -21.674383  0.000  0.000  0.000  0.000  0.514  0.016  0.024  0.008  0.426  0.988
   2.51502    -21.674036  0.000  0.000  0.000  0.000  0.516  0.018  0.026  0.010  0.416  0.988
   2.55383    -21.673721  0.000  0.000  0.000  0.000  0.520  0.022  0.028  0.010  0.408  0.988
   2.59265    -21.673441  0.000  0.000  0.000  0.000  0.522  0.026  0.030  0.012  0.398  0.988
   2.63146    -21.673198  0.000  0.000  0.000  0.000  0.524  0.028  0.032  0.012  0.390  0.988
   2.67027    -21.672958  0.000  0.000  0.000  0.000  0.526  0.032  0.032  0.014  0.384  0.988
   2.70909    -21.672743  0.000  0.000  0.000  0.000  0.528  0.034  0.034  0.014  0.378  0.988
   2.74790    -21.672544  0.000  0.000  0.000  0.000  0.528  0.034  0.036  0.016  0.374  0.988
   2.78671    -21.672356  0.000  0.000  0.000  0.000  0.526  0.036  0.036  0.016  0.374  0.988
   2.82553    -21.672152  0.000  0.000  0.000  0.000  0.524  0.034  0.038  0.016  0.374  0.988
   2.86434    -21.671953  0.000  0.000  0.000  0.000  0.522  0.032  0.038  0.016  0.378  0.988
 
# Band-Index:   10
   2.86434    -21.671953  0.000  0.000  0.000  0.000  0.522  0.032  0.038  0.016  0.378  0.988
   2.82553    -21.671762  0.000  0.000  0.000  0.000  0.518  0.030  0.040  0.016  0.386  0.988
   2.78671    -21.671588  0.000  0.000  0.000  0.000  0.512  0.026  0.040  0.016  0.394  0.988
   2.74790    -21.671426  0.000  0.000  0.000  0.000  0.504  0.022  0.040  0.014  0.406  0.988
   2.70909    -21.671299  0.000  0.000  0.000  0.000  0.494  0.018  0.042  0.014  0.422  0.988
   2.67027    -21.671208  0.000  0.000  0.000  0.000  0.482  0.014  0.042  0.012  0.436  0.988
   2.63146    -21.671154  0.000  0.000  0.000  0.000  0.466  0.012  0.042  0.012  0.454  0.988
   2.59265    -21.671169  0.000  0.000  0.000  0.000  0.450  0.012  0.042  0.014  0.470  0.988
   2.55383    -21.671230  0.000  0.000  0.000  0.000  0.432  0.014  0.042  0.014  0.486  0.988
   2.51502    -21.671988  0.000  0.000  0.000  0.000  0.506  0.018  0.018  0.002  0.446  0.988
   2.47620    -21.672746  0.000  0.000  0.000  0.000  0.500  0.014  0.016  0.002  0.456  0.988
   2.43739    -21.673463  0.000  0.000  0.000  0.000  0.494  0.012  0.016  0.002  0.464  0.988
   2.39858    -21.674122  0.000  0.000  0.000  0.000  0.490  0.010  0.016  0.002  0.472  0.988
   2.35976    -21.674715  0.000  0.000  0.000  0.000  0.486  0.008  0.016  0.002  0.478  0.988
   2.32095    -21.675250  0.000  0.000  0.000  0.000  0.482  0.006  0.016  0.004  0.482  0.988
   2.28213    -21.675692  0.000  0.000  0.000  0.000  0.480  0.006  0.016  0.004  0.484  0.988
   2.24332    -21.676060  0.000  0.000  0.000  0.000  0.478  0.004  0.016  0.004  0.484  0.988
   2.20451    -21.676338  0.000  0.000  0.000  0.000  0.478  0.004  0.016  0.004  0.484  0.988
   2.16569    -21.676535  0.000  0.000  0.000  0.000  0.478  0.004  0.016  0.006  0.484  0.988
   2.12688    -21.676635  0.000  0.000  0.000  0.000  0.480  0.004  0.016  0.006  0.482  0.988
   2.12688    -21.676635  0.000  0.000  0.000  0.000  0.480  0.004  0.016  0.006  0.482  0.988
   2.08209    -21.676514  0.000  0.000  0.000  0.000  0.480  0.004  0.016  0.004  0.482  0.988
   2.03729    -21.676263  0.000  0.000  0.000  0.000  0.480  0.004  0.016  0.004  0.484  0.988
   1.99250    -21.675913  0.000  0.000  0.000  0.000  0.480  0.004  0.016  0.004  0.484  0.988
   1.94771    -21.675465  0.000  0.000  0.000  0.000  0.482  0.004  0.016  0.004  0.482  0.988
   1.90292    -21.674915  0.000  0.000  0.000  0.000  0.482  0.006  0.016  0.004  0.480  0.988
   1.85813    -21.674294  0.000  0.000  0.000  0.000  0.484  0.006  0.016  0.004  0.478  0.988
   1.81333    -21.673638  0.000  0.000  0.000  0.000  0.486  0.006  0.016  0.006  0.472  0.988
   1.76854    -21.672963  0.000  0.000  0.000  0.000  0.490  0.008  0.018  0.006  0.468  0.988
   1.72375    -21.672324  0.000  0.000  0.000  0.000  0.492  0.010  0.018  0.008  0.460  0.988
   1.67896    -21.671967  0.000  0.000  0.000  0.000  0.424  0.020  0.038  0.028  0.478  0.988
   1.63417    -21.671968  0.000  0.000  0.000  0.000  0.438  0.020  0.038  0.032  0.460  0.988
   1.58937    -21.671967  0.000  0.000  0.000  0.000  0.450  0.022  0.038  0.036  0.442  0.988
   1.54458    -21.671829  0.000  0.000  0.000  0.000  0.490  0.038  0.030  0.038  0.390  0.988
   1.49979    -21.671511  0.000  0.000  0.000  0.000  0.488  0.042  0.032  0.044  0.382  0.988
   1.45500    -21.671231  0.000  0.000  0.000  0.000  0.486  0.046  0.032  0.050  0.374  0.988
   1.41020    -21.670984  0.000  0.000  0.000  0.000  0.486  0.050  0.032  0.054  0.368  0.988
   1.36541    -21.670763  0.000  0.000  0.000  0.000  0.484  0.052  0.032  0.056  0.364  0.988
   1.32062    -21.670555  0.000  0.000  0.000  0.000  0.484  0.052  0.032  0.058  0.362  0.988
   1.27583    -21.670376  0.000  0.000  0.000  0.000  0.485  0.052  0.031  0.057  0.364  0.988
   1.27583    -21.670376  0.000  0.000  0.000  0.000  0.484  0.052  0.031  0.057  0.363  0.988
   1.23104    -21.670555  0.000  0.000  0.000  0.000  0.484  0.052  0.032  0.058  0.362  0.988
   1.18624    -21.670763  0.000  0.000  0.000  0.000  0.484  0.052  0.032  0.056  0.364  0.988
   1.14145    -21.670984  0.000  0.000  0.000  0.000  0.486  0.050  0.032  0.054  0.368  0.988
   1.09666    -21.671231  0.000  0.000  0.000  0.000  0.486  0.046  0.032  0.050  0.374  0.988
   1.05187    -21.671511  0.000  0.000  0.000  0.000  0.488  0.042  0.032  0.044  0.382  0.988
   1.00708    -21.671829  0.000  0.000  0.000  0.000  0.490  0.038  0.030  0.038  0.390  0.988
   0.96228    -21.671967  0.000  0.000  0.000  0.000  0.450  0.022  0.038  0.036  0.442  0.988
   0.91749    -21.671968  0.000  0.000  0.000  0.000  0.438  0.020  0.038  0.032  0.460  0.988
   0.87270    -21.671967  0.000  0.000  0.000  0.000  0.424  0.020  0.038  0.028  0.478  0.988
   0.82791    -21.672324  0.000  0.000  0.000  0.000  0.492  0.010  0.018  0.008  0.460  0.988
   0.78311    -21.672963  0.000  0.000  0.000  0.000  0.490  0.008  0.018  0.006  0.468  0.988
   0.73832    -21.673638  0.000  0.000  0.000  0.000  0.486  0.006  0.016  0.006  0.472  0.988
   0.69353    -21.674294  0.000  0.000  0.000  0.000  0.484  0.006  0.016  0.004  0.478  0.988
   0.64874    -21.674915  0.000  0.000  0.000  0.000  0.482  0.006  0.016  0.004  0.480  0.988
   0.60395    -21.675465  0.000  0.000  0.000  0.000  0.482  0.004  0.016  0.004  0.482  0.988
   0.55915    -21.675913  0.000  0.000  0.000  0.000  0.480  0.004  0.016  0.004  0.484  0.988
   0.51436    -21.676263  0.000  0.000  0.000  0.000  0.480  0.004  0.016  0.004  0.484  0.988
   0.46957    -21.676514  0.000  0.000  0.000  0.000  0.480  0.004  0.016  0.004  0.482  0.988
   0.42478    -21.676635  0.000  0.000  0.000  0.000  0.480  0.004  0.016  0.006  0.482  0.988
   0.42478    -21.676635  0.000  0.000  0.000  0.000  0.480  0.004  0.016  0.006  0.482  0.988
   0.40242    -21.676587  0.000  0.000  0.000  0.000  0.482  0.004  0.016  0.004  0.480  0.988
   0.38006    -21.676512  0.000  0.000  0.000  0.000  0.482  0.004  0.016  0.004  0.480  0.988
   0.35771    -21.676400  0.000  0.000  0.000  0.000  0.482  0.004  0.016  0.004  0.480  0.988
   0.33535    -21.676263  0.000  0.000  0.000  0.000  0.482  0.004  0.016  0.004  0.480  0.988
   0.31299    -21.676104  0.000  0.000  0.000  0.000  0.482  0.004  0.016  0.004  0.480  0.988
   0.29064    -21.675920  0.000  0.000  0.000  0.000  0.482  0.004  0.016  0.004  0.480  0.988
   0.26828    -21.675710  0.000  0.000  0.000  0.000  0.482  0.004  0.016  0.006  0.482  0.988
   0.24592    -21.675473  0.000  0.000  0.000  0.000  0.480  0.004  0.016  0.006  0.482  0.988
   0.22357    -21.675211  0.000  0.000  0.000  0.000  0.480  0.004  0.016  0.006  0.484  0.988
   0.20121    -21.674931  0.000  0.000  0.000  0.000  0.478  0.004  0.016  0.006  0.486  0.988
   0.17885    -21.674628  0.000  0.000  0.000  0.000  0.474  0.004  0.016  0.006  0.488  0.988
   0.15650    -21.674313  0.000  0.000  0.000  0.000  0.472  0.004  0.016  0.006  0.490  0.988
   0.13414    -21.673997  0.000  0.000  0.000  0.000  0.468  0.004  0.016  0.006  0.492  0.988
   0.11178    -21.673662  0.000  0.000  0.000  0.000  0.464  0.004  0.016  0.008  0.496  0.988
   0.08943    -21.673335  0.000  0.000  0.000  0.000  0.460  0.006  0.018  0.008  0.498  0.988
   0.06707    -21.672996  0.000  0.000  0.000  0.000  0.456  0.006  0.018  0.008  0.502  0.988
   0.04471    -21.672853  0.000  0.000  0.000  0.000  0.378  0.024  0.028  0.026  0.532  0.988
   0.02236    -21.673093  0.000  0.000  0.000  0.000  0.386  0.022  0.028  0.024  0.530  0.988
   0.00000    -21.673328  0.000  0.000  0.000  0.000  0.392  0.020  0.026  0.022  0.528  0.988
 
# Band-Index:   11
   0.00000    -21.672078  0.000  0.000  0.000  0.000  0.436  0.010  0.020  0.012  0.512  0.988
   0.02236    -21.672373  0.000  0.000  0.000  0.000  0.444  0.008  0.018  0.010  0.508  0.988
   0.04471    -21.672674  0.000  0.000  0.000  0.000  0.450  0.006  0.018  0.010  0.504  0.988
   0.06707    -21.672637  0.000  0.000  0.000  0.000  0.370  0.026  0.028  0.028  0.534  0.988
   0.08943    -21.672436  0.000  0.000  0.000  0.000  0.362  0.030  0.030  0.030  0.536  0.988
   0.11178    -21.672241  0.000  0.000  0.000  0.000  0.356  0.032  0.030  0.032  0.538  0.988
   0.13414    -21.672055  0.000  0.000  0.000  0.000  0.348  0.036  0.030  0.036  0.538  0.988
   0.15650    -21.671884  0.000  0.000  0.000  0.000  0.342  0.038  0.030  0.038  0.540  0.988
   0.17885    -21.671716  0.000  0.000  0.000  0.000  0.334  0.042  0.032  0.040  0.540  0.988
   0.20121    -21.671562  0.000  0.000  0.000  0.000  0.328  0.044  0.032  0.042  0.542  0.988
   0.22357    -21.671424  0.000  0.000  0.000  0.000  0.324  0.048  0.032  0.044  0.542  0.988
   0.24592    -21.671287  0.000  0.000  0.000  0.000  0.318  0.050  0.032  0.046  0.542  0.988
   0.26828    -21.671153  0.000  0.000  0.000  0.000  0.314  0.052  0.032  0.046  0.542  0.988
   0.29064    -21.671037  0.000  0.000  0.000  0.000  0.310  0.054  0.032  0.048  0.544  0.988
   0.31299    -21.670919  0.000  0.000  0.000  0.000  0.308  0.056  0.032  0.048  0.544  0.988
   0.33535    -21.670811  0.000  0.000  0.000  0.000  0.306  0.058  0.032  0.050  0.544  0.988
   0.35771    -21.670706  0.000  0.000  0.000  0.000  0.304  0.058  0.032  0.050  0.544  0.988
   0.38006    -21.670602  0.000  0.000  0.000  0.000  0.304  0.060  0.032  0.050  0.544  0.988
   0.40242    -21.670508  0.000  0.000  0.000  0.000  0.304  0.060  0.032  0.050  0.544  0.988
   0.42478    -21.670419  0.000  0.000  0.000  0.000  0.306  0.058  0.032  0.048  0.544  0.988
   0.42478    -21.670419  0.000  0.000  0.000  0.000  0.306  0.058  0.032  0.048  0.544  0.988
   0.46957    -21.670921  0.000  0.000  0.000  0.000  0.308  0.058  0.032  0.046  0.544  0.988
   0.51436    -21.671315  0.000  0.000  0.000  0.000  0.314  0.054  0.034  0.042  0.542  0.988
   0.55915    -21.671612  0.000  0.000  0.000  0.000  0.322  0.050  0.036  0.038  0.540  0.988
   0.60395    -21.671801  0.000  0.000  0.000  0.000  0.332  0.046  0.036  0.036  0.538  0.988
   0.64874    -21.671907  0.000  0.000  0.000  0.000  0.344  0.040  0.036  0.032  0.534  0.988
   0.69353    -21.671970  0.000  0.000  0.000  0.000  0.358  0.034  0.038  0.030  0.528  0.988
   0.73832    -21.671983  0.000  0.000  0.000  0.000  0.374  0.028  0.038  0.028  0.518  0.988
   0.78311    -21.671979  0.000  0.000  0.000  0.000  0.392  0.024  0.038  0.026  0.508  0.988
   0.82791    -21.671968  0.000  0.000  0.000  0.000  0.408  0.020  0.038  0.028  0.494  0.988
   0.87270    -21.671732  0.000  0.000  0.000  0.000  0.494  0.012  0.020  0.012  0.450  0.988
   0.91749    -21.671209  0.000  0.000  0.000  0.000  0.496  0.016  0.022  0.016  0.440  0.988
   0.96228    -21.670788  0.000  0.000  0.000  0.000  0.496  0.020  0.024  0.020  0.428  0.988
   1.00708    -21.670469  0.000  0.000  0.000  0.000  0.496  0.024  0.024  0.026  0.416  0.988
   1.05187    -21.670254  0.000  0.000  0.000  0.000  0.494  0.030  0.026  0.034  0.404  0.988
   1.09666    -21.670138  0.000  0.000  0.000  0.000  0.492  0.036  0.028  0.040  0.392  0.988
   1.14145    -21.670111  0.000  0.000  0.000  0.000  0.490  0.042  0.028  0.046  0.382  0.988
   1.18624    -21.670155  0.000  0.000  0.000  0.000  0.488  0.046  0.030  0.052  0.372  0.988
   1.23104    -21.670243  0.000  0.000  0.000  0.000  0.486  0.050  0.030  0.054  0.366  0.988
   1.27583    -21.670376  0.000  0.000  0.000  0.000  0.485  0.052  0.032  0.057  0.363  0.988
   1.27583    -21.670376  0.000  0.000  0.000  0.000  0.485  0.051  0.032  0.057  0.363  0.987
   1.32062    -21.670243  0.000  0.000  0.000  0.000  0.486  0.050  0.030  0.054  0.366  0.988
   1.36541    -21.670155  0.000  0.000  0.000  0.000  0.488  0.046  0.030  0.052  0.372  0.988
   1.41020    -21.670111  0.000  0.000  0.000  0.000  0.490  0.042  0.028  0.046  0.382  0.988
   1.45500    -21.670138  0.000  0.000  0.000  0.000  0.492  0.036  0.028  0.040  0.392  0.988
   1.49979    -21.670254  0.000  0.000  0.000  0.000  0.494  0.030  0.026  0.034  0.404  0.988
   1.54458    -21.670469  0.000  0.000  0.000  0.000  0.496  0.024  0.024  0.026  0.416  0.988
   1.58937    -21.670788  0.000  0.000  0.000  0.000  0.496  0.020  0.024  0.020  0.428  0.988
   1.63417    -21.671209  0.000  0.000  0.000  0.000  0.496  0.016  0.022  0.016  0.440  0.988
   1.67896    -21.671732  0.000  0.000  0.000  0.000  0.494  0.012  0.020  0.012  0.450  0.988
   1.72375    -21.671968  0.000  0.000  0.000  0.000  0.408  0.020  0.038  0.028  0.494  0.988
   1.76854    -21.671979  0.000  0.000  0.000  0.000  0.392  0.024  0.038  0.026  0.508  0.988
   1.81333    -21.671983  0.000  0.000  0.000  0.000  0.374  0.028  0.038  0.028  0.518  0.988
   1.85813    -21.671970  0.000  0.000  0.000  0.000  0.358  0.034  0.038  0.030  0.528  0.988
   1.90292    -21.671907  0.000  0.000  0.000  0.000  0.344  0.040  0.036  0.032  0.534  0.988
   1.94771    -21.671801  0.000  0.000  0.000  0.000  0.332  0.046  0.036  0.036  0.538  0.988
   1.99250    -21.671612  0.000  0.000  0.000  0.000  0.322  0.050  0.036  0.038  0.540  0.988
   2.03729    -21.671315  0.000  0.000  0.000  0.000  0.314  0.054  0.034  0.042  0.542  0.988
   2.08209    -21.670921  0.000  0.000  0.000  0.000  0.308  0.058  0.032  0.046  0.544  0.988
   2.12688    -21.670419  0.000  0.000  0.000  0.000  0.306  0.058  0.032  0.048  0.544  0.988
   2.12688    -21.670419  0.000  0.000  0.000  0.000  0.306  0.058  0.032  0.048  0.544  0.988
   2.16569    -21.670913  0.000  0.000  0.000  0.000  0.308  0.058  0.032  0.046  0.544  0.988
   2.20451    -21.671291  0.000  0.000  0.000  0.000  0.314  0.056  0.034  0.042  0.542  0.988
   2.24332    -21.671555  0.000  0.000  0.000  0.000  0.320  0.052  0.036  0.040  0.542  0.988
   2.28213    -21.671719  0.000  0.000  0.000  0.000  0.328  0.048  0.036  0.036  0.540  0.988
   2.32095    -21.671792  0.000  0.000  0.000  0.000  0.338  0.044  0.038  0.032  0.536  0.988
   2.35976    -21.671775  0.000  0.000  0.000  0.000  0.350  0.038  0.038  0.030  0.532  0.988
   2.39858    -21.671696  0.000  0.000  0.000  0.000  0.362  0.032  0.040  0.026  0.528  0.988
   2.43739    -21.671584  0.000  0.000  0.000  0.000  0.378  0.026  0.040  0.022  0.520  0.988
   2.47620    -21.671452  0.000  0.000  0.000  0.000  0.396  0.022  0.040  0.020  0.510  0.988
   2.51502    -21.671324  0.000  0.000  0.000  0.000  0.414  0.018  0.042  0.016  0.500  0.988
   2.55383    -21.671211  0.000  0.000  0.000  0.000  0.510  0.022  0.018  0.002  0.436  0.988
   2.59265    -21.670427  0.000  0.000  0.000  0.000  0.516  0.026  0.018  0.002  0.424  0.988
   2.63146    -21.669646  0.000  0.000  0.000  0.000  0.522  0.032  0.020  0.004  0.412  0.988
   2.67027    -21.668842  0.000  0.000  0.000  0.000  0.526  0.038  0.020  0.006  0.400  0.988
   2.70909    -21.668048  0.000  0.000  0.000  0.000  0.530  0.044  0.020  0.008  0.388  0.988
   2.74790    -21.667262  0.000  0.000  0.000  0.000  0.532  0.052  0.020  0.010  0.376  0.988
   2.78671    -21.666486  0.000  0.000  0.000  0.000  0.534  0.056  0.020  0.012  0.366  0.988
   2.82553    -21.665697  0.000  0.000  0.000  0.000  0.536  0.062  0.020  0.014  0.358  0.988
   2.86434    -21.664920  0.000  0.000  0.000  0.000  0.536  0.064  0.020  0.016  0.354  0.988
 
# Band-Index:   12
   2.86434    -21.664920  0.000  0.000  0.000  0.000  0.536  0.064  0.020  0.016  0.354  0.988
   2.82553    -21.664162  0.000  0.000  0.000  0.000  0.536  0.066  0.018  0.016  0.352  0.988
   2.78671    -21.663437  0.000  0.000  0.000  0.000  0.536  0.062  0.018  0.016  0.356  0.988
   2.74790    -21.662754  0.000  0.000  0.000  0.000  0.534  0.056  0.018  0.014  0.368  0.988
   2.70909    -21.662157  0.000  0.000  0.000  0.000  0.530  0.042  0.018  0.008  0.390  0.990
   2.67027    -21.661698  0.000  0.000  0.000  0.000  0.518  0.026  0.018  0.004  0.424  0.990
   2.63146    -21.661446  0.000  0.000  0.000  0.000  0.494  0.010  0.018  0.004  0.464  0.990
   2.59265    -21.661497  0.000  0.000  0.000  0.000  0.456  0.004  0.018  0.012  0.500  0.990
   2.55383    -21.661832  0.000  0.000  0.000  0.000  0.412  0.008  0.018  0.028  0.522  0.990
   2.51502    -21.662391  0.000  0.000  0.000  0.000  0.378  0.020  0.018  0.044  0.532  0.988
   2.47620    -21.663118  0.000  0.000  0.000  0.000  0.352  0.030  0.018  0.054  0.536  0.988
   2.43739    -21.663946  0.000  0.000  0.000  0.000  0.334  0.038  0.020  0.060  0.538  0.988
   2.39858    -21.664830  0.000  0.000  0.000  0.000  0.322  0.044  0.020  0.062  0.538  0.988
   2.35976    -21.665748  0.000  0.000  0.000  0.000  0.314  0.050  0.022  0.062  0.540  0.988
   2.32095    -21.666664  0.000  0.000  0.000  0.000  0.310  0.054  0.024  0.062  0.542  0.988
   2.28213    -21.667544  0.000  0.000  0.000  0.000  0.306  0.056  0.024  0.060  0.542  0.988
   2.24332    -21.668380  0.000  0.000  0.000  0.000  0.304  0.058  0.026  0.058  0.544  0.988
   2.20451    -21.669153  0.000  0.000  0.000  0.000  0.302  0.060  0.028  0.054  0.544  0.988
   2.16569    -21.669837  0.000  0.000  0.000  0.000  0.304  0.060  0.030  0.052  0.544  0.988
   2.12688    -21.670419  0.000  0.000  0.000  0.000  0.306  0.058  0.032  0.048  0.544  0.988
   2.12688    -21.670419  0.000  0.000  0.000  0.000  0.306  0.058  0.032  0.048  0.544  0.988
   2.08209    -21.669835  0.000  0.000  0.000  0.000  0.304  0.060  0.030  0.052  0.544  0.988
   2.03729    -21.669164  0.000  0.000  0.000  0.000  0.306  0.058  0.028  0.054  0.544  0.988
   1.99250    -21.668438  0.000  0.000  0.000  0.000  0.308  0.056  0.026  0.054  0.542  0.988
   1.94771    -21.667668  0.000  0.000  0.000  0.000  0.314  0.052  0.024  0.056  0.542  0.988
   1.90292    -21.666903  0.000  0.000  0.000  0.000  0.324  0.048  0.022  0.056  0.540  0.988
   1.85813    -21.666208  0.000  0.000  0.000  0.000  0.336  0.042  0.022  0.056  0.536  0.988
   1.81333    -21.665608  0.000  0.000  0.000  0.000  0.350  0.036  0.020  0.054  0.528  0.988
   1.76854    -21.665170  0.000  0.000  0.000  0.000  0.370  0.030  0.020  0.052  0.516  0.988
   1.72375    -21.664932  0.000  0.000  0.000  0.000  0.390  0.028  0.020  0.052  0.500  0.988
   1.67896    -21.664931  0.000  0.000  0.000  0.000  0.412  0.028  0.020  0.052  0.478  0.988
   1.63417    -21.665160  0.000  0.000  0.000  0.000  0.430  0.030  0.020  0.052  0.456  0.988
   1.58937    -21.665595  0.000  0.000  0.000  0.000  0.446  0.036  0.020  0.054  0.432  0.988
   1.54458    -21.666185  0.000  0.000  0.000  0.000  0.460  0.040  0.022  0.056  0.410  0.988
   1.49979    -21.666876  0.000  0.000  0.000  0.000  0.468  0.046  0.024  0.058  0.394  0.988
   1.45500    -21.667637  0.000  0.000  0.000  0.000  0.476  0.050  0.024  0.058  0.380  0.988
   1.41020    -21.668396  0.000  0.000  0.000  0.000  0.480  0.052  0.026  0.058  0.370  0.988
   1.36541    -21.669126  0.000  0.000  0.000  0.000  0.482  0.054  0.028  0.058  0.364  0.988
   1.32062    -21.669793  0.000  0.000  0.000  0.000  0.484  0.054  0.030  0.058  0.362  0.988
   1.27583    -21.670376  0.000  0.000  0.000  0.000  0.485  0.051  0.032  0.057  0.363  0.988
   1.27583    -21.670376  0.000  0.000  0.000  0.000  0.485  0.052  0.032  0.057  0.363  0.988
   1.23104    -21.669793  0.000  0.000  0.000  0.000  0.484  0.054  0.030  0.058  0.362  0.988
   1.18624    -21.669126  0.000  0.000  0.000  0.000  0.482  0.054  0.028  0.058  0.364  0.988
   1.14145    -21.668396  0.000  0.000  0.000  0.000  0.480  0.052  0.026  0.058  0.370  0.988
   1.09666    -21.667637  0.000  0.000  0.000  0.000  0.476  0.050  0.024  0.058  0.380  0.988
   1.05187    -21.666876  0.000  0.000  0.000  0.000  0.468  0.046  0.024  0.058  0.394  0.988
   1.00708    -21.666185  0.000  0.000  0.000  0.000  0.460  0.040  0.022  0.056  0.410  0.988
   0.96228    -21.665595  0.000  0.000  0.000  0.000  0.446  0.036  0.020  0.054  0.432  0.988
   0.91749    -21.665160  0.000  0.000  0.000  0.000  0.430  0.030  0.020  0.052  0.456  0.988
   0.87270    -21.664931  0.000  0.000  0.000  0.000  0.412  0.028  0.020  0.052  0.478  0.988
   0.82791    -21.664932  0.000  0.000  0.000  0.000  0.390  0.028  0.020  0.052  0.500  0.988
   0.78311    -21.665170  0.000  0.000  0.000  0.000  0.370  0.030  0.020  0.052  0.516  0.988
   0.73832    -21.665608  0.000  0.000  0.000  0.000  0.350  0.036  0.020  0.054  0.528  0.988
   0.69353    -21.666208  0.000  0.000  0.000  0.000  0.336  0.042  0.022  0.056  0.536  0.988
   0.64874    -21.666903  0.000  0.000  0.000  0.000  0.324  0.048  0.022  0.056  0.540  0.988
   0.60395    -21.667668  0.000  0.000  0.000  0.000  0.314  0.052  0.024  0.056  0.542  0.988
   0.55915    -21.668438  0.000  0.000  0.000  0.000  0.308  0.056  0.026  0.054  0.542  0.988
   0.51436    -21.669164  0.000  0.000  0.000  0.000  0.306  0.058  0.028  0.054  0.544  0.988
   0.46957    -21.669835  0.000  0.000  0.000  0.000  0.304  0.060  0.030  0.052  0.544  0.988
   0.42478    -21.670419  0.000  0.000  0.000  0.000  0.306  0.058  0.032  0.048  0.544  0.988
   0.42478    -21.670419  0.000  0.000  0.000  0.000  0.306  0.058  0.032  0.048  0.544  0.988
   0.40242    -21.670352  0.000  0.000  0.000  0.000  0.308  0.058  0.030  0.048  0.544  0.988
   0.38006    -21.670291  0.000  0.000  0.000  0.000  0.310  0.056  0.030  0.046  0.544  0.988
   0.35771    -21.670244  0.000  0.000  0.000  0.000  0.314  0.056  0.030  0.044  0.544  0.988
   0.33535    -21.670205  0.000  0.000  0.000  0.000  0.318  0.054  0.030  0.044  0.544  0.988
   0.31299    -21.670175  0.000  0.000  0.000  0.000  0.324  0.050  0.030  0.042  0.544  0.988
   0.29064    -21.670167  0.000  0.000  0.000  0.000  0.330  0.048  0.028  0.038  0.542  0.988
   0.26828    -21.670167  0.000  0.000  0.000  0.000  0.336  0.044  0.028  0.036  0.542  0.988
   0.24592    -21.670198  0.000  0.000  0.000  0.000  0.344  0.042  0.028  0.034  0.540  0.988
   0.22357    -21.670245  0.000  0.000  0.000  0.000  0.352  0.038  0.026  0.032  0.540  0.988
   0.20121    -21.670309  0.000  0.000  0.000  0.000  0.360  0.034  0.026  0.028  0.538  0.988
   0.17885    -21.670404  0.000  0.000  0.000  0.000  0.370  0.030  0.026  0.026  0.536  0.988
   0.15650    -21.670529  0.000  0.000  0.000  0.000  0.378  0.028  0.024  0.024  0.534  0.988
   0.13414    -21.670672  0.000  0.000  0.000  0.000  0.388  0.024  0.024  0.022  0.532  0.988
   0.11178    -21.670847  0.000  0.000  0.000  0.000  0.396  0.020  0.024  0.020  0.528  0.988
   0.08943    -21.671045  0.000  0.000  0.000  0.000  0.404  0.018  0.022  0.018  0.526  0.988
   0.06707    -21.671264  0.000  0.000  0.000  0.000  0.414  0.016  0.022  0.016  0.522  0.988
   0.04471    -21.671510  0.000  0.000  0.000  0.000  0.422  0.014  0.020  0.014  0.518  0.988
   0.02236    -21.671791  0.000  0.000  0.000  0.000  0.430  0.012  0.020  0.012  0.516  0.988
   0.00000    -21.672078  0.000  0.000  0.000  0.000  0.436  0.010  0.020  0.012  0.512  0.988
 
# Band-Index:   13
   0.00000    -21.648072  0.000  0.000  0.000  0.000  0.140  0.402  0.000  0.384  0.062  0.988
   0.02236    -21.648243  0.000  0.000  0.000  0.000  0.148  0.400  0.000  0.384  0.058  0.988
   0.04471    -21.648396  0.000  0.000  0.000  0.000  0.154  0.396  0.000  0.384  0.054  0.988
   0.06707    -21.648546  0.000  0.000  0.000  0.000  0.162  0.392  0.000  0.384  0.050  0.988
   0.08943    -21.648681  0.000  0.000  0.000  0.000  0.170  0.388  0.002  0.384  0.046  0.988
   0.11178    -21.648803  0.000  0.000  0.000  0.000  0.178  0.382  0.002  0.386  0.042  0.988
   0.13414    -21.648902  0.000  0.000  0.000  0.000  0.186  0.378  0.002  0.386  0.038  0.988
   0.15650    -21.648984  0.000  0.000  0.000  0.000  0.194  0.372  0.002  0.386  0.034  0.988
   0.17885    -21.649045  0.000  0.000  0.000  0.000  0.202  0.368  0.002  0.386  0.032  0.988
   0.20121    -21.649098  0.000  0.000  0.000  0.000  0.208  0.362  0.004  0.386  0.030  0.988
   0.22357    -21.649132  0.000  0.000  0.000  0.000  0.216  0.356  0.004  0.386  0.028  0.988
   0.24592    -21.649150  0.000  0.000  0.000  0.000  0.222  0.350  0.004  0.386  0.026  0.988
   0.26828    -21.649155  0.000  0.000  0.000  0.000  0.230  0.346  0.004  0.386  0.024  0.988
   0.29064    -21.649161  0.000  0.000  0.000  0.000  0.234  0.340  0.006  0.386  0.022  0.988
   0.31299    -21.649147  0.000  0.000  0.000  0.000  0.240  0.336  0.006  0.386  0.022  0.988
   0.33535    -21.649125  0.000  0.000  0.000  0.000  0.244  0.332  0.006  0.386  0.020  0.988
   0.35771    -21.649097  0.000  0.000  0.000  0.000  0.248  0.328  0.008  0.386  0.020  0.988
   0.38006    -21.649063  0.000  0.000  0.000  0.000  0.250  0.324  0.008  0.386  0.020  0.988
   0.40242    -21.649025  0.000  0.000  0.000  0.000  0.252  0.322  0.008  0.386  0.018  0.988
   0.42478    -21.648976  0.000  0.000  0.000  0.000  0.254  0.320  0.008  0.388  0.018  0.988
   0.42478    -21.648976  0.000  0.000  0.000  0.000  0.254  0.320  0.008  0.388  0.018  0.988
   0.46957    -21.649413  0.000  0.000  0.000  0.000  0.256  0.318  0.008  0.384  0.020  0.988
   0.51436    -21.649901  0.000  0.000  0.000  0.000  0.256  0.320  0.008  0.380  0.022  0.988
   0.55915    -21.650431  0.000  0.000  0.000  0.000  0.256  0.324  0.008  0.376  0.024  0.988
   0.60395    -21.650976  0.000  0.000  0.000  0.000  0.252  0.330  0.006  0.372  0.028  0.988
   0.64874    -21.651511  0.000  0.000  0.000  0.000  0.248  0.336  0.006  0.366  0.032  0.988
   0.69353    -21.652019  0.000  0.000  0.000  0.000  0.238  0.346  0.004  0.362  0.038  0.988
   0.73832    -21.652451  0.000  0.000  0.000  0.000  0.228  0.354  0.004  0.358  0.046  0.988
   0.78311    -21.652781  0.000  0.000  0.000  0.000  0.212  0.362  0.002  0.354  0.056  0.988
   0.82791    -21.652953  0.000  0.000  0.000  0.000  0.194  0.370  0.002  0.350  0.072  0.988
   0.87270    -21.652951  0.000  0.000  0.000  0.000  0.174  0.374  0.002  0.346  0.092  0.988
   0.91749    -21.652783  0.000  0.000  0.000  0.000  0.156  0.374  0.002  0.342  0.112  0.988
   0.96228    -21.652458  0.000  0.000  0.000  0.000  0.138  0.374  0.004  0.338  0.134  0.988
   1.00708    -21.652019  0.000  0.000  0.000  0.000  0.124  0.372  0.004  0.334  0.152  0.988
   1.05187    -21.651513  0.000  0.000  0.000  0.000  0.110  0.370  0.006  0.332  0.168  0.988
   1.09666    -21.650980  0.000  0.000  0.000  0.000  0.100  0.368  0.006  0.332  0.180  0.988
   1.14145    -21.650430  0.000  0.000  0.000  0.000  0.092  0.368  0.008  0.332  0.188  0.988
   1.18624    -21.649901  0.000  0.000  0.000  0.000  0.086  0.366  0.008  0.334  0.194  0.988
   1.23104    -21.649413  0.000  0.000  0.000  0.000  0.080  0.366  0.008  0.336  0.196  0.988
   1.27583    -21.648977  0.000  0.000  0.000  0.000  0.077  0.367  0.009  0.339  0.197  0.988
   1.27583    -21.648977  0.000  0.000  0.000  0.000  0.077  0.367  0.009  0.339  0.197  0.988
   1.32062    -21.649413  0.000  0.000  0.000  0.000  0.080  0.366  0.008  0.336  0.196  0.988
   1.36541    -21.649901  0.000  0.000  0.000  0.000  0.086  0.366  0.008  0.334  0.194  0.988
   1.41020    -21.650430  0.000  0.000  0.000  0.000  0.092  0.368  0.008  0.332  0.188  0.988
   1.45500    -21.650980  0.000  0.000  0.000  0.000  0.100  0.368  0.006  0.332  0.180  0.988
   1.49979    -21.651513  0.000  0.000  0.000  0.000  0.110  0.370  0.006  0.332  0.168  0.988
   1.54458    -21.652019  0.000  0.000  0.000  0.000  0.124  0.372  0.004  0.334  0.152  0.988
   1.58937    -21.652458  0.000  0.000  0.000  0.000  0.138  0.374  0.004  0.338  0.134  0.988
   1.63417    -21.652783  0.000  0.000  0.000  0.000  0.156  0.374  0.002  0.342  0.112  0.988
   1.67896    -21.652951  0.000  0.000  0.000  0.000  0.174  0.374  0.002  0.346  0.092  0.988
   1.72375    -21.652953  0.000  0.000  0.000  0.000  0.194  0.370  0.002  0.350  0.072  0.988
   1.76854    -21.652781  0.000  0.000  0.000  0.000  0.212  0.362  0.002  0.354  0.056  0.988
   1.81333    -21.652451  0.000  0.000  0.000  0.000  0.228  0.354  0.004  0.358  0.046  0.988
   1.85813    -21.652019  0.000  0.000  0.000  0.000  0.238  0.346  0.004  0.362  0.038  0.988
   1.90292    -21.651511  0.000  0.000  0.000  0.000  0.248  0.336  0.006  0.366  0.032  0.988
   1.94771    -21.650976  0.000  0.000  0.000  0.000  0.252  0.330  0.006  0.372  0.028  0.988
   1.99250    -21.650431  0.000  0.000  0.000  0.000  0.256  0.324  0.008  0.376  0.024  0.988
   2.03729    -21.649901  0.000  0.000  0.000  0.000  0.256  0.320  0.008  0.380  0.022  0.988
   2.08209    -21.649413  0.000  0.000  0.000  0.000  0.256  0.318  0.008  0.384  0.020  0.988
   2.12688    -21.648976  0.000  0.000  0.000  0.000  0.254  0.320  0.008  0.388  0.018  0.988
   2.12688    -21.648976  0.000  0.000  0.000  0.000  0.254  0.320  0.008  0.388  0.018  0.988
   2.16569    -21.649417  0.000  0.000  0.000  0.000  0.256  0.318  0.008  0.384  0.020  0.988
   2.20451    -21.649913  0.000  0.000  0.000  0.000  0.258  0.320  0.008  0.380  0.022  0.988
   2.24332    -21.650460  0.000  0.000  0.000  0.000  0.260  0.322  0.008  0.376  0.024  0.988
   2.28213    -21.651066  0.000  0.000  0.000  0.000  0.260  0.324  0.008  0.370  0.026  0.988
   2.32095    -21.651717  0.000  0.000  0.000  0.000  0.258  0.330  0.006  0.366  0.028  0.988
   2.35976    -21.652391  0.000  0.000  0.000  0.000  0.254  0.336  0.006  0.360  0.032  0.988
   2.39858    -21.653075  0.000  0.000  0.000  0.000  0.250  0.342  0.004  0.358  0.034  0.988
   2.43739    -21.653765  0.000  0.000  0.000  0.000  0.240  0.352  0.004  0.356  0.036  0.988
   2.47620    -21.654420  0.000  0.000  0.000  0.000  0.224  0.362  0.002  0.358  0.040  0.988
   2.51502    -21.655022  0.000  0.000  0.000  0.000  0.200  0.376  0.002  0.366  0.044  0.988
   2.55383    -21.655505  0.000  0.000  0.000  0.000  0.166  0.388  0.000  0.378  0.054  0.988
   2.59265    -21.655793  0.000  0.000  0.000  0.000  0.124  0.396  0.000  0.392  0.076  0.988
   2.63146    -21.655833  0.000  0.000  0.000  0.000  0.084  0.392  0.000  0.398  0.114  0.988
   2.67027    -21.655615  0.000  0.000  0.000  0.000  0.058  0.376  0.000  0.398  0.156  0.988
   2.70909    -21.655211  0.000  0.000  0.000  0.000  0.044  0.360  0.002  0.392  0.190  0.988
   2.74790    -21.654708  0.000  0.000  0.000  0.000  0.038  0.346  0.002  0.388  0.214  0.988
   2.78671    -21.654137  0.000  0.000  0.000  0.000  0.034  0.338  0.002  0.384  0.230  0.988
   2.82553    -21.653545  0.000  0.000  0.000  0.000  0.030  0.334  0.002  0.386  0.236  0.988
   2.86434    -21.652947  0.000  0.000  0.000  0.000  0.028  0.332  0.002  0.388  0.240  0.988
 
# Band-Index:   14
   2.86434    -21.652947  0.000  0.000  0.000  0.000  0.028  0.332  0.002  0.388  0.240  0.988
   2.82553    -21.652368  0.000  0.000  0.000  0.000  0.026  0.332  0.002  0.390  0.238  0.988
   2.78671    -21.651796  0.000  0.000  0.000  0.000  0.026  0.334  0.002  0.394  0.232  0.988
   2.74790    -21.651231  0.000  0.000  0.000  0.000  0.026  0.336  0.002  0.398  0.226  0.988
   2.70909    -21.650683  0.000  0.000  0.000  0.000  0.026  0.340  0.002  0.402  0.218  0.988
   2.67027    -21.650150  0.000  0.000  0.000  0.000  0.028  0.344  0.002  0.406  0.208  0.988
   2.63146    -21.649628  0.000  0.000  0.000  0.000  0.032  0.350  0.002  0.408  0.198  0.988
   2.59265    -21.649100  0.000  0.000  0.000  0.000  0.036  0.354  0.002  0.412  0.186  0.988
   2.55383    -21.648584  0.000  0.000  0.000  0.000  0.040  0.358  0.002  0.414  0.174  0.988
   2.51502    -21.648149  0.000  0.000  0.000  0.000  0.144  0.386  0.000  0.398  0.060  0.988
   2.47620    -21.648075  0.000  0.000  0.000  0.000  0.164  0.380  0.002  0.398  0.048  0.988
   2.43739    -21.648011  0.000  0.000  0.000  0.000  0.180  0.372  0.002  0.396  0.038  0.988
   2.39858    -21.647952  0.000  0.000  0.000  0.000  0.196  0.362  0.002  0.396  0.030  0.988
   2.35976    -21.647932  0.000  0.000  0.000  0.000  0.210  0.354  0.004  0.396  0.024  0.988
   2.32095    -21.647949  0.000  0.000  0.000  0.000  0.222  0.346  0.004  0.396  0.022  0.988
   2.28213    -21.648017  0.000  0.000  0.000  0.000  0.232  0.338  0.006  0.394  0.018  0.988
   2.24332    -21.648150  0.000  0.000  0.000  0.000  0.240  0.330  0.008  0.394  0.018  0.988
   2.20451    -21.648362  0.000  0.000  0.000  0.000  0.246  0.326  0.008  0.392  0.018  0.988
   2.16569    -21.648639  0.000  0.000  0.000  0.000  0.250  0.322  0.008  0.390  0.018  0.988
   2.12688    -21.648976  0.000  0.000  0.000  0.000  0.254  0.320  0.008  0.388  0.018  0.988
   2.12688    -21.648976  0.000  0.000  0.000  0.000  0.254  0.320  0.008  0.388  0.018  0.988
   2.08209    -21.648632  0.000  0.000  0.000  0.000  0.250  0.322  0.008  0.390  0.018  0.988
   2.03729    -21.648356  0.000  0.000  0.000  0.000  0.244  0.326  0.008  0.392  0.018  0.988
   1.99250    -21.648155  0.000  0.000  0.000  0.000  0.236  0.332  0.006  0.394  0.018  0.988
   1.94771    -21.648018  0.000  0.000  0.000  0.000  0.226  0.340  0.006  0.396  0.020  0.988
   1.90292    -21.647938  0.000  0.000  0.000  0.000  0.214  0.350  0.004  0.396  0.024  0.988
   1.85813    -21.647915  0.000  0.000  0.000  0.000  0.198  0.360  0.004  0.396  0.032  0.988
   1.81333    -21.647918  0.000  0.000  0.000  0.000  0.182  0.370  0.002  0.396  0.040  0.988
   1.76854    -21.647945  0.000  0.000  0.000  0.000  0.162  0.378  0.002  0.394  0.052  0.988
   1.72375    -21.647960  0.000  0.000  0.000  0.000  0.144  0.384  0.002  0.390  0.068  0.988
   1.67896    -21.648282  0.000  0.000  0.000  0.000  0.080  0.384  0.000  0.398  0.124  0.988
   1.63417    -21.648586  0.000  0.000  0.000  0.000  0.078  0.384  0.002  0.392  0.134  0.988
   1.58937    -21.648842  0.000  0.000  0.000  0.000  0.076  0.382  0.002  0.386  0.144  0.988
   1.54458    -21.649015  0.000  0.000  0.000  0.000  0.074  0.380  0.002  0.378  0.154  0.988
   1.49979    -21.649125  0.000  0.000  0.000  0.000  0.074  0.376  0.004  0.370  0.164  0.988
   1.45500    -21.649165  0.000  0.000  0.000  0.000  0.074  0.374  0.004  0.362  0.174  0.988
   1.41020    -21.649171  0.000  0.000  0.000  0.000  0.074  0.372  0.006  0.354  0.182  0.988
   1.36541    -21.649133  0.000  0.000  0.000  0.000  0.076  0.368  0.006  0.348  0.190  0.988
   1.32062    -21.649064  0.000  0.000  0.000  0.000  0.076  0.368  0.008  0.342  0.194  0.988
   1.27583    -21.648977  0.000  0.000  0.000  0.000  0.077  0.367  0.009  0.339  0.197  0.988
   1.27583    -21.648977  0.000  0.000  0.000  0.000  0.077  0.367  0.009  0.339  0.197  0.988
   1.23104    -21.649064  0.000  0.000  0.000  0.000  0.076  0.368  0.008  0.342  0.194  0.988
   1.18624    -21.649133  0.000  0.000  0.000  0.000  0.076  0.368  0.006  0.348  0.190  0.988
   1.14145    -21.649171  0.000  0.000  0.000  0.000  0.074  0.372  0.006  0.354  0.182  0.988
   1.09666    -21.649165  0.000  0.000  0.000  0.000  0.074  0.374  0.004  0.362  0.174  0.988
   1.05187    -21.649125  0.000  0.000  0.000  0.000  0.074  0.376  0.004  0.370  0.164  0.988
   1.00708    -21.649015  0.000  0.000  0.000  0.000  0.074  0.380  0.002  0.378  0.154  0.988
   0.96228    -21.648842  0.000  0.000  0.000  0.000  0.076  0.382  0.002  0.386  0.144  0.988
   0.91749    -21.648586  0.000  0.000  0.000  0.000  0.078  0.384  0.002  0.392  0.134  0.988
   0.87270    -21.648282  0.000  0.000  0.000  0.000  0.080  0.384  0.000  0.398  0.124  0.988
   0.82791    -21.647960  0.000  0.000  0.000  0.000  0.144  0.384  0.002  0.390  0.068  0.988
   0.78311    -21.647945  0.000  0.000  0.000  0.000  0.162  0.378  0.002  0.394  0.052  0.988
   0.73832    -21.647918  0.000  0.000  0.000  0.000  0.182  0.370  0.002  0.396  0.040  0.988
   0.69353    -21.647915  0.000  0.000  0.000  0.000  0.198  0.360  0.004  0.396  0.032  0.988
   0.64874    -21.647938  0.000  0.000  0.000  0.000  0.214  0.350  0.004  0.396  0.024  0.988
   0.60395    -21.648018  0.000  0.000  0.000  0.000  0.226  0.340  0.006  0.396  0.020  0.988
   0.55915    -21.648155  0.000  0.000  0.000  0.000  0.236  0.332  0.006  0.394  0.018  0.988
   0.51436    -21.648356  0.000  0.000  0.000  0.000  0.244  0.326  0.008  0.392  0.018  0.988
   0.46957    -21.648632  0.000  0.000  0.000  0.000  0.250  0.322  0.008  0.390  0.018  0.988
   0.42478    -21.648976  0.000  0.000  0.000  0.000  0.254  0.320  0.008  0.388  0.018  0.988
   0.42478    -21.648976  0.000  0.000  0.000  0.000  0.254  0.320  0.008  0.388  0.018  0.988
   0.40242    -21.648951  0.000  0.000  0.000  0.000  0.254  0.318  0.010  0.388  0.018  0.988
   0.38006    -21.648917  0.000  0.000  0.000  0.000  0.254  0.316  0.010  0.390  0.018  0.988
   0.35771    -21.648881  0.000  0.000  0.000  0.000  0.254  0.314  0.010  0.392  0.018  0.988
   0.33535    -21.648842  0.000  0.000  0.000  0.000  0.252  0.314  0.010  0.392  0.020  0.988
   0.31299    -21.648801  0.000  0.000  0.000  0.000  0.250  0.314  0.010  0.394  0.020  0.988
   0.29064    -21.648759  0.000  0.000  0.000  0.000  0.248  0.316  0.010  0.396  0.020  0.988
   0.26828    -21.648702  0.000  0.000  0.000  0.000  0.244  0.316  0.010  0.398  0.020  0.988
   0.24592    -21.648653  0.000  0.000  0.000  0.000  0.240  0.318  0.008  0.400  0.022  0.988
   0.22357    -21.648599  0.000  0.000  0.000  0.000  0.236  0.318  0.008  0.404  0.022  0.988
   0.20121    -21.648539  0.000  0.000  0.000  0.000  0.230  0.320  0.008  0.406  0.024  0.988
   0.17885    -21.648467  0.000  0.000  0.000  0.000  0.226  0.322  0.008  0.408  0.024  0.988
   0.15650    -21.648399  0.000  0.000  0.000  0.000  0.220  0.326  0.008  0.410  0.026  0.988
   0.13414    -21.648316  0.000  0.000  0.000  0.000  0.214  0.328  0.006  0.412  0.028  0.988
   0.11178    -21.648226  0.000  0.000  0.000  0.000  0.208  0.330  0.006  0.414  0.030  0.988
   0.08943    -21.648122  0.000  0.000  0.000  0.000  0.202  0.334  0.006  0.416  0.032  0.988
   0.06707    -21.648012  0.000  0.000  0.000  0.000  0.194  0.336  0.006  0.418  0.034  0.988
   0.04471    -21.647893  0.000  0.000  0.000  0.000  0.188  0.338  0.004  0.420  0.036  0.988
   0.02236    -21.647881  0.000  0.000  0.000  0.000  0.134  0.404  0.000  0.382  0.066  0.988
   0.00000    -21.648072  0.000  0.000  0.000  0.000  0.140  0.402  0.000  0.384  0.062  0.988
 
# Band-Index:   15
   0.00000    -21.647646  0.000  0.000  0.000  0.000  0.176  0.344  0.004  0.422  0.042  0.988
   0.02236    -21.647777  0.000  0.000  0.000  0.000  0.182  0.342  0.004  0.422  0.040  0.988
   0.04471    -21.647674  0.000  0.000  0.000  0.000  0.128  0.408  0.000  0.382  0.070  0.988
   0.06707    -21.647470  0.000  0.000  0.000  0.000  0.124  0.410  0.000  0.382  0.074  0.988
   0.08943    -21.647266  0.000  0.000  0.000  0.000  0.118  0.410  0.000  0.382  0.078  0.988
   0.11178    -21.647057  0.000  0.000  0.000  0.000  0.114  0.412  0.000  0.380  0.082  0.988
   0.13414    -21.646858  0.000  0.000  0.000  0.000  0.110  0.412  0.000  0.380  0.084  0.988
   0.15650    -21.646661  0.000  0.000  0.000  0.000  0.106  0.412  0.000  0.380  0.088  0.988
   0.17885    -21.646469  0.000  0.000  0.000  0.000  0.104  0.412  0.000  0.382  0.090  0.988
   0.20121    -21.646280  0.000  0.000  0.000  0.000  0.102  0.412  0.000  0.382  0.092  0.988
   0.22357    -21.646105  0.000  0.000  0.000  0.000  0.100  0.412  0.000  0.382  0.094  0.988
   0.24592    -21.645942  0.000  0.000  0.000  0.000  0.098  0.410  0.000  0.384  0.096  0.988
   0.26828    -21.645793  0.000  0.000  0.000  0.000  0.096  0.410  0.000  0.386  0.098  0.988
   0.29064    -21.645664  0.000  0.000  0.000  0.000  0.096  0.408  0.000  0.386  0.098  0.988
   0.31299    -21.645551  0.000  0.000  0.000  0.000  0.096  0.406  0.000  0.388  0.098  0.988
   0.33535    -21.645457  0.000  0.000  0.000  0.000  0.106  0.384  0.000  0.410  0.088  0.988
   0.35771    -21.645383  0.000  0.000  0.000  0.000  0.104  0.386  0.000  0.408  0.090  0.988
   0.38006    -21.645344  0.000  0.000  0.000  0.000  0.102  0.390  0.000  0.406  0.092  0.988
   0.40242    -21.645313  0.000  0.000  0.000  0.000  0.100  0.392  0.000  0.402  0.094  0.988
   0.42478    -21.645306  0.000  0.000  0.000  0.000  0.098  0.394  0.000  0.400  0.096  0.988
   0.42478    -21.645306  0.000  0.000  0.000  0.000  0.098  0.394  0.000  0.400  0.096  0.988
   0.46957    -21.645347  0.000  0.000  0.000  0.000  0.098  0.392  0.000  0.402  0.096  0.988
   0.51436    -21.645468  0.000  0.000  0.000  0.000  0.100  0.390  0.000  0.404  0.094  0.988
   0.55915    -21.645680  0.000  0.000  0.000  0.000  0.100  0.388  0.000  0.406  0.094  0.988
   0.60395    -21.645966  0.000  0.000  0.000  0.000  0.098  0.386  0.000  0.408  0.096  0.988
   0.64874    -21.646313  0.000  0.000  0.000  0.000  0.096  0.386  0.000  0.408  0.098  0.988
   0.69353    -21.646696  0.000  0.000  0.000  0.000  0.094  0.386  0.000  0.408  0.100  0.988
   0.73832    -21.647101  0.000  0.000  0.000  0.000  0.090  0.386  0.000  0.406  0.104  0.988
   0.78311    -21.647513  0.000  0.000  0.000  0.000  0.088  0.386  0.000  0.404  0.110  0.988
   0.82791    -21.647913  0.000  0.000  0.000  0.000  0.084  0.386  0.000  0.402  0.116  0.988
   0.87270    -21.647957  0.000  0.000  0.000  0.000  0.126  0.388  0.000  0.386  0.086  0.988
   0.91749    -21.648015  0.000  0.000  0.000  0.000  0.074  0.394  0.004  0.360  0.154  0.988
   0.96228    -21.648230  0.000  0.000  0.000  0.000  0.074  0.390  0.006  0.354  0.164  0.988
   1.00708    -21.648397  0.000  0.000  0.000  0.000  0.074  0.386  0.006  0.350  0.172  0.988
   1.05187    -21.648537  0.000  0.000  0.000  0.000  0.074  0.382  0.008  0.346  0.180  0.988
   1.09666    -21.648645  0.000  0.000  0.000  0.000  0.076  0.376  0.008  0.342  0.186  0.988
   1.14145    -21.648750  0.000  0.000  0.000  0.000  0.076  0.374  0.010  0.338  0.192  0.988
   1.18624    -21.648839  0.000  0.000  0.000  0.000  0.076  0.370  0.010  0.336  0.196  0.988
   1.23104    -21.648912  0.000  0.000  0.000  0.000  0.076  0.368  0.010  0.336  0.198  0.988
   1.27583    -21.648977  0.000  0.000  0.000  0.000  0.077  0.367  0.009  0.338  0.197  0.989
   1.27583    -21.648977  0.000  0.000  0.000  0.000  0.077  0.368  0.009  0.339  0.196  0.989
   1.32062    -21.648912  0.000  0.000  0.000  0.000  0.076  0.368  0.010  0.336  0.198  0.988
   1.36541    -21.648839  0.000  0.000  0.000  0.000  0.076  0.370  0.010  0.336  0.196  0.988
   1.41020    -21.648750  0.000  0.000  0.000  0.000  0.076  0.374  0.010  0.338  0.192  0.988
   1.45500    -21.648645  0.000  0.000  0.000  0.000  0.076  0.376  0.008  0.342  0.186  0.988
   1.49979    -21.648537  0.000  0.000  0.000  0.000  0.074  0.382  0.008  0.346  0.180  0.988
   1.54458    -21.648397  0.000  0.000  0.000  0.000  0.074  0.386  0.006  0.350  0.172  0.988
   1.58937    -21.648230  0.000  0.000  0.000  0.000  0.074  0.390  0.006  0.354  0.164  0.988
   1.63417    -21.648015  0.000  0.000  0.000  0.000  0.074  0.394  0.004  0.360  0.154  0.988
   1.67896    -21.647957  0.000  0.000  0.000  0.000  0.126  0.388  0.000  0.386  0.086  0.988
   1.72375    -21.647913  0.000  0.000  0.000  0.000  0.084  0.386  0.000  0.402  0.116  0.988
   1.76854    -21.647513  0.000  0.000  0.000  0.000  0.088  0.386  0.000  0.404  0.110  0.988
   1.81333    -21.647101  0.000  0.000  0.000  0.000  0.090  0.386  0.000  0.406  0.104  0.988
   1.85813    -21.646696  0.000  0.000  0.000  0.000  0.094  0.386  0.000  0.408  0.100  0.988
   1.90292    -21.646313  0.000  0.000  0.000  0.000  0.096  0.386  0.000  0.408  0.098  0.988
   1.94771    -21.645966  0.000  0.000  0.000  0.000  0.098  0.386  0.000  0.408  0.096  0.988
   1.99250    -21.645680  0.000  0.000  0.000  0.000  0.100  0.388  0.000  0.406  0.094  0.988
   2.03729    -21.645468  0.000  0.000  0.000  0.000  0.100  0.390  0.000  0.404  0.094  0.988
   2.08209    -21.645347  0.000  0.000  0.000  0.000  0.098  0.392  0.000  0.402  0.096  0.988
   2.12688    -21.645306  0.000  0.000  0.000  0.000  0.098  0.394  0.000  0.400  0.096  0.988
   2.12688    -21.645306  0.000  0.000  0.000  0.000  0.098  0.394  0.000  0.400  0.096  0.988
   2.16569    -21.645333  0.000  0.000  0.000  0.000  0.098  0.392  0.000  0.402  0.096  0.988
   2.20451    -21.645424  0.000  0.000  0.000  0.000  0.094  0.386  0.000  0.408  0.100  0.988
   2.24332    -21.645584  0.000  0.000  0.000  0.000  0.088  0.382  0.000  0.412  0.106  0.988
   2.28213    -21.645800  0.000  0.000  0.000  0.000  0.082  0.380  0.000  0.414  0.112  0.988
   2.32095    -21.646084  0.000  0.000  0.000  0.000  0.076  0.378  0.000  0.414  0.120  0.988
   2.35976    -21.646411  0.000  0.000  0.000  0.000  0.070  0.374  0.000  0.416  0.126  0.988
   2.39858    -21.646793  0.000  0.000  0.000  0.000  0.064  0.372  0.000  0.416  0.134  0.988
   2.43739    -21.647204  0.000  0.000  0.000  0.000  0.058  0.368  0.002  0.416  0.144  0.988
   2.47620    -21.647643  0.000  0.000  0.000  0.000  0.052  0.366  0.002  0.416  0.154  0.988
   2.51502    -21.648101  0.000  0.000  0.000  0.000  0.046  0.362  0.002  0.414  0.164  0.988
   2.55383    -21.648209  0.000  0.000  0.000  0.000  0.126  0.392  0.000  0.398  0.074  0.988
   2.59265    -21.648240  0.000  0.000  0.000  0.000  0.108  0.394  0.000  0.398  0.088  0.988
   2.63146    -21.648247  0.000  0.000  0.000  0.000  0.092  0.394  0.000  0.398  0.104  0.988
   2.67027    -21.648221  0.000  0.000  0.000  0.000  0.078  0.394  0.000  0.398  0.120  0.988
   2.70909    -21.648176  0.000  0.000  0.000  0.000  0.066  0.390  0.000  0.396  0.134  0.988
   2.74790    -21.648133  0.000  0.000  0.000  0.000  0.058  0.388  0.000  0.396  0.146  0.988
   2.78671    -21.648074  0.000  0.000  0.000  0.000  0.052  0.386  0.000  0.394  0.156  0.988
   2.82553    -21.648019  0.000  0.000  0.000  0.000  0.048  0.384  0.000  0.392  0.162  0.988
   2.86434    -21.647968  0.000  0.000  0.000  0.000  0.046  0.384  0.002  0.392  0.166  0.988
 
# Band-Index:   16
   2.86434    -21.647968  0.000  0.000  0.000  0.000  0.046  0.384  0.002  0.392  0.166  0.988
   2.82553    -21.647934  0.000  0.000  0.000  0.000  0.044  0.384  0.002  0.390  0.168  0.988
   2.78671    -21.647900  0.000  0.000  0.000  0.000  0.046  0.386  0.002  0.388  0.168  0.988
   2.74790    -21.647857  0.000  0.000  0.000  0.000  0.048  0.390  0.002  0.386  0.164  0.988
   2.70909    -21.647809  0.000  0.000  0.000  0.000  0.050  0.394  0.002  0.384  0.160  0.988
   2.67027    -21.647746  0.000  0.000  0.000  0.000  0.054  0.398  0.002  0.382  0.152  0.988
   2.63146    -21.647658  0.000  0.000  0.000  0.000  0.058  0.402  0.002  0.380  0.146  0.988
   2.59265    -21.647524  0.000  0.000  0.000  0.000  0.064  0.408  0.002  0.378  0.138  0.988
   2.55383    -21.647356  0.000  0.000  0.000  0.000  0.070  0.412  0.002  0.376  0.130  0.988
   2.51502    -21.647174  0.000  0.000  0.000  0.000  0.076  0.414  0.002  0.376  0.122  0.988
   2.47620    -21.646969  0.000  0.000  0.000  0.000  0.080  0.416  0.002  0.374  0.116  0.988
   2.43739    -21.646734  0.000  0.000  0.000  0.000  0.086  0.418  0.002  0.374  0.110  0.988
   2.39858    -21.646483  0.000  0.000  0.000  0.000  0.090  0.418  0.002  0.376  0.104  0.988
   2.35976    -21.646219  0.000  0.000  0.000  0.000  0.094  0.416  0.000  0.376  0.100  0.988
   2.32095    -21.645976  0.000  0.000  0.000  0.000  0.098  0.414  0.000  0.380  0.096  0.988
   2.28213    -21.645745  0.000  0.000  0.000  0.000  0.100  0.412  0.000  0.382  0.094  0.988
   2.24332    -21.645561  0.000  0.000  0.000  0.000  0.100  0.408  0.000  0.386  0.094  0.988
   2.20451    -21.645415  0.000  0.000  0.000  0.000  0.100  0.404  0.000  0.392  0.094  0.988
   2.16569    -21.645330  0.000  0.000  0.000  0.000  0.098  0.398  0.000  0.398  0.096  0.988
   2.12688    -21.645306  0.000  0.000  0.000  0.000  0.098  0.394  0.000  0.400  0.096  0.988
   2.12688    -21.645306  0.000  0.000  0.000  0.000  0.098  0.394  0.000  0.400  0.096  0.988
   2.08209    -21.645343  0.000  0.000  0.000  0.000  0.096  0.398  0.000  0.398  0.098  0.988
   2.03729    -21.645455  0.000  0.000  0.000  0.000  0.094  0.400  0.000  0.394  0.100  0.988
   1.99250    -21.645650  0.000  0.000  0.000  0.000  0.092  0.402  0.000  0.392  0.104  0.988
   1.94771    -21.645906  0.000  0.000  0.000  0.000  0.088  0.404  0.000  0.388  0.106  0.988
   1.90292    -21.646207  0.000  0.000  0.000  0.000  0.086  0.406  0.002  0.386  0.112  0.988
   1.85813    -21.646527  0.000  0.000  0.000  0.000  0.082  0.406  0.002  0.382  0.116  0.988
   1.81333    -21.646855  0.000  0.000  0.000  0.000  0.080  0.406  0.002  0.378  0.122  0.988
   1.76854    -21.647180  0.000  0.000  0.000  0.000  0.078  0.404  0.002  0.374  0.130  0.988
   1.72375    -21.647491  0.000  0.000  0.000  0.000  0.076  0.402  0.004  0.370  0.138  0.988
   1.67896    -21.647778  0.000  0.000  0.000  0.000  0.074  0.398  0.004  0.366  0.146  0.988
   1.63417    -21.647948  0.000  0.000  0.000  0.000  0.112  0.390  0.002  0.382  0.104  0.988
   1.58937    -21.647927  0.000  0.000  0.000  0.000  0.098  0.390  0.002  0.376  0.124  0.988
   1.54458    -21.647917  0.000  0.000  0.000  0.000  0.088  0.386  0.002  0.368  0.142  0.988
   1.49979    -21.647943  0.000  0.000  0.000  0.000  0.082  0.382  0.004  0.362  0.158  0.988
   1.45500    -21.648025  0.000  0.000  0.000  0.000  0.078  0.378  0.006  0.356  0.170  0.988
   1.41020    -21.648157  0.000  0.000  0.000  0.000  0.074  0.374  0.006  0.352  0.180  0.988
   1.36541    -21.648358  0.000  0.000  0.000  0.000  0.074  0.372  0.008  0.346  0.188  0.988
   1.32062    -21.648634  0.000  0.000  0.000  0.000  0.074  0.370  0.008  0.342  0.194  0.988
   1.27583    -21.648977  0.000  0.000  0.000  0.000  0.077  0.368  0.009  0.339  0.196  0.989
   1.27583    -21.648977  0.000  0.000  0.000  0.000  0.077  0.367  0.009  0.338  0.197  0.989
   1.23104    -21.648634  0.000  0.000  0.000  0.000  0.074  0.370  0.008  0.342  0.194  0.988
   1.18624    -21.648358  0.000  0.000  0.000  0.000  0.074  0.372  0.008  0.346  0.188  0.988
   1.14145    -21.648157  0.000  0.000  0.000  0.000  0.074  0.374  0.006  0.352  0.180  0.988
   1.09666    -21.648025  0.000  0.000  0.000  0.000  0.078  0.378  0.006  0.356  0.170  0.988
   1.05187    -21.647943  0.000  0.000  0.000  0.000  0.082  0.382  0.004  0.362  0.158  0.988
   1.00708    -21.647917  0.000  0.000  0.000  0.000  0.088  0.386  0.002  0.368  0.142  0.988
   0.96228    -21.647927  0.000  0.000  0.000  0.000  0.098  0.390  0.002  0.376  0.124  0.988
   0.91749    -21.647948  0.000  0.000  0.000  0.000  0.112  0.390  0.002  0.382  0.104  0.988
   0.87270    -21.647778  0.000  0.000  0.000  0.000  0.074  0.398  0.004  0.366  0.146  0.988
   0.82791    -21.647491  0.000  0.000  0.000  0.000  0.076  0.402  0.004  0.370  0.138  0.988
   0.78311    -21.647180  0.000  0.000  0.000  0.000  0.078  0.404  0.002  0.374  0.130  0.988
   0.73832    -21.646855  0.000  0.000  0.000  0.000  0.080  0.406  0.002  0.378  0.122  0.988
   0.69353    -21.646527  0.000  0.000  0.000  0.000  0.082  0.406  0.002  0.382  0.116  0.988
   0.64874    -21.646207  0.000  0.000  0.000  0.000  0.086  0.406  0.002  0.386  0.112  0.988
   0.60395    -21.645906  0.000  0.000  0.000  0.000  0.088  0.404  0.000  0.388  0.106  0.988
   0.55915    -21.645650  0.000  0.000  0.000  0.000  0.092  0.402  0.000  0.392  0.104  0.988
   0.51436    -21.645455  0.000  0.000  0.000  0.000  0.094  0.400  0.000  0.394  0.100  0.988
   0.46957    -21.645343  0.000  0.000  0.000  0.000  0.096  0.398  0.000  0.398  0.098  0.988
   0.42478    -21.645306  0.000  0.000  0.000  0.000  0.098  0.394  0.000  0.400  0.096  0.988
   0.42478    -21.645306  0.000  0.000  0.000  0.000  0.098  0.394  0.000  0.400  0.096  0.988
   0.40242    -21.645311  0.000  0.000  0.000  0.000  0.096  0.398  0.000  0.398  0.098  0.988
   0.38006    -21.645341  0.000  0.000  0.000  0.000  0.096  0.400  0.000  0.394  0.098  0.988
   0.35771    -21.645381  0.000  0.000  0.000  0.000  0.096  0.402  0.000  0.392  0.098  0.988
   0.33535    -21.645456  0.000  0.000  0.000  0.000  0.096  0.404  0.000  0.390  0.098  0.988
   0.31299    -21.645548  0.000  0.000  0.000  0.000  0.108  0.382  0.000  0.412  0.086  0.988
   0.29064    -21.645653  0.000  0.000  0.000  0.000  0.110  0.378  0.000  0.416  0.084  0.988
   0.26828    -21.645771  0.000  0.000  0.000  0.000  0.114  0.376  0.000  0.418  0.082  0.988
   0.24592    -21.645906  0.000  0.000  0.000  0.000  0.118  0.372  0.002  0.420  0.078  0.988
   0.22357    -21.646050  0.000  0.000  0.000  0.000  0.122  0.370  0.002  0.420  0.076  0.988
   0.20121    -21.646203  0.000  0.000  0.000  0.000  0.126  0.368  0.002  0.422  0.072  0.988
   0.17885    -21.646364  0.000  0.000  0.000  0.000  0.130  0.364  0.002  0.424  0.068  0.988
   0.15650    -21.646524  0.000  0.000  0.000  0.000  0.134  0.362  0.002  0.424  0.066  0.988
   0.13414    -21.646687  0.000  0.000  0.000  0.000  0.140  0.360  0.002  0.424  0.062  0.988
   0.11178    -21.646846  0.000  0.000  0.000  0.000  0.146  0.358  0.002  0.426  0.058  0.988
   0.08943    -21.647014  0.000  0.000  0.000  0.000  0.150  0.354  0.002  0.426  0.056  0.988
   0.06707    -21.647174  0.000  0.000  0.000  0.000  0.156  0.352  0.004  0.426  0.052  0.988
   0.04471    -21.647334  0.000  0.000  0.000  0.000  0.162  0.350  0.004  0.424  0.048  0.988
   0.02236    -21.647497  0.000  0.000  0.000  0.000  0.168  0.346  0.004  0.424  0.046  0.988
   0.00000    -21.647646  0.000  0.000  0.000  0.000  0.176  0.344  0.004  0.422  0.042  0.988
 
# Band-Index:   17
   0.00000    -21.627456  0.000  0.000  0.000  0.000  0.026  0.230  0.566  0.146  0.020  0.988
   0.02236    -21.627680  0.000  0.000  0.000  0.000  0.024  0.230  0.566  0.148  0.020  0.988
   0.04471    -21.627896  0.000  0.000  0.000  0.000  0.024  0.230  0.568  0.150  0.020  0.988
   0.06707    -21.628106  0.000  0.000  0.000  0.000  0.022  0.228  0.568  0.150  0.020  0.988
   0.08943    -21.628310  0.000  0.000  0.000  0.000  0.022  0.228  0.570  0.152  0.018  0.988
   0.11178    -21.628499  0.000  0.000  0.000  0.000  0.020  0.226  0.570  0.154  0.018  0.988
   0.13414    -21.628677  0.000  0.000  0.000  0.000  0.020  0.224  0.570  0.156  0.018  0.988
   0.15650    -21.628843  0.000  0.000  0.000  0.000  0.018  0.224  0.572  0.158  0.018  0.988
   0.17885    -21.628989  0.000  0.000  0.000  0.000  0.018  0.222  0.572  0.160  0.018  0.988
   0.20121    -21.629116  0.000  0.000  0.000  0.000  0.018  0.220  0.574  0.162  0.018  0.988
   0.22357    -21.629226  0.000  0.000  0.000  0.000  0.016  0.218  0.574  0.164  0.016  0.988
   0.24592    -21.629317  0.000  0.000  0.000  0.000  0.016  0.216  0.574  0.166  0.016  0.988
   0.26828    -21.629394  0.000  0.000  0.000  0.000  0.016  0.212  0.576  0.170  0.016  0.988
   0.29064    -21.629452  0.000  0.000  0.000  0.000  0.014  0.210  0.576  0.172  0.016  0.988
   0.31299    -21.629489  0.000  0.000  0.000  0.000  0.014  0.208  0.576  0.174  0.016  0.988
   0.33535    -21.629505  0.000  0.000  0.000  0.000  0.014  0.206  0.578  0.178  0.014  0.988
   0.35771    -21.629505  0.000  0.000  0.000  0.000  0.014  0.202  0.578  0.180  0.014  0.988
   0.38006    -21.629499  0.000  0.000  0.000  0.000  0.014  0.200  0.578  0.184  0.014  0.988
   0.40242    -21.629475  0.000  0.000  0.000  0.000  0.014  0.198  0.578  0.186  0.014  0.988
   0.42478    -21.629431  0.000  0.000  0.000  0.000  0.014  0.194  0.578  0.188  0.014  0.988
   0.42478    -21.629431  0.000  0.000  0.000  0.000  0.014  0.194  0.578  0.188  0.014  0.988
   0.46957    -21.629504  0.000  0.000  0.000  0.000  0.014  0.192  0.578  0.192  0.014  0.988
   0.51436    -21.629510  0.000  0.000  0.000  0.000  0.014  0.188  0.578  0.194  0.014  0.988
   0.55915    -21.629455  0.000  0.000  0.000  0.000  0.016  0.186  0.576  0.196  0.016  0.988
   0.60395    -21.629321  0.000  0.000  0.000  0.000  0.016  0.182  0.574  0.200  0.016  0.988
   0.64874    -21.629120  0.000  0.000  0.000  0.000  0.018  0.180  0.574  0.202  0.018  0.988
   0.69353    -21.628844  0.000  0.000  0.000  0.000  0.018  0.178  0.572  0.204  0.018  0.988
   0.73832    -21.628499  0.000  0.000  0.000  0.000  0.020  0.174  0.570  0.204  0.020  0.988
   0.78311    -21.628100  0.000  0.000  0.000  0.000  0.020  0.172  0.568  0.206  0.022  0.988
   0.82791    -21.627662  0.000  0.000  0.000  0.000  0.022  0.170  0.566  0.206  0.024  0.988
   0.87270    -21.627195  0.000  0.000  0.000  0.000  0.022  0.170  0.564  0.206  0.026  0.988
   0.91749    -21.626700  0.000  0.000  0.000  0.000  0.024  0.168  0.564  0.206  0.028  0.988
   0.96228    -21.626213  0.000  0.000  0.000  0.000  0.026  0.168  0.562  0.206  0.030  0.988
   1.00708    -21.625732  0.000  0.000  0.000  0.000  0.026  0.166  0.560  0.206  0.032  0.990
   1.05187    -21.625275  0.000  0.000  0.000  0.000  0.028  0.166  0.558  0.204  0.032  0.990
   1.09666    -21.624862  0.000  0.000  0.000  0.000  0.028  0.166  0.558  0.202  0.034  0.990
   1.14145    -21.624508  0.000  0.000  0.000  0.000  0.028  0.168  0.556  0.202  0.034  0.990
   1.18624    -21.624232  0.000  0.000  0.000  0.000  0.030  0.168  0.556  0.200  0.036  0.990
   1.23104    -21.624019  0.000  0.000  0.000  0.000  0.030  0.170  0.558  0.198  0.034  0.990
   1.27583    -21.623895  0.000  0.000  0.000  0.000  0.028  0.171  0.559  0.197  0.034  0.989
   1.27583    -21.623895  0.000  0.000  0.000  0.000  0.028  0.171  0.558  0.197  0.035  0.989
   1.32062    -21.624019  0.000  0.000  0.000  0.000  0.030  0.170  0.558  0.198  0.034  0.990
   1.36541    -21.624232  0.000  0.000  0.000  0.000  0.030  0.168  0.556  0.200  0.036  0.990
   1.41020    -21.624508  0.000  0.000  0.000  0.000  0.028  0.168  0.556  0.202  0.034  0.990
   1.45500    -21.624862  0.000  0.000  0.000  0.000  0.028  0.166  0.558  0.202  0.034  0.990
   1.49979    -21.625275  0.000  0.000  0.000  0.000  0.028  0.166  0.558  0.204  0.032  0.990
   1.54458    -21.625732  0.000  0.000  0.000  0.000  0.026  0.166  0.560  0.206  0.032  0.990
   1.58937    -21.626213  0.000  0.000  0.000  0.000  0.026  0.168  0.562  0.206  0.030  0.988
   1.63417    -21.626700  0.000  0.000  0.000  0.000  0.024  0.168  0.564  0.206  0.028  0.988
   1.67896    -21.627195  0.000  0.000  0.000  0.000  0.022  0.170  0.564  0.206  0.026  0.988
   1.72375    -21.627662  0.000  0.000  0.000  0.000  0.022  0.170  0.566  0.206  0.024  0.988
   1.76854    -21.628100  0.000  0.000  0.000  0.000  0.020  0.172  0.568  0.206  0.022  0.988
   1.81333    -21.628499  0.000  0.000  0.000  0.000  0.020  0.174  0.570  0.204  0.020  0.988
   1.85813    -21.628844  0.000  0.000  0.000  0.000  0.018  0.178  0.572  0.204  0.018  0.988
   1.90292    -21.629120  0.000  0.000  0.000  0.000  0.018  0.180  0.574  0.202  0.018  0.988
   1.94771    -21.629321  0.000  0.000  0.000  0.000  0.016  0.182  0.574  0.200  0.016  0.988
   1.99250    -21.629455  0.000  0.000  0.000  0.000  0.016  0.186  0.576  0.196  0.016  0.988
   2.03729    -21.629510  0.000  0.000  0.000  0.000  0.014  0.188  0.578  0.194  0.014  0.988
   2.08209    -21.629504  0.000  0.000  0.000  0.000  0.014  0.192  0.578  0.192  0.014  0.988
   2.12688    -21.629431  0.000  0.000  0.000  0.000  0.014  0.194  0.578  0.188  0.014  0.988
   2.12688    -21.629431  0.000  0.000  0.000  0.000  0.014  0.194  0.578  0.188  0.014  0.988
   2.16569    -21.629496  0.000  0.000  0.000  0.000  0.014  0.190  0.578  0.194  0.014  0.988
   2.20451    -21.629513  0.000  0.000  0.000  0.000  0.014  0.184  0.578  0.198  0.014  0.988
   2.24332    -21.629487  0.000  0.000  0.000  0.000  0.016  0.180  0.576  0.202  0.014  0.988
   2.28213    -21.629397  0.000  0.000  0.000  0.000  0.016  0.174  0.576  0.208  0.014  0.988
   2.32095    -21.629256  0.000  0.000  0.000  0.000  0.018  0.170  0.574  0.210  0.016  0.988
   2.35976    -21.629066  0.000  0.000  0.000  0.000  0.018  0.168  0.574  0.214  0.016  0.988
   2.39858    -21.628829  0.000  0.000  0.000  0.000  0.020  0.164  0.572  0.216  0.016  0.988
   2.43739    -21.628544  0.000  0.000  0.000  0.000  0.020  0.162  0.572  0.216  0.018  0.988
   2.47620    -21.628216  0.000  0.000  0.000  0.000  0.022  0.162  0.570  0.216  0.018  0.988
   2.51502    -21.627859  0.000  0.000  0.000  0.000  0.024  0.162  0.568  0.216  0.018  0.988
   2.55383    -21.627475  0.000  0.000  0.000  0.000  0.026  0.162  0.568  0.214  0.020  0.988
   2.59265    -21.627090  0.000  0.000  0.000  0.000  0.026  0.164  0.566  0.212  0.022  0.988
   2.63146    -21.626697  0.000  0.000  0.000  0.000  0.028  0.164  0.566  0.208  0.022  0.988
   2.67027    -21.626299  0.000  0.000  0.000  0.000  0.030  0.166  0.564  0.206  0.024  0.988
   2.70909    -21.625914  0.000  0.000  0.000  0.000  0.030  0.168  0.564  0.202  0.026  0.988
   2.74790    -21.625559  0.000  0.000  0.000  0.000  0.032  0.172  0.562  0.198  0.026  0.990
   2.78671    -21.625240  0.000  0.000  0.000  0.000  0.032  0.174  0.560  0.194  0.028  0.990
   2.82553    -21.624950  0.000  0.000  0.000  0.000  0.034  0.176  0.560  0.190  0.030  0.990
   2.86434    -21.624715  0.000  0.000  0.000  0.000  0.034  0.178  0.559  0.186  0.030  0.989
 
# Band-Index:   18
   2.86434    -21.624715  0.000  0.000  0.000  0.000  0.034  0.178  0.559  0.186  0.030  0.989
   2.82553    -21.624540  0.000  0.000  0.000  0.000  0.034  0.180  0.558  0.184  0.032  0.990
   2.78671    -21.624563  0.000  0.000  0.000  0.000  0.016  0.194  0.576  0.182  0.020  0.990
   2.74790    -21.624779  0.000  0.000  0.000  0.000  0.016  0.198  0.574  0.180  0.020  0.990
   2.70909    -21.625030  0.000  0.000  0.000  0.000  0.016  0.200  0.574  0.178  0.020  0.990
   2.67027    -21.625318  0.000  0.000  0.000  0.000  0.016  0.202  0.576  0.176  0.020  0.990
   2.63146    -21.625631  0.000  0.000  0.000  0.000  0.014  0.204  0.576  0.174  0.020  0.990
   2.59265    -21.625957  0.000  0.000  0.000  0.000  0.014  0.208  0.576  0.172  0.018  0.988
   2.55383    -21.626300  0.000  0.000  0.000  0.000  0.014  0.208  0.576  0.172  0.018  0.988
   2.51502    -21.626665  0.000  0.000  0.000  0.000  0.012  0.210  0.578  0.172  0.018  0.988
   2.47620    -21.627034  0.000  0.000  0.000  0.000  0.012  0.212  0.578  0.170  0.016  0.988
   2.43739    -21.627400  0.000  0.000  0.000  0.000  0.012  0.212  0.578  0.170  0.016  0.988
   2.39858    -21.627752  0.000  0.000  0.000  0.000  0.012  0.212  0.578  0.172  0.014  0.988
   2.35976    -21.628082  0.000  0.000  0.000  0.000  0.012  0.212  0.580  0.172  0.014  0.988
   2.32095    -21.628392  0.000  0.000  0.000  0.000  0.012  0.210  0.580  0.174  0.014  0.988
   2.28213    -21.628673  0.000  0.000  0.000  0.000  0.012  0.208  0.580  0.176  0.014  0.988
   2.24332    -21.628925  0.000  0.000  0.000  0.000  0.012  0.206  0.580  0.178  0.012  0.988
   2.20451    -21.629129  0.000  0.000  0.000  0.000  0.012  0.204  0.580  0.182  0.012  0.988
   2.16569    -21.629301  0.000  0.000  0.000  0.000  0.012  0.200  0.580  0.184  0.014  0.988
   2.12688    -21.629431  0.000  0.000  0.000  0.000  0.014  0.194  0.578  0.188  0.014  0.988
   2.12688    -21.629431  0.000  0.000  0.000  0.000  0.014  0.194  0.578  0.188  0.014  0.988
   2.08209    -21.629281  0.000  0.000  0.000  0.000  0.012  0.198  0.580  0.186  0.012  0.988
   2.03729    -21.629072  0.000  0.000  0.000  0.000  0.012  0.200  0.580  0.184  0.012  0.988
   1.99250    -21.628820  0.000  0.000  0.000  0.000  0.012  0.202  0.580  0.182  0.012  0.988
   1.94771    -21.628513  0.000  0.000  0.000  0.000  0.012  0.202  0.580  0.182  0.012  0.988
   1.90292    -21.628170  0.000  0.000  0.000  0.000  0.012  0.202  0.580  0.182  0.012  0.988
   1.85813    -21.627786  0.000  0.000  0.000  0.000  0.012  0.202  0.580  0.180  0.014  0.988
   1.81333    -21.627369  0.000  0.000  0.000  0.000  0.014  0.202  0.578  0.182  0.014  0.988
   1.76854    -21.626937  0.000  0.000  0.000  0.000  0.014  0.200  0.578  0.182  0.014  0.988
   1.72375    -21.626502  0.000  0.000  0.000  0.000  0.016  0.198  0.578  0.182  0.016  0.988
   1.67896    -21.626073  0.000  0.000  0.000  0.000  0.016  0.196  0.576  0.184  0.018  0.988
   1.63417    -21.625646  0.000  0.000  0.000  0.000  0.018  0.194  0.574  0.184  0.018  0.990
   1.58937    -21.625250  0.000  0.000  0.000  0.000  0.020  0.190  0.572  0.186  0.020  0.990
   1.54458    -21.624881  0.000  0.000  0.000  0.000  0.022  0.188  0.570  0.188  0.022  0.990
   1.49979    -21.624551  0.000  0.000  0.000  0.000  0.022  0.184  0.568  0.188  0.026  0.990
   1.45500    -21.624330  0.000  0.000  0.000  0.000  0.028  0.170  0.558  0.198  0.034  0.990
   1.41020    -21.624201  0.000  0.000  0.000  0.000  0.030  0.168  0.558  0.198  0.034  0.990
   1.36541    -21.624078  0.000  0.000  0.000  0.000  0.030  0.170  0.558  0.198  0.034  0.990
   1.32062    -21.623975  0.000  0.000  0.000  0.000  0.030  0.170  0.558  0.198  0.034  0.990
   1.27583    -21.623895  0.000  0.000  0.000  0.000  0.028  0.171  0.558  0.197  0.035  0.989
   1.27583    -21.623895  0.000  0.000  0.000  0.000  0.028  0.171  0.559  0.197  0.034  0.989
   1.23104    -21.623975  0.000  0.000  0.000  0.000  0.030  0.170  0.558  0.198  0.034  0.990
   1.18624    -21.624078  0.000  0.000  0.000  0.000  0.030  0.170  0.558  0.198  0.034  0.990
   1.14145    -21.624201  0.000  0.000  0.000  0.000  0.030  0.168  0.558  0.198  0.034  0.990
   1.09666    -21.624330  0.000  0.000  0.000  0.000  0.028  0.170  0.558  0.198  0.034  0.990
   1.05187    -21.624551  0.000  0.000  0.000  0.000  0.022  0.184  0.568  0.188  0.026  0.990
   1.00708    -21.624881  0.000  0.000  0.000  0.000  0.022  0.188  0.570  0.188  0.022  0.990
   0.96228    -21.625250  0.000  0.000  0.000  0.000  0.020  0.190  0.572  0.186  0.020  0.990
   0.91749    -21.625646  0.000  0.000  0.000  0.000  0.018  0.194  0.574  0.184  0.018  0.990
   0.87270    -21.626073  0.000  0.000  0.000  0.000  0.016  0.196  0.576  0.184  0.018  0.988
   0.82791    -21.626502  0.000  0.000  0.000  0.000  0.016  0.198  0.578  0.182  0.016  0.988
   0.78311    -21.626937  0.000  0.000  0.000  0.000  0.014  0.200  0.578  0.182  0.014  0.988
   0.73832    -21.627369  0.000  0.000  0.000  0.000  0.014  0.202  0.578  0.182  0.014  0.988
   0.69353    -21.627786  0.000  0.000  0.000  0.000  0.012  0.202  0.580  0.180  0.014  0.988
   0.64874    -21.628170  0.000  0.000  0.000  0.000  0.012  0.202  0.580  0.182  0.012  0.988
   0.60395    -21.628513  0.000  0.000  0.000  0.000  0.012  0.202  0.580  0.182  0.012  0.988
   0.55915    -21.628820  0.000  0.000  0.000  0.000  0.012  0.202  0.580  0.182  0.012  0.988
   0.51436    -21.629072  0.000  0.000  0.000  0.000  0.012  0.200  0.580  0.184  0.012  0.988
   0.46957    -21.629281  0.000  0.000  0.000  0.000  0.012  0.198  0.580  0.186  0.012  0.988
   0.42478    -21.629431  0.000  0.000  0.000  0.000  0.014  0.194  0.578  0.188  0.014  0.988
   0.42478    -21.629431  0.000  0.000  0.000  0.000  0.014  0.194  0.578  0.188  0.014  0.988
   0.40242    -21.629365  0.000  0.000  0.000  0.000  0.014  0.192  0.578  0.192  0.012  0.988
   0.38006    -21.629281  0.000  0.000  0.000  0.000  0.012  0.190  0.580  0.194  0.012  0.988
   0.35771    -21.629180  0.000  0.000  0.000  0.000  0.012  0.188  0.580  0.196  0.012  0.988
   0.33535    -21.629077  0.000  0.000  0.000  0.000  0.012  0.186  0.580  0.198  0.012  0.988
   0.31299    -21.628960  0.000  0.000  0.000  0.000  0.012  0.184  0.580  0.200  0.012  0.988
   0.29064    -21.628830  0.000  0.000  0.000  0.000  0.012  0.182  0.580  0.202  0.012  0.988
   0.26828    -21.628683  0.000  0.000  0.000  0.000  0.012  0.180  0.580  0.204  0.012  0.988
   0.24592    -21.628525  0.000  0.000  0.000  0.000  0.012  0.180  0.580  0.204  0.012  0.988
   0.22357    -21.628361  0.000  0.000  0.000  0.000  0.012  0.178  0.580  0.206  0.012  0.988
   0.20121    -21.628185  0.000  0.000  0.000  0.000  0.012  0.178  0.580  0.206  0.012  0.988
   0.17885    -21.628000  0.000  0.000  0.000  0.000  0.014  0.178  0.580  0.206  0.012  0.988
   0.15650    -21.627804  0.000  0.000  0.000  0.000  0.014  0.178  0.580  0.206  0.012  0.988
   0.13414    -21.627599  0.000  0.000  0.000  0.000  0.014  0.178  0.580  0.206  0.014  0.988
   0.11178    -21.627389  0.000  0.000  0.000  0.000  0.014  0.178  0.578  0.204  0.014  0.988
   0.08943    -21.627180  0.000  0.000  0.000  0.000  0.014  0.178  0.578  0.204  0.014  0.988
   0.06707    -21.626964  0.000  0.000  0.000  0.000  0.014  0.180  0.578  0.202  0.014  0.988
   0.04471    -21.626970  0.000  0.000  0.000  0.000  0.028  0.230  0.564  0.144  0.022  0.988
   0.02236    -21.627219  0.000  0.000  0.000  0.000  0.026  0.230  0.564  0.146  0.022  0.988
   0.00000    -21.627456  0.000  0.000  0.000  0.000  0.026  0.230  0.566  0.146  0.020  0.988
 
# Band-Index:   19
   0.00000    -21.626331  0.000  0.000  0.000  0.000  0.016  0.182  0.576  0.198  0.016  0.988
   0.02236    -21.626541  0.000  0.000  0.000  0.000  0.016  0.182  0.578  0.200  0.016  0.988
   0.04471    -21.626750  0.000  0.000  0.000  0.000  0.016  0.180  0.578  0.202  0.014  0.988
   0.06707    -21.626726  0.000  0.000  0.000  0.000  0.030  0.230  0.562  0.144  0.022  0.988
   0.08943    -21.626483  0.000  0.000  0.000  0.000  0.030  0.230  0.562  0.144  0.022  0.988
   0.11178    -21.626242  0.000  0.000  0.000  0.000  0.032  0.230  0.562  0.144  0.022  0.988
   0.13414    -21.626000  0.000  0.000  0.000  0.000  0.032  0.230  0.560  0.142  0.024  0.990
   0.15650    -21.625765  0.000  0.000  0.000  0.000  0.034  0.230  0.560  0.142  0.024  0.990
   0.17885    -21.625534  0.000  0.000  0.000  0.000  0.034  0.228  0.558  0.142  0.024  0.990
   0.20121    -21.625314  0.000  0.000  0.000  0.000  0.036  0.228  0.558  0.144  0.024  0.990
   0.22357    -21.625107  0.000  0.000  0.000  0.000  0.036  0.228  0.558  0.144  0.024  0.990
   0.24592    -21.624909  0.000  0.000  0.000  0.000  0.036  0.226  0.558  0.144  0.026  0.990
   0.26828    -21.624723  0.000  0.000  0.000  0.000  0.038  0.226  0.556  0.144  0.026  0.990
   0.29064    -21.624562  0.000  0.000  0.000  0.000  0.038  0.224  0.556  0.146  0.026  0.990
   0.31299    -21.624411  0.000  0.000  0.000  0.000  0.038  0.222  0.556  0.146  0.026  0.990
   0.33535    -21.624287  0.000  0.000  0.000  0.000  0.038  0.222  0.556  0.148  0.026  0.990
   0.35771    -21.624173  0.000  0.000  0.000  0.000  0.038  0.220  0.556  0.148  0.026  0.990
   0.38006    -21.624075  0.000  0.000  0.000  0.000  0.038  0.218  0.558  0.150  0.026  0.990
   0.40242    -21.624003  0.000  0.000  0.000  0.000  0.038  0.216  0.558  0.152  0.026  0.990
   0.42478    -21.623951  0.000  0.000  0.000  0.000  0.036  0.216  0.558  0.152  0.026  0.990
   0.42478    -21.623951  0.000  0.000  0.000  0.000  0.036  0.216  0.558  0.152  0.026  0.990
   0.46957    -21.624028  0.000  0.000  0.000  0.000  0.038  0.216  0.558  0.152  0.026  0.990
   0.51436    -21.624129  0.000  0.000  0.000  0.000  0.036  0.216  0.558  0.152  0.026  0.990
   0.55915    -21.624249  0.000  0.000  0.000  0.000  0.036  0.214  0.558  0.154  0.028  0.990
   0.60395    -21.624368  0.000  0.000  0.000  0.000  0.036  0.212  0.558  0.156  0.028  0.990
   0.64874    -21.624485  0.000  0.000  0.000  0.000  0.034  0.210  0.558  0.158  0.028  0.990
   0.69353    -21.624595  0.000  0.000  0.000  0.000  0.034  0.206  0.558  0.162  0.030  0.990
   0.73832    -21.624674  0.000  0.000  0.000  0.000  0.032  0.200  0.560  0.166  0.030  0.990
   0.78311    -21.624738  0.000  0.000  0.000  0.000  0.032  0.196  0.560  0.170  0.032  0.990
   0.82791    -21.624764  0.000  0.000  0.000  0.000  0.032  0.190  0.560  0.176  0.032  0.990
   0.87270    -21.624760  0.000  0.000  0.000  0.000  0.030  0.186  0.560  0.182  0.034  0.990
   0.91749    -21.624729  0.000  0.000  0.000  0.000  0.030  0.180  0.560  0.186  0.034  0.990
   0.96228    -21.624662  0.000  0.000  0.000  0.000  0.030  0.176  0.560  0.190  0.034  0.990
   1.00708    -21.624568  0.000  0.000  0.000  0.000  0.030  0.174  0.560  0.194  0.034  0.990
   1.05187    -21.624453  0.000  0.000  0.000  0.000  0.028  0.170  0.558  0.196  0.034  0.990
   1.09666    -21.624274  0.000  0.000  0.000  0.000  0.024  0.182  0.566  0.190  0.028  0.990
   1.14145    -21.624064  0.000  0.000  0.000  0.000  0.026  0.178  0.564  0.192  0.030  0.990
   1.18624    -21.623934  0.000  0.000  0.000  0.000  0.028  0.176  0.562  0.194  0.032  0.990
   1.23104    -21.623869  0.000  0.000  0.000  0.000  0.028  0.174  0.560  0.196  0.034  0.990
   1.27583    -21.623895  0.000  0.000  0.000  0.000  0.029  0.171  0.558  0.197  0.035  0.989
   1.27583    -21.623895  0.000  0.000  0.000  0.000  0.029  0.171  0.559  0.197  0.034  0.989
   1.32062    -21.623869  0.000  0.000  0.000  0.000  0.028  0.174  0.560  0.196  0.034  0.990
   1.36541    -21.623934  0.000  0.000  0.000  0.000  0.028  0.176  0.562  0.194  0.032  0.990
   1.41020    -21.624064  0.000  0.000  0.000  0.000  0.026  0.178  0.564  0.192  0.030  0.990
   1.45500    -21.624274  0.000  0.000  0.000  0.000  0.024  0.182  0.566  0.190  0.028  0.990
   1.49979    -21.624453  0.000  0.000  0.000  0.000  0.028  0.170  0.558  0.196  0.034  0.990
   1.54458    -21.624568  0.000  0.000  0.000  0.000  0.030  0.174  0.560  0.194  0.034  0.990
   1.58937    -21.624662  0.000  0.000  0.000  0.000  0.030  0.176  0.560  0.190  0.034  0.990
   1.63417    -21.624729  0.000  0.000  0.000  0.000  0.030  0.180  0.560  0.186  0.034  0.990
   1.67896    -21.624760  0.000  0.000  0.000  0.000  0.030  0.186  0.560  0.182  0.034  0.990
   1.72375    -21.624764  0.000  0.000  0.000  0.000  0.032  0.190  0.560  0.176  0.032  0.990
   1.76854    -21.624738  0.000  0.000  0.000  0.000  0.032  0.196  0.560  0.170  0.032  0.990
   1.81333    -21.624674  0.000  0.000  0.000  0.000  0.032  0.200  0.560  0.166  0.030  0.990
   1.85813    -21.624595  0.000  0.000  0.000  0.000  0.034  0.206  0.558  0.162  0.030  0.990
   1.90292    -21.624485  0.000  0.000  0.000  0.000  0.034  0.210  0.558  0.158  0.028  0.990
   1.94771    -21.624368  0.000  0.000  0.000  0.000  0.036  0.212  0.558  0.156  0.028  0.990
   1.99250    -21.624249  0.000  0.000  0.000  0.000  0.036  0.214  0.558  0.154  0.028  0.990
   2.03729    -21.624129  0.000  0.000  0.000  0.000  0.036  0.216  0.558  0.152  0.026  0.990
   2.08209    -21.624028  0.000  0.000  0.000  0.000  0.038  0.216  0.558  0.152  0.026  0.990
   2.12688    -21.623951  0.000  0.000  0.000  0.000  0.036  0.216  0.558  0.152  0.026  0.990
   2.12688    -21.623951  0.000  0.000  0.000  0.000  0.036  0.216  0.558  0.152  0.026  0.990
   2.16569    -21.624007  0.000  0.000  0.000  0.000  0.036  0.214  0.558  0.152  0.026  0.990
   2.20451    -21.624069  0.000  0.000  0.000  0.000  0.036  0.214  0.558  0.154  0.028  0.990
   2.24332    -21.624120  0.000  0.000  0.000  0.000  0.036  0.212  0.558  0.156  0.028  0.990
   2.28213    -21.624177  0.000  0.000  0.000  0.000  0.036  0.210  0.558  0.158  0.028  0.990
   2.32095    -21.624226  0.000  0.000  0.000  0.000  0.034  0.206  0.558  0.160  0.028  0.990
   2.35976    -21.624264  0.000  0.000  0.000  0.000  0.034  0.202  0.560  0.164  0.030  0.990
   2.39858    -21.624285  0.000  0.000  0.000  0.000  0.034  0.200  0.560  0.168  0.030  0.990
   2.43739    -21.624292  0.000  0.000  0.000  0.000  0.034  0.196  0.558  0.170  0.032  0.990
   2.47620    -21.624293  0.000  0.000  0.000  0.000  0.034  0.192  0.558  0.174  0.032  0.990
   2.51502    -21.624283  0.000  0.000  0.000  0.000  0.034  0.188  0.558  0.176  0.032  0.990
   2.55383    -21.624268  0.000  0.000  0.000  0.000  0.034  0.186  0.558  0.178  0.034  0.990
   2.59265    -21.624260  0.000  0.000  0.000  0.000  0.034  0.184  0.558  0.180  0.034  0.990
   2.63146    -21.624252  0.000  0.000  0.000  0.000  0.034  0.184  0.558  0.180  0.034  0.990
   2.67027    -21.624260  0.000  0.000  0.000  0.000  0.034  0.182  0.558  0.182  0.034  0.990
   2.70909    -21.624280  0.000  0.000  0.000  0.000  0.034  0.182  0.558  0.182  0.034  0.990
   2.74790    -21.624334  0.000  0.000  0.000  0.000  0.034  0.182  0.558  0.182  0.034  0.990
   2.78671    -21.624416  0.000  0.000  0.000  0.000  0.034  0.182  0.558  0.182  0.032  0.990
   2.82553    -21.624365  0.000  0.000  0.000  0.000  0.016  0.192  0.576  0.186  0.020  0.990
   2.86434    -21.624205  0.000  0.000  0.000  0.000  0.016  0.190  0.576  0.188  0.020  0.990
 
# Band-Index:   20
   2.86434    -21.624205  0.000  0.000  0.000  0.000  0.016  0.190  0.576  0.188  0.020  0.990
   2.82553    -21.624080  0.000  0.000  0.000  0.000  0.016  0.188  0.578  0.190  0.018  0.990
   2.78671    -21.623984  0.000  0.000  0.000  0.000  0.016  0.186  0.578  0.192  0.018  0.990
   2.74790    -21.623913  0.000  0.000  0.000  0.000  0.016  0.186  0.578  0.192  0.016  0.990
   2.70909    -21.623861  0.000  0.000  0.000  0.000  0.016  0.188  0.580  0.192  0.016  0.990
   2.67027    -21.623841  0.000  0.000  0.000  0.000  0.014  0.188  0.580  0.190  0.016  0.990
   2.63146    -21.623834  0.000  0.000  0.000  0.000  0.014  0.190  0.580  0.188  0.014  0.990
   2.59265    -21.623842  0.000  0.000  0.000  0.000  0.016  0.192  0.580  0.186  0.014  0.990
   2.55383    -21.623848  0.000  0.000  0.000  0.000  0.016  0.194  0.580  0.184  0.014  0.990
   2.51502    -21.623858  0.000  0.000  0.000  0.000  0.018  0.196  0.578  0.182  0.016  0.990
   2.47620    -21.623863  0.000  0.000  0.000  0.000  0.020  0.198  0.576  0.178  0.016  0.990
   2.43739    -21.623860  0.000  0.000  0.000  0.000  0.022  0.200  0.574  0.176  0.018  0.990
   2.39858    -21.623859  0.000  0.000  0.000  0.000  0.024  0.204  0.572  0.172  0.020  0.990
   2.35976    -21.623857  0.000  0.000  0.000  0.000  0.026  0.206  0.568  0.168  0.020  0.990
   2.32095    -21.623852  0.000  0.000  0.000  0.000  0.030  0.208  0.566  0.164  0.022  0.990
   2.28213    -21.623853  0.000  0.000  0.000  0.000  0.032  0.210  0.564  0.160  0.022  0.990
   2.24332    -21.623861  0.000  0.000  0.000  0.000  0.034  0.212  0.562  0.158  0.024  0.990
   2.20451    -21.623888  0.000  0.000  0.000  0.000  0.034  0.214  0.560  0.156  0.024  0.990
   2.16569    -21.623914  0.000  0.000  0.000  0.000  0.036  0.214  0.560  0.154  0.026  0.990
   2.12688    -21.623951  0.000  0.000  0.000  0.000  0.036  0.216  0.558  0.152  0.026  0.990
   2.12688    -21.623951  0.000  0.000  0.000  0.000  0.036  0.216  0.558  0.152  0.026  0.990
   2.08209    -21.623910  0.000  0.000  0.000  0.000  0.036  0.214  0.560  0.154  0.026  0.990
   2.03729    -21.623900  0.000  0.000  0.000  0.000  0.034  0.212  0.562  0.158  0.024  0.990
   1.99250    -21.623925  0.000  0.000  0.000  0.000  0.032  0.210  0.564  0.162  0.024  0.990
   1.94771    -21.623968  0.000  0.000  0.000  0.000  0.030  0.206  0.566  0.166  0.022  0.990
   1.90292    -21.624030  0.000  0.000  0.000  0.000  0.026  0.204  0.568  0.170  0.020  0.990
   1.85813    -21.624105  0.000  0.000  0.000  0.000  0.024  0.200  0.572  0.174  0.020  0.990
   1.81333    -21.624165  0.000  0.000  0.000  0.000  0.022  0.198  0.574  0.178  0.018  0.990
   1.76854    -21.624220  0.000  0.000  0.000  0.000  0.020  0.194  0.576  0.182  0.016  0.990
   1.72375    -21.624243  0.000  0.000  0.000  0.000  0.018  0.192  0.576  0.186  0.016  0.990
   1.67896    -21.624237  0.000  0.000  0.000  0.000  0.018  0.190  0.576  0.188  0.016  0.990
   1.63417    -21.624207  0.000  0.000  0.000  0.000  0.018  0.188  0.576  0.190  0.018  0.990
   1.58937    -21.624146  0.000  0.000  0.000  0.000  0.020  0.186  0.574  0.190  0.020  0.990
   1.54458    -21.624068  0.000  0.000  0.000  0.000  0.022  0.184  0.572  0.190  0.022  0.990
   1.49979    -21.623988  0.000  0.000  0.000  0.000  0.024  0.182  0.568  0.192  0.024  0.990
   1.45500    -21.623921  0.000  0.000  0.000  0.000  0.024  0.178  0.566  0.192  0.028  0.990
   1.41020    -21.623871  0.000  0.000  0.000  0.000  0.026  0.176  0.564  0.194  0.030  0.990
   1.36541    -21.623845  0.000  0.000  0.000  0.000  0.028  0.174  0.562  0.194  0.032  0.990
   1.32062    -21.623854  0.000  0.000  0.000  0.000  0.028  0.172  0.560  0.196  0.034  0.990
   1.27583    -21.623895  0.000  0.000  0.000  0.000  0.029  0.171  0.559  0.197  0.034  0.989
   1.27583    -21.623895  0.000  0.000  0.000  0.000  0.029  0.171  0.558  0.197  0.035  0.989
   1.23104    -21.623854  0.000  0.000  0.000  0.000  0.028  0.172  0.560  0.196  0.034  0.990
   1.18624    -21.623845  0.000  0.000  0.000  0.000  0.028  0.174  0.562  0.194  0.032  0.990
   1.14145    -21.623871  0.000  0.000  0.000  0.000  0.026  0.176  0.564  0.194  0.030  0.990
   1.09666    -21.623921  0.000  0.000  0.000  0.000  0.024  0.178  0.566  0.192  0.028  0.990
   1.05187    -21.623988  0.000  0.000  0.000  0.000  0.024  0.182  0.568  0.192  0.024  0.990
   1.00708    -21.624068  0.000  0.000  0.000  0.000  0.022  0.184  0.572  0.190  0.022  0.990
   0.96228    -21.624146  0.000  0.000  0.000  0.000  0.020  0.186  0.574  0.190  0.020  0.990
   0.91749    -21.624207  0.000  0.000  0.000  0.000  0.018  0.188  0.576  0.190  0.018  0.990
   0.87270    -21.624237  0.000  0.000  0.000  0.000  0.018  0.190  0.576  0.188  0.016  0.990
   0.82791    -21.624243  0.000  0.000  0.000  0.000  0.018  0.192  0.576  0.186  0.016  0.990
   0.78311    -21.624220  0.000  0.000  0.000  0.000  0.020  0.194  0.576  0.182  0.016  0.990
   0.73832    -21.624165  0.000  0.000  0.000  0.000  0.022  0.198  0.574  0.178  0.018  0.990
   0.69353    -21.624105  0.000  0.000  0.000  0.000  0.024  0.200  0.572  0.174  0.020  0.990
   0.64874    -21.624030  0.000  0.000  0.000  0.000  0.026  0.204  0.568  0.170  0.020  0.990
   0.60395    -21.623968  0.000  0.000  0.000  0.000  0.030  0.206  0.566  0.166  0.022  0.990
   0.55915    -21.623925  0.000  0.000  0.000  0.000  0.032  0.210  0.564  0.162  0.024  0.990
   0.51436    -21.623900  0.000  0.000  0.000  0.000  0.034  0.212  0.562  0.158  0.024  0.990
   0.46957    -21.623910  0.000  0.000  0.000  0.000  0.036  0.214  0.560  0.154  0.026  0.990
   0.42478    -21.623951  0.000  0.000  0.000  0.000  0.036  0.216  0.558  0.152  0.026  0.990
   0.42478    -21.623951  0.000  0.000  0.000  0.000  0.036  0.216  0.558  0.152  0.026  0.990
   0.40242    -21.623929  0.000  0.000  0.000  0.000  0.036  0.214  0.560  0.154  0.026  0.990
   0.38006    -21.623927  0.000  0.000  0.000  0.000  0.036  0.212  0.560  0.156  0.026  0.990
   0.35771    -21.623951  0.000  0.000  0.000  0.000  0.034  0.210  0.560  0.158  0.026  0.990
   0.33535    -21.623992  0.000  0.000  0.000  0.000  0.034  0.208  0.562  0.160  0.024  0.990
   0.31299    -21.624044  0.000  0.000  0.000  0.000  0.032  0.206  0.562  0.164  0.024  0.990
   0.29064    -21.624123  0.000  0.000  0.000  0.000  0.030  0.204  0.564  0.166  0.024  0.990
   0.26828    -21.624213  0.000  0.000  0.000  0.000  0.030  0.202  0.566  0.168  0.024  0.990
   0.24592    -21.624328  0.000  0.000  0.000  0.000  0.028  0.202  0.566  0.170  0.022  0.990
   0.22357    -21.624458  0.000  0.000  0.000  0.000  0.028  0.200  0.568  0.174  0.022  0.990
   0.20121    -21.624598  0.000  0.000  0.000  0.000  0.026  0.198  0.568  0.176  0.022  0.990
   0.17885    -21.624756  0.000  0.000  0.000  0.000  0.024  0.196  0.570  0.178  0.020  0.990
   0.15650    -21.624926  0.000  0.000  0.000  0.000  0.024  0.194  0.570  0.182  0.020  0.990
   0.13414    -21.625104  0.000  0.000  0.000  0.000  0.022  0.192  0.572  0.184  0.020  0.990
   0.11178    -21.625294  0.000  0.000  0.000  0.000  0.022  0.190  0.572  0.186  0.018  0.990
   0.08943    -21.625487  0.000  0.000  0.000  0.000  0.020  0.188  0.574  0.188  0.018  0.990
   0.06707    -21.625687  0.000  0.000  0.000  0.000  0.020  0.186  0.574  0.192  0.018  0.990
   0.04471    -21.625895  0.000  0.000  0.000  0.000  0.018  0.186  0.576  0.194  0.016  0.988
   0.02236    -21.626115  0.000  0.000  0.000  0.000  0.018  0.184  0.576  0.196  0.016  0.988
   0.00000    -21.626331  0.000  0.000  0.000  0.000  0.016  0.182  0.576  0.198  0.016  0.988
 
# Band-Index:   21
   0.00000    -11.802963  0.482  0.000  0.006  0.004  0.000  0.000  0.000  0.000  0.000  0.492
   0.02236    -11.854934  0.478  0.000  0.006  0.004  0.000  0.000  0.000  0.000  0.000  0.488
   0.04471    -11.904783  0.474  0.000  0.006  0.004  0.000  0.000  0.000  0.000  0.000  0.484
   0.06707    -11.952364  0.470  0.000  0.006  0.004  0.000  0.000  0.000  0.000  0.000  0.480
   0.08943    -11.997546  0.468  0.000  0.006  0.002  0.000  0.000  0.000  0.000  0.000  0.476
   0.11178    -12.040220  0.464  0.000  0.006  0.002  0.000  0.000  0.000  0.000  0.000  0.474
   0.13414    -12.080289  0.462  0.000  0.006  0.002  0.000  0.000  0.000  0.000  0.000  0.470
   0.15650    -12.117664  0.460  0.000  0.006  0.002  0.000  0.000  0.000  0.000  0.000  0.468
   0.17885    -12.152269  0.458  0.000  0.006  0.002  0.000  0.000  0.000  0.000  0.000  0.466
   0.20121    -12.184037  0.456  0.000  0.006  0.002  0.000  0.000  0.000  0.000  0.000  0.464
   0.22357    -12.212910  0.454  0.000  0.006  0.002  0.000  0.000  0.000  0.000  0.000  0.462
   0.24592    -12.238838  0.454  0.000  0.006  0.000  0.000  0.000  0.000  0.000  0.000  0.460
   0.26828    -12.261780  0.452  0.000  0.006  0.000  0.000  0.000  0.000  0.000  0.000  0.458
   0.29064    -12.281704  0.450  0.000  0.006  0.000  0.000  0.000  0.000  0.000  0.000  0.458
   0.31299    -12.298574  0.450  0.000  0.006  0.000  0.000  0.000  0.000  0.000  0.000  0.456
   0.33535    -12.312366  0.450  0.000  0.006  0.000  0.000  0.000  0.000  0.000  0.000  0.456
   0.35771    -12.323058  0.450  0.000  0.006  0.000  0.000  0.000  0.000  0.000  0.000  0.456
   0.38006    -12.330637  0.448  0.000  0.006  0.000  0.000  0.000  0.000  0.000  0.000  0.454
   0.40242    -12.335091  0.448  0.000  0.006  0.000  0.000  0.000  0.000  0.000  0.000  0.454
   0.42478    -12.336414  0.448  0.000  0.006  0.000  0.000  0.000  0.000  0.000  0.000  0.454
   0.42478    -12.336414  0.448  0.000  0.006  0.000  0.000  0.000  0.000  0.000  0.000  0.454
   0.46957    -12.330614  0.448  0.000  0.006  0.000  0.000  0.000  0.000  0.000  0.000  0.454
   0.51436    -12.312270  0.450  0.000  0.006  0.000  0.000  0.000  0.000  0.000  0.000  0.456
   0.55915    -12.281486  0.450  0.000  0.006  0.000  0.000  0.000  0.000  0.000  0.000  0.458
   0.60395    -12.238448  0.454  0.000  0.006  0.000  0.000  0.000  0.000  0.000  0.000  0.460
   0.64874    -12.183426  0.456  0.002  0.006  0.000  0.000  0.000  0.000  0.000  0.000  0.464
   0.69353    -12.116780  0.460  0.002  0.006  0.000  0.000  0.000  0.000  0.000  0.000  0.468
   0.73832    -12.039015  0.464  0.002  0.006  0.000  0.000  0.000  0.000  0.000  0.000  0.474
   0.78311    -11.950789  0.470  0.002  0.006  0.000  0.000  0.000  0.000  0.000  0.000  0.480
   0.82791    -11.852939  0.478  0.002  0.006  0.000  0.000  0.000  0.000  0.000  0.000  0.488
   0.87270    -11.746579  0.486  0.004  0.004  0.002  0.000  0.000  0.000  0.000  0.000  0.496
   0.91749    -11.633195  0.498  0.004  0.004  0.002  0.000  0.000  0.000  0.000  0.000  0.508
   0.96228    -11.514759  0.510  0.004  0.004  0.002  0.000  0.000  0.000  0.000  0.000  0.520
   1.00708    -11.393899  0.526  0.004  0.004  0.002  0.000  0.000  0.000  0.000  0.000  0.536
   1.05187    -11.274158  0.544  0.004  0.004  0.002  0.000  0.000  0.000  0.000  0.000  0.554
   1.09666    -11.160306  0.564  0.004  0.004  0.002  0.000  0.000  0.000  0.000  0.000  0.572
   1.14145    -11.058565  0.584  0.002  0.004  0.000  0.000  0.000  0.000  0.000  0.000  0.592
   1.18624    -10.976552  0.604  0.002  0.004  0.000  0.000  0.000  0.000  0.000  0.000  0.612
   1.23104    -10.922440  0.620  0.002  0.002  0.000  0.000  0.000  0.000  0.000  0.000  0.626
   1.27583    -10.902938  0.625  0.001  0.003  0.000  0.001  0.000  0.000  0.000  0.000  0.632
   1.27583    -10.902938  0.626  0.002  0.003  0.000  0.000  0.000  0.000  0.000  0.000  0.631
   1.32062    -10.922440  0.620  0.002  0.002  0.000  0.000  0.000  0.000  0.000  0.000  0.626
   1.36541    -10.976552  0.604  0.002  0.004  0.000  0.000  0.000  0.000  0.000  0.000  0.612
   1.41020    -11.058565  0.584  0.002  0.004  0.000  0.000  0.000  0.000  0.000  0.000  0.592
   1.45500    -11.160306  0.564  0.004  0.004  0.002  0.000  0.000  0.000  0.000  0.000  0.572
   1.49979    -11.274158  0.544  0.004  0.004  0.002  0.000  0.000  0.000  0.000  0.000  0.554
   1.54458    -11.393899  0.526  0.004  0.004  0.002  0.000  0.000  0.000  0.000  0.000  0.536
   1.58937    -11.514759  0.510  0.004  0.004  0.002  0.000  0.000  0.000  0.000  0.000  0.520
   1.63417    -11.633195  0.498  0.004  0.004  0.002  0.000  0.000  0.000  0.000  0.000  0.508
   1.67896    -11.746579  0.486  0.004  0.004  0.002  0.000  0.000  0.000  0.000  0.000  0.496
   1.72375    -11.852939  0.478  0.002  0.006  0.000  0.000  0.000  0.000  0.000  0.000  0.488
   1.76854    -11.950789  0.470  0.002  0.006  0.000  0.000  0.000  0.000  0.000  0.000  0.480
   1.81333    -12.039015  0.464  0.002  0.006  0.000  0.000  0.000  0.000  0.000  0.000  0.474
   1.85813    -12.116780  0.460  0.002  0.006  0.000  0.000  0.000  0.000  0.000  0.000  0.468
   1.90292    -12.183426  0.456  0.002  0.006  0.000  0.000  0.000  0.000  0.000  0.000  0.464
   1.94771    -12.238448  0.454  0.000  0.006  0.000  0.000  0.000  0.000  0.000  0.000  0.460
   1.99250    -12.281486  0.450  0.000  0.006  0.000  0.000  0.000  0.000  0.000  0.000  0.458
   2.03729    -12.312270  0.450  0.000  0.006  0.000  0.000  0.000  0.000  0.000  0.000  0.456
   2.08209    -12.330614  0.448  0.000  0.006  0.000  0.000  0.000  0.000  0.000  0.000  0.454
   2.12688    -12.336414  0.448  0.000  0.006  0.000  0.000  0.000  0.000  0.000  0.000  0.454
   2.12688    -12.336414  0.448  0.000  0.006  0.000  0.000  0.000  0.000  0.000  0.000  0.454
   2.16569    -12.332115  0.448  0.000  0.006  0.000  0.000  0.000  0.000  0.000  0.000  0.454
   2.20451    -12.318388  0.450  0.000  0.006  0.000  0.000  0.000  0.000  0.000  0.000  0.456
   2.24332    -12.295291  0.450  0.000  0.006  0.000  0.000  0.000  0.000  0.000  0.000  0.456
   2.28213    -12.262923  0.452  0.000  0.006  0.000  0.000  0.000  0.000  0.000  0.000  0.458
   2.32095    -12.221438  0.454  0.002  0.006  0.000  0.000  0.000  0.000  0.000  0.000  0.462
   2.35976    -12.171016  0.456  0.002  0.006  0.000  0.000  0.000  0.000  0.000  0.000  0.464
   2.39858    -12.111907  0.460  0.002  0.006  0.000  0.000  0.000  0.000  0.000  0.000  0.468
   2.43739    -12.044428  0.464  0.002  0.006  0.000  0.000  0.000  0.000  0.000  0.000  0.472
   2.47620    -11.968964  0.470  0.002  0.006  0.000  0.000  0.000  0.000  0.000  0.000  0.478
   2.51502    -11.885969  0.476  0.004  0.006  0.000  0.000  0.000  0.000  0.000  0.000  0.484
   2.55383    -11.796003  0.482  0.004  0.006  0.000  0.000  0.000  0.000  0.000  0.000  0.492
   2.59265    -11.699757  0.490  0.004  0.004  0.000  0.000  0.000  0.000  0.000  0.000  0.500
   2.63146    -11.598073  0.500  0.004  0.004  0.000  0.000  0.000  0.000  0.000  0.000  0.510
   2.67027    -11.491949  0.512  0.004  0.004  0.000  0.000  0.000  0.000  0.000  0.000  0.522
   2.70909    -11.382602  0.526  0.004  0.004  0.000  0.000  0.000  0.000  0.000  0.000  0.536
   2.74790    -11.271519  0.542  0.004  0.004  0.000  0.000  0.000  0.000  0.000  0.000  0.552
   2.78671    -11.160520  0.560  0.004  0.004  0.000  0.000  0.000  0.000  0.000  0.000  0.570
   2.82553    -11.051832  0.582  0.004  0.004  0.000  0.000  0.000  0.000  0.000  0.000  0.590
   2.86434    -10.948126  0.606  0.004  0.004  0.000  0.000  0.000  0.000  0.000  0.000  0.614
 
# Band-Index:   22
   2.86434    -10.948126  0.606  0.004  0.004  0.000  0.000  0.000  0.000  0.000  0.000  0.614
   2.82553    -11.044943  0.586  0.004  0.002  0.000  0.000  0.000  0.000  0.000  0.000  0.594
   2.78671    -11.153392  0.566  0.004  0.004  0.000  0.000  0.000  0.000  0.000  0.000  0.574
   2.74790    -11.264053  0.548  0.004  0.004  0.000  0.000  0.000  0.000  0.000  0.000  0.556
   2.70909    -11.374855  0.532  0.004  0.004  0.000  0.000  0.000  0.000  0.000  0.000  0.540
   2.67027    -11.484043  0.518  0.004  0.004  0.000  0.000  0.000  0.000  0.000  0.000  0.526
   2.63146    -11.590153  0.506  0.004  0.004  0.000  0.000  0.000  0.000  0.000  0.000  0.514
   2.59265    -11.691965  0.496  0.004  0.004  0.000  0.000  0.000  0.000  0.000  0.000  0.504
   2.55383    -11.788471  0.486  0.004  0.004  0.000  0.000  0.000  0.000  0.000  0.000  0.496
   2.51502    -11.878814  0.480  0.002  0.004  0.000  0.000  0.000  0.000  0.000  0.000  0.488
   2.47620    -11.962286  0.472  0.002  0.004  0.000  0.000  0.000  0.000  0.000  0.000  0.480
   2.43739    -12.038313  0.468  0.002  0.004  0.000  0.000  0.000  0.000  0.000  0.000  0.474
   2.39858    -12.106427  0.464  0.002  0.006  0.000  0.000  0.000  0.000  0.000  0.000  0.470
   2.35976    -12.166226  0.460  0.002  0.006  0.000  0.000  0.000  0.000  0.000  0.000  0.466
   2.32095    -12.217384  0.456  0.000  0.006  0.000  0.000  0.000  0.000  0.000  0.000  0.462
   2.28213    -12.259641  0.454  0.000  0.006  0.000  0.000  0.000  0.000  0.000  0.000  0.460
   2.24332    -12.292808  0.452  0.000  0.006  0.000  0.000  0.000  0.000  0.000  0.000  0.458
   2.20451    -12.316723  0.450  0.000  0.006  0.000  0.000  0.000  0.000  0.000  0.000  0.456
   2.16569    -12.331279  0.450  0.000  0.006  0.000  0.000  0.000  0.000  0.000  0.000  0.456
   2.12688    -12.336414  0.448  0.000  0.006  0.000  0.000  0.000  0.000  0.000  0.000  0.454
   2.12688    -12.336414  0.448  0.000  0.006  0.000  0.000  0.000  0.000  0.000  0.000  0.454
   2.08209    -12.329652  0.450  0.000  0.006  0.000  0.000  0.000  0.000  0.000  0.000  0.456
   2.03729    -12.310354  0.450  0.000  0.006  0.000  0.000  0.000  0.000  0.000  0.000  0.456
   1.99250    -12.278635  0.452  0.000  0.006  0.000  0.000  0.000  0.000  0.000  0.000  0.458
   1.94771    -12.234692  0.456  0.000  0.006  0.000  0.000  0.000  0.000  0.000  0.000  0.462
   1.90292    -12.178808  0.458  0.000  0.006  0.000  0.000  0.000  0.000  0.000  0.000  0.466
   1.85813    -12.111359  0.462  0.002  0.006  0.000  0.000  0.000  0.000  0.000  0.000  0.470
   1.81333    -12.032869  0.468  0.002  0.004  0.000  0.000  0.000  0.000  0.000  0.000  0.476
   1.76854    -11.944017  0.474  0.002  0.004  0.000  0.000  0.000  0.000  0.000  0.000  0.482
   1.72375    -11.845668  0.482  0.002  0.004  0.000  0.000  0.000  0.000  0.000  0.000  0.490
   1.67896    -11.738963  0.492  0.002  0.004  0.000  0.000  0.000  0.000  0.000  0.000  0.500
   1.63417    -11.625421  0.502  0.002  0.004  0.000  0.000  0.000  0.000  0.000  0.000  0.512
   1.58937    -11.507048  0.516  0.002  0.004  0.000  0.000  0.000  0.000  0.000  0.000  0.524
   1.54458    -11.386501  0.530  0.004  0.004  0.000  0.000  0.000  0.000  0.000  0.000  0.540
   1.49979    -11.267352  0.548  0.002  0.004  0.000  0.000  0.000  0.000  0.000  0.000  0.556
   1.45500    -11.154386  0.568  0.002  0.004  0.000  0.000  0.000  0.000  0.000  0.000  0.576
   1.41020    -11.053816  0.588  0.002  0.002  0.000  0.000  0.000  0.000  0.000  0.000  0.596
   1.36541    -10.973227  0.608  0.002  0.002  0.000  0.000  0.000  0.000  0.000  0.000  0.614
   1.32062    -10.920729  0.622  0.002  0.002  0.000  0.000  0.000  0.000  0.000  0.000  0.628
   1.27583    -10.902938  0.626  0.002  0.003  0.000  0.000  0.000  0.000  0.000  0.000  0.631
   1.27583    -10.902938  0.625  0.001  0.003  0.000  0.001  0.000  0.000  0.000  0.000  0.632
   1.23104    -10.920729  0.622  0.002  0.002  0.000  0.000  0.000  0.000  0.000  0.000  0.628
   1.18624    -10.973227  0.608  0.002  0.002  0.000  0.000  0.000  0.000  0.000  0.000  0.614
   1.14145    -11.053816  0.588  0.002  0.002  0.000  0.000  0.000  0.000  0.000  0.000  0.596
   1.09666    -11.154386  0.568  0.002  0.004  0.000  0.000  0.000  0.000  0.000  0.000  0.576
   1.05187    -11.267352  0.548  0.002  0.004  0.000  0.000  0.000  0.000  0.000  0.000  0.556
   1.00708    -11.386501  0.530  0.004  0.004  0.000  0.000  0.000  0.000  0.000  0.000  0.540
   0.96228    -11.507048  0.516  0.002  0.004  0.000  0.000  0.000  0.000  0.000  0.000  0.524
   0.91749    -11.625421  0.502  0.002  0.004  0.000  0.000  0.000  0.000  0.000  0.000  0.512
   0.87270    -11.738963  0.492  0.002  0.004  0.000  0.000  0.000  0.000  0.000  0.000  0.500
   0.82791    -11.845668  0.482  0.002  0.004  0.000  0.000  0.000  0.000  0.000  0.000  0.490
   0.78311    -11.944017  0.474  0.002  0.004  0.000  0.000  0.000  0.000  0.000  0.000  0.482
   0.73832    -12.032869  0.468  0.002  0.004  0.000  0.000  0.000  0.000  0.000  0.000  0.476
   0.69353    -12.111359  0.462  0.002  0.006  0.000  0.000  0.000  0.000  0.000  0.000  0.470
   0.64874    -12.178808  0.458  0.000  0.006  0.000  0.000  0.000  0.000  0.000  0.000  0.466
   0.60395    -12.234692  0.456  0.000  0.006  0.000  0.000  0.000  0.000  0.000  0.000  0.462
   0.55915    -12.278635  0.452  0.000  0.006  0.000  0.000  0.000  0.000  0.000  0.000  0.458
   0.51436    -12.310354  0.450  0.000  0.006  0.000  0.000  0.000  0.000  0.000  0.000  0.456
   0.46957    -12.329652  0.450  0.000  0.006  0.000  0.000  0.000  0.000  0.000  0.000  0.456
   0.42478    -12.336414  0.448  0.000  0.006  0.000  0.000  0.000  0.000  0.000  0.000  0.454
   0.42478    -12.336414  0.448  0.000  0.006  0.000  0.000  0.000  0.000  0.000  0.000  0.454
   0.40242    -12.334611  0.448  0.000  0.006  0.000  0.000  0.000  0.000  0.000  0.000  0.454
   0.38006    -12.329679  0.450  0.000  0.006  0.000  0.000  0.000  0.000  0.000  0.000  0.456
   0.35771    -12.321624  0.450  0.000  0.006  0.000  0.000  0.000  0.000  0.000  0.000  0.456
   0.33535    -12.310459  0.450  0.000  0.006  0.000  0.000  0.000  0.000  0.000  0.000  0.456
   0.31299    -12.296200  0.452  0.000  0.006  0.000  0.000  0.000  0.000  0.000  0.000  0.458
   0.29064    -12.278867  0.452  0.000  0.006  0.000  0.000  0.000  0.000  0.000  0.000  0.458
   0.26828    -12.258489  0.454  0.000  0.006  0.000  0.000  0.000  0.000  0.000  0.000  0.460
   0.24592    -12.235102  0.456  0.000  0.006  0.000  0.000  0.000  0.000  0.000  0.000  0.462
   0.22357    -12.208739  0.456  0.000  0.006  0.000  0.000  0.000  0.000  0.000  0.000  0.464
   0.20121    -12.179444  0.458  0.000  0.006  0.000  0.000  0.000  0.000  0.000  0.000  0.466
   0.17885    -12.147269  0.460  0.000  0.006  0.002  0.000  0.000  0.000  0.000  0.000  0.468
   0.15650    -12.112272  0.462  0.000  0.006  0.002  0.000  0.000  0.000  0.000  0.000  0.470
   0.13414    -12.074526  0.466  0.000  0.006  0.002  0.000  0.000  0.000  0.000  0.000  0.472
   0.11178    -12.034107  0.468  0.000  0.004  0.002  0.000  0.000  0.000  0.000  0.000  0.476
   0.08943    -11.991110  0.470  0.000  0.004  0.002  0.000  0.000  0.000  0.000  0.000  0.478
   0.06707    -11.945630  0.474  0.000  0.004  0.002  0.000  0.000  0.000  0.000  0.000  0.482
   0.04471    -11.897784  0.478  0.000  0.004  0.002  0.000  0.000  0.000  0.000  0.000  0.486
   0.02236    -11.847704  0.482  0.000  0.004  0.002  0.000  0.000  0.000  0.000  0.000  0.490
   0.00000    -11.802963  0.482  0.000  0.006  0.004  0.000  0.000  0.000  0.000  0.000  0.492
 
# Band-Index:   23
   0.00000    -11.795541  0.486  0.000  0.004  0.004  0.000  0.000  0.000  0.000  0.000  0.494
   0.02236    -11.749040  0.486  0.000  0.004  0.004  0.000  0.000  0.000  0.000  0.000  0.496
   0.04471    -11.693366  0.492  0.000  0.004  0.004  0.000  0.000  0.000  0.000  0.000  0.502
   0.06707    -11.636169  0.498  0.000  0.004  0.004  0.000  0.000  0.000  0.000  0.000  0.508
   0.08943    -11.577711  0.504  0.000  0.004  0.004  0.000  0.000  0.000  0.000  0.000  0.514
   0.11178    -11.518291  0.510  0.000  0.004  0.004  0.000  0.000  0.000  0.000  0.000  0.520
   0.13414    -11.458261  0.518  0.000  0.004  0.004  0.000  0.000  0.000  0.000  0.000  0.528
   0.15650    -11.398026  0.526  0.000  0.004  0.004  0.000  0.000  0.000  0.000  0.000  0.536
   0.17885    -11.338058  0.534  0.000  0.004  0.004  0.000  0.000  0.000  0.000  0.000  0.544
   0.20121    -11.278910  0.544  0.000  0.004  0.004  0.000  0.000  0.000  0.000  0.000  0.552
   0.22357    -11.221211  0.552  0.000  0.004  0.004  0.000  0.000  0.000  0.000  0.000  0.562
   0.24592    -11.165693  0.562  0.000  0.004  0.004  0.000  0.000  0.000  0.000  0.000  0.572
   0.26828    -11.113173  0.574  0.000  0.004  0.004  0.000  0.000  0.000  0.000  0.000  0.582
   0.29064    -11.064563  0.584  0.000  0.004  0.004  0.000  0.000  0.000  0.000  0.000  0.592
   0.31299    -11.020854  0.594  0.000  0.004  0.004  0.000  0.000  0.000  0.000  0.000  0.602
   0.33535    -10.983080  0.604  0.000  0.004  0.002  0.000  0.000  0.000  0.000  0.000  0.610
   0.35771    -10.952264  0.612  0.000  0.004  0.002  0.000  0.000  0.000  0.000  0.000  0.618
   0.38006    -10.929341  0.618  0.000  0.002  0.002  0.000  0.000  0.000  0.000  0.000  0.626
   0.40242    -10.915077  0.622  0.000  0.002  0.002  0.000  0.000  0.000  0.000  0.000  0.630
   0.42478    -10.909978  0.624  0.000  0.002  0.002  0.000  0.000  0.000  0.000  0.000  0.630
   0.42478    -10.909978  0.624  0.000  0.002  0.002  0.000  0.000  0.000  0.000  0.000  0.630
   0.46957    -10.911733  0.624  0.000  0.002  0.002  0.000  0.000  0.000  0.000  0.000  0.630
   0.51436    -10.915595  0.622  0.000  0.002  0.002  0.000  0.000  0.000  0.000  0.000  0.628
   0.55915    -10.921140  0.620  0.000  0.002  0.002  0.000  0.000  0.000  0.000  0.000  0.626
   0.60395    -10.927749  0.616  0.000  0.004  0.002  0.000  0.000  0.000  0.000  0.000  0.624
   0.64874    -10.934699  0.614  0.000  0.004  0.002  0.000  0.000  0.000  0.000  0.000  0.620
   0.69353    -10.941243  0.610  0.000  0.004  0.002  0.000  0.000  0.000  0.000  0.000  0.618
   0.73832    -10.946687  0.608  0.000  0.004  0.002  0.000  0.000  0.000  0.000  0.000  0.616
   0.78311    -10.950464  0.606  0.000  0.004  0.002  0.000  0.000  0.000  0.000  0.000  0.614
   0.82791    -10.952176  0.606  0.002  0.004  0.002  0.000  0.000  0.000  0.000  0.000  0.614
   0.87270    -10.951623  0.606  0.002  0.004  0.002  0.000  0.000  0.000  0.000  0.000  0.614
   0.91749    -10.948817  0.606  0.002  0.004  0.002  0.000  0.000  0.000  0.000  0.000  0.614
   0.96228    -10.943980  0.608  0.002  0.004  0.002  0.000  0.000  0.000  0.000  0.000  0.616
   1.00708    -10.937533  0.612  0.002  0.004  0.002  0.000  0.000  0.000  0.000  0.000  0.618
   1.05187    -10.930070  0.614  0.002  0.004  0.002  0.000  0.000  0.000  0.000  0.000  0.622
   1.09666    -10.922311  0.618  0.002  0.004  0.002  0.000  0.000  0.000  0.000  0.000  0.624
   1.14145    -10.915032  0.620  0.002  0.002  0.000  0.000  0.000  0.000  0.000  0.000  0.628
   1.18624    -10.908983  0.624  0.002  0.002  0.000  0.000  0.000  0.000  0.000  0.000  0.630
   1.23104    -10.904805  0.624  0.002  0.002  0.000  0.000  0.000  0.000  0.000  0.000  0.630
   1.27583    -10.902938  0.625  0.001  0.003  0.000  0.000  0.000  0.000  0.000  0.000  0.631
   1.27583    -10.902938  0.626  0.001  0.003  0.000  0.001  0.000  0.000  0.000  0.000  0.631
   1.32062    -10.904805  0.624  0.002  0.002  0.000  0.000  0.000  0.000  0.000  0.000  0.630
   1.36541    -10.908983  0.624  0.002  0.002  0.000  0.000  0.000  0.000  0.000  0.000  0.630
   1.41020    -10.915032  0.620  0.002  0.002  0.000  0.000  0.000  0.000  0.000  0.000  0.628
   1.45500    -10.922311  0.618  0.002  0.004  0.002  0.000  0.000  0.000  0.000  0.000  0.624
   1.49979    -10.930070  0.614  0.002  0.004  0.002  0.000  0.000  0.000  0.000  0.000  0.622
   1.54458    -10.937533  0.612  0.002  0.004  0.002  0.000  0.000  0.000  0.000  0.000  0.618
   1.58937    -10.943980  0.608  0.002  0.004  0.002  0.000  0.000  0.000  0.000  0.000  0.616
   1.63417    -10.948817  0.606  0.002  0.004  0.002  0.000  0.000  0.000  0.000  0.000  0.614
   1.67896    -10.951623  0.606  0.002  0.004  0.002  0.000  0.000  0.000  0.000  0.000  0.614
   1.72375    -10.952176  0.606  0.002  0.004  0.002  0.000  0.000  0.000  0.000  0.000  0.614
   1.76854    -10.950464  0.606  0.000  0.004  0.002  0.000  0.000  0.000  0.000  0.000  0.614
   1.81333    -10.946687  0.608  0.000  0.004  0.002  0.000  0.000  0.000  0.000  0.000  0.616
   1.85813    -10.941243  0.610  0.000  0.004  0.002  0.000  0.000  0.000  0.000  0.000  0.618
   1.90292    -10.934699  0.614  0.000  0.004  0.002  0.000  0.000  0.000  0.000  0.000  0.620
   1.94771    -10.927749  0.616  0.000  0.004  0.002  0.000  0.000  0.000  0.000  0.000  0.624
   1.99250    -10.921140  0.620  0.000  0.002  0.002  0.000  0.000  0.000  0.000  0.000  0.626
   2.03729    -10.915595  0.622  0.000  0.002  0.002  0.000  0.000  0.000  0.000  0.000  0.628
   2.08209    -10.911733  0.624  0.000  0.002  0.002  0.000  0.000  0.000  0.000  0.000  0.630
   2.12688    -10.909978  0.624  0.000  0.002  0.002  0.000  0.000  0.000  0.000  0.000  0.630
   2.12688    -10.909978  0.624  0.000  0.002  0.002  0.000  0.000  0.000  0.000  0.000  0.630
   2.16569    -10.906901  0.626  0.000  0.002  0.002  0.000  0.000  0.000  0.000  0.000  0.632
   2.20451    -10.896855  0.628  0.000  0.002  0.002  0.000  0.000  0.000  0.000  0.000  0.634
   2.24332    -10.880101  0.632  0.000  0.002  0.002  0.000  0.000  0.000  0.000  0.000  0.638
   2.28213    -10.857093  0.638  0.000  0.002  0.002  0.000  0.000  0.000  0.000  0.000  0.644
   2.32095    -10.828508  0.646  0.000  0.002  0.002  0.000  0.000  0.000  0.000  0.000  0.652
   2.35976    -10.795283  0.656  0.000  0.002  0.002  0.000  0.000  0.000  0.000  0.000  0.660
   2.39858    -10.758686  0.668  0.000  0.002  0.000  0.000  0.000  0.000  0.000  0.000  0.672
   2.43739    -10.720405  0.680  0.000  0.002  0.000  0.000  0.000  0.000  0.000  0.000  0.684
   2.47620    -10.682636  0.692  0.000  0.002  0.000  0.000  0.000  0.000  0.000  0.000  0.696
   2.51502    -10.648143  0.706  0.000  0.002  0.000  0.000  0.000  0.000  0.000  0.000  0.710
   2.55383    -10.620268  0.718  0.000  0.002  0.000  0.000  0.000  0.000  0.000  0.000  0.720
   2.59265    -10.602789  0.726  0.000  0.002  0.000  0.000  0.000  0.000  0.000  0.000  0.728
   2.63146    -10.599487  0.726  0.000  0.002  0.000  0.000  0.000  0.000  0.000  0.000  0.728
   2.67027    -10.613502  0.720  0.000  0.002  0.000  0.000  0.000  0.000  0.000  0.000  0.722
   2.70909    -10.646587  0.706  0.000  0.002  0.000  0.000  0.000  0.000  0.000  0.000  0.708
   2.74790    -10.698733  0.684  0.002  0.002  0.000  0.000  0.000  0.000  0.000  0.000  0.688
   2.78671    -10.768288  0.660  0.002  0.002  0.000  0.000  0.000  0.000  0.000  0.000  0.664
   2.82553    -10.852504  0.632  0.002  0.002  0.000  0.000  0.000  0.000  0.000  0.000  0.640
   2.86434    -10.941126  0.608  0.004  0.002  0.000  0.000  0.000  0.000  0.000  0.000  0.616
 
# Band-Index:   24
   2.86434    -10.941126  0.608  0.004  0.002  0.000  0.000  0.000  0.000  0.000  0.000  0.616
   2.82553    -10.844771  0.634  0.002  0.002  0.000  0.000  0.000  0.000  0.000  0.000  0.640
   2.78671    -10.759131  0.660  0.002  0.002  0.000  0.000  0.000  0.000  0.000  0.000  0.664
   2.74790    -10.687695  0.684  0.002  0.002  0.000  0.000  0.000  0.000  0.000  0.000  0.690
   2.70909    -10.633634  0.708  0.000  0.002  0.000  0.000  0.000  0.000  0.000  0.000  0.710
   2.67027    -10.599064  0.722  0.000  0.002  0.000  0.000  0.000  0.000  0.000  0.000  0.726
   2.63146    -10.584336  0.730  0.000  0.002  0.000  0.000  0.000  0.000  0.000  0.000  0.732
   2.59265    -10.587801  0.728  0.000  0.002  0.000  0.000  0.000  0.000  0.000  0.000  0.730
   2.55383    -10.606190  0.720  0.000  0.002  0.000  0.000  0.000  0.000  0.000  0.000  0.722
   2.51502    -10.635461  0.708  0.000  0.002  0.000  0.000  0.000  0.000  0.000  0.000  0.710
   2.47620    -10.671580  0.694  0.000  0.002  0.000  0.000  0.000  0.000  0.000  0.000  0.698
   2.43739    -10.711009  0.680  0.000  0.002  0.000  0.000  0.000  0.000  0.000  0.000  0.684
   2.39858    -10.750871  0.666  0.000  0.002  0.002  0.000  0.000  0.000  0.000  0.000  0.672
   2.35976    -10.788917  0.654  0.000  0.002  0.002  0.000  0.000  0.000  0.000  0.000  0.660
   2.32095    -10.823447  0.646  0.000  0.002  0.002  0.000  0.000  0.000  0.000  0.000  0.650
   2.28213    -10.853206  0.638  0.000  0.002  0.002  0.000  0.000  0.000  0.000  0.000  0.644
   2.24332    -10.877279  0.632  0.000  0.002  0.002  0.000  0.000  0.000  0.000  0.000  0.638
   2.20451    -10.895018  0.628  0.000  0.002  0.002  0.000  0.000  0.000  0.000  0.000  0.634
   2.16569    -10.905996  0.626  0.000  0.002  0.002  0.000  0.000  0.000  0.000  0.000  0.632
   2.12688    -10.909978  0.624  0.000  0.002  0.002  0.000  0.000  0.000  0.000  0.000  0.630
   2.12688    -10.909978  0.624  0.000  0.002  0.002  0.000  0.000  0.000  0.000  0.000  0.630
   2.08209    -10.910497  0.624  0.000  0.002  0.002  0.000  0.000  0.000  0.000  0.000  0.630
   2.03729    -10.913173  0.624  0.000  0.002  0.002  0.000  0.000  0.000  0.000  0.000  0.630
   1.99250    -10.917624  0.620  0.000  0.002  0.002  0.000  0.000  0.000  0.000  0.000  0.628
   1.94771    -10.923266  0.618  0.000  0.002  0.002  0.000  0.000  0.000  0.000  0.000  0.624
   1.90292    -10.929398  0.616  0.000  0.002  0.002  0.000  0.000  0.000  0.000  0.000  0.622
   1.85813    -10.935284  0.612  0.000  0.002  0.002  0.000  0.000  0.000  0.000  0.000  0.620
   1.81333    -10.940233  0.610  0.000  0.002  0.002  0.000  0.000  0.000  0.000  0.000  0.618
   1.76854    -10.943680  0.608  0.000  0.002  0.002  0.000  0.000  0.000  0.000  0.000  0.616
   1.72375    -10.945224  0.608  0.002  0.002  0.002  0.000  0.000  0.000  0.000  0.000  0.616
   1.67896    -10.944666  0.608  0.002  0.002  0.002  0.000  0.000  0.000  0.000  0.000  0.616
   1.63417    -10.942016  0.608  0.002  0.002  0.002  0.000  0.000  0.000  0.000  0.000  0.616
   1.58937    -10.937499  0.610  0.002  0.002  0.002  0.000  0.000  0.000  0.000  0.000  0.618
   1.54458    -10.931540  0.612  0.002  0.002  0.002  0.000  0.000  0.000  0.000  0.000  0.620
   1.49979    -10.924731  0.616  0.002  0.002  0.002  0.000  0.000  0.000  0.000  0.000  0.622
   1.45500    -10.917791  0.618  0.002  0.002  0.002  0.000  0.000  0.000  0.000  0.000  0.626
   1.41020    -10.911483  0.622  0.002  0.002  0.000  0.000  0.000  0.000  0.000  0.000  0.628
   1.36541    -10.906536  0.624  0.002  0.002  0.000  0.000  0.000  0.000  0.000  0.000  0.630
   1.32062    -10.903555  0.626  0.002  0.002  0.000  0.000  0.000  0.000  0.000  0.000  0.632
   1.27583    -10.902938  0.626  0.001  0.003  0.000  0.001  0.000  0.000  0.000  0.000  0.631
   1.27583    -10.902938  0.625  0.001  0.003  0.000  0.000  0.000  0.000  0.000  0.000  0.631
   1.23104    -10.903555  0.626  0.002  0.002  0.000  0.000  0.000  0.000  0.000  0.000  0.632
   1.18624    -10.906536  0.624  0.002  0.002  0.000  0.000  0.000  0.000  0.000  0.000  0.630
   1.14145    -10.911483  0.622  0.002  0.002  0.000  0.000  0.000  0.000  0.000  0.000  0.628
   1.09666    -10.917791  0.618  0.002  0.002  0.002  0.000  0.000  0.000  0.000  0.000  0.626
   1.05187    -10.924731  0.616  0.002  0.002  0.002  0.000  0.000  0.000  0.000  0.000  0.622
   1.00708    -10.931540  0.612  0.002  0.002  0.002  0.000  0.000  0.000  0.000  0.000  0.620
   0.96228    -10.937499  0.610  0.002  0.002  0.002  0.000  0.000  0.000  0.000  0.000  0.618
   0.91749    -10.942016  0.608  0.002  0.002  0.002  0.000  0.000  0.000  0.000  0.000  0.616
   0.87270    -10.944666  0.608  0.002  0.002  0.002  0.000  0.000  0.000  0.000  0.000  0.616
   0.82791    -10.945224  0.608  0.002  0.002  0.002  0.000  0.000  0.000  0.000  0.000  0.616
   0.78311    -10.943680  0.608  0.000  0.002  0.002  0.000  0.000  0.000  0.000  0.000  0.616
   0.73832    -10.940233  0.610  0.000  0.002  0.002  0.000  0.000  0.000  0.000  0.000  0.618
   0.69353    -10.935284  0.612  0.000  0.002  0.002  0.000  0.000  0.000  0.000  0.000  0.620
   0.64874    -10.929398  0.616  0.000  0.002  0.002  0.000  0.000  0.000  0.000  0.000  0.622
   0.60395    -10.923266  0.618  0.000  0.002  0.002  0.000  0.000  0.000  0.000  0.000  0.624
   0.55915    -10.917624  0.620  0.000  0.002  0.002  0.000  0.000  0.000  0.000  0.000  0.628
   0.51436    -10.913173  0.624  0.000  0.002  0.002  0.000  0.000  0.000  0.000  0.000  0.630
   0.46957    -10.910497  0.624  0.000  0.002  0.002  0.000  0.000  0.000  0.000  0.000  0.630
   0.42478    -10.909978  0.624  0.000  0.002  0.002  0.000  0.000  0.000  0.000  0.000  0.630
   0.42478    -10.909978  0.624  0.000  0.002  0.002  0.000  0.000  0.000  0.000  0.000  0.630
   0.40242    -10.914221  0.624  0.000  0.002  0.002  0.000  0.000  0.000  0.000  0.000  0.630
   0.38006    -10.927642  0.620  0.000  0.002  0.002  0.000  0.000  0.000  0.000  0.000  0.626
   0.35771    -10.949745  0.614  0.000  0.002  0.002  0.000  0.000  0.000  0.000  0.000  0.620
   0.33535    -10.979779  0.606  0.000  0.002  0.002  0.000  0.000  0.000  0.000  0.000  0.614
   0.31299    -11.016817  0.598  0.000  0.002  0.002  0.000  0.000  0.000  0.000  0.000  0.604
   0.29064    -11.059847  0.588  0.000  0.002  0.002  0.000  0.000  0.000  0.000  0.000  0.596
   0.26828    -11.107840  0.578  0.000  0.004  0.004  0.000  0.000  0.000  0.000  0.000  0.586
   0.24592    -11.159812  0.568  0.000  0.004  0.004  0.000  0.000  0.000  0.000  0.000  0.576
   0.22357    -11.214853  0.558  0.000  0.004  0.004  0.000  0.000  0.000  0.000  0.000  0.566
   0.20121    -11.272148  0.548  0.000  0.004  0.004  0.000  0.000  0.000  0.000  0.000  0.556
   0.17885    -11.330966  0.540  0.000  0.004  0.004  0.000  0.000  0.000  0.000  0.000  0.548
   0.15650    -11.390675  0.530  0.000  0.004  0.004  0.000  0.000  0.000  0.000  0.000  0.540
   0.13414    -11.450720  0.522  0.000  0.004  0.004  0.000  0.000  0.000  0.000  0.000  0.532
   0.11178    -11.510626  0.516  0.000  0.004  0.004  0.000  0.000  0.000  0.000  0.000  0.524
   0.08943    -11.569986  0.508  0.000  0.004  0.004  0.000  0.000  0.000  0.000  0.000  0.518
   0.06707    -11.628442  0.502  0.000  0.004  0.004  0.000  0.000  0.000  0.000  0.000  0.510
   0.04471    -11.685691  0.496  0.000  0.004  0.004  0.000  0.000  0.000  0.000  0.000  0.506
   0.02236    -11.741469  0.492  0.000  0.004  0.004  0.000  0.000  0.000  0.000  0.000  0.500
   0.00000    -11.795541  0.486  0.000  0.004  0.004  0.000  0.000  0.000  0.000  0.000  0.494
 
# Band-Index:   25
   0.00000     -7.970194  0.244  0.000  0.012  0.012  0.000  0.000  0.000  0.002  0.000  0.274
   0.02236     -8.008944  0.240  0.000  0.012  0.014  0.000  0.000  0.000  0.002  0.000  0.270
   0.04471     -8.051104  0.236  0.000  0.010  0.016  0.000  0.000  0.000  0.002  0.002  0.266
   0.06707     -8.096545  0.232  0.000  0.010  0.016  0.000  0.000  0.000  0.002  0.002  0.262
   0.08943     -8.145046  0.226  0.000  0.008  0.018  0.000  0.000  0.000  0.002  0.002  0.256
   0.11178     -8.196285  0.218  0.000  0.008  0.020  0.000  0.000  0.000  0.004  0.002  0.252
   0.13414     -8.249838  0.212  0.000  0.006  0.022  0.000  0.000  0.000  0.004  0.002  0.244
   0.15650     -8.305178  0.202  0.000  0.006  0.024  0.000  0.000  0.000  0.004  0.002  0.238
   0.17885     -8.361660  0.194  0.000  0.004  0.026  0.000  0.000  0.000  0.004  0.002  0.230
   0.20121     -8.418537  0.184  0.000  0.004  0.028  0.000  0.000  0.000  0.004  0.002  0.220
   0.22357     -8.474958  0.172  0.000  0.004  0.028  0.000  0.000  0.000  0.004  0.002  0.212
   0.24592     -8.529958  0.162  0.000  0.004  0.030  0.000  0.000  0.000  0.004  0.002  0.202
   0.26828     -8.582472  0.150  0.000  0.002  0.032  0.000  0.000  0.000  0.004  0.002  0.192
   0.29064     -8.631354  0.138  0.000  0.002  0.034  0.000  0.000  0.000  0.004  0.002  0.180
   0.31299     -8.675396  0.128  0.000  0.002  0.034  0.000  0.000  0.000  0.004  0.002  0.170
   0.33535     -8.713366  0.118  0.000  0.002  0.036  0.000  0.000  0.000  0.004  0.002  0.162
   0.35771     -8.744068  0.108  0.000  0.002  0.036  0.000  0.000  0.000  0.004  0.002  0.154
   0.38006     -8.766430  0.100  0.000  0.002  0.038  0.000  0.000  0.000  0.004  0.002  0.146
   0.40242     -8.779587  0.096  0.000  0.002  0.038  0.000  0.000  0.000  0.004  0.002  0.142
   0.42478     -8.782973  0.094  0.000  0.002  0.038  0.000  0.000  0.000  0.004  0.002  0.140
   0.42478     -8.782973  0.094  0.000  0.002  0.038  0.000  0.000  0.000  0.004  0.002  0.140
   0.46957     -8.784300  0.096  0.000  0.002  0.038  0.000  0.000  0.000  0.004  0.002  0.142
   0.51436     -8.779102  0.098  0.002  0.002  0.038  0.000  0.000  0.000  0.004  0.002  0.144
   0.55915     -8.768324  0.102  0.002  0.002  0.036  0.000  0.000  0.000  0.004  0.002  0.148
   0.60395     -8.753470  0.108  0.002  0.002  0.034  0.000  0.000  0.000  0.004  0.002  0.152
   0.64874     -8.736443  0.112  0.004  0.002  0.032  0.000  0.000  0.000  0.004  0.002  0.156
   0.69353     -8.719341  0.118  0.006  0.002  0.030  0.000  0.000  0.000  0.004  0.002  0.160
   0.73832     -8.704226  0.122  0.008  0.002  0.028  0.000  0.000  0.000  0.004  0.002  0.164
   0.78311     -8.692906  0.124  0.010  0.002  0.024  0.000  0.002  0.000  0.004  0.002  0.166
   0.82791     -8.686731  0.126  0.012  0.002  0.022  0.000  0.002  0.000  0.002  0.002  0.168
   0.87270     -8.686426  0.126  0.014  0.002  0.020  0.000  0.002  0.000  0.002  0.002  0.168
   0.91749     -8.692011  0.124  0.016  0.002  0.018  0.002  0.002  0.000  0.002  0.002  0.166
   0.96228     -8.702795  0.122  0.018  0.002  0.016  0.002  0.002  0.000  0.002  0.002  0.164
   1.00708     -8.717454  0.118  0.022  0.002  0.014  0.002  0.002  0.000  0.002  0.002  0.160
   1.05187     -8.734192  0.112  0.024  0.002  0.012  0.002  0.002  0.000  0.002  0.000  0.156
   1.09666     -8.750947  0.106  0.026  0.002  0.012  0.002  0.004  0.000  0.002  0.000  0.152
   1.14145     -8.765610  0.102  0.026  0.002  0.012  0.002  0.004  0.000  0.002  0.000  0.148
   1.18624     -8.776258  0.098  0.028  0.002  0.010  0.002  0.004  0.000  0.002  0.000  0.144
   1.23104     -8.781372  0.094  0.028  0.002  0.010  0.002  0.004  0.000  0.002  0.000  0.142
   1.27583     -8.779994  0.094  0.029  0.001  0.010  0.001  0.004  0.000  0.001  0.000  0.139
   1.27583     -8.779994  0.093  0.029  0.001  0.010  0.001  0.003  0.000  0.001  0.000  0.139
   1.32062     -8.781372  0.094  0.028  0.002  0.010  0.002  0.004  0.000  0.002  0.000  0.142
   1.36541     -8.776258  0.098  0.028  0.002  0.010  0.002  0.004  0.000  0.002  0.000  0.144
   1.41020     -8.765610  0.102  0.026  0.002  0.012  0.002  0.004  0.000  0.002  0.000  0.148
   1.45500     -8.750947  0.106  0.026  0.002  0.012  0.002  0.004  0.000  0.002  0.000  0.152
   1.49979     -8.734192  0.112  0.024  0.002  0.012  0.002  0.002  0.000  0.002  0.000  0.156
   1.54458     -8.717454  0.118  0.022  0.002  0.014  0.002  0.002  0.000  0.002  0.002  0.160
   1.58937     -8.702795  0.122  0.018  0.002  0.016  0.002  0.002  0.000  0.002  0.002  0.164
   1.63417     -8.692011  0.124  0.016  0.002  0.018  0.002  0.002  0.000  0.002  0.002  0.166
   1.67896     -8.686426  0.126  0.014  0.002  0.020  0.000  0.002  0.000  0.002  0.002  0.168
   1.72375     -8.686731  0.126  0.012  0.002  0.022  0.000  0.002  0.000  0.002  0.002  0.168
   1.76854     -8.692906  0.124  0.010  0.002  0.024  0.000  0.002  0.000  0.004  0.002  0.166
   1.81333     -8.704226  0.122  0.008  0.002  0.028  0.000  0.000  0.000  0.004  0.002  0.164
   1.85813     -8.719341  0.118  0.006  0.002  0.030  0.000  0.000  0.000  0.004  0.002  0.160
   1.90292     -8.736443  0.112  0.004  0.002  0.032  0.000  0.000  0.000  0.004  0.002  0.156
   1.94771     -8.753470  0.108  0.002  0.002  0.034  0.000  0.000  0.000  0.004  0.002  0.152
   1.99250     -8.768324  0.102  0.002  0.002  0.036  0.000  0.000  0.000  0.004  0.002  0.148
   2.03729     -8.779102  0.098  0.002  0.002  0.038  0.000  0.000  0.000  0.004  0.002  0.144
   2.08209     -8.784300  0.096  0.000  0.002  0.038  0.000  0.000  0.000  0.004  0.002  0.142
   2.12688     -8.782973  0.094  0.000  0.002  0.038  0.000  0.000  0.000  0.004  0.002  0.140
   2.12688     -8.782973  0.094  0.000  0.002  0.038  0.000  0.000  0.000  0.004  0.002  0.140
   2.16569     -8.789009  0.094  0.000  0.002  0.038  0.000  0.000  0.000  0.004  0.002  0.140
   2.20451     -8.798228  0.092  0.002  0.002  0.038  0.000  0.000  0.000  0.004  0.002  0.138
   2.24332     -8.810740  0.090  0.002  0.002  0.038  0.000  0.000  0.000  0.004  0.002  0.136
   2.28213     -8.826690  0.084  0.004  0.002  0.036  0.000  0.000  0.000  0.004  0.002  0.132
   2.32095     -8.846187  0.078  0.004  0.000  0.036  0.000  0.000  0.000  0.004  0.002  0.126
   2.35976     -8.869189  0.070  0.006  0.000  0.034  0.000  0.000  0.000  0.004  0.002  0.118
   2.39858     -8.895369  0.060  0.008  0.000  0.032  0.000  0.000  0.000  0.004  0.002  0.108
   2.43739     -8.923929  0.048  0.010  0.000  0.030  0.002  0.002  0.000  0.004  0.002  0.098
   2.47620     -8.953423  0.036  0.012  0.000  0.028  0.002  0.002  0.000  0.004  0.002  0.086
   2.51502     -8.981565  0.022  0.014  0.000  0.026  0.002  0.002  0.000  0.004  0.002  0.072
   2.55383     -9.005176  0.010  0.016  0.000  0.024  0.002  0.002  0.000  0.002  0.002  0.062
   2.59265     -9.020319  0.002  0.020  0.000  0.022  0.002  0.002  0.000  0.002  0.002  0.054
   2.63146     -9.022797  0.000  0.022  0.000  0.020  0.002  0.002  0.000  0.002  0.002  0.052
   2.67027     -9.009006  0.008  0.024  0.000  0.018  0.002  0.002  0.000  0.002  0.002  0.058
   2.70909     -8.976828  0.024  0.024  0.000  0.016  0.002  0.004  0.000  0.002  0.002  0.074
   2.74790     -8.926147  0.046  0.026  0.000  0.014  0.002  0.004  0.000  0.002  0.002  0.094
   2.78671     -8.858679  0.072  0.026  0.000  0.012  0.002  0.004  0.000  0.002  0.000  0.118
   2.82553     -8.777386  0.100  0.026  0.002  0.010  0.002  0.004  0.000  0.002  0.000  0.144
   2.86434     -8.685788  0.126  0.024  0.002  0.010  0.002  0.004  0.000  0.000  0.000  0.168
 
# Band-Index:   26
   2.86434     -8.685788  0.126  0.024  0.002  0.010  0.002  0.004  0.000  0.000  0.000  0.168
   2.82553     -8.711816  0.092  0.022  0.000  0.008  0.002  0.004  0.000  0.002  0.000  0.130
   2.78671     -8.788442  0.066  0.022  0.000  0.008  0.002  0.004  0.000  0.002  0.000  0.106
   2.74790     -8.851237  0.042  0.022  0.000  0.010  0.002  0.004  0.000  0.002  0.002  0.082
   2.70909     -8.897775  0.022  0.022  0.000  0.012  0.002  0.004  0.000  0.002  0.002  0.062
   2.67027     -8.926914  0.006  0.020  0.000  0.014  0.002  0.004  0.000  0.002  0.002  0.050
   2.63146     -8.939243  0.000  0.018  0.000  0.016  0.002  0.002  0.000  0.002  0.002  0.044
   2.59265     -8.937112  0.002  0.016  0.000  0.018  0.002  0.002  0.000  0.002  0.002  0.044
   2.55383     -8.924096  0.010  0.012  0.000  0.020  0.002  0.002  0.000  0.004  0.002  0.052
   2.51502     -8.904192  0.020  0.010  0.000  0.024  0.002  0.002  0.000  0.004  0.002  0.062
   2.47620     -8.881076  0.032  0.008  0.000  0.026  0.002  0.002  0.000  0.004  0.002  0.074
   2.43739     -8.857677  0.046  0.006  0.000  0.028  0.000  0.002  0.000  0.004  0.002  0.088
   2.39858     -8.836055  0.056  0.004  0.000  0.030  0.000  0.000  0.000  0.004  0.002  0.098
   2.35976     -8.817463  0.066  0.002  0.000  0.032  0.000  0.000  0.000  0.004  0.002  0.110
   2.32095     -8.802532  0.074  0.002  0.000  0.034  0.000  0.000  0.000  0.004  0.002  0.118
   2.28213     -8.791451  0.082  0.000  0.000  0.036  0.000  0.000  0.000  0.004  0.002  0.126
   2.24332     -8.784148  0.086  0.000  0.000  0.036  0.000  0.000  0.000  0.004  0.002  0.132
   2.20451     -8.780431  0.090  0.000  0.000  0.038  0.000  0.000  0.000  0.004  0.002  0.136
   2.16569     -8.780091  0.092  0.000  0.002  0.038  0.000  0.000  0.000  0.004  0.002  0.138
   2.12688     -8.782973  0.094  0.000  0.002  0.038  0.000  0.000  0.000  0.004  0.002  0.140
   2.12688     -8.782973  0.094  0.000  0.002  0.038  0.000  0.000  0.000  0.004  0.002  0.140
   2.08209     -8.774849  0.094  0.000  0.002  0.038  0.000  0.000  0.000  0.004  0.002  0.140
   2.03729     -8.760369  0.096  0.000  0.000  0.036  0.000  0.000  0.000  0.004  0.002  0.140
   1.99250     -8.740660  0.098  0.000  0.000  0.034  0.000  0.000  0.000  0.004  0.002  0.142
   1.94771     -8.717426  0.102  0.002  0.000  0.032  0.000  0.000  0.000  0.004  0.002  0.144
   1.90292     -8.692804  0.106  0.002  0.000  0.030  0.000  0.000  0.000  0.004  0.002  0.146
   1.85813     -8.669147  0.112  0.004  0.000  0.028  0.000  0.000  0.000  0.004  0.002  0.150
   1.81333     -8.648787  0.114  0.004  0.000  0.024  0.000  0.000  0.000  0.004  0.002  0.152
   1.76854     -8.633783  0.118  0.006  0.000  0.022  0.000  0.002  0.000  0.004  0.002  0.154
   1.72375     -8.625689  0.118  0.008  0.000  0.020  0.000  0.002  0.000  0.004  0.002  0.154
   1.67896     -8.625344  0.118  0.012  0.000  0.016  0.000  0.002  0.000  0.002  0.002  0.154
   1.63417     -8.632771  0.118  0.014  0.000  0.014  0.000  0.002  0.000  0.002  0.002  0.154
   1.58937     -8.647178  0.114  0.016  0.000  0.012  0.002  0.002  0.000  0.002  0.002  0.152
   1.54458     -8.667043  0.110  0.020  0.000  0.012  0.002  0.002  0.000  0.002  0.002  0.150
   1.49979     -8.690322  0.106  0.022  0.000  0.010  0.002  0.002  0.000  0.002  0.000  0.146
   1.45500     -8.714683  0.102  0.024  0.000  0.010  0.002  0.004  0.000  0.002  0.000  0.144
   1.41020     -8.737758  0.098  0.026  0.000  0.010  0.002  0.004  0.000  0.002  0.000  0.142
   1.36541     -8.757390  0.096  0.028  0.000  0.010  0.002  0.004  0.000  0.002  0.000  0.140
   1.32062     -8.771850  0.094  0.028  0.002  0.010  0.002  0.004  0.000  0.002  0.000  0.138
   1.27583     -8.779994  0.093  0.029  0.001  0.010  0.001  0.003  0.000  0.001  0.000  0.139
   1.27583     -8.779994  0.094  0.029  0.001  0.010  0.001  0.004  0.000  0.001  0.000  0.139
   1.23104     -8.771850  0.094  0.028  0.002  0.010  0.002  0.004  0.000  0.002  0.000  0.138
   1.18624     -8.757390  0.096  0.028  0.000  0.010  0.002  0.004  0.000  0.002  0.000  0.140
   1.14145     -8.737758  0.098  0.026  0.000  0.010  0.002  0.004  0.000  0.002  0.000  0.142
   1.09666     -8.714683  0.102  0.024  0.000  0.010  0.002  0.004  0.000  0.002  0.000  0.144
   1.05187     -8.690322  0.106  0.022  0.000  0.010  0.002  0.002  0.000  0.002  0.000  0.146
   1.00708     -8.667043  0.110  0.020  0.000  0.012  0.002  0.002  0.000  0.002  0.002  0.150
   0.96228     -8.647178  0.114  0.016  0.000  0.012  0.002  0.002  0.000  0.002  0.002  0.152
   0.91749     -8.632771  0.118  0.014  0.000  0.014  0.000  0.002  0.000  0.002  0.002  0.154
   0.87270     -8.625344  0.118  0.012  0.000  0.016  0.000  0.002  0.000  0.002  0.002  0.154
   0.82791     -8.625689  0.118  0.008  0.000  0.020  0.000  0.002  0.000  0.004  0.002  0.154
   0.78311     -8.633783  0.118  0.006  0.000  0.022  0.000  0.002  0.000  0.004  0.002  0.154
   0.73832     -8.648787  0.114  0.004  0.000  0.024  0.000  0.000  0.000  0.004  0.002  0.152
   0.69353     -8.669147  0.112  0.004  0.000  0.028  0.000  0.000  0.000  0.004  0.002  0.150
   0.64874     -8.692804  0.106  0.002  0.000  0.030  0.000  0.000  0.000  0.004  0.002  0.146
   0.60395     -8.717426  0.102  0.002  0.000  0.032  0.000  0.000  0.000  0.004  0.002  0.144
   0.55915     -8.740660  0.098  0.000  0.000  0.034  0.000  0.000  0.000  0.004  0.002  0.142
   0.51436     -8.760369  0.096  0.000  0.000  0.036  0.000  0.000  0.000  0.004  0.002  0.140
   0.46957     -8.774849  0.094  0.000  0.002  0.038  0.000  0.000  0.000  0.004  0.002  0.140
   0.42478     -8.782973  0.094  0.000  0.002  0.038  0.000  0.000  0.000  0.004  0.002  0.140
   0.42478     -8.782973  0.094  0.000  0.002  0.038  0.000  0.000  0.000  0.004  0.002  0.140
   0.40242     -8.776389  0.094  0.000  0.002  0.038  0.000  0.000  0.000  0.004  0.002  0.140
   0.38006     -8.760028  0.098  0.000  0.000  0.038  0.000  0.000  0.000  0.004  0.002  0.144
   0.35771     -8.734452  0.104  0.000  0.000  0.036  0.000  0.000  0.000  0.004  0.002  0.148
   0.33535     -8.700521  0.112  0.000  0.002  0.036  0.000  0.000  0.000  0.004  0.002  0.156
   0.31299     -8.659312  0.122  0.000  0.002  0.034  0.000  0.000  0.000  0.004  0.002  0.164
   0.29064     -8.612030  0.132  0.000  0.002  0.032  0.000  0.000  0.000  0.004  0.002  0.172
   0.26828     -8.559924  0.144  0.000  0.002  0.032  0.000  0.000  0.000  0.004  0.002  0.182
   0.24592     -8.504227  0.154  0.000  0.002  0.030  0.000  0.000  0.000  0.004  0.002  0.192
   0.22357     -8.446118  0.166  0.000  0.002  0.028  0.000  0.000  0.000  0.004  0.002  0.200
   0.20121     -8.386703  0.176  0.000  0.002  0.026  0.000  0.000  0.000  0.004  0.002  0.210
   0.17885     -8.326992  0.186  0.000  0.002  0.024  0.000  0.000  0.000  0.004  0.002  0.218
   0.15650     -8.267886  0.194  0.000  0.004  0.022  0.000  0.000  0.000  0.004  0.002  0.226
   0.13414     -8.210184  0.202  0.000  0.004  0.020  0.000  0.000  0.000  0.004  0.002  0.232
   0.11178     -8.154581  0.210  0.000  0.006  0.018  0.000  0.000  0.000  0.004  0.002  0.238
   0.08943     -8.101650  0.218  0.000  0.006  0.016  0.000  0.000  0.000  0.002  0.002  0.244
   0.06707     -8.051851  0.224  0.000  0.006  0.014  0.000  0.000  0.000  0.002  0.002  0.248
   0.04471     -8.005534  0.228  0.000  0.008  0.012  0.000  0.000  0.000  0.002  0.002  0.254
   0.02236     -7.962933  0.234  0.000  0.010  0.012  0.000  0.000  0.000  0.002  0.000  0.258
   0.00000     -7.970194  0.244  0.000  0.012  0.012  0.000  0.000  0.000  0.002  0.000  0.274
 
# Band-Index:   27
   0.00000     -7.924183  0.238  0.000  0.010  0.010  0.000  0.000  0.000  0.002  0.000  0.260
   0.02236     -7.934897  0.248  0.000  0.014  0.010  0.000  0.000  0.000  0.002  0.000  0.276
   0.04471     -7.903026  0.250  0.000  0.016  0.010  0.000  0.000  0.000  0.002  0.000  0.278
   0.06707     -7.874489  0.252  0.000  0.016  0.008  0.000  0.000  0.000  0.002  0.000  0.280
   0.08943     -7.849140  0.254  0.000  0.018  0.008  0.000  0.000  0.000  0.002  0.000  0.280
   0.11178     -7.826795  0.254  0.000  0.018  0.006  0.000  0.000  0.000  0.002  0.000  0.282
   0.13414     -7.807241  0.254  0.000  0.020  0.006  0.000  0.000  0.000  0.002  0.000  0.282
   0.15650     -7.790245  0.254  0.000  0.020  0.004  0.000  0.000  0.000  0.000  0.000  0.282
   0.17885     -7.775567  0.254  0.000  0.022  0.004  0.000  0.000  0.000  0.000  0.000  0.282
   0.20121     -7.762967  0.254  0.000  0.022  0.004  0.000  0.000  0.000  0.000  0.000  0.282
   0.22357     -7.752208  0.254  0.000  0.024  0.002  0.000  0.000  0.000  0.000  0.000  0.282
   0.24592     -7.743067  0.254  0.000  0.024  0.002  0.000  0.000  0.000  0.000  0.000  0.282
   0.26828     -7.735334  0.254  0.000  0.024  0.002  0.000  0.000  0.000  0.000  0.000  0.282
   0.29064     -7.728821  0.254  0.000  0.026  0.002  0.000  0.000  0.000  0.000  0.000  0.280
   0.31299     -7.723359  0.252  0.000  0.026  0.002  0.000  0.000  0.000  0.000  0.000  0.280
   0.33535     -7.718805  0.252  0.000  0.026  0.000  0.000  0.000  0.000  0.000  0.000  0.280
   0.35771     -7.715042  0.252  0.000  0.026  0.000  0.000  0.000  0.000  0.000  0.000  0.280
   0.38006     -7.711975  0.252  0.000  0.026  0.000  0.000  0.000  0.000  0.000  0.000  0.278
   0.40242     -7.709536  0.252  0.000  0.026  0.000  0.000  0.000  0.000  0.000  0.000  0.278
   0.42478     -7.707686  0.252  0.000  0.026  0.000  0.000  0.000  0.000  0.000  0.000  0.278
   0.42478     -7.707686  0.252  0.000  0.026  0.000  0.000  0.000  0.000  0.000  0.000  0.278
   0.46957     -7.711926  0.252  0.000  0.026  0.000  0.000  0.000  0.000  0.000  0.000  0.278
   0.51436     -7.718632  0.252  0.000  0.026  0.000  0.000  0.000  0.000  0.000  0.000  0.280
   0.55915     -7.728450  0.254  0.002  0.026  0.000  0.000  0.000  0.000  0.000  0.000  0.280
   0.60395     -7.742427  0.254  0.002  0.024  0.000  0.000  0.000  0.000  0.000  0.000  0.282
   0.64874     -7.761993  0.254  0.002  0.022  0.002  0.000  0.000  0.000  0.000  0.000  0.282
   0.69353     -7.788878  0.254  0.004  0.020  0.002  0.000  0.000  0.000  0.000  0.000  0.282
   0.73832     -7.824992  0.254  0.004  0.018  0.002  0.000  0.000  0.000  0.000  0.000  0.282
   0.78311     -7.872225  0.252  0.006  0.016  0.002  0.000  0.002  0.000  0.000  0.000  0.280
   0.82791     -7.932172  0.248  0.008  0.014  0.002  0.000  0.002  0.000  0.000  0.000  0.276
   0.87270     -8.005795  0.242  0.010  0.012  0.004  0.000  0.002  0.000  0.000  0.000  0.270
   0.91749     -8.093041  0.232  0.012  0.010  0.004  0.000  0.002  0.000  0.000  0.000  0.262
   0.96228     -8.192527  0.218  0.016  0.008  0.006  0.000  0.002  0.000  0.000  0.000  0.252
   1.00708     -8.301293  0.202  0.018  0.006  0.006  0.002  0.002  0.000  0.000  0.000  0.238
   1.05187     -8.414660  0.184  0.020  0.004  0.008  0.002  0.002  0.000  0.000  0.000  0.220
   1.09666     -8.526214  0.162  0.022  0.004  0.008  0.002  0.004  0.000  0.002  0.000  0.202
   1.14145     -8.627837  0.138  0.026  0.002  0.008  0.002  0.004  0.000  0.002  0.000  0.180
   1.18624     -8.710106  0.116  0.028  0.002  0.010  0.002  0.004  0.000  0.002  0.000  0.160
   1.23104     -8.763376  0.100  0.028  0.002  0.010  0.002  0.004  0.000  0.002  0.000  0.146
   1.27583     -8.779994  0.094  0.029  0.001  0.010  0.001  0.004  0.000  0.001  0.000  0.140
   1.27583     -8.779994  0.094  0.028  0.001  0.010  0.001  0.004  0.000  0.001  0.000  0.140
   1.32062     -8.763376  0.100  0.028  0.002  0.010  0.002  0.004  0.000  0.002  0.000  0.146
   1.36541     -8.710106  0.116  0.028  0.002  0.010  0.002  0.004  0.000  0.002  0.000  0.160
   1.41020     -8.627837  0.138  0.026  0.002  0.008  0.002  0.004  0.000  0.002  0.000  0.180
   1.45500     -8.526214  0.162  0.022  0.004  0.008  0.002  0.004  0.000  0.002  0.000  0.202
   1.49979     -8.414660  0.184  0.020  0.004  0.008  0.002  0.002  0.000  0.000  0.000  0.220
   1.54458     -8.301293  0.202  0.018  0.006  0.006  0.002  0.002  0.000  0.000  0.000  0.238
   1.58937     -8.192527  0.218  0.016  0.008  0.006  0.000  0.002  0.000  0.000  0.000  0.252
   1.63417     -8.093041  0.232  0.012  0.010  0.004  0.000  0.002  0.000  0.000  0.000  0.262
   1.67896     -8.005795  0.242  0.010  0.012  0.004  0.000  0.002  0.000  0.000  0.000  0.270
   1.72375     -7.932172  0.248  0.008  0.014  0.002  0.000  0.002  0.000  0.000  0.000  0.276
   1.76854     -7.872225  0.252  0.006  0.016  0.002  0.000  0.002  0.000  0.000  0.000  0.280
   1.81333     -7.824992  0.254  0.004  0.018  0.002  0.000  0.000  0.000  0.000  0.000  0.282
   1.85813     -7.788878  0.254  0.004  0.020  0.002  0.000  0.000  0.000  0.000  0.000  0.282
   1.90292     -7.761993  0.254  0.002  0.022  0.002  0.000  0.000  0.000  0.000  0.000  0.282
   1.94771     -7.742427  0.254  0.002  0.024  0.000  0.000  0.000  0.000  0.000  0.000  0.282
   1.99250     -7.728450  0.254  0.002  0.026  0.000  0.000  0.000  0.000  0.000  0.000  0.280
   2.03729     -7.718632  0.252  0.000  0.026  0.000  0.000  0.000  0.000  0.000  0.000  0.280
   2.08209     -7.711926  0.252  0.000  0.026  0.000  0.000  0.000  0.000  0.000  0.000  0.278
   2.12688     -7.707686  0.252  0.000  0.026  0.000  0.000  0.000  0.000  0.000  0.000  0.278
   2.12688     -7.707686  0.252  0.000  0.026  0.000  0.000  0.000  0.000  0.000  0.000  0.278
   2.16569     -7.711211  0.252  0.000  0.026  0.000  0.000  0.000  0.000  0.000  0.000  0.278
   2.20451     -7.716521  0.252  0.000  0.026  0.000  0.000  0.000  0.000  0.000  0.000  0.280
   2.24332     -7.723982  0.254  0.002  0.026  0.000  0.000  0.000  0.000  0.000  0.000  0.280
   2.28213     -7.734184  0.254  0.002  0.024  0.000  0.000  0.000  0.000  0.000  0.000  0.282
   2.32095     -7.747934  0.254  0.002  0.024  0.000  0.000  0.000  0.000  0.000  0.000  0.282
   2.35976     -7.766216  0.254  0.004  0.022  0.000  0.000  0.000  0.000  0.000  0.000  0.282
   2.39858     -7.790149  0.254  0.004  0.020  0.000  0.000  0.000  0.000  0.000  0.000  0.282
   2.43739     -7.820906  0.254  0.006  0.018  0.000  0.000  0.002  0.000  0.000  0.000  0.282
   2.47620     -7.859620  0.252  0.008  0.016  0.000  0.000  0.002  0.000  0.000  0.000  0.280
   2.51502     -7.907260  0.250  0.008  0.014  0.002  0.000  0.002  0.000  0.000  0.000  0.278
   2.55383     -7.964494  0.246  0.010  0.012  0.002  0.000  0.002  0.000  0.000  0.000  0.274
   2.59265     -8.031582  0.238  0.012  0.010  0.002  0.002  0.002  0.000  0.000  0.000  0.268
   2.63146     -8.108275  0.230  0.014  0.008  0.002  0.002  0.002  0.000  0.000  0.000  0.260
   2.67027     -8.193748  0.220  0.016  0.008  0.004  0.002  0.002  0.000  0.000  0.000  0.252
   2.70909     -8.286608  0.206  0.018  0.006  0.004  0.002  0.002  0.000  0.000  0.000  0.240
   2.74790     -8.384897  0.190  0.020  0.004  0.006  0.002  0.004  0.000  0.000  0.000  0.226
   2.78671     -8.486168  0.172  0.022  0.004  0.006  0.002  0.004  0.000  0.000  0.000  0.210
   2.82553     -8.587543  0.150  0.024  0.002  0.008  0.002  0.004  0.000  0.000  0.000  0.190
   2.86434     -8.624468  0.118  0.022  0.000  0.006  0.002  0.004  0.000  0.002  0.000  0.154
 
# Band-Index:   28
   2.86434     -8.624468  0.118  0.022  0.000  0.006  0.002  0.004  0.000  0.002  0.000  0.154
   2.82553     -8.529780  0.142  0.022  0.002  0.004  0.002  0.004  0.000  0.000  0.000  0.176
   2.78671     -8.431125  0.164  0.020  0.002  0.004  0.002  0.004  0.000  0.000  0.000  0.196
   2.74790     -8.331726  0.182  0.018  0.002  0.004  0.002  0.004  0.000  0.000  0.000  0.212
   2.70909     -8.234602  0.198  0.016  0.004  0.002  0.002  0.004  0.000  0.000  0.000  0.226
   2.67027     -8.142463  0.212  0.014  0.006  0.002  0.002  0.002  0.000  0.000  0.000  0.238
   2.63146     -8.057608  0.222  0.012  0.006  0.002  0.002  0.002  0.000  0.000  0.000  0.246
   2.59265     -7.981775  0.232  0.010  0.008  0.002  0.002  0.002  0.000  0.000  0.000  0.254
   2.55383     -7.916064  0.238  0.008  0.010  0.000  0.000  0.002  0.000  0.000  0.000  0.260
   2.51502     -7.860894  0.242  0.006  0.012  0.000  0.000  0.002  0.000  0.000  0.000  0.264
   2.47620     -7.816062  0.246  0.004  0.014  0.000  0.000  0.002  0.000  0.000  0.000  0.268
   2.43739     -7.780855  0.248  0.004  0.016  0.000  0.000  0.002  0.000  0.000  0.000  0.270
   2.39858     -7.754201  0.250  0.002  0.018  0.000  0.000  0.000  0.000  0.000  0.000  0.272
   2.35976     -7.734836  0.250  0.002  0.020  0.000  0.000  0.000  0.000  0.000  0.000  0.274
   2.32095     -7.721456  0.250  0.000  0.022  0.000  0.000  0.000  0.000  0.000  0.000  0.274
   2.28213     -7.712830  0.250  0.000  0.024  0.000  0.000  0.000  0.000  0.000  0.000  0.276
   2.24332     -7.707887  0.250  0.000  0.024  0.000  0.000  0.000  0.000  0.000  0.000  0.276
   2.20451     -7.705762  0.250  0.000  0.026  0.000  0.000  0.000  0.000  0.000  0.000  0.276
   2.16569     -7.705824  0.250  0.000  0.026  0.000  0.000  0.000  0.000  0.000  0.000  0.278
   2.12688     -7.707686  0.252  0.000  0.026  0.000  0.000  0.000  0.000  0.000  0.000  0.278
   2.12688     -7.707686  0.252  0.000  0.026  0.000  0.000  0.000  0.000  0.000  0.000  0.278
   2.08209     -7.705699  0.250  0.000  0.026  0.000  0.000  0.000  0.000  0.000  0.000  0.278
   2.03729     -7.706204  0.250  0.000  0.026  0.000  0.000  0.000  0.000  0.000  0.000  0.276
   1.99250     -7.709886  0.250  0.000  0.024  0.000  0.000  0.000  0.000  0.000  0.000  0.276
   1.94771     -7.717874  0.250  0.000  0.022  0.000  0.000  0.000  0.000  0.000  0.000  0.274
   1.90292     -7.731727  0.250  0.002  0.022  0.000  0.000  0.000  0.000  0.000  0.000  0.274
   1.85813     -7.753370  0.250  0.002  0.018  0.000  0.000  0.000  0.000  0.000  0.000  0.272
   1.81333     -7.784977  0.248  0.002  0.016  0.000  0.000  0.000  0.000  0.000  0.000  0.270
   1.76854     -7.828754  0.246  0.004  0.014  0.002  0.000  0.002  0.000  0.000  0.000  0.268
   1.72375     -7.886614  0.240  0.006  0.012  0.002  0.000  0.002  0.000  0.000  0.000  0.264
   1.67896     -7.959777  0.234  0.008  0.010  0.002  0.000  0.002  0.000  0.000  0.000  0.258
   1.63417     -8.048312  0.224  0.010  0.006  0.004  0.000  0.002  0.000  0.000  0.000  0.250
   1.58937     -8.150768  0.210  0.014  0.006  0.004  0.000  0.002  0.000  0.000  0.000  0.238
   1.54458     -8.263934  0.194  0.016  0.004  0.006  0.002  0.002  0.000  0.000  0.000  0.226
   1.49979     -8.382758  0.176  0.020  0.002  0.006  0.002  0.002  0.000  0.000  0.000  0.210
   1.45500     -8.500422  0.154  0.022  0.002  0.008  0.002  0.004  0.000  0.002  0.000  0.192
   1.41020     -8.608464  0.132  0.024  0.002  0.008  0.002  0.004  0.000  0.002  0.000  0.172
   1.36541     -8.697227  0.112  0.026  0.002  0.010  0.002  0.004  0.000  0.002  0.000  0.156
   1.32062     -8.756958  0.098  0.028  0.000  0.010  0.002  0.004  0.000  0.002  0.000  0.144
   1.27583     -8.779994  0.094  0.028  0.001  0.009  0.001  0.004  0.000  0.001  0.000  0.140
   1.27583     -8.779994  0.094  0.029  0.001  0.010  0.001  0.004  0.000  0.001  0.000  0.140
   1.23104     -8.756958  0.098  0.028  0.000  0.010  0.002  0.004  0.000  0.002  0.000  0.144
   1.18624     -8.697227  0.112  0.026  0.002  0.010  0.002  0.004  0.000  0.002  0.000  0.156
   1.14145     -8.608464  0.132  0.024  0.002  0.008  0.002  0.004  0.000  0.002  0.000  0.172
   1.09666     -8.500422  0.154  0.022  0.002  0.008  0.002  0.004  0.000  0.002  0.000  0.192
   1.05187     -8.382758  0.176  0.020  0.002  0.006  0.002  0.002  0.000  0.000  0.000  0.210
   1.00708     -8.263934  0.194  0.016  0.004  0.006  0.002  0.002  0.000  0.000  0.000  0.226
   0.96228     -8.150768  0.210  0.014  0.006  0.004  0.000  0.002  0.000  0.000  0.000  0.238
   0.91749     -8.048312  0.224  0.010  0.006  0.004  0.000  0.002  0.000  0.000  0.000  0.250
   0.87270     -7.959777  0.234  0.008  0.010  0.002  0.000  0.002  0.000  0.000  0.000  0.258
   0.82791     -7.886614  0.240  0.006  0.012  0.002  0.000  0.002  0.000  0.000  0.000  0.264
   0.78311     -7.828754  0.246  0.004  0.014  0.002  0.000  0.002  0.000  0.000  0.000  0.268
   0.73832     -7.784977  0.248  0.002  0.016  0.000  0.000  0.000  0.000  0.000  0.000  0.270
   0.69353     -7.753370  0.250  0.002  0.018  0.000  0.000  0.000  0.000  0.000  0.000  0.272
   0.64874     -7.731727  0.250  0.002  0.022  0.000  0.000  0.000  0.000  0.000  0.000  0.274
   0.60395     -7.717874  0.250  0.000  0.022  0.000  0.000  0.000  0.000  0.000  0.000  0.274
   0.55915     -7.709886  0.250  0.000  0.024  0.000  0.000  0.000  0.000  0.000  0.000  0.276
   0.51436     -7.706204  0.250  0.000  0.026  0.000  0.000  0.000  0.000  0.000  0.000  0.276
   0.46957     -7.705699  0.250  0.000  0.026  0.000  0.000  0.000  0.000  0.000  0.000  0.278
   0.42478     -7.707686  0.252  0.000  0.026  0.000  0.000  0.000  0.000  0.000  0.000  0.278
   0.42478     -7.707686  0.252  0.000  0.026  0.000  0.000  0.000  0.000  0.000  0.000  0.278
   0.40242     -7.706411  0.250  0.000  0.026  0.000  0.000  0.000  0.000  0.000  0.000  0.278
   0.38006     -7.705727  0.250  0.000  0.026  0.000  0.000  0.000  0.000  0.000  0.000  0.278
   0.35771     -7.705677  0.250  0.000  0.026  0.000  0.000  0.000  0.000  0.000  0.000  0.276
   0.33535     -7.706335  0.250  0.000  0.026  0.000  0.000  0.000  0.000  0.000  0.000  0.276
   0.31299     -7.707799  0.250  0.000  0.024  0.000  0.000  0.000  0.000  0.000  0.000  0.276
   0.29064     -7.710198  0.250  0.000  0.024  0.000  0.000  0.000  0.000  0.000  0.000  0.276
   0.26828     -7.713684  0.250  0.000  0.024  0.000  0.000  0.000  0.000  0.000  0.000  0.276
   0.24592     -7.718441  0.250  0.000  0.022  0.000  0.000  0.000  0.000  0.000  0.000  0.274
   0.22357     -7.724677  0.250  0.000  0.022  0.000  0.000  0.000  0.000  0.000  0.000  0.274
   0.20121     -7.732622  0.250  0.000  0.022  0.002  0.000  0.000  0.000  0.000  0.000  0.274
   0.17885     -7.742527  0.250  0.000  0.020  0.002  0.000  0.000  0.000  0.000  0.000  0.274
   0.15650     -7.754659  0.250  0.000  0.018  0.002  0.000  0.000  0.000  0.000  0.000  0.272
   0.13414     -7.769295  0.248  0.000  0.018  0.002  0.000  0.000  0.000  0.002  0.000  0.272
   0.11178     -7.786713  0.248  0.000  0.016  0.004  0.000  0.000  0.000  0.002  0.000  0.270
   0.08943     -7.807187  0.246  0.000  0.016  0.004  0.000  0.000  0.000  0.002  0.000  0.270
   0.06707     -7.830970  0.246  0.000  0.014  0.006  0.000  0.000  0.000  0.002  0.000  0.268
   0.04471     -7.858286  0.244  0.000  0.012  0.006  0.000  0.000  0.000  0.002  0.000  0.266
   0.02236     -7.889317  0.240  0.000  0.012  0.008  0.000  0.000  0.000  0.002  0.000  0.264
   0.00000     -7.924183  0.238  0.000  0.010  0.010  0.000  0.000  0.000  0.002  0.000  0.260
 
# Band-Index:   29
   0.00000     -3.413533  0.002  0.028  0.100  0.152  0.000  0.000  0.002  0.002  0.002  0.286
   0.02236     -3.488894  0.002  0.026  0.100  0.150  0.000  0.000  0.002  0.002  0.002  0.282
   0.04471     -3.556359  0.002  0.026  0.100  0.148  0.000  0.000  0.002  0.002  0.002  0.278
   0.06707     -3.615697  0.002  0.024  0.100  0.144  0.000  0.000  0.002  0.000  0.002  0.276
   0.08943     -3.666806  0.004  0.024  0.100  0.142  0.000  0.000  0.002  0.000  0.002  0.272
   0.11178     -3.709711  0.004  0.024  0.100  0.140  0.000  0.000  0.002  0.000  0.002  0.270
   0.13414     -3.744554  0.006  0.022  0.100  0.136  0.000  0.000  0.002  0.000  0.002  0.268
   0.15650     -3.771587  0.008  0.022  0.098  0.134  0.000  0.000  0.002  0.000  0.000  0.266
   0.17885     -3.791158  0.010  0.022  0.098  0.132  0.000  0.000  0.002  0.000  0.000  0.264
   0.20121     -3.803705  0.012  0.022  0.098  0.128  0.000  0.000  0.002  0.000  0.000  0.262
   0.22357     -3.809744  0.014  0.020  0.098  0.126  0.000  0.000  0.000  0.000  0.000  0.260
   0.24592     -3.809853  0.016  0.020  0.098  0.124  0.000  0.000  0.000  0.000  0.000  0.260
   0.26828     -3.804670  0.018  0.020  0.096  0.122  0.000  0.000  0.000  0.000  0.000  0.258
   0.29064     -3.794880  0.020  0.020  0.096  0.120  0.000  0.000  0.000  0.000  0.000  0.256
   0.31299     -3.781208  0.022  0.020  0.094  0.118  0.000  0.000  0.000  0.000  0.000  0.256
   0.33535     -3.764411  0.024  0.018  0.094  0.116  0.000  0.000  0.000  0.000  0.000  0.254
   0.35771     -3.745267  0.026  0.018  0.092  0.116  0.000  0.000  0.000  0.000  0.000  0.252
   0.38006     -3.724553  0.026  0.018  0.090  0.114  0.000  0.000  0.000  0.000  0.000  0.250
   0.40242     -3.703024  0.028  0.016  0.088  0.114  0.000  0.000  0.000  0.000  0.000  0.248
   0.42478     -3.681375  0.028  0.016  0.086  0.114  0.000  0.000  0.000  0.000  0.000  0.244
   0.42478     -3.681375  0.028  0.016  0.086  0.114  0.000  0.000  0.000  0.000  0.000  0.244
   0.46957     -3.714333  0.028  0.020  0.086  0.114  0.000  0.000  0.000  0.000  0.000  0.250
   0.51436     -3.746171  0.026  0.028  0.084  0.116  0.000  0.000  0.000  0.000  0.000  0.254
   0.55915     -3.775286  0.024  0.034  0.080  0.118  0.000  0.000  0.000  0.000  0.000  0.258
   0.60395     -3.800123  0.020  0.044  0.076  0.122  0.000  0.000  0.000  0.000  0.000  0.264
   0.64874     -3.819501  0.018  0.054  0.070  0.124  0.000  0.002  0.000  0.000  0.000  0.268
   0.69353     -3.832896  0.014  0.066  0.062  0.128  0.000  0.002  0.000  0.000  0.000  0.272
   0.73832     -3.840715  0.010  0.080  0.056  0.128  0.000  0.002  0.000  0.000  0.000  0.276
   0.78311     -3.844363  0.006  0.094  0.050  0.126  0.000  0.002  0.000  0.002  0.000  0.280
   0.82791     -3.845814  0.006  0.108  0.046  0.120  0.000  0.002  0.000  0.002  0.000  0.282
   0.87270     -3.846520  0.006  0.116  0.046  0.112  0.000  0.002  0.000  0.002  0.000  0.282
   0.91749     -3.846353  0.006  0.122  0.048  0.100  0.000  0.002  0.000  0.002  0.000  0.280
   0.96228     -3.843658  0.010  0.122  0.054  0.088  0.000  0.002  0.000  0.002  0.000  0.276
   1.00708     -3.836381  0.014  0.118  0.062  0.076  0.000  0.002  0.000  0.002  0.000  0.272
   1.05187     -3.823138  0.018  0.112  0.068  0.066  0.000  0.000  0.000  0.000  0.000  0.268
   1.09666     -3.809753  0.016  0.098  0.098  0.046  0.000  0.000  0.000  0.000  0.000  0.260
   1.14145     -3.795387  0.020  0.096  0.096  0.044  0.000  0.000  0.000  0.000  0.000  0.258
   1.18624     -3.765424  0.024  0.092  0.094  0.044  0.000  0.000  0.000  0.000  0.000  0.254
   1.23104     -3.725944  0.026  0.090  0.090  0.042  0.000  0.000  0.000  0.000  0.000  0.250
   1.27583     -3.682970  0.028  0.090  0.086  0.040  0.000  0.000  0.000  0.000  0.000  0.244
   1.27583     -3.682970  0.029  0.090  0.085  0.040  0.000  0.000  0.000  0.000  0.000  0.245
   1.32062     -3.725944  0.026  0.090  0.090  0.042  0.000  0.000  0.000  0.000  0.000  0.250
   1.36541     -3.765424  0.024  0.092  0.094  0.044  0.000  0.000  0.000  0.000  0.000  0.254
   1.41020     -3.795387  0.020  0.096  0.096  0.044  0.000  0.000  0.000  0.000  0.000  0.258
   1.45500     -3.809753  0.016  0.098  0.098  0.046  0.000  0.000  0.000  0.000  0.000  0.260
   1.49979     -3.823138  0.018  0.112  0.068  0.066  0.000  0.000  0.000  0.000  0.000  0.268
   1.54458     -3.836381  0.014  0.118  0.062  0.076  0.000  0.002  0.000  0.002  0.000  0.272
   1.58937     -3.843658  0.010  0.122  0.054  0.088  0.000  0.002  0.000  0.002  0.000  0.276
   1.63417     -3.846353  0.006  0.122  0.048  0.100  0.000  0.002  0.000  0.002  0.000  0.280
   1.67896     -3.846520  0.006  0.116  0.046  0.112  0.000  0.002  0.000  0.002  0.000  0.282
   1.72375     -3.845814  0.006  0.108  0.046  0.120  0.000  0.002  0.000  0.002  0.000  0.282
   1.76854     -3.844363  0.006  0.094  0.050  0.126  0.000  0.002  0.000  0.002  0.000  0.280
   1.81333     -3.840715  0.010  0.080  0.056  0.128  0.000  0.002  0.000  0.000  0.000  0.276
   1.85813     -3.832896  0.014  0.066  0.062  0.128  0.000  0.002  0.000  0.000  0.000  0.272
   1.90292     -3.819501  0.018  0.054  0.070  0.124  0.000  0.002  0.000  0.000  0.000  0.268
   1.94771     -3.800123  0.020  0.044  0.076  0.122  0.000  0.000  0.000  0.000  0.000  0.264
   1.99250     -3.775286  0.024  0.034  0.080  0.118  0.000  0.000  0.000  0.000  0.000  0.258
   2.03729     -3.746171  0.026  0.028  0.084  0.116  0.000  0.000  0.000  0.000  0.000  0.254
   2.08209     -3.714333  0.028  0.020  0.086  0.114  0.000  0.000  0.000  0.000  0.000  0.250
   2.12688     -3.681375  0.028  0.016  0.086  0.114  0.000  0.000  0.000  0.000  0.000  0.244
   2.12688     -3.681375  0.028  0.016  0.086  0.114  0.000  0.000  0.000  0.000  0.000  0.244
   2.16569     -3.706574  0.028  0.022  0.084  0.114  0.000  0.000  0.000  0.000  0.000  0.248
   2.20451     -3.733161  0.026  0.030  0.080  0.116  0.000  0.000  0.000  0.000  0.000  0.254
   2.24332     -3.763306  0.026  0.038  0.074  0.116  0.000  0.000  0.000  0.000  0.000  0.258
   2.28213     -3.799452  0.024  0.050  0.068  0.118  0.000  0.002  0.000  0.000  0.000  0.262
   2.32095     -3.843643  0.020  0.064  0.060  0.120  0.000  0.002  0.000  0.000  0.000  0.266
   2.35976     -3.896521  0.016  0.078  0.050  0.120  0.000  0.002  0.000  0.000  0.000  0.268
   2.39858     -3.956461  0.012  0.090  0.042  0.120  0.000  0.002  0.000  0.000  0.000  0.268
   2.43739     -4.019462  0.010  0.100  0.036  0.118  0.000  0.002  0.000  0.002  0.000  0.268
   2.47620     -4.080016  0.006  0.108  0.030  0.118  0.000  0.002  0.000  0.002  0.000  0.268
   2.51502     -4.132415  0.004  0.112  0.028  0.116  0.000  0.002  0.000  0.002  0.000  0.266
   2.55383     -4.171771  0.002  0.116  0.026  0.116  0.000  0.002  0.000  0.002  0.000  0.266
   2.59265     -4.194513  0.002  0.116  0.024  0.116  0.000  0.002  0.000  0.002  0.000  0.264
   2.63146     -4.198449  0.002  0.116  0.024  0.116  0.000  0.002  0.000  0.002  0.000  0.264
   2.67027     -4.182638  0.002  0.116  0.026  0.116  0.000  0.002  0.000  0.002  0.000  0.264
   2.70909     -4.147203  0.002  0.116  0.026  0.118  0.000  0.002  0.000  0.002  0.000  0.266
   2.74790     -4.093237  0.004  0.114  0.028  0.118  0.000  0.002  0.000  0.002  0.000  0.268
   2.78671     -4.022843  0.004  0.114  0.032  0.118  0.000  0.002  0.000  0.002  0.000  0.272
   2.82553     -3.939519  0.004  0.116  0.036  0.116  0.000  0.000  0.000  0.002  0.000  0.276
   2.86434     -3.849197  0.004  0.118  0.044  0.110  0.002  0.000  0.000  0.002  0.000  0.282
 
# Band-Index:   30
   2.86434     -3.849197  0.004  0.118  0.044  0.110  0.002  0.000  0.000  0.002  0.000  0.282
   2.82553     -3.762018  0.004  0.122  0.058  0.100  0.000  0.000  0.000  0.002  0.000  0.290
   2.78671     -3.691491  0.004  0.126  0.078  0.082  0.000  0.000  0.000  0.002  0.000  0.294
   2.74790     -3.642907  0.004  0.128  0.094  0.066  0.000  0.000  0.000  0.000  0.000  0.294
   2.70909     -3.679710  0.002  0.082  0.000  0.090  0.000  0.002  0.000  0.004  0.000  0.182
   2.67027     -3.717297  0.000  0.086  0.000  0.088  0.000  0.002  0.000  0.004  0.000  0.180
   2.63146     -3.733833  0.000  0.088  0.000  0.086  0.000  0.004  0.000  0.004  0.000  0.180
   2.59265     -3.729763  0.000  0.086  0.000  0.086  0.000  0.004  0.000  0.002  0.000  0.180
   2.55383     -3.706788  0.002  0.084  0.000  0.088  0.000  0.004  0.000  0.002  0.000  0.182
   2.51502     -3.668544  0.002  0.076  0.002  0.094  0.000  0.004  0.000  0.002  0.000  0.182
   2.47620     -3.621712  0.006  0.064  0.008  0.102  0.000  0.004  0.000  0.002  0.000  0.184
   2.43739     -3.577138  0.010  0.044  0.016  0.112  0.000  0.004  0.000  0.002  0.000  0.188
   2.39858     -3.547977  0.016  0.022  0.032  0.120  0.000  0.002  0.000  0.002  0.000  0.196
   2.35976     -3.541410  0.020  0.008  0.052  0.124  0.000  0.002  0.000  0.000  0.000  0.206
   2.32095     -3.553508  0.024  0.002  0.066  0.122  0.000  0.000  0.000  0.000  0.000  0.216
   2.28213     -3.575966  0.026  0.002  0.076  0.120  0.000  0.000  0.000  0.000  0.000  0.224
   2.24332     -3.602495  0.026  0.004  0.082  0.118  0.000  0.000  0.000  0.000  0.000  0.230
   2.20451     -3.629658  0.028  0.006  0.086  0.116  0.000  0.000  0.000  0.000  0.000  0.236
   2.16569     -3.656002  0.028  0.010  0.086  0.114  0.000  0.000  0.000  0.000  0.000  0.240
   2.12688     -3.681375  0.028  0.016  0.086  0.114  0.000  0.000  0.000  0.000  0.000  0.244
   2.12688     -3.681375  0.028  0.016  0.086  0.114  0.000  0.000  0.000  0.000  0.000  0.244
   2.08209     -3.648604  0.028  0.012  0.084  0.114  0.000  0.000  0.000  0.000  0.000  0.238
   2.03729     -3.616687  0.028  0.008  0.082  0.116  0.000  0.000  0.000  0.000  0.000  0.232
   1.99250     -3.585445  0.026  0.006  0.076  0.118  0.000  0.000  0.000  0.000  0.000  0.226
   1.94771     -3.553866  0.024  0.006  0.070  0.120  0.000  0.000  0.000  0.000  0.000  0.220
   1.90292     -3.520380  0.020  0.006  0.062  0.124  0.000  0.000  0.000  0.000  0.000  0.214
   1.85813     -3.483349  0.018  0.010  0.054  0.126  0.000  0.002  0.000  0.000  0.000  0.210
   1.81333     -3.441739  0.014  0.016  0.046  0.126  0.000  0.002  0.000  0.002  0.000  0.206
   1.76854     -3.396300  0.012  0.028  0.038  0.120  0.000  0.002  0.000  0.002  0.002  0.202
   1.72375     -3.355003  0.010  0.066  0.024  0.088  0.000  0.004  0.000  0.002  0.002  0.196
   1.67896     -3.484821  0.002  0.120  0.100  0.058  0.002  0.000  0.002  0.000  0.000  0.284
   1.63417     -3.612458  0.002  0.116  0.100  0.054  0.002  0.000  0.002  0.000  0.000  0.276
   1.58937     -3.707325  0.004  0.110  0.100  0.052  0.000  0.000  0.002  0.000  0.000  0.270
   1.54458     -3.770027  0.008  0.106  0.098  0.050  0.000  0.000  0.002  0.000  0.000  0.266
   1.49979     -3.802913  0.012  0.102  0.098  0.048  0.000  0.000  0.002  0.000  0.000  0.262
   1.45500     -3.803593  0.020  0.106  0.074  0.060  0.000  0.000  0.000  0.000  0.000  0.264
   1.41020     -3.778368  0.024  0.102  0.080  0.054  0.000  0.000  0.000  0.000  0.000  0.260
   1.36541     -3.748745  0.026  0.096  0.084  0.048  0.000  0.000  0.000  0.000  0.000  0.254
   1.32062     -3.716381  0.028  0.092  0.086  0.044  0.000  0.000  0.000  0.000  0.000  0.250
   1.27583     -3.682970  0.029  0.090  0.085  0.040  0.000  0.000  0.000  0.000  0.000  0.245
   1.27583     -3.682970  0.028  0.090  0.086  0.040  0.000  0.000  0.000  0.000  0.000  0.244
   1.23104     -3.716381  0.028  0.092  0.086  0.044  0.000  0.000  0.000  0.000  0.000  0.250
   1.18624     -3.748745  0.026  0.096  0.084  0.048  0.000  0.000  0.000  0.000  0.000  0.254
   1.14145     -3.778368  0.024  0.102  0.080  0.054  0.000  0.000  0.000  0.000  0.000  0.260
   1.09666     -3.803593  0.020  0.106  0.074  0.060  0.000  0.000  0.000  0.000  0.000  0.264
   1.05187     -3.802913  0.012  0.102  0.098  0.048  0.000  0.000  0.002  0.000  0.000  0.262
   1.00708     -3.770027  0.008  0.106  0.098  0.050  0.000  0.000  0.002  0.000  0.000  0.266
   0.96228     -3.707325  0.004  0.110  0.100  0.052  0.000  0.000  0.002  0.000  0.000  0.270
   0.91749     -3.612458  0.002  0.116  0.100  0.054  0.002  0.000  0.002  0.000  0.000  0.276
   0.87270     -3.484821  0.002  0.120  0.100  0.058  0.002  0.000  0.002  0.000  0.000  0.284
   0.82791     -3.355003  0.010  0.066  0.024  0.088  0.000  0.004  0.000  0.002  0.002  0.196
   0.78311     -3.396300  0.012  0.028  0.038  0.120  0.000  0.002  0.000  0.002  0.002  0.202
   0.73832     -3.441739  0.014  0.016  0.046  0.126  0.000  0.002  0.000  0.002  0.000  0.206
   0.69353     -3.483349  0.018  0.010  0.054  0.126  0.000  0.002  0.000  0.000  0.000  0.210
   0.64874     -3.520380  0.020  0.006  0.062  0.124  0.000  0.000  0.000  0.000  0.000  0.214
   0.60395     -3.553866  0.024  0.006  0.070  0.120  0.000  0.000  0.000  0.000  0.000  0.220
   0.55915     -3.585445  0.026  0.006  0.076  0.118  0.000  0.000  0.000  0.000  0.000  0.226
   0.51436     -3.616687  0.028  0.008  0.082  0.116  0.000  0.000  0.000  0.000  0.000  0.232
   0.46957     -3.648604  0.028  0.012  0.084  0.114  0.000  0.000  0.000  0.000  0.000  0.238
   0.42478     -3.681375  0.028  0.016  0.086  0.114  0.000  0.000  0.000  0.000  0.000  0.244
   0.42478     -3.681375  0.028  0.016  0.086  0.114  0.000  0.000  0.000  0.000  0.000  0.244
   0.40242     -3.660194  0.028  0.014  0.084  0.114  0.000  0.000  0.000  0.000  0.000  0.240
   0.38006     -3.639903  0.028  0.012  0.080  0.114  0.000  0.000  0.000  0.000  0.000  0.236
   0.35771     -3.620707  0.028  0.012  0.078  0.114  0.000  0.000  0.000  0.000  0.000  0.232
   0.33535     -3.602559  0.026  0.010  0.074  0.116  0.000  0.000  0.000  0.000  0.000  0.228
   0.31299     -3.585144  0.024  0.008  0.072  0.116  0.000  0.000  0.000  0.000  0.000  0.222
   0.29064     -3.567900  0.022  0.008  0.068  0.118  0.000  0.000  0.000  0.000  0.000  0.218
   0.26828     -3.550069  0.020  0.006  0.066  0.120  0.000  0.000  0.000  0.000  0.000  0.214
   0.24592     -3.530766  0.018  0.006  0.062  0.122  0.000  0.000  0.000  0.000  0.000  0.210
   0.22357     -3.509050  0.014  0.006  0.060  0.124  0.000  0.000  0.000  0.000  0.002  0.206
   0.20121     -3.483985  0.012  0.004  0.056  0.126  0.000  0.000  0.002  0.000  0.002  0.202
   0.17885     -3.454693  0.010  0.004  0.054  0.128  0.000  0.000  0.002  0.000  0.002  0.200
   0.15650     -3.420379  0.008  0.004  0.052  0.130  0.000  0.000  0.002  0.000  0.002  0.198
   0.13414     -3.380364  0.006  0.004  0.048  0.134  0.000  0.000  0.002  0.002  0.002  0.196
   0.11178     -3.334106  0.004  0.004  0.046  0.136  0.000  0.000  0.002  0.002  0.002  0.196
   0.08943     -3.281198  0.002  0.004  0.042  0.140  0.000  0.000  0.002  0.002  0.002  0.194
   0.06707     -3.221382  0.002  0.004  0.038  0.142  0.000  0.000  0.002  0.002  0.002  0.194
   0.04471     -3.240709  0.002  0.032  0.100  0.156  0.000  0.000  0.002  0.002  0.002  0.298
   0.02236     -3.330636  0.002  0.030  0.100  0.154  0.000  0.000  0.002  0.002  0.002  0.292
   0.00000     -3.413533  0.002  0.028  0.100  0.152  0.000  0.000  0.002  0.002  0.002  0.286
 
# Band-Index:   31
   0.00000     -3.000367  0.002  0.008  0.028  0.152  0.000  0.000  0.002  0.002  0.004  0.196
   0.02236     -3.080808  0.002  0.006  0.032  0.148  0.000  0.000  0.002  0.002  0.004  0.196
   0.04471     -3.154562  0.002  0.006  0.036  0.146  0.000  0.000  0.002  0.002  0.002  0.194
   0.06707     -3.144402  0.002  0.034  0.102  0.158  0.000  0.000  0.002  0.002  0.002  0.302
   0.08943     -3.042508  0.004  0.038  0.102  0.160  0.000  0.000  0.002  0.002  0.002  0.308
   0.11178     -2.935992  0.004  0.040  0.104  0.160  0.000  0.000  0.002  0.002  0.002  0.316
   0.13414     -2.826014  0.004  0.044  0.106  0.162  0.000  0.000  0.002  0.002  0.002  0.322
   0.15650     -2.713953  0.006  0.048  0.110  0.160  0.000  0.000  0.002  0.002  0.002  0.330
   0.17885     -2.601449  0.006  0.054  0.112  0.160  0.000  0.000  0.002  0.002  0.002  0.338
   0.20121     -2.490430  0.006  0.060  0.116  0.158  0.000  0.000  0.002  0.002  0.002  0.344
   0.22357     -2.450172  0.008  0.144  0.088  0.036  0.000  0.002  0.000  0.000  0.000  0.280
   0.24592     -2.482180  0.008  0.140  0.084  0.038  0.000  0.002  0.000  0.000  0.000  0.274
   0.26828     -2.509421  0.008  0.136  0.082  0.040  0.000  0.002  0.000  0.000  0.000  0.270
   0.29064     -2.531210  0.008  0.132  0.080  0.042  0.000  0.002  0.000  0.000  0.000  0.266
   0.31299     -2.546906  0.008  0.128  0.078  0.044  0.000  0.002  0.000  0.000  0.000  0.260
   0.33535     -2.555982  0.008  0.124  0.074  0.044  0.000  0.002  0.000  0.000  0.000  0.256
   0.35771     -2.558081  0.008  0.122  0.072  0.046  0.000  0.002  0.000  0.000  0.000  0.250
   0.38006     -2.553074  0.008  0.118  0.068  0.046  0.000  0.002  0.000  0.000  0.000  0.246
   0.40242     -2.541079  0.010  0.118  0.066  0.046  0.000  0.002  0.000  0.000  0.000  0.242
   0.42478     -2.522452  0.010  0.116  0.062  0.046  0.000  0.002  0.000  0.000  0.000  0.238
   0.42478     -2.522452  0.010  0.116  0.062  0.046  0.000  0.002  0.000  0.000  0.000  0.238
   0.46957     -2.564840  0.010  0.124  0.068  0.042  0.000  0.002  0.000  0.000  0.000  0.248
   0.51436     -2.619959  0.008  0.136  0.072  0.036  0.000  0.004  0.000  0.000  0.000  0.256
   0.55915     -2.691211  0.008  0.148  0.076  0.026  0.000  0.004  0.000  0.000  0.000  0.262
   0.60395     -2.779705  0.008  0.154  0.078  0.018  0.000  0.004  0.000  0.000  0.000  0.264
   0.64874     -2.880641  0.008  0.154  0.080  0.012  0.000  0.004  0.000  0.000  0.002  0.260
   0.69353     -2.984881  0.008  0.150  0.080  0.008  0.000  0.002  0.000  0.000  0.002  0.254
   0.73832     -3.083051  0.010  0.142  0.080  0.010  0.000  0.002  0.000  0.000  0.002  0.246
   0.78311     -3.167704  0.010  0.128  0.080  0.018  0.000  0.002  0.000  0.000  0.002  0.240
   0.82791     -3.325809  0.002  0.124  0.100  0.062  0.002  0.002  0.002  0.000  0.000  0.292
   0.87270     -3.355445  0.010  0.132  0.024  0.020  0.000  0.004  0.000  0.002  0.002  0.196
   0.91749     -3.397437  0.012  0.138  0.036  0.010  0.000  0.002  0.000  0.002  0.002  0.202
   0.96228     -3.443249  0.014  0.128  0.046  0.012  0.000  0.002  0.000  0.002  0.002  0.206
   1.00708     -3.484954  0.018  0.118  0.054  0.018  0.000  0.002  0.000  0.000  0.000  0.210
   1.05187     -3.521892  0.020  0.108  0.062  0.022  0.000  0.002  0.000  0.000  0.000  0.214
   1.09666     -3.555203  0.024  0.100  0.070  0.026  0.000  0.000  0.000  0.000  0.000  0.220
   1.14145     -3.586632  0.026  0.094  0.076  0.030  0.000  0.000  0.000  0.000  0.000  0.226
   1.18624     -3.617838  0.028  0.090  0.080  0.034  0.000  0.000  0.000  0.000  0.000  0.232
   1.23104     -3.649887  0.028  0.090  0.084  0.036  0.000  0.000  0.000  0.000  0.000  0.238
   1.27583     -3.682970  0.028  0.090  0.086  0.041  0.000  0.000  0.000  0.000  0.000  0.245
   1.27583     -3.682970  0.028  0.090  0.086  0.040  0.000  0.000  0.000  0.000  0.000  0.244
   1.32062     -3.649887  0.028  0.090  0.084  0.036  0.000  0.000  0.000  0.000  0.000  0.238
   1.36541     -3.617838  0.028  0.090  0.080  0.034  0.000  0.000  0.000  0.000  0.000  0.232
   1.41020     -3.586632  0.026  0.094  0.076  0.030  0.000  0.000  0.000  0.000  0.000  0.226
   1.45500     -3.555203  0.024  0.100  0.070  0.026  0.000  0.000  0.000  0.000  0.000  0.220
   1.49979     -3.521892  0.020  0.108  0.062  0.022  0.000  0.002  0.000  0.000  0.000  0.214
   1.54458     -3.484954  0.018  0.118  0.054  0.018  0.000  0.002  0.000  0.000  0.000  0.210
   1.58937     -3.443249  0.014  0.128  0.046  0.012  0.000  0.002  0.000  0.002  0.002  0.206
   1.63417     -3.397437  0.012  0.138  0.036  0.010  0.000  0.002  0.000  0.002  0.002  0.202
   1.67896     -3.355445  0.010  0.132  0.024  0.020  0.000  0.004  0.000  0.002  0.002  0.196
   1.72375     -3.325809  0.002  0.124  0.100  0.062  0.002  0.002  0.002  0.000  0.000  0.292
   1.76854     -3.167704  0.010  0.128  0.080  0.018  0.000  0.002  0.000  0.000  0.002  0.240
   1.81333     -3.083051  0.010  0.142  0.080  0.010  0.000  0.002  0.000  0.000  0.002  0.246
   1.85813     -2.984881  0.008  0.150  0.080  0.008  0.000  0.002  0.000  0.000  0.002  0.254
   1.90292     -2.880641  0.008  0.154  0.080  0.012  0.000  0.004  0.000  0.000  0.002  0.260
   1.94771     -2.779705  0.008  0.154  0.078  0.018  0.000  0.004  0.000  0.000  0.000  0.264
   1.99250     -2.691211  0.008  0.148  0.076  0.026  0.000  0.004  0.000  0.000  0.000  0.262
   2.03729     -2.619959  0.008  0.136  0.072  0.036  0.000  0.004  0.000  0.000  0.000  0.256
   2.08209     -2.564840  0.010  0.124  0.068  0.042  0.000  0.002  0.000  0.000  0.000  0.248
   2.12688     -2.522452  0.010  0.116  0.062  0.046  0.000  0.002  0.000  0.000  0.000  0.238
   2.12688     -2.522452  0.010  0.116  0.062  0.046  0.000  0.002  0.000  0.000  0.000  0.238
   2.16569     -2.561271  0.010  0.126  0.066  0.042  0.000  0.002  0.000  0.000  0.000  0.248
   2.20451     -2.620288  0.010  0.136  0.070  0.034  0.000  0.004  0.000  0.000  0.000  0.256
   2.24332     -2.699393  0.008  0.148  0.074  0.026  0.000  0.004  0.000  0.000  0.000  0.262
   2.28213     -2.793182  0.008  0.156  0.078  0.018  0.000  0.004  0.000  0.000  0.000  0.266
   2.32095     -2.890480  0.008  0.160  0.086  0.010  0.000  0.004  0.000  0.000  0.000  0.268
   2.35976     -2.976114  0.010  0.154  0.098  0.008  0.000  0.002  0.000  0.000  0.002  0.272
   2.39858     -3.034263  0.012  0.138  0.114  0.012  0.000  0.002  0.000  0.000  0.002  0.278
   2.43739     -3.055805  0.014  0.114  0.126  0.022  0.000  0.000  0.000  0.000  0.000  0.280
   2.47620     -3.045156  0.016  0.094  0.134  0.036  0.000  0.000  0.000  0.000  0.000  0.282
   2.51502     -3.191633  0.002  0.146  0.104  0.048  0.002  0.002  0.002  0.000  0.000  0.306
   2.55383     -3.317948  0.000  0.142  0.106  0.046  0.002  0.000  0.002  0.000  0.000  0.300
   2.59265     -3.421210  0.000  0.138  0.106  0.046  0.002  0.000  0.002  0.000  0.000  0.294
   2.63146     -3.501466  0.000  0.134  0.106  0.046  0.002  0.000  0.002  0.000  0.000  0.292
   2.67027     -3.560857  0.002  0.132  0.106  0.050  0.002  0.000  0.002  0.000  0.000  0.292
   2.70909     -3.604605  0.002  0.128  0.102  0.056  0.002  0.000  0.002  0.000  0.000  0.292
   2.74790     -3.621547  0.002  0.078  0.002  0.094  0.000  0.002  0.000  0.004  0.000  0.182
   2.78671     -3.544134  0.004  0.070  0.002  0.098  0.002  0.002  0.000  0.004  0.000  0.184
   2.82553     -3.450261  0.006  0.056  0.006  0.108  0.002  0.002  0.000  0.004  0.000  0.184
   2.86434     -3.349809  0.010  0.024  0.020  0.132  0.002  0.002  0.000  0.004  0.000  0.192
 
# Band-Index:   32
   2.86434     -3.349809  0.010  0.024  0.020  0.132  0.002  0.002  0.000  0.004  0.000  0.192
   2.82553     -3.294710  0.014  0.022  0.068  0.122  0.002  0.000  0.000  0.002  0.000  0.232
   2.78671     -3.254831  0.010  0.048  0.058  0.116  0.002  0.000  0.000  0.002  0.000  0.240
   2.74790     -3.173079  0.008  0.072  0.032  0.124  0.002  0.000  0.000  0.002  0.000  0.244
   2.70909     -3.083336  0.002  0.134  0.010  0.062  0.002  0.000  0.002  0.002  0.000  0.212
   2.67027     -3.043797  0.000  0.128  0.030  0.026  0.002  0.000  0.002  0.000  0.000  0.190
   2.63146     -2.993843  0.000  0.130  0.032  0.022  0.002  0.000  0.002  0.000  0.000  0.190
   2.59265     -2.953888  0.018  0.064  0.138  0.062  0.000  0.000  0.000  0.000  0.000  0.286
   2.55383     -2.980257  0.018  0.068  0.138  0.058  0.000  0.000  0.000  0.000  0.000  0.284
   2.51502     -3.015309  0.018  0.078  0.136  0.048  0.000  0.000  0.000  0.000  0.000  0.282
   2.47620     -3.043944  0.002  0.148  0.106  0.050  0.002  0.002  0.002  0.000  0.000  0.312
   2.43739     -2.878242  0.004  0.152  0.106  0.054  0.002  0.002  0.002  0.000  0.000  0.322
   2.39858     -2.699770  0.004  0.152  0.110  0.058  0.002  0.002  0.002  0.000  0.000  0.332
   2.35976     -2.563578  0.008  0.108  0.040  0.032  0.000  0.002  0.000  0.000  0.002  0.194
   2.32095     -2.541506  0.008  0.114  0.036  0.036  0.000  0.002  0.000  0.000  0.002  0.198
   2.28213     -2.518707  0.008  0.116  0.036  0.040  0.000  0.002  0.000  0.000  0.002  0.206
   2.24332     -2.501831  0.008  0.114  0.042  0.044  0.000  0.002  0.000  0.000  0.000  0.214
   2.20451     -2.495194  0.010  0.112  0.050  0.046  0.000  0.002  0.000  0.000  0.000  0.222
   2.16569     -2.501330  0.010  0.112  0.058  0.048  0.000  0.002  0.000  0.000  0.000  0.230
   2.12688     -2.522452  0.010  0.116  0.062  0.046  0.000  0.002  0.000  0.000  0.000  0.238
   2.12688     -2.522452  0.010  0.116  0.062  0.046  0.000  0.002  0.000  0.000  0.000  0.238
   2.08209     -2.492133  0.010  0.114  0.056  0.046  0.000  0.002  0.000  0.000  0.000  0.230
   2.03729     -2.478391  0.010  0.116  0.048  0.044  0.000  0.002  0.000  0.000  0.000  0.222
   1.99250     -2.489548  0.008  0.122  0.036  0.042  0.000  0.002  0.000  0.000  0.000  0.214
   1.94771     -2.531696  0.006  0.126  0.028  0.040  0.000  0.002  0.000  0.000  0.002  0.206
   1.90292     -2.601697  0.006  0.122  0.028  0.040  0.000  0.002  0.000  0.000  0.002  0.200
   1.85813     -2.708151  0.006  0.132  0.110  0.078  0.002  0.002  0.002  0.000  0.000  0.330
   1.81333     -2.930208  0.004  0.130  0.104  0.072  0.002  0.002  0.002  0.000  0.000  0.316
   1.76854     -3.138976  0.002  0.128  0.102  0.066  0.002  0.002  0.002  0.000  0.000  0.304
   1.72375     -3.228821  0.010  0.090  0.086  0.052  0.000  0.002  0.000  0.000  0.002  0.242
   1.67896     -3.229449  0.010  0.020  0.086  0.122  0.000  0.002  0.000  0.000  0.000  0.242
   1.63417     -3.217744  0.002  0.108  0.038  0.040  0.002  0.002  0.002  0.000  0.000  0.194
   1.58937     -3.331421  0.004  0.104  0.046  0.038  0.002  0.000  0.002  0.000  0.000  0.196
   1.54458     -3.418653  0.008  0.100  0.050  0.036  0.002  0.000  0.002  0.000  0.000  0.198
   1.49979     -3.483183  0.012  0.096  0.056  0.036  0.000  0.000  0.002  0.000  0.000  0.202
   1.45500     -3.530807  0.018  0.094  0.062  0.034  0.000  0.000  0.000  0.000  0.000  0.210
   1.41020     -3.568659  0.022  0.090  0.068  0.036  0.000  0.000  0.000  0.000  0.000  0.218
   1.36541     -3.603846  0.026  0.090  0.074  0.036  0.000  0.000  0.000  0.000  0.000  0.228
   1.32062     -3.641473  0.028  0.090  0.080  0.038  0.000  0.000  0.000  0.000  0.000  0.236
   1.27583     -3.682970  0.028  0.090  0.086  0.040  0.000  0.000  0.000  0.000  0.000  0.244
   1.27583     -3.682970  0.028  0.090  0.086  0.041  0.000  0.000  0.000  0.000  0.000  0.245
   1.23104     -3.641473  0.028  0.090  0.080  0.038  0.000  0.000  0.000  0.000  0.000  0.236
   1.18624     -3.603846  0.026  0.090  0.074  0.036  0.000  0.000  0.000  0.000  0.000  0.228
   1.14145     -3.568659  0.022  0.090  0.068  0.036  0.000  0.000  0.000  0.000  0.000  0.218
   1.09666     -3.530807  0.018  0.094  0.062  0.034  0.000  0.000  0.000  0.000  0.000  0.210
   1.05187     -3.483183  0.012  0.096  0.056  0.036  0.000  0.000  0.002  0.000  0.000  0.202
   1.00708     -3.418653  0.008  0.100  0.050  0.036  0.002  0.000  0.002  0.000  0.000  0.198
   0.96228     -3.331421  0.004  0.104  0.046  0.038  0.002  0.000  0.002  0.000  0.000  0.196
   0.91749     -3.217744  0.002  0.108  0.038  0.040  0.002  0.002  0.002  0.000  0.000  0.194
   0.87270     -3.229449  0.010  0.020  0.086  0.122  0.000  0.002  0.000  0.000  0.000  0.242
   0.82791     -3.228821  0.010  0.090  0.086  0.052  0.000  0.002  0.000  0.000  0.002  0.242
   0.78311     -3.138976  0.002  0.128  0.102  0.066  0.002  0.002  0.002  0.000  0.000  0.304
   0.73832     -2.930208  0.004  0.130  0.104  0.072  0.002  0.002  0.002  0.000  0.000  0.316
   0.69353     -2.708151  0.006  0.132  0.110  0.078  0.002  0.002  0.002  0.000  0.000  0.330
   0.64874     -2.601697  0.006  0.122  0.028  0.040  0.000  0.002  0.000  0.000  0.002  0.200
   0.60395     -2.531696  0.006  0.126  0.028  0.040  0.000  0.002  0.000  0.000  0.002  0.206
   0.55915     -2.489548  0.008  0.122  0.036  0.042  0.000  0.002  0.000  0.000  0.000  0.214
   0.51436     -2.478391  0.010  0.116  0.048  0.044  0.000  0.002  0.000  0.000  0.000  0.222
   0.46957     -2.492133  0.010  0.114  0.056  0.046  0.000  0.002  0.000  0.000  0.000  0.230
   0.42478     -2.522452  0.010  0.116  0.062  0.046  0.000  0.002  0.000  0.000  0.000  0.238
   0.42478     -2.522452  0.010  0.116  0.062  0.046  0.000  0.002  0.000  0.000  0.000  0.238
   0.40242     -2.497746  0.010  0.116  0.060  0.046  0.000  0.002  0.000  0.000  0.000  0.236
   0.38006     -2.467653  0.012  0.118  0.056  0.044  0.000  0.002  0.000  0.000  0.000  0.234
   0.35771     -2.432946  0.012  0.120  0.054  0.044  0.000  0.002  0.000  0.000  0.000  0.232
   0.33535     -2.394420  0.012  0.124  0.050  0.042  0.000  0.002  0.000  0.000  0.000  0.232
   0.31299     -2.352842  0.012  0.128  0.046  0.040  0.000  0.004  0.000  0.000  0.000  0.232
   0.29064     -2.308908  0.012  0.134  0.044  0.038  0.000  0.004  0.000  0.000  0.000  0.232
   0.26828     -2.263209  0.012  0.140  0.040  0.036  0.000  0.004  0.000  0.000  0.000  0.232
   0.24592     -2.281955  0.004  0.072  0.126  0.148  0.000  0.000  0.000  0.002  0.002  0.356
   0.22357     -2.383118  0.004  0.066  0.122  0.154  0.000  0.000  0.000  0.002  0.002  0.350
   0.20121     -2.414071  0.008  0.148  0.090  0.034  0.000  0.002  0.000  0.000  0.000  0.284
   0.17885     -2.374507  0.006  0.152  0.092  0.032  0.000  0.002  0.000  0.000  0.000  0.286
   0.15650     -2.332041  0.006  0.156  0.094  0.030  0.000  0.002  0.000  0.000  0.000  0.290
   0.13414     -2.421073  0.008  0.028  0.004  0.166  0.000  0.000  0.004  0.002  0.004  0.216
   0.11178     -2.522485  0.006  0.022  0.008  0.166  0.000  0.000  0.002  0.002  0.004  0.210
   0.08943     -2.624368  0.006  0.016  0.012  0.164  0.000  0.000  0.002  0.002  0.004  0.206
   0.06707     -2.724578  0.004  0.014  0.016  0.162  0.000  0.000  0.002  0.002  0.004  0.204
   0.04471     -2.821440  0.004  0.010  0.020  0.158  0.000  0.000  0.002  0.002  0.004  0.200
   0.02236     -2.913685  0.002  0.008  0.024  0.156  0.000  0.000  0.002  0.002  0.004  0.198
   0.00000     -3.000367  0.002  0.008  0.028  0.152  0.000  0.000  0.002  0.002  0.004  0.196
 
# Band-Index:   33
   0.00000     -1.986344  0.002  0.160  0.122  0.014  0.002  0.002  0.000  0.000  0.000  0.304
   0.02236     -2.039050  0.004  0.162  0.116  0.016  0.002  0.002  0.000  0.000  0.000  0.302
   0.04471     -2.090945  0.004  0.162  0.110  0.018  0.002  0.002  0.000  0.000  0.000  0.300
   0.06707     -2.141914  0.004  0.162  0.106  0.020  0.002  0.002  0.000  0.000  0.000  0.300
   0.08943     -2.191776  0.006  0.162  0.102  0.024  0.002  0.002  0.000  0.000  0.000  0.298
   0.11178     -2.240290  0.006  0.160  0.098  0.026  0.002  0.002  0.000  0.000  0.000  0.296
   0.13414     -2.287162  0.006  0.158  0.096  0.028  0.002  0.002  0.000  0.000  0.000  0.292
   0.15650     -2.322755  0.008  0.034  0.004  0.164  0.000  0.000  0.004  0.002  0.004  0.222
   0.17885     -2.230474  0.010  0.044  0.006  0.160  0.000  0.000  0.002  0.002  0.004  0.230
   0.20121     -2.147079  0.010  0.052  0.014  0.154  0.000  0.000  0.002  0.002  0.002  0.238
   0.22357     -2.168283  0.012  0.150  0.034  0.030  0.000  0.004  0.000  0.000  0.000  0.232
   0.24592     -2.216219  0.012  0.144  0.038  0.032  0.000  0.004  0.000  0.000  0.000  0.232
   0.26828     -2.189418  0.004  0.078  0.132  0.140  0.000  0.000  0.000  0.002  0.002  0.358
   0.29064     -2.107681  0.002  0.084  0.136  0.132  0.000  0.000  0.000  0.002  0.002  0.358
   0.31299     -2.038229  0.002  0.088  0.140  0.124  0.000  0.000  0.000  0.002  0.002  0.356
   0.33535     -1.981578  0.000  0.090  0.140  0.114  0.000  0.000  0.000  0.002  0.002  0.350
   0.35771     -1.937284  0.000  0.092  0.140  0.106  0.000  0.000  0.000  0.002  0.002  0.342
   0.38006     -1.904238  0.000  0.092  0.138  0.100  0.000  0.000  0.000  0.000  0.000  0.332
   0.40242     -1.881060  0.000  0.092  0.134  0.094  0.000  0.000  0.000  0.000  0.000  0.324
   0.42478     -1.866448  0.000  0.090  0.130  0.092  0.000  0.000  0.000  0.000  0.000  0.316
   0.42478     -1.866448  0.000  0.090  0.130  0.092  0.000  0.000  0.000  0.000  0.000  0.316
   0.46957     -1.903657  0.000  0.096  0.138  0.094  0.000  0.000  0.000  0.000  0.000  0.332
   0.51436     -1.979969  0.000  0.106  0.140  0.098  0.002  0.002  0.000  0.000  0.000  0.350
   0.55915     -2.104673  0.002  0.118  0.136  0.096  0.002  0.002  0.000  0.000  0.000  0.358
   0.60395     -2.277564  0.004  0.128  0.128  0.092  0.002  0.002  0.000  0.000  0.000  0.356
   0.64874     -2.485068  0.006  0.132  0.118  0.084  0.002  0.002  0.002  0.000  0.000  0.346
   0.69353     -2.687066  0.006  0.110  0.036  0.042  0.000  0.002  0.000  0.000  0.002  0.198
   0.73832     -2.771743  0.006  0.090  0.048  0.048  0.000  0.002  0.002  0.000  0.002  0.196
   0.78311     -2.840209  0.008  0.066  0.062  0.056  0.000  0.000  0.002  0.000  0.002  0.196
   0.82791     -2.908418  0.002  0.120  0.024  0.046  0.002  0.002  0.002  0.000  0.000  0.198
   0.87270     -3.076279  0.002  0.114  0.032  0.042  0.002  0.002  0.002  0.000  0.000  0.196
   0.91749     -3.169733  0.010  0.010  0.080  0.134  0.000  0.002  0.000  0.002  0.000  0.240
   0.96228     -3.086686  0.010  0.016  0.080  0.136  0.000  0.002  0.000  0.002  0.000  0.246
   1.00708     -2.990201  0.008  0.024  0.080  0.134  0.000  0.002  0.000  0.002  0.000  0.254
   1.05187     -2.887496  0.008  0.034  0.080  0.134  0.000  0.002  0.000  0.002  0.000  0.260
   1.09666     -2.787630  0.008  0.044  0.078  0.130  0.000  0.002  0.000  0.002  0.000  0.264
   1.14145     -2.699471  0.008  0.054  0.074  0.120  0.000  0.002  0.000  0.002  0.000  0.262
   1.18624     -2.627831  0.008  0.062  0.070  0.112  0.000  0.002  0.000  0.002  0.000  0.258
   1.23104     -2.571914  0.010  0.066  0.066  0.104  0.000  0.002  0.000  0.002  0.000  0.248
   1.27583     -2.528666  0.010  0.064  0.061  0.101  0.000  0.001  0.000  0.002  0.000  0.239
   1.27583     -2.528666  0.010  0.064  0.061  0.101  0.000  0.001  0.000  0.002  0.000  0.240
   1.32062     -2.571914  0.010  0.066  0.066  0.104  0.000  0.002  0.000  0.002  0.000  0.248
   1.36541     -2.627831  0.008  0.062  0.070  0.112  0.000  0.002  0.000  0.002  0.000  0.258
   1.41020     -2.699471  0.008  0.054  0.074  0.120  0.000  0.002  0.000  0.002  0.000  0.262
   1.45500     -2.787630  0.008  0.044  0.078  0.130  0.000  0.002  0.000  0.002  0.000  0.264
   1.49979     -2.887496  0.008  0.034  0.080  0.134  0.000  0.002  0.000  0.002  0.000  0.260
   1.54458     -2.990201  0.008  0.024  0.080  0.134  0.000  0.002  0.000  0.002  0.000  0.254
   1.58937     -3.086686  0.010  0.016  0.080  0.136  0.000  0.002  0.000  0.002  0.000  0.246
   1.63417     -3.169733  0.010  0.010  0.080  0.134  0.000  0.002  0.000  0.002  0.000  0.240
   1.67896     -3.076279  0.002  0.114  0.032  0.042  0.002  0.002  0.002  0.000  0.000  0.196
   1.72375     -2.908418  0.002  0.120  0.024  0.046  0.002  0.002  0.002  0.000  0.000  0.198
   1.76854     -2.840209  0.008  0.066  0.062  0.056  0.000  0.000  0.002  0.000  0.002  0.196
   1.81333     -2.771743  0.006  0.090  0.048  0.048  0.000  0.002  0.002  0.000  0.002  0.196
   1.85813     -2.687066  0.006  0.110  0.036  0.042  0.000  0.002  0.000  0.000  0.002  0.198
   1.90292     -2.485068  0.006  0.132  0.118  0.084  0.002  0.002  0.002  0.000  0.000  0.346
   1.94771     -2.277564  0.004  0.128  0.128  0.092  0.002  0.002  0.000  0.000  0.000  0.356
   1.99250     -2.104673  0.002  0.118  0.136  0.096  0.002  0.002  0.000  0.000  0.000  0.358
   2.03729     -1.979969  0.000  0.106  0.140  0.098  0.002  0.002  0.000  0.000  0.000  0.350
   2.08209     -1.903657  0.000  0.096  0.138  0.094  0.000  0.000  0.000  0.000  0.000  0.332
   2.12688     -1.866448  0.000  0.090  0.130  0.092  0.000  0.000  0.000  0.000  0.000  0.316
   2.12688     -1.866448  0.000  0.090  0.130  0.092  0.000  0.000  0.000  0.000  0.000  0.316
   2.16569     -1.896481  0.000  0.096  0.138  0.092  0.000  0.000  0.000  0.000  0.000  0.330
   2.20451     -1.954675  0.000  0.108  0.140  0.092  0.002  0.002  0.000  0.000  0.000  0.346
   2.24332     -2.047579  0.002  0.122  0.138  0.090  0.002  0.002  0.000  0.000  0.000  0.356
   2.28213     -2.177341  0.004  0.136  0.132  0.082  0.002  0.002  0.000  0.000  0.000  0.358
   2.32095     -2.337647  0.004  0.146  0.124  0.074  0.002  0.002  0.000  0.000  0.000  0.354
   2.35976     -2.516097  0.006  0.150  0.116  0.066  0.002  0.002  0.002  0.000  0.000  0.344
   2.39858     -2.577558  0.010  0.096  0.050  0.030  0.000  0.002  0.000  0.000  0.002  0.192
   2.43739     -2.577992  0.014  0.080  0.064  0.028  0.000  0.000  0.000  0.000  0.002  0.192
   2.47620     -2.576159  0.006  0.158  0.008  0.024  0.004  0.002  0.004  0.000  0.000  0.206
   2.51502     -2.710050  0.004  0.152  0.016  0.020  0.004  0.002  0.004  0.000  0.000  0.200
   2.55383     -2.826546  0.002  0.144  0.022  0.020  0.002  0.002  0.002  0.000  0.000  0.194
   2.59265     -2.921712  0.000  0.136  0.028  0.020  0.002  0.002  0.002  0.000  0.000  0.192
   2.63146     -2.949410  0.018  0.064  0.138  0.064  0.000  0.000  0.000  0.000  0.000  0.286
   2.67027     -2.973674  0.018  0.064  0.138  0.062  0.000  0.000  0.000  0.000  0.000  0.284
   2.70909     -3.022549  0.018  0.068  0.134  0.056  0.000  0.000  0.000  0.000  0.000  0.278
   2.74790     -3.085465  0.016  0.072  0.130  0.052  0.000  0.000  0.000  0.000  0.000  0.272
   2.78671     -3.151345  0.016  0.078  0.124  0.048  0.000  0.000  0.000  0.000  0.000  0.266
   2.82553     -3.209359  0.014  0.088  0.114  0.042  0.002  0.000  0.000  0.000  0.000  0.258
   2.86434     -3.242382  0.010  0.112  0.092  0.028  0.002  0.000  0.000  0.002  0.000  0.244
 
# Band-Index:   34
   2.86434     -3.242382  0.010  0.112  0.092  0.028  0.002  0.000  0.000  0.002  0.000  0.244
   2.82553     -3.192820  0.006  0.098  0.032  0.052  0.002  0.000  0.000  0.004  0.000  0.196
   2.78671     -3.104012  0.008  0.050  0.046  0.066  0.002  0.000  0.000  0.004  0.000  0.178
   2.74790     -3.068898  0.006  0.044  0.074  0.046  0.004  0.000  0.002  0.002  0.000  0.178
   2.70909     -3.020366  0.010  0.004  0.090  0.106  0.004  0.000  0.000  0.002  0.000  0.218
   2.67027     -2.882461  0.008  0.024  0.064  0.146  0.004  0.000  0.000  0.004  0.000  0.250
   2.63146     -2.718453  0.006  0.030  0.060  0.156  0.004  0.000  0.000  0.004  0.000  0.260
   2.59265     -2.544716  0.006  0.028  0.064  0.162  0.004  0.000  0.000  0.004  0.000  0.268
   2.55383     -2.491735  0.024  0.040  0.110  0.028  0.000  0.000  0.000  0.000  0.000  0.206
   2.51502     -2.532780  0.022  0.052  0.096  0.028  0.000  0.000  0.000  0.000  0.002  0.200
   2.47620     -2.562739  0.018  0.066  0.080  0.028  0.000  0.000  0.000  0.000  0.002  0.196
   2.43739     -2.431544  0.008  0.162  0.004  0.030  0.002  0.002  0.004  0.000  0.000  0.214
   2.39858     -2.286150  0.010  0.162  0.004  0.042  0.002  0.002  0.004  0.000  0.000  0.226
   2.35976     -2.152432  0.010  0.152  0.014  0.056  0.002  0.002  0.002  0.000  0.000  0.240
   2.32095     -2.041635  0.008  0.138  0.032  0.068  0.002  0.002  0.002  0.000  0.000  0.254
   2.28213     -1.959012  0.006  0.120  0.056  0.078  0.002  0.002  0.002  0.000  0.000  0.268
   2.24332     -1.903402  0.004  0.104  0.080  0.084  0.002  0.002  0.002  0.000  0.000  0.280
   2.20451     -1.871005  0.002  0.094  0.100  0.088  0.000  0.000  0.002  0.000  0.000  0.290
   2.16569     -1.858850  0.002  0.090  0.116  0.090  0.000  0.000  0.000  0.000  0.000  0.302
   2.12688     -1.866448  0.000  0.090  0.130  0.092  0.000  0.000  0.000  0.000  0.000  0.316
   2.12688     -1.866448  0.000  0.090  0.130  0.092  0.000  0.000  0.000  0.000  0.000  0.316
   2.08209     -1.859390  0.002  0.090  0.114  0.090  0.000  0.000  0.000  0.000  0.000  0.300
   2.03729     -1.878834  0.004  0.094  0.094  0.090  0.002  0.000  0.002  0.000  0.000  0.286
   1.99250     -1.927285  0.006  0.104  0.068  0.090  0.002  0.002  0.002  0.000  0.002  0.274
   1.94771     -2.012693  0.008  0.116  0.038  0.088  0.002  0.002  0.002  0.002  0.002  0.258
   1.90292     -2.143708  0.010  0.128  0.014  0.080  0.002  0.002  0.002  0.000  0.002  0.240
   1.85813     -2.317837  0.008  0.132  0.004  0.068  0.002  0.002  0.004  0.000  0.002  0.222
   1.81333     -2.516794  0.006  0.130  0.008  0.058  0.002  0.002  0.002  0.000  0.002  0.212
   1.76854     -2.718857  0.004  0.124  0.016  0.050  0.002  0.002  0.002  0.000  0.002  0.204
   1.72375     -2.878979  0.010  0.042  0.072  0.070  0.000  0.000  0.002  0.000  0.000  0.196
   1.67896     -2.879334  0.010  0.024  0.072  0.090  0.000  0.000  0.002  0.000  0.000  0.196
   1.63417     -2.841352  0.008  0.012  0.062  0.110  0.000  0.000  0.002  0.000  0.000  0.196
   1.58937     -2.773822  0.006  0.006  0.050  0.130  0.000  0.000  0.002  0.000  0.002  0.196
   1.54458     -2.690140  0.006  0.008  0.036  0.144  0.000  0.000  0.000  0.002  0.002  0.198
   1.49979     -2.605633  0.006  0.012  0.028  0.150  0.000  0.002  0.000  0.002  0.002  0.200
   1.45500     -2.536194  0.006  0.020  0.028  0.146  0.000  0.002  0.000  0.002  0.002  0.206
   1.41020     -2.537530  0.008  0.064  0.078  0.110  0.000  0.000  0.000  0.002  0.000  0.266
   1.36541     -2.561937  0.008  0.064  0.074  0.106  0.000  0.002  0.000  0.002  0.000  0.256
   1.32062     -2.558964  0.008  0.064  0.068  0.102  0.000  0.002  0.000  0.002  0.000  0.246
   1.27583     -2.528666  0.010  0.064  0.061  0.101  0.000  0.001  0.000  0.002  0.000  0.240
   1.27583     -2.528666  0.010  0.064  0.061  0.101  0.000  0.001  0.000  0.002  0.000  0.239
   1.23104     -2.558964  0.008  0.064  0.068  0.102  0.000  0.002  0.000  0.002  0.000  0.246
   1.18624     -2.561937  0.008  0.064  0.074  0.106  0.000  0.002  0.000  0.002  0.000  0.256
   1.14145     -2.537530  0.008  0.064  0.078  0.110  0.000  0.000  0.000  0.002  0.000  0.266
   1.09666     -2.536194  0.006  0.020  0.028  0.146  0.000  0.002  0.000  0.002  0.002  0.206
   1.05187     -2.605633  0.006  0.012  0.028  0.150  0.000  0.002  0.000  0.002  0.002  0.200
   1.00708     -2.690140  0.006  0.008  0.036  0.144  0.000  0.000  0.000  0.002  0.002  0.198
   0.96228     -2.773822  0.006  0.006  0.050  0.130  0.000  0.000  0.002  0.000  0.002  0.196
   0.91749     -2.841352  0.008  0.012  0.062  0.110  0.000  0.000  0.002  0.000  0.000  0.196
   0.87270     -2.879334  0.010  0.024  0.072  0.090  0.000  0.000  0.002  0.000  0.000  0.196
   0.82791     -2.878979  0.010  0.042  0.072  0.070  0.000  0.000  0.002  0.000  0.000  0.196
   0.78311     -2.718857  0.004  0.124  0.016  0.050  0.002  0.002  0.002  0.000  0.002  0.204
   0.73832     -2.516794  0.006  0.130  0.008  0.058  0.002  0.002  0.002  0.000  0.002  0.212
   0.69353     -2.317837  0.008  0.132  0.004  0.068  0.002  0.002  0.004  0.000  0.002  0.222
   0.64874     -2.143708  0.010  0.128  0.014  0.080  0.002  0.002  0.002  0.000  0.002  0.240
   0.60395     -2.012693  0.008  0.116  0.038  0.088  0.002  0.002  0.002  0.002  0.002  0.258
   0.55915     -1.927285  0.006  0.104  0.068  0.090  0.002  0.002  0.002  0.000  0.002  0.274
   0.51436     -1.878834  0.004  0.094  0.094  0.090  0.002  0.000  0.002  0.000  0.000  0.286
   0.46957     -1.859390  0.002  0.090  0.114  0.090  0.000  0.000  0.000  0.000  0.000  0.300
   0.42478     -1.866448  0.000  0.090  0.130  0.092  0.000  0.000  0.000  0.000  0.000  0.316
   0.42478     -1.866448  0.000  0.090  0.130  0.092  0.000  0.000  0.000  0.000  0.000  0.316
   0.40242     -1.859374  0.000  0.090  0.122  0.090  0.000  0.000  0.000  0.000  0.000  0.308
   0.38006     -1.859177  0.002  0.088  0.114  0.092  0.000  0.000  0.000  0.000  0.000  0.300
   0.35771     -1.865590  0.002  0.088  0.104  0.094  0.000  0.000  0.002  0.000  0.000  0.292
   0.33535     -1.878746  0.004  0.086  0.094  0.098  0.000  0.000  0.002  0.002  0.002  0.286
   0.31299     -1.899170  0.004  0.084  0.080  0.104  0.000  0.000  0.002  0.002  0.002  0.280
   0.29064     -1.927759  0.006  0.080  0.066  0.112  0.000  0.000  0.002  0.002  0.002  0.272
   0.26828     -1.965713  0.006  0.076  0.052  0.122  0.000  0.000  0.002  0.002  0.002  0.264
   0.24592     -2.014349  0.008  0.070  0.036  0.134  0.000  0.000  0.002  0.002  0.002  0.256
   0.22357     -2.074720  0.008  0.062  0.024  0.144  0.000  0.000  0.002  0.002  0.002  0.248
   0.20121     -2.119626  0.010  0.156  0.032  0.028  0.002  0.004  0.000  0.000  0.000  0.232
   0.17885     -2.070381  0.010  0.160  0.030  0.026  0.002  0.004  0.000  0.000  0.000  0.232
   0.15650     -2.020608  0.010  0.164  0.028  0.024  0.002  0.004  0.000  0.000  0.000  0.232
   0.13414     -1.970331  0.008  0.168  0.026  0.024  0.002  0.004  0.000  0.000  0.000  0.232
   0.11178     -1.919571  0.008  0.170  0.026  0.022  0.002  0.004  0.000  0.000  0.000  0.232
   0.08943     -1.868362  0.008  0.170  0.026  0.022  0.002  0.004  0.000  0.000  0.000  0.232
   0.06707     -1.822925  0.002  0.148  0.144  0.006  0.002  0.002  0.000  0.000  0.000  0.304
   0.04471     -1.878472  0.002  0.154  0.136  0.010  0.002  0.002  0.000  0.000  0.000  0.304
   0.02236     -1.932852  0.002  0.158  0.128  0.012  0.002  0.002  0.000  0.000  0.000  0.304
   0.00000     -1.986344  0.002  0.160  0.122  0.014  0.002  0.002  0.000  0.000  0.000  0.304
 
# Band-Index:   35
   0.00000     -1.661428  0.008  0.160  0.026  0.020  0.002  0.004  0.000  0.000  0.000  0.224
   0.02236     -1.713083  0.008  0.166  0.026  0.020  0.002  0.004  0.000  0.000  0.000  0.226
   0.04471     -1.764955  0.008  0.168  0.024  0.020  0.002  0.004  0.000  0.000  0.000  0.228
   0.06707     -1.816780  0.008  0.170  0.024  0.020  0.002  0.004  0.000  0.000  0.000  0.230
   0.08943     -1.765664  0.000  0.140  0.152  0.004  0.002  0.002  0.000  0.000  0.000  0.304
   0.11178     -1.705788  0.000  0.132  0.162  0.004  0.002  0.002  0.000  0.000  0.002  0.302
   0.13414     -1.641954  0.000  0.120  0.170  0.004  0.002  0.002  0.000  0.000  0.002  0.300
   0.15650     -1.572344  0.000  0.108  0.176  0.006  0.002  0.002  0.000  0.000  0.002  0.296
   0.17885     -1.494820  0.000  0.092  0.182  0.010  0.002  0.002  0.000  0.000  0.002  0.290
   0.20121     -1.467219  0.012  0.100  0.062  0.038  0.000  0.004  0.000  0.000  0.000  0.220
   0.22357     -1.512770  0.018  0.084  0.066  0.044  0.000  0.002  0.000  0.000  0.000  0.214
   0.24592     -1.557419  0.016  0.088  0.062  0.044  0.000  0.002  0.000  0.000  0.000  0.214
   0.26828     -1.597712  0.014  0.094  0.058  0.042  0.000  0.002  0.000  0.000  0.000  0.216
   0.29064     -1.633102  0.014  0.100  0.056  0.042  0.000  0.002  0.000  0.000  0.000  0.216
   0.31299     -1.663184  0.012  0.106  0.052  0.040  0.000  0.004  0.000  0.000  0.000  0.216
   0.33535     -1.687696  0.012  0.110  0.050  0.040  0.000  0.004  0.000  0.000  0.000  0.216
   0.35771     -1.706487  0.010  0.114  0.048  0.038  0.000  0.004  0.000  0.000  0.000  0.218
   0.38006     -1.719499  0.010  0.118  0.046  0.038  0.000  0.004  0.000  0.000  0.000  0.218
   0.40242     -1.726747  0.010  0.120  0.046  0.038  0.000  0.004  0.000  0.000  0.000  0.218
   0.42478     -1.728292  0.008  0.122  0.046  0.038  0.000  0.004  0.000  0.000  0.000  0.218
   0.42478     -1.728292  0.008  0.122  0.046  0.038  0.000  0.004  0.000  0.000  0.000  0.218
   0.46957     -1.752971  0.010  0.116  0.036  0.038  0.000  0.004  0.000  0.000  0.002  0.204
   0.51436     -1.791371  0.010  0.102  0.034  0.040  0.000  0.002  0.000  0.000  0.002  0.192
   0.55915     -1.829326  0.012  0.084  0.058  0.040  0.000  0.002  0.000  0.000  0.002  0.198
   0.60395     -1.866416  0.014  0.060  0.104  0.042  0.000  0.002  0.000  0.000  0.002  0.224
   0.64874     -1.890779  0.016  0.042  0.130  0.044  0.000  0.002  0.000  0.000  0.000  0.236
   0.69353     -1.897679  0.016  0.034  0.146  0.042  0.000  0.002  0.000  0.000  0.000  0.242
   0.73832     -1.892799  0.018  0.032  0.156  0.038  0.000  0.000  0.000  0.000  0.000  0.248
   0.78311     -1.884078  0.018  0.034  0.164  0.034  0.000  0.000  0.000  0.000  0.000  0.252
   0.82791     -1.939468  0.002  0.048  0.126  0.122  0.000  0.000  0.000  0.002  0.002  0.304
   0.87270     -2.046449  0.004  0.052  0.114  0.128  0.000  0.000  0.000  0.002  0.002  0.302
   0.91749     -2.149736  0.004  0.056  0.104  0.128  0.000  0.000  0.000  0.002  0.002  0.298
   0.96228     -2.248216  0.006  0.060  0.096  0.128  0.000  0.000  0.000  0.002  0.002  0.294
   1.00708     -2.339794  0.006  0.062  0.092  0.126  0.000  0.000  0.000  0.002  0.000  0.290
   1.05187     -2.421432  0.006  0.064  0.088  0.122  0.000  0.000  0.000  0.002  0.000  0.282
   1.09666     -2.489021  0.008  0.064  0.084  0.116  0.000  0.000  0.000  0.002  0.000  0.274
   1.14145     -2.494341  0.008  0.034  0.036  0.132  0.000  0.002  0.000  0.002  0.000  0.214
   1.18624     -2.483449  0.010  0.048  0.046  0.116  0.000  0.002  0.000  0.002  0.000  0.222
   1.23104     -2.497644  0.010  0.058  0.054  0.104  0.000  0.002  0.000  0.002  0.000  0.232
   1.27583     -2.528666  0.009  0.064  0.061  0.101  0.000  0.001  0.000  0.002  0.000  0.240
   1.27583     -2.528666  0.009  0.064  0.061  0.100  0.000  0.001  0.000  0.002  0.000  0.239
   1.32062     -2.497644  0.010  0.058  0.054  0.104  0.000  0.002  0.000  0.002  0.000  0.232
   1.36541     -2.483449  0.010  0.048  0.046  0.116  0.000  0.002  0.000  0.002  0.000  0.222
   1.41020     -2.494341  0.008  0.034  0.036  0.132  0.000  0.002  0.000  0.002  0.000  0.214
   1.45500     -2.489021  0.008  0.064  0.084  0.116  0.000  0.000  0.000  0.002  0.000  0.274
   1.49979     -2.421432  0.006  0.064  0.088  0.122  0.000  0.000  0.000  0.002  0.000  0.282
   1.54458     -2.339794  0.006  0.062  0.092  0.126  0.000  0.000  0.000  0.002  0.000  0.290
   1.58937     -2.248216  0.006  0.060  0.096  0.128  0.000  0.000  0.000  0.002  0.002  0.294
   1.63417     -2.149736  0.004  0.056  0.104  0.128  0.000  0.000  0.000  0.002  0.002  0.298
   1.67896     -2.046449  0.004  0.052  0.114  0.128  0.000  0.000  0.000  0.002  0.002  0.302
   1.72375     -1.939468  0.002  0.048  0.126  0.122  0.000  0.000  0.000  0.002  0.002  0.304
   1.76854     -1.884078  0.018  0.034  0.164  0.034  0.000  0.000  0.000  0.000  0.000  0.252
   1.81333     -1.892799  0.018  0.032  0.156  0.038  0.000  0.000  0.000  0.000  0.000  0.248
   1.85813     -1.897679  0.016  0.034  0.146  0.042  0.000  0.002  0.000  0.000  0.000  0.242
   1.90292     -1.890779  0.016  0.042  0.130  0.044  0.000  0.002  0.000  0.000  0.000  0.236
   1.94771     -1.866416  0.014  0.060  0.104  0.042  0.000  0.002  0.000  0.000  0.002  0.224
   1.99250     -1.829326  0.012  0.084  0.058  0.040  0.000  0.002  0.000  0.000  0.002  0.198
   2.03729     -1.791371  0.010  0.102  0.034  0.040  0.000  0.002  0.000  0.000  0.002  0.192
   2.08209     -1.752971  0.010  0.116  0.036  0.038  0.000  0.004  0.000  0.000  0.002  0.204
   2.12688     -1.728292  0.008  0.122  0.046  0.038  0.000  0.004  0.000  0.000  0.000  0.218
   2.12688     -1.728292  0.008  0.122  0.046  0.038  0.000  0.004  0.000  0.000  0.000  0.218
   2.16569     -1.755914  0.010  0.116  0.034  0.038  0.000  0.004  0.000  0.000  0.002  0.204
   2.20451     -1.804910  0.010  0.102  0.030  0.040  0.000  0.002  0.000  0.000  0.002  0.190
   2.24332     -1.861307  0.012  0.088  0.040  0.042  0.000  0.002  0.000  0.000  0.002  0.186
   2.28213     -1.927667  0.014  0.060  0.108  0.042  0.000  0.002  0.000  0.000  0.000  0.226
   2.32095     -2.000410  0.016  0.032  0.144  0.048  0.000  0.002  0.000  0.000  0.000  0.244
   2.35976     -2.066625  0.020  0.016  0.164  0.052  0.000  0.002  0.000  0.000  0.000  0.252
   2.39858     -2.125218  0.022  0.006  0.174  0.052  0.000  0.000  0.000  0.000  0.000  0.256
   2.43739     -2.178927  0.024  0.002  0.180  0.050  0.000  0.000  0.000  0.000  0.000  0.258
   2.47620     -2.230516  0.026  0.002  0.182  0.046  0.000  0.000  0.000  0.000  0.000  0.256
   2.51502     -2.280907  0.028  0.004  0.182  0.040  0.000  0.000  0.000  0.000  0.000  0.254
   2.55383     -2.367057  0.004  0.024  0.072  0.166  0.004  0.000  0.000  0.004  0.000  0.274
   2.59265     -2.446830  0.028  0.034  0.114  0.030  0.000  0.000  0.000  0.000  0.000  0.208
   2.63146     -2.433973  0.026  0.038  0.104  0.032  0.000  0.000  0.000  0.000  0.000  0.202
   2.67027     -2.489976  0.026  0.046  0.118  0.018  0.000  0.000  0.000  0.000  0.000  0.210
   2.70909     -2.663341  0.008  0.116  0.004  0.072  0.000  0.002  0.000  0.004  0.000  0.206
   2.74790     -2.819898  0.006  0.134  0.008  0.054  0.000  0.002  0.000  0.002  0.000  0.208
   2.78671     -2.923502  0.004  0.146  0.032  0.020  0.000  0.000  0.002  0.002  0.000  0.206
   2.82553     -2.930616  0.006  0.122  0.062  0.006  0.000  0.000  0.002  0.000  0.000  0.200
   2.86434     -2.885059  0.010  0.104  0.072  0.008  0.002  0.000  0.002  0.000  0.000  0.196
 
# Band-Index:   36
   2.86434     -2.885059  0.010  0.104  0.072  0.008  0.002  0.000  0.002  0.000  0.000  0.196
   2.82553     -2.817465  0.012  0.092  0.080  0.010  0.002  0.000  0.002  0.000  0.000  0.198
   2.78671     -2.737742  0.016  0.080  0.088  0.012  0.002  0.000  0.000  0.000  0.000  0.200
   2.74790     -2.652139  0.020  0.070  0.096  0.014  0.000  0.000  0.000  0.000  0.000  0.202
   2.70909     -2.566925  0.022  0.058  0.108  0.016  0.000  0.000  0.000  0.000  0.000  0.206
   2.67027     -2.487526  0.008  0.106  0.002  0.082  0.002  0.002  0.000  0.004  0.000  0.208
   2.63146     -2.381800  0.036  0.006  0.210  0.008  0.000  0.000  0.000  0.000  0.000  0.262
   2.59265     -2.370440  0.034  0.008  0.198  0.016  0.000  0.000  0.000  0.000  0.000  0.256
   2.55383     -2.328556  0.030  0.006  0.184  0.030  0.000  0.000  0.000  0.000  0.000  0.252
   2.51502     -2.189389  0.002  0.018  0.086  0.166  0.004  0.000  0.000  0.004  0.000  0.280
   2.47620     -2.052791  0.010  0.054  0.038  0.070  0.002  0.000  0.000  0.000  0.002  0.174
   2.43739     -2.021488  0.010  0.050  0.042  0.068  0.002  0.000  0.000  0.000  0.002  0.176
   2.39858     -1.994218  0.012  0.048  0.044  0.068  0.000  0.000  0.000  0.000  0.002  0.174
   2.35976     -1.967601  0.012  0.048  0.044  0.066  0.000  0.000  0.000  0.000  0.002  0.176
   2.32095     -1.937202  0.012  0.052  0.046  0.064  0.000  0.002  0.000  0.000  0.002  0.180
   2.28213     -1.897689  0.012  0.060  0.060  0.062  0.000  0.002  0.000  0.000  0.002  0.196
   2.24332     -1.839930  0.010  0.072  0.100  0.052  0.000  0.002  0.000  0.000  0.000  0.238
   2.20451     -1.775994  0.010  0.098  0.084  0.044  0.000  0.004  0.000  0.000  0.000  0.238
   2.16569     -1.734609  0.008  0.116  0.062  0.038  0.000  0.004  0.000  0.000  0.000  0.230
   2.12688     -1.728292  0.008  0.122  0.046  0.038  0.000  0.004  0.000  0.000  0.000  0.218
   2.12688     -1.728292  0.008  0.122  0.046  0.038  0.000  0.004  0.000  0.000  0.000  0.218
   2.08209     -1.731625  0.008  0.114  0.062  0.040  0.000  0.004  0.000  0.000  0.000  0.230
   2.03729     -1.762188  0.010  0.096  0.084  0.044  0.000  0.004  0.000  0.000  0.000  0.236
   1.99250     -1.798689  0.012  0.070  0.090  0.054  0.000  0.002  0.000  0.000  0.000  0.228
   1.94771     -1.808306  0.014  0.054  0.074  0.058  0.000  0.002  0.000  0.000  0.002  0.204
   1.90292     -1.790245  0.016  0.044  0.074  0.060  0.000  0.000  0.000  0.000  0.002  0.198
   1.85813     -1.757400  0.018  0.040  0.078  0.058  0.000  0.000  0.000  0.000  0.002  0.196
   1.81333     -1.721558  0.018  0.040  0.082  0.054  0.000  0.000  0.000  0.000  0.002  0.196
   1.76854     -1.828338  0.002  0.042  0.142  0.114  0.002  0.000  0.000  0.002  0.002  0.304
   1.72375     -1.877925  0.018  0.038  0.166  0.028  0.000  0.000  0.000  0.000  0.000  0.254
   1.67896     -1.877828  0.018  0.044  0.166  0.022  0.000  0.000  0.000  0.000  0.000  0.254
   1.63417     -1.883867  0.018  0.052  0.164  0.016  0.000  0.000  0.000  0.000  0.000  0.252
   1.58937     -1.931504  0.008  0.060  0.024  0.134  0.000  0.002  0.000  0.004  0.002  0.232
   1.54458     -2.032428  0.008  0.060  0.026  0.132  0.000  0.002  0.000  0.004  0.002  0.234
   1.49979     -2.130890  0.010  0.060  0.030  0.126  0.000  0.002  0.000  0.004  0.000  0.234
   1.45500     -2.226548  0.012  0.062  0.036  0.118  0.000  0.002  0.000  0.002  0.000  0.232
   1.41020     -2.318068  0.012  0.062  0.042  0.112  0.000  0.002  0.000  0.002  0.000  0.232
   1.36541     -2.402380  0.012  0.062  0.048  0.106  0.000  0.002  0.000  0.002  0.000  0.232
   1.32062     -2.474581  0.012  0.064  0.054  0.102  0.000  0.002  0.000  0.002  0.000  0.234
   1.27583     -2.528666  0.009  0.064  0.061  0.100  0.000  0.001  0.000  0.002  0.000  0.239
   1.27583     -2.528666  0.009  0.064  0.061  0.101  0.000  0.001  0.000  0.002  0.000  0.240
   1.23104     -2.474581  0.012  0.064  0.054  0.102  0.000  0.002  0.000  0.002  0.000  0.234
   1.18624     -2.402380  0.012  0.062  0.048  0.106  0.000  0.002  0.000  0.002  0.000  0.232
   1.14145     -2.318068  0.012  0.062  0.042  0.112  0.000  0.002  0.000  0.002  0.000  0.232
   1.09666     -2.226548  0.012  0.062  0.036  0.118  0.000  0.002  0.000  0.002  0.000  0.232
   1.05187     -2.130890  0.010  0.060  0.030  0.126  0.000  0.002  0.000  0.004  0.000  0.234
   1.00708     -2.032428  0.008  0.060  0.026  0.132  0.000  0.002  0.000  0.004  0.002  0.234
   0.96228     -1.931504  0.008  0.060  0.024  0.134  0.000  0.002  0.000  0.004  0.002  0.232
   0.91749     -1.883867  0.018  0.052  0.164  0.016  0.000  0.000  0.000  0.000  0.000  0.252
   0.87270     -1.877828  0.018  0.044  0.166  0.022  0.000  0.000  0.000  0.000  0.000  0.254
   0.82791     -1.877925  0.018  0.038  0.166  0.028  0.000  0.000  0.000  0.000  0.000  0.254
   0.78311     -1.828338  0.002  0.042  0.142  0.114  0.002  0.000  0.000  0.002  0.002  0.304
   0.73832     -1.721558  0.018  0.040  0.082  0.054  0.000  0.000  0.000  0.000  0.002  0.196
   0.69353     -1.757400  0.018  0.040  0.078  0.058  0.000  0.000  0.000  0.000  0.002  0.196
   0.64874     -1.790245  0.016  0.044  0.074  0.060  0.000  0.000  0.000  0.000  0.002  0.198
   0.60395     -1.808306  0.014  0.054  0.074  0.058  0.000  0.002  0.000  0.000  0.002  0.204
   0.55915     -1.798689  0.012  0.070  0.090  0.054  0.000  0.002  0.000  0.000  0.000  0.228
   0.51436     -1.762188  0.010  0.096  0.084  0.044  0.000  0.004  0.000  0.000  0.000  0.236
   0.46957     -1.731625  0.008  0.114  0.062  0.040  0.000  0.004  0.000  0.000  0.000  0.230
   0.42478     -1.728292  0.008  0.122  0.046  0.038  0.000  0.004  0.000  0.000  0.000  0.218
   0.42478     -1.728292  0.008  0.122  0.046  0.038  0.000  0.004  0.000  0.000  0.000  0.218
   0.40242     -1.724235  0.008  0.122  0.046  0.038  0.000  0.004  0.000  0.000  0.000  0.218
   0.38006     -1.714700  0.008  0.122  0.046  0.038  0.000  0.004  0.000  0.000  0.000  0.218
   0.35771     -1.699842  0.010  0.120  0.046  0.038  0.000  0.004  0.000  0.000  0.000  0.218
   0.33535     -1.679842  0.010  0.118  0.048  0.038  0.000  0.004  0.000  0.000  0.000  0.218
   0.31299     -1.654915  0.010  0.116  0.050  0.038  0.000  0.004  0.000  0.000  0.000  0.218
   0.29064     -1.625321  0.010  0.114  0.052  0.038  0.000  0.004  0.000  0.000  0.000  0.218
   0.26828     -1.591364  0.010  0.110  0.054  0.038  0.000  0.004  0.000  0.000  0.000  0.218
   0.24592     -1.553404  0.012  0.108  0.056  0.038  0.000  0.004  0.000  0.000  0.000  0.220
   0.22357     -1.511862  0.012  0.104  0.060  0.038  0.000  0.004  0.000  0.000  0.000  0.220
   0.20121     -1.464461  0.018  0.078  0.070  0.044  0.000  0.002  0.000  0.000  0.000  0.214
   0.17885     -1.420022  0.012  0.098  0.066  0.038  0.002  0.004  0.000  0.000  0.000  0.220
   0.15650     -1.370871  0.012  0.094  0.070  0.036  0.002  0.004  0.000  0.000  0.000  0.220
   0.13414     -1.376044  0.014  0.094  0.040  0.030  0.002  0.002  0.002  0.000  0.000  0.186
   0.11178     -1.419160  0.012  0.110  0.038  0.026  0.002  0.002  0.002  0.000  0.000  0.194
   0.08943     -1.464261  0.010  0.124  0.036  0.024  0.002  0.002  0.002  0.000  0.000  0.202
   0.06707     -1.511343  0.010  0.136  0.032  0.024  0.002  0.004  0.002  0.000  0.000  0.210
   0.04471     -1.560156  0.008  0.146  0.030  0.022  0.002  0.004  0.002  0.000  0.000  0.216
   0.02236     -1.610322  0.008  0.154  0.028  0.022  0.002  0.004  0.000  0.000  0.000  0.220
   0.00000     -1.661428  0.008  0.160  0.026  0.020  0.002  0.004  0.000  0.000  0.000  0.224
 
# Band-Index:   37
   0.00000     -1.027093  0.010  0.088  0.094  0.020  0.002  0.004  0.000  0.000  0.000  0.218
   0.02236     -1.071988  0.010  0.088  0.092  0.022  0.002  0.004  0.000  0.000  0.000  0.220
   0.04471     -1.119089  0.012  0.088  0.090  0.026  0.002  0.004  0.000  0.000  0.000  0.220
   0.06707     -1.168035  0.012  0.088  0.086  0.028  0.002  0.004  0.000  0.000  0.000  0.220
   0.08943     -1.218319  0.012  0.088  0.082  0.032  0.002  0.004  0.000  0.000  0.000  0.220
   0.11178     -1.269335  0.012  0.090  0.078  0.034  0.002  0.004  0.000  0.000  0.000  0.220
   0.13414     -1.320414  0.012  0.092  0.074  0.036  0.002  0.004  0.000  0.000  0.000  0.220
   0.15650     -1.360299  0.020  0.068  0.078  0.042  0.000  0.002  0.000  0.000  0.000  0.212
   0.17885     -1.413324  0.020  0.072  0.074  0.044  0.000  0.002  0.000  0.000  0.000  0.214
   0.20121     -1.407338  0.002  0.076  0.182  0.018  0.002  0.000  0.000  0.002  0.002  0.284
   0.22357     -1.308614  0.004  0.060  0.178  0.028  0.000  0.000  0.000  0.002  0.004  0.276
   0.24592     -1.198704  0.006  0.044  0.172  0.042  0.000  0.000  0.000  0.002  0.004  0.270
   0.26828     -1.108051  0.024  0.008  0.036  0.062  0.000  0.000  0.006  0.002  0.002  0.140
   0.29064     -1.047610  0.026  0.002  0.034  0.070  0.000  0.000  0.006  0.002  0.002  0.140
   0.31299     -0.980480  0.026  0.002  0.030  0.078  0.000  0.000  0.006  0.002  0.002  0.146
   0.33535     -0.908713  0.026  0.006  0.030  0.084  0.000  0.000  0.006  0.002  0.002  0.156
   0.35771     -0.836269  0.024  0.018  0.030  0.088  0.000  0.000  0.004  0.002  0.002  0.168
   0.38006     -0.768510  0.020  0.034  0.034  0.086  0.000  0.000  0.004  0.002  0.002  0.180
   0.40242     -0.710959  0.014  0.052  0.040  0.080  0.000  0.000  0.004  0.002  0.002  0.194
   0.42478     -0.667829  0.010  0.068  0.050  0.072  0.002  0.002  0.002  0.002  0.002  0.206
   0.42478     -0.667829  0.010  0.068  0.050  0.072  0.002  0.002  0.002  0.002  0.002  0.206
   0.46957     -0.766339  0.020  0.070  0.034  0.048  0.002  0.002  0.004  0.000  0.000  0.182
   0.51436     -0.905216  0.026  0.064  0.030  0.028  0.002  0.002  0.006  0.000  0.000  0.156
   0.55915     -1.044526  0.026  0.054  0.032  0.020  0.002  0.002  0.006  0.000  0.000  0.142
   0.60395     -1.193946  0.006  0.044  0.170  0.042  0.002  0.002  0.000  0.000  0.002  0.268
   0.64874     -1.405564  0.002  0.034  0.178  0.062  0.002  0.002  0.000  0.002  0.002  0.282
   0.69353     -1.573602  0.000  0.032  0.174  0.082  0.002  0.000  0.000  0.002  0.002  0.294
   0.73832     -1.709465  0.000  0.036  0.160  0.100  0.002  0.000  0.000  0.002  0.002  0.302
   0.78311     -1.692058  0.018  0.042  0.086  0.048  0.002  0.000  0.000  0.000  0.002  0.198
   0.82791     -1.675414  0.020  0.046  0.088  0.042  0.002  0.000  0.000  0.000  0.002  0.198
   0.87270     -1.723853  0.008  0.058  0.024  0.130  0.000  0.002  0.000  0.004  0.002  0.226
   0.91749     -1.828365  0.008  0.058  0.024  0.134  0.000  0.002  0.000  0.004  0.002  0.230
   0.96228     -1.892715  0.018  0.058  0.158  0.012  0.000  0.000  0.000  0.000  0.000  0.248
   1.00708     -1.898109  0.016  0.062  0.148  0.014  0.000  0.000  0.000  0.002  0.000  0.244
   1.05187     -1.892214  0.016  0.064  0.132  0.020  0.000  0.000  0.000  0.002  0.000  0.236
   1.09666     -1.869187  0.014  0.062  0.106  0.038  0.000  0.000  0.000  0.002  0.000  0.224
   1.14145     -1.832770  0.012  0.054  0.062  0.066  0.002  0.002  0.000  0.002  0.000  0.202
   1.18624     -1.795784  0.010  0.054  0.036  0.086  0.002  0.002  0.000  0.002  0.000  0.192
   1.23104     -1.759436  0.010  0.056  0.036  0.096  0.002  0.002  0.000  0.002  0.000  0.204
   1.27583     -1.736225  0.009  0.057  0.047  0.099  0.000  0.002  0.000  0.003  0.000  0.217
   1.27583     -1.736225  0.009  0.058  0.047  0.098  0.000  0.001  0.000  0.002  0.000  0.217
   1.32062     -1.759436  0.010  0.056  0.036  0.096  0.002  0.002  0.000  0.002  0.000  0.204
   1.36541     -1.795784  0.010  0.054  0.036  0.086  0.002  0.002  0.000  0.002  0.000  0.192
   1.41020     -1.832770  0.012  0.054  0.062  0.066  0.002  0.002  0.000  0.002  0.000  0.202
   1.45500     -1.869187  0.014  0.062  0.106  0.038  0.000  0.000  0.000  0.002  0.000  0.224
   1.49979     -1.892214  0.016  0.064  0.132  0.020  0.000  0.000  0.000  0.002  0.000  0.236
   1.54458     -1.898109  0.016  0.062  0.148  0.014  0.000  0.000  0.000  0.002  0.000  0.244
   1.58937     -1.892715  0.018  0.058  0.158  0.012  0.000  0.000  0.000  0.000  0.000  0.248
   1.63417     -1.828365  0.008  0.058  0.024  0.134  0.000  0.002  0.000  0.004  0.002  0.230
   1.67896     -1.723853  0.008  0.058  0.024  0.130  0.000  0.002  0.000  0.004  0.002  0.226
   1.72375     -1.675414  0.020  0.046  0.088  0.042  0.002  0.000  0.000  0.000  0.002  0.198
   1.76854     -1.692058  0.018  0.042  0.086  0.048  0.002  0.000  0.000  0.000  0.002  0.198
   1.81333     -1.709465  0.000  0.036  0.160  0.100  0.002  0.000  0.000  0.002  0.002  0.302
   1.85813     -1.573602  0.000  0.032  0.174  0.082  0.002  0.000  0.000  0.002  0.002  0.294
   1.90292     -1.405564  0.002  0.034  0.178  0.062  0.002  0.002  0.000  0.002  0.002  0.282
   1.94771     -1.193946  0.006  0.044  0.170  0.042  0.002  0.002  0.000  0.000  0.002  0.268
   1.99250     -1.044526  0.026  0.054  0.032  0.020  0.002  0.002  0.006  0.000  0.000  0.142
   2.03729     -0.905216  0.026  0.064  0.030  0.028  0.002  0.002  0.006  0.000  0.000  0.156
   2.08209     -0.766339  0.020  0.070  0.034  0.048  0.002  0.002  0.004  0.000  0.000  0.182
   2.12688     -0.667829  0.010  0.068  0.050  0.072  0.002  0.002  0.002  0.002  0.002  0.206
   2.12688     -0.667829  0.010  0.068  0.050  0.072  0.002  0.002  0.002  0.002  0.002  0.206
   2.16569     -0.749377  0.018  0.080  0.036  0.042  0.002  0.002  0.004  0.000  0.000  0.184
   2.20451     -0.864993  0.024  0.086  0.030  0.012  0.002  0.002  0.006  0.000  0.000  0.162
   2.24332     -0.987907  0.026  0.078  0.030  0.000  0.002  0.002  0.006  0.000  0.000  0.144
   2.28213     -1.102561  0.024  0.062  0.042  0.016  0.002  0.002  0.004  0.000  0.000  0.154
   2.32095     -1.289565  0.006  0.026  0.138  0.076  0.004  0.002  0.002  0.002  0.000  0.254
   2.35976     -1.486544  0.002  0.010  0.144  0.106  0.004  0.000  0.000  0.002  0.000  0.270
   2.39858     -1.668230  0.000  0.004  0.136  0.132  0.004  0.000  0.000  0.002  0.000  0.280
   2.43739     -1.841654  0.000  0.004  0.120  0.152  0.004  0.000  0.000  0.002  0.000  0.284
   2.47620     -2.014197  0.000  0.010  0.100  0.162  0.004  0.000  0.000  0.004  0.000  0.284
   2.51502     -2.089622  0.008  0.060  0.032  0.070  0.002  0.000  0.000  0.000  0.002  0.174
   2.55383     -2.129814  0.004  0.070  0.020  0.072  0.002  0.000  0.000  0.000  0.002  0.170
   2.59265     -2.163539  0.002  0.078  0.004  0.078  0.002  0.000  0.000  0.000  0.002  0.166
   2.63146     -2.302220  0.010  0.100  0.004  0.088  0.002  0.002  0.000  0.004  0.000  0.210
   2.67027     -2.333825  0.030  0.012  0.180  0.026  0.000  0.000  0.000  0.000  0.000  0.250
   2.70909     -2.265650  0.026  0.014  0.170  0.034  0.000  0.000  0.000  0.000  0.000  0.248
   2.74790     -2.181173  0.024  0.016  0.166  0.042  0.000  0.000  0.000  0.000  0.000  0.250
   2.78671     -2.085055  0.022  0.016  0.164  0.046  0.000  0.000  0.000  0.000  0.000  0.250
   2.82553     -1.981797  0.020  0.016  0.164  0.048  0.000  0.000  0.000  0.000  0.000  0.252
   2.86434     -1.875008  0.018  0.016  0.166  0.050  0.000  0.000  0.000  0.000  0.000  0.254
 
# Band-Index:   38
   2.86434     -1.875008  0.018  0.016  0.166  0.050  0.000  0.000  0.000  0.000  0.000  0.254
   2.82553     -1.775289  0.018  0.040  0.078  0.056  0.002  0.000  0.000  0.000  0.002  0.194
   2.78671     -1.877636  0.016  0.044  0.068  0.060  0.002  0.000  0.000  0.000  0.002  0.192
   2.74790     -1.975186  0.014  0.050  0.056  0.064  0.002  0.000  0.000  0.000  0.002  0.186
   2.70909     -2.063110  0.010  0.058  0.040  0.068  0.002  0.000  0.000  0.000  0.002  0.180
   2.67027     -2.132877  0.004  0.068  0.018  0.076  0.002  0.000  0.000  0.000  0.002  0.172
   2.63146     -2.169668  0.000  0.078  0.002  0.080  0.002  0.000  0.000  0.000  0.002  0.164
   2.59265     -2.112819  0.010  0.094  0.004  0.094  0.002  0.002  0.000  0.004  0.002  0.210
   2.55383     -1.924585  0.012  0.088  0.006  0.098  0.002  0.002  0.000  0.004  0.002  0.212
   2.51502     -1.744011  0.012  0.082  0.012  0.100  0.000  0.002  0.002  0.004  0.002  0.212
   2.47620     -1.579653  0.014  0.074  0.018  0.096  0.000  0.002  0.002  0.004  0.002  0.210
   2.43739     -1.441345  0.014  0.066  0.032  0.080  0.000  0.002  0.002  0.002  0.002  0.202
   2.39858     -1.334402  0.018  0.058  0.046  0.058  0.000  0.002  0.002  0.002  0.002  0.186
   2.35976     -1.251468  0.020  0.054  0.056  0.032  0.000  0.002  0.004  0.000  0.002  0.170
   2.32095     -1.174337  0.022  0.056  0.064  0.014  0.000  0.002  0.004  0.000  0.002  0.162
   2.28213     -1.058317  0.010  0.052  0.150  0.030  0.004  0.002  0.002  0.000  0.000  0.248
   2.24332     -0.842428  0.006  0.072  0.152  0.014  0.004  0.002  0.000  0.000  0.000  0.254
   2.20451     -0.672546  0.000  0.078  0.130  0.024  0.004  0.002  0.000  0.000  0.000  0.240
   2.16569     -0.634779  0.004  0.060  0.074  0.076  0.002  0.002  0.002  0.002  0.002  0.222
   2.12688     -0.667829  0.010  0.068  0.050  0.072  0.002  0.002  0.002  0.002  0.002  0.206
   2.12688     -0.667829  0.010  0.068  0.050  0.072  0.002  0.002  0.002  0.002  0.002  0.206
   2.08209     -0.634696  0.002  0.062  0.082  0.070  0.002  0.002  0.002  0.002  0.002  0.224
   2.03729     -0.714085  0.002  0.064  0.146  0.026  0.004  0.002  0.000  0.000  0.002  0.246
   1.99250     -0.946797  0.008  0.056  0.158  0.030  0.004  0.002  0.000  0.000  0.002  0.258
   1.94771     -1.159989  0.024  0.044  0.040  0.028  0.002  0.002  0.004  0.000  0.000  0.144
   1.90292     -1.253158  0.020  0.042  0.042  0.044  0.002  0.002  0.004  0.002  0.002  0.158
   1.85813     -1.337471  0.016  0.044  0.042  0.068  0.002  0.002  0.002  0.002  0.002  0.176
   1.81333     -1.424557  0.012  0.048  0.036  0.090  0.002  0.002  0.002  0.002  0.002  0.196
   1.76854     -1.518996  0.010  0.052  0.030  0.110  0.002  0.002  0.002  0.002  0.002  0.210
   1.72375     -1.619786  0.008  0.056  0.026  0.122  0.002  0.002  0.000  0.002  0.002  0.220
   1.67896     -1.675049  0.020  0.050  0.088  0.038  0.002  0.000  0.000  0.000  0.002  0.198
   1.63417     -1.691058  0.018  0.056  0.086  0.032  0.002  0.000  0.000  0.000  0.002  0.198
   1.58937     -1.720188  0.018  0.062  0.082  0.030  0.002  0.000  0.000  0.000  0.002  0.196
   1.54458     -1.756076  0.018  0.068  0.078  0.028  0.002  0.000  0.000  0.000  0.002  0.196
   1.49979     -1.789544  0.016  0.072  0.074  0.030  0.002  0.000  0.000  0.000  0.000  0.196
   1.45500     -1.809127  0.014  0.074  0.074  0.036  0.002  0.000  0.000  0.002  0.000  0.202
   1.41020     -1.802718  0.012  0.076  0.086  0.046  0.000  0.000  0.000  0.002  0.000  0.224
   1.36541     -1.769345  0.010  0.068  0.086  0.068  0.000  0.000  0.000  0.002  0.000  0.236
   1.32062     -1.739860  0.008  0.062  0.064  0.090  0.000  0.002  0.000  0.002  0.000  0.228
   1.27583     -1.736225  0.009  0.058  0.047  0.098  0.000  0.001  0.000  0.002  0.000  0.217
   1.27583     -1.736225  0.009  0.057  0.047  0.099  0.000  0.002  0.000  0.003  0.000  0.217
   1.23104     -1.739860  0.008  0.062  0.064  0.090  0.000  0.002  0.000  0.002  0.000  0.228
   1.18624     -1.769345  0.010  0.068  0.086  0.068  0.000  0.000  0.000  0.002  0.000  0.236
   1.14145     -1.802718  0.012  0.076  0.086  0.046  0.000  0.000  0.000  0.002  0.000  0.224
   1.09666     -1.809127  0.014  0.074  0.074  0.036  0.002  0.000  0.000  0.002  0.000  0.202
   1.05187     -1.789544  0.016  0.072  0.074  0.030  0.002  0.000  0.000  0.000  0.000  0.196
   1.00708     -1.756076  0.018  0.068  0.078  0.028  0.002  0.000  0.000  0.000  0.002  0.196
   0.96228     -1.720188  0.018  0.062  0.082  0.030  0.002  0.000  0.000  0.000  0.002  0.196
   0.91749     -1.691058  0.018  0.056  0.086  0.032  0.002  0.000  0.000  0.000  0.002  0.198
   0.87270     -1.675049  0.020  0.050  0.088  0.038  0.002  0.000  0.000  0.000  0.002  0.198
   0.82791     -1.619786  0.008  0.056  0.026  0.122  0.002  0.002  0.000  0.002  0.002  0.220
   0.78311     -1.518996  0.010  0.052  0.030  0.110  0.002  0.002  0.002  0.002  0.002  0.210
   0.73832     -1.424557  0.012  0.048  0.036  0.090  0.002  0.002  0.002  0.002  0.002  0.196
   0.69353     -1.337471  0.016  0.044  0.042  0.068  0.002  0.002  0.002  0.002  0.002  0.176
   0.64874     -1.253158  0.020  0.042  0.042  0.044  0.002  0.002  0.004  0.002  0.002  0.158
   0.60395     -1.159989  0.024  0.044  0.040  0.028  0.002  0.002  0.004  0.000  0.000  0.144
   0.55915     -0.946797  0.008  0.056  0.158  0.030  0.004  0.002  0.000  0.000  0.002  0.258
   0.51436     -0.714085  0.002  0.064  0.146  0.026  0.004  0.002  0.000  0.000  0.002  0.246
   0.46957     -0.634696  0.002  0.062  0.082  0.070  0.002  0.002  0.002  0.002  0.002  0.224
   0.42478     -0.667829  0.010  0.068  0.050  0.072  0.002  0.002  0.002  0.002  0.002  0.206
   0.42478     -0.667829  0.010  0.068  0.050  0.072  0.002  0.002  0.002  0.002  0.002  0.206
   0.40242     -0.641583  0.006  0.074  0.062  0.066  0.002  0.002  0.002  0.002  0.002  0.216
   0.38006     -0.634711  0.002  0.066  0.082  0.066  0.002  0.002  0.002  0.002  0.002  0.224
   0.35771     -0.655097  0.000  0.036  0.116  0.076  0.002  0.000  0.000  0.002  0.002  0.234
   0.33535     -0.720586  0.002  0.004  0.146  0.088  0.000  0.000  0.000  0.002  0.004  0.246
   0.31299     -0.829073  0.006  0.004  0.154  0.080  0.000  0.000  0.000  0.002  0.004  0.252
   0.29064     -0.953830  0.008  0.016  0.158  0.068  0.000  0.000  0.000  0.002  0.004  0.258
   0.26828     -1.079280  0.006  0.030  0.164  0.054  0.000  0.000  0.000  0.002  0.004  0.262
   0.24592     -1.161553  0.024  0.018  0.040  0.054  0.000  0.000  0.004  0.002  0.002  0.142
   0.22357     -1.209164  0.022  0.030  0.042  0.046  0.000  0.000  0.004  0.002  0.002  0.148
   0.20121     -1.252625  0.020  0.044  0.044  0.040  0.002  0.002  0.004  0.002  0.002  0.156
   0.17885     -1.293849  0.018  0.060  0.044  0.036  0.002  0.002  0.004  0.002  0.002  0.166
   0.15650     -1.334550  0.016  0.076  0.044  0.032  0.002  0.002  0.004  0.000  0.002  0.176
   0.13414     -1.306406  0.022  0.066  0.082  0.040  0.000  0.002  0.000  0.000  0.000  0.212
   0.11178     -1.252705  0.022  0.064  0.086  0.038  0.000  0.002  0.000  0.000  0.000  0.212
   0.08943     -1.200230  0.022  0.062  0.090  0.036  0.000  0.002  0.000  0.000  0.000  0.210
   0.06707     -1.149929  0.020  0.062  0.092  0.032  0.000  0.002  0.000  0.000  0.000  0.210
   0.04471     -1.102571  0.020  0.062  0.096  0.028  0.000  0.002  0.000  0.000  0.000  0.210
   0.02236     -1.058662  0.018  0.064  0.098  0.024  0.002  0.002  0.002  0.000  0.000  0.208
   0.00000     -1.027093  0.010  0.088  0.094  0.020  0.002  0.004  0.000  0.000  0.000  0.218
 
# Band-Index:   39
   0.00000     -1.018353  0.016  0.068  0.098  0.020  0.002  0.002  0.002  0.000  0.000  0.208
   0.02236     -0.984595  0.008  0.090  0.096  0.016  0.002  0.004  0.000  0.000  0.000  0.218
   0.04471     -0.947183  0.014  0.080  0.098  0.012  0.002  0.002  0.002  0.000  0.000  0.208
   0.06707     -0.914736  0.012  0.088  0.096  0.008  0.002  0.002  0.002  0.000  0.000  0.210
   0.08943     -0.882897  0.010  0.098  0.092  0.006  0.002  0.002  0.002  0.000  0.000  0.212
   0.11178     -0.850458  0.008  0.110  0.086  0.004  0.002  0.002  0.002  0.000  0.000  0.214
   0.13414     -0.816329  0.006  0.122  0.080  0.002  0.004  0.004  0.000  0.000  0.000  0.218
   0.15650     -0.779696  0.004  0.134  0.074  0.000  0.004  0.004  0.000  0.000  0.000  0.222
   0.17885     -0.740111  0.002  0.146  0.068  0.000  0.004  0.004  0.000  0.000  0.000  0.226
   0.20121     -0.707887  0.004  0.136  0.062  0.002  0.004  0.004  0.002  0.000  0.000  0.214
   0.22357     -0.677351  0.004  0.144  0.054  0.002  0.004  0.004  0.002  0.000  0.000  0.214
   0.24592     -0.647654  0.004  0.154  0.046  0.002  0.004  0.004  0.002  0.000  0.000  0.216
   0.26828     -0.618896  0.006  0.162  0.036  0.002  0.004  0.004  0.002  0.000  0.000  0.216
   0.29064     -0.590548  0.008  0.172  0.024  0.002  0.004  0.004  0.002  0.000  0.000  0.216
   0.31299     -0.559671  0.010  0.182  0.010  0.002  0.004  0.004  0.002  0.000  0.000  0.216
   0.33535     -0.515241  0.016  0.180  0.000  0.012  0.004  0.004  0.002  0.000  0.002  0.220
   0.35771     -0.436467  0.018  0.144  0.012  0.038  0.004  0.002  0.002  0.002  0.004  0.226
   0.38006     -0.330785  0.014  0.112  0.020  0.070  0.002  0.002  0.002  0.002  0.004  0.230
   0.40242     -0.236012  0.006  0.106  0.010  0.096  0.004  0.002  0.000  0.004  0.006  0.232
   0.42478     -0.196753  0.000  0.112  0.000  0.106  0.004  0.004  0.000  0.002  0.004  0.232
   0.42478     -0.196753  0.000  0.112  0.000  0.106  0.004  0.004  0.000  0.002  0.004  0.232
   0.46957     -0.329866  0.014  0.084  0.022  0.098  0.004  0.002  0.002  0.002  0.004  0.230
   0.51436     -0.521921  0.016  0.056  0.000  0.134  0.002  0.002  0.002  0.002  0.004  0.218
   0.55915     -0.599230  0.008  0.044  0.026  0.128  0.002  0.002  0.002  0.002  0.004  0.216
   0.60395     -0.656125  0.004  0.040  0.048  0.114  0.002  0.000  0.002  0.002  0.004  0.214
   0.64874     -0.715985  0.004  0.036  0.064  0.100  0.002  0.000  0.002  0.002  0.004  0.214
   0.69353     -0.787206  0.004  0.034  0.076  0.098  0.002  0.000  0.000  0.002  0.002  0.220
   0.73832     -0.856292  0.008  0.030  0.088  0.080  0.000  0.000  0.002  0.002  0.002  0.212
   0.78311     -0.918885  0.012  0.028  0.096  0.066  0.000  0.000  0.002  0.002  0.002  0.208
   0.82791     -0.990689  0.008  0.034  0.098  0.070  0.000  0.000  0.000  0.002  0.002  0.218
   0.87270     -1.077924  0.010  0.038  0.094  0.070  0.000  0.000  0.000  0.002  0.002  0.220
   0.91749     -1.174035  0.012  0.042  0.088  0.072  0.000  0.000  0.000  0.002  0.002  0.220
   0.96228     -1.275581  0.012  0.048  0.080  0.074  0.000  0.000  0.000  0.002  0.002  0.220
   1.00708     -1.377496  0.014  0.050  0.072  0.078  0.000  0.002  0.000  0.002  0.000  0.220
   1.05187     -1.474309  0.012  0.052  0.064  0.084  0.000  0.002  0.000  0.002  0.000  0.220
   1.09666     -1.561870  0.016  0.052  0.062  0.080  0.000  0.000  0.000  0.002  0.000  0.214
   1.14145     -1.638530  0.014  0.056  0.058  0.084  0.000  0.000  0.000  0.002  0.000  0.216
   1.18624     -1.694200  0.012  0.056  0.052  0.090  0.000  0.002  0.000  0.002  0.000  0.216
   1.23104     -1.726868  0.010  0.058  0.048  0.096  0.000  0.002  0.000  0.002  0.000  0.216
   1.27583     -1.736225  0.010  0.058  0.047  0.099  0.000  0.001  0.000  0.003  0.000  0.217
   1.27583     -1.736225  0.009  0.058  0.046  0.099  0.000  0.001  0.000  0.003  0.000  0.217
   1.32062     -1.726868  0.010  0.058  0.048  0.096  0.000  0.002  0.000  0.002  0.000  0.216
   1.36541     -1.694200  0.012  0.056  0.052  0.090  0.000  0.002  0.000  0.002  0.000  0.216
   1.41020     -1.638530  0.014  0.056  0.058  0.084  0.000  0.000  0.000  0.002  0.000  0.216
   1.45500     -1.561870  0.016  0.052  0.062  0.080  0.000  0.000  0.000  0.002  0.000  0.214
   1.49979     -1.474309  0.012  0.052  0.064  0.084  0.000  0.002  0.000  0.002  0.000  0.220
   1.54458     -1.377496  0.014  0.050  0.072  0.078  0.000  0.002  0.000  0.002  0.000  0.220
   1.58937     -1.275581  0.012  0.048  0.080  0.074  0.000  0.000  0.000  0.002  0.002  0.220
   1.63417     -1.174035  0.012  0.042  0.088  0.072  0.000  0.000  0.000  0.002  0.002  0.220
   1.67896     -1.077924  0.010  0.038  0.094  0.070  0.000  0.000  0.000  0.002  0.002  0.220
   1.72375     -0.990689  0.008  0.034  0.098  0.070  0.000  0.000  0.000  0.002  0.002  0.218
   1.76854     -0.918885  0.012  0.028  0.096  0.066  0.000  0.000  0.002  0.002  0.002  0.208
   1.81333     -0.856292  0.008  0.030  0.088  0.080  0.000  0.000  0.002  0.002  0.002  0.212
   1.85813     -0.787206  0.004  0.034  0.076  0.098  0.002  0.000  0.000  0.002  0.002  0.220
   1.90292     -0.715985  0.004  0.036  0.064  0.100  0.002  0.000  0.002  0.002  0.004  0.214
   1.94771     -0.656125  0.004  0.040  0.048  0.114  0.002  0.000  0.002  0.002  0.004  0.214
   1.99250     -0.599230  0.008  0.044  0.026  0.128  0.002  0.002  0.002  0.002  0.004  0.216
   2.03729     -0.521921  0.016  0.056  0.000  0.134  0.002  0.002  0.002  0.002  0.004  0.218
   2.08209     -0.329866  0.014  0.084  0.022  0.098  0.004  0.002  0.002  0.002  0.004  0.230
   2.12688     -0.196753  0.000  0.112  0.000  0.106  0.004  0.004  0.000  0.002  0.004  0.232
   2.12688     -0.196753  0.000  0.112  0.000  0.106  0.004  0.004  0.000  0.002  0.004  0.232
   2.16569     -0.301057  0.012  0.076  0.020  0.108  0.006  0.002  0.002  0.002  0.002  0.230
   2.20451     -0.487004  0.018  0.022  0.008  0.164  0.004  0.002  0.002  0.004  0.002  0.224
   2.24332     -0.587941  0.008  0.000  0.018  0.178  0.002  0.000  0.002  0.004  0.004  0.218
   2.28213     -0.650735  0.004  0.004  0.048  0.152  0.002  0.000  0.002  0.004  0.004  0.218
   2.32095     -0.718740  0.004  0.006  0.072  0.128  0.002  0.000  0.000  0.004  0.002  0.216
   2.35976     -0.795757  0.004  0.008  0.084  0.104  0.002  0.000  0.000  0.004  0.002  0.210
   2.39858     -0.883934  0.004  0.012  0.092  0.084  0.002  0.000  0.000  0.004  0.002  0.200
   2.43739     -0.968522  0.004  0.012  0.112  0.062  0.002  0.000  0.002  0.002  0.002  0.198
   2.47620     -1.039091  0.006  0.010  0.136  0.046  0.002  0.000  0.002  0.002  0.002  0.204
   2.51502     -1.100531  0.006  0.008  0.154  0.042  0.002  0.000  0.000  0.002  0.000  0.216
   2.55383     -1.160938  0.006  0.008  0.168  0.042  0.002  0.000  0.000  0.002  0.000  0.228
   2.59265     -1.225659  0.008  0.008  0.176  0.042  0.002  0.000  0.000  0.002  0.000  0.238
   2.63146     -1.297412  0.008  0.010  0.178  0.044  0.002  0.000  0.000  0.000  0.000  0.246
   2.67027     -1.377305  0.010  0.012  0.178  0.046  0.002  0.000  0.000  0.000  0.000  0.250
   2.70909     -1.465363  0.012  0.012  0.178  0.048  0.002  0.000  0.000  0.000  0.000  0.254
   2.74790     -1.560784  0.014  0.014  0.174  0.050  0.002  0.000  0.000  0.000  0.000  0.256
   2.78671     -1.662155  0.016  0.014  0.172  0.052  0.002  0.000  0.000  0.000  0.000  0.256
   2.82553     -1.767625  0.018  0.016  0.170  0.052  0.000  0.000  0.000  0.000  0.000  0.256
   2.86434     -1.671509  0.020  0.036  0.088  0.052  0.002  0.000  0.000  0.000  0.000  0.198
 
# Band-Index:   40
   2.86434     -1.671509  0.020  0.036  0.088  0.052  0.002  0.000  0.000  0.000  0.000  0.198
   2.82553     -1.569107  0.020  0.032  0.094  0.050  0.002  0.000  0.000  0.000  0.000  0.200
   2.78671     -1.470646  0.020  0.030  0.102  0.046  0.002  0.000  0.000  0.000  0.000  0.200
   2.74790     -1.378470  0.020  0.028  0.108  0.042  0.002  0.000  0.000  0.000  0.000  0.200
   2.70909     -1.294585  0.020  0.026  0.114  0.038  0.002  0.000  0.000  0.000  0.000  0.200
   2.67027     -1.220404  0.020  0.024  0.120  0.034  0.002  0.000  0.000  0.000  0.000  0.200
   2.63146     -1.156397  0.018  0.022  0.126  0.030  0.002  0.000  0.000  0.000  0.000  0.198
   2.59265     -1.101687  0.018  0.020  0.130  0.028  0.002  0.000  0.002  0.000  0.000  0.198
   2.55383     -1.053723  0.016  0.018  0.134  0.028  0.000  0.000  0.002  0.000  0.000  0.200
   2.51502     -1.008254  0.012  0.018  0.136  0.032  0.000  0.000  0.002  0.000  0.000  0.204
   2.47620     -0.960142  0.010  0.018  0.134  0.042  0.000  0.000  0.002  0.002  0.002  0.210
   2.43739     -0.905004  0.006  0.020  0.126  0.058  0.000  0.000  0.000  0.002  0.002  0.216
   2.39858     -0.839747  0.004  0.022  0.106  0.080  0.000  0.000  0.000  0.002  0.002  0.220
   2.35976     -0.758770  0.002  0.030  0.072  0.110  0.000  0.000  0.000  0.004  0.004  0.222
   2.32095     -0.661744  0.002  0.032  0.050  0.134  0.000  0.000  0.000  0.004  0.006  0.228
   2.28213     -0.563481  0.002  0.032  0.042  0.146  0.000  0.000  0.000  0.004  0.006  0.232
   2.24332     -0.468359  0.002  0.036  0.038  0.150  0.000  0.000  0.000  0.004  0.006  0.236
   2.20451     -0.371423  0.004  0.048  0.030  0.142  0.000  0.000  0.000  0.004  0.008  0.236
   2.16569     -0.267516  0.004  0.078  0.016  0.120  0.002  0.002  0.000  0.004  0.006  0.234
   2.12688     -0.196753  0.000  0.112  0.000  0.106  0.004  0.004  0.000  0.002  0.004  0.232
   2.12688     -0.196753  0.000  0.112  0.000  0.106  0.004  0.004  0.000  0.002  0.004  0.232
   2.08209     -0.282740  0.004  0.084  0.020  0.112  0.004  0.002  0.000  0.004  0.004  0.234
   2.03729     -0.402742  0.002  0.062  0.034  0.126  0.002  0.002  0.000  0.004  0.006  0.238
   1.99250     -0.512169  0.000  0.052  0.042  0.132  0.002  0.002  0.000  0.004  0.004  0.240
   1.94771     -0.613531  0.000  0.046  0.052  0.128  0.002  0.002  0.000  0.004  0.004  0.236
   1.90292     -0.706183  0.002  0.040  0.062  0.116  0.002  0.002  0.000  0.002  0.004  0.228
   1.85813     -0.778353  0.004  0.032  0.080  0.090  0.000  0.000  0.000  0.002  0.002  0.212
   1.81333     -0.843348  0.006  0.030  0.090  0.080  0.000  0.000  0.000  0.002  0.002  0.214
   1.76854     -0.913101  0.006  0.032  0.096  0.074  0.000  0.000  0.000  0.002  0.002  0.216
   1.72375     -0.984198  0.016  0.030  0.100  0.056  0.000  0.000  0.002  0.002  0.002  0.208
   1.67896     -1.060628  0.018  0.034  0.098  0.052  0.000  0.000  0.002  0.002  0.000  0.208
   1.63417     -1.151594  0.020  0.040  0.094  0.052  0.000  0.000  0.000  0.002  0.000  0.210
   1.58937     -1.254523  0.022  0.044  0.086  0.054  0.000  0.000  0.000  0.002  0.000  0.210
   1.54458     -1.362638  0.022  0.048  0.078  0.060  0.000  0.000  0.000  0.002  0.000  0.212
   1.49979     -1.467612  0.020  0.052  0.072  0.066  0.000  0.000  0.000  0.002  0.000  0.212
   1.45500     -1.560707  0.012  0.058  0.060  0.082  0.000  0.002  0.000  0.002  0.000  0.218
   1.41020     -1.633199  0.010  0.058  0.052  0.092  0.000  0.002  0.000  0.002  0.000  0.218
   1.36541     -1.687984  0.010  0.058  0.050  0.096  0.000  0.002  0.000  0.002  0.000  0.218
   1.32062     -1.722881  0.010  0.058  0.048  0.098  0.000  0.002  0.000  0.002  0.000  0.218
   1.27583     -1.736225  0.009  0.058  0.046  0.098  0.000  0.001  0.000  0.003  0.000  0.217
   1.27583     -1.736225  0.010  0.058  0.047  0.099  0.000  0.001  0.000  0.003  0.000  0.217
   1.23104     -1.722881  0.010  0.058  0.048  0.098  0.000  0.002  0.000  0.002  0.000  0.218
   1.18624     -1.687984  0.010  0.058  0.050  0.096  0.000  0.002  0.000  0.002  0.000  0.218
   1.14145     -1.633199  0.010  0.058  0.052  0.092  0.000  0.002  0.000  0.002  0.000  0.218
   1.09666     -1.560707  0.012  0.058  0.060  0.082  0.000  0.002  0.000  0.002  0.000  0.218
   1.05187     -1.467612  0.020  0.052  0.072  0.066  0.000  0.000  0.000  0.002  0.000  0.212
   1.00708     -1.362638  0.022  0.048  0.078  0.060  0.000  0.000  0.000  0.002  0.000  0.212
   0.96228     -1.254523  0.022  0.044  0.086  0.054  0.000  0.000  0.000  0.002  0.000  0.210
   0.91749     -1.151594  0.020  0.040  0.094  0.052  0.000  0.000  0.000  0.002  0.000  0.210
   0.87270     -1.060628  0.018  0.034  0.098  0.052  0.000  0.000  0.002  0.002  0.000  0.208
   0.82791     -0.984198  0.016  0.030  0.100  0.056  0.000  0.000  0.002  0.002  0.002  0.208
   0.78311     -0.913101  0.006  0.032  0.096  0.074  0.000  0.000  0.000  0.002  0.002  0.216
   0.73832     -0.843348  0.006  0.030  0.090  0.080  0.000  0.000  0.000  0.002  0.002  0.214
   0.69353     -0.778353  0.004  0.032  0.080  0.090  0.000  0.000  0.000  0.002  0.002  0.212
   0.64874     -0.706183  0.002  0.040  0.062  0.116  0.002  0.002  0.000  0.002  0.004  0.228
   0.60395     -0.613531  0.000  0.046  0.052  0.128  0.002  0.002  0.000  0.004  0.004  0.236
   0.55915     -0.512169  0.000  0.052  0.042  0.132  0.002  0.002  0.000  0.004  0.004  0.240
   0.51436     -0.402742  0.002  0.062  0.034  0.126  0.002  0.002  0.000  0.004  0.006  0.238
   0.46957     -0.282740  0.004  0.084  0.020  0.112  0.004  0.002  0.000  0.004  0.004  0.234
   0.42478     -0.196753  0.000  0.112  0.000  0.106  0.004  0.004  0.000  0.002  0.004  0.232
   0.42478     -0.196753  0.000  0.112  0.000  0.106  0.004  0.004  0.000  0.002  0.004  0.232
   0.40242     -0.223426  0.002  0.122  0.008  0.086  0.006  0.004  0.000  0.002  0.004  0.232
   0.38006     -0.278275  0.004  0.136  0.020  0.060  0.006  0.004  0.000  0.002  0.002  0.234
   0.35771     -0.337735  0.004  0.152  0.028  0.040  0.006  0.004  0.000  0.000  0.002  0.236
   0.33535     -0.395340  0.002  0.164  0.034  0.026  0.006  0.004  0.000  0.000  0.002  0.238
   0.31299     -0.450374  0.000  0.172  0.038  0.016  0.006  0.004  0.000  0.000  0.000  0.240
   0.29064     -0.503352  0.000  0.176  0.042  0.010  0.006  0.004  0.000  0.000  0.000  0.240
   0.26828     -0.554673  0.000  0.176  0.046  0.006  0.006  0.004  0.000  0.000  0.000  0.238
   0.24592     -0.604354  0.000  0.172  0.050  0.002  0.006  0.004  0.000  0.000  0.000  0.236
   0.22357     -0.652110  0.000  0.166  0.056  0.002  0.006  0.004  0.000  0.000  0.000  0.234
   0.20121     -0.697502  0.002  0.158  0.062  0.000  0.004  0.004  0.000  0.000  0.000  0.230
   0.17885     -0.739071  0.004  0.128  0.070  0.002  0.004  0.004  0.002  0.000  0.000  0.214
   0.15650     -0.770813  0.004  0.122  0.076  0.002  0.004  0.004  0.000  0.000  0.000  0.214
   0.13414     -0.803176  0.004  0.114  0.082  0.004  0.004  0.004  0.000  0.000  0.000  0.214
   0.11178     -0.836372  0.006  0.108  0.088  0.006  0.004  0.004  0.000  0.000  0.000  0.214
   0.08943     -0.870733  0.006  0.102  0.092  0.008  0.004  0.004  0.000  0.000  0.000  0.214
   0.06707     -0.906649  0.006  0.098  0.094  0.010  0.002  0.004  0.000  0.000  0.000  0.216
   0.04471     -0.944502  0.008  0.094  0.096  0.012  0.002  0.004  0.000  0.000  0.000  0.216
   0.02236     -0.981404  0.016  0.074  0.098  0.016  0.002  0.002  0.002  0.000  0.000  0.208
   0.00000     -1.018353  0.016  0.068  0.098  0.020  0.002  0.002  0.002  0.000  0.000  0.208
 
# Band-Index:   41
   0.00000      0.413995  0.028  0.002  0.054  0.064  0.000  0.000  0.000  0.002  0.010  0.164
   0.02236      0.390054  0.028  0.002  0.058  0.062  0.000  0.000  0.000  0.002  0.010  0.162
   0.04471      0.374877  0.026  0.002  0.062  0.058  0.000  0.000  0.000  0.002  0.010  0.162
   0.06707      0.368412  0.024  0.002  0.068  0.054  0.000  0.000  0.002  0.002  0.010  0.164
   0.08943      0.370271  0.022  0.002  0.074  0.052  0.000  0.000  0.002  0.004  0.010  0.164
   0.11178      0.379812  0.020  0.002  0.078  0.048  0.000  0.000  0.002  0.004  0.010  0.164
   0.13414      0.396233  0.020  0.002  0.082  0.044  0.000  0.000  0.002  0.004  0.010  0.166
   0.15650      0.418645  0.020  0.002  0.088  0.042  0.000  0.000  0.002  0.004  0.012  0.166
   0.17885      0.446134  0.018  0.002  0.092  0.040  0.000  0.000  0.002  0.002  0.012  0.168
   0.20121      0.477787  0.018  0.002  0.094  0.036  0.000  0.000  0.002  0.002  0.012  0.170
   0.22357      0.512714  0.018  0.002  0.098  0.034  0.000  0.000  0.002  0.002  0.012  0.170
   0.24592      0.550043  0.018  0.002  0.100  0.032  0.000  0.000  0.002  0.002  0.014  0.172
   0.26828      0.588912  0.018  0.004  0.102  0.032  0.000  0.000  0.002  0.002  0.014  0.174
   0.29064      0.628450  0.018  0.004  0.104  0.030  0.000  0.000  0.002  0.002  0.016  0.176
   0.31299      0.566580  0.054  0.002  0.058  0.112  0.002  0.000  0.004  0.000  0.000  0.236
   0.33535      0.461567  0.056  0.002  0.064  0.100  0.002  0.002  0.004  0.000  0.000  0.230
   0.35771      0.356335  0.060  0.002  0.072  0.082  0.002  0.002  0.004  0.000  0.000  0.226
   0.38006      0.261019  0.064  0.004  0.086  0.058  0.002  0.002  0.006  0.000  0.000  0.220
   0.40242      0.195869  0.072  0.002  0.106  0.026  0.002  0.000  0.006  0.000  0.000  0.214
   0.42478      0.197726  0.076  0.002  0.122  0.002  0.002  0.000  0.006  0.000  0.002  0.210
   0.42478      0.197726  0.076  0.002  0.122  0.002  0.002  0.000  0.006  0.000  0.002  0.210
   0.46957      0.259834  0.064  0.044  0.084  0.016  0.000  0.000  0.006  0.000  0.002  0.220
   0.51436      0.459817  0.056  0.076  0.064  0.026  0.000  0.000  0.004  0.000  0.002  0.232
   0.55915      0.660538  0.050  0.094  0.054  0.034  0.000  0.000  0.004  0.000  0.002  0.242
   0.60395      0.806027  0.044  0.108  0.048  0.042  0.002  0.000  0.004  0.000  0.002  0.250
   0.64874      0.817539  0.046  0.034  0.046  0.020  0.006  0.002  0.002  0.000  0.002  0.160
   0.69353      0.734199  0.040  0.046  0.042  0.022  0.006  0.002  0.000  0.000  0.002  0.162
   0.73832      0.627134  0.038  0.052  0.040  0.022  0.006  0.002  0.000  0.000  0.002  0.164
   0.78311      0.521307  0.034  0.054  0.044  0.020  0.006  0.002  0.000  0.000  0.002  0.164
   0.82791      0.434438  0.030  0.052  0.050  0.018  0.006  0.002  0.000  0.002  0.002  0.164
   0.87270      0.377877  0.026  0.046  0.058  0.016  0.008  0.002  0.000  0.002  0.002  0.164
   0.91749      0.356193  0.024  0.042  0.068  0.014  0.008  0.002  0.002  0.002  0.002  0.164
   0.96228      0.367667  0.020  0.036  0.078  0.014  0.008  0.002  0.002  0.002  0.002  0.164
   1.00708      0.406553  0.018  0.032  0.088  0.012  0.008  0.002  0.002  0.002  0.002  0.166
   1.05187      0.465621  0.018  0.028  0.096  0.010  0.010  0.002  0.002  0.002  0.004  0.170
   1.09666      0.537614  0.018  0.026  0.102  0.010  0.010  0.002  0.002  0.002  0.004  0.172
   1.14145      0.615545  0.018  0.024  0.106  0.010  0.012  0.002  0.002  0.002  0.004  0.176
   1.18624      0.692298  0.020  0.022  0.108  0.010  0.012  0.002  0.002  0.000  0.004  0.180
   1.23104      0.759949  0.020  0.022  0.112  0.010  0.014  0.002  0.002  0.000  0.004  0.186
   1.27583      0.809438  0.022  0.022  0.114  0.011  0.015  0.000  0.002  0.000  0.005  0.190
   1.27583      0.809438  0.021  0.021  0.114  0.010  0.015  0.000  0.001  0.000  0.005  0.190
   1.32062      0.759949  0.020  0.022  0.112  0.010  0.014  0.002  0.002  0.000  0.004  0.186
   1.36541      0.692298  0.020  0.022  0.108  0.010  0.012  0.002  0.002  0.000  0.004  0.180
   1.41020      0.615545  0.018  0.024  0.106  0.010  0.012  0.002  0.002  0.002  0.004  0.176
   1.45500      0.537614  0.018  0.026  0.102  0.010  0.010  0.002  0.002  0.002  0.004  0.172
   1.49979      0.465621  0.018  0.028  0.096  0.010  0.010  0.002  0.002  0.002  0.004  0.170
   1.54458      0.406553  0.018  0.032  0.088  0.012  0.008  0.002  0.002  0.002  0.002  0.166
   1.58937      0.367667  0.020  0.036  0.078  0.014  0.008  0.002  0.002  0.002  0.002  0.164
   1.63417      0.356193  0.024  0.042  0.068  0.014  0.008  0.002  0.002  0.002  0.002  0.164
   1.67896      0.377877  0.026  0.046  0.058  0.016  0.008  0.002  0.000  0.002  0.002  0.164
   1.72375      0.434438  0.030  0.052  0.050  0.018  0.006  0.002  0.000  0.002  0.002  0.164
   1.76854      0.521307  0.034  0.054  0.044  0.020  0.006  0.002  0.000  0.000  0.002  0.164
   1.81333      0.627134  0.038  0.052  0.040  0.022  0.006  0.002  0.000  0.000  0.002  0.164
   1.85813      0.734199  0.040  0.046  0.042  0.022  0.006  0.002  0.000  0.000  0.002  0.162
   1.90292      0.817539  0.046  0.034  0.046  0.020  0.006  0.002  0.002  0.000  0.002  0.160
   1.94771      0.806027  0.044  0.108  0.048  0.042  0.002  0.000  0.004  0.000  0.002  0.250
   1.99250      0.660538  0.050  0.094  0.054  0.034  0.000  0.000  0.004  0.000  0.002  0.242
   2.03729      0.459817  0.056  0.076  0.064  0.026  0.000  0.000  0.004  0.000  0.002  0.232
   2.08209      0.259834  0.064  0.044  0.084  0.016  0.000  0.000  0.006  0.000  0.002  0.220
   2.12688      0.197726  0.076  0.002  0.122  0.002  0.002  0.000  0.006  0.000  0.002  0.210
   2.12688      0.197726  0.076  0.002  0.122  0.002  0.002  0.000  0.006  0.000  0.002  0.210
   2.16569      0.237683  0.066  0.048  0.090  0.004  0.000  0.000  0.006  0.002  0.002  0.220
   2.20451      0.401519  0.058  0.084  0.068  0.010  0.000  0.000  0.004  0.002  0.002  0.228
   2.24332      0.580998  0.052  0.100  0.056  0.022  0.000  0.000  0.004  0.000  0.002  0.238
   2.28213      0.741182  0.046  0.098  0.048  0.046  0.002  0.000  0.004  0.000  0.002  0.246
   2.32095      0.859780  0.040  0.074  0.038  0.072  0.004  0.000  0.002  0.000  0.002  0.234
   2.35976      0.925991  0.038  0.052  0.030  0.078  0.004  0.002  0.002  0.000  0.002  0.206
   2.39858      0.956709  0.034  0.044  0.024  0.078  0.004  0.002  0.002  0.000  0.002  0.192
   2.43739      0.957651  0.004  0.090  0.020  0.044  0.000  0.006  0.000  0.008  0.002  0.172
   2.47620      0.869309  0.002  0.088  0.012  0.050  0.000  0.006  0.000  0.008  0.002  0.166
   2.51502      0.793923  0.002  0.084  0.008  0.054  0.000  0.006  0.000  0.008  0.000  0.164
   2.55383      0.738692  0.002  0.080  0.004  0.060  0.000  0.006  0.000  0.008  0.000  0.160
   2.59265      0.707806  0.002  0.074  0.004  0.066  0.000  0.006  0.000  0.006  0.000  0.160
   2.63146      0.702933  0.002  0.068  0.004  0.072  0.000  0.006  0.000  0.006  0.000  0.160
   2.67027      0.723669  0.002  0.062  0.004  0.078  0.000  0.008  0.000  0.006  0.000  0.160
   2.70909      0.768059  0.002  0.056  0.004  0.084  0.000  0.008  0.000  0.006  0.000  0.162
   2.74790      0.833069  0.002  0.050  0.006  0.088  0.000  0.008  0.000  0.006  0.000  0.162
   2.78671      0.914890  0.004  0.046  0.006  0.094  0.000  0.008  0.000  0.006  0.000  0.164
   2.82553      1.008916  0.004  0.042  0.006  0.098  0.002  0.008  0.000  0.006  0.000  0.166
   2.86434      1.109075  0.006  0.040  0.008  0.098  0.002  0.008  0.000  0.006  0.000  0.166
 
# Band-Index:   42
   2.86434      1.109075  0.006  0.040  0.008  0.098  0.002  0.008  0.000  0.006  0.000  0.166
   2.82553      1.205273  0.008  0.036  0.010  0.092  0.002  0.008  0.000  0.006  0.000  0.162
   2.78671      1.234323  0.002  0.054  0.004  0.122  0.002  0.006  0.000  0.006  0.002  0.196
   2.74790      1.152800  0.000  0.062  0.002  0.112  0.002  0.006  0.000  0.006  0.002  0.190
   2.70909      1.087887  0.000  0.068  0.002  0.102  0.002  0.006  0.000  0.006  0.002  0.188
   2.67027      1.043386  0.000  0.076  0.000  0.094  0.002  0.006  0.000  0.006  0.002  0.186
   2.63146      1.022417  0.000  0.084  0.000  0.086  0.002  0.006  0.000  0.006  0.002  0.184
   2.59265      1.027318  0.000  0.090  0.000  0.080  0.002  0.006  0.000  0.006  0.002  0.186
   2.55383      1.020366  0.026  0.042  0.020  0.080  0.004  0.004  0.000  0.000  0.002  0.178
   2.51502      0.997516  0.028  0.044  0.018  0.082  0.004  0.004  0.000  0.000  0.002  0.180
   2.47620      0.982840  0.030  0.044  0.018  0.080  0.004  0.004  0.000  0.000  0.002  0.184
   2.43739      0.971683  0.032  0.044  0.020  0.078  0.004  0.002  0.002  0.000  0.002  0.186
   2.39858      1.047684  0.004  0.088  0.032  0.040  0.000  0.004  0.000  0.008  0.002  0.180
   2.35976      1.080499  0.036  0.086  0.050  0.036  0.000  0.002  0.002  0.000  0.004  0.220
   2.32095      0.982567  0.048  0.050  0.060  0.014  0.002  0.002  0.002  0.000  0.004  0.182
   2.28213      0.873840  0.054  0.020  0.068  0.012  0.004  0.002  0.002  0.000  0.004  0.166
   2.24332      0.735870  0.058  0.012  0.080  0.014  0.004  0.002  0.002  0.000  0.002  0.174
   2.20451      0.557873  0.060  0.014  0.092  0.014  0.004  0.002  0.004  0.000  0.000  0.190
   2.16569      0.355998  0.066  0.010  0.108  0.010  0.004  0.002  0.004  0.000  0.000  0.204
   2.12688      0.197726  0.076  0.002  0.122  0.002  0.002  0.000  0.006  0.000  0.002  0.210
   2.12688      0.197726  0.076  0.002  0.122  0.002  0.002  0.000  0.006  0.000  0.002  0.210
   2.08209      0.386752  0.064  0.010  0.106  0.012  0.002  0.002  0.004  0.000  0.002  0.202
   2.03729      0.612727  0.060  0.012  0.088  0.016  0.004  0.002  0.002  0.000  0.002  0.186
   1.99250      0.777585  0.056  0.012  0.072  0.018  0.004  0.002  0.002  0.000  0.002  0.170
   1.94771      0.843578  0.050  0.020  0.058  0.020  0.006  0.002  0.002  0.000  0.002  0.160
   1.90292      0.859527  0.038  0.114  0.040  0.046  0.004  0.000  0.002  0.000  0.002  0.246
   1.85813      0.829884  0.036  0.110  0.036  0.044  0.004  0.000  0.002  0.000  0.002  0.236
   1.81333      0.759536  0.034  0.104  0.038  0.040  0.006  0.000  0.002  0.000  0.002  0.224
   1.76854      0.683580  0.034  0.094  0.042  0.034  0.006  0.002  0.002  0.000  0.002  0.214
   1.72375      0.622294  0.032  0.082  0.052  0.030  0.006  0.002  0.002  0.000  0.002  0.208
   1.67896      0.585707  0.030  0.072  0.064  0.026  0.006  0.002  0.002  0.000  0.002  0.202
   1.63417      0.576764  0.026  0.060  0.076  0.022  0.008  0.002  0.002  0.000  0.002  0.200
   1.58937      0.593465  0.024  0.052  0.088  0.020  0.008  0.002  0.002  0.000  0.002  0.198
   1.54458      0.630712  0.024  0.044  0.100  0.016  0.008  0.002  0.002  0.000  0.002  0.200
   1.49979      0.681548  0.022  0.038  0.108  0.016  0.010  0.002  0.002  0.000  0.004  0.200
   1.45500      0.737581  0.022  0.032  0.114  0.014  0.012  0.002  0.002  0.000  0.004  0.202
   1.41020      0.788785  0.022  0.028  0.118  0.012  0.012  0.000  0.002  0.000  0.004  0.202
   1.36541      0.823724  0.022  0.026  0.118  0.012  0.014  0.000  0.002  0.000  0.004  0.200
   1.32062      0.793762  0.022  0.024  0.114  0.014  0.014  0.000  0.002  0.000  0.004  0.194
   1.27583      0.809438  0.021  0.021  0.114  0.010  0.015  0.000  0.001  0.000  0.005  0.190
   1.27583      0.809438  0.022  0.022  0.114  0.011  0.015  0.000  0.002  0.000  0.005  0.190
   1.23104      0.793762  0.022  0.024  0.114  0.014  0.014  0.000  0.002  0.000  0.004  0.194
   1.18624      0.823724  0.022  0.026  0.118  0.012  0.014  0.000  0.002  0.000  0.004  0.200
   1.14145      0.788785  0.022  0.028  0.118  0.012  0.012  0.000  0.002  0.000  0.004  0.202
   1.09666      0.737581  0.022  0.032  0.114  0.014  0.012  0.002  0.002  0.000  0.004  0.202
   1.05187      0.681548  0.022  0.038  0.108  0.016  0.010  0.002  0.002  0.000  0.004  0.200
   1.00708      0.630712  0.024  0.044  0.100  0.016  0.008  0.002  0.002  0.000  0.002  0.200
   0.96228      0.593465  0.024  0.052  0.088  0.020  0.008  0.002  0.002  0.000  0.002  0.198
   0.91749      0.576764  0.026  0.060  0.076  0.022  0.008  0.002  0.002  0.000  0.002  0.200
   0.87270      0.585707  0.030  0.072  0.064  0.026  0.006  0.002  0.002  0.000  0.002  0.202
   0.82791      0.622294  0.032  0.082  0.052  0.030  0.006  0.002  0.002  0.000  0.002  0.208
   0.78311      0.683580  0.034  0.094  0.042  0.034  0.006  0.002  0.002  0.000  0.002  0.214
   0.73832      0.759536  0.034  0.104  0.038  0.040  0.006  0.000  0.002  0.000  0.002  0.224
   0.69353      0.829884  0.036  0.110  0.036  0.044  0.004  0.000  0.002  0.000  0.002  0.236
   0.64874      0.859527  0.038  0.114  0.040  0.046  0.004  0.000  0.002  0.000  0.002  0.246
   0.60395      0.843578  0.050  0.020  0.058  0.020  0.006  0.002  0.002  0.000  0.002  0.160
   0.55915      0.777585  0.056  0.012  0.072  0.018  0.004  0.002  0.002  0.000  0.002  0.170
   0.51436      0.612727  0.060  0.012  0.088  0.016  0.004  0.002  0.002  0.000  0.002  0.186
   0.46957      0.386752  0.064  0.010  0.106  0.012  0.002  0.002  0.004  0.000  0.002  0.202
   0.42478      0.197726  0.076  0.002  0.122  0.002  0.002  0.000  0.006  0.000  0.002  0.210
   0.42478      0.197726  0.076  0.002  0.122  0.002  0.002  0.000  0.006  0.000  0.002  0.210
   0.40242      0.274523  0.070  0.008  0.116  0.004  0.000  0.000  0.004  0.002  0.002  0.206
   0.38006      0.385842  0.064  0.012  0.106  0.010  0.000  0.000  0.004  0.002  0.004  0.202
   0.35771      0.503288  0.062  0.014  0.096  0.012  0.000  0.000  0.004  0.002  0.004  0.194
   0.33535      0.613531  0.060  0.016  0.088  0.010  0.000  0.000  0.002  0.002  0.004  0.186
   0.31299      0.667757  0.018  0.004  0.106  0.030  0.000  0.000  0.002  0.002  0.016  0.178
   0.29064      0.664327  0.050  0.004  0.054  0.124  0.002  0.000  0.004  0.000  0.000  0.242
   0.26828      0.748469  0.048  0.006  0.050  0.132  0.002  0.000  0.004  0.000  0.000  0.246
   0.24592      0.751331  0.022  0.004  0.114  0.042  0.000  0.000  0.002  0.002  0.016  0.202
   0.22357      0.722929  0.022  0.004  0.110  0.046  0.000  0.000  0.002  0.002  0.014  0.200
   0.20121      0.694708  0.022  0.004  0.108  0.050  0.000  0.000  0.002  0.002  0.014  0.200
   0.17885      0.667864  0.024  0.004  0.104  0.054  0.000  0.000  0.002  0.002  0.012  0.200
   0.15650      0.643491  0.024  0.004  0.098  0.058  0.000  0.000  0.002  0.002  0.012  0.198
   0.13414      0.622585  0.024  0.004  0.094  0.062  0.000  0.000  0.002  0.002  0.010  0.198
   0.11178      0.606055  0.026  0.004  0.088  0.068  0.000  0.000  0.002  0.002  0.010  0.198
   0.08943      0.583827  0.036  0.004  0.042  0.068  0.000  0.000  0.000  0.002  0.008  0.164
   0.06707      0.532683  0.034  0.004  0.044  0.070  0.000  0.000  0.000  0.002  0.008  0.164
   0.04471      0.486316  0.032  0.004  0.046  0.068  0.000  0.000  0.000  0.002  0.010  0.164
   0.02236      0.446346  0.030  0.002  0.050  0.068  0.000  0.000  0.000  0.002  0.010  0.164
   0.00000      0.413995  0.028  0.002  0.054  0.064  0.000  0.000  0.000  0.002  0.010  0.164
 
# Band-Index:   43
   0.00000      0.613057  0.030  0.004  0.058  0.100  0.000  0.000  0.002  0.002  0.008  0.204
   0.02236      0.598202  0.030  0.004  0.064  0.094  0.000  0.000  0.002  0.002  0.008  0.202
   0.04471      0.590323  0.028  0.004  0.070  0.086  0.000  0.000  0.002  0.002  0.010  0.200
   0.06707      0.589287  0.028  0.004  0.076  0.080  0.000  0.000  0.002  0.002  0.010  0.200
   0.08943      0.594719  0.026  0.004  0.082  0.074  0.000  0.000  0.002  0.002  0.010  0.198
   0.11178      0.637742  0.038  0.006  0.040  0.066  0.000  0.000  0.000  0.002  0.008  0.164
   0.13414      0.692023  0.040  0.008  0.040  0.062  0.000  0.000  0.000  0.002  0.008  0.164
   0.15650      0.743826  0.042  0.010  0.042  0.056  0.000  0.000  0.000  0.002  0.008  0.162
   0.17885      0.789777  0.044  0.012  0.044  0.050  0.000  0.000  0.000  0.002  0.008  0.160
   0.20121      0.825895  0.046  0.014  0.046  0.040  0.000  0.000  0.002  0.002  0.008  0.160
   0.22357      0.847599  0.048  0.016  0.052  0.030  0.000  0.000  0.002  0.002  0.008  0.160
   0.24592      0.813053  0.044  0.010  0.048  0.140  0.002  0.000  0.004  0.000  0.002  0.248
   0.26828      0.778591  0.022  0.004  0.116  0.040  0.000  0.000  0.002  0.002  0.016  0.202
   0.29064      0.781271  0.056  0.020  0.072  0.010  0.000  0.000  0.002  0.002  0.006  0.170
   0.31299      0.708261  0.058  0.018  0.080  0.008  0.000  0.000  0.002  0.002  0.006  0.178
   0.33535      0.705875  0.020  0.004  0.108  0.028  0.000  0.000  0.002  0.002  0.016  0.180
   0.35771      0.741770  0.020  0.004  0.110  0.028  0.000  0.000  0.002  0.002  0.018  0.182
   0.38006      0.774314  0.020  0.004  0.112  0.026  0.000  0.000  0.002  0.002  0.018  0.186
   0.40242      0.802302  0.022  0.006  0.112  0.026  0.000  0.000  0.002  0.000  0.020  0.188
   0.42478      0.824511  0.022  0.006  0.114  0.026  0.000  0.000  0.002  0.000  0.020  0.190
   0.42478      0.824511  0.022  0.006  0.114  0.026  0.000  0.000  0.002  0.000  0.020  0.190
   0.46957      0.808708  0.022  0.014  0.114  0.024  0.000  0.000  0.002  0.000  0.018  0.194
   0.51436      0.853185  0.022  0.028  0.110  0.022  0.000  0.000  0.002  0.002  0.016  0.200
   0.55915      0.934316  0.020  0.042  0.102  0.022  0.000  0.000  0.000  0.002  0.014  0.204
   0.60395      1.018980  0.016  0.054  0.090  0.026  0.000  0.000  0.000  0.004  0.008  0.202
   0.64874      1.080199  0.012  0.062  0.074  0.034  0.000  0.002  0.000  0.006  0.006  0.196
   0.69353      1.110368  0.010  0.070  0.054  0.042  0.000  0.002  0.000  0.006  0.002  0.188
   0.73832      1.117909  0.008  0.076  0.034  0.048  0.000  0.004  0.000  0.008  0.002  0.178
   0.78311      1.115038  0.006  0.080  0.018  0.052  0.000  0.004  0.000  0.008  0.002  0.170
   0.82791      1.110632  0.006  0.082  0.008  0.054  0.000  0.006  0.000  0.008  0.002  0.166
   0.87270      1.108896  0.006  0.084  0.008  0.052  0.000  0.006  0.000  0.006  0.000  0.166
   0.91749      1.109971  0.006  0.084  0.018  0.048  0.002  0.006  0.000  0.006  0.000  0.172
   0.96228      1.109874  0.008  0.082  0.034  0.042  0.002  0.006  0.000  0.004  0.000  0.178
   1.00708      1.099796  0.010  0.076  0.054  0.036  0.002  0.006  0.000  0.004  0.000  0.188
   1.05187      1.067497  0.012  0.066  0.074  0.030  0.004  0.004  0.000  0.002  0.002  0.196
   1.09666      1.004695  0.016  0.054  0.090  0.026  0.008  0.002  0.000  0.002  0.002  0.202
   1.14145      0.919268  0.020  0.040  0.102  0.024  0.010  0.002  0.000  0.002  0.004  0.202
   1.18624      0.838090  0.020  0.030  0.110  0.020  0.012  0.000  0.002  0.000  0.004  0.200
   1.23104      0.832039  0.022  0.022  0.118  0.012  0.016  0.000  0.002  0.000  0.006  0.196
   1.27583      0.809439  0.022  0.022  0.115  0.011  0.015  0.000  0.001  0.000  0.005  0.191
   1.27583      0.809439  0.022  0.021  0.115  0.011  0.015  0.000  0.001  0.000  0.005  0.191
   1.32062      0.832039  0.022  0.022  0.118  0.012  0.016  0.000  0.002  0.000  0.006  0.196
   1.36541      0.838090  0.020  0.030  0.110  0.020  0.012  0.000  0.002  0.000  0.004  0.200
   1.41020      0.919268  0.020  0.040  0.102  0.024  0.010  0.002  0.000  0.002  0.004  0.202
   1.45500      1.004695  0.016  0.054  0.090  0.026  0.008  0.002  0.000  0.002  0.002  0.202
   1.49979      1.067497  0.012  0.066  0.074  0.030  0.004  0.004  0.000  0.002  0.002  0.196
   1.54458      1.099796  0.010  0.076  0.054  0.036  0.002  0.006  0.000  0.004  0.000  0.188
   1.58937      1.109874  0.008  0.082  0.034  0.042  0.002  0.006  0.000  0.004  0.000  0.178
   1.63417      1.109971  0.006  0.084  0.018  0.048  0.002  0.006  0.000  0.006  0.000  0.172
   1.67896      1.108896  0.006  0.084  0.008  0.052  0.000  0.006  0.000  0.006  0.000  0.166
   1.72375      1.110632  0.006  0.082  0.008  0.054  0.000  0.006  0.000  0.008  0.002  0.166
   1.76854      1.115038  0.006  0.080  0.018  0.052  0.000  0.004  0.000  0.008  0.002  0.170
   1.81333      1.117909  0.008  0.076  0.034  0.048  0.000  0.004  0.000  0.008  0.002  0.178
   1.85813      1.110368  0.010  0.070  0.054  0.042  0.000  0.002  0.000  0.006  0.002  0.188
   1.90292      1.080199  0.012  0.062  0.074  0.034  0.000  0.002  0.000  0.006  0.006  0.196
   1.94771      1.018980  0.016  0.054  0.090  0.026  0.000  0.000  0.000  0.004  0.008  0.202
   1.99250      0.934316  0.020  0.042  0.102  0.022  0.000  0.000  0.000  0.002  0.014  0.204
   2.03729      0.853185  0.022  0.028  0.110  0.022  0.000  0.000  0.002  0.002  0.016  0.200
   2.08209      0.808708  0.022  0.014  0.114  0.024  0.000  0.000  0.002  0.000  0.018  0.194
   2.12688      0.824511  0.022  0.006  0.114  0.026  0.000  0.000  0.002  0.000  0.020  0.190
   2.12688      0.824511  0.022  0.006  0.114  0.026  0.000  0.000  0.002  0.000  0.020  0.190
   2.16569      0.816190  0.022  0.014  0.114  0.024  0.000  0.000  0.002  0.000  0.020  0.196
   2.20451      0.877006  0.022  0.030  0.112  0.020  0.000  0.000  0.000  0.000  0.018  0.204
   2.24332      0.984220  0.020  0.048  0.108  0.018  0.000  0.000  0.000  0.002  0.014  0.212
   2.28213      1.094135  0.016  0.066  0.098  0.020  0.000  0.000  0.000  0.004  0.010  0.214
   2.32095      1.147071  0.010  0.078  0.076  0.028  0.000  0.002  0.000  0.006  0.004  0.204
   2.35976      1.121107  0.006  0.086  0.050  0.036  0.000  0.004  0.000  0.006  0.002  0.190
   2.39858      1.162427  0.024  0.108  0.040  0.064  0.000  0.002  0.002  0.000  0.004  0.246
   2.43739      1.218795  0.016  0.114  0.030  0.078  0.002  0.002  0.000  0.000  0.004  0.248
   2.47620      1.201133  0.000  0.100  0.006  0.066  0.000  0.006  0.000  0.006  0.002  0.190
   2.51502      1.118149  0.000  0.100  0.004  0.070  0.002  0.006  0.000  0.006  0.002  0.188
   2.55383      1.059343  0.000  0.096  0.002  0.074  0.002  0.006  0.000  0.006  0.002  0.186
   2.59265      1.054167  0.024  0.038  0.024  0.078  0.002  0.006  0.000  0.000  0.002  0.176
   2.63146      1.100060  0.022  0.036  0.030  0.074  0.002  0.006  0.002  0.000  0.002  0.172
   2.67027      1.157168  0.022  0.032  0.034  0.068  0.002  0.006  0.002  0.000  0.002  0.168
   2.70909      1.220727  0.020  0.030  0.038  0.062  0.002  0.008  0.002  0.000  0.002  0.164
   2.74790      1.274246  0.018  0.030  0.038  0.056  0.002  0.008  0.002  0.002  0.002  0.156
   2.78671      1.274006  0.012  0.034  0.022  0.070  0.002  0.010  0.000  0.004  0.002  0.154
   2.82553      1.327635  0.002  0.046  0.004  0.136  0.002  0.006  0.000  0.006  0.002  0.202
   2.86434      1.425209  0.004  0.032  0.008  0.156  0.002  0.004  0.000  0.006  0.002  0.214
 
# Band-Index:   44
   2.86434      1.425209  0.004  0.032  0.008  0.156  0.002  0.004  0.000  0.006  0.002  0.214
   2.82553      1.506444  0.006  0.012  0.020  0.190  0.000  0.002  0.000  0.006  0.002  0.236
   2.78671      1.519844  0.006  0.010  0.026  0.192  0.000  0.000  0.002  0.004  0.000  0.244
   2.74790      1.525995  0.000  0.036  0.006  0.172  0.002  0.004  0.000  0.004  0.000  0.224
   2.70909      1.518773  0.006  0.064  0.018  0.080  0.002  0.010  0.000  0.002  0.002  0.186
   2.67027      1.458343  0.016  0.068  0.034  0.048  0.002  0.010  0.000  0.000  0.002  0.180
   2.63146      1.396991  0.018  0.072  0.034  0.046  0.002  0.008  0.000  0.000  0.002  0.184
   2.59265      1.346667  0.020  0.078  0.032  0.050  0.002  0.008  0.000  0.000  0.002  0.190
   2.55383      1.308166  0.020  0.086  0.028  0.056  0.002  0.006  0.000  0.000  0.002  0.200
   2.51502      1.278996  0.018  0.096  0.026  0.064  0.002  0.006  0.000  0.000  0.002  0.214
   2.47620      1.253065  0.016  0.108  0.026  0.074  0.002  0.004  0.000  0.000  0.002  0.232
   2.43739      1.302482  0.002  0.096  0.010  0.066  0.000  0.004  0.000  0.008  0.004  0.190
   2.39858      1.411724  0.002  0.084  0.016  0.068  0.000  0.004  0.000  0.008  0.004  0.188
   2.35976      1.499244  0.056  0.046  0.026  0.012  0.006  0.004  0.002  0.000  0.002  0.152
   2.32095      1.532922  0.046  0.066  0.020  0.028  0.008  0.002  0.002  0.000  0.002  0.172
   2.28213      1.411598  0.020  0.012  0.072  0.044  0.000  0.002  0.000  0.004  0.016  0.170
   2.24332      1.227491  0.022  0.004  0.088  0.040  0.000  0.002  0.000  0.002  0.018  0.176
   2.20451      1.048223  0.022  0.002  0.102  0.034  0.000  0.002  0.002  0.002  0.018  0.182
   2.16569      0.905963  0.022  0.002  0.110  0.030  0.000  0.002  0.002  0.000  0.020  0.186
   2.12688      0.824511  0.022  0.006  0.114  0.026  0.000  0.000  0.002  0.000  0.020  0.190
   2.12688      0.824511  0.022  0.006  0.114  0.026  0.000  0.000  0.002  0.000  0.020  0.190
   2.08209      0.906372  0.022  0.002  0.110  0.030  0.000  0.000  0.002  0.000  0.020  0.188
   2.03729      1.042103  0.022  0.004  0.104  0.036  0.000  0.002  0.002  0.002  0.018  0.186
   1.99250      1.206136  0.022  0.008  0.092  0.042  0.000  0.002  0.000  0.002  0.016  0.184
   1.94771      1.360149  0.018  0.016  0.074  0.054  0.000  0.002  0.000  0.004  0.014  0.182
   1.90292      1.452198  0.012  0.028  0.048  0.072  0.000  0.002  0.000  0.008  0.008  0.178
   1.85813      1.472920  0.006  0.044  0.028  0.082  0.000  0.002  0.000  0.010  0.006  0.180
   1.81333      1.462163  0.004  0.068  0.018  0.084  0.000  0.002  0.000  0.008  0.004  0.192
   1.76854      1.442848  0.004  0.096  0.012  0.080  0.000  0.004  0.000  0.008  0.002  0.204
   1.72375      1.427971  0.004  0.118  0.008  0.070  0.002  0.004  0.000  0.006  0.002  0.214
   1.67896      1.425917  0.004  0.132  0.008  0.056  0.002  0.006  0.000  0.004  0.002  0.212
   1.63417      1.437069  0.004  0.134  0.010  0.040  0.002  0.008  0.000  0.004  0.002  0.204
   1.58937      1.453588  0.004  0.128  0.018  0.026  0.004  0.008  0.000  0.004  0.002  0.192
   1.54458      1.462193  0.006  0.114  0.028  0.014  0.004  0.008  0.000  0.004  0.002  0.180
   1.49979      1.438642  0.012  0.090  0.048  0.008  0.008  0.006  0.000  0.004  0.002  0.178
   1.45500      1.343852  0.018  0.058  0.076  0.010  0.010  0.002  0.000  0.004  0.002  0.182
   1.41020      1.189299  0.022  0.038  0.094  0.012  0.014  0.002  0.000  0.002  0.004  0.186
   1.36541      1.025760  0.022  0.028  0.104  0.010  0.014  0.000  0.002  0.002  0.004  0.186
   1.32062      0.890763  0.022  0.024  0.112  0.010  0.014  0.000  0.002  0.000  0.004  0.188
   1.27583      0.809439  0.022  0.021  0.115  0.011  0.015  0.000  0.001  0.000  0.005  0.191
   1.27583      0.809439  0.022  0.022  0.115  0.011  0.015  0.000  0.001  0.000  0.005  0.191
   1.23104      0.890763  0.022  0.024  0.112  0.010  0.014  0.000  0.002  0.000  0.004  0.188
   1.18624      1.025760  0.022  0.028  0.104  0.010  0.014  0.000  0.002  0.002  0.004  0.186
   1.14145      1.189299  0.022  0.038  0.094  0.012  0.014  0.002  0.000  0.002  0.004  0.186
   1.09666      1.343852  0.018  0.058  0.076  0.010  0.010  0.002  0.000  0.004  0.002  0.182
   1.05187      1.438642  0.012  0.090  0.048  0.008  0.008  0.006  0.000  0.004  0.002  0.178
   1.00708      1.462193  0.006  0.114  0.028  0.014  0.004  0.008  0.000  0.004  0.002  0.180
   0.96228      1.453588  0.004  0.128  0.018  0.026  0.004  0.008  0.000  0.004  0.002  0.192
   0.91749      1.437069  0.004  0.134  0.010  0.040  0.002  0.008  0.000  0.004  0.002  0.204
   0.87270      1.425917  0.004  0.132  0.008  0.056  0.002  0.006  0.000  0.004  0.002  0.212
   0.82791      1.427971  0.004  0.118  0.008  0.070  0.002  0.004  0.000  0.006  0.002  0.214
   0.78311      1.442848  0.004  0.096  0.012  0.080  0.000  0.004  0.000  0.008  0.002  0.204
   0.73832      1.462163  0.004  0.068  0.018  0.084  0.000  0.002  0.000  0.008  0.004  0.192
   0.69353      1.472920  0.006  0.044  0.028  0.082  0.000  0.002  0.000  0.010  0.006  0.180
   0.64874      1.452198  0.012  0.028  0.048  0.072  0.000  0.002  0.000  0.008  0.008  0.178
   0.60395      1.360149  0.018  0.016  0.074  0.054  0.000  0.002  0.000  0.004  0.014  0.182
   0.55915      1.206136  0.022  0.008  0.092  0.042  0.000  0.002  0.000  0.002  0.016  0.184
   0.51436      1.042103  0.022  0.004  0.104  0.036  0.000  0.002  0.002  0.002  0.018  0.186
   0.46957      0.906372  0.022  0.002  0.110  0.030  0.000  0.000  0.002  0.000  0.020  0.188
   0.42478      0.824511  0.022  0.006  0.114  0.026  0.000  0.000  0.002  0.000  0.020  0.190
   0.42478      0.824511  0.022  0.006  0.114  0.026  0.000  0.000  0.002  0.000  0.020  0.190
   0.40242      0.839827  0.022  0.006  0.116  0.028  0.000  0.000  0.002  0.000  0.020  0.194
   0.38006      0.847435  0.022  0.006  0.116  0.028  0.000  0.000  0.002  0.000  0.020  0.196
   0.35771      0.847019  0.024  0.006  0.118  0.030  0.000  0.000  0.002  0.000  0.020  0.198
   0.33535      0.838870  0.024  0.006  0.118  0.032  0.000  0.000  0.002  0.000  0.020  0.200
   0.31299      0.823860  0.024  0.006  0.118  0.034  0.000  0.000  0.002  0.000  0.018  0.202
   0.29064      0.803271  0.022  0.004  0.118  0.036  0.000  0.000  0.002  0.000  0.018  0.202
   0.26828      0.828721  0.054  0.020  0.064  0.014  0.000  0.000  0.002  0.002  0.006  0.164
   0.24592      0.849999  0.052  0.018  0.058  0.020  0.000  0.000  0.002  0.002  0.008  0.160
   0.22357      0.853671  0.040  0.010  0.044  0.146  0.002  0.000  0.004  0.000  0.002  0.250
   0.20121      0.869379  0.038  0.012  0.040  0.148  0.002  0.000  0.002  0.000  0.004  0.246
   0.17885      0.863332  0.036  0.010  0.038  0.148  0.000  0.000  0.002  0.000  0.004  0.242
   0.15650      0.841181  0.036  0.010  0.036  0.146  0.000  0.000  0.002  0.000  0.006  0.236
   0.13414      0.808875  0.036  0.008  0.036  0.142  0.000  0.000  0.002  0.000  0.006  0.230
   0.11178      0.771450  0.034  0.008  0.038  0.136  0.000  0.000  0.002  0.002  0.006  0.224
   0.08943      0.732800  0.034  0.006  0.040  0.130  0.000  0.000  0.002  0.002  0.008  0.220
   0.06707      0.695822  0.034  0.006  0.042  0.122  0.000  0.000  0.002  0.002  0.008  0.214
   0.04471      0.662630  0.032  0.004  0.046  0.116  0.000  0.000  0.002  0.002  0.008  0.210
   0.02236      0.634715  0.032  0.004  0.052  0.108  0.000  0.000  0.002  0.002  0.008  0.208
   0.00000      0.613057  0.030  0.004  0.058  0.100  0.000  0.000  0.002  0.002  0.008  0.204
 
# Band-Index:   45
   0.00000      2.052316  0.026  0.062  0.040  0.062  0.002  0.002  0.000  0.004  0.000  0.200
   0.02236      2.035199  0.028  0.064  0.038  0.062  0.002  0.002  0.000  0.004  0.000  0.202
   0.04471      2.009588  0.030  0.062  0.038  0.064  0.002  0.002  0.000  0.004  0.000  0.202
   0.06707      1.975740  0.034  0.060  0.036  0.066  0.002  0.002  0.000  0.004  0.000  0.202
   0.08943      1.934269  0.036  0.054  0.034  0.068  0.002  0.002  0.000  0.002  0.000  0.202
   0.11178      1.886266  0.038  0.048  0.034  0.070  0.002  0.002  0.000  0.002  0.000  0.198
   0.13414      1.833500  0.040  0.042  0.032  0.074  0.002  0.002  0.000  0.002  0.002  0.196
   0.15650      1.778684  0.042  0.036  0.030  0.076  0.002  0.002  0.000  0.002  0.002  0.192
   0.17885      1.725662  0.044  0.030  0.028  0.080  0.002  0.000  0.000  0.002  0.002  0.188
   0.20121      1.679226  0.044  0.026  0.024  0.084  0.002  0.000  0.000  0.002  0.004  0.186
   0.22357      1.643955  0.042  0.024  0.020  0.088  0.002  0.000  0.000  0.002  0.006  0.186
   0.24592      1.622133  0.038  0.028  0.018  0.092  0.002  0.000  0.000  0.002  0.006  0.188
   0.26828      1.612364  0.034  0.036  0.016  0.096  0.002  0.000  0.000  0.002  0.006  0.194
   0.29064      1.610576  0.030  0.046  0.014  0.100  0.002  0.000  0.000  0.002  0.008  0.202
   0.31299      1.612404  0.026  0.060  0.014  0.100  0.002  0.000  0.000  0.002  0.006  0.212
   0.33535      1.614892  0.022  0.074  0.012  0.100  0.002  0.000  0.000  0.002  0.006  0.220
   0.35771      1.616901  0.018  0.086  0.012  0.100  0.004  0.000  0.000  0.000  0.006  0.228
   0.38006      1.618710  0.016  0.094  0.012  0.102  0.004  0.000  0.000  0.000  0.006  0.236
   0.40242      1.621390  0.014  0.102  0.014  0.104  0.004  0.000  0.000  0.000  0.006  0.244
   0.42478      1.626282  0.012  0.106  0.014  0.108  0.004  0.000  0.000  0.000  0.004  0.250
   0.42478      1.626282  0.012  0.106  0.014  0.108  0.004  0.000  0.000  0.000  0.004  0.250
   0.46957      1.619074  0.016  0.098  0.014  0.098  0.006  0.000  0.000  0.000  0.004  0.236
   0.51436      1.616383  0.022  0.092  0.012  0.080  0.006  0.000  0.000  0.000  0.004  0.220
   0.55915      1.613835  0.030  0.086  0.014  0.060  0.006  0.002  0.000  0.000  0.004  0.202
   0.60395      1.627441  0.038  0.076  0.018  0.044  0.006  0.002  0.000  0.000  0.002  0.188
   0.64874      1.685609  0.044  0.068  0.024  0.040  0.004  0.002  0.000  0.002  0.002  0.186
   0.69353      1.770154  0.016  0.072  0.062  0.024  0.000  0.004  0.000  0.004  0.006  0.188
   0.73832      1.784657  0.014  0.088  0.054  0.018  0.000  0.006  0.002  0.004  0.004  0.188
   0.78311      1.770469  0.012  0.078  0.050  0.024  0.000  0.004  0.002  0.004  0.004  0.180
   0.82791      1.757856  0.012  0.056  0.050  0.040  0.002  0.004  0.002  0.006  0.002  0.174
   0.87270      1.757809  0.012  0.038  0.050  0.060  0.002  0.002  0.002  0.008  0.002  0.174
   0.91749      1.769801  0.012  0.022  0.050  0.080  0.002  0.002  0.002  0.008  0.002  0.180
   0.96228      1.781948  0.014  0.012  0.054  0.092  0.002  0.000  0.002  0.008  0.002  0.188
   1.00708      1.764507  0.016  0.006  0.062  0.088  0.004  0.002  0.000  0.008  0.002  0.188
   1.05187      1.707626  0.012  0.014  0.062  0.072  0.006  0.004  0.002  0.006  0.002  0.176
   1.09666      1.668146  0.006  0.036  0.056  0.050  0.004  0.008  0.002  0.004  0.002  0.166
   1.14145      1.670286  0.002  0.048  0.060  0.034  0.004  0.010  0.002  0.004  0.002  0.164
   1.18624      1.692770  0.002  0.048  0.072  0.026  0.002  0.010  0.002  0.004  0.002  0.166
   1.23104      1.723430  0.002  0.048  0.084  0.020  0.002  0.010  0.002  0.004  0.000  0.172
   1.27583      1.758522  0.003  0.045  0.095  0.016  0.002  0.009  0.003  0.003  0.000  0.178
   1.27583      1.758522  0.003  0.045  0.096  0.017  0.002  0.010  0.003  0.004  0.000  0.178
   1.32062      1.723430  0.002  0.048  0.084  0.020  0.002  0.010  0.002  0.004  0.000  0.172
   1.36541      1.692770  0.002  0.048  0.072  0.026  0.002  0.010  0.002  0.004  0.002  0.166
   1.41020      1.670286  0.002  0.048  0.060  0.034  0.004  0.010  0.002  0.004  0.002  0.164
   1.45500      1.668146  0.006  0.036  0.056  0.050  0.004  0.008  0.002  0.004  0.002  0.166
   1.49979      1.707626  0.012  0.014  0.062  0.072  0.006  0.004  0.002  0.006  0.002  0.176
   1.54458      1.764507  0.016  0.006  0.062  0.088  0.004  0.002  0.000  0.008  0.002  0.188
   1.58937      1.781948  0.014  0.012  0.054  0.092  0.002  0.000  0.002  0.008  0.002  0.188
   1.63417      1.769801  0.012  0.022  0.050  0.080  0.002  0.002  0.002  0.008  0.002  0.180
   1.67896      1.757809  0.012  0.038  0.050  0.060  0.002  0.002  0.002  0.008  0.002  0.174
   1.72375      1.757856  0.012  0.056  0.050  0.040  0.002  0.004  0.002  0.006  0.002  0.174
   1.76854      1.770469  0.012  0.078  0.050  0.024  0.000  0.004  0.002  0.004  0.004  0.180
   1.81333      1.784657  0.014  0.088  0.054  0.018  0.000  0.006  0.002  0.004  0.004  0.188
   1.85813      1.770154  0.016  0.072  0.062  0.024  0.000  0.004  0.000  0.004  0.006  0.188
   1.90292      1.685609  0.044  0.068  0.024  0.040  0.004  0.002  0.000  0.002  0.002  0.186
   1.94771      1.627441  0.038  0.076  0.018  0.044  0.006  0.002  0.000  0.000  0.002  0.188
   1.99250      1.613835  0.030  0.086  0.014  0.060  0.006  0.002  0.000  0.000  0.004  0.202
   2.03729      1.616383  0.022  0.092  0.012  0.080  0.006  0.000  0.000  0.000  0.004  0.220
   2.08209      1.619074  0.016  0.098  0.014  0.098  0.006  0.000  0.000  0.000  0.004  0.236
   2.12688      1.626282  0.012  0.106  0.014  0.108  0.004  0.000  0.000  0.000  0.004  0.250
   2.12688      1.626282  0.012  0.106  0.014  0.108  0.004  0.000  0.000  0.000  0.004  0.250
   2.16569      1.619550  0.014  0.098  0.014  0.100  0.006  0.000  0.000  0.000  0.004  0.238
   2.20451      1.614963  0.020  0.092  0.012  0.088  0.006  0.002  0.000  0.000  0.002  0.226
   2.24332      1.600633  0.028  0.086  0.014  0.070  0.008  0.002  0.000  0.000  0.002  0.210
   2.28213      1.571175  0.036  0.078  0.016  0.048  0.008  0.002  0.000  0.000  0.000  0.192
   2.32095      1.555896  0.014  0.052  0.066  0.050  0.000  0.004  0.000  0.006  0.010  0.200
   2.35976      1.511385  0.002  0.066  0.024  0.072  0.000  0.004  0.000  0.010  0.006  0.184
   2.39858      1.484153  0.066  0.024  0.036  0.000  0.004  0.004  0.002  0.000  0.004  0.138
   2.43739      1.497410  0.070  0.006  0.044  0.006  0.002  0.004  0.002  0.000  0.004  0.138
   2.47620      1.536367  0.066  0.002  0.048  0.028  0.002  0.002  0.002  0.000  0.006  0.156
   2.51502      1.586857  0.058  0.002  0.048  0.058  0.000  0.002  0.002  0.000  0.006  0.176
   2.55383      1.634893  0.050  0.004  0.044  0.084  0.000  0.002  0.000  0.002  0.006  0.192
   2.59265      1.669601  0.042  0.004  0.038  0.110  0.000  0.002  0.000  0.002  0.006  0.204
   2.63146      1.681719  0.034  0.006  0.032  0.132  0.000  0.002  0.000  0.002  0.004  0.212
   2.67027      1.666531  0.028  0.004  0.032  0.144  0.000  0.002  0.000  0.004  0.004  0.216
   2.70909      1.638226  0.028  0.006  0.048  0.120  0.000  0.002  0.000  0.002  0.002  0.210
   2.74790      1.662848  0.028  0.038  0.062  0.026  0.002  0.010  0.000  0.000  0.002  0.166
   2.78671      1.681112  0.012  0.070  0.012  0.032  0.004  0.014  0.000  0.002  0.002  0.146
   2.82553      1.675073  0.010  0.066  0.028  0.032  0.004  0.012  0.002  0.000  0.000  0.156
   2.86434      1.752808  0.012  0.050  0.050  0.046  0.004  0.010  0.002  0.000  0.000  0.172
 
# Band-Index:   46
   2.86434      1.752808  0.012  0.050  0.050  0.046  0.004  0.010  0.002  0.000  0.000  0.172
   2.82553      1.858109  0.012  0.042  0.060  0.050  0.004  0.008  0.002  0.002  0.000  0.180
   2.78671      1.805285  0.016  0.020  0.072  0.108  0.000  0.004  0.000  0.002  0.000  0.226
   2.74790      1.807002  0.006  0.026  0.016  0.180  0.002  0.004  0.000  0.004  0.000  0.238
   2.70909      1.876020  0.006  0.022  0.004  0.198  0.002  0.004  0.000  0.004  0.002  0.242
   2.67027      1.940210  0.006  0.018  0.004  0.220  0.002  0.004  0.000  0.004  0.002  0.258
   2.63146      1.993323  0.004  0.016  0.002  0.244  0.000  0.002  0.000  0.004  0.002  0.276
   2.59265      2.035760  0.002  0.020  0.002  0.262  0.000  0.002  0.000  0.002  0.002  0.294
   2.55383      2.067854  0.002  0.030  0.004  0.272  0.000  0.000  0.000  0.002  0.002  0.312
   2.51502      2.091206  0.002  0.044  0.006  0.272  0.000  0.000  0.000  0.002  0.002  0.330
   2.47620      2.085113  0.014  0.054  0.070  0.038  0.000  0.002  0.002  0.004  0.004  0.192
   2.43739      2.000516  0.016  0.056  0.068  0.036  0.000  0.002  0.002  0.004  0.006  0.190
   2.39858      1.888971  0.018  0.050  0.066  0.036  0.000  0.002  0.002  0.004  0.008  0.186
   2.35976      1.749819  0.018  0.034  0.056  0.042  0.000  0.002  0.000  0.004  0.012  0.172
   2.32095      1.620130  0.008  0.002  0.014  0.076  0.000  0.002  0.002  0.010  0.012  0.126
   2.28213      1.634880  0.000  0.016  0.026  0.080  0.000  0.002  0.002  0.012  0.008  0.148
   2.24332      1.664402  0.000  0.014  0.048  0.072  0.000  0.002  0.002  0.012  0.006  0.158
   2.20451      1.683218  0.008  0.146  0.020  0.088  0.004  0.000  0.000  0.000  0.006  0.272
   2.16569      1.644543  0.008  0.120  0.016  0.106  0.004  0.000  0.000  0.000  0.006  0.260
   2.12688      1.626282  0.012  0.106  0.014  0.108  0.004  0.000  0.000  0.000  0.004  0.250
   2.12688      1.626282  0.012  0.106  0.014  0.108  0.004  0.000  0.000  0.000  0.004  0.250
   2.08209      1.648614  0.008  0.116  0.016  0.110  0.004  0.000  0.000  0.000  0.004  0.262
   2.03729      1.694623  0.002  0.010  0.072  0.062  0.000  0.002  0.002  0.012  0.004  0.166
   1.99250      1.673113  0.002  0.018  0.060  0.062  0.000  0.002  0.002  0.012  0.004  0.164
   1.94771      1.672242  0.006  0.028  0.056  0.056  0.000  0.002  0.002  0.010  0.006  0.166
   1.90292      1.713701  0.012  0.046  0.062  0.038  0.000  0.004  0.002  0.006  0.008  0.178
   1.85813      1.784452  0.042  0.066  0.030  0.046  0.002  0.002  0.000  0.002  0.002  0.192
   1.81333      1.890660  0.038  0.066  0.034  0.056  0.000  0.002  0.000  0.002  0.002  0.198
   1.76854      1.978735  0.034  0.064  0.036  0.062  0.000  0.002  0.000  0.002  0.002  0.202
   1.72375      2.036501  0.018  0.048  0.096  0.026  0.000  0.004  0.002  0.006  0.002  0.200
   1.67896      2.035545  0.018  0.036  0.096  0.038  0.000  0.002  0.002  0.006  0.000  0.200
   1.63417      2.038855  0.018  0.028  0.092  0.054  0.002  0.002  0.002  0.008  0.000  0.204
   1.58937      2.018364  0.018  0.054  0.052  0.046  0.002  0.006  0.002  0.004  0.002  0.184
   1.54458      1.962044  0.014  0.050  0.058  0.038  0.002  0.006  0.002  0.004  0.002  0.176
   1.49979      1.894563  0.012  0.048  0.064  0.032  0.004  0.008  0.002  0.004  0.002  0.170
   1.45500      1.826296  0.008  0.046  0.070  0.026  0.002  0.008  0.002  0.004  0.002  0.168
   1.41020      1.768271  0.006  0.044  0.076  0.022  0.002  0.010  0.002  0.004  0.000  0.166
   1.36541      1.732011  0.004  0.044  0.084  0.020  0.002  0.010  0.002  0.004  0.000  0.168
   1.32062      1.727455  0.002  0.044  0.090  0.018  0.002  0.010  0.002  0.004  0.000  0.172
   1.27583      1.758522  0.003  0.045  0.096  0.017  0.002  0.010  0.003  0.004  0.000  0.178
   1.27583      1.758522  0.003  0.045  0.095  0.016  0.002  0.009  0.003  0.003  0.000  0.178
   1.23104      1.727455  0.002  0.044  0.090  0.018  0.002  0.010  0.002  0.004  0.000  0.172
   1.18624      1.732011  0.004  0.044  0.084  0.020  0.002  0.010  0.002  0.004  0.000  0.168
   1.14145      1.768271  0.006  0.044  0.076  0.022  0.002  0.010  0.002  0.004  0.000  0.166
   1.09666      1.826296  0.008  0.046  0.070  0.026  0.002  0.008  0.002  0.004  0.002  0.168
   1.05187      1.894563  0.012  0.048  0.064  0.032  0.004  0.008  0.002  0.004  0.002  0.170
   1.00708      1.962044  0.014  0.050  0.058  0.038  0.002  0.006  0.002  0.004  0.002  0.176
   0.96228      2.018364  0.018  0.054  0.052  0.046  0.002  0.006  0.002  0.004  0.002  0.184
   0.91749      2.038855  0.018  0.028  0.092  0.054  0.002  0.002  0.002  0.008  0.000  0.204
   0.87270      2.035545  0.018  0.036  0.096  0.038  0.000  0.002  0.002  0.006  0.000  0.200
   0.82791      2.036501  0.018  0.048  0.096  0.026  0.000  0.004  0.002  0.006  0.002  0.200
   0.78311      1.978735  0.034  0.064  0.036  0.062  0.000  0.002  0.000  0.002  0.002  0.202
   0.73832      1.890660  0.038  0.066  0.034  0.056  0.000  0.002  0.000  0.002  0.002  0.198
   0.69353      1.784452  0.042  0.066  0.030  0.046  0.002  0.002  0.000  0.002  0.002  0.192
   0.64874      1.713701  0.012  0.046  0.062  0.038  0.000  0.004  0.002  0.006  0.008  0.178
   0.60395      1.672242  0.006  0.028  0.056  0.056  0.000  0.002  0.002  0.010  0.006  0.166
   0.55915      1.673113  0.002  0.018  0.060  0.062  0.000  0.002  0.002  0.012  0.004  0.164
   0.51436      1.694623  0.002  0.010  0.072  0.062  0.000  0.002  0.002  0.012  0.004  0.166
   0.46957      1.648614  0.008  0.116  0.016  0.110  0.004  0.000  0.000  0.000  0.004  0.262
   0.42478      1.626282  0.012  0.106  0.014  0.108  0.004  0.000  0.000  0.000  0.004  0.250
   0.42478      1.626282  0.012  0.106  0.014  0.108  0.004  0.000  0.000  0.000  0.004  0.250
   0.40242      1.634738  0.010  0.106  0.014  0.114  0.004  0.000  0.000  0.000  0.004  0.256
   0.38006      1.648098  0.008  0.104  0.016  0.124  0.004  0.000  0.000  0.000  0.004  0.262
   0.35771      1.667859  0.008  0.098  0.018  0.136  0.004  0.000  0.000  0.000  0.004  0.270
   0.33535      1.695910  0.008  0.090  0.022  0.148  0.004  0.000  0.000  0.000  0.004  0.276
   0.31299      1.734602  0.010  0.078  0.024  0.160  0.004  0.000  0.000  0.000  0.004  0.282
   0.29064      1.768760  0.006  0.010  0.076  0.056  0.000  0.002  0.002  0.012  0.002  0.166
   0.26828      1.795958  0.008  0.012  0.072  0.056  0.000  0.002  0.002  0.012  0.004  0.166
   0.24592      1.827109  0.008  0.016  0.070  0.056  0.000  0.002  0.002  0.010  0.004  0.168
   0.22357      1.860751  0.010  0.018  0.066  0.056  0.000  0.002  0.002  0.010  0.004  0.168
   0.20121      1.895477  0.012  0.022  0.064  0.056  0.000  0.002  0.002  0.010  0.004  0.170
   0.17885      1.929931  0.012  0.026  0.060  0.056  0.000  0.002  0.002  0.008  0.004  0.174
   0.15650      1.962803  0.014  0.032  0.058  0.056  0.000  0.002  0.002  0.008  0.004  0.176
   0.13414      1.992820  0.016  0.036  0.054  0.056  0.000  0.002  0.002  0.008  0.004  0.180
   0.11178      2.018759  0.018  0.042  0.052  0.058  0.000  0.002  0.002  0.008  0.004  0.184
   0.08943      2.039480  0.020  0.048  0.050  0.058  0.000  0.002  0.002  0.006  0.002  0.188
   0.06707      2.053963  0.020  0.052  0.048  0.058  0.000  0.002  0.000  0.006  0.002  0.192
   0.04471      2.061345  0.022  0.058  0.044  0.060  0.000  0.002  0.000  0.006  0.002  0.194
   0.02236      2.060949  0.024  0.060  0.042  0.060  0.002  0.002  0.000  0.004  0.000  0.198
   0.00000      2.052316  0.026  0.062  0.040  0.062  0.002  0.002  0.000  0.004  0.000  0.200
 
# Band-Index:   47
   0.00000      2.610466  0.006  0.142  0.036  0.082  0.002  0.002  0.000  0.002  0.002  0.274
   0.02236      2.603396  0.008  0.106  0.046  0.090  0.000  0.002  0.002  0.004  0.004  0.260
   0.04471      2.584933  0.010  0.074  0.056  0.094  0.000  0.002  0.002  0.004  0.006  0.246
   0.06707      2.555475  0.010  0.050  0.064  0.092  0.000  0.000  0.002  0.006  0.006  0.234
   0.08943      2.516571  0.010  0.036  0.070  0.090  0.000  0.000  0.002  0.006  0.008  0.224
   0.11178      2.468092  0.030  0.046  0.048  0.114  0.002  0.002  0.000  0.002  0.000  0.244
   0.13414      2.390262  0.030  0.038  0.050  0.130  0.002  0.000  0.000  0.002  0.000  0.252
   0.15650      2.303490  0.028  0.036  0.050  0.142  0.002  0.000  0.000  0.002  0.000  0.260
   0.17885      2.210580  0.028  0.036  0.048  0.154  0.002  0.000  0.000  0.002  0.000  0.270
   0.20121      2.114833  0.024  0.038  0.046  0.164  0.002  0.000  0.000  0.000  0.000  0.278
   0.22357      2.020202  0.022  0.042  0.044  0.172  0.002  0.000  0.000  0.000  0.000  0.284
   0.24592      1.931166  0.018  0.048  0.040  0.176  0.002  0.000  0.000  0.000  0.002  0.288
   0.26828      1.852121  0.014  0.058  0.034  0.176  0.004  0.000  0.000  0.000  0.002  0.290
   0.29064      1.786270  0.012  0.068  0.030  0.170  0.004  0.000  0.000  0.000  0.002  0.288
   0.31299      1.747011  0.004  0.008  0.080  0.056  0.000  0.002  0.002  0.012  0.002  0.166
   0.33535      1.732143  0.004  0.006  0.084  0.058  0.000  0.002  0.002  0.012  0.002  0.168
   0.35771      1.725373  0.004  0.004  0.086  0.058  0.000  0.000  0.002  0.012  0.002  0.170
   0.38006      1.727509  0.002  0.004  0.090  0.058  0.000  0.000  0.002  0.012  0.002  0.172
   0.40242      1.738804  0.002  0.002  0.094  0.060  0.000  0.000  0.002  0.012  0.002  0.176
   0.42478      1.758930  0.002  0.002  0.096  0.060  0.000  0.000  0.002  0.012  0.002  0.178
   0.42478      1.758930  0.002  0.002  0.096  0.060  0.000  0.000  0.002  0.012  0.002  0.178
   0.46957      1.724427  0.002  0.006  0.084  0.062  0.000  0.000  0.002  0.012  0.002  0.172
   0.51436      1.697886  0.008  0.132  0.022  0.106  0.004  0.000  0.000  0.000  0.004  0.276
   0.55915      1.790309  0.012  0.144  0.030  0.094  0.002  0.000  0.000  0.000  0.004  0.286
   0.60395      1.936736  0.018  0.142  0.040  0.080  0.002  0.000  0.000  0.000  0.002  0.286
   0.64874      2.061117  0.010  0.092  0.108  0.020  0.000  0.004  0.000  0.004  0.004  0.244
   0.69353      2.061850  0.012  0.108  0.086  0.012  0.000  0.006  0.000  0.002  0.004  0.230
   0.73832      2.049787  0.016  0.086  0.086  0.014  0.000  0.004  0.000  0.004  0.004  0.214
   0.78311      2.041859  0.018  0.064  0.092  0.018  0.000  0.004  0.002  0.004  0.002  0.204
   0.82791      2.037004  0.028  0.062  0.038  0.064  0.000  0.004  0.000  0.002  0.002  0.202
   0.87270      2.061813  0.024  0.060  0.042  0.062  0.000  0.004  0.000  0.004  0.002  0.198
   0.91749      2.054107  0.020  0.056  0.046  0.056  0.002  0.006  0.000  0.004  0.002  0.192
   0.96228      2.044655  0.016  0.026  0.086  0.074  0.002  0.000  0.000  0.008  0.002  0.214
   1.00708      2.055144  0.012  0.028  0.086  0.092  0.002  0.002  0.000  0.006  0.002  0.232
   1.05187      2.053943  0.010  0.028  0.108  0.086  0.004  0.004  0.000  0.002  0.002  0.244
   1.09666      1.997566  0.010  0.026  0.130  0.056  0.004  0.006  0.002  0.002  0.002  0.234
   1.14145      1.916516  0.008  0.030  0.126  0.034  0.004  0.008  0.002  0.002  0.002  0.214
   1.18624      1.849388  0.004  0.036  0.116  0.022  0.002  0.010  0.002  0.002  0.000  0.198
   1.23104      1.798937  0.004  0.042  0.106  0.016  0.002  0.010  0.002  0.004  0.000  0.186
   1.27583      1.758523  0.003  0.045  0.095  0.016  0.002  0.010  0.003  0.003  0.000  0.178
   1.27583      1.758523  0.002  0.045  0.096  0.017  0.002  0.010  0.003  0.004  0.000  0.178
   1.32062      1.798937  0.004  0.042  0.106  0.016  0.002  0.010  0.002  0.004  0.000  0.186
   1.36541      1.849388  0.004  0.036  0.116  0.022  0.002  0.010  0.002  0.002  0.000  0.198
   1.41020      1.916516  0.008  0.030  0.126  0.034  0.004  0.008  0.002  0.002  0.002  0.214
   1.45500      1.997566  0.010  0.026  0.130  0.056  0.004  0.006  0.002  0.002  0.002  0.234
   1.49979      2.053943  0.010  0.028  0.108  0.086  0.004  0.004  0.000  0.002  0.002  0.244
   1.54458      2.055144  0.012  0.028  0.086  0.092  0.002  0.002  0.000  0.006  0.002  0.232
   1.58937      2.044655  0.016  0.026  0.086  0.074  0.002  0.000  0.000  0.008  0.002  0.214
   1.63417      2.054107  0.020  0.056  0.046  0.056  0.002  0.006  0.000  0.004  0.002  0.192
   1.67896      2.061813  0.024  0.060  0.042  0.062  0.000  0.004  0.000  0.004  0.002  0.198
   1.72375      2.037004  0.028  0.062  0.038  0.064  0.000  0.004  0.000  0.002  0.002  0.202
   1.76854      2.041859  0.018  0.064  0.092  0.018  0.000  0.004  0.002  0.004  0.002  0.204
   1.81333      2.049787  0.016  0.086  0.086  0.014  0.000  0.004  0.000  0.004  0.004  0.214
   1.85813      2.061850  0.012  0.108  0.086  0.012  0.000  0.006  0.000  0.002  0.004  0.230
   1.90292      2.061117  0.010  0.092  0.108  0.020  0.000  0.004  0.000  0.004  0.004  0.244
   1.94771      1.936736  0.018  0.142  0.040  0.080  0.002  0.000  0.000  0.000  0.002  0.286
   1.99250      1.790309  0.012  0.144  0.030  0.094  0.002  0.000  0.000  0.000  0.004  0.286
   2.03729      1.697886  0.008  0.132  0.022  0.106  0.004  0.000  0.000  0.000  0.004  0.276
   2.08209      1.724427  0.002  0.006  0.084  0.062  0.000  0.000  0.002  0.012  0.002  0.172
   2.12688      1.758930  0.002  0.002  0.096  0.060  0.000  0.000  0.002  0.012  0.002  0.178
   2.12688      1.758930  0.002  0.002  0.096  0.060  0.000  0.000  0.002  0.012  0.002  0.178
   2.16569      1.729745  0.002  0.006  0.082  0.062  0.000  0.000  0.004  0.012  0.004  0.172
   2.20451      1.697572  0.000  0.010  0.066  0.066  0.000  0.002  0.002  0.012  0.004  0.166
   2.24332      1.753358  0.008  0.180  0.024  0.064  0.002  0.000  0.000  0.000  0.004  0.286
   2.28213      1.858877  0.010  0.212  0.032  0.038  0.002  0.000  0.000  0.002  0.004  0.300
   2.32095      1.985307  0.010  0.242  0.038  0.024  0.002  0.000  0.000  0.002  0.002  0.320
   2.35976      2.090882  0.006  0.246  0.038  0.062  0.002  0.000  0.000  0.000  0.000  0.356
   2.39858      2.127342  0.002  0.172  0.024  0.166  0.002  0.000  0.000  0.000  0.002  0.368
   2.43739      2.122756  0.000  0.108  0.016  0.230  0.002  0.000  0.000  0.000  0.002  0.358
   2.47620      2.108837  0.000  0.070  0.010  0.260  0.002  0.000  0.000  0.000  0.002  0.344
   2.51502      2.149454  0.014  0.052  0.072  0.042  0.000  0.004  0.002  0.004  0.002  0.192
   2.55383      2.196644  0.014  0.050  0.074  0.044  0.000  0.004  0.002  0.004  0.002  0.194
   2.59265      2.224906  0.014  0.048  0.074  0.046  0.002  0.004  0.002  0.004  0.002  0.196
   2.63146      2.229194  0.014  0.046  0.074  0.048  0.002  0.004  0.002  0.004  0.002  0.196
   2.67027      2.204223  0.014  0.044  0.074  0.050  0.002  0.004  0.002  0.004  0.002  0.194
   2.70909      2.148539  0.014  0.042  0.072  0.050  0.002  0.006  0.002  0.002  0.000  0.192
   2.74790      2.066517  0.014  0.042  0.070  0.050  0.002  0.006  0.002  0.002  0.000  0.188
   2.78671      1.966486  0.012  0.040  0.066  0.052  0.002  0.008  0.002  0.002  0.000  0.184
   2.82553      1.907675  0.018  0.026  0.088  0.060  0.000  0.008  0.002  0.000  0.000  0.204
   2.86434      2.033666  0.018  0.028  0.096  0.046  0.000  0.008  0.002  0.000  0.000  0.200
 
# Band-Index:   48
   2.86434      2.033666  0.018  0.028  0.096  0.046  0.000  0.008  0.002  0.000  0.000  0.200
   2.82553      2.168872  0.018  0.028  0.104  0.040  0.000  0.008  0.002  0.000  0.000  0.202
   2.78671      2.307645  0.018  0.028  0.114  0.034  0.000  0.008  0.002  0.002  0.000  0.206
   2.74790      2.444547  0.018  0.028  0.124  0.030  0.000  0.008  0.002  0.002  0.000  0.212
   2.70909      2.572888  0.018  0.028  0.140  0.026  0.000  0.006  0.002  0.002  0.000  0.222
   2.67027      2.683475  0.020  0.024  0.160  0.020  0.000  0.004  0.002  0.002  0.000  0.234
   2.63146      2.762039  0.024  0.018  0.184  0.016  0.000  0.002  0.002  0.002  0.000  0.248
   2.59265      2.742591  0.022  0.022  0.178  0.016  0.000  0.002  0.002  0.002  0.000  0.246
   2.55383      2.692380  0.022  0.026  0.166  0.016  0.000  0.004  0.002  0.002  0.000  0.238
   2.51502      2.640949  0.022  0.028  0.158  0.016  0.000  0.004  0.002  0.002  0.000  0.232
   2.47620      2.590191  0.022  0.028  0.154  0.012  0.000  0.004  0.002  0.002  0.002  0.228
   2.43739      2.502615  0.026  0.012  0.170  0.020  0.000  0.000  0.002  0.002  0.004  0.236
   2.39858      2.350032  0.024  0.022  0.188  0.014  0.000  0.000  0.000  0.002  0.004  0.256
   2.35976      2.170698  0.022  0.036  0.194  0.010  0.000  0.000  0.000  0.002  0.006  0.270
   2.32095      2.000241  0.018  0.046  0.194  0.010  0.000  0.000  0.000  0.004  0.004  0.276
   2.28213      1.889918  0.012  0.036  0.174  0.024  0.000  0.000  0.000  0.006  0.002  0.254
   2.24332      1.839881  0.008  0.016  0.146  0.040  0.000  0.000  0.002  0.010  0.002  0.222
   2.20451      1.811076  0.004  0.004  0.124  0.050  0.000  0.000  0.002  0.012  0.002  0.200
   2.16569      1.785556  0.004  0.000  0.108  0.056  0.000  0.000  0.002  0.012  0.002  0.186
   2.12688      1.758930  0.002  0.002  0.096  0.060  0.000  0.000  0.002  0.012  0.002  0.178
   2.12688      1.758930  0.002  0.002  0.096  0.060  0.000  0.000  0.002  0.012  0.002  0.178
   2.08209      1.799223  0.004  0.002  0.106  0.056  0.000  0.000  0.002  0.012  0.002  0.186
   2.03729      1.850273  0.006  0.006  0.116  0.054  0.000  0.000  0.002  0.012  0.004  0.198
   1.99250      1.919014  0.008  0.016  0.126  0.048  0.000  0.000  0.002  0.010  0.004  0.214
   1.94771      2.002692  0.010  0.044  0.130  0.036  0.000  0.002  0.002  0.006  0.006  0.234
   1.90292      2.120715  0.024  0.130  0.046  0.070  0.000  0.000  0.000  0.000  0.002  0.276
   1.85813      2.308760  0.028  0.114  0.048  0.064  0.000  0.002  0.000  0.000  0.002  0.260
   1.81333      2.471750  0.028  0.090  0.044  0.074  0.000  0.002  0.000  0.002  0.002  0.242
   1.76854      2.571957  0.008  0.074  0.008  0.184  0.000  0.002  0.000  0.002  0.002  0.282
   1.72375      2.604188  0.004  0.092  0.020  0.164  0.002  0.002  0.000  0.002  0.002  0.288
   1.67896      2.602759  0.006  0.092  0.042  0.112  0.002  0.004  0.002  0.002  0.002  0.264
   1.63417      2.556096  0.010  0.082  0.062  0.066  0.006  0.004  0.002  0.002  0.002  0.236
   1.58937      2.470552  0.010  0.072  0.074  0.042  0.006  0.006  0.002  0.002  0.002  0.216
   1.54458      2.362159  0.008  0.062  0.082  0.030  0.008  0.006  0.004  0.002  0.002  0.204
   1.49979      2.244002  0.008  0.056  0.088  0.024  0.008  0.006  0.004  0.002  0.002  0.198
   1.45500      2.124951  0.006  0.052  0.092  0.020  0.006  0.008  0.004  0.002  0.002  0.194
   1.41020      2.011203  0.006  0.048  0.096  0.018  0.006  0.008  0.004  0.002  0.002  0.190
   1.36541      1.908027  0.004  0.046  0.098  0.016  0.004  0.008  0.004  0.004  0.002  0.186
   1.32062      1.821321  0.004  0.046  0.098  0.016  0.004  0.010  0.004  0.004  0.002  0.182
   1.27583      1.758523  0.002  0.045  0.096  0.017  0.002  0.010  0.003  0.004  0.000  0.178
   1.27583      1.758523  0.003  0.045  0.095  0.016  0.002  0.010  0.003  0.003  0.000  0.178
   1.23104      1.821321  0.004  0.046  0.098  0.016  0.004  0.010  0.004  0.004  0.002  0.182
   1.18624      1.908027  0.004  0.046  0.098  0.016  0.004  0.008  0.004  0.004  0.002  0.186
   1.14145      2.011203  0.006  0.048  0.096  0.018  0.006  0.008  0.004  0.002  0.002  0.190
   1.09666      2.124951  0.006  0.052  0.092  0.020  0.006  0.008  0.004  0.002  0.002  0.194
   1.05187      2.244002  0.008  0.056  0.088  0.024  0.008  0.006  0.004  0.002  0.002  0.198
   1.00708      2.362159  0.008  0.062  0.082  0.030  0.008  0.006  0.004  0.002  0.002  0.204
   0.96228      2.470552  0.010  0.072  0.074  0.042  0.006  0.006  0.002  0.002  0.002  0.216
   0.91749      2.556096  0.010  0.082  0.062  0.066  0.006  0.004  0.002  0.002  0.002  0.236
   0.87270      2.602759  0.006  0.092  0.042  0.112  0.002  0.004  0.002  0.002  0.002  0.264
   0.82791      2.604188  0.004  0.092  0.020  0.164  0.002  0.002  0.000  0.002  0.002  0.288
   0.78311      2.571957  0.008  0.074  0.008  0.184  0.000  0.002  0.000  0.002  0.002  0.282
   0.73832      2.471750  0.028  0.090  0.044  0.074  0.000  0.002  0.000  0.002  0.002  0.242
   0.69353      2.308760  0.028  0.114  0.048  0.064  0.000  0.002  0.000  0.000  0.002  0.260
   0.64874      2.120715  0.024  0.130  0.046  0.070  0.000  0.000  0.000  0.000  0.002  0.276
   0.60395      2.002692  0.010  0.044  0.130  0.036  0.000  0.002  0.002  0.006  0.006  0.234
   0.55915      1.919014  0.008  0.016  0.126  0.048  0.000  0.000  0.002  0.010  0.004  0.214
   0.51436      1.850273  0.006  0.006  0.116  0.054  0.000  0.000  0.002  0.012  0.004  0.198
   0.46957      1.799223  0.004  0.002  0.106  0.056  0.000  0.000  0.002  0.012  0.002  0.186
   0.42478      1.758930  0.002  0.002  0.096  0.060  0.000  0.000  0.002  0.012  0.002  0.178
   0.42478      1.758930  0.002  0.002  0.096  0.060  0.000  0.000  0.002  0.012  0.002  0.178
   0.40242      1.787108  0.002  0.002  0.098  0.060  0.000  0.000  0.004  0.012  0.004  0.180
   0.38006      1.822314  0.004  0.002  0.098  0.060  0.000  0.000  0.004  0.012  0.004  0.182
   0.35771      1.863459  0.004  0.002  0.098  0.060  0.000  0.000  0.004  0.012  0.006  0.186
   0.33535      1.909525  0.004  0.002  0.098  0.062  0.000  0.000  0.004  0.012  0.006  0.186
   0.31299      1.959610  0.004  0.002  0.098  0.062  0.000  0.000  0.004  0.010  0.006  0.188
   0.29064      2.012930  0.006  0.002  0.096  0.064  0.000  0.000  0.004  0.010  0.008  0.190
   0.26828      2.068794  0.006  0.004  0.094  0.064  0.000  0.000  0.004  0.010  0.008  0.192
   0.24592      2.126556  0.006  0.004  0.092  0.066  0.000  0.000  0.004  0.010  0.010  0.194
   0.22357      2.185571  0.008  0.006  0.090  0.068  0.000  0.000  0.004  0.010  0.010  0.196
   0.20121      2.245142  0.008  0.008  0.088  0.072  0.000  0.000  0.004  0.010  0.010  0.198
   0.17885      2.304464  0.008  0.010  0.086  0.074  0.000  0.000  0.004  0.008  0.010  0.200
   0.15650      2.362574  0.008  0.014  0.082  0.078  0.000  0.000  0.004  0.008  0.010  0.204
   0.13414      2.418296  0.010  0.018  0.080  0.082  0.000  0.000  0.002  0.008  0.010  0.210
   0.11178      2.470198  0.010  0.024  0.076  0.086  0.000  0.000  0.002  0.008  0.010  0.216
   0.08943      2.533672  0.028  0.078  0.042  0.084  0.002  0.002  0.000  0.002  0.000  0.238
   0.06707      2.575831  0.012  0.188  0.020  0.046  0.002  0.002  0.000  0.002  0.000  0.274
   0.04471      2.595716  0.006  0.198  0.020  0.058  0.002  0.002  0.000  0.002  0.000  0.288
   0.02236      2.607270  0.006  0.174  0.026  0.070  0.002  0.002  0.000  0.002  0.002  0.284
   0.00000      2.610466  0.006  0.142  0.036  0.082  0.002  0.002  0.000  0.002  0.002  0.274
 
# Band-Index:   49
   0.00000      2.695193  0.018  0.130  0.038  0.048  0.002  0.004  0.000  0.002  0.002  0.244
   0.02236      2.672566  0.020  0.096  0.044  0.070  0.002  0.002  0.000  0.002  0.002  0.240
   0.04471      2.640916  0.022  0.074  0.048  0.092  0.002  0.002  0.000  0.002  0.002  0.244
   0.06707      2.600524  0.016  0.084  0.046  0.114  0.002  0.002  0.000  0.002  0.002  0.268
   0.08943      2.566529  0.002  0.194  0.020  0.088  0.002  0.002  0.000  0.000  0.002  0.310
   0.11178      2.542042  0.000  0.224  0.012  0.070  0.004  0.002  0.000  0.000  0.000  0.316
   0.13414      2.518521  0.002  0.232  0.008  0.068  0.004  0.002  0.000  0.000  0.000  0.316
   0.15650      2.495934  0.002  0.232  0.008  0.068  0.004  0.002  0.000  0.000  0.000  0.318
   0.17885      2.475428  0.002  0.230  0.006  0.072  0.006  0.002  0.000  0.000  0.002  0.320
   0.20121      2.458377  0.002  0.226  0.006  0.080  0.006  0.002  0.000  0.000  0.002  0.322
   0.22357      2.446152  0.002  0.220  0.004  0.088  0.006  0.000  0.000  0.000  0.002  0.324
   0.24592      2.439907  0.002  0.212  0.004  0.100  0.006  0.000  0.000  0.000  0.002  0.326
   0.26828      2.440298  0.002  0.202  0.002  0.112  0.006  0.000  0.000  0.000  0.002  0.328
   0.29064      2.447188  0.002  0.192  0.002  0.124  0.006  0.000  0.000  0.000  0.004  0.330
   0.31299      2.459459  0.002  0.182  0.002  0.136  0.006  0.000  0.000  0.000  0.004  0.334
   0.33535      2.475039  0.002  0.174  0.002  0.148  0.006  0.000  0.000  0.000  0.004  0.336
   0.35771      2.491201  0.000  0.168  0.000  0.156  0.006  0.000  0.000  0.000  0.006  0.338
   0.38006      2.505080  0.000  0.164  0.000  0.162  0.006  0.000  0.000  0.000  0.006  0.338
   0.40242      2.514289  0.000  0.164  0.000  0.164  0.006  0.000  0.000  0.000  0.006  0.340
   0.42478      2.517485  0.000  0.166  0.000  0.162  0.006  0.000  0.000  0.000  0.006  0.340
   0.42478      2.517485  0.000  0.166  0.000  0.162  0.006  0.000  0.000  0.000  0.006  0.340
   0.46957      2.504726  0.000  0.160  0.000  0.166  0.006  0.000  0.000  0.000  0.006  0.338
   0.51436      2.474011  0.002  0.154  0.002  0.168  0.006  0.000  0.000  0.000  0.006  0.336
   0.55915      2.445182  0.002  0.140  0.002  0.176  0.004  0.000  0.000  0.000  0.006  0.330
   0.60395      2.437022  0.002  0.128  0.004  0.184  0.004  0.000  0.000  0.000  0.004  0.326
   0.64874      2.454884  0.002  0.116  0.006  0.190  0.002  0.000  0.000  0.000  0.004  0.322
   0.69353      2.492146  0.002  0.112  0.008  0.190  0.002  0.000  0.000  0.002  0.004  0.318
   0.73832      2.538666  0.002  0.116  0.016  0.176  0.002  0.000  0.000  0.002  0.002  0.316
   0.78311      2.603243  0.022  0.114  0.056  0.060  0.002  0.002  0.000  0.002  0.000  0.258
   0.82791      2.672725  0.022  0.080  0.050  0.074  0.002  0.002  0.002  0.002  0.002  0.236
   0.87270      2.706879  0.016  0.064  0.036  0.120  0.002  0.002  0.000  0.004  0.002  0.246
   0.91749      2.725084  0.008  0.062  0.020  0.160  0.002  0.002  0.000  0.004  0.002  0.262
   0.96228      2.639786  0.022  0.040  0.112  0.052  0.006  0.002  0.000  0.002  0.000  0.236
   1.00708      2.542431  0.018  0.030  0.106  0.066  0.006  0.002  0.002  0.004  0.000  0.234
   1.05187      2.462404  0.012  0.034  0.064  0.108  0.004  0.002  0.002  0.006  0.000  0.232
   1.09666      2.469927  0.006  0.048  0.022  0.150  0.002  0.000  0.002  0.008  0.000  0.240
   1.14145      2.548574  0.002  0.056  0.008  0.174  0.002  0.002  0.000  0.008  0.000  0.256
   1.18624      2.642078  0.002  0.060  0.006  0.186  0.002  0.002  0.000  0.008  0.000  0.266
   1.23104      2.719468  0.000  0.062  0.008  0.188  0.002  0.002  0.000  0.008  0.000  0.272
   1.27583      2.764739  0.000  0.063  0.010  0.185  0.002  0.004  0.000  0.008  0.000  0.273
   1.27583      2.764739  0.000  0.063  0.011  0.185  0.002  0.004  0.000  0.009  0.000  0.273
   1.32062      2.719468  0.000  0.062  0.008  0.188  0.002  0.002  0.000  0.008  0.000  0.272
   1.36541      2.642078  0.002  0.060  0.006  0.186  0.002  0.002  0.000  0.008  0.000  0.266
   1.41020      2.548574  0.002  0.056  0.008  0.174  0.002  0.002  0.000  0.008  0.000  0.256
   1.45500      2.469927  0.006  0.048  0.022  0.150  0.002  0.000  0.002  0.008  0.000  0.240
   1.49979      2.462404  0.012  0.034  0.064  0.108  0.004  0.002  0.002  0.006  0.000  0.232
   1.54458      2.542431  0.018  0.030  0.106  0.066  0.006  0.002  0.002  0.004  0.000  0.234
   1.58937      2.639786  0.022  0.040  0.112  0.052  0.006  0.002  0.000  0.002  0.000  0.236
   1.63417      2.725084  0.008  0.062  0.020  0.160  0.002  0.002  0.000  0.004  0.002  0.262
   1.67896      2.706879  0.016  0.064  0.036  0.120  0.002  0.002  0.000  0.004  0.002  0.246
   1.72375      2.672725  0.022  0.080  0.050  0.074  0.002  0.002  0.002  0.002  0.002  0.236
   1.76854      2.603243  0.022  0.114  0.056  0.060  0.002  0.002  0.000  0.002  0.000  0.258
   1.81333      2.538666  0.002  0.116  0.016  0.176  0.002  0.000  0.000  0.002  0.002  0.316
   1.85813      2.492146  0.002  0.112  0.008  0.190  0.002  0.000  0.000  0.002  0.004  0.318
   1.90292      2.454884  0.002  0.116  0.006  0.190  0.002  0.000  0.000  0.000  0.004  0.322
   1.94771      2.437022  0.002  0.128  0.004  0.184  0.004  0.000  0.000  0.000  0.004  0.326
   1.99250      2.445182  0.002  0.140  0.002  0.176  0.004  0.000  0.000  0.000  0.006  0.330
   2.03729      2.474011  0.002  0.154  0.002  0.168  0.006  0.000  0.000  0.000  0.006  0.336
   2.08209      2.504726  0.000  0.160  0.000  0.166  0.006  0.000  0.000  0.000  0.006  0.338
   2.12688      2.517485  0.000  0.166  0.000  0.162  0.006  0.000  0.000  0.000  0.006  0.340
   2.12688      2.517485  0.000  0.166  0.000  0.162  0.006  0.000  0.000  0.000  0.006  0.340
   2.16569      2.506088  0.000  0.154  0.000  0.172  0.006  0.000  0.000  0.000  0.006  0.338
   2.20451      2.472405  0.002  0.134  0.000  0.186  0.006  0.000  0.000  0.000  0.006  0.336
   2.24332      2.423217  0.004  0.106  0.002  0.208  0.006  0.000  0.000  0.000  0.004  0.330
   2.28213      2.371080  0.004  0.070  0.002  0.234  0.004  0.000  0.000  0.000  0.006  0.320
   2.32095      2.332132  0.008  0.026  0.002  0.256  0.004  0.000  0.000  0.000  0.006  0.300
   2.35976      2.336149  0.014  0.004  0.008  0.230  0.002  0.000  0.000  0.002  0.006  0.262
   2.39858      2.415275  0.020  0.056  0.024  0.136  0.000  0.000  0.000  0.002  0.004  0.244
   2.43739      2.527157  0.022  0.098  0.036  0.084  0.000  0.000  0.000  0.004  0.002  0.244
   2.47620      2.626884  0.020  0.030  0.144  0.032  0.000  0.000  0.002  0.006  0.002  0.234
   2.51502      2.706944  0.020  0.120  0.054  0.054  0.000  0.002  0.000  0.004  0.000  0.254
   2.55383      2.757657  0.020  0.114  0.060  0.058  0.002  0.002  0.000  0.004  0.000  0.260
   2.59265      2.780503  0.018  0.104  0.064  0.068  0.002  0.002  0.000  0.002  0.002  0.262
   2.63146      2.777015  0.018  0.092  0.068  0.072  0.002  0.002  0.000  0.002  0.002  0.258
   2.67027      2.758805  0.020  0.082  0.076  0.064  0.004  0.002  0.000  0.002  0.002  0.252
   2.70909      2.744001  0.022  0.074  0.088  0.054  0.004  0.002  0.000  0.002  0.002  0.248
   2.74790      2.742468  0.024  0.066  0.098  0.050  0.004  0.002  0.000  0.002  0.002  0.248
   2.78671      2.753537  0.024  0.058  0.106  0.052  0.002  0.002  0.000  0.000  0.004  0.250
   2.82553      2.771356  0.026  0.050  0.112  0.052  0.002  0.002  0.000  0.000  0.004  0.250
   2.86434      2.789615  0.024  0.044  0.118  0.054  0.002  0.002  0.000  0.002  0.002  0.248
 
# Band-Index:   50
   2.86434      2.789615  0.024  0.044  0.118  0.054  0.002  0.002  0.000  0.002  0.002  0.248
   2.82553      2.803825  0.024  0.038  0.122  0.054  0.002  0.002  0.000  0.002  0.002  0.246
   2.78671      2.812022  0.022  0.032  0.128  0.052  0.000  0.002  0.000  0.002  0.002  0.242
   2.74790      2.814617  0.022  0.028  0.134  0.048  0.000  0.002  0.002  0.002  0.002  0.240
   2.70909      2.813066  0.020  0.022  0.146  0.042  0.000  0.002  0.002  0.002  0.002  0.240
   2.67027      2.805927  0.022  0.018  0.166  0.030  0.000  0.002  0.002  0.002  0.000  0.244
   2.63146      2.783972  0.022  0.020  0.180  0.022  0.000  0.002  0.002  0.002  0.000  0.250
   2.59265      2.791620  0.022  0.018  0.172  0.026  0.000  0.002  0.002  0.004  0.000  0.246
   2.55383      2.773520  0.020  0.022  0.154  0.032  0.000  0.000  0.002  0.004  0.002  0.236
   2.51502      2.717408  0.020  0.024  0.144  0.034  0.000  0.000  0.002  0.006  0.002  0.232
   2.47620      2.628955  0.022  0.116  0.046  0.060  0.000  0.000  0.000  0.004  0.000  0.248
   2.43739      2.538805  0.018  0.054  0.130  0.018  0.000  0.004  0.002  0.004  0.002  0.232
   2.39858      2.474587  0.016  0.078  0.094  0.020  0.000  0.006  0.002  0.002  0.004  0.222
   2.35976      2.424164  0.010  0.118  0.052  0.020  0.000  0.006  0.002  0.002  0.004  0.216
   2.32095      2.421003  0.006  0.162  0.026  0.014  0.000  0.008  0.002  0.002  0.004  0.224
   2.28213      2.471544  0.004  0.202  0.012  0.006  0.000  0.010  0.002  0.000  0.002  0.240
   2.24332      2.518546  0.000  0.144  0.004  0.184  0.002  0.000  0.000  0.000  0.008  0.340
   2.20451      2.504006  0.000  0.156  0.002  0.172  0.004  0.000  0.000  0.000  0.008  0.340
   2.16569      2.511081  0.000  0.166  0.000  0.162  0.006  0.000  0.000  0.000  0.006  0.340
   2.12688      2.517485  0.000  0.166  0.000  0.162  0.006  0.000  0.000  0.000  0.006  0.340
   2.12688      2.517485  0.000  0.166  0.000  0.162  0.006  0.000  0.000  0.000  0.006  0.340
   2.08209      2.507227  0.000  0.164  0.000  0.164  0.006  0.000  0.000  0.000  0.006  0.340
   2.03729      2.490213  0.000  0.150  0.002  0.176  0.004  0.000  0.000  0.000  0.006  0.338
   1.99250      2.492778  0.000  0.136  0.002  0.190  0.004  0.000  0.000  0.000  0.006  0.338
   1.94771      2.478602  0.006  0.192  0.022  0.008  0.000  0.008  0.002  0.002  0.004  0.242
   1.90292      2.468475  0.012  0.126  0.064  0.016  0.000  0.006  0.002  0.002  0.006  0.234
   1.85813      2.546762  0.018  0.076  0.106  0.022  0.000  0.004  0.000  0.002  0.006  0.234
   1.81333      2.642939  0.022  0.062  0.112  0.030  0.000  0.002  0.000  0.002  0.006  0.236
   1.76854      2.735185  0.024  0.056  0.114  0.040  0.002  0.002  0.000  0.002  0.004  0.242
   1.72375      2.793608  0.024  0.052  0.118  0.046  0.002  0.002  0.000  0.002  0.002  0.248
   1.67896      2.792633  0.024  0.050  0.118  0.048  0.004  0.002  0.000  0.002  0.002  0.248
   1.63417      2.732713  0.024  0.046  0.114  0.050  0.004  0.002  0.000  0.002  0.000  0.242
   1.58937      2.737471  0.006  0.062  0.014  0.180  0.002  0.002  0.000  0.006  0.002  0.270
   1.54458      2.688878  0.008  0.062  0.056  0.092  0.004  0.004  0.002  0.004  0.000  0.234
   1.49979      2.635821  0.008  0.066  0.040  0.100  0.002  0.004  0.002  0.006  0.000  0.228
   1.45500      2.653940  0.006  0.062  0.034  0.118  0.002  0.004  0.002  0.008  0.000  0.234
   1.41020      2.700276  0.006  0.062  0.026  0.138  0.002  0.004  0.000  0.008  0.000  0.246
   1.36541      2.746439  0.004  0.062  0.020  0.158  0.002  0.004  0.000  0.008  0.000  0.258
   1.32062      2.758904  0.000  0.062  0.010  0.186  0.000  0.004  0.000  0.008  0.000  0.272
   1.27583      2.764739  0.000  0.063  0.010  0.186  0.002  0.004  0.000  0.009  0.000  0.273
   1.27583      2.764739  0.000  0.063  0.010  0.185  0.002  0.004  0.000  0.008  0.000  0.273
   1.23104      2.758904  0.000  0.062  0.010  0.186  0.000  0.004  0.000  0.008  0.000  0.272
   1.18624      2.746439  0.004  0.062  0.020  0.158  0.002  0.004  0.000  0.008  0.000  0.258
   1.14145      2.700276  0.006  0.062  0.026  0.138  0.002  0.004  0.000  0.008  0.000  0.246
   1.09666      2.653940  0.006  0.062  0.034  0.118  0.002  0.004  0.002  0.008  0.000  0.234
   1.05187      2.635821  0.008  0.066  0.040  0.100  0.002  0.004  0.002  0.006  0.000  0.228
   1.00708      2.688878  0.008  0.062  0.056  0.092  0.004  0.004  0.002  0.004  0.000  0.234
   0.96228      2.737471  0.006  0.062  0.014  0.180  0.002  0.002  0.000  0.006  0.002  0.270
   0.91749      2.732713  0.024  0.046  0.114  0.050  0.004  0.002  0.000  0.002  0.000  0.242
   0.87270      2.792633  0.024  0.050  0.118  0.048  0.004  0.002  0.000  0.002  0.002  0.248
   0.82791      2.793608  0.024  0.052  0.118  0.046  0.002  0.002  0.000  0.002  0.002  0.248
   0.78311      2.735185  0.024  0.056  0.114  0.040  0.002  0.002  0.000  0.002  0.004  0.242
   0.73832      2.642939  0.022  0.062  0.112  0.030  0.000  0.002  0.000  0.002  0.006  0.236
   0.69353      2.546762  0.018  0.076  0.106  0.022  0.000  0.004  0.000  0.002  0.006  0.234
   0.64874      2.468475  0.012  0.126  0.064  0.016  0.000  0.006  0.002  0.002  0.006  0.234
   0.60395      2.478602  0.006  0.192  0.022  0.008  0.000  0.008  0.002  0.002  0.004  0.242
   0.55915      2.492778  0.000  0.136  0.002  0.190  0.004  0.000  0.000  0.000  0.006  0.338
   0.51436      2.490213  0.000  0.150  0.002  0.176  0.004  0.000  0.000  0.000  0.006  0.338
   0.46957      2.507227  0.000  0.164  0.000  0.164  0.006  0.000  0.000  0.000  0.006  0.340
   0.42478      2.517485  0.000  0.166  0.000  0.162  0.006  0.000  0.000  0.000  0.006  0.340
   0.42478      2.517485  0.000  0.166  0.000  0.162  0.006  0.000  0.000  0.000  0.006  0.340
   0.40242      2.514747  0.000  0.170  0.000  0.158  0.006  0.000  0.000  0.000  0.006  0.340
   0.38006      2.507617  0.000  0.178  0.000  0.148  0.006  0.000  0.000  0.000  0.006  0.340
   0.35771      2.498824  0.000  0.188  0.000  0.138  0.006  0.000  0.000  0.000  0.004  0.340
   0.33535      2.491731  0.000  0.200  0.002  0.126  0.006  0.000  0.000  0.000  0.004  0.338
   0.31299      2.489664  0.000  0.212  0.002  0.114  0.006  0.000  0.000  0.000  0.004  0.338
   0.29064      2.495243  0.000  0.224  0.002  0.102  0.006  0.000  0.000  0.000  0.002  0.338
   0.26828      2.509914  0.000  0.232  0.004  0.090  0.006  0.000  0.000  0.000  0.002  0.336
   0.24592      2.533834  0.000  0.238  0.004  0.082  0.006  0.000  0.000  0.000  0.002  0.334
   0.22357      2.566084  0.002  0.240  0.006  0.076  0.006  0.000  0.000  0.000  0.002  0.332
   0.20121      2.605025  0.002  0.240  0.008  0.070  0.006  0.000  0.000  0.000  0.000  0.328
   0.17885      2.648632  0.004  0.238  0.008  0.066  0.004  0.002  0.000  0.000  0.000  0.324
   0.15650      2.694729  0.004  0.234  0.010  0.064  0.004  0.002  0.000  0.000  0.000  0.318
   0.13414      2.741117  0.006  0.228  0.012  0.062  0.004  0.002  0.000  0.000  0.000  0.314
   0.11178      2.747639  0.006  0.240  0.012  0.004  0.002  0.008  0.000  0.000  0.002  0.272
   0.08943      2.741129  0.006  0.230  0.014  0.006  0.002  0.008  0.000  0.000  0.002  0.270
   0.06707      2.733154  0.008  0.216  0.018  0.010  0.002  0.006  0.000  0.000  0.002  0.264
   0.04471      2.723443  0.010  0.194  0.024  0.018  0.002  0.006  0.000  0.002  0.002  0.258
   0.02236      2.711309  0.014  0.164  0.030  0.030  0.002  0.004  0.000  0.002  0.002  0.250
   0.00000      2.695193  0.018  0.130  0.038  0.048  0.002  0.004  0.000  0.002  0.002  0.244
 
# Band-Index:   51
   0.00000      2.923542  0.006  0.210  0.020  0.040  0.002  0.004  0.000  0.002  0.004  0.286
   0.02236      2.910624  0.008  0.210  0.018  0.044  0.002  0.002  0.000  0.002  0.002  0.290
   0.04471      2.889934  0.008  0.210  0.018  0.050  0.002  0.002  0.000  0.002  0.002  0.294
   0.06707      2.861599  0.008  0.214  0.016  0.052  0.002  0.002  0.000  0.002  0.002  0.298
   0.08943      2.826401  0.008  0.218  0.014  0.056  0.002  0.002  0.000  0.000  0.000  0.302
   0.11178      2.785667  0.006  0.222  0.014  0.058  0.004  0.002  0.000  0.000  0.000  0.308
   0.13414      2.752844  0.004  0.244  0.012  0.002  0.002  0.008  0.000  0.000  0.002  0.274
   0.15650      2.756893  0.004  0.248  0.010  0.002  0.000  0.008  0.000  0.000  0.002  0.274
   0.17885      2.759961  0.002  0.250  0.010  0.002  0.000  0.010  0.000  0.000  0.002  0.276
   0.20121      2.762237  0.002  0.250  0.010  0.002  0.000  0.010  0.000  0.000  0.002  0.276
   0.22357      2.763913  0.002  0.250  0.008  0.002  0.000  0.010  0.000  0.000  0.000  0.276
   0.24592      2.765184  0.002  0.250  0.008  0.002  0.000  0.010  0.000  0.000  0.000  0.274
   0.26828      2.766232  0.002  0.250  0.008  0.002  0.000  0.010  0.000  0.000  0.000  0.274
   0.29064      2.767226  0.002  0.250  0.008  0.002  0.000  0.010  0.000  0.000  0.000  0.274
   0.31299      2.768317  0.002  0.250  0.010  0.002  0.000  0.010  0.000  0.000  0.000  0.274
   0.33535      2.769638  0.000  0.248  0.010  0.002  0.000  0.012  0.000  0.000  0.002  0.274
   0.35771      2.771306  0.000  0.248  0.010  0.002  0.000  0.012  0.000  0.000  0.002  0.274
   0.38006      2.773418  0.000  0.248  0.010  0.002  0.000  0.012  0.000  0.000  0.002  0.274
   0.40242      2.776059  0.000  0.246  0.010  0.002  0.000  0.012  0.000  0.000  0.002  0.274
   0.42478      2.779299  0.000  0.246  0.010  0.002  0.000  0.012  0.000  0.000  0.002  0.274
   0.42478      2.779299  0.000  0.246  0.010  0.002  0.000  0.012  0.000  0.000  0.002  0.274
   0.46957      2.734237  0.000  0.250  0.008  0.002  0.000  0.012  0.000  0.000  0.002  0.274
   0.51436      2.655805  0.002  0.244  0.006  0.002  0.000  0.010  0.000  0.000  0.002  0.268
   0.55915      2.560170  0.002  0.228  0.008  0.002  0.000  0.010  0.000  0.000  0.002  0.256
   0.60395      2.530917  0.002  0.124  0.006  0.196  0.002  0.000  0.000  0.000  0.006  0.334
   0.64874      2.602095  0.002  0.114  0.008  0.196  0.002  0.000  0.000  0.000  0.004  0.328
   0.69353      2.691933  0.006  0.108  0.010  0.190  0.002  0.000  0.000  0.002  0.004  0.318
   0.73832      2.782856  0.008  0.100  0.014  0.180  0.002  0.000  0.000  0.002  0.002  0.308
   0.78311      2.858391  0.008  0.094  0.016  0.172  0.002  0.002  0.000  0.002  0.002  0.298
   0.82791      2.906501  0.008  0.086  0.018  0.166  0.002  0.002  0.000  0.002  0.002  0.288
   0.87270      2.923689  0.006  0.078  0.020  0.166  0.004  0.002  0.000  0.004  0.002  0.282
   0.91749      2.916082  0.004  0.072  0.020  0.168  0.004  0.002  0.000  0.004  0.002  0.278
   0.96228      2.825370  0.012  0.052  0.088  0.086  0.006  0.004  0.000  0.004  0.002  0.250
   1.00708      2.745372  0.004  0.062  0.010  0.186  0.002  0.002  0.000  0.006  0.002  0.274
   1.05187      2.749713  0.002  0.064  0.010  0.188  0.000  0.002  0.000  0.008  0.000  0.274
   1.09666      2.751887  0.002  0.064  0.008  0.188  0.000  0.002  0.000  0.008  0.000  0.274
   1.14145      2.753345  0.002  0.064  0.010  0.188  0.000  0.004  0.000  0.008  0.000  0.274
   1.18624      2.755352  0.000  0.062  0.010  0.186  0.000  0.004  0.000  0.008  0.000  0.274
   1.23104      2.772289  0.002  0.062  0.014  0.174  0.002  0.004  0.000  0.008  0.000  0.268
   1.27583      2.764739  0.000  0.063  0.010  0.186  0.002  0.004  0.000  0.008  0.000  0.273
   1.27583      2.764739  0.000  0.062  0.010  0.185  0.002  0.004  0.000  0.009  0.000  0.272
   1.32062      2.772289  0.002  0.062  0.014  0.174  0.002  0.004  0.000  0.008  0.000  0.268
   1.36541      2.755352  0.000  0.062  0.010  0.186  0.000  0.004  0.000  0.008  0.000  0.274
   1.41020      2.753345  0.002  0.064  0.010  0.188  0.000  0.004  0.000  0.008  0.000  0.274
   1.45500      2.751887  0.002  0.064  0.008  0.188  0.000  0.002  0.000  0.008  0.000  0.274
   1.49979      2.749713  0.002  0.064  0.010  0.188  0.000  0.002  0.000  0.008  0.000  0.274
   1.54458      2.745372  0.004  0.062  0.010  0.186  0.002  0.002  0.000  0.006  0.002  0.274
   1.58937      2.825370  0.012  0.052  0.088  0.086  0.006  0.004  0.000  0.004  0.002  0.250
   1.63417      2.916082  0.004  0.072  0.020  0.168  0.004  0.002  0.000  0.004  0.002  0.278
   1.67896      2.923689  0.006  0.078  0.020  0.166  0.004  0.002  0.000  0.004  0.002  0.282
   1.72375      2.906501  0.008  0.086  0.018  0.166  0.002  0.002  0.000  0.002  0.002  0.288
   1.76854      2.858391  0.008  0.094  0.016  0.172  0.002  0.002  0.000  0.002  0.002  0.298
   1.81333      2.782856  0.008  0.100  0.014  0.180  0.002  0.000  0.000  0.002  0.002  0.308
   1.85813      2.691933  0.006  0.108  0.010  0.190  0.002  0.000  0.000  0.002  0.004  0.318
   1.90292      2.602095  0.002  0.114  0.008  0.196  0.002  0.000  0.000  0.000  0.004  0.328
   1.94771      2.530917  0.002  0.124  0.006  0.196  0.002  0.000  0.000  0.000  0.006  0.334
   1.99250      2.560170  0.002  0.228  0.008  0.002  0.000  0.010  0.000  0.000  0.002  0.256
   2.03729      2.655805  0.002  0.244  0.006  0.002  0.000  0.010  0.000  0.000  0.002  0.268
   2.08209      2.734237  0.000  0.250  0.008  0.002  0.000  0.012  0.000  0.000  0.002  0.274
   2.12688      2.779299  0.000  0.246  0.010  0.002  0.000  0.012  0.000  0.000  0.002  0.274
   2.12688      2.779299  0.000  0.246  0.010  0.002  0.000  0.012  0.000  0.000  0.002  0.274
   2.16569      2.734040  0.000  0.250  0.008  0.002  0.000  0.012  0.000  0.000  0.002  0.272
   2.20451      2.654842  0.002  0.244  0.006  0.002  0.000  0.010  0.000  0.000  0.002  0.266
   2.24332      2.558787  0.002  0.230  0.006  0.004  0.000  0.010  0.000  0.000  0.002  0.256
   2.28213      2.568374  0.000  0.132  0.006  0.190  0.002  0.000  0.000  0.000  0.008  0.338
   2.32095      2.633083  0.006  0.150  0.038  0.016  0.000  0.008  0.002  0.004  0.000  0.226
   2.35976      2.622927  0.006  0.138  0.036  0.024  0.000  0.006  0.002  0.006  0.002  0.218
   2.39858      2.646818  0.004  0.138  0.024  0.034  0.000  0.006  0.002  0.006  0.002  0.214
   2.43739      2.716729  0.002  0.132  0.024  0.042  0.000  0.004  0.000  0.008  0.004  0.218
   2.47620      2.809160  0.006  0.114  0.042  0.044  0.000  0.004  0.000  0.008  0.004  0.220
   2.51502      2.879975  0.006  0.096  0.050  0.048  0.000  0.004  0.000  0.008  0.002  0.216
   2.55383      2.911389  0.004  0.086  0.042  0.054  0.000  0.006  0.000  0.008  0.002  0.202
   2.59265      2.909429  0.002  0.082  0.014  0.068  0.000  0.008  0.000  0.010  0.000  0.184
   2.63146      2.903729  0.000  0.074  0.002  0.080  0.000  0.010  0.000  0.010  0.000  0.178
   2.67027      2.923099  0.004  0.066  0.038  0.074  0.000  0.008  0.000  0.006  0.000  0.198
   2.70909      2.959954  0.008  0.060  0.074  0.066  0.002  0.008  0.000  0.004  0.000  0.222
   2.74790      2.997974  0.012  0.058  0.094  0.062  0.002  0.006  0.000  0.004  0.000  0.238
   2.78671      3.028698  0.014  0.060  0.108  0.060  0.002  0.006  0.000  0.002  0.002  0.252
   2.82553      3.048140  0.016  0.064  0.114  0.058  0.002  0.006  0.000  0.002  0.002  0.262
   2.86434      3.054775  0.016  0.070  0.120  0.054  0.002  0.004  0.000  0.000  0.002  0.270
 
# Band-Index:   52
   2.86434      3.054775  0.016  0.070  0.120  0.054  0.002  0.004  0.000  0.000  0.002  0.270
   2.82553      3.049147  0.018  0.078  0.122  0.048  0.002  0.004  0.000  0.000  0.002  0.276
   2.78671      3.033640  0.018  0.088  0.122  0.042  0.002  0.004  0.000  0.000  0.002  0.278
   2.74790      3.012099  0.018  0.098  0.122  0.030  0.004  0.004  0.000  0.000  0.002  0.278
   2.70909      2.989369  0.018  0.110  0.118  0.018  0.004  0.004  0.000  0.000  0.002  0.276
   2.67027      2.971128  0.018  0.122  0.114  0.006  0.004  0.002  0.000  0.002  0.002  0.270
   2.63146      2.964057  0.018  0.130  0.102  0.000  0.004  0.002  0.000  0.002  0.002  0.260
   2.59265      2.972504  0.016  0.130  0.082  0.018  0.004  0.002  0.000  0.004  0.000  0.254
   2.55383      2.987898  0.012  0.126  0.060  0.048  0.004  0.002  0.000  0.004  0.000  0.256
   2.51502      2.991871  0.010  0.122  0.044  0.080  0.002  0.000  0.000  0.004  0.000  0.264
   2.47620      2.970824  0.010  0.120  0.032  0.108  0.002  0.000  0.000  0.004  0.000  0.276
   2.43739      2.920109  0.008  0.120  0.024  0.134  0.002  0.000  0.000  0.002  0.002  0.290
   2.39858      2.842678  0.006  0.120  0.018  0.156  0.000  0.000  0.000  0.002  0.002  0.304
   2.35976      2.747723  0.004  0.122  0.012  0.174  0.000  0.000  0.000  0.002  0.004  0.318
   2.32095      2.650092  0.002  0.126  0.010  0.188  0.000  0.000  0.000  0.000  0.006  0.330
   2.28213      2.666459  0.006  0.170  0.034  0.010  0.000  0.008  0.000  0.002  0.002  0.236
   2.24332      2.712832  0.006  0.194  0.026  0.008  0.000  0.010  0.000  0.002  0.002  0.246
   2.20451      2.758044  0.004  0.216  0.020  0.004  0.000  0.010  0.000  0.002  0.002  0.258
   2.16569      2.785130  0.002  0.234  0.014  0.004  0.000  0.010  0.000  0.002  0.002  0.268
   2.12688      2.779299  0.000  0.246  0.010  0.002  0.000  0.012  0.000  0.000  0.002  0.274
   2.12688      2.779299  0.000  0.246  0.010  0.002  0.000  0.012  0.000  0.000  0.002  0.274
   2.08209      2.785406  0.002  0.234  0.014  0.004  0.000  0.010  0.000  0.002  0.002  0.268
   2.03729      2.757138  0.004  0.216  0.020  0.004  0.000  0.010  0.000  0.002  0.002  0.258
   1.99250      2.708037  0.006  0.192  0.026  0.008  0.000  0.010  0.000  0.002  0.002  0.246
   1.94771      2.658859  0.006  0.168  0.032  0.014  0.000  0.008  0.002  0.004  0.002  0.236
   1.90292      2.638984  0.008  0.142  0.040  0.026  0.000  0.006  0.002  0.004  0.004  0.230
   1.85813      2.693017  0.008  0.114  0.056  0.042  0.000  0.004  0.002  0.006  0.006  0.236
   1.81333      2.830828  0.012  0.088  0.088  0.050  0.000  0.002  0.000  0.006  0.006  0.252
   1.76854      2.973135  0.014  0.072  0.110  0.056  0.000  0.002  0.000  0.004  0.004  0.264
   1.72375      3.058048  0.016  0.062  0.118  0.062  0.002  0.002  0.000  0.004  0.002  0.270
   1.67896      3.056413  0.016  0.054  0.118  0.070  0.002  0.002  0.000  0.004  0.002  0.268
   1.63417      2.968791  0.014  0.050  0.108  0.078  0.004  0.002  0.000  0.002  0.002  0.262
   1.58937      2.894494  0.002  0.068  0.018  0.170  0.004  0.002  0.000  0.006  0.002  0.274
   1.54458      2.868197  0.002  0.066  0.016  0.174  0.004  0.004  0.000  0.006  0.002  0.274
   1.49979      2.842539  0.002  0.064  0.014  0.178  0.004  0.004  0.000  0.006  0.002  0.274
   1.45500      2.819801  0.000  0.064  0.012  0.180  0.002  0.004  0.000  0.008  0.002  0.272
   1.41020      2.800688  0.000  0.064  0.012  0.182  0.002  0.004  0.000  0.008  0.002  0.272
   1.36541      2.785276  0.000  0.062  0.012  0.184  0.002  0.004  0.000  0.008  0.000  0.272
   1.32062      2.773392  0.000  0.062  0.010  0.184  0.002  0.004  0.000  0.008  0.000  0.272
   1.27583      2.764739  0.000  0.063  0.011  0.185  0.002  0.004  0.000  0.009  0.000  0.272
   1.27583      2.764739  0.000  0.063  0.010  0.185  0.002  0.004  0.000  0.008  0.000  0.273
   1.23104      2.773392  0.000  0.062  0.010  0.184  0.002  0.004  0.000  0.008  0.000  0.272
   1.18624      2.785276  0.000  0.062  0.012  0.184  0.002  0.004  0.000  0.008  0.000  0.272
   1.14145      2.800688  0.000  0.064  0.012  0.182  0.002  0.004  0.000  0.008  0.002  0.272
   1.09666      2.819801  0.000  0.064  0.012  0.180  0.002  0.004  0.000  0.008  0.002  0.272
   1.05187      2.842539  0.002  0.064  0.014  0.178  0.004  0.004  0.000  0.006  0.002  0.274
   1.00708      2.868197  0.002  0.066  0.016  0.174  0.004  0.004  0.000  0.006  0.002  0.274
   0.96228      2.894494  0.002  0.068  0.018  0.170  0.004  0.002  0.000  0.006  0.002  0.274
   0.91749      2.968791  0.014  0.050  0.108  0.078  0.004  0.002  0.000  0.002  0.002  0.262
   0.87270      3.056413  0.016  0.054  0.118  0.070  0.002  0.002  0.000  0.004  0.002  0.268
   0.82791      3.058048  0.016  0.062  0.118  0.062  0.002  0.002  0.000  0.004  0.002  0.270
   0.78311      2.973135  0.014  0.072  0.110  0.056  0.000  0.002  0.000  0.004  0.004  0.264
   0.73832      2.830828  0.012  0.088  0.088  0.050  0.000  0.002  0.000  0.006  0.006  0.252
   0.69353      2.693017  0.008  0.114  0.056  0.042  0.000  0.004  0.002  0.006  0.006  0.236
   0.64874      2.638984  0.008  0.142  0.040  0.026  0.000  0.006  0.002  0.004  0.004  0.230
   0.60395      2.658859  0.006  0.168  0.032  0.014  0.000  0.008  0.002  0.004  0.002  0.236
   0.55915      2.708037  0.006  0.192  0.026  0.008  0.000  0.010  0.000  0.002  0.002  0.246
   0.51436      2.757138  0.004  0.216  0.020  0.004  0.000  0.010  0.000  0.002  0.002  0.258
   0.46957      2.785406  0.002  0.234  0.014  0.004  0.000  0.010  0.000  0.002  0.002  0.268
   0.42478      2.779299  0.000  0.246  0.010  0.002  0.000  0.012  0.000  0.000  0.002  0.274
   0.42478      2.779299  0.000  0.246  0.010  0.002  0.000  0.012  0.000  0.000  0.002  0.274
   0.40242      2.783199  0.000  0.246  0.010  0.002  0.000  0.012  0.000  0.000  0.002  0.274
   0.38006      2.787812  0.000  0.244  0.010  0.002  0.000  0.010  0.000  0.000  0.002  0.274
   0.35771      2.793187  0.000  0.244  0.010  0.004  0.000  0.010  0.000  0.000  0.002  0.274
   0.33535      2.799360  0.000  0.244  0.012  0.004  0.000  0.010  0.000  0.000  0.002  0.274
   0.31299      2.806366  0.000  0.242  0.012  0.004  0.000  0.010  0.000  0.000  0.002  0.274
   0.29064      2.814227  0.000  0.242  0.012  0.004  0.000  0.010  0.000  0.002  0.002  0.274
   0.26828      2.822960  0.000  0.240  0.012  0.006  0.000  0.010  0.000  0.002  0.004  0.274
   0.24592      2.832566  0.000  0.238  0.012  0.006  0.000  0.010  0.000  0.002  0.004  0.274
   0.22357      2.843024  0.002  0.238  0.014  0.008  0.000  0.008  0.000  0.002  0.004  0.274
   0.20121      2.854281  0.002  0.236  0.014  0.008  0.000  0.008  0.000  0.002  0.004  0.274
   0.17885      2.866223  0.002  0.232  0.014  0.010  0.000  0.008  0.000  0.002  0.004  0.274
   0.15650      2.878649  0.002  0.230  0.016  0.012  0.000  0.008  0.000  0.002  0.004  0.274
   0.13414      2.891219  0.002  0.226  0.016  0.014  0.000  0.006  0.000  0.002  0.004  0.276
   0.11178      2.903404  0.002  0.222  0.018  0.018  0.002  0.006  0.000  0.002  0.004  0.276
   0.08943      2.914438  0.004  0.220  0.018  0.022  0.002  0.006  0.000  0.002  0.004  0.276
   0.06707      2.923286  0.004  0.216  0.020  0.026  0.002  0.004  0.000  0.002  0.004  0.278
   0.04471      2.928679  0.006  0.212  0.020  0.030  0.002  0.004  0.000  0.002  0.004  0.280
   0.02236      2.929212  0.006  0.210  0.020  0.036  0.002  0.004  0.000  0.002  0.004  0.282
   0.00000      2.923542  0.006  0.210  0.020  0.040  0.002  0.004  0.000  0.002  0.004  0.286
 
# Band-Index:   53
   0.00000      3.982818  0.002  0.006  0.038  0.004  0.000  0.000  0.006  0.002  0.004  0.060
   0.02236      3.944362  0.001  0.006  0.042  0.004  0.000  0.000  0.006  0.002  0.004  0.063
   0.04471      3.908588  0.000  0.006  0.045  0.004  0.000  0.000  0.006  0.002  0.002  0.066
   0.06707      3.870988  0.000  0.006  0.040  0.002  0.000  0.000  0.006  0.000  0.002  0.058
   0.08943      3.828978  0.000  0.006  0.042  0.002  0.000  0.000  0.006  0.000  0.002  0.058
   0.11178      3.787066  0.000  0.006  0.044  0.002  0.000  0.000  0.006  0.000  0.002  0.060
   0.13414      3.745164  0.000  0.006  0.044  0.002  0.000  0.000  0.006  0.000  0.000  0.060
   0.15650      3.703589  0.000  0.006  0.044  0.002  0.000  0.000  0.006  0.000  0.000  0.060
   0.17885      3.662896  0.000  0.006  0.044  0.002  0.000  0.000  0.006  0.000  0.000  0.058
   0.20121      3.623720  0.000  0.006  0.042  0.002  0.000  0.000  0.006  0.000  0.000  0.058
   0.22357      3.586662  0.000  0.004  0.042  0.002  0.000  0.000  0.006  0.000  0.000  0.056
   0.24592      3.552230  0.000  0.004  0.042  0.002  0.000  0.000  0.006  0.000  0.000  0.054
   0.26828      3.520811  0.000  0.004  0.040  0.002  0.000  0.000  0.006  0.000  0.000  0.054
   0.29064      3.490911  0.000  0.006  0.046  0.002  0.000  0.000  0.006  0.000  0.000  0.060
   0.31299      3.463519  0.002  0.006  0.046  0.002  0.000  0.000  0.006  0.000  0.000  0.060
   0.33535      3.440825  0.002  0.006  0.044  0.002  0.000  0.000  0.006  0.000  0.000  0.058
   0.35771      3.423234  0.002  0.004  0.044  0.002  0.000  0.000  0.006  0.000  0.000  0.058
   0.38006      3.411057  0.002  0.004  0.044  0.002  0.000  0.000  0.006  0.000  0.000  0.056
   0.40242      3.404450  0.002  0.004  0.042  0.002  0.000  0.000  0.006  0.000  0.000  0.056
   0.42478      3.403348  0.002  0.004  0.042  0.004  0.000  0.000  0.006  0.000  0.000  0.056
   0.42478      3.403348  0.002  0.004  0.042  0.004  0.000  0.000  0.006  0.000  0.000  0.056
   0.46957      3.411137  0.002  0.002  0.044  0.004  0.000  0.000  0.006  0.000  0.000  0.056
   0.51436      3.441090  0.002  0.002  0.044  0.004  0.000  0.000  0.006  0.000  0.000  0.058
   0.55915      3.491413  0.000  0.002  0.046  0.004  0.000  0.000  0.006  0.000  0.000  0.060
   0.60395      3.552563  0.000  0.002  0.042  0.004  0.000  0.000  0.006  0.000  0.000  0.054
   0.64874      3.624179  0.000  0.002  0.042  0.004  0.000  0.000  0.006  0.000  0.000  0.058
   0.69353      3.704184  0.000  0.002  0.044  0.006  0.000  0.000  0.006  0.000  0.000  0.060
   0.73832      3.787821  0.000  0.002  0.044  0.006  0.000  0.000  0.006  0.000  0.000  0.060
   0.78311      3.871937  0.000  0.004  0.040  0.004  0.002  0.000  0.006  0.000  0.000  0.058
   0.82791      3.945997  0.000  0.004  0.042  0.006  0.002  0.002  0.006  0.000  0.000  0.062
   0.87270      4.027509  0.002  0.006  0.034  0.006  0.002  0.002  0.006  0.000  0.000  0.058
   0.91749      4.129269  0.004  0.006  0.030  0.006  0.002  0.002  0.006  0.000  0.000  0.056
   0.96228      4.248994  0.006  0.008  0.028  0.006  0.000  0.002  0.006  0.000  0.000  0.058
   1.00708      4.371038  0.008  0.008  0.030  0.006  0.000  0.004  0.004  0.002  0.000  0.062
   1.05187      4.459729  0.006  0.008  0.034  0.004  0.002  0.008  0.006  0.002  0.000  0.070
   1.09666      4.482581  0.004  0.004  0.031  0.003  0.004  0.013  0.007  0.004  0.002  0.071
   1.14145      4.459416  0.002  0.002  0.025  0.002  0.007  0.015  0.008  0.004  0.002  0.068
   1.18624      4.423952  0.000  0.001  0.016  0.001  0.008  0.017  0.010  0.005  0.003  0.060
   1.23104      4.394669  0.000  0.000  0.012  0.001  0.008  0.017  0.010  0.006  0.002  0.057
   1.27583      4.386391  0.000  0.000  0.012  0.002  0.008  0.017  0.010  0.005  0.003  0.057
   1.27583      4.386391  0.000  0.000  0.012  0.002  0.008  0.017  0.011  0.006  0.003  0.057
   1.32062      4.395585  0.000  0.000  0.013  0.001  0.008  0.017  0.011  0.006  0.002  0.058
   1.36541      4.423894  0.000  0.000  0.015  0.002  0.008  0.017  0.009  0.006  0.002  0.060
   1.41020      4.458512  0.002  0.002  0.025  0.002  0.006  0.015  0.008  0.006  0.002  0.068
   1.45500      4.482250  0.004  0.004  0.032  0.002  0.004  0.012  0.006  0.004  0.002  0.072
   1.49979      4.459724  0.006  0.008  0.034  0.004  0.002  0.008  0.006  0.002  0.000  0.070
   1.54458      4.371038  0.008  0.008  0.030  0.006  0.000  0.004  0.004  0.002  0.000  0.062
   1.58937      4.248994  0.006  0.008  0.028  0.006  0.000  0.002  0.006  0.000  0.000  0.058
   1.63417      4.129269  0.004  0.006  0.030  0.006  0.002  0.002  0.006  0.000  0.000  0.056
   1.67896      4.027509  0.002  0.006  0.034  0.006  0.002  0.002  0.006  0.000  0.000  0.058
   1.72375      3.945997  0.000  0.004  0.042  0.006  0.002  0.002  0.006  0.000  0.000  0.062
   1.76854      3.871937  0.000  0.004  0.040  0.004  0.002  0.000  0.006  0.000  0.000  0.058
   1.81333      3.787821  0.000  0.002  0.044  0.006  0.000  0.000  0.006  0.000  0.000  0.060
   1.85813      3.704184  0.000  0.002  0.044  0.006  0.000  0.000  0.006  0.000  0.000  0.060
   1.90292      3.624179  0.000  0.002  0.042  0.004  0.000  0.000  0.006  0.000  0.000  0.058
   1.94771      3.552563  0.000  0.002  0.042  0.004  0.000  0.000  0.006  0.000  0.000  0.054
   1.99250      3.491413  0.000  0.002  0.046  0.004  0.000  0.000  0.006  0.000  0.000  0.060
   2.03729      3.441090  0.002  0.002  0.044  0.004  0.000  0.000  0.006  0.000  0.000  0.058
   2.08209      3.411137  0.002  0.002  0.044  0.004  0.000  0.000  0.006  0.000  0.000  0.056
   2.12688      3.403348  0.002  0.004  0.042  0.004  0.000  0.000  0.006  0.000  0.000  0.056
   2.12688      3.403348  0.002  0.004  0.042  0.004  0.000  0.000  0.006  0.000  0.000  0.056
   2.16569      3.408833  0.002  0.002  0.044  0.004  0.000  0.000  0.006  0.000  0.000  0.056
   2.20451      3.431046  0.002  0.002  0.044  0.004  0.000  0.000  0.006  0.000  0.000  0.058
   2.24332      3.469217  0.002  0.002  0.046  0.006  0.000  0.000  0.006  0.000  0.000  0.060
   2.28213      3.518918  0.000  0.002  0.042  0.004  0.000  0.000  0.006  0.000  0.000  0.054
   2.32095      3.575415  0.000  0.002  0.042  0.006  0.000  0.000  0.006  0.000  0.000  0.056
   2.35976      3.640723  0.000  0.000  0.044  0.006  0.000  0.000  0.006  0.000  0.000  0.058
   2.39858      3.713161  0.000  0.000  0.046  0.006  0.000  0.000  0.006  0.000  0.000  0.060
   2.43739      3.790985  0.000  0.000  0.048  0.006  0.000  0.000  0.006  0.000  0.000  0.062
   2.47620      3.873325  0.000  0.000  0.050  0.006  0.000  0.000  0.006  0.000  0.000  0.062
   2.51502      3.960573  0.000  0.000  0.050  0.004  0.000  0.000  0.006  0.000  0.000  0.064
   2.55383      4.052016  0.000  0.000  0.056  0.002  0.000  0.000  0.006  0.000  0.002  0.068
   2.59265      4.144728  0.000  0.000  0.060  0.002  0.000  0.002  0.006  0.000  0.002  0.072
   2.63146      4.245250  0.000  0.000  0.054  0.002  0.002  0.002  0.004  0.000  0.002  0.068
   2.67027      4.357886  0.000  0.002  0.050  0.002  0.002  0.002  0.004  0.000  0.002  0.064
   2.70909      4.482971  0.002  0.002  0.044  0.002  0.004  0.002  0.004  0.000  0.002  0.060
   2.74790      4.619669  0.002  0.004  0.038  0.002  0.004  0.002  0.004  0.000  0.002  0.060
   2.78671      4.766894  0.002  0.006  0.034  0.004  0.006  0.004  0.004  0.000  0.002  0.060
   2.82553      4.923445  0.002  0.009  0.028  0.006  0.008  0.004  0.004  0.000  0.002  0.064
   2.86434      5.087665  0.002  0.012  0.024  0.010  0.010  0.004  0.002  0.002  0.000  0.068
 
# Band-Index:   54
   2.86434      5.088171  0.002  0.012  0.025  0.009  0.009  0.004  0.002  0.002  0.000  0.067
   2.82553      5.049353  0.000  0.008  0.026  0.010  0.008  0.002  0.006  0.000  0.002  0.060
   2.78671      4.874462  0.000  0.006  0.028  0.006  0.006  0.002  0.006  0.000  0.002  0.058
   2.74790      4.710567  0.000  0.006  0.032  0.004  0.004  0.002  0.006  0.000  0.002  0.054
   2.70909      4.557894  0.000  0.004  0.034  0.002  0.004  0.002  0.006  0.000  0.002  0.054
   2.67027      4.416664  0.000  0.004  0.036  0.002  0.002  0.000  0.006  0.000  0.002  0.054
   2.63146      4.287240  0.000  0.002  0.040  0.000  0.002  0.000  0.006  0.000  0.002  0.054
   2.59265      4.170343  0.000  0.002  0.044  0.002  0.002  0.000  0.006  0.000  0.002  0.058
   2.55383      4.068417  0.000  0.002  0.054  0.002  0.000  0.000  0.006  0.000  0.002  0.068
   2.51502      3.982699  0.000  0.004  0.064  0.006  0.000  0.000  0.004  0.000  0.002  0.080
   2.47620      3.902694  0.000  0.004  0.066  0.008  0.000  0.000  0.004  0.000  0.000  0.084
   2.43739      3.822001  0.000  0.004  0.064  0.008  0.000  0.000  0.004  0.000  0.000  0.082
   2.39858      3.740342  0.000  0.004  0.060  0.008  0.000  0.000  0.004  0.000  0.000  0.078
   2.35976      3.660551  0.000  0.004  0.056  0.008  0.000  0.000  0.004  0.000  0.000  0.072
   2.32095      3.586522  0.000  0.002  0.052  0.008  0.000  0.000  0.006  0.000  0.000  0.068
   2.28213      3.521959  0.000  0.002  0.048  0.006  0.000  0.000  0.006  0.000  0.000  0.062
   2.24332      3.472864  0.000  0.002  0.040  0.004  0.000  0.000  0.006  0.000  0.000  0.054
   2.20451      3.437351  0.000  0.004  0.040  0.002  0.000  0.000  0.006  0.000  0.000  0.054
   2.16569      3.413613  0.002  0.004  0.040  0.002  0.000  0.000  0.006  0.000  0.000  0.054
   2.12688      3.403396  0.002  0.004  0.042  0.004  0.000  0.000  0.006  0.000  0.000  0.056
   2.12688      3.403396  0.002  0.004  0.042  0.004  0.000  0.000  0.006  0.000  0.000  0.056
   2.08209      3.416458  0.002  0.004  0.040  0.002  0.000  0.000  0.006  0.000  0.000  0.054
   2.03729      3.447096  0.000  0.004  0.040  0.002  0.000  0.000  0.006  0.000  0.000  0.054
   1.99250      3.492919  0.000  0.002  0.040  0.004  0.000  0.000  0.006  0.000  0.000  0.054
   1.94771      3.558602  0.000  0.004  0.050  0.006  0.000  0.000  0.006  0.000  0.000  0.064
   1.90292      3.637630  0.000  0.004  0.052  0.006  0.000  0.000  0.006  0.000  0.000  0.068
   1.85813      3.721532  0.000  0.004  0.054  0.006  0.000  0.000  0.004  0.000  0.000  0.070
   1.81333      3.802314  0.000  0.004  0.052  0.006  0.002  0.000  0.006  0.000  0.000  0.070
   1.76854      3.875418  0.000  0.004  0.048  0.006  0.002  0.002  0.006  0.000  0.000  0.068
   1.72375      3.959333  0.000  0.004  0.034  0.004  0.002  0.002  0.006  0.000  0.000  0.054
   1.67896      4.058184  0.002  0.004  0.028  0.004  0.002  0.002  0.006  0.000  0.000  0.050
   1.63417      4.174554  0.004  0.006  0.024  0.004  0.002  0.002  0.006  0.000  0.000  0.048
   1.58937      4.305658  0.006  0.008  0.024  0.004  0.000  0.002  0.006  0.000  0.000  0.050
   1.54458      4.431883  0.006  0.008  0.030  0.004  0.000  0.004  0.006  0.002  0.000  0.060
   1.49979      4.502145  0.004  0.006  0.033  0.004  0.004  0.008  0.006  0.002  0.001  0.070
   1.45500      4.502184  0.002  0.005  0.028  0.003  0.005  0.012  0.008  0.004  0.002  0.070
   1.41020      4.465695  0.002  0.002  0.021  0.003  0.007  0.014  0.009  0.004  0.003  0.065
   1.36541      4.424829  0.000  0.001  0.016  0.002  0.007  0.016  0.010  0.005  0.002  0.061
   1.32062      4.396437  0.000  0.002  0.013  0.001  0.008  0.017  0.010  0.005  0.003  0.058
   1.27583      4.386392  0.000  0.000  0.012  0.001  0.007  0.017  0.010  0.006  0.002  0.057
   1.27583      4.386392  0.000  0.000  0.012  0.001  0.008  0.017  0.011  0.006  0.002  0.057
   1.23104      4.396392  0.000  0.000  0.014  0.002  0.008  0.017  0.010  0.006  0.002  0.058
   1.18624      4.424645  0.000  0.001  0.015  0.001  0.008  0.016  0.009  0.005  0.002  0.059
   1.14145      4.471133  0.000  0.002  0.018  0.002  0.007  0.016  0.009  0.005  0.002  0.063
   1.09666      4.499392  0.002  0.004  0.028  0.004  0.006  0.012  0.008  0.004  0.002  0.070
   1.05187      4.502063  0.004  0.006  0.033  0.004  0.004  0.008  0.006  0.002  0.002  0.070
   1.00708      4.431883  0.006  0.008  0.030  0.004  0.000  0.004  0.006  0.002  0.000  0.060
   0.96228      4.305658  0.006  0.008  0.024  0.004  0.000  0.002  0.006  0.000  0.000  0.050
   0.91749      4.174554  0.004  0.006  0.024  0.004  0.002  0.002  0.006  0.000  0.000  0.048
   0.87270      4.058185  0.002  0.004  0.028  0.004  0.002  0.002  0.006  0.000  0.000  0.050
   0.82791      3.959333  0.000  0.004  0.034  0.004  0.002  0.002  0.006  0.000  0.000  0.054
   0.78311      3.875418  0.000  0.004  0.048  0.006  0.002  0.002  0.006  0.000  0.000  0.068
   0.73832      3.802314  0.000  0.004  0.052  0.006  0.002  0.000  0.006  0.000  0.000  0.070
   0.69353      3.721532  0.000  0.004  0.054  0.006  0.000  0.000  0.004  0.000  0.000  0.070
   0.64874      3.637630  0.000  0.004  0.052  0.006  0.000  0.000  0.006  0.000  0.000  0.068
   0.60395      3.558602  0.000  0.004  0.050  0.006  0.000  0.000  0.006  0.000  0.000  0.064
   0.55915      3.492919  0.000  0.002  0.040  0.004  0.000  0.000  0.006  0.000  0.000  0.054
   0.51436      3.447096  0.000  0.004  0.040  0.002  0.000  0.000  0.006  0.000  0.000  0.054
   0.46957      3.416458  0.002  0.004  0.040  0.002  0.000  0.000  0.006  0.000  0.000  0.054
   0.42478      3.403396  0.002  0.004  0.042  0.004  0.000  0.000  0.006  0.000  0.000  0.056
   0.42478      3.403396  0.002  0.004  0.042  0.004  0.000  0.000  0.006  0.000  0.000  0.056
   0.40242      3.407515  0.002  0.002  0.042  0.004  0.000  0.000  0.006  0.000  0.000  0.056
   0.38006      3.416427  0.002  0.002  0.040  0.004  0.000  0.000  0.006  0.000  0.000  0.054
   0.35771      3.429697  0.000  0.002  0.040  0.004  0.000  0.000  0.006  0.000  0.000  0.054
   0.33535      3.446973  0.000  0.002  0.040  0.004  0.000  0.000  0.006  0.000  0.000  0.054
   0.31299      3.468020  0.000  0.002  0.040  0.004  0.000  0.000  0.006  0.000  0.000  0.054
   0.29064      3.492680  0.000  0.004  0.040  0.002  0.000  0.000  0.006  0.000  0.000  0.054
   0.26828      3.522527  0.000  0.006  0.048  0.002  0.000  0.000  0.006  0.000  0.000  0.062
   0.24592      3.557813  0.000  0.006  0.050  0.002  0.000  0.000  0.006  0.000  0.000  0.064
   0.22357      3.596102  0.000  0.006  0.050  0.002  0.000  0.000  0.006  0.000  0.000  0.066
   0.20121      3.636586  0.000  0.006  0.052  0.004  0.000  0.000  0.006  0.000  0.000  0.068
   0.17885      3.678317  0.000  0.006  0.054  0.004  0.000  0.000  0.006  0.000  0.000  0.070
   0.15650      3.720256  0.000  0.006  0.054  0.004  0.000  0.000  0.004  0.000  0.000  0.070
   0.13414      3.761376  0.000  0.006  0.054  0.004  0.000  0.000  0.006  0.000  0.002  0.070
   0.11178      3.800839  0.000  0.006  0.052  0.004  0.000  0.000  0.006  0.000  0.002  0.070
   0.08943      3.838226  0.000  0.006  0.050  0.004  0.000  0.000  0.006  0.002  0.002  0.070
   0.06707      3.873793  0.000  0.006  0.048  0.004  0.000  0.000  0.006  0.002  0.002  0.068
   0.04471      3.913684  0.000  0.004  0.038  0.002  0.000  0.000  0.006  0.002  0.002  0.056
   0.02236      3.958260  0.000  0.004  0.034  0.004  0.000  0.000  0.006  0.002  0.002  0.053
   0.00000      3.986575  0.001  0.005  0.036  0.004  0.000  0.000  0.005  0.002  0.003  0.059
 
# Band-Index:   55
   0.00000      4.005346  0.002  0.004  0.032  0.004  0.000  0.000  0.006  0.002  0.002  0.050
   0.02236      4.036974  0.002  0.004  0.032  0.006  0.000  0.000  0.006  0.002  0.003  0.055
   0.04471      4.073891  0.004  0.006  0.031  0.006  0.000  0.000  0.006  0.002  0.002  0.057
   0.06707      4.116033  0.000  0.002  0.008  0.007  0.000  0.000  0.002  0.000  0.003  0.021
   0.08943      4.069417  0.000  0.002  0.006  0.008  0.000  0.000  0.002  0.000  0.002  0.022
   0.11178      4.017460  0.000  0.002  0.004  0.008  0.000  0.000  0.002  0.000  0.002  0.018
   0.13414      3.979220  0.000  0.000  0.006  0.010  0.000  0.000  0.004  0.000  0.002  0.022
   0.15650      3.930712  0.000  0.000  0.004  0.008  0.000  0.000  0.004  0.000  0.002  0.019
   0.17885      3.885902  0.002  0.002  0.002  0.008  0.000  0.000  0.004  0.000  0.002  0.016
   0.20121      3.845917  0.002  0.000  0.000  0.007  0.000  0.000  0.004  0.000  0.002  0.016
   0.22357      3.809529  0.002  0.000  0.000  0.006  0.000  0.000  0.004  0.000  0.000  0.014
   0.24592      3.774409  0.002  0.000  0.000  0.006  0.000  0.000  0.004  0.000  0.000  0.012
   0.26828      3.744417  0.002  0.000  0.000  0.004  0.000  0.000  0.004  0.000  0.000  0.012
   0.29064      3.716997  0.002  0.000  0.000  0.004  0.000  0.000  0.004  0.000  0.000  0.012
   0.31299      3.693807  0.002  0.000  0.000  0.004  0.000  0.000  0.006  0.000  0.000  0.010
   0.33535      3.673734  0.002  0.000  0.000  0.002  0.000  0.000  0.006  0.000  0.000  0.010
   0.35771      3.658289  0.002  0.000  0.000  0.002  0.000  0.000  0.006  0.000  0.000  0.010
   0.38006      3.646092  0.002  0.000  0.000  0.000  0.000  0.000  0.006  0.000  0.000  0.008
   0.40242      3.639629  0.002  0.000  0.000  0.000  0.000  0.000  0.006  0.000  0.000  0.008
   0.42478      3.637016  0.002  0.000  0.000  0.000  0.000  0.000  0.006  0.000  0.000  0.008
   0.42478      3.637018  0.002  0.000  0.000  0.000  0.000  0.000  0.006  0.000  0.000  0.008
   0.46957      3.646917  0.002  0.000  0.000  0.000  0.000  0.000  0.006  0.000  0.000  0.008
   0.51436      3.674507  0.002  0.002  0.000  0.000  0.000  0.000  0.006  0.000  0.000  0.010
   0.55915      3.717849  0.002  0.004  0.000  0.001  0.000  0.000  0.006  0.000  0.000  0.012
   0.60395      3.775342  0.002  0.004  0.000  0.002  0.000  0.000  0.004  0.000  0.000  0.014
   0.64874      3.846881  0.002  0.006  0.000  0.002  0.000  0.000  0.004  0.000  0.000  0.016
   0.69353      3.928932  0.000  0.008  0.002  0.002  0.002  0.000  0.004  0.000  0.000  0.018
   0.73832      4.018863  0.000  0.008  0.004  0.002  0.002  0.000  0.002  0.000  0.000  0.019
   0.78311      4.115600  0.000  0.006  0.006  0.002  0.002  0.000  0.002  0.000  0.000  0.020
   0.82791      4.220285  0.000  0.006  0.010  0.002  0.002  0.000  0.000  0.000  0.000  0.022
   0.87270      4.331680  0.000  0.004  0.013  0.002  0.004  0.000  0.000  0.000  0.002  0.024
   0.91749      4.443759  0.000  0.004  0.016  0.002  0.004  0.000  0.000  0.000  0.002  0.028
   0.96228      4.566996  0.000  0.004  0.017  0.002  0.006  0.002  0.002  0.000  0.002  0.034
   1.00708      4.647284  0.000  0.004  0.012  0.002  0.006  0.002  0.004  0.000  0.002  0.033
   1.05187      4.663057  0.000  0.003  0.015  0.004  0.009  0.014  0.009  0.004  0.004  0.064
   1.09666      4.561782  0.000  0.002  0.014  0.002  0.009  0.016  0.010  0.005  0.004  0.062
   1.14145      4.496120  0.000  0.002  0.014  0.003  0.007  0.017  0.010  0.005  0.003  0.060
   1.18624      4.427990  0.000  0.001  0.015  0.002  0.008  0.016  0.010  0.006  0.003  0.061
   1.23104      4.398212  0.000  0.001  0.012  0.002  0.007  0.017  0.011  0.005  0.003  0.059
   1.27583      4.386392  0.000  0.000  0.012  0.002  0.008  0.017  0.010  0.006  0.002  0.057
   1.27583      4.386392  0.000  0.000  0.012  0.001  0.008  0.016  0.011  0.006  0.002  0.057
   1.32062      4.398876  0.000  0.000  0.013  0.002  0.008  0.017  0.010  0.006  0.003  0.058
   1.36541      4.434681  0.000  0.001  0.013  0.002  0.007  0.017  0.011  0.005  0.003  0.059
   1.41020      4.482883  0.000  0.000  0.014  0.001  0.009  0.016  0.010  0.005  0.003  0.059
   1.45500      4.561713  0.000  0.002  0.014  0.002  0.009  0.015  0.009  0.005  0.004  0.061
   1.49979      4.686060  0.000  0.004  0.016  0.006  0.008  0.015  0.010  0.004  0.004  0.068
   1.54458      4.651057  0.000  0.004  0.012  0.002  0.007  0.002  0.004  0.000  0.002  0.033
   1.58937      4.549669  0.000  0.004  0.016  0.002  0.006  0.002  0.002  0.000  0.002  0.032
   1.63417      4.448099  0.000  0.002  0.016  0.003  0.004  0.000  0.000  0.000  0.002  0.028
   1.67896      4.330553  0.000  0.004  0.012  0.002  0.004  0.000  0.000  0.000  0.002  0.024
   1.72375      4.221866  0.000  0.006  0.010  0.002  0.002  0.000  0.000  0.000  0.000  0.022
   1.76854      4.118107  0.000  0.006  0.006  0.002  0.002  0.000  0.002  0.000  0.000  0.020
   1.81333      4.019530  0.000  0.008  0.004  0.002  0.002  0.000  0.002  0.000  0.000  0.019
   1.85813      3.928078  0.001  0.006  0.002  0.004  0.002  0.000  0.004  0.000  0.000  0.017
   1.90292      3.846404  0.002  0.006  0.000  0.002  0.000  0.000  0.004  0.000  0.000  0.016
   1.94771      3.776887  0.002  0.004  0.000  0.002  0.000  0.000  0.005  0.000  0.000  0.014
   1.99250      3.717289  0.002  0.002  0.000  0.002  0.000  0.000  0.004  0.000  0.000  0.012
   2.03729      3.674368  0.002  0.002  0.000  0.000  0.000  0.000  0.006  0.000  0.000  0.010
   2.08209      3.646330  0.002  0.000  0.000  0.000  0.000  0.000  0.006  0.000  0.000  0.008
   2.12688      3.637016  0.002  0.000  0.000  0.000  0.000  0.000  0.006  0.000  0.000  0.008
   2.12688      3.637027  0.002  0.000  0.000  0.000  0.000  0.000  0.006  0.000  0.000  0.008
   2.16569      3.644159  0.002  0.000  0.000  0.000  0.000  0.000  0.006  0.000  0.000  0.008
   2.20451      3.665096  0.002  0.002  0.000  0.000  0.000  0.000  0.006  0.000  0.000  0.010
   2.24332      3.698032  0.002  0.004  0.000  0.000  0.000  0.000  0.004  0.000  0.000  0.010
   2.28213      3.743456  0.002  0.006  0.000  0.000  0.000  0.000  0.006  0.000  0.000  0.012
   2.32095      3.797694  0.002  0.006  0.000  0.000  0.000  0.000  0.004  0.000  0.000  0.014
   2.35976      3.859792  0.002  0.008  0.000  0.000  0.002  0.000  0.004  0.000  0.000  0.016
   2.39858      3.929816  0.000  0.008  0.002  0.001  0.002  0.000  0.004  0.000  0.000  0.016
   2.43739      4.004316  0.000  0.006  0.002  0.000  0.002  0.000  0.004  0.000  0.000  0.016
   2.47620      4.085018  0.000  0.006  0.002  0.002  0.004  0.000  0.002  0.000  0.000  0.016
   2.51502      4.173606  0.000  0.004  0.002  0.004  0.004  0.000  0.002  0.000  0.000  0.016
   2.55383      4.275491  0.000  0.002  0.002  0.006  0.006  0.000  0.002  0.000  0.000  0.018
   2.59265      4.382136  0.000  0.002  0.002  0.010  0.007  0.000  0.002  0.000  0.000  0.022
   2.63146      4.501695  0.000  0.000  0.002  0.016  0.008  0.000  0.000  0.000  0.000  0.027
   2.67027      4.630491  0.000  0.000  0.002  0.020  0.010  0.000  0.000  0.000  0.000  0.034
   2.70909      4.767537  0.000  0.000  0.002  0.025  0.012  0.000  0.000  0.000  0.000  0.040
   2.74790      4.913248  0.000  0.000  0.002  0.030  0.014  0.000  0.000  0.000  0.000  0.048
   2.78671      5.064623  0.002  0.000  0.002  0.030  0.014  0.000  0.000  0.000  0.000  0.048
   2.82553      5.241429  0.002  0.002  0.003  0.026  0.010  0.000  0.000  0.000  0.000  0.046
   2.86434      5.234694  0.000  0.010  0.024  0.013  0.008  0.002  0.005  0.000  0.002  0.064
