  0.00000000E+00 -0.26541486E+02
  0.93887000E-02 -0.26541484E+02
  0.18777400E-01 -0.26541482E+02
  0.28166100E-01 -0.26541480E+02
  0.37554800E-01 -0.26541478E+02
  0.46943500E-01 -0.26541476E+02
  0.56332200E-01 -0.26541473E+02
  0.65720900E-01 -0.26541470E+02
  0.75109600E-01 -0.26541465E+02
  0.84498300E-01 -0.26541460E+02
  0.93887000E-01 -0.26541453E+02
  0.10327570E+00 -0.26541447E+02
  0.11266440E+00 -0.26541440E+02
  0.12205310E+00 -0.26541433E+02
  0.13144180E+00 -0.26541428E+02
  0.14083050E+00 -0.26541423E+02
  0.15021920E+00 -0.26541420E+02
  0.15960790E+00 -0.26541418E+02
  0.16899660E+00 -0.26541418E+02
  0.17838530E+00 -0.26541418E+02
  0.18777400E+00 -0.26541419E+02
  0.19716270E+00 -0.26541421E+02
  0.20655140E+00 -0.26541423E+02
  0.21594010E+00 -0.26541426E+02
  0.22532880E+00 -0.26541428E+02
  0.23471750E+00 -0.26541431E+02
  0.24410620E+00 -0.26541434E+02
  0.25349490E+00 -0.26541438E+02
  0.26288360E+00 -0.26541442E+02
  0.27227230E+00 -0.26541448E+02
  0.28166100E+00 -0.26541454E+02
  0.29104970E+00 -0.26541462E+02
  0.30043840E+00 -0.26541470E+02
  0.30982710E+00 -0.26541480E+02
  0.31921580E+00 -0.26541490E+02
  0.32860450E+00 -0.26541501E+02
  0.33799320E+00 -0.26541513E+02
  0.34738190E+00 -0.26541526E+02
  0.35677060E+00 -0.26541539E+02
  0.36615930E+00 -0.26541553E+02
  0.37554800E+00 -0.26541568E+02
  0.38493670E+00 -0.26541584E+02
  0.39432540E+00 -0.26541600E+02
  0.40371410E+00 -0.26541617E+02
  0.41310280E+00 -0.26541634E+02
  0.42249150E+00 -0.26541651E+02
  0.43188020E+00 -0.26541668E+02
  0.44126890E+00 -0.26541683E+02
  0.45065760E+00 -0.26541697E+02
  0.46004630E+00 -0.26541709E+02
  0.46943500E+00 -0.26541720E+02
  0.47882370E+00 -0.26541730E+02
  0.48821240E+00 -0.26541738E+02
  0.49760110E+00 -0.26541747E+02
  0.50698980E+00 -0.26541754E+02
  0.51637850E+00 -0.26541763E+02
  0.52576720E+00 -0.26541772E+02
  0.53515590E+00 -0.26541781E+02
  0.54454460E+00 -0.26541792E+02
  0.55393330E+00 -0.26541802E+02
  0.56332200E+00 -0.26541812E+02
  0.57271070E+00 -0.26541821E+02
  0.58209940E+00 -0.26541828E+02
  0.59148810E+00 -0.26541833E+02
  0.60087680E+00 -0.26541834E+02
  0.61026550E+00 -0.26541833E+02
  0.61965420E+00 -0.26541828E+02
  0.62904290E+00 -0.26541820E+02
  0.63843160E+00 -0.26541811E+02
  0.64782030E+00 -0.26541799E+02
  0.65720900E+00 -0.26541788E+02
  0.66659770E+00 -0.26541775E+02
  0.67598640E+00 -0.26541764E+02
  0.68537510E+00 -0.26541752E+02
  0.69476380E+00 -0.26541741E+02
  0.70415250E+00 -0.26541730E+02
  0.71354120E+00 -0.26541718E+02
  0.72292990E+00 -0.26541704E+02
  0.73231860E+00 -0.26541688E+02
  0.74170730E+00 -0.26541669E+02
  0.75109600E+00 -0.26541647E+02
  0.76048470E+00 -0.26541622E+02
  0.76987340E+00 -0.26541593E+02
  0.77926210E+00 -0.26541561E+02
  0.78865080E+00 -0.26541528E+02
  0.79803950E+00 -0.26541493E+02
  0.80742820E+00 -0.26541457E+02
  0.81681690E+00 -0.26541421E+02
  0.82620560E+00 -0.26541386E+02
  0.83559430E+00 -0.26541351E+02
  0.84498300E+00 -0.26541316E+02
  0.85437170E+00 -0.26541281E+02
  0.86376040E+00 -0.26541246E+02
  0.87314910E+00 -0.26541210E+02
  0.88253780E+00 -0.26541172E+02
  0.89192650E+00 -0.26541133E+02
  0.90131520E+00 -0.26541092E+02
  0.91070390E+00 -0.26541049E+02
  0.92009260E+00 -0.26541005E+02
  0.92948130E+00 -0.26540960E+02
  0.93887000E+00 -0.26540915E+02
  0.94824279E+00 -0.26540947E+02
  0.95761559E+00 -0.26540978E+02
  0.96698838E+00 -0.26541007E+02
  0.97636118E+00 -0.26541037E+02
  0.98573397E+00 -0.26541065E+02
  0.99510677E+00 -0.26541094E+02
  0.10044796E+01 -0.26541121E+02
  0.10138524E+01 -0.26541148E+02
  0.10232252E+01 -0.26541174E+02
  0.10325980E+01 -0.26541198E+02
  0.10419707E+01 -0.26541220E+02
  0.10513435E+01 -0.26541239E+02
  0.10607163E+01 -0.26541254E+02
  0.10700891E+01 -0.26541267E+02
  0.10794619E+01 -0.26541276E+02
  0.10888347E+01 -0.26541284E+02
  0.10982075E+01 -0.26541290E+02
  0.11075803E+01 -0.26541295E+02
  0.11169531E+01 -0.26541300E+02
  0.11263259E+01 -0.26541305E+02
  0.11356987E+01 -0.26541310E+02
  0.11450715E+01 -0.26541317E+02
  0.11544443E+01 -0.26541324E+02
  0.11638171E+01 -0.26541331E+02
  0.11731899E+01 -0.26541338E+02
  0.11825627E+01 -0.26541343E+02
  0.11919355E+01 -0.26541347E+02
  0.12013083E+01 -0.26541348E+02
  0.12106811E+01 -0.26541346E+02
  0.12200539E+01 -0.26541342E+02
  0.12294267E+01 -0.26541336E+02
  0.12387995E+01 -0.26541327E+02
  0.12481723E+01 -0.26541317E+02
  0.12575450E+01 -0.26541306E+02
  0.12669178E+01 -0.26541295E+02
  0.12762906E+01 -0.26541284E+02
  0.12856634E+01 -0.26541272E+02
  0.12950362E+01 -0.26541261E+02
  0.13044090E+01 -0.26541249E+02
  0.13137818E+01 -0.26541236E+02
  0.13231546E+01 -0.26541222E+02
  0.13325274E+01 -0.26541206E+02
  0.13419002E+01 -0.26541187E+02
  0.13512730E+01 -0.26541166E+02
  0.13606458E+01 -0.26541142E+02
  0.13700186E+01 -0.26541115E+02
  0.13793914E+01 -0.26541086E+02
  0.13887642E+01 -0.26541056E+02
  0.13981370E+01 -0.26541024E+02
  0.14075098E+01 -0.26540991E+02
  0.14168826E+01 -0.26540957E+02
  0.14262554E+01 -0.26540923E+02
  0.14356282E+01 -0.26540888E+02
  0.14450010E+01 -0.26540853E+02
  0.14543738E+01 -0.26540816E+02
  0.14637466E+01 -0.26540779E+02
  0.14731194E+01 -0.26540741E+02
  0.14824921E+01 -0.26540701E+02
  0.14918649E+01 -0.26540660E+02
  0.15012377E+01 -0.26540618E+02
  0.15106105E+01 -0.26540575E+02
  0.15199833E+01 -0.26540532E+02
  0.15293561E+01 -0.26540489E+02
  0.15387289E+01 -0.26540445E+02
  0.15481017E+01 -0.26540402E+02
  0.15574745E+01 -0.26540360E+02
  0.15668473E+01 -0.26540318E+02
  0.15762201E+01 -0.26540276E+02
  0.15855929E+01 -0.26540235E+02
  0.15949657E+01 -0.26540193E+02
  0.16043385E+01 -0.26540151E+02
  0.16137113E+01 -0.26540109E+02
  0.16230841E+01 -0.26540066E+02
  0.16324569E+01 -0.26540023E+02
  0.16418297E+01 -0.26539980E+02
  0.16512025E+01 -0.26539937E+02
  0.16605753E+01 -0.26539893E+02
  0.16699481E+01 -0.26539852E+02
  0.16793367E+01 -0.26539909E+02
  0.16887254E+01 -0.26539970E+02
  0.16981141E+01 -0.26540030E+02
  0.17075028E+01 -0.26540089E+02
  0.17168914E+01 -0.26540146E+02
  0.17262801E+01 -0.26540202E+02
  0.17356688E+01 -0.26540257E+02
  0.17450574E+01 -0.26540312E+02
  0.17544461E+01 -0.26540366E+02
  0.17638348E+01 -0.26540419E+02
  0.17732235E+01 -0.26540473E+02
  0.17826121E+01 -0.26540528E+02
  0.17920008E+01 -0.26540582E+02
  0.18013895E+01 -0.26540637E+02
  0.18107782E+01 -0.26540691E+02
  0.18201668E+01 -0.26540746E+02
  0.18295555E+01 -0.26540799E+02
  0.18389442E+01 -0.26540852E+02
  0.18483328E+01 -0.26540903E+02
  0.18577215E+01 -0.26540952E+02
  0.18671102E+01 -0.26541000E+02
  0.18764989E+01 -0.26541046E+02
  0.18858875E+01 -0.26541090E+02
  0.18952762E+01 -0.26541133E+02
  0.19046649E+01 -0.26541173E+02
  0.19140536E+01 -0.26541211E+02
  0.19234422E+01 -0.26541247E+02
  0.19328309E+01 -0.26541281E+02
  0.19422196E+01 -0.26541312E+02
  0.19516082E+01 -0.26541341E+02
  0.19609969E+01 -0.26541368E+02
  0.19703856E+01 -0.26541392E+02
  0.19797743E+01 -0.26541413E+02
  0.19891629E+01 -0.26541432E+02
  0.19985516E+01 -0.26541449E+02
  0.20079403E+01 -0.26541465E+02
  0.20173290E+01 -0.26541478E+02
  0.20267176E+01 -0.26541489E+02
  0.20361063E+01 -0.26541499E+02
  0.20454950E+01 -0.26541507E+02
  0.20548837E+01 -0.26541513E+02
  0.20642723E+01 -0.26541516E+02
  0.20736610E+01 -0.26541518E+02
  0.20830497E+01 -0.26541517E+02
  0.20924383E+01 -0.26541514E+02
  0.21018270E+01 -0.26541510E+02
  0.21112157E+01 -0.26541505E+02
  0.21206044E+01 -0.26541498E+02
  0.21299930E+01 -0.26541492E+02
  0.21393817E+01 -0.26541486E+02
  0.21487704E+01 -0.26541484E+02
  0.21581591E+01 -0.26541482E+02
  0.21675478E+01 -0.26541480E+02
  0.21769365E+01 -0.26541478E+02
  0.21863252E+01 -0.26541476E+02
  0.21957139E+01 -0.26541473E+02
  0.22051026E+01 -0.26541470E+02
  0.22144913E+01 -0.26541465E+02
  0.22238800E+01 -0.26541460E+02
  0.22332687E+01 -0.26541453E+02
  0.22426574E+01 -0.26541447E+02
  0.22520461E+01 -0.26541440E+02
  0.22614348E+01 -0.26541433E+02
  0.22708235E+01 -0.26541428E+02
  0.22802122E+01 -0.26541423E+02
  0.22896009E+01 -0.26541420E+02
  0.22989896E+01 -0.26541418E+02
  0.23083783E+01 -0.26541418E+02
  0.23177670E+01 -0.26541418E+02
  0.23271557E+01 -0.26541419E+02
  0.23365444E+01 -0.26541421E+02
  0.23459331E+01 -0.26541423E+02
  0.23553218E+01 -0.26541426E+02
  0.23647105E+01 -0.26541428E+02
  0.23740992E+01 -0.26541431E+02
  0.23834879E+01 -0.26541434E+02
  0.23928766E+01 -0.26541438E+02
  0.24022653E+01 -0.26541442E+02
  0.24116540E+01 -0.26541448E+02
  0.24210427E+01 -0.26541454E+02
  0.24304314E+01 -0.26541462E+02
  0.24398201E+01 -0.26541470E+02
  0.24492088E+01 -0.26541480E+02
  0.24585975E+01 -0.26541490E+02
  0.24679862E+01 -0.26541501E+02
  0.24773749E+01 -0.26541513E+02
  0.24867636E+01 -0.26541526E+02
  0.24961523E+01 -0.26541539E+02
  0.25055410E+01 -0.26541553E+02
  0.25149297E+01 -0.26541568E+02
  0.25243184E+01 -0.26541584E+02
  0.25337071E+01 -0.26541600E+02
  0.25430958E+01 -0.26541617E+02
  0.25524845E+01 -0.26541634E+02
  0.25618732E+01 -0.26541651E+02
  0.25712619E+01 -0.26541668E+02
  0.25806506E+01 -0.26541683E+02
  0.25900393E+01 -0.26541697E+02
  0.25994280E+01 -0.26541709E+02
  0.26088167E+01 -0.26541720E+02
  0.26182054E+01 -0.26541730E+02
  0.26275941E+01 -0.26541738E+02
  0.26369828E+01 -0.26541747E+02
  0.26463715E+01 -0.26541754E+02
  0.26557602E+01 -0.26541763E+02
  0.26651489E+01 -0.26541772E+02
  0.26745376E+01 -0.26541781E+02
  0.26839263E+01 -0.26541792E+02
  0.26933150E+01 -0.26541802E+02
  0.27027037E+01 -0.26541812E+02
  0.27120924E+01 -0.26541821E+02
  0.27214811E+01 -0.26541828E+02
  0.27308698E+01 -0.26541833E+02
  0.27402585E+01 -0.26541834E+02
  0.27496472E+01 -0.26541833E+02
  0.27590359E+01 -0.26541828E+02
  0.27684246E+01 -0.26541820E+02
  0.27778133E+01 -0.26541811E+02
  0.27872020E+01 -0.26541799E+02
  0.27965907E+01 -0.26541788E+02
  0.28059794E+01 -0.26541775E+02
  0.28153681E+01 -0.26541764E+02
  0.28247568E+01 -0.26541752E+02
  0.28341455E+01 -0.26541741E+02
  0.28435342E+01 -0.26541730E+02
  0.28529229E+01 -0.26541718E+02
  0.28623116E+01 -0.26541704E+02
  0.28717003E+01 -0.26541688E+02
  0.28810890E+01 -0.26541669E+02
  0.28904777E+01 -0.26541647E+02
  0.28998664E+01 -0.26541622E+02
  0.29092551E+01 -0.26541593E+02
  0.29186438E+01 -0.26541561E+02
  0.29280325E+01 -0.26541528E+02
  0.29374212E+01 -0.26541493E+02
  0.29468099E+01 -0.26541457E+02
  0.29561986E+01 -0.26541421E+02
  0.29655873E+01 -0.26541386E+02
  0.29749760E+01 -0.26541351E+02
  0.29843647E+01 -0.26541316E+02
  0.29937534E+01 -0.26541281E+02
  0.30031421E+01 -0.26541246E+02
  0.30125308E+01 -0.26541210E+02
  0.30219195E+01 -0.26541172E+02
  0.30313082E+01 -0.26541133E+02
  0.30406969E+01 -0.26541092E+02
  0.30500856E+01 -0.26541049E+02
  0.30594743E+01 -0.26541005E+02
  0.30688630E+01 -0.26540960E+02
  0.30782517E+01 -0.26540915E+02
  
  0.00000000E+00 -0.26538197E+02
  0.93887000E-02 -0.26538207E+02
  0.18777400E-01 -0.26538219E+02
  0.28166100E-01 -0.26538234E+02
  0.37554800E-01 -0.26538251E+02
  0.46943500E-01 -0.26538270E+02
  0.56332200E-01 -0.26538291E+02
  0.65720900E-01 -0.26538314E+02
  0.75109600E-01 -0.26538339E+02
  0.84498300E-01 -0.26538364E+02
  0.93887000E-01 -0.26538391E+02
  0.10327570E+00 -0.26538418E+02
  0.11266440E+00 -0.26538446E+02
  0.12205310E+00 -0.26538475E+02
  0.13144180E+00 -0.26538504E+02
  0.14083050E+00 -0.26538533E+02
  0.15021920E+00 -0.26538562E+02
  0.15960790E+00 -0.26538591E+02
  0.16899660E+00 -0.26538620E+02
  0.17838530E+00 -0.26538649E+02
  0.18777400E+00 -0.26538678E+02
  0.19716270E+00 -0.26538705E+02
  0.20655140E+00 -0.26538733E+02
  0.21594010E+00 -0.26538759E+02
  0.22532880E+00 -0.26538784E+02
  0.23471750E+00 -0.26538809E+02
  0.24410620E+00 -0.26538832E+02
  0.25349490E+00 -0.26538854E+02
  0.26288360E+00 -0.26538875E+02
  0.27227230E+00 -0.26538895E+02
  0.28166100E+00 -0.26538913E+02
  0.29104970E+00 -0.26538930E+02
  0.30043840E+00 -0.26538945E+02
  0.30982710E+00 -0.26538958E+02
  0.31921580E+00 -0.26538970E+02
  0.32860450E+00 -0.26538980E+02
  0.33799320E+00 -0.26538988E+02
  0.34738190E+00 -0.26538995E+02
  0.35677060E+00 -0.26539001E+02
  0.36615930E+00 -0.26539005E+02
  0.37554800E+00 -0.26539009E+02
  0.38493670E+00 -0.26539012E+02
  0.39432540E+00 -0.26539015E+02
  0.40371410E+00 -0.26539019E+02
  0.41310280E+00 -0.26539023E+02
  0.42249150E+00 -0.26539027E+02
  0.43188020E+00 -0.26539033E+02
  0.44126890E+00 -0.26539039E+02
  0.45065760E+00 -0.26539047E+02
  0.46004630E+00 -0.26539056E+02
  0.46943500E+00 -0.26539066E+02
  0.47882370E+00 -0.26539077E+02
  0.48821240E+00 -0.26539090E+02
  0.49760110E+00 -0.26539104E+02
  0.50698980E+00 -0.26539120E+02
  0.51637850E+00 -0.26539137E+02
  0.52576720E+00 -0.26539156E+02
  0.53515590E+00 -0.26539177E+02
  0.54454460E+00 -0.26539199E+02
  0.55393330E+00 -0.26539222E+02
  0.56332200E+00 -0.26539248E+02
  0.57271070E+00 -0.26539274E+02
  0.58209940E+00 -0.26539302E+02
  0.59148810E+00 -0.26539331E+02
  0.60087680E+00 -0.26539361E+02
  0.61026550E+00 -0.26539392E+02
  0.61965420E+00 -0.26539424E+02
  0.62904290E+00 -0.26539457E+02
  0.63843160E+00 -0.26539491E+02
  0.64782030E+00 -0.26539526E+02
  0.65720900E+00 -0.26539563E+02
  0.66659770E+00 -0.26539600E+02
  0.67598640E+00 -0.26539638E+02
  0.68537510E+00 -0.26539678E+02
  0.69476380E+00 -0.26539718E+02
  0.70415250E+00 -0.26539760E+02
  0.71354120E+00 -0.26539803E+02
  0.72292990E+00 -0.26539847E+02
  0.73231860E+00 -0.26539893E+02
  0.74170730E+00 -0.26539939E+02
  0.75109600E+00 -0.26539987E+02
  0.76048470E+00 -0.26540036E+02
  0.76987340E+00 -0.26540085E+02
  0.77926210E+00 -0.26540136E+02
  0.78865080E+00 -0.26540186E+02
  0.79803950E+00 -0.26540237E+02
  0.80742820E+00 -0.26540287E+02
  0.81681690E+00 -0.26540336E+02
  0.82620560E+00 -0.26540384E+02
  0.83559430E+00 -0.26540431E+02
  0.84498300E+00 -0.26540477E+02
  0.85437170E+00 -0.26540521E+02
  0.86376040E+00 -0.26540565E+02
  0.87314910E+00 -0.26540607E+02
  0.88253780E+00 -0.26540650E+02
  0.89192650E+00 -0.26540692E+02
  0.90131520E+00 -0.26540735E+02
  0.91070390E+00 -0.26540779E+02
  0.92009260E+00 -0.26540824E+02
  0.92948130E+00 -0.26540869E+02
  0.93887000E+00 -0.26540914E+02
  0.94824279E+00 -0.26540881E+02
  0.95761559E+00 -0.26540845E+02
  0.96698838E+00 -0.26540808E+02
  0.97636118E+00 -0.26540769E+02
  0.98573397E+00 -0.26540728E+02
  0.99510677E+00 -0.26540685E+02
  0.10044796E+01 -0.26540640E+02
  0.10138524E+01 -0.26540594E+02
  0.10232252E+01 -0.26540547E+02
  0.10325980E+01 -0.26540499E+02
  0.10419707E+01 -0.26540450E+02
  0.10513435E+01 -0.26540402E+02
  0.10607163E+01 -0.26540354E+02
  0.10700891E+01 -0.26540305E+02
  0.10794619E+01 -0.26540257E+02
  0.10888347E+01 -0.26540209E+02
  0.10982075E+01 -0.26540161E+02
  0.11075803E+01 -0.26540113E+02
  0.11169531E+01 -0.26540065E+02
  0.11263259E+01 -0.26540017E+02
  0.11356987E+01 -0.26539969E+02
  0.11450715E+01 -0.26539921E+02
  0.11544443E+01 -0.26539875E+02
  0.11638171E+01 -0.26539829E+02
  0.11731899E+01 -0.26539783E+02
  0.11825627E+01 -0.26539739E+02
  0.11919355E+01 -0.26539696E+02
  0.12013083E+01 -0.26539655E+02
  0.12106811E+01 -0.26539615E+02
  0.12200539E+01 -0.26539577E+02
  0.12294267E+01 -0.26539541E+02
  0.12387995E+01 -0.26539506E+02
  0.12481723E+01 -0.26539473E+02
  0.12575450E+01 -0.26539441E+02
  0.12669178E+01 -0.26539411E+02
  0.12762906E+01 -0.26539382E+02
  0.12856634E+01 -0.26539354E+02
  0.12950362E+01 -0.26539328E+02
  0.13044090E+01 -0.26539302E+02
  0.13137818E+01 -0.26539277E+02
  0.13231546E+01 -0.26539254E+02
  0.13325274E+01 -0.26539233E+02
  0.13419002E+01 -0.26539213E+02
  0.13512730E+01 -0.26539195E+02
  0.13606458E+01 -0.26539179E+02
  0.13700186E+01 -0.26539167E+02
  0.13793914E+01 -0.26539157E+02
  0.13887642E+01 -0.26539150E+02
  0.13981370E+01 -0.26539145E+02
  0.14075098E+01 -0.26539143E+02
  0.14168826E+01 -0.26539144E+02
  0.14262554E+01 -0.26539147E+02
  0.14356282E+01 -0.26539151E+02
  0.14450010E+01 -0.26539157E+02
  0.14543738E+01 -0.26539164E+02
  0.14637466E+01 -0.26539173E+02
  0.14731194E+01 -0.26539183E+02
  0.14824921E+01 -0.26539194E+02
  0.14918649E+01 -0.26539208E+02
  0.15012377E+01 -0.26539224E+02
  0.15106105E+01 -0.26539243E+02
  0.15199833E+01 -0.26539265E+02
  0.15293561E+01 -0.26539290E+02
  0.15387289E+01 -0.26539317E+02
  0.15481017E+01 -0.26539348E+02
  0.15574745E+01 -0.26539381E+02
  0.15668473E+01 -0.26539416E+02
  0.15762201E+01 -0.26539453E+02
  0.15855929E+01 -0.26539490E+02
  0.15949657E+01 -0.26539528E+02
  0.16043385E+01 -0.26539566E+02
  0.16137113E+01 -0.26539605E+02
  0.16230841E+01 -0.26539644E+02
  0.16324569E+01 -0.26539683E+02
  0.16418297E+01 -0.26539722E+02
  0.16512025E+01 -0.26539763E+02
  0.16605753E+01 -0.26539804E+02
  0.16699481E+01 -0.26539845E+02
  0.16793367E+01 -0.26539788E+02
  0.16887254E+01 -0.26539728E+02
  0.16981141E+01 -0.26539668E+02
  0.17075028E+01 -0.26539610E+02
  0.17168914E+01 -0.26539553E+02
  0.17262801E+01 -0.26539498E+02
  0.17356688E+01 -0.26539444E+02
  0.17450574E+01 -0.26539391E+02
  0.17544461E+01 -0.26539337E+02
  0.17638348E+01 -0.26539283E+02
  0.17732235E+01 -0.26539229E+02
  0.17826121E+01 -0.26539174E+02
  0.17920008E+01 -0.26539119E+02
  0.18013895E+01 -0.26539063E+02
  0.18107782E+01 -0.26539008E+02
  0.18201668E+01 -0.26538954E+02
  0.18295555E+01 -0.26538902E+02
  0.18389442E+01 -0.26538852E+02
  0.18483328E+01 -0.26538805E+02
  0.18577215E+01 -0.26538761E+02
  0.18671102E+01 -0.26538720E+02
  0.18764989E+01 -0.26538681E+02
  0.18858875E+01 -0.26538645E+02
  0.18952762E+01 -0.26538610E+02
  0.19046649E+01 -0.26538577E+02
  0.19140536E+01 -0.26538544E+02
  0.19234422E+01 -0.26538511E+02
  0.19328309E+01 -0.26538478E+02
  0.19422196E+01 -0.26538445E+02
  0.19516082E+01 -0.26538413E+02
  0.19609969E+01 -0.26538382E+02
  0.19703856E+01 -0.26538352E+02
  0.19797743E+01 -0.26538325E+02
  0.19891629E+01 -0.26538300E+02
  0.19985516E+01 -0.26538278E+02
  0.20079403E+01 -0.26538259E+02
  0.20173290E+01 -0.26538243E+02
  0.20267176E+01 -0.26538230E+02
  0.20361063E+01 -0.26538219E+02
  0.20454950E+01 -0.26538209E+02
  0.20548837E+01 -0.26538202E+02
  0.20642723E+01 -0.26538195E+02
  0.20736610E+01 -0.26538190E+02
  0.20830497E+01 -0.26538185E+02
  0.20924383E+01 -0.26538182E+02
  0.21018270E+01 -0.26538181E+02
  0.21112157E+01 -0.26538181E+02
  0.21206044E+01 -0.26538184E+02
  0.21299930E+01 -0.26538189E+02
  0.21393817E+01 -0.26538197E+02
  0.21487704E+01 -0.26538207E+02
  0.21581591E+01 -0.26538219E+02
  0.21675478E+01 -0.26538234E+02
  0.21769365E+01 -0.26538251E+02
  0.21863252E+01 -0.26538270E+02
  0.21957139E+01 -0.26538291E+02
  0.22051026E+01 -0.26538314E+02
  0.22144913E+01 -0.26538339E+02
  0.22238800E+01 -0.26538364E+02
  0.22332687E+01 -0.26538391E+02
  0.22426574E+01 -0.26538418E+02
  0.22520461E+01 -0.26538446E+02
  0.22614348E+01 -0.26538475E+02
  0.22708235E+01 -0.26538504E+02
  0.22802122E+01 -0.26538533E+02
  0.22896009E+01 -0.26538562E+02
  0.22989896E+01 -0.26538591E+02
  0.23083783E+01 -0.26538620E+02
  0.23177670E+01 -0.26538649E+02
  0.23271557E+01 -0.26538678E+02
  0.23365444E+01 -0.26538705E+02
  0.23459331E+01 -0.26538733E+02
  0.23553218E+01 -0.26538759E+02
  0.23647105E+01 -0.26538784E+02
  0.23740992E+01 -0.26538809E+02
  0.23834879E+01 -0.26538832E+02
  0.23928766E+01 -0.26538854E+02
  0.24022653E+01 -0.26538875E+02
  0.24116540E+01 -0.26538895E+02
  0.24210427E+01 -0.26538913E+02
  0.24304314E+01 -0.26538930E+02
  0.24398201E+01 -0.26538945E+02
  0.24492088E+01 -0.26538958E+02
  0.24585975E+01 -0.26538970E+02
  0.24679862E+01 -0.26538980E+02
  0.24773749E+01 -0.26538988E+02
  0.24867636E+01 -0.26538995E+02
  0.24961523E+01 -0.26539001E+02
  0.25055410E+01 -0.26539005E+02
  0.25149297E+01 -0.26539009E+02
  0.25243184E+01 -0.26539012E+02
  0.25337071E+01 -0.26539015E+02
  0.25430958E+01 -0.26539019E+02
  0.25524845E+01 -0.26539023E+02
  0.25618732E+01 -0.26539027E+02
  0.25712619E+01 -0.26539033E+02
  0.25806506E+01 -0.26539039E+02
  0.25900393E+01 -0.26539047E+02
  0.25994280E+01 -0.26539056E+02
  0.26088167E+01 -0.26539066E+02
  0.26182054E+01 -0.26539077E+02
  0.26275941E+01 -0.26539090E+02
  0.26369828E+01 -0.26539104E+02
  0.26463715E+01 -0.26539120E+02
  0.26557602E+01 -0.26539137E+02
  0.26651489E+01 -0.26539156E+02
  0.26745376E+01 -0.26539177E+02
  0.26839263E+01 -0.26539199E+02
  0.26933150E+01 -0.26539222E+02
  0.27027037E+01 -0.26539248E+02
  0.27120924E+01 -0.26539274E+02
  0.27214811E+01 -0.26539302E+02
  0.27308698E+01 -0.26539331E+02
  0.27402585E+01 -0.26539361E+02
  0.27496472E+01 -0.26539392E+02
  0.27590359E+01 -0.26539424E+02
  0.27684246E+01 -0.26539457E+02
  0.27778133E+01 -0.26539491E+02
  0.27872020E+01 -0.26539526E+02
  0.27965907E+01 -0.26539563E+02
  0.28059794E+01 -0.26539600E+02
  0.28153681E+01 -0.26539638E+02
  0.28247568E+01 -0.26539678E+02
  0.28341455E+01 -0.26539718E+02
  0.28435342E+01 -0.26539760E+02
  0.28529229E+01 -0.26539803E+02
  0.28623116E+01 -0.26539847E+02
  0.28717003E+01 -0.26539893E+02
  0.28810890E+01 -0.26539939E+02
  0.28904777E+01 -0.26539987E+02
  0.28998664E+01 -0.26540036E+02
  0.29092551E+01 -0.26540085E+02
  0.29186438E+01 -0.26540136E+02
  0.29280325E+01 -0.26540186E+02
  0.29374212E+01 -0.26540237E+02
  0.29468099E+01 -0.26540287E+02
  0.29561986E+01 -0.26540336E+02
  0.29655873E+01 -0.26540384E+02
  0.29749760E+01 -0.26540431E+02
  0.29843647E+01 -0.26540477E+02
  0.29937534E+01 -0.26540521E+02
  0.30031421E+01 -0.26540565E+02
  0.30125308E+01 -0.26540607E+02
  0.30219195E+01 -0.26540650E+02
  0.30313082E+01 -0.26540692E+02
  0.30406969E+01 -0.26540735E+02
  0.30500856E+01 -0.26540779E+02
  0.30594743E+01 -0.26540824E+02
  0.30688630E+01 -0.26540869E+02
  0.30782517E+01 -0.26540914E+02
  
  0.00000000E+00 -0.26515515E+02
  0.93887000E-02 -0.26515501E+02
  0.18777400E-01 -0.26515488E+02
  0.28166100E-01 -0.26515478E+02
  0.37554800E-01 -0.26515470E+02
  0.46943500E-01 -0.26515464E+02
  0.56332200E-01 -0.26515460E+02
  0.65720900E-01 -0.26515457E+02
  0.75109600E-01 -0.26515455E+02
  0.84498300E-01 -0.26515453E+02
  0.93887000E-01 -0.26515450E+02
  0.10327570E+00 -0.26515446E+02
  0.11266440E+00 -0.26515441E+02
  0.12205310E+00 -0.26515436E+02
  0.13144180E+00 -0.26515431E+02
  0.14083050E+00 -0.26515427E+02
  0.15021920E+00 -0.26515424E+02
  0.15960790E+00 -0.26515424E+02
  0.16899660E+00 -0.26515427E+02
  0.17838530E+00 -0.26515433E+02
  0.18777400E+00 -0.26515442E+02
  0.19716270E+00 -0.26515456E+02
  0.20655140E+00 -0.26515472E+02
  0.21594010E+00 -0.26515492E+02
  0.22532880E+00 -0.26515515E+02
  0.23471750E+00 -0.26515541E+02
  0.24410620E+00 -0.26515569E+02
  0.25349490E+00 -0.26515599E+02
  0.26288360E+00 -0.26515633E+02
  0.27227230E+00 -0.26515669E+02
  0.28166100E+00 -0.26515708E+02
  0.29104970E+00 -0.26515750E+02
  0.30043840E+00 -0.26515795E+02
  0.30982710E+00 -0.26515841E+02
  0.31921580E+00 -0.26515890E+02
  0.32860450E+00 -0.26515941E+02
  0.33799320E+00 -0.26515992E+02
  0.34738190E+00 -0.26516044E+02
  0.35677060E+00 -0.26516096E+02
  0.36615930E+00 -0.26516148E+02
  0.37554800E+00 -0.26516199E+02
  0.38493670E+00 -0.26516250E+02
  0.39432540E+00 -0.26516300E+02
  0.40371410E+00 -0.26516348E+02
  0.41310280E+00 -0.26516395E+02
  0.42249150E+00 -0.26516441E+02
  0.43188020E+00 -0.26516485E+02
  0.44126890E+00 -0.26516526E+02
  0.45065760E+00 -0.26516565E+02
  0.46004630E+00 -0.26516602E+02
  0.46943500E+00 -0.26516637E+02
  0.47882370E+00 -0.26516669E+02
  0.48821240E+00 -0.26516700E+02
  0.49760110E+00 -0.26516729E+02
  0.50698980E+00 -0.26516756E+02
  0.51637850E+00 -0.26516783E+02
  0.52576720E+00 -0.26516809E+02
  0.53515590E+00 -0.26516834E+02
  0.54454460E+00 -0.26516858E+02
  0.55393330E+00 -0.26516881E+02
  0.56332200E+00 -0.26516902E+02
  0.57271070E+00 -0.26516921E+02
  0.58209940E+00 -0.26516938E+02
  0.59148810E+00 -0.26516951E+02
  0.60087680E+00 -0.26516961E+02
  0.61026550E+00 -0.26516967E+02
  0.61965420E+00 -0.26516969E+02
  0.62904290E+00 -0.26516967E+02
  0.63843160E+00 -0.26516962E+02
  0.64782030E+00 -0.26516954E+02
  0.65720900E+00 -0.26516943E+02
  0.66659770E+00 -0.26516929E+02
  0.67598640E+00 -0.26516915E+02
  0.68537510E+00 -0.26516898E+02
  0.69476380E+00 -0.26516881E+02
  0.70415250E+00 -0.26516862E+02
  0.71354120E+00 -0.26516841E+02
  0.72292990E+00 -0.26516819E+02
  0.73231860E+00 -0.26516794E+02
  0.74170730E+00 -0.26516767E+02
  0.75109600E+00 -0.26516736E+02
  0.76048470E+00 -0.26516702E+02
  0.76987340E+00 -0.26516666E+02
  0.77926210E+00 -0.26516626E+02
  0.78865080E+00 -0.26516585E+02
  0.79803950E+00 -0.26516541E+02
  0.80742820E+00 -0.26516495E+02
  0.81681690E+00 -0.26516448E+02
  0.82620560E+00 -0.26516401E+02
  0.83559430E+00 -0.26516352E+02
  0.84498300E+00 -0.26516302E+02
  0.85437170E+00 -0.26516252E+02
  0.86376040E+00 -0.26516200E+02
  0.87314910E+00 -0.26516147E+02
  0.88253780E+00 -0.26516092E+02
  0.89192650E+00 -0.26516035E+02
  0.90131520E+00 -0.26515976E+02
  0.91070390E+00 -0.26515914E+02
  0.92009260E+00 -0.26515851E+02
  0.92948130E+00 -0.26515786E+02
  0.93887000E+00 -0.26515720E+02
  0.94824279E+00 -0.26515777E+02
  0.95761559E+00 -0.26515832E+02
  0.96698838E+00 -0.26515886E+02
  0.97636118E+00 -0.26515938E+02
  0.98573397E+00 -0.26515989E+02
  0.99510677E+00 -0.26516039E+02
  0.10044796E+01 -0.26516088E+02
  0.10138524E+01 -0.26516135E+02
  0.10232252E+01 -0.26516182E+02
  0.10325980E+01 -0.26516227E+02
  0.10419707E+01 -0.26516270E+02
  0.10513435E+01 -0.26516311E+02
  0.10607163E+01 -0.26516350E+02
  0.10700891E+01 -0.26516386E+02
  0.10794619E+01 -0.26516420E+02
  0.10888347E+01 -0.26516452E+02
  0.10982075E+01 -0.26516482E+02
  0.11075803E+01 -0.26516510E+02
  0.11169531E+01 -0.26516537E+02
  0.11263259E+01 -0.26516562E+02
  0.11356987E+01 -0.26516586E+02
  0.11450715E+01 -0.26516609E+02
  0.11544443E+01 -0.26516630E+02
  0.11638171E+01 -0.26516650E+02
  0.11731899E+01 -0.26516668E+02
  0.11825627E+01 -0.26516684E+02
  0.11919355E+01 -0.26516698E+02
  0.12013083E+01 -0.26516709E+02
  0.12106811E+01 -0.26516717E+02
  0.12200539E+01 -0.26516722E+02
  0.12294267E+01 -0.26516725E+02
  0.12387995E+01 -0.26516725E+02
  0.12481723E+01 -0.26516722E+02
  0.12575450E+01 -0.26516716E+02
  0.12669178E+01 -0.26516709E+02
  0.12762906E+01 -0.26516699E+02
  0.12856634E+01 -0.26516686E+02
  0.12950362E+01 -0.26516672E+02
  0.13044090E+01 -0.26516655E+02
  0.13137818E+01 -0.26516636E+02
  0.13231546E+01 -0.26516614E+02
  0.13325274E+01 -0.26516590E+02
  0.13419002E+01 -0.26516562E+02
  0.13512730E+01 -0.26516533E+02
  0.13606458E+01 -0.26516500E+02
  0.13700186E+01 -0.26516466E+02
  0.13793914E+01 -0.26516429E+02
  0.13887642E+01 -0.26516391E+02
  0.13981370E+01 -0.26516351E+02
  0.14075098E+01 -0.26516309E+02
  0.14168826E+01 -0.26516267E+02
  0.14262554E+01 -0.26516224E+02
  0.14356282E+01 -0.26516180E+02
  0.14450010E+01 -0.26516135E+02
  0.14543738E+01 -0.26516088E+02
  0.14637466E+01 -0.26516040E+02
  0.14731194E+01 -0.26515991E+02
  0.14824921E+01 -0.26515939E+02
  0.14918649E+01 -0.26515885E+02
  0.15012377E+01 -0.26515829E+02
  0.15106105E+01 -0.26515770E+02
  0.15199833E+01 -0.26515709E+02
  0.15293561E+01 -0.26515646E+02
  0.15387289E+01 -0.26515580E+02
  0.15481017E+01 -0.26515513E+02
  0.15574745E+01 -0.26515445E+02
  0.15668473E+01 -0.26515377E+02
  0.15762201E+01 -0.26515308E+02
  0.15855929E+01 -0.26515239E+02
  0.15949657E+01 -0.26515171E+02
  0.16043385E+01 -0.26515103E+02
  0.16137113E+01 -0.26515036E+02
  0.16230841E+01 -0.26514970E+02
  0.16324569E+01 -0.26514904E+02
  0.16418297E+01 -0.26514839E+02
  0.16512025E+01 -0.26514774E+02
  0.16605753E+01 -0.26514708E+02
  0.16699481E+01 -0.26514644E+02
  0.16793367E+01 -0.26514692E+02
  0.16887254E+01 -0.26514741E+02
  0.16981141E+01 -0.26514789E+02
  0.17075028E+01 -0.26514838E+02
  0.17168914E+01 -0.26514886E+02
  0.17262801E+01 -0.26514934E+02
  0.17356688E+01 -0.26514981E+02
  0.17450574E+01 -0.26515028E+02
  0.17544461E+01 -0.26515073E+02
  0.17638348E+01 -0.26515116E+02
  0.17732235E+01 -0.26515157E+02
  0.17826121E+01 -0.26515196E+02
  0.17920008E+01 -0.26515233E+02
  0.18013895E+01 -0.26515267E+02
  0.18107782E+01 -0.26515301E+02
  0.18201668E+01 -0.26515333E+02
  0.18295555E+01 -0.26515366E+02
  0.18389442E+01 -0.26515398E+02
  0.18483328E+01 -0.26515430E+02
  0.18577215E+01 -0.26515463E+02
  0.18671102E+01 -0.26515496E+02
  0.18764989E+01 -0.26515527E+02
  0.18858875E+01 -0.26515558E+02
  0.18952762E+01 -0.26515587E+02
  0.19046649E+01 -0.26515613E+02
  0.19140536E+01 -0.26515636E+02
  0.19234422E+01 -0.26515656E+02
  0.19328309E+01 -0.26515672E+02
  0.19422196E+01 -0.26515684E+02
  0.19516082E+01 -0.26515694E+02
  0.19609969E+01 -0.26515701E+02
  0.19703856E+01 -0.26515705E+02
  0.19797743E+01 -0.26515707E+02
  0.19891629E+01 -0.26515707E+02
  0.19985516E+01 -0.26515706E+02
  0.20079403E+01 -0.26515703E+02
  0.20173290E+01 -0.26515698E+02
  0.20267176E+01 -0.26515691E+02
  0.20361063E+01 -0.26515681E+02
  0.20454950E+01 -0.26515670E+02
  0.20548837E+01 -0.26515656E+02
  0.20642723E+01 -0.26515640E+02
  0.20736610E+01 -0.26515623E+02
  0.20830497E+01 -0.26515606E+02
  0.20924383E+01 -0.26515588E+02
  0.21018270E+01 -0.26515571E+02
  0.21112157E+01 -0.26515555E+02
  0.21206044E+01 -0.26515541E+02
  0.21299930E+01 -0.26515527E+02
  0.21393817E+01 -0.26515515E+02
  0.21487704E+01 -0.26515501E+02
  0.21581591E+01 -0.26515488E+02
  0.21675478E+01 -0.26515478E+02
  0.21769365E+01 -0.26515470E+02
  0.21863252E+01 -0.26515464E+02
  0.21957139E+01 -0.26515460E+02
  0.22051026E+01 -0.26515457E+02
  0.22144913E+01 -0.26515455E+02
  0.22238800E+01 -0.26515453E+02
  0.22332687E+01 -0.26515450E+02
  0.22426574E+01 -0.26515446E+02
  0.22520461E+01 -0.26515441E+02
  0.22614348E+01 -0.26515436E+02
  0.22708235E+01 -0.26515431E+02
  0.22802122E+01 -0.26515427E+02
  0.22896009E+01 -0.26515424E+02
  0.22989896E+01 -0.26515424E+02
  0.23083783E+01 -0.26515427E+02
  0.23177670E+01 -0.26515433E+02
  0.23271557E+01 -0.26515442E+02
  0.23365444E+01 -0.26515456E+02
  0.23459331E+01 -0.26515472E+02
  0.23553218E+01 -0.26515492E+02
  0.23647105E+01 -0.26515515E+02
  0.23740992E+01 -0.26515541E+02
  0.23834879E+01 -0.26515569E+02
  0.23928766E+01 -0.26515599E+02
  0.24022653E+01 -0.26515633E+02
  0.24116540E+01 -0.26515669E+02
  0.24210427E+01 -0.26515708E+02
  0.24304314E+01 -0.26515750E+02
  0.24398201E+01 -0.26515795E+02
  0.24492088E+01 -0.26515841E+02
  0.24585975E+01 -0.26515890E+02
  0.24679862E+01 -0.26515941E+02
  0.24773749E+01 -0.26515992E+02
  0.24867636E+01 -0.26516044E+02
  0.24961523E+01 -0.26516096E+02
  0.25055410E+01 -0.26516148E+02
  0.25149297E+01 -0.26516199E+02
  0.25243184E+01 -0.26516250E+02
  0.25337071E+01 -0.26516300E+02
  0.25430958E+01 -0.26516348E+02
  0.25524845E+01 -0.26516395E+02
  0.25618732E+01 -0.26516441E+02
  0.25712619E+01 -0.26516485E+02
  0.25806506E+01 -0.26516526E+02
  0.25900393E+01 -0.26516565E+02
  0.25994280E+01 -0.26516602E+02
  0.26088167E+01 -0.26516637E+02
  0.26182054E+01 -0.26516669E+02
  0.26275941E+01 -0.26516700E+02
  0.26369828E+01 -0.26516729E+02
  0.26463715E+01 -0.26516756E+02
  0.26557602E+01 -0.26516783E+02
  0.26651489E+01 -0.26516809E+02
  0.26745376E+01 -0.26516834E+02
  0.26839263E+01 -0.26516858E+02
  0.26933150E+01 -0.26516881E+02
  0.27027037E+01 -0.26516902E+02
  0.27120924E+01 -0.26516921E+02
  0.27214811E+01 -0.26516938E+02
  0.27308698E+01 -0.26516951E+02
  0.27402585E+01 -0.26516961E+02
  0.27496472E+01 -0.26516967E+02
  0.27590359E+01 -0.26516969E+02
  0.27684246E+01 -0.26516967E+02
  0.27778133E+01 -0.26516962E+02
  0.27872020E+01 -0.26516954E+02
  0.27965907E+01 -0.26516943E+02
  0.28059794E+01 -0.26516929E+02
  0.28153681E+01 -0.26516915E+02
  0.28247568E+01 -0.26516898E+02
  0.28341455E+01 -0.26516881E+02
  0.28435342E+01 -0.26516862E+02
  0.28529229E+01 -0.26516841E+02
  0.28623116E+01 -0.26516819E+02
  0.28717003E+01 -0.26516794E+02
  0.28810890E+01 -0.26516767E+02
  0.28904777E+01 -0.26516736E+02
  0.28998664E+01 -0.26516702E+02
  0.29092551E+01 -0.26516666E+02
  0.29186438E+01 -0.26516626E+02
  0.29280325E+01 -0.26516585E+02
  0.29374212E+01 -0.26516541E+02
  0.29468099E+01 -0.26516495E+02
  0.29561986E+01 -0.26516448E+02
  0.29655873E+01 -0.26516401E+02
  0.29749760E+01 -0.26516352E+02
  0.29843647E+01 -0.26516302E+02
  0.29937534E+01 -0.26516252E+02
  0.30031421E+01 -0.26516200E+02
  0.30125308E+01 -0.26516147E+02
  0.30219195E+01 -0.26516092E+02
  0.30313082E+01 -0.26516035E+02
  0.30406969E+01 -0.26515976E+02
  0.30500856E+01 -0.26515914E+02
  0.30594743E+01 -0.26515851E+02
  0.30688630E+01 -0.26515786E+02
  0.30782517E+01 -0.26515720E+02
  
  0.00000000E+00 -0.26512753E+02
  0.93887000E-02 -0.26512763E+02
  0.18777400E-01 -0.26512775E+02
  0.28166100E-01 -0.26512788E+02
  0.37554800E-01 -0.26512802E+02
  0.46943500E-01 -0.26512817E+02
  0.56332200E-01 -0.26512833E+02
  0.65720900E-01 -0.26512851E+02
  0.75109600E-01 -0.26512870E+02
  0.84498300E-01 -0.26512890E+02
  0.93887000E-01 -0.26512913E+02
  0.10327570E+00 -0.26512938E+02
  0.11266440E+00 -0.26512965E+02
  0.12205310E+00 -0.26512994E+02
  0.13144180E+00 -0.26513024E+02
  0.14083050E+00 -0.26513055E+02
  0.15021920E+00 -0.26513085E+02
  0.15960790E+00 -0.26513113E+02
  0.16899660E+00 -0.26513139E+02
  0.17838530E+00 -0.26513163E+02
  0.18777400E+00 -0.26513184E+02
  0.19716270E+00 -0.26513201E+02
  0.20655140E+00 -0.26513215E+02
  0.21594010E+00 -0.26513227E+02
  0.22532880E+00 -0.26513236E+02
  0.23471750E+00 -0.26513243E+02
  0.24410620E+00 -0.26513248E+02
  0.25349490E+00 -0.26513251E+02
  0.26288360E+00 -0.26513252E+02
  0.27227230E+00 -0.26513250E+02
  0.28166100E+00 -0.26513246E+02
  0.29104970E+00 -0.26513240E+02
  0.30043840E+00 -0.26513232E+02
  0.30982710E+00 -0.26513221E+02
  0.31921580E+00 -0.26513209E+02
  0.32860450E+00 -0.26513196E+02
  0.33799320E+00 -0.26513183E+02
  0.34738190E+00 -0.26513170E+02
  0.35677060E+00 -0.26513157E+02
  0.36615930E+00 -0.26513146E+02
  0.37554800E+00 -0.26513137E+02
  0.38493670E+00 -0.26513131E+02
  0.39432540E+00 -0.26513126E+02
  0.40371410E+00 -0.26513124E+02
  0.41310280E+00 -0.26513124E+02
  0.42249150E+00 -0.26513125E+02
  0.43188020E+00 -0.26513129E+02
  0.44126890E+00 -0.26513135E+02
  0.45065760E+00 -0.26513142E+02
  0.46004630E+00 -0.26513150E+02
  0.46943500E+00 -0.26513161E+02
  0.47882370E+00 -0.26513173E+02
  0.48821240E+00 -0.26513187E+02
  0.49760110E+00 -0.26513204E+02
  0.50698980E+00 -0.26513223E+02
  0.51637850E+00 -0.26513244E+02
  0.52576720E+00 -0.26513268E+02
  0.53515590E+00 -0.26513294E+02
  0.54454460E+00 -0.26513323E+02
  0.55393330E+00 -0.26513354E+02
  0.56332200E+00 -0.26513388E+02
  0.57271070E+00 -0.26513423E+02
  0.58209940E+00 -0.26513460E+02
  0.59148810E+00 -0.26513499E+02
  0.60087680E+00 -0.26513540E+02
  0.61026550E+00 -0.26513582E+02
  0.61965420E+00 -0.26513627E+02
  0.62904290E+00 -0.26513673E+02
  0.63843160E+00 -0.26513722E+02
  0.64782030E+00 -0.26513772E+02
  0.65720900E+00 -0.26513824E+02
  0.66659770E+00 -0.26513878E+02
  0.67598640E+00 -0.26513933E+02
  0.68537510E+00 -0.26513990E+02
  0.69476380E+00 -0.26514048E+02
  0.70415250E+00 -0.26514107E+02
  0.71354120E+00 -0.26514167E+02
  0.72292990E+00 -0.26514228E+02
  0.73231860E+00 -0.26514290E+02
  0.74170730E+00 -0.26514353E+02
  0.75109600E+00 -0.26514416E+02
  0.76048470E+00 -0.26514481E+02
  0.76987340E+00 -0.26514547E+02
  0.77926210E+00 -0.26514613E+02
  0.78865080E+00 -0.26514680E+02
  0.79803950E+00 -0.26514747E+02
  0.80742820E+00 -0.26514814E+02
  0.81681690E+00 -0.26514881E+02
  0.82620560E+00 -0.26514947E+02
  0.83559430E+00 -0.26515013E+02
  0.84498300E+00 -0.26515077E+02
  0.85437170E+00 -0.26515141E+02
  0.86376040E+00 -0.26515205E+02
  0.87314910E+00 -0.26515267E+02
  0.88253780E+00 -0.26515330E+02
  0.89192650E+00 -0.26515393E+02
  0.90131520E+00 -0.26515457E+02
  0.91070390E+00 -0.26515521E+02
  0.92009260E+00 -0.26515586E+02
  0.92948130E+00 -0.26515652E+02
  0.93887000E+00 -0.26515718E+02
  0.94824279E+00 -0.26515661E+02
  0.95761559E+00 -0.26515603E+02
  0.96698838E+00 -0.26515545E+02
  0.97636118E+00 -0.26515486E+02
  0.98573397E+00 -0.26515428E+02
  0.99510677E+00 -0.26515369E+02
  0.10044796E+01 -0.26515311E+02
  0.10138524E+01 -0.26515252E+02
  0.10232252E+01 -0.26515193E+02
  0.10325980E+01 -0.26515133E+02
  0.10419707E+01 -0.26515073E+02
  0.10513435E+01 -0.26515011E+02
  0.10607163E+01 -0.26514949E+02
  0.10700891E+01 -0.26514886E+02
  0.10794619E+01 -0.26514822E+02
  0.10888347E+01 -0.26514757E+02
  0.10982075E+01 -0.26514692E+02
  0.11075803E+01 -0.26514628E+02
  0.11169531E+01 -0.26514564E+02
  0.11263259E+01 -0.26514503E+02
  0.11356987E+01 -0.26514443E+02
  0.11450715E+01 -0.26514387E+02
  0.11544443E+01 -0.26514332E+02
  0.11638171E+01 -0.26514280E+02
  0.11731899E+01 -0.26514230E+02
  0.11825627E+01 -0.26514180E+02
  0.11919355E+01 -0.26514132E+02
  0.12013083E+01 -0.26514084E+02
  0.12106811E+01 -0.26514036E+02
  0.12200539E+01 -0.26513987E+02
  0.12294267E+01 -0.26513939E+02
  0.12387995E+01 -0.26513892E+02
  0.12481723E+01 -0.26513846E+02
  0.12575450E+01 -0.26513803E+02
  0.12669178E+01 -0.26513762E+02
  0.12762906E+01 -0.26513725E+02
  0.12856634E+01 -0.26513692E+02
  0.12950362E+01 -0.26513663E+02
  0.13044090E+01 -0.26513638E+02
  0.13137818E+01 -0.26513617E+02
  0.13231546E+01 -0.26513600E+02
  0.13325274E+01 -0.26513585E+02
  0.13419002E+01 -0.26513571E+02
  0.13512730E+01 -0.26513559E+02
  0.13606458E+01 -0.26513549E+02
  0.13700186E+01 -0.26513539E+02
  0.13793914E+01 -0.26513531E+02
  0.13887642E+01 -0.26513524E+02
  0.13981370E+01 -0.26513520E+02
  0.14075098E+01 -0.26513518E+02
  0.14168826E+01 -0.26513520E+02
  0.14262554E+01 -0.26513526E+02
  0.14356282E+01 -0.26513536E+02
  0.14450010E+01 -0.26513550E+02
  0.14543738E+01 -0.26513568E+02
  0.14637466E+01 -0.26513590E+02
  0.14731194E+01 -0.26513615E+02
  0.14824921E+01 -0.26513643E+02
  0.14918649E+01 -0.26513673E+02
  0.15012377E+01 -0.26513705E+02
  0.15106105E+01 -0.26513740E+02
  0.15199833E+01 -0.26513775E+02
  0.15293561E+01 -0.26513813E+02
  0.15387289E+01 -0.26513852E+02
  0.15481017E+01 -0.26513894E+02
  0.15574745E+01 -0.26513938E+02
  0.15668473E+01 -0.26513984E+02
  0.15762201E+01 -0.26514034E+02
  0.15855929E+01 -0.26514086E+02
  0.15949657E+01 -0.26514141E+02
  0.16043385E+01 -0.26514198E+02
  0.16137113E+01 -0.26514258E+02
  0.16230841E+01 -0.26514320E+02
  0.16324569E+01 -0.26514383E+02
  0.16418297E+01 -0.26514447E+02
  0.16512025E+01 -0.26514511E+02
  0.16605753E+01 -0.26514576E+02
  0.16699481E+01 -0.26514641E+02
  0.16793367E+01 -0.26514592E+02
  0.16887254E+01 -0.26514539E+02
  0.16981141E+01 -0.26514485E+02
  0.17075028E+01 -0.26514430E+02
  0.17168914E+01 -0.26514373E+02
  0.17262801E+01 -0.26514315E+02
  0.17356688E+01 -0.26514256E+02
  0.17450574E+01 -0.26514197E+02
  0.17544461E+01 -0.26514138E+02
  0.17638348E+01 -0.26514080E+02
  0.17732235E+01 -0.26514023E+02
  0.17826121E+01 -0.26513967E+02
  0.17920008E+01 -0.26513912E+02
  0.18013895E+01 -0.26513857E+02
  0.18107782E+01 -0.26513804E+02
  0.18201668E+01 -0.26513751E+02
  0.18295555E+01 -0.26513699E+02
  0.18389442E+01 -0.26513647E+02
  0.18483328E+01 -0.26513596E+02
  0.18577215E+01 -0.26513545E+02
  0.18671102E+01 -0.26513495E+02
  0.18764989E+01 -0.26513446E+02
  0.18858875E+01 -0.26513397E+02
  0.18952762E+01 -0.26513350E+02
  0.19046649E+01 -0.26513304E+02
  0.19140536E+01 -0.26513259E+02
  0.19234422E+01 -0.26513215E+02
  0.19328309E+01 -0.26513172E+02
  0.19422196E+01 -0.26513130E+02
  0.19516082E+01 -0.26513089E+02
  0.19609969E+01 -0.26513050E+02
  0.19703856E+01 -0.26513011E+02
  0.19797743E+01 -0.26512975E+02
  0.19891629E+01 -0.26512941E+02
  0.19985516E+01 -0.26512910E+02
  0.20079403E+01 -0.26512882E+02
  0.20173290E+01 -0.26512858E+02
  0.20267176E+01 -0.26512837E+02
  0.20361063E+01 -0.26512820E+02
  0.20454950E+01 -0.26512806E+02
  0.20548837E+01 -0.26512794E+02
  0.20642723E+01 -0.26512784E+02
  0.20736610E+01 -0.26512776E+02
  0.20830497E+01 -0.26512769E+02
  0.20924383E+01 -0.26512763E+02
  0.21018270E+01 -0.26512758E+02
  0.21112157E+01 -0.26512754E+02
  0.21206044E+01 -0.26512752E+02
  0.21299930E+01 -0.26512751E+02
  0.21393817E+01 -0.26512753E+02
  0.21487704E+01 -0.26512763E+02
  0.21581591E+01 -0.26512775E+02
  0.21675478E+01 -0.26512788E+02
  0.21769365E+01 -0.26512802E+02
  0.21863252E+01 -0.26512817E+02
  0.21957139E+01 -0.26512833E+02
  0.22051026E+01 -0.26512851E+02
  0.22144913E+01 -0.26512870E+02
  0.22238800E+01 -0.26512890E+02
  0.22332687E+01 -0.26512913E+02
  0.22426574E+01 -0.26512938E+02
  0.22520461E+01 -0.26512965E+02
  0.22614348E+01 -0.26512994E+02
  0.22708235E+01 -0.26513024E+02
  0.22802122E+01 -0.26513055E+02
  0.22896009E+01 -0.26513085E+02
  0.22989896E+01 -0.26513113E+02
  0.23083783E+01 -0.26513139E+02
  0.23177670E+01 -0.26513163E+02
  0.23271557E+01 -0.26513184E+02
  0.23365444E+01 -0.26513201E+02
  0.23459331E+01 -0.26513215E+02
  0.23553218E+01 -0.26513227E+02
  0.23647105E+01 -0.26513236E+02
  0.23740992E+01 -0.26513243E+02
  0.23834879E+01 -0.26513248E+02
  0.23928766E+01 -0.26513251E+02
  0.24022653E+01 -0.26513252E+02
  0.24116540E+01 -0.26513250E+02
  0.24210427E+01 -0.26513246E+02
  0.24304314E+01 -0.26513240E+02
  0.24398201E+01 -0.26513232E+02
  0.24492088E+01 -0.26513221E+02
  0.24585975E+01 -0.26513209E+02
  0.24679862E+01 -0.26513196E+02
  0.24773749E+01 -0.26513183E+02
  0.24867636E+01 -0.26513170E+02
  0.24961523E+01 -0.26513157E+02
  0.25055410E+01 -0.26513146E+02
  0.25149297E+01 -0.26513137E+02
  0.25243184E+01 -0.26513131E+02
  0.25337071E+01 -0.26513126E+02
  0.25430958E+01 -0.26513124E+02
  0.25524845E+01 -0.26513124E+02
  0.25618732E+01 -0.26513125E+02
  0.25712619E+01 -0.26513129E+02
  0.25806506E+01 -0.26513135E+02
  0.25900393E+01 -0.26513142E+02
  0.25994280E+01 -0.26513150E+02
  0.26088167E+01 -0.26513161E+02
  0.26182054E+01 -0.26513173E+02
  0.26275941E+01 -0.26513187E+02
  0.26369828E+01 -0.26513204E+02
  0.26463715E+01 -0.26513223E+02
  0.26557602E+01 -0.26513244E+02
  0.26651489E+01 -0.26513268E+02
  0.26745376E+01 -0.26513294E+02
  0.26839263E+01 -0.26513323E+02
  0.26933150E+01 -0.26513354E+02
  0.27027037E+01 -0.26513388E+02
  0.27120924E+01 -0.26513423E+02
  0.27214811E+01 -0.26513460E+02
  0.27308698E+01 -0.26513499E+02
  0.27402585E+01 -0.26513540E+02
  0.27496472E+01 -0.26513582E+02
  0.27590359E+01 -0.26513627E+02
  0.27684246E+01 -0.26513673E+02
  0.27778133E+01 -0.26513722E+02
  0.27872020E+01 -0.26513772E+02
  0.27965907E+01 -0.26513824E+02
  0.28059794E+01 -0.26513878E+02
  0.28153681E+01 -0.26513933E+02
  0.28247568E+01 -0.26513990E+02
  0.28341455E+01 -0.26514048E+02
  0.28435342E+01 -0.26514107E+02
  0.28529229E+01 -0.26514167E+02
  0.28623116E+01 -0.26514228E+02
  0.28717003E+01 -0.26514290E+02
  0.28810890E+01 -0.26514353E+02
  0.28904777E+01 -0.26514416E+02
  0.28998664E+01 -0.26514481E+02
  0.29092551E+01 -0.26514547E+02
  0.29186438E+01 -0.26514613E+02
  0.29280325E+01 -0.26514680E+02
  0.29374212E+01 -0.26514747E+02
  0.29468099E+01 -0.26514814E+02
  0.29561986E+01 -0.26514881E+02
  0.29655873E+01 -0.26514947E+02
  0.29749760E+01 -0.26515013E+02
  0.29843647E+01 -0.26515077E+02
  0.29937534E+01 -0.26515141E+02
  0.30031421E+01 -0.26515205E+02
  0.30125308E+01 -0.26515267E+02
  0.30219195E+01 -0.26515330E+02
  0.30313082E+01 -0.26515393E+02
  0.30406969E+01 -0.26515457E+02
  0.30500856E+01 -0.26515521E+02
  0.30594743E+01 -0.26515586E+02
  0.30688630E+01 -0.26515652E+02
  0.30782517E+01 -0.26515718E+02
  
  0.00000000E+00 -0.23581598E+02
  0.93887000E-02 -0.23581590E+02
  0.18777400E-01 -0.23581579E+02
  0.28166100E-01 -0.23581565E+02
  0.37554800E-01 -0.23581547E+02
  0.46943500E-01 -0.23581527E+02
  0.56332200E-01 -0.23581504E+02
  0.65720900E-01 -0.23581480E+02
  0.75109600E-01 -0.23581455E+02
  0.84498300E-01 -0.23581429E+02
  0.93887000E-01 -0.23581404E+02
  0.10327570E+00 -0.23581378E+02
  0.11266440E+00 -0.23581352E+02
  0.12205310E+00 -0.23581325E+02
  0.13144180E+00 -0.23581297E+02
  0.14083050E+00 -0.23581267E+02
  0.15021920E+00 -0.23581235E+02
  0.15960790E+00 -0.23581201E+02
  0.16899660E+00 -0.23581164E+02
  0.17838530E+00 -0.23581124E+02
  0.18777400E+00 -0.23581082E+02
  0.19716270E+00 -0.23581038E+02
  0.20655140E+00 -0.23580992E+02
  0.21594010E+00 -0.23580946E+02
  0.22532880E+00 -0.23580899E+02
  0.23471750E+00 -0.23580851E+02
  0.24410620E+00 -0.23580804E+02
  0.25349490E+00 -0.23580756E+02
  0.26288360E+00 -0.23580708E+02
  0.27227230E+00 -0.23580660E+02
  0.28166100E+00 -0.23580612E+02
  0.29104970E+00 -0.23580564E+02
  0.30043840E+00 -0.23580515E+02
  0.30982710E+00 -0.23580466E+02
  0.31921580E+00 -0.23580417E+02
  0.32860450E+00 -0.23580369E+02
  0.33799320E+00 -0.23580321E+02
  0.34738190E+00 -0.23580275E+02
  0.35677060E+00 -0.23580229E+02
  0.36615930E+00 -0.23580185E+02
  0.37554800E+00 -0.23580142E+02
  0.38493670E+00 -0.23580101E+02
  0.39432540E+00 -0.23580060E+02
  0.40371410E+00 -0.23580021E+02
  0.41310280E+00 -0.23579983E+02
  0.42249150E+00 -0.23579946E+02
  0.43188020E+00 -0.23579911E+02
  0.44126890E+00 -0.23579877E+02
  0.45065760E+00 -0.23579846E+02
  0.46004630E+00 -0.23579817E+02
  0.46943500E+00 -0.23579791E+02
  0.47882370E+00 -0.23579768E+02
  0.48821240E+00 -0.23579747E+02
  0.49760110E+00 -0.23579729E+02
  0.50698980E+00 -0.23579714E+02
  0.51637850E+00 -0.23579700E+02
  0.52576720E+00 -0.23579689E+02
  0.53515590E+00 -0.23579679E+02
  0.54454460E+00 -0.23579670E+02
  0.55393330E+00 -0.23579662E+02
  0.56332200E+00 -0.23579655E+02
  0.57271070E+00 -0.23579650E+02
  0.58209940E+00 -0.23579646E+02
  0.59148810E+00 -0.23579645E+02
  0.60087680E+00 -0.23579645E+02
  0.61026550E+00 -0.23579646E+02
  0.61965420E+00 -0.23579650E+02
  0.62904290E+00 -0.23579655E+02
  0.63843160E+00 -0.23579660E+02
  0.64782030E+00 -0.23579667E+02
  0.65720900E+00 -0.23579674E+02
  0.66659770E+00 -0.23579681E+02
  0.67598640E+00 -0.23579689E+02
  0.68537510E+00 -0.23579696E+02
  0.69476380E+00 -0.23579703E+02
  0.70415250E+00 -0.23579710E+02
  0.71354120E+00 -0.23579717E+02
  0.72292990E+00 -0.23579725E+02
  0.73231860E+00 -0.23579733E+02
  0.74170730E+00 -0.23579741E+02
  0.75109600E+00 -0.23579749E+02
  0.76048470E+00 -0.23579758E+02
  0.76987340E+00 -0.23579765E+02
  0.77926210E+00 -0.23579772E+02
  0.78865080E+00 -0.23579777E+02
  0.79803950E+00 -0.23579782E+02
  0.80742820E+00 -0.23579784E+02
  0.81681690E+00 -0.23579786E+02
  0.82620560E+00 -0.23579786E+02
  0.83559430E+00 -0.23579784E+02
  0.84498300E+00 -0.23579781E+02
  0.85437170E+00 -0.23579776E+02
  0.86376040E+00 -0.23579771E+02
  0.87314910E+00 -0.23579766E+02
  0.88253780E+00 -0.23579760E+02
  0.89192650E+00 -0.23579753E+02
  0.90131520E+00 -0.23579747E+02
  0.91070390E+00 -0.23579740E+02
  0.92009260E+00 -0.23579733E+02
  0.92948130E+00 -0.23579724E+02
  0.93887000E+00 -0.23579716E+02
  0.94824279E+00 -0.23579733E+02
  0.95761559E+00 -0.23579749E+02
  0.96698838E+00 -0.23579765E+02
  0.97636118E+00 -0.23579779E+02
  0.98573397E+00 -0.23579793E+02
  0.99510677E+00 -0.23579804E+02
  0.10044796E+01 -0.23579815E+02
  0.10138524E+01 -0.23579823E+02
  0.10232252E+01 -0.23579829E+02
  0.10325980E+01 -0.23579833E+02
  0.10419707E+01 -0.23579835E+02
  0.10513435E+01 -0.23579835E+02
  0.10607163E+01 -0.23579834E+02
  0.10700891E+01 -0.23579832E+02
  0.10794619E+01 -0.23579829E+02
  0.10888347E+01 -0.23579824E+02
  0.10982075E+01 -0.23579819E+02
  0.11075803E+01 -0.23579813E+02
  0.11169531E+01 -0.23579807E+02
  0.11263259E+01 -0.23579799E+02
  0.11356987E+01 -0.23579791E+02
  0.11450715E+01 -0.23579782E+02
  0.11544443E+01 -0.23579773E+02
  0.11638171E+01 -0.23579762E+02
  0.11731899E+01 -0.23579752E+02
  0.11825627E+01 -0.23579740E+02
  0.11919355E+01 -0.23579728E+02
  0.12013083E+01 -0.23579716E+02
  0.12106811E+01 -0.23579703E+02
  0.12200539E+01 -0.23579689E+02
  0.12294267E+01 -0.23579674E+02
  0.12387995E+01 -0.23579658E+02
  0.12481723E+01 -0.23579641E+02
  0.12575450E+01 -0.23579623E+02
  0.12669178E+01 -0.23579604E+02
  0.12762906E+01 -0.23579584E+02
  0.12856634E+01 -0.23579563E+02
  0.12950362E+01 -0.23579541E+02
  0.13044090E+01 -0.23579519E+02
  0.13137818E+01 -0.23579497E+02
  0.13231546E+01 -0.23579474E+02
  0.13325274E+01 -0.23579450E+02
  0.13419002E+01 -0.23579424E+02
  0.13512730E+01 -0.23579397E+02
  0.13606458E+01 -0.23579367E+02
  0.13700186E+01 -0.23579334E+02
  0.13793914E+01 -0.23579298E+02
  0.13887642E+01 -0.23579260E+02
  0.13981370E+01 -0.23579220E+02
  0.14075098E+01 -0.23579179E+02
  0.14168826E+01 -0.23579137E+02
  0.14262554E+01 -0.23579096E+02
  0.14356282E+01 -0.23579055E+02
  0.14450010E+01 -0.23579015E+02
  0.14543738E+01 -0.23578976E+02
  0.14637466E+01 -0.23578938E+02
  0.14731194E+01 -0.23578900E+02
  0.14824921E+01 -0.23578863E+02
  0.14918649E+01 -0.23578824E+02
  0.15012377E+01 -0.23578784E+02
  0.15106105E+01 -0.23578742E+02
  0.15199833E+01 -0.23578698E+02
  0.15293561E+01 -0.23578653E+02
  0.15387289E+01 -0.23578608E+02
  0.15481017E+01 -0.23578562E+02
  0.15574745E+01 -0.23578518E+02
  0.15668473E+01 -0.23578475E+02
  0.15762201E+01 -0.23578435E+02
  0.15855929E+01 -0.23578399E+02
  0.15949657E+01 -0.23578365E+02
  0.16043385E+01 -0.23578334E+02
  0.16137113E+01 -0.23578305E+02
  0.16230841E+01 -0.23578278E+02
  0.16324569E+01 -0.23578252E+02
  0.16418297E+01 -0.23578226E+02
  0.16512025E+01 -0.23578200E+02
  0.16605753E+01 -0.23578174E+02
  0.16699481E+01 -0.23578152E+02
  0.16793367E+01 -0.23578254E+02
  0.16887254E+01 -0.23578359E+02
  0.16981141E+01 -0.23578465E+02
  0.17075028E+01 -0.23578571E+02
  0.17168914E+01 -0.23578677E+02
  0.17262801E+01 -0.23578783E+02
  0.17356688E+01 -0.23578890E+02
  0.17450574E+01 -0.23578997E+02
  0.17544461E+01 -0.23579106E+02
  0.17638348E+01 -0.23579215E+02
  0.17732235E+01 -0.23579325E+02
  0.17826121E+01 -0.23579435E+02
  0.17920008E+01 -0.23579545E+02
  0.18013895E+01 -0.23579654E+02
  0.18107782E+01 -0.23579762E+02
  0.18201668E+01 -0.23579869E+02
  0.18295555E+01 -0.23579973E+02
  0.18389442E+01 -0.23580076E+02
  0.18483328E+01 -0.23580176E+02
  0.18577215E+01 -0.23580274E+02
  0.18671102E+01 -0.23580370E+02
  0.18764989E+01 -0.23580464E+02
  0.18858875E+01 -0.23580556E+02
  0.18952762E+01 -0.23580646E+02
  0.19046649E+01 -0.23580733E+02
  0.19140536E+01 -0.23580818E+02
  0.19234422E+01 -0.23580900E+02
  0.19328309E+01 -0.23580978E+02
  0.19422196E+01 -0.23581052E+02
  0.19516082E+01 -0.23581121E+02
  0.19609969E+01 -0.23581185E+02
  0.19703856E+01 -0.23581244E+02
  0.19797743E+01 -0.23581298E+02
  0.19891629E+01 -0.23581347E+02
  0.19985516E+01 -0.23581391E+02
  0.20079403E+01 -0.23581430E+02
  0.20173290E+01 -0.23581464E+02
  0.20267176E+01 -0.23581495E+02
  0.20361063E+01 -0.23581521E+02
  0.20454950E+01 -0.23581545E+02
  0.20548837E+01 -0.23581564E+02
  0.20642723E+01 -0.23581581E+02
  0.20736610E+01 -0.23581594E+02
  0.20830497E+01 -0.23581604E+02
  0.20924383E+01 -0.23581611E+02
  0.21018270E+01 -0.23581614E+02
  0.21112157E+01 -0.23581614E+02
  0.21206044E+01 -0.23581612E+02
  0.21299930E+01 -0.23581606E+02
  0.21393817E+01 -0.23581598E+02
  0.21487704E+01 -0.23581590E+02
  0.21581591E+01 -0.23581579E+02
  0.21675478E+01 -0.23581565E+02
  0.21769365E+01 -0.23581547E+02
  0.21863252E+01 -0.23581527E+02
  0.21957139E+01 -0.23581504E+02
  0.22051026E+01 -0.23581480E+02
  0.22144913E+01 -0.23581455E+02
  0.22238800E+01 -0.23581429E+02
  0.22332687E+01 -0.23581404E+02
  0.22426574E+01 -0.23581378E+02
  0.22520461E+01 -0.23581352E+02
  0.22614348E+01 -0.23581325E+02
  0.22708235E+01 -0.23581297E+02
  0.22802122E+01 -0.23581267E+02
  0.22896009E+01 -0.23581235E+02
  0.22989896E+01 -0.23581201E+02
  0.23083783E+01 -0.23581164E+02
  0.23177670E+01 -0.23581124E+02
  0.23271557E+01 -0.23581082E+02
  0.23365444E+01 -0.23581038E+02
  0.23459331E+01 -0.23580992E+02
  0.23553218E+01 -0.23580946E+02
  0.23647105E+01 -0.23580899E+02
  0.23740992E+01 -0.23580851E+02
  0.23834879E+01 -0.23580804E+02
  0.23928766E+01 -0.23580756E+02
  0.24022653E+01 -0.23580708E+02
  0.24116540E+01 -0.23580660E+02
  0.24210427E+01 -0.23580612E+02
  0.24304314E+01 -0.23580564E+02
  0.24398201E+01 -0.23580515E+02
  0.24492088E+01 -0.23580466E+02
  0.24585975E+01 -0.23580417E+02
  0.24679862E+01 -0.23580369E+02
  0.24773749E+01 -0.23580321E+02
  0.24867636E+01 -0.23580275E+02
  0.24961523E+01 -0.23580229E+02
  0.25055410E+01 -0.23580185E+02
  0.25149297E+01 -0.23580142E+02
  0.25243184E+01 -0.23580101E+02
  0.25337071E+01 -0.23580060E+02
  0.25430958E+01 -0.23580021E+02
  0.25524845E+01 -0.23579983E+02
  0.25618732E+01 -0.23579946E+02
  0.25712619E+01 -0.23579911E+02
  0.25806506E+01 -0.23579877E+02
  0.25900393E+01 -0.23579846E+02
  0.25994280E+01 -0.23579817E+02
  0.26088167E+01 -0.23579791E+02
  0.26182054E+01 -0.23579768E+02
  0.26275941E+01 -0.23579747E+02
  0.26369828E+01 -0.23579729E+02
  0.26463715E+01 -0.23579714E+02
  0.26557602E+01 -0.23579700E+02
  0.26651489E+01 -0.23579689E+02
  0.26745376E+01 -0.23579679E+02
  0.26839263E+01 -0.23579670E+02
  0.26933150E+01 -0.23579662E+02
  0.27027037E+01 -0.23579655E+02
  0.27120924E+01 -0.23579650E+02
  0.27214811E+01 -0.23579646E+02
  0.27308698E+01 -0.23579645E+02
  0.27402585E+01 -0.23579645E+02
  0.27496472E+01 -0.23579646E+02
  0.27590359E+01 -0.23579650E+02
  0.27684246E+01 -0.23579655E+02
  0.27778133E+01 -0.23579660E+02
  0.27872020E+01 -0.23579667E+02
  0.27965907E+01 -0.23579674E+02
  0.28059794E+01 -0.23579681E+02
  0.28153681E+01 -0.23579689E+02
  0.28247568E+01 -0.23579696E+02
  0.28341455E+01 -0.23579703E+02
  0.28435342E+01 -0.23579710E+02
  0.28529229E+01 -0.23579717E+02
  0.28623116E+01 -0.23579725E+02
  0.28717003E+01 -0.23579733E+02
  0.28810890E+01 -0.23579741E+02
  0.28904777E+01 -0.23579749E+02
  0.28998664E+01 -0.23579758E+02
  0.29092551E+01 -0.23579765E+02
  0.29186438E+01 -0.23579772E+02
  0.29280325E+01 -0.23579777E+02
  0.29374212E+01 -0.23579782E+02
  0.29468099E+01 -0.23579784E+02
  0.29561986E+01 -0.23579786E+02
  0.29655873E+01 -0.23579786E+02
  0.29749760E+01 -0.23579784E+02
  0.29843647E+01 -0.23579781E+02
  0.29937534E+01 -0.23579776E+02
  0.30031421E+01 -0.23579771E+02
  0.30125308E+01 -0.23579766E+02
  0.30219195E+01 -0.23579760E+02
  0.30313082E+01 -0.23579753E+02
  0.30406969E+01 -0.23579747E+02
  0.30500856E+01 -0.23579740E+02
  0.30594743E+01 -0.23579733E+02
  0.30688630E+01 -0.23579724E+02
  0.30782517E+01 -0.23579716E+02
  
  0.00000000E+00 -0.23575020E+02
  0.93887000E-02 -0.23575017E+02
  0.18777400E-01 -0.23575016E+02
  0.28166100E-01 -0.23575017E+02
  0.37554800E-01 -0.23575019E+02
  0.46943500E-01 -0.23575024E+02
  0.56332200E-01 -0.23575032E+02
  0.65720900E-01 -0.23575043E+02
  0.75109600E-01 -0.23575059E+02
  0.84498300E-01 -0.23575080E+02
  0.93887000E-01 -0.23575104E+02
  0.10327570E+00 -0.23575133E+02
  0.11266440E+00 -0.23575165E+02
  0.12205310E+00 -0.23575201E+02
  0.13144180E+00 -0.23575239E+02
  0.14083050E+00 -0.23575279E+02
  0.15021920E+00 -0.23575321E+02
  0.15960790E+00 -0.23575364E+02
  0.16899660E+00 -0.23575411E+02
  0.17838530E+00 -0.23575459E+02
  0.18777400E+00 -0.23575511E+02
  0.19716270E+00 -0.23575566E+02
  0.20655140E+00 -0.23575626E+02
  0.21594010E+00 -0.23575689E+02
  0.22532880E+00 -0.23575756E+02
  0.23471750E+00 -0.23575826E+02
  0.24410620E+00 -0.23575900E+02
  0.25349490E+00 -0.23575977E+02
  0.26288360E+00 -0.23576055E+02
  0.27227230E+00 -0.23576135E+02
  0.28166100E+00 -0.23576216E+02
  0.29104970E+00 -0.23576297E+02
  0.30043840E+00 -0.23576379E+02
  0.30982710E+00 -0.23576460E+02
  0.31921580E+00 -0.23576542E+02
  0.32860450E+00 -0.23576624E+02
  0.33799320E+00 -0.23576706E+02
  0.34738190E+00 -0.23576788E+02
  0.35677060E+00 -0.23576870E+02
  0.36615930E+00 -0.23576951E+02
  0.37554800E+00 -0.23577032E+02
  0.38493670E+00 -0.23577111E+02
  0.39432540E+00 -0.23577190E+02
  0.40371410E+00 -0.23577267E+02
  0.41310280E+00 -0.23577342E+02
  0.42249150E+00 -0.23577417E+02
  0.43188020E+00 -0.23577491E+02
  0.44126890E+00 -0.23577564E+02
  0.45065760E+00 -0.23577637E+02
  0.46004630E+00 -0.23577710E+02
  0.46943500E+00 -0.23577783E+02
  0.47882370E+00 -0.23577856E+02
  0.48821240E+00 -0.23577928E+02
  0.49760110E+00 -0.23578000E+02
  0.50698980E+00 -0.23578072E+02
  0.51637850E+00 -0.23578142E+02
  0.52576720E+00 -0.23578211E+02
  0.53515590E+00 -0.23578278E+02
  0.54454460E+00 -0.23578343E+02
  0.55393330E+00 -0.23578406E+02
  0.56332200E+00 -0.23578467E+02
  0.57271070E+00 -0.23578526E+02
  0.58209940E+00 -0.23578583E+02
  0.59148810E+00 -0.23578638E+02
  0.60087680E+00 -0.23578691E+02
  0.61026550E+00 -0.23578743E+02
  0.61965420E+00 -0.23578794E+02
  0.62904290E+00 -0.23578843E+02
  0.63843160E+00 -0.23578891E+02
  0.64782030E+00 -0.23578937E+02
  0.65720900E+00 -0.23578981E+02
  0.66659770E+00 -0.23579023E+02
  0.67598640E+00 -0.23579064E+02
  0.68537510E+00 -0.23579103E+02
  0.69476380E+00 -0.23579140E+02
  0.70415250E+00 -0.23579177E+02
  0.71354120E+00 -0.23579212E+02
  0.72292990E+00 -0.23579247E+02
  0.73231860E+00 -0.23579281E+02
  0.74170730E+00 -0.23579315E+02
  0.75109600E+00 -0.23579349E+02
  0.76048470E+00 -0.23579382E+02
  0.76987340E+00 -0.23579414E+02
  0.77926210E+00 -0.23579445E+02
  0.78865080E+00 -0.23579474E+02
  0.79803950E+00 -0.23579500E+02
  0.80742820E+00 -0.23579525E+02
  0.81681690E+00 -0.23579546E+02
  0.82620560E+00 -0.23579565E+02
  0.83559430E+00 -0.23579582E+02
  0.84498300E+00 -0.23579597E+02
  0.85437170E+00 -0.23579612E+02
  0.86376040E+00 -0.23579625E+02
  0.87314910E+00 -0.23579637E+02
  0.88253780E+00 -0.23579650E+02
  0.89192650E+00 -0.23579661E+02
  0.90131520E+00 -0.23579673E+02
  0.91070390E+00 -0.23579684E+02
  0.92009260E+00 -0.23579695E+02
  0.92948130E+00 -0.23579705E+02
  0.93887000E+00 -0.23579714E+02
  0.94824279E+00 -0.23579697E+02
  0.95761559E+00 -0.23579677E+02
  0.96698838E+00 -0.23579656E+02
  0.97636118E+00 -0.23579633E+02
  0.98573397E+00 -0.23579607E+02
  0.99510677E+00 -0.23579579E+02
  0.10044796E+01 -0.23579549E+02
  0.10138524E+01 -0.23579517E+02
  0.10232252E+01 -0.23579483E+02
  0.10325980E+01 -0.23579448E+02
  0.10419707E+01 -0.23579411E+02
  0.10513435E+01 -0.23579375E+02
  0.10607163E+01 -0.23579338E+02
  0.10700891E+01 -0.23579302E+02
  0.10794619E+01 -0.23579265E+02
  0.10888347E+01 -0.23579230E+02
  0.10982075E+01 -0.23579194E+02
  0.11075803E+01 -0.23579157E+02
  0.11169531E+01 -0.23579121E+02
  0.11263259E+01 -0.23579083E+02
  0.11356987E+01 -0.23579045E+02
  0.11450715E+01 -0.23579005E+02
  0.11544443E+01 -0.23578965E+02
  0.11638171E+01 -0.23578924E+02
  0.11731899E+01 -0.23578884E+02
  0.11825627E+01 -0.23578843E+02
  0.11919355E+01 -0.23578804E+02
  0.12013083E+01 -0.23578767E+02
  0.12106811E+01 -0.23578731E+02
  0.12200539E+01 -0.23578698E+02
  0.12294267E+01 -0.23578666E+02
  0.12387995E+01 -0.23578637E+02
  0.12481723E+01 -0.23578609E+02
  0.12575450E+01 -0.23578581E+02
  0.12669178E+01 -0.23578554E+02
  0.12762906E+01 -0.23578526E+02
  0.12856634E+01 -0.23578497E+02
  0.12950362E+01 -0.23578467E+02
  0.13044090E+01 -0.23578435E+02
  0.13137818E+01 -0.23578403E+02
  0.13231546E+01 -0.23578370E+02
  0.13325274E+01 -0.23578337E+02
  0.13419002E+01 -0.23578304E+02
  0.13512730E+01 -0.23578273E+02
  0.13606458E+01 -0.23578243E+02
  0.13700186E+01 -0.23578215E+02
  0.13793914E+01 -0.23578188E+02
  0.13887642E+01 -0.23578163E+02
  0.13981370E+01 -0.23578140E+02
  0.14075098E+01 -0.23578117E+02
  0.14168826E+01 -0.23578095E+02
  0.14262554E+01 -0.23578074E+02
  0.14356282E+01 -0.23578052E+02
  0.14450010E+01 -0.23578031E+02
  0.14543738E+01 -0.23578010E+02
  0.14637466E+01 -0.23577991E+02
  0.14731194E+01 -0.23577973E+02
  0.14824921E+01 -0.23577957E+02
  0.14918649E+01 -0.23577943E+02
  0.15012377E+01 -0.23577932E+02
  0.15106105E+01 -0.23577924E+02
  0.15199833E+01 -0.23577919E+02
  0.15293561E+01 -0.23577917E+02
  0.15387289E+01 -0.23577917E+02
  0.15481017E+01 -0.23577920E+02
  0.15574745E+01 -0.23577924E+02
  0.15668473E+01 -0.23577931E+02
  0.15762201E+01 -0.23577939E+02
  0.15855929E+01 -0.23577950E+02
  0.15949657E+01 -0.23577964E+02
  0.16043385E+01 -0.23577980E+02
  0.16137113E+01 -0.23577998E+02
  0.16230841E+01 -0.23578020E+02
  0.16324569E+01 -0.23578043E+02
  0.16418297E+01 -0.23578069E+02
  0.16512025E+01 -0.23578096E+02
  0.16605753E+01 -0.23578123E+02
  0.16699481E+01 -0.23578145E+02
  0.16793367E+01 -0.23578043E+02
  0.16887254E+01 -0.23577937E+02
  0.16981141E+01 -0.23577831E+02
  0.17075028E+01 -0.23577726E+02
  0.17168914E+01 -0.23577622E+02
  0.17262801E+01 -0.23577519E+02
  0.17356688E+01 -0.23577418E+02
  0.17450574E+01 -0.23577318E+02
  0.17544461E+01 -0.23577221E+02
  0.17638348E+01 -0.23577125E+02
  0.17732235E+01 -0.23577032E+02
  0.17826121E+01 -0.23576941E+02
  0.17920008E+01 -0.23576851E+02
  0.18013895E+01 -0.23576764E+02
  0.18107782E+01 -0.23576678E+02
  0.18201668E+01 -0.23576594E+02
  0.18295555E+01 -0.23576512E+02
  0.18389442E+01 -0.23576432E+02
  0.18483328E+01 -0.23576353E+02
  0.18577215E+01 -0.23576276E+02
  0.18671102E+01 -0.23576201E+02
  0.18764989E+01 -0.23576128E+02
  0.18858875E+01 -0.23576058E+02
  0.18952762E+01 -0.23575989E+02
  0.19046649E+01 -0.23575923E+02
  0.19140536E+01 -0.23575859E+02
  0.19234422E+01 -0.23575798E+02
  0.19328309E+01 -0.23575739E+02
  0.19422196E+01 -0.23575682E+02
  0.19516082E+01 -0.23575628E+02
  0.19609969E+01 -0.23575576E+02
  0.19703856E+01 -0.23575526E+02
  0.19797743E+01 -0.23575479E+02
  0.19891629E+01 -0.23575433E+02
  0.19985516E+01 -0.23575389E+02
  0.20079403E+01 -0.23575347E+02
  0.20173290E+01 -0.23575307E+02
  0.20267176E+01 -0.23575270E+02
  0.20361063E+01 -0.23575234E+02
  0.20454950E+01 -0.23575201E+02
  0.20548837E+01 -0.23575170E+02
  0.20642723E+01 -0.23575142E+02
  0.20736610E+01 -0.23575117E+02
  0.20830497E+01 -0.23575094E+02
  0.20924383E+01 -0.23575075E+02
  0.21018270E+01 -0.23575059E+02
  0.21112157E+01 -0.23575045E+02
  0.21206044E+01 -0.23575034E+02
  0.21299930E+01 -0.23575026E+02
  0.21393817E+01 -0.23575020E+02
  0.21487704E+01 -0.23575017E+02
  0.21581591E+01 -0.23575016E+02
  0.21675478E+01 -0.23575017E+02
  0.21769365E+01 -0.23575019E+02
  0.21863252E+01 -0.23575024E+02
  0.21957139E+01 -0.23575032E+02
  0.22051026E+01 -0.23575043E+02
  0.22144913E+01 -0.23575059E+02
  0.22238800E+01 -0.23575080E+02
  0.22332687E+01 -0.23575104E+02
  0.22426574E+01 -0.23575133E+02
  0.22520461E+01 -0.23575165E+02
  0.22614348E+01 -0.23575201E+02
  0.22708235E+01 -0.23575239E+02
  0.22802122E+01 -0.23575279E+02
  0.22896009E+01 -0.23575321E+02
  0.22989896E+01 -0.23575364E+02
  0.23083783E+01 -0.23575411E+02
  0.23177670E+01 -0.23575459E+02
  0.23271557E+01 -0.23575511E+02
  0.23365444E+01 -0.23575566E+02
  0.23459331E+01 -0.23575626E+02
  0.23553218E+01 -0.23575689E+02
  0.23647105E+01 -0.23575756E+02
  0.23740992E+01 -0.23575826E+02
  0.23834879E+01 -0.23575900E+02
  0.23928766E+01 -0.23575977E+02
  0.24022653E+01 -0.23576055E+02
  0.24116540E+01 -0.23576135E+02
  0.24210427E+01 -0.23576216E+02
  0.24304314E+01 -0.23576297E+02
  0.24398201E+01 -0.23576379E+02
  0.24492088E+01 -0.23576460E+02
  0.24585975E+01 -0.23576542E+02
  0.24679862E+01 -0.23576624E+02
  0.24773749E+01 -0.23576706E+02
  0.24867636E+01 -0.23576788E+02
  0.24961523E+01 -0.23576870E+02
  0.25055410E+01 -0.23576951E+02
  0.25149297E+01 -0.23577032E+02
  0.25243184E+01 -0.23577111E+02
  0.25337071E+01 -0.23577190E+02
  0.25430958E+01 -0.23577267E+02
  0.25524845E+01 -0.23577342E+02
  0.25618732E+01 -0.23577417E+02
  0.25712619E+01 -0.23577491E+02
  0.25806506E+01 -0.23577564E+02
  0.25900393E+01 -0.23577637E+02
  0.25994280E+01 -0.23577710E+02
  0.26088167E+01 -0.23577783E+02
  0.26182054E+01 -0.23577856E+02
  0.26275941E+01 -0.23577928E+02
  0.26369828E+01 -0.23578000E+02
  0.26463715E+01 -0.23578072E+02
  0.26557602E+01 -0.23578142E+02
  0.26651489E+01 -0.23578211E+02
  0.26745376E+01 -0.23578278E+02
  0.26839263E+01 -0.23578343E+02
  0.26933150E+01 -0.23578406E+02
  0.27027037E+01 -0.23578467E+02
  0.27120924E+01 -0.23578526E+02
  0.27214811E+01 -0.23578583E+02
  0.27308698E+01 -0.23578638E+02
  0.27402585E+01 -0.23578691E+02
  0.27496472E+01 -0.23578743E+02
  0.27590359E+01 -0.23578794E+02
  0.27684246E+01 -0.23578843E+02
  0.27778133E+01 -0.23578891E+02
  0.27872020E+01 -0.23578937E+02
  0.27965907E+01 -0.23578981E+02
  0.28059794E+01 -0.23579023E+02
  0.28153681E+01 -0.23579064E+02
  0.28247568E+01 -0.23579103E+02
  0.28341455E+01 -0.23579140E+02
  0.28435342E+01 -0.23579177E+02
  0.28529229E+01 -0.23579212E+02
  0.28623116E+01 -0.23579247E+02
  0.28717003E+01 -0.23579281E+02
  0.28810890E+01 -0.23579315E+02
  0.28904777E+01 -0.23579349E+02
  0.28998664E+01 -0.23579382E+02
  0.29092551E+01 -0.23579414E+02
  0.29186438E+01 -0.23579445E+02
  0.29280325E+01 -0.23579474E+02
  0.29374212E+01 -0.23579500E+02
  0.29468099E+01 -0.23579525E+02
  0.29561986E+01 -0.23579546E+02
  0.29655873E+01 -0.23579565E+02
  0.29749760E+01 -0.23579582E+02
  0.29843647E+01 -0.23579597E+02
  0.29937534E+01 -0.23579612E+02
  0.30031421E+01 -0.23579625E+02
  0.30125308E+01 -0.23579637E+02
  0.30219195E+01 -0.23579650E+02
  0.30313082E+01 -0.23579661E+02
  0.30406969E+01 -0.23579673E+02
  0.30500856E+01 -0.23579684E+02
  0.30594743E+01 -0.23579695E+02
  0.30688630E+01 -0.23579705E+02
  0.30782517E+01 -0.23579714E+02
  
  0.00000000E+00 -0.23561440E+02
  0.93887000E-02 -0.23561428E+02
  0.18777400E-01 -0.23561415E+02
  0.28166100E-01 -0.23561401E+02
  0.37554800E-01 -0.23561387E+02
  0.46943500E-01 -0.23561372E+02
  0.56332200E-01 -0.23561356E+02
  0.65720900E-01 -0.23561339E+02
  0.75109600E-01 -0.23561320E+02
  0.84498300E-01 -0.23561301E+02
  0.93887000E-01 -0.23561280E+02
  0.10327570E+00 -0.23561257E+02
  0.11266440E+00 -0.23561232E+02
  0.12205310E+00 -0.23561205E+02
  0.13144180E+00 -0.23561176E+02
  0.14083050E+00 -0.23561144E+02
  0.15021920E+00 -0.23561110E+02
  0.15960790E+00 -0.23561074E+02
  0.16899660E+00 -0.23561036E+02
  0.17838530E+00 -0.23560996E+02
  0.18777400E+00 -0.23560955E+02
  0.19716270E+00 -0.23560913E+02
  0.20655140E+00 -0.23560870E+02
  0.21594010E+00 -0.23560827E+02
  0.22532880E+00 -0.23560783E+02
  0.23471750E+00 -0.23560738E+02
  0.24410620E+00 -0.23560693E+02
  0.25349490E+00 -0.23560647E+02
  0.26288360E+00 -0.23560599E+02
  0.27227230E+00 -0.23560551E+02
  0.28166100E+00 -0.23560502E+02
  0.29104970E+00 -0.23560451E+02
  0.30043840E+00 -0.23560399E+02
  0.30982710E+00 -0.23560348E+02
  0.31921580E+00 -0.23560296E+02
  0.32860450E+00 -0.23560245E+02
  0.33799320E+00 -0.23560195E+02
  0.34738190E+00 -0.23560147E+02
  0.35677060E+00 -0.23560101E+02
  0.36615930E+00 -0.23560058E+02
  0.37554800E+00 -0.23560017E+02
  0.38493670E+00 -0.23559978E+02
  0.39432540E+00 -0.23559942E+02
  0.40371410E+00 -0.23559907E+02
  0.41310280E+00 -0.23559873E+02
  0.42249150E+00 -0.23559841E+02
  0.43188020E+00 -0.23559811E+02
  0.44126890E+00 -0.23559784E+02
  0.45065760E+00 -0.23559759E+02
  0.46004630E+00 -0.23559739E+02
  0.46943500E+00 -0.23559725E+02
  0.47882370E+00 -0.23559718E+02
  0.48821240E+00 -0.23559719E+02
  0.49760110E+00 -0.23559729E+02
  0.50698980E+00 -0.23559747E+02
  0.51637850E+00 -0.23559773E+02
  0.52576720E+00 -0.23559805E+02
  0.53515590E+00 -0.23559842E+02
  0.54454460E+00 -0.23559883E+02
  0.55393330E+00 -0.23559926E+02
  0.56332200E+00 -0.23559969E+02
  0.57271070E+00 -0.23560012E+02
  0.58209940E+00 -0.23560053E+02
  0.59148810E+00 -0.23560092E+02
  0.60087680E+00 -0.23560127E+02
  0.61026550E+00 -0.23560159E+02
  0.61965420E+00 -0.23560186E+02
  0.62904290E+00 -0.23560209E+02
  0.63843160E+00 -0.23560228E+02
  0.64782030E+00 -0.23560243E+02
  0.65720900E+00 -0.23560253E+02
  0.66659770E+00 -0.23560259E+02
  0.67598640E+00 -0.23560262E+02
  0.68537510E+00 -0.23560263E+02
  0.69476380E+00 -0.23560260E+02
  0.70415250E+00 -0.23560255E+02
  0.71354120E+00 -0.23560247E+02
  0.72292990E+00 -0.23560237E+02
  0.73231860E+00 -0.23560224E+02
  0.74170730E+00 -0.23560209E+02
  0.75109600E+00 -0.23560191E+02
  0.76048470E+00 -0.23560170E+02
  0.76987340E+00 -0.23560146E+02
  0.77926210E+00 -0.23560118E+02
  0.78865080E+00 -0.23560088E+02
  0.79803950E+00 -0.23560055E+02
  0.80742820E+00 -0.23560018E+02
  0.81681690E+00 -0.23559980E+02
  0.82620560E+00 -0.23559938E+02
  0.83559430E+00 -0.23559895E+02
  0.84498300E+00 -0.23559850E+02
  0.85437170E+00 -0.23559804E+02
  0.86376040E+00 -0.23559756E+02
  0.87314910E+00 -0.23559707E+02
  0.88253780E+00 -0.23559658E+02
  0.89192650E+00 -0.23559608E+02
  0.90131520E+00 -0.23559558E+02
  0.91070390E+00 -0.23559508E+02
  0.92009260E+00 -0.23559459E+02
  0.92948130E+00 -0.23559411E+02
  0.93887000E+00 -0.23559365E+02
  0.94824279E+00 -0.23559454E+02
  0.95761559E+00 -0.23559543E+02
  0.96698838E+00 -0.23559630E+02
  0.97636118E+00 -0.23559716E+02
  0.98573397E+00 -0.23559801E+02
  0.99510677E+00 -0.23559883E+02
  0.10044796E+01 -0.23559963E+02
  0.10138524E+01 -0.23560040E+02
  0.10232252E+01 -0.23560116E+02
  0.10325980E+01 -0.23560188E+02
  0.10419707E+01 -0.23560258E+02
  0.10513435E+01 -0.23560325E+02
  0.10607163E+01 -0.23560388E+02
  0.10700891E+01 -0.23560448E+02
  0.10794619E+01 -0.23560505E+02
  0.10888347E+01 -0.23560558E+02
  0.10982075E+01 -0.23560608E+02
  0.11075803E+01 -0.23560654E+02
  0.11169531E+01 -0.23560697E+02
  0.11263259E+01 -0.23560736E+02
  0.11356987E+01 -0.23560772E+02
  0.11450715E+01 -0.23560804E+02
  0.11544443E+01 -0.23560833E+02
  0.11638171E+01 -0.23560858E+02
  0.11731899E+01 -0.23560881E+02
  0.11825627E+01 -0.23560899E+02
  0.11919355E+01 -0.23560915E+02
  0.12013083E+01 -0.23560926E+02
  0.12106811E+01 -0.23560934E+02
  0.12200539E+01 -0.23560938E+02
  0.12294267E+01 -0.23560937E+02
  0.12387995E+01 -0.23560933E+02
  0.12481723E+01 -0.23560925E+02
  0.12575450E+01 -0.23560914E+02
  0.12669178E+01 -0.23560898E+02
  0.12762906E+01 -0.23560879E+02
  0.12856634E+01 -0.23560855E+02
  0.12950362E+01 -0.23560829E+02
  0.13044090E+01 -0.23560798E+02
  0.13137818E+01 -0.23560763E+02
  0.13231546E+01 -0.23560725E+02
  0.13325274E+01 -0.23560683E+02
  0.13419002E+01 -0.23560637E+02
  0.13512730E+01 -0.23560588E+02
  0.13606458E+01 -0.23560536E+02
  0.13700186E+01 -0.23560481E+02
  0.13793914E+01 -0.23560423E+02
  0.13887642E+01 -0.23560364E+02
  0.13981370E+01 -0.23560303E+02
  0.14075098E+01 -0.23560241E+02
  0.14168826E+01 -0.23560179E+02
  0.14262554E+01 -0.23560115E+02
  0.14356282E+01 -0.23560051E+02
  0.14450010E+01 -0.23559986E+02
  0.14543738E+01 -0.23559919E+02
  0.14637466E+01 -0.23559850E+02
  0.14731194E+01 -0.23559780E+02
  0.14824921E+01 -0.23559707E+02
  0.14918649E+01 -0.23559632E+02
  0.15012377E+01 -0.23559554E+02
  0.15106105E+01 -0.23559475E+02
  0.15199833E+01 -0.23559394E+02
  0.15293561E+01 -0.23559311E+02
  0.15387289E+01 -0.23559228E+02
  0.15481017E+01 -0.23559144E+02
  0.15574745E+01 -0.23559061E+02
  0.15668473E+01 -0.23558977E+02
  0.15762201E+01 -0.23558893E+02
  0.15855929E+01 -0.23558810E+02
  0.15949657E+01 -0.23558726E+02
  0.16043385E+01 -0.23558643E+02
  0.16137113E+01 -0.23558560E+02
  0.16230841E+01 -0.23558477E+02
  0.16324569E+01 -0.23558393E+02
  0.16418297E+01 -0.23558311E+02
  0.16512025E+01 -0.23558229E+02
  0.16605753E+01 -0.23558148E+02
  0.16699481E+01 -0.23558070E+02
  0.16793367E+01 -0.23558215E+02
  0.16887254E+01 -0.23558359E+02
  0.16981141E+01 -0.23558501E+02
  0.17075028E+01 -0.23558642E+02
  0.17168914E+01 -0.23558783E+02
  0.17262801E+01 -0.23558923E+02
  0.17356688E+01 -0.23559061E+02
  0.17450574E+01 -0.23559198E+02
  0.17544461E+01 -0.23559332E+02
  0.17638348E+01 -0.23559462E+02
  0.17732235E+01 -0.23559588E+02
  0.17826121E+01 -0.23559710E+02
  0.17920008E+01 -0.23559827E+02
  0.18013895E+01 -0.23559939E+02
  0.18107782E+01 -0.23560047E+02
  0.18201668E+01 -0.23560151E+02
  0.18295555E+01 -0.23560252E+02
  0.18389442E+01 -0.23560351E+02
  0.18483328E+01 -0.23560448E+02
  0.18577215E+01 -0.23560543E+02
  0.18671102E+01 -0.23560636E+02
  0.18764989E+01 -0.23560727E+02
  0.18858875E+01 -0.23560814E+02
  0.18952762E+01 -0.23560898E+02
  0.19046649E+01 -0.23560978E+02
  0.19140536E+01 -0.23561051E+02
  0.19234422E+01 -0.23561118E+02
  0.19328309E+01 -0.23561179E+02
  0.19422196E+01 -0.23561233E+02
  0.19516082E+01 -0.23561281E+02
  0.19609969E+01 -0.23561323E+02
  0.19703856E+01 -0.23561359E+02
  0.19797743E+01 -0.23561391E+02
  0.19891629E+01 -0.23561419E+02
  0.19985516E+01 -0.23561443E+02
  0.20079403E+01 -0.23561464E+02
  0.20173290E+01 -0.23561482E+02
  0.20267176E+01 -0.23561496E+02
  0.20361063E+01 -0.23561508E+02
  0.20454950E+01 -0.23561515E+02
  0.20548837E+01 -0.23561520E+02
  0.20642723E+01 -0.23561520E+02
  0.20736610E+01 -0.23561517E+02
  0.20830497E+01 -0.23561511E+02
  0.20924383E+01 -0.23561503E+02
  0.21018270E+01 -0.23561492E+02
  0.21112157E+01 -0.23561480E+02
  0.21206044E+01 -0.23561467E+02
  0.21299930E+01 -0.23561454E+02
  0.21393817E+01 -0.23561440E+02
  0.21487704E+01 -0.23561428E+02
  0.21581591E+01 -0.23561415E+02
  0.21675478E+01 -0.23561401E+02
  0.21769365E+01 -0.23561387E+02
  0.21863252E+01 -0.23561372E+02
  0.21957139E+01 -0.23561356E+02
  0.22051026E+01 -0.23561339E+02
  0.22144913E+01 -0.23561320E+02
  0.22238800E+01 -0.23561301E+02
  0.22332687E+01 -0.23561280E+02
  0.22426574E+01 -0.23561257E+02
  0.22520461E+01 -0.23561232E+02
  0.22614348E+01 -0.23561205E+02
  0.22708235E+01 -0.23561176E+02
  0.22802122E+01 -0.23561144E+02
  0.22896009E+01 -0.23561110E+02
  0.22989896E+01 -0.23561074E+02
  0.23083783E+01 -0.23561036E+02
  0.23177670E+01 -0.23560996E+02
  0.23271557E+01 -0.23560955E+02
  0.23365444E+01 -0.23560913E+02
  0.23459331E+01 -0.23560870E+02
  0.23553218E+01 -0.23560827E+02
  0.23647105E+01 -0.23560783E+02
  0.23740992E+01 -0.23560738E+02
  0.23834879E+01 -0.23560693E+02
  0.23928766E+01 -0.23560647E+02
  0.24022653E+01 -0.23560599E+02
  0.24116540E+01 -0.23560551E+02
  0.24210427E+01 -0.23560502E+02
  0.24304314E+01 -0.23560451E+02
  0.24398201E+01 -0.23560399E+02
  0.24492088E+01 -0.23560348E+02
  0.24585975E+01 -0.23560296E+02
  0.24679862E+01 -0.23560245E+02
  0.24773749E+01 -0.23560195E+02
  0.24867636E+01 -0.23560147E+02
  0.24961523E+01 -0.23560101E+02
  0.25055410E+01 -0.23560058E+02
  0.25149297E+01 -0.23560017E+02
  0.25243184E+01 -0.23559978E+02
  0.25337071E+01 -0.23559942E+02
  0.25430958E+01 -0.23559907E+02
  0.25524845E+01 -0.23559873E+02
  0.25618732E+01 -0.23559841E+02
  0.25712619E+01 -0.23559811E+02
  0.25806506E+01 -0.23559784E+02
  0.25900393E+01 -0.23559759E+02
  0.25994280E+01 -0.23559739E+02
  0.26088167E+01 -0.23559725E+02
  0.26182054E+01 -0.23559718E+02
  0.26275941E+01 -0.23559719E+02
  0.26369828E+01 -0.23559729E+02
  0.26463715E+01 -0.23559747E+02
  0.26557602E+01 -0.23559773E+02
  0.26651489E+01 -0.23559805E+02
  0.26745376E+01 -0.23559842E+02
  0.26839263E+01 -0.23559883E+02
  0.26933150E+01 -0.23559926E+02
  0.27027037E+01 -0.23559969E+02
  0.27120924E+01 -0.23560012E+02
  0.27214811E+01 -0.23560053E+02
  0.27308698E+01 -0.23560092E+02
  0.27402585E+01 -0.23560127E+02
  0.27496472E+01 -0.23560159E+02
  0.27590359E+01 -0.23560186E+02
  0.27684246E+01 -0.23560209E+02
  0.27778133E+01 -0.23560228E+02
  0.27872020E+01 -0.23560243E+02
  0.27965907E+01 -0.23560253E+02
  0.28059794E+01 -0.23560259E+02
  0.28153681E+01 -0.23560262E+02
  0.28247568E+01 -0.23560263E+02
  0.28341455E+01 -0.23560260E+02
  0.28435342E+01 -0.23560255E+02
  0.28529229E+01 -0.23560247E+02
  0.28623116E+01 -0.23560237E+02
  0.28717003E+01 -0.23560224E+02
  0.28810890E+01 -0.23560209E+02
  0.28904777E+01 -0.23560191E+02
  0.28998664E+01 -0.23560170E+02
  0.29092551E+01 -0.23560146E+02
  0.29186438E+01 -0.23560118E+02
  0.29280325E+01 -0.23560088E+02
  0.29374212E+01 -0.23560055E+02
  0.29468099E+01 -0.23560018E+02
  0.29561986E+01 -0.23559980E+02
  0.29655873E+01 -0.23559938E+02
  0.29749760E+01 -0.23559895E+02
  0.29843647E+01 -0.23559850E+02
  0.29937534E+01 -0.23559804E+02
  0.30031421E+01 -0.23559756E+02
  0.30125308E+01 -0.23559707E+02
  0.30219195E+01 -0.23559658E+02
  0.30313082E+01 -0.23559608E+02
  0.30406969E+01 -0.23559558E+02
  0.30500856E+01 -0.23559508E+02
  0.30594743E+01 -0.23559459E+02
  0.30688630E+01 -0.23559411E+02
  0.30782517E+01 -0.23559365E+02
  
  0.00000000E+00 -0.23552834E+02
  0.93887000E-02 -0.23552861E+02
  0.18777400E-01 -0.23552896E+02
  0.28166100E-01 -0.23552939E+02
  0.37554800E-01 -0.23552988E+02
  0.46943500E-01 -0.23553045E+02
  0.56332200E-01 -0.23553107E+02
  0.65720900E-01 -0.23553176E+02
  0.75109600E-01 -0.23553249E+02
  0.84498300E-01 -0.23553329E+02
  0.93887000E-01 -0.23553413E+02
  0.10327570E+00 -0.23553503E+02
  0.11266440E+00 -0.23553599E+02
  0.12205310E+00 -0.23553700E+02
  0.13144180E+00 -0.23553807E+02
  0.14083050E+00 -0.23553920E+02
  0.15021920E+00 -0.23554040E+02
  0.15960790E+00 -0.23554165E+02
  0.16899660E+00 -0.23554295E+02
  0.17838530E+00 -0.23554430E+02
  0.18777400E+00 -0.23554568E+02
  0.19716270E+00 -0.23554710E+02
  0.20655140E+00 -0.23554853E+02
  0.21594010E+00 -0.23554998E+02
  0.22532880E+00 -0.23555143E+02
  0.23471750E+00 -0.23555289E+02
  0.24410620E+00 -0.23555435E+02
  0.25349490E+00 -0.23555580E+02
  0.26288360E+00 -0.23555725E+02
  0.27227230E+00 -0.23555870E+02
  0.28166100E+00 -0.23556014E+02
  0.29104970E+00 -0.23556159E+02
  0.30043840E+00 -0.23556303E+02
  0.30982710E+00 -0.23556446E+02
  0.31921580E+00 -0.23556589E+02
  0.32860450E+00 -0.23556730E+02
  0.33799320E+00 -0.23556870E+02
  0.34738190E+00 -0.23557007E+02
  0.35677060E+00 -0.23557142E+02
  0.36615930E+00 -0.23557274E+02
  0.37554800E+00 -0.23557403E+02
  0.38493670E+00 -0.23557529E+02
  0.39432540E+00 -0.23557651E+02
  0.40371410E+00 -0.23557770E+02
  0.41310280E+00 -0.23557884E+02
  0.42249150E+00 -0.23557995E+02
  0.43188020E+00 -0.23558100E+02
  0.44126890E+00 -0.23558200E+02
  0.45065760E+00 -0.23558293E+02
  0.46004630E+00 -0.23558379E+02
  0.46943500E+00 -0.23558456E+02
  0.47882370E+00 -0.23558524E+02
  0.48821240E+00 -0.23558581E+02
  0.49760110E+00 -0.23558629E+02
  0.50698980E+00 -0.23558667E+02
  0.51637850E+00 -0.23558696E+02
  0.52576720E+00 -0.23558716E+02
  0.53515590E+00 -0.23558731E+02
  0.54454460E+00 -0.23558739E+02
  0.55393330E+00 -0.23558742E+02
  0.56332200E+00 -0.23558741E+02
  0.57271070E+00 -0.23558736E+02
  0.58209940E+00 -0.23558727E+02
  0.59148810E+00 -0.23558716E+02
  0.60087680E+00 -0.23558704E+02
  0.61026550E+00 -0.23558690E+02
  0.61965420E+00 -0.23558676E+02
  0.62904290E+00 -0.23558664E+02
  0.63843160E+00 -0.23558652E+02
  0.64782030E+00 -0.23558644E+02
  0.65720900E+00 -0.23558638E+02
  0.66659770E+00 -0.23558635E+02
  0.67598640E+00 -0.23558635E+02
  0.68537510E+00 -0.23558638E+02
  0.69476380E+00 -0.23558643E+02
  0.70415250E+00 -0.23558651E+02
  0.71354120E+00 -0.23558660E+02
  0.72292990E+00 -0.23558671E+02
  0.73231860E+00 -0.23558683E+02
  0.74170730E+00 -0.23558697E+02
  0.75109600E+00 -0.23558713E+02
  0.76048470E+00 -0.23558730E+02
  0.76987340E+00 -0.23558749E+02
  0.77926210E+00 -0.23558771E+02
  0.78865080E+00 -0.23558795E+02
  0.79803950E+00 -0.23558821E+02
  0.80742820E+00 -0.23558850E+02
  0.81681690E+00 -0.23558880E+02
  0.82620560E+00 -0.23558912E+02
  0.83559430E+00 -0.23558944E+02
  0.84498300E+00 -0.23558978E+02
  0.85437170E+00 -0.23559012E+02
  0.86376040E+00 -0.23559047E+02
  0.87314910E+00 -0.23559083E+02
  0.88253780E+00 -0.23559119E+02
  0.89192650E+00 -0.23559156E+02
  0.90131520E+00 -0.23559195E+02
  0.91070390E+00 -0.23559235E+02
  0.92009260E+00 -0.23559276E+02
  0.92948130E+00 -0.23559320E+02
  0.93887000E+00 -0.23559364E+02
  0.94824279E+00 -0.23559274E+02
  0.95761559E+00 -0.23559183E+02
  0.96698838E+00 -0.23559092E+02
  0.97636118E+00 -0.23559001E+02
  0.98573397E+00 -0.23558910E+02
  0.99510677E+00 -0.23558818E+02
  0.10044796E+01 -0.23558727E+02
  0.10138524E+01 -0.23558635E+02
  0.10232252E+01 -0.23558543E+02
  0.10325980E+01 -0.23558452E+02
  0.10419707E+01 -0.23558361E+02
  0.10513435E+01 -0.23558271E+02
  0.10607163E+01 -0.23558182E+02
  0.10700891E+01 -0.23558095E+02
  0.10794619E+01 -0.23558009E+02
  0.10888347E+01 -0.23557926E+02
  0.10982075E+01 -0.23557845E+02
  0.11075803E+01 -0.23557766E+02
  0.11169531E+01 -0.23557688E+02
  0.11263259E+01 -0.23557613E+02
  0.11356987E+01 -0.23557539E+02
  0.11450715E+01 -0.23557466E+02
  0.11544443E+01 -0.23557395E+02
  0.11638171E+01 -0.23557326E+02
  0.11731899E+01 -0.23557258E+02
  0.11825627E+01 -0.23557193E+02
  0.11919355E+01 -0.23557130E+02
  0.12013083E+01 -0.23557071E+02
  0.12106811E+01 -0.23557016E+02
  0.12200539E+01 -0.23556965E+02
  0.12294267E+01 -0.23556918E+02
  0.12387995E+01 -0.23556876E+02
  0.12481723E+01 -0.23556838E+02
  0.12575450E+01 -0.23556803E+02
  0.12669178E+01 -0.23556771E+02
  0.12762906E+01 -0.23556741E+02
  0.12856634E+01 -0.23556714E+02
  0.12950362E+01 -0.23556688E+02
  0.13044090E+01 -0.23556664E+02
  0.13137818E+01 -0.23556642E+02
  0.13231546E+01 -0.23556623E+02
  0.13325274E+01 -0.23556606E+02
  0.13419002E+01 -0.23556593E+02
  0.13512730E+01 -0.23556585E+02
  0.13606458E+01 -0.23556581E+02
  0.13700186E+01 -0.23556582E+02
  0.13793914E+01 -0.23556589E+02
  0.13887642E+01 -0.23556600E+02
  0.13981370E+01 -0.23556615E+02
  0.14075098E+01 -0.23556634E+02
  0.14168826E+01 -0.23556656E+02
  0.14262554E+01 -0.23556679E+02
  0.14356282E+01 -0.23556704E+02
  0.14450010E+01 -0.23556731E+02
  0.14543738E+01 -0.23556758E+02
  0.14637466E+01 -0.23556787E+02
  0.14731194E+01 -0.23556818E+02
  0.14824921E+01 -0.23556851E+02
  0.14918649E+01 -0.23556887E+02
  0.15012377E+01 -0.23556927E+02
  0.15106105E+01 -0.23556970E+02
  0.15199833E+01 -0.23557017E+02
  0.15293561E+01 -0.23557069E+02
  0.15387289E+01 -0.23557124E+02
  0.15481017E+01 -0.23557181E+02
  0.15574745E+01 -0.23557242E+02
  0.15668473E+01 -0.23557304E+02
  0.15762201E+01 -0.23557368E+02
  0.15855929E+01 -0.23557432E+02
  0.15949657E+01 -0.23557498E+02
  0.16043385E+01 -0.23557564E+02
  0.16137113E+01 -0.23557632E+02
  0.16230841E+01 -0.23557700E+02
  0.16324569E+01 -0.23557770E+02
  0.16418297E+01 -0.23557842E+02
  0.16512025E+01 -0.23557916E+02
  0.16605753E+01 -0.23557992E+02
  0.16699481E+01 -0.23558068E+02
  0.16793367E+01 -0.23557921E+02
  0.16887254E+01 -0.23557771E+02
  0.16981141E+01 -0.23557619E+02
  0.17075028E+01 -0.23557464E+02
  0.17168914E+01 -0.23557307E+02
  0.17262801E+01 -0.23557148E+02
  0.17356688E+01 -0.23556988E+02
  0.17450574E+01 -0.23556828E+02
  0.17544461E+01 -0.23556668E+02
  0.17638348E+01 -0.23556508E+02
  0.17732235E+01 -0.23556350E+02
  0.17826121E+01 -0.23556194E+02
  0.17920008E+01 -0.23556039E+02
  0.18013895E+01 -0.23555885E+02
  0.18107782E+01 -0.23555733E+02
  0.18201668E+01 -0.23555583E+02
  0.18295555E+01 -0.23555434E+02
  0.18389442E+01 -0.23555287E+02
  0.18483328E+01 -0.23555142E+02
  0.18577215E+01 -0.23554999E+02
  0.18671102E+01 -0.23554858E+02
  0.18764989E+01 -0.23554720E+02
  0.18858875E+01 -0.23554584E+02
  0.18952762E+01 -0.23554452E+02
  0.19046649E+01 -0.23554324E+02
  0.19140536E+01 -0.23554198E+02
  0.19234422E+01 -0.23554077E+02
  0.19328309E+01 -0.23553959E+02
  0.19422196E+01 -0.23553845E+02
  0.19516082E+01 -0.23553736E+02
  0.19609969E+01 -0.23553632E+02
  0.19703856E+01 -0.23553532E+02
  0.19797743E+01 -0.23553439E+02
  0.19891629E+01 -0.23553353E+02
  0.19985516E+01 -0.23553273E+02
  0.20079403E+01 -0.23553201E+02
  0.20173290E+01 -0.23553136E+02
  0.20267176E+01 -0.23553078E+02
  0.20361063E+01 -0.23553027E+02
  0.20454950E+01 -0.23552982E+02
  0.20548837E+01 -0.23552943E+02
  0.20642723E+01 -0.23552909E+02
  0.20736610E+01 -0.23552880E+02
  0.20830497E+01 -0.23552855E+02
  0.20924383E+01 -0.23552835E+02
  0.21018270E+01 -0.23552821E+02
  0.21112157E+01 -0.23552813E+02
  0.21206044E+01 -0.23552812E+02
  0.21299930E+01 -0.23552819E+02
  0.21393817E+01 -0.23552834E+02
  0.21487704E+01 -0.23552861E+02
  0.21581591E+01 -0.23552896E+02
  0.21675478E+01 -0.23552939E+02
  0.21769365E+01 -0.23552988E+02
  0.21863252E+01 -0.23553045E+02
  0.21957139E+01 -0.23553107E+02
  0.22051026E+01 -0.23553176E+02
  0.22144913E+01 -0.23553249E+02
  0.22238800E+01 -0.23553329E+02
  0.22332687E+01 -0.23553413E+02
  0.22426574E+01 -0.23553503E+02
  0.22520461E+01 -0.23553599E+02
  0.22614348E+01 -0.23553700E+02
  0.22708235E+01 -0.23553807E+02
  0.22802122E+01 -0.23553920E+02
  0.22896009E+01 -0.23554040E+02
  0.22989896E+01 -0.23554165E+02
  0.23083783E+01 -0.23554295E+02
  0.23177670E+01 -0.23554430E+02
  0.23271557E+01 -0.23554568E+02
  0.23365444E+01 -0.23554710E+02
  0.23459331E+01 -0.23554853E+02
  0.23553218E+01 -0.23554998E+02
  0.23647105E+01 -0.23555143E+02
  0.23740992E+01 -0.23555289E+02
  0.23834879E+01 -0.23555435E+02
  0.23928766E+01 -0.23555580E+02
  0.24022653E+01 -0.23555725E+02
  0.24116540E+01 -0.23555870E+02
  0.24210427E+01 -0.23556014E+02
  0.24304314E+01 -0.23556159E+02
  0.24398201E+01 -0.23556303E+02
  0.24492088E+01 -0.23556446E+02
  0.24585975E+01 -0.23556589E+02
  0.24679862E+01 -0.23556730E+02
  0.24773749E+01 -0.23556870E+02
  0.24867636E+01 -0.23557007E+02
  0.24961523E+01 -0.23557142E+02
  0.25055410E+01 -0.23557274E+02
  0.25149297E+01 -0.23557403E+02
  0.25243184E+01 -0.23557529E+02
  0.25337071E+01 -0.23557651E+02
  0.25430958E+01 -0.23557770E+02
  0.25524845E+01 -0.23557884E+02
  0.25618732E+01 -0.23557995E+02
  0.25712619E+01 -0.23558100E+02
  0.25806506E+01 -0.23558200E+02
  0.25900393E+01 -0.23558293E+02
  0.25994280E+01 -0.23558379E+02
  0.26088167E+01 -0.23558456E+02
  0.26182054E+01 -0.23558524E+02
  0.26275941E+01 -0.23558581E+02
  0.26369828E+01 -0.23558629E+02
  0.26463715E+01 -0.23558667E+02
  0.26557602E+01 -0.23558696E+02
  0.26651489E+01 -0.23558716E+02
  0.26745376E+01 -0.23558731E+02
  0.26839263E+01 -0.23558739E+02
  0.26933150E+01 -0.23558742E+02
  0.27027037E+01 -0.23558741E+02
  0.27120924E+01 -0.23558736E+02
  0.27214811E+01 -0.23558727E+02
  0.27308698E+01 -0.23558716E+02
  0.27402585E+01 -0.23558704E+02
  0.27496472E+01 -0.23558690E+02
  0.27590359E+01 -0.23558676E+02
  0.27684246E+01 -0.23558664E+02
  0.27778133E+01 -0.23558652E+02
  0.27872020E+01 -0.23558644E+02
  0.27965907E+01 -0.23558638E+02
  0.28059794E+01 -0.23558635E+02
  0.28153681E+01 -0.23558635E+02
  0.28247568E+01 -0.23558638E+02
  0.28341455E+01 -0.23558643E+02
  0.28435342E+01 -0.23558651E+02
  0.28529229E+01 -0.23558660E+02
  0.28623116E+01 -0.23558671E+02
  0.28717003E+01 -0.23558683E+02
  0.28810890E+01 -0.23558697E+02
  0.28904777E+01 -0.23558713E+02
  0.28998664E+01 -0.23558730E+02
  0.29092551E+01 -0.23558749E+02
  0.29186438E+01 -0.23558771E+02
  0.29280325E+01 -0.23558795E+02
  0.29374212E+01 -0.23558821E+02
  0.29468099E+01 -0.23558850E+02
  0.29561986E+01 -0.23558880E+02
  0.29655873E+01 -0.23558912E+02
  0.29749760E+01 -0.23558944E+02
  0.29843647E+01 -0.23558978E+02
  0.29937534E+01 -0.23559012E+02
  0.30031421E+01 -0.23559047E+02
  0.30125308E+01 -0.23559083E+02
  0.30219195E+01 -0.23559119E+02
  0.30313082E+01 -0.23559156E+02
  0.30406969E+01 -0.23559195E+02
  0.30500856E+01 -0.23559235E+02
  0.30594743E+01 -0.23559276E+02
  0.30688630E+01 -0.23559320E+02
  0.30782517E+01 -0.23559364E+02
  
  0.00000000E+00 -0.23545682E+02
  0.93887000E-02 -0.23545668E+02
  0.18777400E-01 -0.23545653E+02
  0.28166100E-01 -0.23545637E+02
  0.37554800E-01 -0.23545620E+02
  0.46943500E-01 -0.23545602E+02
  0.56332200E-01 -0.23545582E+02
  0.65720900E-01 -0.23545560E+02
  0.75109600E-01 -0.23545535E+02
  0.84498300E-01 -0.23545507E+02
  0.93887000E-01 -0.23545476E+02
  0.10327570E+00 -0.23545441E+02
  0.11266440E+00 -0.23545402E+02
  0.12205310E+00 -0.23545359E+02
  0.13144180E+00 -0.23545313E+02
  0.14083050E+00 -0.23545262E+02
  0.15021920E+00 -0.23545209E+02
  0.15960790E+00 -0.23545152E+02
  0.16899660E+00 -0.23545093E+02
  0.17838530E+00 -0.23545033E+02
  0.18777400E+00 -0.23544970E+02
  0.19716270E+00 -0.23544906E+02
  0.20655140E+00 -0.23544840E+02
  0.21594010E+00 -0.23544773E+02
  0.22532880E+00 -0.23544705E+02
  0.23471750E+00 -0.23544635E+02
  0.24410620E+00 -0.23544565E+02
  0.25349490E+00 -0.23544493E+02
  0.26288360E+00 -0.23544422E+02
  0.27227230E+00 -0.23544352E+02
  0.28166100E+00 -0.23544283E+02
  0.29104970E+00 -0.23544215E+02
  0.30043840E+00 -0.23544151E+02
  0.30982710E+00 -0.23544090E+02
  0.31921580E+00 -0.23544033E+02
  0.32860450E+00 -0.23543981E+02
  0.33799320E+00 -0.23543934E+02
  0.34738190E+00 -0.23543894E+02
  0.35677060E+00 -0.23543861E+02
  0.36615930E+00 -0.23543840E+02
  0.37554800E+00 -0.23543831E+02
  0.38493670E+00 -0.23543838E+02
  0.39432540E+00 -0.23543862E+02
  0.40371410E+00 -0.23543901E+02
  0.41310280E+00 -0.23543951E+02
  0.42249150E+00 -0.23544008E+02
  0.43188020E+00 -0.23544071E+02
  0.44126890E+00 -0.23544137E+02
  0.45065760E+00 -0.23544205E+02
  0.46004630E+00 -0.23544274E+02
  0.46943500E+00 -0.23544343E+02
  0.47882370E+00 -0.23544412E+02
  0.48821240E+00 -0.23544481E+02
  0.49760110E+00 -0.23544550E+02
  0.50698980E+00 -0.23544619E+02
  0.51637850E+00 -0.23544688E+02
  0.52576720E+00 -0.23544757E+02
  0.53515590E+00 -0.23544825E+02
  0.54454460E+00 -0.23544893E+02
  0.55393330E+00 -0.23544960E+02
  0.56332200E+00 -0.23545026E+02
  0.57271070E+00 -0.23545091E+02
  0.58209940E+00 -0.23545154E+02
  0.59148810E+00 -0.23545216E+02
  0.60087680E+00 -0.23545276E+02
  0.61026550E+00 -0.23545334E+02
  0.61965420E+00 -0.23545389E+02
  0.62904290E+00 -0.23545442E+02
  0.63843160E+00 -0.23545493E+02
  0.64782030E+00 -0.23545542E+02
  0.65720900E+00 -0.23545588E+02
  0.66659770E+00 -0.23545632E+02
  0.67598640E+00 -0.23545674E+02
  0.68537510E+00 -0.23545713E+02
  0.69476380E+00 -0.23545750E+02
  0.70415250E+00 -0.23545786E+02
  0.71354120E+00 -0.23545819E+02
  0.72292990E+00 -0.23545850E+02
  0.73231860E+00 -0.23545880E+02
  0.74170730E+00 -0.23545908E+02
  0.75109600E+00 -0.23545934E+02
  0.76048470E+00 -0.23545957E+02
  0.76987340E+00 -0.23545977E+02
  0.77926210E+00 -0.23545995E+02
  0.78865080E+00 -0.23546009E+02
  0.79803950E+00 -0.23546020E+02
  0.80742820E+00 -0.23546027E+02
  0.81681690E+00 -0.23546030E+02
  0.82620560E+00 -0.23546030E+02
  0.83559430E+00 -0.23546026E+02
  0.84498300E+00 -0.23546019E+02
  0.85437170E+00 -0.23546010E+02
  0.86376040E+00 -0.23545999E+02
  0.87314910E+00 -0.23545985E+02
  0.88253780E+00 -0.23545970E+02
  0.89192650E+00 -0.23545953E+02
  0.90131520E+00 -0.23545934E+02
  0.91070390E+00 -0.23545913E+02
  0.92009260E+00 -0.23545890E+02
  0.92948130E+00 -0.23545863E+02
  0.93887000E+00 -0.23545833E+02
  0.94824279E+00 -0.23545886E+02
  0.95761559E+00 -0.23545938E+02
  0.96698838E+00 -0.23545988E+02
  0.97636118E+00 -0.23546036E+02
  0.98573397E+00 -0.23546084E+02
  0.99510677E+00 -0.23546129E+02
  0.10044796E+01 -0.23546173E+02
  0.10138524E+01 -0.23546215E+02
  0.10232252E+01 -0.23546253E+02
  0.10325980E+01 -0.23546289E+02
  0.10419707E+01 -0.23546320E+02
  0.10513435E+01 -0.23546349E+02
  0.10607163E+01 -0.23546373E+02
  0.10700891E+01 -0.23546395E+02
  0.10794619E+01 -0.23546413E+02
  0.10888347E+01 -0.23546429E+02
  0.10982075E+01 -0.23546442E+02
  0.11075803E+01 -0.23546454E+02
  0.11169531E+01 -0.23546464E+02
  0.11263259E+01 -0.23546473E+02
  0.11356987E+01 -0.23546479E+02
  0.11450715E+01 -0.23546485E+02
  0.11544443E+01 -0.23546488E+02
  0.11638171E+01 -0.23546489E+02
  0.11731899E+01 -0.23546488E+02
  0.11825627E+01 -0.23546485E+02
  0.11919355E+01 -0.23546480E+02
  0.12013083E+01 -0.23546472E+02
  0.12106811E+01 -0.23546463E+02
  0.12200539E+01 -0.23546453E+02
  0.12294267E+01 -0.23546441E+02
  0.12387995E+01 -0.23546427E+02
  0.12481723E+01 -0.23546412E+02
  0.12575450E+01 -0.23546395E+02
  0.12669178E+01 -0.23546376E+02
  0.12762906E+01 -0.23546354E+02
  0.12856634E+01 -0.23546330E+02
  0.12950362E+01 -0.23546302E+02
  0.13044090E+01 -0.23546271E+02
  0.13137818E+01 -0.23546238E+02
  0.13231546E+01 -0.23546201E+02
  0.13325274E+01 -0.23546162E+02
  0.13419002E+01 -0.23546121E+02
  0.13512730E+01 -0.23546078E+02
  0.13606458E+01 -0.23546035E+02
  0.13700186E+01 -0.23545991E+02
  0.13793914E+01 -0.23545947E+02
  0.13887642E+01 -0.23545903E+02
  0.13981370E+01 -0.23545858E+02
  0.14075098E+01 -0.23545812E+02
  0.14168826E+01 -0.23545765E+02
  0.14262554E+01 -0.23545716E+02
  0.14356282E+01 -0.23545665E+02
  0.14450010E+01 -0.23545612E+02
  0.14543738E+01 -0.23545556E+02
  0.14637466E+01 -0.23545498E+02
  0.14731194E+01 -0.23545437E+02
  0.14824921E+01 -0.23545374E+02
  0.14918649E+01 -0.23545309E+02
  0.15012377E+01 -0.23545243E+02
  0.15106105E+01 -0.23545174E+02
  0.15199833E+01 -0.23545104E+02
  0.15293561E+01 -0.23545031E+02
  0.15387289E+01 -0.23544957E+02
  0.15481017E+01 -0.23544881E+02
  0.15574745E+01 -0.23544804E+02
  0.15668473E+01 -0.23544724E+02
  0.15762201E+01 -0.23544643E+02
  0.15855929E+01 -0.23544560E+02
  0.15949657E+01 -0.23544477E+02
  0.16043385E+01 -0.23544394E+02
  0.16137113E+01 -0.23544311E+02
  0.16230841E+01 -0.23544228E+02
  0.16324569E+01 -0.23544146E+02
  0.16418297E+01 -0.23544064E+02
  0.16512025E+01 -0.23543982E+02
  0.16605753E+01 -0.23543900E+02
  0.16699481E+01 -0.23543821E+02
  0.16793367E+01 -0.23543902E+02
  0.16887254E+01 -0.23543981E+02
  0.16981141E+01 -0.23544058E+02
  0.17075028E+01 -0.23544133E+02
  0.17168914E+01 -0.23544207E+02
  0.17262801E+01 -0.23544279E+02
  0.17356688E+01 -0.23544349E+02
  0.17450574E+01 -0.23544418E+02
  0.17544461E+01 -0.23544485E+02
  0.17638348E+01 -0.23544552E+02
  0.17732235E+01 -0.23544618E+02
  0.17826121E+01 -0.23544683E+02
  0.17920008E+01 -0.23544747E+02
  0.18013895E+01 -0.23544811E+02
  0.18107782E+01 -0.23544874E+02
  0.18201668E+01 -0.23544935E+02
  0.18295555E+01 -0.23544996E+02
  0.18389442E+01 -0.23545054E+02
  0.18483328E+01 -0.23545111E+02
  0.18577215E+01 -0.23545167E+02
  0.18671102E+01 -0.23545220E+02
  0.18764989E+01 -0.23545271E+02
  0.18858875E+01 -0.23545321E+02
  0.18952762E+01 -0.23545368E+02
  0.19046649E+01 -0.23545413E+02
  0.19140536E+01 -0.23545455E+02
  0.19234422E+01 -0.23545496E+02
  0.19328309E+01 -0.23545534E+02
  0.19422196E+01 -0.23545569E+02
  0.19516082E+01 -0.23545602E+02
  0.19609969E+01 -0.23545632E+02
  0.19703856E+01 -0.23545659E+02
  0.19797743E+01 -0.23545682E+02
  0.19891629E+01 -0.23545703E+02
  0.19985516E+01 -0.23545721E+02
  0.20079403E+01 -0.23545735E+02
  0.20173290E+01 -0.23545746E+02
  0.20267176E+01 -0.23545755E+02
  0.20361063E+01 -0.23545760E+02
  0.20454950E+01 -0.23545763E+02
  0.20548837E+01 -0.23545763E+02
  0.20642723E+01 -0.23545761E+02
  0.20736610E+01 -0.23545756E+02
  0.20830497E+01 -0.23545750E+02
  0.20924383E+01 -0.23545741E+02
  0.21018270E+01 -0.23545732E+02
  0.21112157E+01 -0.23545721E+02
  0.21206044E+01 -0.23545709E+02
  0.21299930E+01 -0.23545696E+02
  0.21393817E+01 -0.23545682E+02
  0.21487704E+01 -0.23545668E+02
  0.21581591E+01 -0.23545653E+02
  0.21675478E+01 -0.23545637E+02
  0.21769365E+01 -0.23545620E+02
  0.21863252E+01 -0.23545602E+02
  0.21957139E+01 -0.23545582E+02
  0.22051026E+01 -0.23545560E+02
  0.22144913E+01 -0.23545535E+02
  0.22238800E+01 -0.23545507E+02
  0.22332687E+01 -0.23545476E+02
  0.22426574E+01 -0.23545441E+02
  0.22520461E+01 -0.23545402E+02
  0.22614348E+01 -0.23545359E+02
  0.22708235E+01 -0.23545313E+02
  0.22802122E+01 -0.23545262E+02
  0.22896009E+01 -0.23545209E+02
  0.22989896E+01 -0.23545152E+02
  0.23083783E+01 -0.23545093E+02
  0.23177670E+01 -0.23545033E+02
  0.23271557E+01 -0.23544970E+02
  0.23365444E+01 -0.23544906E+02
  0.23459331E+01 -0.23544840E+02
  0.23553218E+01 -0.23544773E+02
  0.23647105E+01 -0.23544705E+02
  0.23740992E+01 -0.23544635E+02
  0.23834879E+01 -0.23544565E+02
  0.23928766E+01 -0.23544493E+02
  0.24022653E+01 -0.23544422E+02
  0.24116540E+01 -0.23544352E+02
  0.24210427E+01 -0.23544283E+02
  0.24304314E+01 -0.23544215E+02
  0.24398201E+01 -0.23544151E+02
  0.24492088E+01 -0.23544090E+02
  0.24585975E+01 -0.23544033E+02
  0.24679862E+01 -0.23543981E+02
  0.24773749E+01 -0.23543934E+02
  0.24867636E+01 -0.23543894E+02
  0.24961523E+01 -0.23543861E+02
  0.25055410E+01 -0.23543840E+02
  0.25149297E+01 -0.23543831E+02
  0.25243184E+01 -0.23543838E+02
  0.25337071E+01 -0.23543862E+02
  0.25430958E+01 -0.23543901E+02
  0.25524845E+01 -0.23543951E+02
  0.25618732E+01 -0.23544008E+02
  0.25712619E+01 -0.23544071E+02
  0.25806506E+01 -0.23544137E+02
  0.25900393E+01 -0.23544205E+02
  0.25994280E+01 -0.23544274E+02
  0.26088167E+01 -0.23544343E+02
  0.26182054E+01 -0.23544412E+02
  0.26275941E+01 -0.23544481E+02
  0.26369828E+01 -0.23544550E+02
  0.26463715E+01 -0.23544619E+02
  0.26557602E+01 -0.23544688E+02
  0.26651489E+01 -0.23544757E+02
  0.26745376E+01 -0.23544825E+02
  0.26839263E+01 -0.23544893E+02
  0.26933150E+01 -0.23544960E+02
  0.27027037E+01 -0.23545026E+02
  0.27120924E+01 -0.23545091E+02
  0.27214811E+01 -0.23545154E+02
  0.27308698E+01 -0.23545216E+02
  0.27402585E+01 -0.23545276E+02
  0.27496472E+01 -0.23545334E+02
  0.27590359E+01 -0.23545389E+02
  0.27684246E+01 -0.23545442E+02
  0.27778133E+01 -0.23545493E+02
  0.27872020E+01 -0.23545542E+02
  0.27965907E+01 -0.23545588E+02
  0.28059794E+01 -0.23545632E+02
  0.28153681E+01 -0.23545674E+02
  0.28247568E+01 -0.23545713E+02
  0.28341455E+01 -0.23545750E+02
  0.28435342E+01 -0.23545786E+02
  0.28529229E+01 -0.23545819E+02
  0.28623116E+01 -0.23545850E+02
  0.28717003E+01 -0.23545880E+02
  0.28810890E+01 -0.23545908E+02
  0.28904777E+01 -0.23545934E+02
  0.28998664E+01 -0.23545957E+02
  0.29092551E+01 -0.23545977E+02
  0.29186438E+01 -0.23545995E+02
  0.29280325E+01 -0.23546009E+02
  0.29374212E+01 -0.23546020E+02
  0.29468099E+01 -0.23546027E+02
  0.29561986E+01 -0.23546030E+02
  0.29655873E+01 -0.23546030E+02
  0.29749760E+01 -0.23546026E+02
  0.29843647E+01 -0.23546019E+02
  0.29937534E+01 -0.23546010E+02
  0.30031421E+01 -0.23545999E+02
  0.30125308E+01 -0.23545985E+02
  0.30219195E+01 -0.23545970E+02
  0.30313082E+01 -0.23545953E+02
  0.30406969E+01 -0.23545934E+02
  0.30500856E+01 -0.23545913E+02
  0.30594743E+01 -0.23545890E+02
  0.30688630E+01 -0.23545863E+02
  0.30782517E+01 -0.23545833E+02
  
  0.00000000E+00 -0.23540946E+02
  0.93887000E-02 -0.23540961E+02
  0.18777400E-01 -0.23540979E+02
  0.28166100E-01 -0.23540999E+02
  0.37554800E-01 -0.23541023E+02
  0.46943500E-01 -0.23541051E+02
  0.56332200E-01 -0.23541082E+02
  0.65720900E-01 -0.23541118E+02
  0.75109600E-01 -0.23541159E+02
  0.84498300E-01 -0.23541205E+02
  0.93887000E-01 -0.23541256E+02
  0.10327570E+00 -0.23541312E+02
  0.11266440E+00 -0.23541373E+02
  0.12205310E+00 -0.23541438E+02
  0.13144180E+00 -0.23541506E+02
  0.14083050E+00 -0.23541577E+02
  0.15021920E+00 -0.23541649E+02
  0.15960790E+00 -0.23541722E+02
  0.16899660E+00 -0.23541796E+02
  0.17838530E+00 -0.23541871E+02
  0.18777400E+00 -0.23541947E+02
  0.19716270E+00 -0.23542023E+02
  0.20655140E+00 -0.23542101E+02
  0.21594010E+00 -0.23542180E+02
  0.22532880E+00 -0.23542260E+02
  0.23471750E+00 -0.23542342E+02
  0.24410620E+00 -0.23542425E+02
  0.25349490E+00 -0.23542509E+02
  0.26288360E+00 -0.23542592E+02
  0.27227230E+00 -0.23542675E+02
  0.28166100E+00 -0.23542756E+02
  0.29104970E+00 -0.23542835E+02
  0.30043840E+00 -0.23542910E+02
  0.30982710E+00 -0.23542982E+02
  0.31921580E+00 -0.23543050E+02
  0.32860450E+00 -0.23543114E+02
  0.33799320E+00 -0.23543174E+02
  0.34738190E+00 -0.23543228E+02
  0.35677060E+00 -0.23543277E+02
  0.36615930E+00 -0.23543318E+02
  0.37554800E+00 -0.23543349E+02
  0.38493670E+00 -0.23543367E+02
  0.39432540E+00 -0.23543372E+02
  0.40371410E+00 -0.23543365E+02
  0.41310280E+00 -0.23543352E+02
  0.42249150E+00 -0.23543335E+02
  0.43188020E+00 -0.23543316E+02
  0.44126890E+00 -0.23543299E+02
  0.45065760E+00 -0.23543284E+02
  0.46004630E+00 -0.23543273E+02
  0.46943500E+00 -0.23543265E+02
  0.47882370E+00 -0.23543262E+02
  0.48821240E+00 -0.23543263E+02
  0.49760110E+00 -0.23543268E+02
  0.50698980E+00 -0.23543276E+02
  0.51637850E+00 -0.23543289E+02
  0.52576720E+00 -0.23543305E+02
  0.53515590E+00 -0.23543325E+02
  0.54454460E+00 -0.23543349E+02
  0.55393330E+00 -0.23543377E+02
  0.56332200E+00 -0.23543409E+02
  0.57271070E+00 -0.23543446E+02
  0.58209940E+00 -0.23543488E+02
  0.59148810E+00 -0.23543535E+02
  0.60087680E+00 -0.23543586E+02
  0.61026550E+00 -0.23543642E+02
  0.61965420E+00 -0.23543701E+02
  0.62904290E+00 -0.23543764E+02
  0.63843160E+00 -0.23543829E+02
  0.64782030E+00 -0.23543896E+02
  0.65720900E+00 -0.23543965E+02
  0.66659770E+00 -0.23544034E+02
  0.67598640E+00 -0.23544105E+02
  0.68537510E+00 -0.23544176E+02
  0.69476380E+00 -0.23544248E+02
  0.70415250E+00 -0.23544321E+02
  0.71354120E+00 -0.23544395E+02
  0.72292990E+00 -0.23544470E+02
  0.73231860E+00 -0.23544545E+02
  0.74170730E+00 -0.23544621E+02
  0.75109600E+00 -0.23544697E+02
  0.76048470E+00 -0.23544773E+02
  0.76987340E+00 -0.23544848E+02
  0.77926210E+00 -0.23544921E+02
  0.78865080E+00 -0.23544993E+02
  0.79803950E+00 -0.23545062E+02
  0.80742820E+00 -0.23545128E+02
  0.81681690E+00 -0.23545192E+02
  0.82620560E+00 -0.23545254E+02
  0.83559430E+00 -0.23545313E+02
  0.84498300E+00 -0.23545370E+02
  0.85437170E+00 -0.23545426E+02
  0.86376040E+00 -0.23545480E+02
  0.87314910E+00 -0.23545533E+02
  0.88253780E+00 -0.23545583E+02
  0.89192650E+00 -0.23545632E+02
  0.90131520E+00 -0.23545678E+02
  0.91070390E+00 -0.23545722E+02
  0.92009260E+00 -0.23545762E+02
  0.92948130E+00 -0.23545799E+02
  0.93887000E+00 -0.23545833E+02
  0.94824279E+00 -0.23545778E+02
  0.95761559E+00 -0.23545720E+02
  0.96698838E+00 -0.23545660E+02
  0.97636118E+00 -0.23545596E+02
  0.98573397E+00 -0.23545530E+02
  0.99510677E+00 -0.23545461E+02
  0.10044796E+01 -0.23545389E+02
  0.10138524E+01 -0.23545314E+02
  0.10232252E+01 -0.23545237E+02
  0.10325980E+01 -0.23545159E+02
  0.10419707E+01 -0.23545079E+02
  0.10513435E+01 -0.23544997E+02
  0.10607163E+01 -0.23544915E+02
  0.10700891E+01 -0.23544831E+02
  0.10794619E+01 -0.23544745E+02
  0.10888347E+01 -0.23544658E+02
  0.10982075E+01 -0.23544570E+02
  0.11075803E+01 -0.23544480E+02
  0.11169531E+01 -0.23544389E+02
  0.11263259E+01 -0.23544297E+02
  0.11356987E+01 -0.23544205E+02
  0.11450715E+01 -0.23544113E+02
  0.11544443E+01 -0.23544022E+02
  0.11638171E+01 -0.23543933E+02
  0.11731899E+01 -0.23543844E+02
  0.11825627E+01 -0.23543757E+02
  0.11919355E+01 -0.23543671E+02
  0.12013083E+01 -0.23543587E+02
  0.12106811E+01 -0.23543503E+02
  0.12200539E+01 -0.23543421E+02
  0.12294267E+01 -0.23543340E+02
  0.12387995E+01 -0.23543260E+02
  0.12481723E+01 -0.23543182E+02
  0.12575450E+01 -0.23543107E+02
  0.12669178E+01 -0.23543035E+02
  0.12762906E+01 -0.23542966E+02
  0.12856634E+01 -0.23542902E+02
  0.12950362E+01 -0.23542844E+02
  0.13044090E+01 -0.23542790E+02
  0.13137818E+01 -0.23542742E+02
  0.13231546E+01 -0.23542699E+02
  0.13325274E+01 -0.23542660E+02
  0.13419002E+01 -0.23542624E+02
  0.13512730E+01 -0.23542592E+02
  0.13606458E+01 -0.23542561E+02
  0.13700186E+01 -0.23542533E+02
  0.13793914E+01 -0.23542507E+02
  0.13887642E+01 -0.23542484E+02
  0.13981370E+01 -0.23542464E+02
  0.14075098E+01 -0.23542448E+02
  0.14168826E+01 -0.23542437E+02
  0.14262554E+01 -0.23542432E+02
  0.14356282E+01 -0.23542434E+02
  0.14450010E+01 -0.23542444E+02
  0.14543738E+01 -0.23542461E+02
  0.14637466E+01 -0.23542484E+02
  0.14731194E+01 -0.23542513E+02
  0.14824921E+01 -0.23542547E+02
  0.14918649E+01 -0.23542585E+02
  0.15012377E+01 -0.23542626E+02
  0.15106105E+01 -0.23542668E+02
  0.15199833E+01 -0.23542712E+02
  0.15293561E+01 -0.23542757E+02
  0.15387289E+01 -0.23542803E+02
  0.15481017E+01 -0.23542853E+02
  0.15574745E+01 -0.23542905E+02
  0.15668473E+01 -0.23542961E+02
  0.15762201E+01 -0.23543022E+02
  0.15855929E+01 -0.23543088E+02
  0.15949657E+01 -0.23543159E+02
  0.16043385E+01 -0.23543235E+02
  0.16137113E+01 -0.23543315E+02
  0.16230841E+01 -0.23543398E+02
  0.16324569E+01 -0.23543482E+02
  0.16418297E+01 -0.23543568E+02
  0.16512025E+01 -0.23543653E+02
  0.16605753E+01 -0.23543738E+02
  0.16699481E+01 -0.23543817E+02
  0.16793367E+01 -0.23543735E+02
  0.16887254E+01 -0.23543652E+02
  0.16981141E+01 -0.23543569E+02
  0.17075028E+01 -0.23543484E+02
  0.17168914E+01 -0.23543400E+02
  0.17262801E+01 -0.23543316E+02
  0.17356688E+01 -0.23543232E+02
  0.17450574E+01 -0.23543149E+02
  0.17544461E+01 -0.23543066E+02
  0.17638348E+01 -0.23542983E+02
  0.17732235E+01 -0.23542901E+02
  0.17826121E+01 -0.23542819E+02
  0.17920008E+01 -0.23542737E+02
  0.18013895E+01 -0.23542655E+02
  0.18107782E+01 -0.23542574E+02
  0.18201668E+01 -0.23542493E+02
  0.18295555E+01 -0.23542413E+02
  0.18389442E+01 -0.23542333E+02
  0.18483328E+01 -0.23542253E+02
  0.18577215E+01 -0.23542175E+02
  0.18671102E+01 -0.23542097E+02
  0.18764989E+01 -0.23542021E+02
  0.18858875E+01 -0.23541946E+02
  0.18952762E+01 -0.23541873E+02
  0.19046649E+01 -0.23541802E+02
  0.19140536E+01 -0.23541732E+02
  0.19234422E+01 -0.23541665E+02
  0.19328309E+01 -0.23541599E+02
  0.19422196E+01 -0.23541535E+02
  0.19516082E+01 -0.23541474E+02
  0.19609969E+01 -0.23541414E+02
  0.19703856E+01 -0.23541357E+02
  0.19797743E+01 -0.23541303E+02
  0.19891629E+01 -0.23541252E+02
  0.19985516E+01 -0.23541203E+02
  0.20079403E+01 -0.23541159E+02
  0.20173290E+01 -0.23541118E+02
  0.20267176E+01 -0.23541081E+02
  0.20361063E+01 -0.23541048E+02
  0.20454950E+01 -0.23541020E+02
  0.20548837E+01 -0.23540996E+02
  0.20642723E+01 -0.23540976E+02
  0.20736610E+01 -0.23540960E+02
  0.20830497E+01 -0.23540948E+02
  0.20924383E+01 -0.23540939E+02
  0.21018270E+01 -0.23540934E+02
  0.21112157E+01 -0.23540932E+02
  0.21206044E+01 -0.23540933E+02
  0.21299930E+01 -0.23540938E+02
  0.21393817E+01 -0.23540946E+02
  0.21487704E+01 -0.23540961E+02
  0.21581591E+01 -0.23540979E+02
  0.21675478E+01 -0.23540999E+02
  0.21769365E+01 -0.23541023E+02
  0.21863252E+01 -0.23541051E+02
  0.21957139E+01 -0.23541082E+02
  0.22051026E+01 -0.23541118E+02
  0.22144913E+01 -0.23541159E+02
  0.22238800E+01 -0.23541205E+02
  0.22332687E+01 -0.23541256E+02
  0.22426574E+01 -0.23541312E+02
  0.22520461E+01 -0.23541373E+02
  0.22614348E+01 -0.23541438E+02
  0.22708235E+01 -0.23541506E+02
  0.22802122E+01 -0.23541577E+02
  0.22896009E+01 -0.23541649E+02
  0.22989896E+01 -0.23541722E+02
  0.23083783E+01 -0.23541796E+02
  0.23177670E+01 -0.23541871E+02
  0.23271557E+01 -0.23541947E+02
  0.23365444E+01 -0.23542023E+02
  0.23459331E+01 -0.23542101E+02
  0.23553218E+01 -0.23542180E+02
  0.23647105E+01 -0.23542260E+02
  0.23740992E+01 -0.23542342E+02
  0.23834879E+01 -0.23542425E+02
  0.23928766E+01 -0.23542509E+02
  0.24022653E+01 -0.23542592E+02
  0.24116540E+01 -0.23542675E+02
  0.24210427E+01 -0.23542756E+02
  0.24304314E+01 -0.23542835E+02
  0.24398201E+01 -0.23542910E+02
  0.24492088E+01 -0.23542982E+02
  0.24585975E+01 -0.23543050E+02
  0.24679862E+01 -0.23543114E+02
  0.24773749E+01 -0.23543174E+02
  0.24867636E+01 -0.23543228E+02
  0.24961523E+01 -0.23543277E+02
  0.25055410E+01 -0.23543318E+02
  0.25149297E+01 -0.23543349E+02
  0.25243184E+01 -0.23543367E+02
  0.25337071E+01 -0.23543372E+02
  0.25430958E+01 -0.23543365E+02
  0.25524845E+01 -0.23543352E+02
  0.25618732E+01 -0.23543335E+02
  0.25712619E+01 -0.23543316E+02
  0.25806506E+01 -0.23543299E+02
  0.25900393E+01 -0.23543284E+02
  0.25994280E+01 -0.23543273E+02
  0.26088167E+01 -0.23543265E+02
  0.26182054E+01 -0.23543262E+02
  0.26275941E+01 -0.23543263E+02
  0.26369828E+01 -0.23543268E+02
  0.26463715E+01 -0.23543276E+02
  0.26557602E+01 -0.23543289E+02
  0.26651489E+01 -0.23543305E+02
  0.26745376E+01 -0.23543325E+02
  0.26839263E+01 -0.23543349E+02
  0.26933150E+01 -0.23543377E+02
  0.27027037E+01 -0.23543409E+02
  0.27120924E+01 -0.23543446E+02
  0.27214811E+01 -0.23543488E+02
  0.27308698E+01 -0.23543535E+02
  0.27402585E+01 -0.23543586E+02
  0.27496472E+01 -0.23543642E+02
  0.27590359E+01 -0.23543701E+02
  0.27684246E+01 -0.23543764E+02
  0.27778133E+01 -0.23543829E+02
  0.27872020E+01 -0.23543896E+02
  0.27965907E+01 -0.23543965E+02
  0.28059794E+01 -0.23544034E+02
  0.28153681E+01 -0.23544105E+02
  0.28247568E+01 -0.23544176E+02
  0.28341455E+01 -0.23544248E+02
  0.28435342E+01 -0.23544321E+02
  0.28529229E+01 -0.23544395E+02
  0.28623116E+01 -0.23544470E+02
  0.28717003E+01 -0.23544545E+02
  0.28810890E+01 -0.23544621E+02
  0.28904777E+01 -0.23544697E+02
  0.28998664E+01 -0.23544773E+02
  0.29092551E+01 -0.23544848E+02
  0.29186438E+01 -0.23544921E+02
  0.29280325E+01 -0.23544993E+02
  0.29374212E+01 -0.23545062E+02
  0.29468099E+01 -0.23545128E+02
  0.29561986E+01 -0.23545192E+02
  0.29655873E+01 -0.23545254E+02
  0.29749760E+01 -0.23545313E+02
  0.29843647E+01 -0.23545370E+02
  0.29937534E+01 -0.23545426E+02
  0.30031421E+01 -0.23545480E+02
  0.30125308E+01 -0.23545533E+02
  0.30219195E+01 -0.23545583E+02
  0.30313082E+01 -0.23545632E+02
  0.30406969E+01 -0.23545678E+02
  0.30500856E+01 -0.23545722E+02
  0.30594743E+01 -0.23545762E+02
  0.30688630E+01 -0.23545799E+02
  0.30782517E+01 -0.23545833E+02
  
  0.00000000E+00 -0.12434076E+02
  0.93887000E-02 -0.12430219E+02
  0.18777400E-01 -0.12426988E+02
  0.28166100E-01 -0.12424417E+02
  0.37554800E-01 -0.12422537E+02
  0.46943500E-01 -0.12421373E+02
  0.56332200E-01 -0.12420948E+02
  0.65720900E-01 -0.12421280E+02
  0.75109600E-01 -0.12422382E+02
  0.84498300E-01 -0.12424264E+02
  0.93887000E-01 -0.12426931E+02
  0.10327570E+00 -0.12430387E+02
  0.11266440E+00 -0.12434633E+02
  0.12205310E+00 -0.12439665E+02
  0.13144180E+00 -0.12445481E+02
  0.14083050E+00 -0.12452076E+02
  0.15021920E+00 -0.12459441E+02
  0.15960790E+00 -0.12467568E+02
  0.16899660E+00 -0.12476443E+02
  0.17838530E+00 -0.12486053E+02
  0.18777400E+00 -0.12496379E+02
  0.19716270E+00 -0.12507400E+02
  0.20655140E+00 -0.12519092E+02
  0.21594010E+00 -0.12531429E+02
  0.22532880E+00 -0.12544383E+02
  0.23471750E+00 -0.12557925E+02
  0.24410620E+00 -0.12572022E+02
  0.25349490E+00 -0.12586642E+02
  0.26288360E+00 -0.12601752E+02
  0.27227230E+00 -0.12617319E+02
  0.28166100E+00 -0.12633308E+02
  0.29104970E+00 -0.12649686E+02
  0.30043840E+00 -0.12666419E+02
  0.30982710E+00 -0.12683474E+02
  0.31921580E+00 -0.12700819E+02
  0.32860450E+00 -0.12718422E+02
  0.33799320E+00 -0.12736253E+02
  0.34738190E+00 -0.12754280E+02
  0.35677060E+00 -0.12772475E+02
  0.36615930E+00 -0.12790808E+02
  0.37554800E+00 -0.12809250E+02
  0.38493670E+00 -0.12827772E+02
  0.39432540E+00 -0.12846345E+02
  0.40371410E+00 -0.12864944E+02
  0.41310280E+00 -0.12883543E+02
  0.42249150E+00 -0.12902117E+02
  0.43188020E+00 -0.12920645E+02
  0.44126890E+00 -0.12939106E+02
  0.45065760E+00 -0.12957481E+02
  0.46004630E+00 -0.12975754E+02
  0.46943500E+00 -0.12993908E+02
  0.47882370E+00 -0.13011929E+02
  0.48821240E+00 -0.13029801E+02
  0.49760110E+00 -0.13047508E+02
  0.50698980E+00 -0.13065036E+02
  0.51637850E+00 -0.13082366E+02
  0.52576720E+00 -0.13099483E+02
  0.53515590E+00 -0.13116370E+02
  0.54454460E+00 -0.13133008E+02
  0.55393330E+00 -0.13149384E+02
  0.56332200E+00 -0.13165483E+02
  0.57271070E+00 -0.13181291E+02
  0.58209940E+00 -0.13196798E+02
  0.59148810E+00 -0.13211994E+02
  0.60087680E+00 -0.13226872E+02
  0.61026550E+00 -0.13241425E+02
  0.61965420E+00 -0.13255646E+02
  0.62904290E+00 -0.13269531E+02
  0.63843160E+00 -0.13283073E+02
  0.64782030E+00 -0.13296267E+02
  0.65720900E+00 -0.13309104E+02
  0.66659770E+00 -0.13321579E+02
  0.67598640E+00 -0.13333682E+02
  0.68537510E+00 -0.13345407E+02
  0.69476380E+00 -0.13356746E+02
  0.70415250E+00 -0.13367692E+02
  0.71354120E+00 -0.13378239E+02
  0.72292990E+00 -0.13388381E+02
  0.73231860E+00 -0.13398115E+02
  0.74170730E+00 -0.13407437E+02
  0.75109600E+00 -0.13416344E+02
  0.76048470E+00 -0.13424833E+02
  0.76987340E+00 -0.13432902E+02
  0.77926210E+00 -0.13440546E+02
  0.78865080E+00 -0.13447763E+02
  0.79803950E+00 -0.13454547E+02
  0.80742820E+00 -0.13460896E+02
  0.81681690E+00 -0.13466804E+02
  0.82620560E+00 -0.13472268E+02
  0.83559430E+00 -0.13477285E+02
  0.84498300E+00 -0.13481853E+02
  0.85437170E+00 -0.13485971E+02
  0.86376040E+00 -0.13489638E+02
  0.87314910E+00 -0.13492854E+02
  0.88253780E+00 -0.13495621E+02
  0.89192650E+00 -0.13497937E+02
  0.90131520E+00 -0.13499805E+02
  0.91070390E+00 -0.13501222E+02
  0.92009260E+00 -0.13502190E+02
  0.92948130E+00 -0.13502708E+02
  0.93887000E+00 -0.13502785E+02
  0.94824279E+00 -0.13502702E+02
  0.95761559E+00 -0.13502174E+02
  0.96698838E+00 -0.13501189E+02
  0.97636118E+00 -0.13499747E+02
  0.98573397E+00 -0.13497855E+02
  0.99510677E+00 -0.13495518E+02
  0.10044796E+01 -0.13492744E+02
  0.10138524E+01 -0.13489533E+02
  0.10232252E+01 -0.13485884E+02
  0.10325980E+01 -0.13481789E+02
  0.10419707E+01 -0.13477245E+02
  0.10513435E+01 -0.13472248E+02
  0.10607163E+01 -0.13466800E+02
  0.10700891E+01 -0.13460904E+02
  0.10794619E+01 -0.13454568E+02
  0.10888347E+01 -0.13447801E+02
  0.10982075E+01 -0.13440610E+02
  0.11075803E+01 -0.13433003E+02
  0.11169531E+01 -0.13424984E+02
  0.11263259E+01 -0.13416559E+02
  0.11356987E+01 -0.13407733E+02
  0.11450715E+01 -0.13398512E+02
  0.11544443E+01 -0.13388902E+02
  0.11638171E+01 -0.13378910E+02
  0.11731899E+01 -0.13368540E+02
  0.11825627E+01 -0.13357798E+02
  0.11919355E+01 -0.13346687E+02
  0.12013083E+01 -0.13335214E+02
  0.12106811E+01 -0.13323385E+02
  0.12200539E+01 -0.13311210E+02
  0.12294267E+01 -0.13298701E+02
  0.12387995E+01 -0.13285868E+02
  0.12481723E+01 -0.13272725E+02
  0.12575450E+01 -0.13259284E+02
  0.12669178E+01 -0.13245559E+02
  0.12762906E+01 -0.13231562E+02
  0.12856634E+01 -0.13217306E+02
  0.12950362E+01 -0.13202805E+02
  0.13044090E+01 -0.13188074E+02
  0.13137818E+01 -0.13173131E+02
  0.13231546E+01 -0.13157990E+02
  0.13325274E+01 -0.13142672E+02
  0.13419002E+01 -0.13127193E+02
  0.13512730E+01 -0.13111576E+02
  0.13606458E+01 -0.13095842E+02
  0.13700186E+01 -0.13080015E+02
  0.13793914E+01 -0.13064121E+02
  0.13887642E+01 -0.13048187E+02
  0.13981370E+01 -0.13032242E+02
  0.14075098E+01 -0.13016317E+02
  0.14168826E+01 -0.13000440E+02
  0.14262554E+01 -0.12984642E+02
  0.14356282E+01 -0.12968954E+02
  0.14450010E+01 -0.12953408E+02
  0.14543738E+01 -0.12938036E+02
  0.14637466E+01 -0.12922872E+02
  0.14731194E+01 -0.12907952E+02
  0.14824921E+01 -0.12893310E+02
  0.14918649E+01 -0.12878983E+02
  0.15012377E+01 -0.12865009E+02
  0.15106105E+01 -0.12851428E+02
  0.15199833E+01 -0.12838280E+02
  0.15293561E+01 -0.12825608E+02
  0.15387289E+01 -0.12813458E+02
  0.15481017E+01 -0.12801875E+02
  0.15574745E+01 -0.12790907E+02
  0.15668473E+01 -0.12780600E+02
  0.15762201E+01 -0.12771001E+02
  0.15855929E+01 -0.12762154E+02
  0.15949657E+01 -0.12754102E+02
  0.16043385E+01 -0.12746882E+02
  0.16137113E+01 -0.12740530E+02
  0.16230841E+01 -0.12735075E+02
  0.16324569E+01 -0.12730541E+02
  0.16418297E+01 -0.12726945E+02
  0.16512025E+01 -0.12724301E+02
  0.16605753E+01 -0.12722616E+02
  0.16699481E+01 -0.12721920E+02
  0.16793367E+01 -0.12721880E+02
  0.16887254E+01 -0.12721492E+02
  0.16981141E+01 -0.12720750E+02
  0.17075028E+01 -0.12719655E+02
  0.17168914E+01 -0.12718207E+02
  0.17262801E+01 -0.12716407E+02
  0.17356688E+01 -0.12714258E+02
  0.17450574E+01 -0.12711762E+02
  0.17544461E+01 -0.12708923E+02
  0.17638348E+01 -0.12705745E+02
  0.17732235E+01 -0.12702233E+02
  0.17826121E+01 -0.12698396E+02
  0.17920008E+01 -0.12694238E+02
  0.18013895E+01 -0.12689768E+02
  0.18107782E+01 -0.12684992E+02
  0.18201668E+01 -0.12679917E+02
  0.18295555E+01 -0.12674550E+02
  0.18389442E+01 -0.12668897E+02
  0.18483328E+01 -0.12662963E+02
  0.18577215E+01 -0.12656755E+02
  0.18671102E+01 -0.12650280E+02
  0.18764989E+01 -0.12643547E+02
  0.18858875E+01 -0.12636566E+02
  0.18952762E+01 -0.12629350E+02
  0.19046649E+01 -0.12621911E+02
  0.19140536E+01 -0.12614269E+02
  0.19234422E+01 -0.12606440E+02
  0.19328309E+01 -0.12598446E+02
  0.19422196E+01 -0.12590309E+02
  0.19516082E+01 -0.12582051E+02
  0.19609969E+01 -0.12573695E+02
  0.19703856E+01 -0.12565266E+02
  0.19797743E+01 -0.12556788E+02
  0.19891629E+01 -0.12548284E+02
  0.19985516E+01 -0.12539782E+02
  0.20079403E+01 -0.12531306E+02
  0.20173290E+01 -0.12522884E+02
  0.20267176E+01 -0.12514546E+02
  0.20361063E+01 -0.12506323E+02
  0.20454950E+01 -0.12498248E+02
  0.20548837E+01 -0.12490355E+02
  0.20642723E+01 -0.12482683E+02
  0.20736610E+01 -0.12475269E+02
  0.20830497E+01 -0.12468153E+02
  0.20924383E+01 -0.12461378E+02
  0.21018270E+01 -0.12454984E+02
  0.21112157E+01 -0.12449015E+02
  0.21206044E+01 -0.12443513E+02
  0.21299930E+01 -0.12438520E+02
  0.21393817E+01 -0.12434076E+02
  0.21487704E+01 -0.12430219E+02
  0.21581591E+01 -0.12426988E+02
  0.21675478E+01 -0.12424417E+02
  0.21769365E+01 -0.12422537E+02
  0.21863252E+01 -0.12421373E+02
  0.21957139E+01 -0.12420948E+02
  0.22051026E+01 -0.12421280E+02
  0.22144913E+01 -0.12422382E+02
  0.22238800E+01 -0.12424264E+02
  0.22332687E+01 -0.12426931E+02
  0.22426574E+01 -0.12430387E+02
  0.22520461E+01 -0.12434633E+02
  0.22614348E+01 -0.12439665E+02
  0.22708235E+01 -0.12445481E+02
  0.22802122E+01 -0.12452076E+02
  0.22896009E+01 -0.12459441E+02
  0.22989896E+01 -0.12467568E+02
  0.23083783E+01 -0.12476443E+02
  0.23177670E+01 -0.12486053E+02
  0.23271557E+01 -0.12496379E+02
  0.23365444E+01 -0.12507400E+02
  0.23459331E+01 -0.12519092E+02
  0.23553218E+01 -0.12531429E+02
  0.23647105E+01 -0.12544383E+02
  0.23740992E+01 -0.12557925E+02
  0.23834879E+01 -0.12572022E+02
  0.23928766E+01 -0.12586642E+02
  0.24022653E+01 -0.12601752E+02
  0.24116540E+01 -0.12617319E+02
  0.24210427E+01 -0.12633308E+02
  0.24304314E+01 -0.12649686E+02
  0.24398201E+01 -0.12666419E+02
  0.24492088E+01 -0.12683474E+02
  0.24585975E+01 -0.12700819E+02
  0.24679862E+01 -0.12718422E+02
  0.24773749E+01 -0.12736253E+02
  0.24867636E+01 -0.12754280E+02
  0.24961523E+01 -0.12772475E+02
  0.25055410E+01 -0.12790808E+02
  0.25149297E+01 -0.12809250E+02
  0.25243184E+01 -0.12827772E+02
  0.25337071E+01 -0.12846345E+02
  0.25430958E+01 -0.12864944E+02
  0.25524845E+01 -0.12883543E+02
  0.25618732E+01 -0.12902117E+02
  0.25712619E+01 -0.12920645E+02
  0.25806506E+01 -0.12939106E+02
  0.25900393E+01 -0.12957481E+02
  0.25994280E+01 -0.12975754E+02
  0.26088167E+01 -0.12993908E+02
  0.26182054E+01 -0.13011929E+02
  0.26275941E+01 -0.13029801E+02
  0.26369828E+01 -0.13047508E+02
  0.26463715E+01 -0.13065036E+02
  0.26557602E+01 -0.13082366E+02
  0.26651489E+01 -0.13099483E+02
  0.26745376E+01 -0.13116370E+02
  0.26839263E+01 -0.13133008E+02
  0.26933150E+01 -0.13149384E+02
  0.27027037E+01 -0.13165483E+02
  0.27120924E+01 -0.13181291E+02
  0.27214811E+01 -0.13196798E+02
  0.27308698E+01 -0.13211994E+02
  0.27402585E+01 -0.13226872E+02
  0.27496472E+01 -0.13241425E+02
  0.27590359E+01 -0.13255646E+02
  0.27684246E+01 -0.13269531E+02
  0.27778133E+01 -0.13283073E+02
  0.27872020E+01 -0.13296267E+02
  0.27965907E+01 -0.13309104E+02
  0.28059794E+01 -0.13321579E+02
  0.28153681E+01 -0.13333682E+02
  0.28247568E+01 -0.13345407E+02
  0.28341455E+01 -0.13356746E+02
  0.28435342E+01 -0.13367692E+02
  0.28529229E+01 -0.13378239E+02
  0.28623116E+01 -0.13388381E+02
  0.28717003E+01 -0.13398115E+02
  0.28810890E+01 -0.13407437E+02
  0.28904777E+01 -0.13416344E+02
  0.28998664E+01 -0.13424833E+02
  0.29092551E+01 -0.13432902E+02
  0.29186438E+01 -0.13440546E+02
  0.29280325E+01 -0.13447763E+02
  0.29374212E+01 -0.13454547E+02
  0.29468099E+01 -0.13460896E+02
  0.29561986E+01 -0.13466804E+02
  0.29655873E+01 -0.13472268E+02
  0.29749760E+01 -0.13477285E+02
  0.29843647E+01 -0.13481853E+02
  0.29937534E+01 -0.13485971E+02
  0.30031421E+01 -0.13489638E+02
  0.30125308E+01 -0.13492854E+02
  0.30219195E+01 -0.13495621E+02
  0.30313082E+01 -0.13497937E+02
  0.30406969E+01 -0.13499805E+02
  0.30500856E+01 -0.13501222E+02
  0.30594743E+01 -0.13502190E+02
  0.30688630E+01 -0.13502708E+02
  0.30782517E+01 -0.13502785E+02
  
  0.00000000E+00 -0.12425721E+02
  0.93887000E-02 -0.12421873E+02
  0.18777400E-01 -0.12418660E+02
  0.28166100E-01 -0.12416116E+02
  0.37554800E-01 -0.12414271E+02
  0.46943500E-01 -0.12413154E+02
  0.56332200E-01 -0.12412787E+02
  0.65720900E-01 -0.12413190E+02
  0.75109600E-01 -0.12414379E+02
  0.84498300E-01 -0.12416364E+02
  0.93887000E-01 -0.12419151E+02
  0.10327570E+00 -0.12422742E+02
  0.11266440E+00 -0.12427132E+02
  0.12205310E+00 -0.12432313E+02
  0.13144180E+00 -0.12438273E+02
  0.14083050E+00 -0.12444997E+02
  0.15021920E+00 -0.12452468E+02
  0.15960790E+00 -0.12460668E+02
  0.16899660E+00 -0.12469580E+02
  0.17838530E+00 -0.12479186E+02
  0.18777400E+00 -0.12489469E+02
  0.19716270E+00 -0.12500409E+02
  0.20655140E+00 -0.12511990E+02
  0.21594010E+00 -0.12524190E+02
  0.22532880E+00 -0.12536988E+02
  0.23471750E+00 -0.12550360E+02
  0.24410620E+00 -0.12564278E+02
  0.25349490E+00 -0.12578713E+02
  0.26288360E+00 -0.12593637E+02
  0.27227230E+00 -0.12609017E+02
  0.28166100E+00 -0.12624821E+02
  0.29104970E+00 -0.12641019E+02
  0.30043840E+00 -0.12657579E+02
  0.30982710E+00 -0.12674470E+02
  0.31921580E+00 -0.12691661E+02
  0.32860450E+00 -0.12709122E+02
  0.33799320E+00 -0.12726823E+02
  0.34738190E+00 -0.12744731E+02
  0.35677060E+00 -0.12762817E+02
  0.36615930E+00 -0.12781049E+02
  0.37554800E+00 -0.12799397E+02
  0.38493670E+00 -0.12817831E+02
  0.39432540E+00 -0.12836323E+02
  0.40371410E+00 -0.12854844E+02
  0.41310280E+00 -0.12873370E+02
  0.42249150E+00 -0.12891877E+02
  0.43188020E+00 -0.12910342E+02
  0.44126890E+00 -0.12928747E+02
  0.45065760E+00 -0.12947073E+02
  0.46004630E+00 -0.12965303E+02
  0.46943500E+00 -0.12983422E+02
  0.47882370E+00 -0.13001413E+02
  0.48821240E+00 -0.13019263E+02
  0.49760110E+00 -0.13036957E+02
  0.50698980E+00 -0.13054479E+02
  0.51637850E+00 -0.13071817E+02
  0.52576720E+00 -0.13088954E+02
  0.53515590E+00 -0.13105876E+02
  0.54454460E+00 -0.13122570E+02
  0.55393330E+00 -0.13139021E+02
  0.56332200E+00 -0.13155216E+02
  0.57271070E+00 -0.13171140E+02
  0.58209940E+00 -0.13186784E+02
  0.59148810E+00 -0.13202134E+02
  0.60087680E+00 -0.13217181E+02
  0.61026550E+00 -0.13231914E+02
  0.61965420E+00 -0.13246326E+02
  0.62904290E+00 -0.13260408E+02
  0.63843160E+00 -0.13274152E+02
  0.64782030E+00 -0.13287552E+02
  0.65720900E+00 -0.13300602E+02
  0.66659770E+00 -0.13313293E+02
  0.67598640E+00 -0.13325621E+02
  0.68537510E+00 -0.13337578E+02
  0.69476380E+00 -0.13349157E+02
  0.70415250E+00 -0.13360352E+02
  0.71354120E+00 -0.13371155E+02
  0.72292990E+00 -0.13381560E+02
  0.73231860E+00 -0.13391560E+02
  0.74170730E+00 -0.13401150E+02
  0.75109600E+00 -0.13410323E+02
  0.76048470E+00 -0.13419076E+02
  0.76987340E+00 -0.13427405E+02
  0.77926210E+00 -0.13435308E+02
  0.78865080E+00 -0.13442783E+02
  0.79803950E+00 -0.13449829E+02
  0.80742820E+00 -0.13456446E+02
  0.81681690E+00 -0.13462631E+02
  0.82620560E+00 -0.13468384E+02
  0.83559430E+00 -0.13473703E+02
  0.84498300E+00 -0.13478585E+02
  0.85437170E+00 -0.13483027E+02
  0.86376040E+00 -0.13487025E+02
  0.87314910E+00 -0.13490577E+02
  0.88253780E+00 -0.13493680E+02
  0.89192650E+00 -0.13496331E+02
  0.90131520E+00 -0.13498529E+02
  0.91070390E+00 -0.13500273E+02
  0.92009260E+00 -0.13501563E+02
  0.92948130E+00 -0.13502400E+02
  0.93887000E+00 -0.13502773E+02
  0.94824279E+00 -0.13502409E+02
  0.95761559E+00 -0.13501593E+02
  0.96698838E+00 -0.13500337E+02
  0.97636118E+00 -0.13498640E+02
  0.98573397E+00 -0.13496498E+02
  0.99510677E+00 -0.13493905E+02
  0.10044796E+01 -0.13490857E+02
  0.10138524E+01 -0.13487353E+02
  0.10232252E+01 -0.13483398E+02
  0.10325980E+01 -0.13478999E+02
  0.10419707E+01 -0.13474162E+02
  0.10513435E+01 -0.13468892E+02
  0.10607163E+01 -0.13463194E+02
  0.10700891E+01 -0.13457066E+02
  0.10794619E+01 -0.13450508E+02
  0.10888347E+01 -0.13443520E+02
  0.10982075E+01 -0.13436105E+02
  0.11075803E+01 -0.13428267E+02
  0.11169531E+01 -0.13420014E+02
  0.11263259E+01 -0.13411355E+02
  0.11356987E+01 -0.13402297E+02
  0.11450715E+01 -0.13392850E+02
  0.11544443E+01 -0.13383020E+02
  0.11638171E+01 -0.13372813E+02
  0.11731899E+01 -0.13362235E+02
  0.11825627E+01 -0.13351294E+02
  0.11919355E+01 -0.13339995E+02
  0.12013083E+01 -0.13328345E+02
  0.12106811E+01 -0.13316352E+02
  0.12200539E+01 -0.13304021E+02
  0.12294267E+01 -0.13291361E+02
  0.12387995E+01 -0.13278382E+02
  0.12481723E+01 -0.13265094E+02
  0.12575450E+01 -0.13251514E+02
  0.12669178E+01 -0.13237656E+02
  0.12762906E+01 -0.13223539E+02
  0.12856634E+01 -0.13209180E+02
  0.12950362E+01 -0.13194596E+02
  0.13044090E+01 -0.13179802E+02
  0.13137818E+01 -0.13164814E+02
  0.13231546E+01 -0.13149645E+02
  0.13325274E+01 -0.13134310E+02
  0.13419002E+01 -0.13118824E+02
  0.13512730E+01 -0.13103203E+02
  0.13606458E+01 -0.13087468E+02
  0.13700186E+01 -0.13071640E+02
  0.13793914E+01 -0.13055745E+02
  0.13887642E+01 -0.13039811E+02
  0.13981370E+01 -0.13023871E+02
  0.14075098E+01 -0.13007960E+02
  0.14168826E+01 -0.12992114E+02
  0.14262554E+01 -0.12976370E+02
  0.14356282E+01 -0.12960766E+02
  0.14450010E+01 -0.12945337E+02
  0.14543738E+01 -0.12930115E+02
  0.14637466E+01 -0.12915132E+02
  0.14731194E+01 -0.12900417E+02
  0.14824921E+01 -0.12886000E+02
  0.14918649E+01 -0.12871910E+02
  0.15012377E+01 -0.12858182E+02
  0.15106105E+01 -0.12844850E+02
  0.15199833E+01 -0.12831956E+02
  0.15293561E+01 -0.12819544E+02
  0.15387289E+01 -0.12807661E+02
  0.15481017E+01 -0.12796358E+02
  0.15574745E+01 -0.12785688E+02
  0.15668473E+01 -0.12775703E+02
  0.15762201E+01 -0.12766453E+02
  0.15855929E+01 -0.12757986E+02
  0.15949657E+01 -0.12750343E+02
  0.16043385E+01 -0.12743558E+02
  0.16137113E+01 -0.12737662E+02
  0.16230841E+01 -0.12732678E+02
  0.16324569E+01 -0.12728622E+02
  0.16418297E+01 -0.12725508E+02
  0.16512025E+01 -0.12723346E+02
  0.16605753E+01 -0.12722141E+02
  0.16699481E+01 -0.12721874E+02
  0.16793367E+01 -0.12721562E+02
  0.16887254E+01 -0.12720892E+02
  0.16981141E+01 -0.12719870E+02
  0.17075028E+01 -0.12718496E+02
  0.17168914E+01 -0.12716772E+02
  0.17262801E+01 -0.12714700E+02
  0.17356688E+01 -0.12712282E+02
  0.17450574E+01 -0.12709522E+02
  0.17544461E+01 -0.12706423E+02
  0.17638348E+01 -0.12702991E+02
  0.17732235E+01 -0.12699231E+02
  0.17826121E+01 -0.12695150E+02
  0.17920008E+01 -0.12690754E+02
  0.18013895E+01 -0.12686048E+02
  0.18107782E+01 -0.12681039E+02
  0.18201668E+01 -0.12675734E+02
  0.18295555E+01 -0.12670137E+02
  0.18389442E+01 -0.12664257E+02
  0.18483328E+01 -0.12658099E+02
  0.18577215E+01 -0.12651671E+02
  0.18671102E+01 -0.12644982E+02
  0.18764989E+01 -0.12638041E+02
  0.18858875E+01 -0.12630858E+02
  0.18952762E+01 -0.12623447E+02
  0.19046649E+01 -0.12615821E+02
  0.19140536E+01 -0.12607997E+02
  0.19234422E+01 -0.12599992E+02
  0.19328309E+01 -0.12591827E+02
  0.19422196E+01 -0.12583522E+02
  0.19516082E+01 -0.12575100E+02
  0.19609969E+01 -0.12566587E+02
  0.19703856E+01 -0.12558006E+02
  0.19797743E+01 -0.12549385E+02
  0.19891629E+01 -0.12540749E+02
  0.19985516E+01 -0.12532125E+02
  0.20079403E+01 -0.12523542E+02
  0.20173290E+01 -0.12515026E+02
  0.20267176E+01 -0.12506607E+02
  0.20361063E+01 -0.12498315E+02
  0.20454950E+01 -0.12490179E+02
  0.20548837E+01 -0.12482234E+02
  0.20642723E+01 -0.12474515E+02
  0.20736610E+01 -0.12467059E+02
  0.20830497E+01 -0.12459906E+02
  0.20924383E+01 -0.12453096E+02
  0.21018270E+01 -0.12446674E+02
  0.21112157E+01 -0.12440682E+02
  0.21206044E+01 -0.12435164E+02
  0.21299930E+01 -0.12430163E+02
  0.21393817E+01 -0.12425721E+02
  0.21487704E+01 -0.12421873E+02
  0.21581591E+01 -0.12418660E+02
  0.21675478E+01 -0.12416116E+02
  0.21769365E+01 -0.12414271E+02
  0.21863252E+01 -0.12413154E+02
  0.21957139E+01 -0.12412787E+02
  0.22051026E+01 -0.12413190E+02
  0.22144913E+01 -0.12414379E+02
  0.22238800E+01 -0.12416364E+02
  0.22332687E+01 -0.12419151E+02
  0.22426574E+01 -0.12422742E+02
  0.22520461E+01 -0.12427132E+02
  0.22614348E+01 -0.12432313E+02
  0.22708235E+01 -0.12438273E+02
  0.22802122E+01 -0.12444997E+02
  0.22896009E+01 -0.12452468E+02
  0.22989896E+01 -0.12460668E+02
  0.23083783E+01 -0.12469580E+02
  0.23177670E+01 -0.12479186E+02
  0.23271557E+01 -0.12489469E+02
  0.23365444E+01 -0.12500409E+02
  0.23459331E+01 -0.12511990E+02
  0.23553218E+01 -0.12524190E+02
  0.23647105E+01 -0.12536988E+02
  0.23740992E+01 -0.12550360E+02
  0.23834879E+01 -0.12564278E+02
  0.23928766E+01 -0.12578713E+02
  0.24022653E+01 -0.12593637E+02
  0.24116540E+01 -0.12609017E+02
  0.24210427E+01 -0.12624821E+02
  0.24304314E+01 -0.12641019E+02
  0.24398201E+01 -0.12657579E+02
  0.24492088E+01 -0.12674470E+02
  0.24585975E+01 -0.12691661E+02
  0.24679862E+01 -0.12709122E+02
  0.24773749E+01 -0.12726823E+02
  0.24867636E+01 -0.12744731E+02
  0.24961523E+01 -0.12762817E+02
  0.25055410E+01 -0.12781049E+02
  0.25149297E+01 -0.12799397E+02
  0.25243184E+01 -0.12817831E+02
  0.25337071E+01 -0.12836323E+02
  0.25430958E+01 -0.12854844E+02
  0.25524845E+01 -0.12873370E+02
  0.25618732E+01 -0.12891877E+02
  0.25712619E+01 -0.12910342E+02
  0.25806506E+01 -0.12928747E+02
  0.25900393E+01 -0.12947073E+02
  0.25994280E+01 -0.12965303E+02
  0.26088167E+01 -0.12983422E+02
  0.26182054E+01 -0.13001413E+02
  0.26275941E+01 -0.13019263E+02
  0.26369828E+01 -0.13036957E+02
  0.26463715E+01 -0.13054479E+02
  0.26557602E+01 -0.13071817E+02
  0.26651489E+01 -0.13088954E+02
  0.26745376E+01 -0.13105876E+02
  0.26839263E+01 -0.13122570E+02
  0.26933150E+01 -0.13139021E+02
  0.27027037E+01 -0.13155216E+02
  0.27120924E+01 -0.13171140E+02
  0.27214811E+01 -0.13186784E+02
  0.27308698E+01 -0.13202134E+02
  0.27402585E+01 -0.13217181E+02
  0.27496472E+01 -0.13231914E+02
  0.27590359E+01 -0.13246326E+02
  0.27684246E+01 -0.13260408E+02
  0.27778133E+01 -0.13274152E+02
  0.27872020E+01 -0.13287552E+02
  0.27965907E+01 -0.13300602E+02
  0.28059794E+01 -0.13313293E+02
  0.28153681E+01 -0.13325621E+02
  0.28247568E+01 -0.13337578E+02
  0.28341455E+01 -0.13349157E+02
  0.28435342E+01 -0.13360352E+02
  0.28529229E+01 -0.13371155E+02
  0.28623116E+01 -0.13381560E+02
  0.28717003E+01 -0.13391560E+02
  0.28810890E+01 -0.13401150E+02
  0.28904777E+01 -0.13410323E+02
  0.28998664E+01 -0.13419076E+02
  0.29092551E+01 -0.13427405E+02
  0.29186438E+01 -0.13435308E+02
  0.29280325E+01 -0.13442783E+02
  0.29374212E+01 -0.13449829E+02
  0.29468099E+01 -0.13456446E+02
  0.29561986E+01 -0.13462631E+02
  0.29655873E+01 -0.13468384E+02
  0.29749760E+01 -0.13473703E+02
  0.29843647E+01 -0.13478585E+02
  0.29937534E+01 -0.13483027E+02
  0.30031421E+01 -0.13487025E+02
  0.30125308E+01 -0.13490577E+02
  0.30219195E+01 -0.13493680E+02
  0.30313082E+01 -0.13496331E+02
  0.30406969E+01 -0.13498529E+02
  0.30500856E+01 -0.13500273E+02
  0.30594743E+01 -0.13501563E+02
  0.30688630E+01 -0.13502400E+02
  0.30782517E+01 -0.13502773E+02
  
  0.00000000E+00 -0.10767976E+02
  0.93887000E-02 -0.10770171E+02
  0.18777400E-01 -0.10771779E+02
  0.28166100E-01 -0.10772754E+02
  0.37554800E-01 -0.10773050E+02
  0.46943500E-01 -0.10772626E+02
  0.56332200E-01 -0.10771440E+02
  0.65720900E-01 -0.10769455E+02
  0.75109600E-01 -0.10766635E+02
  0.84498300E-01 -0.10762954E+02
  0.93887000E-01 -0.10758386E+02
  0.10327570E+00 -0.10752913E+02
  0.11266440E+00 -0.10746525E+02
  0.12205310E+00 -0.10739216E+02
  0.13144180E+00 -0.10730985E+02
  0.14083050E+00 -0.10721838E+02
  0.15021920E+00 -0.10711788E+02
  0.15960790E+00 -0.10700847E+02
  0.16899660E+00 -0.10689035E+02
  0.17838530E+00 -0.10676372E+02
  0.18777400E+00 -0.10662882E+02
  0.19716270E+00 -0.10648590E+02
  0.20655140E+00 -0.10633521E+02
  0.21594010E+00 -0.10617701E+02
  0.22532880E+00 -0.10601160E+02
  0.23471750E+00 -0.10583926E+02
  0.24410620E+00 -0.10566028E+02
  0.25349490E+00 -0.10547497E+02
  0.26288360E+00 -0.10528366E+02
  0.27227230E+00 -0.10508667E+02
  0.28166100E+00 -0.10488434E+02
  0.29104970E+00 -0.10467704E+02
  0.30043840E+00 -0.10446511E+02
  0.30982710E+00 -0.10424893E+02
  0.31921580E+00 -0.10402885E+02
  0.32860450E+00 -0.10380523E+02
  0.33799320E+00 -0.10357842E+02
  0.34738190E+00 -0.10334877E+02
  0.35677060E+00 -0.10311662E+02
  0.36615930E+00 -0.10288228E+02
  0.37554800E+00 -0.10264609E+02
  0.38493670E+00 -0.10240835E+02
  0.39432540E+00 -0.10216939E+02
  0.40371410E+00 -0.10192951E+02
  0.41310280E+00 -0.10168903E+02
  0.42249150E+00 -0.10144827E+02
  0.43188020E+00 -0.10120754E+02
  0.44126890E+00 -0.10096716E+02
  0.45065760E+00 -0.10072742E+02
  0.46004630E+00 -0.10048863E+02
  0.46943500E+00 -0.10025108E+02
  0.47882370E+00 -0.10001503E+02
  0.48821240E+00 -0.99780762E+01
  0.49760110E+00 -0.99548526E+01
  0.50698980E+00 -0.99318567E+01
  0.51637850E+00 -0.99091121E+01
  0.52576720E+00 -0.98866416E+01
  0.53515590E+00 -0.98644671E+01
  0.54454460E+00 -0.98426098E+01
  0.55393330E+00 -0.98210901E+01
  0.56332200E+00 -0.97999273E+01
  0.57271070E+00 -0.97791401E+01
  0.58209940E+00 -0.97587463E+01
  0.59148810E+00 -0.97387627E+01
  0.60087680E+00 -0.97192057E+01
  0.61026550E+00 -0.97000908E+01
  0.61965420E+00 -0.96814329E+01
  0.62904290E+00 -0.96632465E+01
  0.63843160E+00 -0.96455452E+01
  0.64782030E+00 -0.96283423E+01
  0.65720900E+00 -0.96116497E+01
  0.66659770E+00 -0.95954783E+01
  0.67598640E+00 -0.95798374E+01
  0.68537510E+00 -0.95647345E+01
  0.69476380E+00 -0.95501750E+01
  0.70415250E+00 -0.95361621E+01
  0.71354120E+00 -0.95226970E+01
  0.72292990E+00 -0.95097788E+01
  0.73231860E+00 -0.94974051E+01
  0.74170730E+00 -0.94855726E+01
  0.75109600E+00 -0.94742774E+01
  0.76048470E+00 -0.94635155E+01
  0.76987340E+00 -0.94532837E+01
  0.77926210E+00 -0.94435794E+01
  0.78865080E+00 -0.94344008E+01
  0.79803950E+00 -0.94257471E+01
  0.80742820E+00 -0.94176177E+01
  0.81681690E+00 -0.94100125E+01
  0.82620560E+00 -0.94029309E+01
  0.83559430E+00 -0.93963717E+01
  0.84498300E+00 -0.93903328E+01
  0.85437170E+00 -0.93848116E+01
  0.86376040E+00 -0.93798043E+01
  0.87314910E+00 -0.93753072E+01
  0.88253780E+00 -0.93713164E+01
  0.89192650E+00 -0.93678285E+01
  0.90131520E+00 -0.93648411E+01
  0.91070390E+00 -0.93623532E+01
  0.92009260E+00 -0.93603651E+01
  0.92948130E+00 -0.93588789E+01
  0.93887000E+00 -0.93578988E+01
  0.94824279E+00 -0.93590168E+01
  0.95761559E+00 -0.93607742E+01
  0.96698838E+00 -0.93631579E+01
  0.97636118E+00 -0.93661626E+01
  0.98573397E+00 -0.93697864E+01
  0.99510677E+00 -0.93740305E+01
  0.10044796E+01 -0.93788985E+01
  0.10138524E+01 -0.93843953E+01
  0.10232252E+01 -0.93905260E+01
  0.10325980E+01 -0.93972958E+01
  0.10419707E+01 -0.94047093E+01
  0.10513435E+01 -0.94127707E+01
  0.10607163E+01 -0.94214834E+01
  0.10700891E+01 -0.94308495E+01
  0.10794619E+01 -0.94408686E+01
  0.10888347E+01 -0.94515378E+01
  0.10982075E+01 -0.94628514E+01
  0.11075803E+01 -0.94748013E+01
  0.11169531E+01 -0.94873783E+01
  0.11263259E+01 -0.95005735E+01
  0.11356987E+01 -0.95143791E+01
  0.11450715E+01 -0.95287894E+01
  0.11544443E+01 -0.95438004E+01
  0.11638171E+01 -0.95594101E+01
  0.11731899E+01 -0.95756168E+01
  0.11825627E+01 -0.95924189E+01
  0.11919355E+01 -0.96098132E+01
  0.12013083E+01 -0.96277947E+01
  0.12106811E+01 -0.96463555E+01
  0.12200539E+01 -0.96654844E+01
  0.12294267E+01 -0.96851663E+01
  0.12387995E+01 -0.97053824E+01
  0.12481723E+01 -0.97261099E+01
  0.12575450E+01 -0.97473227E+01
  0.12669178E+01 -0.97689929E+01
  0.12762906E+01 -0.97910912E+01
  0.12856634E+01 -0.98135891E+01
  0.12950362E+01 -0.98364593E+01
  0.13044090E+01 -0.98596766E+01
  0.13137818E+01 -0.98832174E+01
  0.13231546E+01 -0.99070592E+01
  0.13325274E+01 -0.99311793E+01
  0.13419002E+01 -0.99555530E+01
  0.13512730E+01 -0.99801524E+01
  0.13606458E+01 -0.10004945E+02
  0.13700186E+01 -0.10029894E+02
  0.13793914E+01 -0.10054954E+02
  0.13887642E+01 -0.10080074E+02
  0.13981370E+01 -0.10105200E+02
  0.14075098E+01 -0.10130268E+02
  0.14168826E+01 -0.10155212E+02
  0.14262554E+01 -0.10179966E+02
  0.14356282E+01 -0.10204460E+02
  0.14450010E+01 -0.10228629E+02
  0.14543738E+01 -0.10252409E+02
  0.14637466E+01 -0.10275741E+02
  0.14731194E+01 -0.10298569E+02
  0.14824921E+01 -0.10320841E+02
  0.14918649E+01 -0.10342504E+02
  0.15012377E+01 -0.10363506E+02
  0.15106105E+01 -0.10383795E+02
  0.15199833E+01 -0.10403314E+02
  0.15293561E+01 -0.10422005E+02
  0.15387289E+01 -0.10439806E+02
  0.15481017E+01 -0.10456652E+02
  0.15574745E+01 -0.10472476E+02
  0.15668473E+01 -0.10487212E+02
  0.15762201E+01 -0.10500793E+02
  0.15855929E+01 -0.10513161E+02
  0.15949657E+01 -0.10524263E+02
  0.16043385E+01 -0.10534053E+02
  0.16137113E+01 -0.10542498E+02
  0.16230841E+01 -0.10549574E+02
  0.16324569E+01 -0.10555266E+02
  0.16418297E+01 -0.10559567E+02
  0.16512025E+01 -0.10562474E+02
  0.16605753E+01 -0.10563989E+02
  0.16699481E+01 -0.10564118E+02
  0.16793367E+01 -0.10564978E+02
  0.16887254E+01 -0.10566027E+02
  0.16981141E+01 -0.10567251E+02
  0.17075028E+01 -0.10568649E+02
  0.17168914E+01 -0.10570218E+02
  0.17262801E+01 -0.10571958E+02
  0.17356688E+01 -0.10573867E+02
  0.17450574E+01 -0.10575944E+02
  0.17544461E+01 -0.10578187E+02
  0.17638348E+01 -0.10580596E+02
  0.17732235E+01 -0.10583171E+02
  0.17826121E+01 -0.10585910E+02
  0.17920008E+01 -0.10588817E+02
  0.18013895E+01 -0.10591892E+02
  0.18107782E+01 -0.10595136E+02
  0.18201668E+01 -0.10598554E+02
  0.18295555E+01 -0.10602145E+02
  0.18389442E+01 -0.10605913E+02
  0.18483328E+01 -0.10609857E+02
  0.18577215E+01 -0.10613978E+02
  0.18671102E+01 -0.10618275E+02
  0.18764989E+01 -0.10622747E+02
  0.18858875E+01 -0.10627388E+02
  0.18952762E+01 -0.10632196E+02
  0.19046649E+01 -0.10637164E+02
  0.19140536E+01 -0.10642286E+02
  0.19234422E+01 -0.10647554E+02
  0.19328309E+01 -0.10652961E+02
  0.19422196E+01 -0.10658495E+02
  0.19516082E+01 -0.10664148E+02
  0.19609969E+01 -0.10669907E+02
  0.19703856E+01 -0.10675759E+02
  0.19797743E+01 -0.10681688E+02
  0.19891629E+01 -0.10687678E+02
  0.19985516E+01 -0.10693707E+02
  0.20079403E+01 -0.10699754E+02
  0.20173290E+01 -0.10705791E+02
  0.20267176E+01 -0.10711791E+02
  0.20361063E+01 -0.10717722E+02
  0.20454950E+01 -0.10723551E+02
  0.20548837E+01 -0.10729242E+02
  0.20642723E+01 -0.10734760E+02
  0.20736610E+01 -0.10740065E+02
  0.20830497E+01 -0.10745121E+02
  0.20924383E+01 -0.10749887E+02
  0.21018270E+01 -0.10754324E+02
  0.21112157E+01 -0.10758393E+02
  0.21206044E+01 -0.10762052E+02
  0.21299930E+01 -0.10765261E+02
  0.21393817E+01 -0.10767976E+02
  0.21487704E+01 -0.10770171E+02
  0.21581591E+01 -0.10771779E+02
  0.21675478E+01 -0.10772754E+02
  0.21769365E+01 -0.10773050E+02
  0.21863252E+01 -0.10772626E+02
  0.21957139E+01 -0.10771440E+02
  0.22051026E+01 -0.10769455E+02
  0.22144913E+01 -0.10766635E+02
  0.22238800E+01 -0.10762954E+02
  0.22332687E+01 -0.10758386E+02
  0.22426574E+01 -0.10752913E+02
  0.22520461E+01 -0.10746525E+02
  0.22614348E+01 -0.10739216E+02
  0.22708235E+01 -0.10730985E+02
  0.22802122E+01 -0.10721838E+02
  0.22896009E+01 -0.10711788E+02
  0.22989896E+01 -0.10700847E+02
  0.23083783E+01 -0.10689035E+02
  0.23177670E+01 -0.10676372E+02
  0.23271557E+01 -0.10662882E+02
  0.23365444E+01 -0.10648590E+02
  0.23459331E+01 -0.10633521E+02
  0.23553218E+01 -0.10617701E+02
  0.23647105E+01 -0.10601160E+02
  0.23740992E+01 -0.10583926E+02
  0.23834879E+01 -0.10566028E+02
  0.23928766E+01 -0.10547497E+02
  0.24022653E+01 -0.10528366E+02
  0.24116540E+01 -0.10508667E+02
  0.24210427E+01 -0.10488434E+02
  0.24304314E+01 -0.10467704E+02
  0.24398201E+01 -0.10446511E+02
  0.24492088E+01 -0.10424893E+02
  0.24585975E+01 -0.10402885E+02
  0.24679862E+01 -0.10380523E+02
  0.24773749E+01 -0.10357842E+02
  0.24867636E+01 -0.10334877E+02
  0.24961523E+01 -0.10311662E+02
  0.25055410E+01 -0.10288228E+02
  0.25149297E+01 -0.10264609E+02
  0.25243184E+01 -0.10240835E+02
  0.25337071E+01 -0.10216939E+02
  0.25430958E+01 -0.10192951E+02
  0.25524845E+01 -0.10168903E+02
  0.25618732E+01 -0.10144827E+02
  0.25712619E+01 -0.10120754E+02
  0.25806506E+01 -0.10096716E+02
  0.25900393E+01 -0.10072742E+02
  0.25994280E+01 -0.10048863E+02
  0.26088167E+01 -0.10025108E+02
  0.26182054E+01 -0.10001503E+02
  0.26275941E+01 -0.99780762E+01
  0.26369828E+01 -0.99548526E+01
  0.26463715E+01 -0.99318567E+01
  0.26557602E+01 -0.99091121E+01
  0.26651489E+01 -0.98866416E+01
  0.26745376E+01 -0.98644671E+01
  0.26839263E+01 -0.98426098E+01
  0.26933150E+01 -0.98210901E+01
  0.27027037E+01 -0.97999273E+01
  0.27120924E+01 -0.97791401E+01
  0.27214811E+01 -0.97587463E+01
  0.27308698E+01 -0.97387627E+01
  0.27402585E+01 -0.97192057E+01
  0.27496472E+01 -0.97000908E+01
  0.27590359E+01 -0.96814329E+01
  0.27684246E+01 -0.96632465E+01
  0.27778133E+01 -0.96455452E+01
  0.27872020E+01 -0.96283423E+01
  0.27965907E+01 -0.96116497E+01
  0.28059794E+01 -0.95954783E+01
  0.28153681E+01 -0.95798374E+01
  0.28247568E+01 -0.95647345E+01
  0.28341455E+01 -0.95501750E+01
  0.28435342E+01 -0.95361621E+01
  0.28529229E+01 -0.95226970E+01
  0.28623116E+01 -0.95097788E+01
  0.28717003E+01 -0.94974051E+01
  0.28810890E+01 -0.94855726E+01
  0.28904777E+01 -0.94742774E+01
  0.28998664E+01 -0.94635155E+01
  0.29092551E+01 -0.94532837E+01
  0.29186438E+01 -0.94435794E+01
  0.29280325E+01 -0.94344008E+01
  0.29374212E+01 -0.94257471E+01
  0.29468099E+01 -0.94176177E+01
  0.29561986E+01 -0.94100125E+01
  0.29655873E+01 -0.94029309E+01
  0.29749760E+01 -0.93963717E+01
  0.29843647E+01 -0.93903328E+01
  0.29937534E+01 -0.93848116E+01
  0.30031421E+01 -0.93798043E+01
  0.30125308E+01 -0.93753072E+01
  0.30219195E+01 -0.93713164E+01
  0.30313082E+01 -0.93678285E+01
  0.30406969E+01 -0.93648411E+01
  0.30500856E+01 -0.93623532E+01
  0.30594743E+01 -0.93603651E+01
  0.30688630E+01 -0.93588789E+01
  0.30782517E+01 -0.93578988E+01
  
  0.00000000E+00 -0.10711159E+02
  0.93887000E-02 -0.10713349E+02
  0.18777400E-01 -0.10715022E+02
  0.28166100E-01 -0.10716136E+02
  0.37554800E-01 -0.10716646E+02
  0.46943500E-01 -0.10716509E+02
  0.56332200E-01 -0.10715684E+02
  0.65720900E-01 -0.10714130E+02
  0.75109600E-01 -0.10711813E+02
  0.84498300E-01 -0.10708697E+02
  0.93887000E-01 -0.10704756E+02
  0.10327570E+00 -0.10699965E+02
  0.11266440E+00 -0.10694308E+02
  0.12205310E+00 -0.10687774E+02
  0.13144180E+00 -0.10680356E+02
  0.14083050E+00 -0.10672055E+02
  0.15021920E+00 -0.10662875E+02
  0.15960790E+00 -0.10652827E+02
  0.16899660E+00 -0.10641922E+02
  0.17838530E+00 -0.10630176E+02
  0.18777400E+00 -0.10617607E+02
  0.19716270E+00 -0.10604235E+02
  0.20655140E+00 -0.10590079E+02
  0.21594010E+00 -0.10575163E+02
  0.22532880E+00 -0.10559508E+02
  0.23471750E+00 -0.10543139E+02
  0.24410620E+00 -0.10526081E+02
  0.25349490E+00 -0.10508361E+02
  0.26288360E+00 -0.10490007E+02
  0.27227230E+00 -0.10471046E+02
  0.28166100E+00 -0.10451509E+02
  0.29104970E+00 -0.10431426E+02
  0.30043840E+00 -0.10410827E+02
  0.30982710E+00 -0.10389745E+02
  0.31921580E+00 -0.10368211E+02
  0.32860450E+00 -0.10346258E+02
  0.33799320E+00 -0.10323919E+02
  0.34738190E+00 -0.10301228E+02
  0.35677060E+00 -0.10278220E+02
  0.36615930E+00 -0.10254930E+02
  0.37554800E+00 -0.10231395E+02
  0.38493670E+00 -0.10207650E+02
  0.39432540E+00 -0.10183732E+02
  0.40371410E+00 -0.10159680E+02
  0.41310280E+00 -0.10135529E+02
  0.42249150E+00 -0.10111317E+02
  0.43188020E+00 -0.10087083E+02
  0.44126890E+00 -0.10062861E+02
  0.45065760E+00 -0.10038691E+02
  0.46004630E+00 -0.10014607E+02
  0.46943500E+00 -0.99906459E+01
  0.47882370E+00 -0.99668405E+01
  0.48821240E+00 -0.99432238E+01
  0.49760110E+00 -0.99198263E+01
  0.50698980E+00 -0.98966768E+01
  0.51637850E+00 -0.98738021E+01
  0.52576720E+00 -0.98512269E+01
  0.53515590E+00 -0.98289746E+01
  0.54454460E+00 -0.98070670E+01
  0.55393330E+00 -0.97855252E+01
  0.56332200E+00 -0.97643699E+01
  0.57271070E+00 -0.97436214E+01
  0.58209940E+00 -0.97233001E+01
  0.59148810E+00 -0.97034266E+01
  0.60087680E+00 -0.96840211E+01
  0.61026550E+00 -0.96651035E+01
  0.61965420E+00 -0.96466931E+01
  0.62904290E+00 -0.96288076E+01
  0.63843160E+00 -0.96114634E+01
  0.64782030E+00 -0.95946747E+01
  0.65720900E+00 -0.95784534E+01
  0.66659770E+00 -0.95628092E+01
  0.67598640E+00 -0.95477496E+01
  0.68537510E+00 -0.95332800E+01
  0.69476380E+00 -0.95194038E+01
  0.70415250E+00 -0.95061230E+01
  0.71354120E+00 -0.94934383E+01
  0.72292990E+00 -0.94813492E+01
  0.73231860E+00 -0.94698543E+01
  0.74170730E+00 -0.94589510E+01
  0.75109600E+00 -0.94486360E+01
  0.76048470E+00 -0.94389048E+01
  0.76987340E+00 -0.94297521E+01
  0.77926210E+00 -0.94211715E+01
  0.78865080E+00 -0.94131562E+01
  0.79803950E+00 -0.94056989E+01
  0.80742820E+00 -0.93987926E+01
  0.81681690E+00 -0.93924304E+01
  0.82620560E+00 -0.93866067E+01
  0.83559430E+00 -0.93813169E+01
  0.84498300E+00 -0.93765575E+01
  0.85437170E+00 -0.93723264E+01
  0.86376040E+00 -0.93686225E+01
  0.87314910E+00 -0.93654453E+01
  0.88253780E+00 -0.93627947E+01
  0.89192650E+00 -0.93606703E+01
  0.90131520E+00 -0.93590710E+01
  0.91070390E+00 -0.93579951E+01
  0.92009260E+00 -0.93574398E+01
  0.92948130E+00 -0.93574016E+01
  0.93887000E+00 -0.93578750E+01
  0.94824279E+00 -0.93573948E+01
  0.95761559E+00 -0.93575606E+01
  0.96698838E+00 -0.93583840E+01
  0.97636118E+00 -0.93598678E+01
  0.98573397E+00 -0.93620111E+01
  0.99510677E+00 -0.93648109E+01
  0.10044796E+01 -0.93682631E+01
  0.10138524E+01 -0.93723651E+01
  0.10232252E+01 -0.93771166E+01
  0.10325980E+01 -0.93825199E+01
  0.10419707E+01 -0.93885798E+01
  0.10513435E+01 -0.93953026E+01
  0.10607163E+01 -0.94026949E+01
  0.10700891E+01 -0.94107630E+01
  0.10794619E+01 -0.94195124E+01
  0.10888347E+01 -0.94289473E+01
  0.10982075E+01 -0.94390704E+01
  0.11075803E+01 -0.94498827E+01
  0.11169531E+01 -0.94613828E+01
  0.11263259E+01 -0.94735670E+01
  0.11356987E+01 -0.94864295E+01
  0.11450715E+01 -0.94999632E+01
  0.11544443E+01 -0.95141610E+01
  0.11638171E+01 -0.95290163E+01
  0.11731899E+01 -0.95445243E+01
  0.11825627E+01 -0.95606817E+01
  0.11919355E+01 -0.95774863E+01
  0.12013083E+01 -0.95949356E+01
  0.12106811E+01 -0.96130253E+01
  0.12200539E+01 -0.96317475E+01
  0.12294267E+01 -0.96510897E+01
  0.12387995E+01 -0.96710345E+01
  0.12481723E+01 -0.96915595E+01
  0.12575450E+01 -0.97126381E+01
  0.12669178E+01 -0.97342407E+01
  0.12762906E+01 -0.97563360E+01
  0.12856634E+01 -0.97788923E+01
  0.12950362E+01 -0.98018791E+01
  0.13044090E+01 -0.98252679E+01
  0.13137818E+01 -0.98490324E+01
  0.13231546E+01 -0.98731491E+01
  0.13325274E+01 -0.98975956E+01
  0.13419002E+01 -0.99223496E+01
  0.13512730E+01 -0.99473860E+01
  0.13606458E+01 -0.99726747E+01
  0.13700186E+01 -0.99981784E+01
  0.13793914E+01 -0.10023851E+02
  0.13887642E+01 -0.10049639E+02
  0.13981370E+01 -0.10075478E+02
  0.14075098E+01 -0.10101299E+02
  0.14168826E+01 -0.10127029E+02
  0.14262554E+01 -0.10152594E+02
  0.14356282E+01 -0.10177922E+02
  0.14450010E+01 -0.10202942E+02
  0.14543738E+01 -0.10227591E+02
  0.14637466E+01 -0.10251809E+02
  0.14731194E+01 -0.10275543E+02
  0.14824921E+01 -0.10298743E+02
  0.14918649E+01 -0.10321362E+02
  0.15012377E+01 -0.10343354E+02
  0.15106105E+01 -0.10364666E+02
  0.15199833E+01 -0.10385245E+02
  0.15293561E+01 -0.10405028E+02
  0.15387289E+01 -0.10423947E+02
  0.15481017E+01 -0.10441930E+02
  0.15574745E+01 -0.10458900E+02
  0.15668473E+01 -0.10474785E+02
  0.15762201E+01 -0.10489513E+02
  0.15855929E+01 -0.10503020E+02
  0.15949657E+01 -0.10515253E+02
  0.16043385E+01 -0.10526169E+02
  0.16137113E+01 -0.10535734E+02
  0.16230841E+01 -0.10543928E+02
  0.16324569E+01 -0.10550738E+02
  0.16418297E+01 -0.10556160E+02
  0.16512025E+01 -0.10560194E+02
  0.16605753E+01 -0.10562841E+02
  0.16699481E+01 -0.10564098E+02
  0.16793367E+01 -0.10563415E+02
  0.16887254E+01 -0.10562892E+02
  0.16981141E+01 -0.10562543E+02
  0.17075028E+01 -0.10562366E+02
  0.17168914E+01 -0.10562360E+02
  0.17262801E+01 -0.10562526E+02
  0.17356688E+01 -0.10562862E+02
  0.17450574E+01 -0.10563370E+02
  0.17544461E+01 -0.10564050E+02
  0.17638348E+01 -0.10564904E+02
  0.17732235E+01 -0.10565935E+02
  0.17826121E+01 -0.10567144E+02
  0.17920008E+01 -0.10568533E+02
  0.18013895E+01 -0.10570105E+02
  0.18107782E+01 -0.10571860E+02
  0.18201668E+01 -0.10573801E+02
  0.18295555E+01 -0.10575927E+02
  0.18389442E+01 -0.10578239E+02
  0.18483328E+01 -0.10580737E+02
  0.18577215E+01 -0.10583421E+02
  0.18671102E+01 -0.10586289E+02
  0.18764989E+01 -0.10589343E+02
  0.18858875E+01 -0.10592581E+02
  0.18952762E+01 -0.10596003E+02
  0.19046649E+01 -0.10599610E+02
  0.19140536E+01 -0.10603399E+02
  0.19234422E+01 -0.10607369E+02
  0.19328309E+01 -0.10611516E+02
  0.19422196E+01 -0.10615833E+02
  0.19516082E+01 -0.10620314E+02
  0.19609969E+01 -0.10624947E+02
  0.19703856E+01 -0.10629718E+02
  0.19797743E+01 -0.10634612E+02
  0.19891629E+01 -0.10639610E+02
  0.19985516E+01 -0.10644690E+02
  0.20079403E+01 -0.10649829E+02
  0.20173290E+01 -0.10655001E+02
  0.20267176E+01 -0.10660181E+02
  0.20361063E+01 -0.10665338E+02
  0.20454950E+01 -0.10670444E+02
  0.20548837E+01 -0.10675468E+02
  0.20642723E+01 -0.10680377E+02
  0.20736610E+01 -0.10685137E+02
  0.20830497E+01 -0.10689714E+02
  0.20924383E+01 -0.10694071E+02
  0.21018270E+01 -0.10698169E+02
  0.21112157E+01 -0.10701969E+02
  0.21206044E+01 -0.10705429E+02
  0.21299930E+01 -0.10708507E+02
  0.21393817E+01 -0.10711159E+02
  0.21487704E+01 -0.10713349E+02
  0.21581591E+01 -0.10715022E+02
  0.21675478E+01 -0.10716136E+02
  0.21769365E+01 -0.10716646E+02
  0.21863252E+01 -0.10716509E+02
  0.21957139E+01 -0.10715684E+02
  0.22051026E+01 -0.10714130E+02
  0.22144913E+01 -0.10711813E+02
  0.22238800E+01 -0.10708697E+02
  0.22332687E+01 -0.10704756E+02
  0.22426574E+01 -0.10699965E+02
  0.22520461E+01 -0.10694308E+02
  0.22614348E+01 -0.10687774E+02
  0.22708235E+01 -0.10680356E+02
  0.22802122E+01 -0.10672055E+02
  0.22896009E+01 -0.10662875E+02
  0.22989896E+01 -0.10652827E+02
  0.23083783E+01 -0.10641922E+02
  0.23177670E+01 -0.10630176E+02
  0.23271557E+01 -0.10617607E+02
  0.23365444E+01 -0.10604235E+02
  0.23459331E+01 -0.10590079E+02
  0.23553218E+01 -0.10575163E+02
  0.23647105E+01 -0.10559508E+02
  0.23740992E+01 -0.10543139E+02
  0.23834879E+01 -0.10526081E+02
  0.23928766E+01 -0.10508361E+02
  0.24022653E+01 -0.10490007E+02
  0.24116540E+01 -0.10471046E+02
  0.24210427E+01 -0.10451509E+02
  0.24304314E+01 -0.10431426E+02
  0.24398201E+01 -0.10410827E+02
  0.24492088E+01 -0.10389745E+02
  0.24585975E+01 -0.10368211E+02
  0.24679862E+01 -0.10346258E+02
  0.24773749E+01 -0.10323919E+02
  0.24867636E+01 -0.10301228E+02
  0.24961523E+01 -0.10278220E+02
  0.25055410E+01 -0.10254930E+02
  0.25149297E+01 -0.10231395E+02
  0.25243184E+01 -0.10207650E+02
  0.25337071E+01 -0.10183732E+02
  0.25430958E+01 -0.10159680E+02
  0.25524845E+01 -0.10135529E+02
  0.25618732E+01 -0.10111317E+02
  0.25712619E+01 -0.10087083E+02
  0.25806506E+01 -0.10062861E+02
  0.25900393E+01 -0.10038691E+02
  0.25994280E+01 -0.10014607E+02
  0.26088167E+01 -0.99906459E+01
  0.26182054E+01 -0.99668405E+01
  0.26275941E+01 -0.99432238E+01
  0.26369828E+01 -0.99198263E+01
  0.26463715E+01 -0.98966768E+01
  0.26557602E+01 -0.98738021E+01
  0.26651489E+01 -0.98512269E+01
  0.26745376E+01 -0.98289746E+01
  0.26839263E+01 -0.98070670E+01
  0.26933150E+01 -0.97855252E+01
  0.27027037E+01 -0.97643699E+01
  0.27120924E+01 -0.97436214E+01
  0.27214811E+01 -0.97233001E+01
  0.27308698E+01 -0.97034266E+01
  0.27402585E+01 -0.96840211E+01
  0.27496472E+01 -0.96651035E+01
  0.27590359E+01 -0.96466931E+01
  0.27684246E+01 -0.96288076E+01
  0.27778133E+01 -0.96114634E+01
  0.27872020E+01 -0.95946747E+01
  0.27965907E+01 -0.95784534E+01
  0.28059794E+01 -0.95628092E+01
  0.28153681E+01 -0.95477496E+01
  0.28247568E+01 -0.95332800E+01
  0.28341455E+01 -0.95194038E+01
  0.28435342E+01 -0.95061230E+01
  0.28529229E+01 -0.94934383E+01
  0.28623116E+01 -0.94813492E+01
  0.28717003E+01 -0.94698543E+01
  0.28810890E+01 -0.94589510E+01
  0.28904777E+01 -0.94486360E+01
  0.28998664E+01 -0.94389048E+01
  0.29092551E+01 -0.94297521E+01
  0.29186438E+01 -0.94211715E+01
  0.29280325E+01 -0.94131562E+01
  0.29374212E+01 -0.94056989E+01
  0.29468099E+01 -0.93987926E+01
  0.29561986E+01 -0.93924304E+01
  0.29655873E+01 -0.93866067E+01
  0.29749760E+01 -0.93813169E+01
  0.29843647E+01 -0.93765575E+01
  0.29937534E+01 -0.93723264E+01
  0.30031421E+01 -0.93686225E+01
  0.30125308E+01 -0.93654453E+01
  0.30219195E+01 -0.93627947E+01
  0.30313082E+01 -0.93606703E+01
  0.30406969E+01 -0.93590710E+01
  0.30500856E+01 -0.93579951E+01
  0.30594743E+01 -0.93574398E+01
  0.30688630E+01 -0.93574016E+01
  0.30782517E+01 -0.93578750E+01
  
  0.00000000E+00 -0.55061752E+01
  0.93887000E-02 -0.55110708E+01
  0.18777400E-01 -0.55147333E+01
  0.28166100E-01 -0.55171457E+01
  0.37554800E-01 -0.55182951E+01
  0.46943500E-01 -0.55181722E+01
  0.56332200E-01 -0.55167715E+01
  0.65720900E-01 -0.55140911E+01
  0.75109600E-01 -0.55101326E+01
  0.84498300E-01 -0.55049008E+01
  0.93887000E-01 -0.54984036E+01
  0.10327570E+00 -0.54906522E+01
  0.11266440E+00 -0.54816607E+01
  0.12205310E+00 -0.54714468E+01
  0.13144180E+00 -0.54600323E+01
  0.14083050E+00 -0.54474432E+01
  0.15021920E+00 -0.54337113E+01
  0.15960790E+00 -0.54188741E+01
  0.16899660E+00 -0.54029768E+01
  0.17838530E+00 -0.53860723E+01
  0.18777400E+00 -0.53682223E+01
  0.19716270E+00 -0.53494982E+01
  0.20655140E+00 -0.53299813E+01
  0.21594010E+00 -0.53097633E+01
  0.22532880E+00 -0.52889468E+01
  0.23471750E+00 -0.52676453E+01
  0.24410620E+00 -0.52459834E+01
  0.25349490E+00 -0.52240970E+01
  0.26288360E+00 -0.52021326E+01
  0.27227230E+00 -0.51802475E+01
  0.28166100E+00 -0.51586082E+01
  0.29104970E+00 -0.51373883E+01
  0.30043840E+00 -0.51167646E+01
  0.30982710E+00 -0.50969113E+01
  0.31921580E+00 -0.50779912E+01
  0.32860450E+00 -0.50601449E+01
  0.33799320E+00 -0.50434786E+01
  0.34738190E+00 -0.50280521E+01
  0.35677060E+00 -0.50138704E+01
  0.36615930E+00 -0.50008803E+01
  0.37554800E+00 -0.49889746E+01
  0.38493670E+00 -0.49780018E+01
  0.39432540E+00 -0.49677803E+01
  0.40371410E+00 -0.49581133E+01
  0.41310280E+00 -0.49488026E+01
  0.42249150E+00 -0.49396586E+01
  0.43188020E+00 -0.49305073E+01
  0.44126890E+00 -0.49211943E+01
  0.45065760E+00 -0.49115856E+01
  0.46004630E+00 -0.49015676E+01
  0.46943500E+00 -0.48910450E+01
  0.47882370E+00 -0.48799396E+01
  0.48821240E+00 -0.48681872E+01
  0.49760110E+00 -0.48557360E+01
  0.50698980E+00 -0.48425448E+01
  0.51637850E+00 -0.48285806E+01
  0.52576720E+00 -0.48138182E+01
  0.53515590E+00 -0.47982385E+01
  0.54454460E+00 -0.47818280E+01
  0.55393330E+00 -0.47645786E+01
  0.56332200E+00 -0.47464873E+01
  0.57271070E+00 -0.47275563E+01
  0.58209940E+00 -0.47077929E+01
  0.59148810E+00 -0.46872099E+01
  0.60087680E+00 -0.46658255E+01
  0.61026550E+00 -0.46436636E+01
  0.61965420E+00 -0.46207532E+01
  0.62904290E+00 -0.45971289E+01
  0.63843160E+00 -0.45728304E+01
  0.64782030E+00 -0.45479023E+01
  0.65720900E+00 -0.45223935E+01
  0.66659770E+00 -0.44963580E+01
  0.67598640E+00 -0.44698535E+01
  0.68537510E+00 -0.44429422E+01
  0.69476380E+00 -0.44156905E+01
  0.70415250E+00 -0.43881685E+01
  0.71354120E+00 -0.43604506E+01
  0.72292990E+00 -0.43326147E+01
  0.73231860E+00 -0.43047421E+01
  0.74170730E+00 -0.42769173E+01
  0.75109600E+00 -0.42492270E+01
  0.76048470E+00 -0.42217600E+01
  0.76987340E+00 -0.41946059E+01
  0.77926210E+00 -0.41678546E+01
  0.78865080E+00 -0.41415955E+01
  0.79803950E+00 -0.41159165E+01
  0.80742820E+00 -0.40909032E+01
  0.81681690E+00 -0.40666382E+01
  0.82620560E+00 -0.40431999E+01
  0.83559430E+00 -0.40206621E+01
  0.84498300E+00 -0.39990930E+01
  0.85437170E+00 -0.39785545E+01
  0.86376040E+00 -0.39591016E+01
  0.87314910E+00 -0.39407822E+01
  0.88253780E+00 -0.39236364E+01
  0.89192650E+00 -0.39076974E+01
  0.90131520E+00 -0.38929913E+01
  0.91070390E+00 -0.38795382E+01
  0.92009260E+00 -0.38673529E+01
  0.92948130E+00 -0.38564462E+01
  0.93887000E+00 -0.38468478E+01
  0.94824279E+00 -0.38610943E+01
  0.95761559E+00 -0.38768947E+01
  0.96698838E+00 -0.38941556E+01
  0.97636118E+00 -0.39128196E+01
  0.98573397E+00 -0.39328217E+01
  0.99510677E+00 -0.39540888E+01
  0.10044796E+01 -0.39765405E+01
  0.10138524E+01 -0.40000899E+01
  0.10232252E+01 -0.40246445E+01
  0.10325980E+01 -0.40501083E+01
  0.10419707E+01 -0.40763829E+01
  0.10513435E+01 -0.41033694E+01
  0.10607163E+01 -0.41309698E+01
  0.10700891E+01 -0.41590879E+01
  0.10794619E+01 -0.41876303E+01
  0.10888347E+01 -0.42165063E+01
  0.10982075E+01 -0.42456283E+01
  0.11075803E+01 -0.42749111E+01
  0.11169531E+01 -0.43042714E+01
  0.11263259E+01 -0.43336274E+01
  0.11356987E+01 -0.43628977E+01
  0.11450715E+01 -0.43920015E+01
  0.11544443E+01 -0.44208582E+01
  0.11638171E+01 -0.44493878E+01
  0.11731899E+01 -0.44775114E+01
  0.11825627E+01 -0.45051520E+01
  0.11919355E+01 -0.45322359E+01
  0.12013083E+01 -0.45586938E+01
  0.12106811E+01 -0.45844616E+01
  0.12200539E+01 -0.46094816E+01
  0.12294267E+01 -0.46337028E+01
  0.12387995E+01 -0.46570809E+01
  0.12481723E+01 -0.46795779E+01
  0.12575450E+01 -0.47011615E+01
  0.12669178E+01 -0.47218043E+01
  0.12762906E+01 -0.47414824E+01
  0.12856634E+01 -0.47601748E+01
  0.12950362E+01 -0.47778626E+01
  0.13044090E+01 -0.47945285E+01
  0.13137818E+01 -0.48101567E+01
  0.13231546E+01 -0.48247333E+01
  0.13325274E+01 -0.48382462E+01
  0.13419002E+01 -0.48506862E+01
  0.13512730E+01 -0.48620467E+01
  0.13606458E+01 -0.48723243E+01
  0.13700186E+01 -0.48815191E+01
  0.13793914E+01 -0.48896332E+01
  0.13887642E+01 -0.48966713E+01
  0.13981370E+01 -0.49026387E+01
  0.14075098E+01 -0.49075408E+01
  0.14168826E+01 -0.49113821E+01
  0.14262554E+01 -0.49141652E+01
  0.14356282E+01 -0.49158913E+01
  0.14450010E+01 -0.49165597E+01
  0.14543738E+01 -0.49161691E+01
  0.14637466E+01 -0.49147188E+01
  0.14731194E+01 -0.49122105E+01
  0.14824921E+01 -0.49086501E+01
  0.14918649E+01 -0.49040499E+01
  0.15012377E+01 -0.48984297E+01
  0.15106105E+01 -0.48918187E+01
  0.15199833E+01 -0.48842555E+01
  0.15293561E+01 -0.48757883E+01
  0.15387289E+01 -0.48664739E+01
  0.15481017E+01 -0.48563765E+01
  0.15574745E+01 -0.48455656E+01
  0.15668473E+01 -0.48341141E+01
  0.15762201E+01 -0.48220963E+01
  0.15855929E+01 -0.48095865E+01
  0.15949657E+01 -0.47966573E+01
  0.16043385E+01 -0.47833801E+01
  0.16137113E+01 -0.47698243E+01
  0.16230841E+01 -0.47560590E+01
  0.16324569E+01 -0.47421541E+01
  0.16418297E+01 -0.47281820E+01
  0.16512025E+01 -0.47142194E+01
  0.16605753E+01 -0.47003486E+01
  0.16699481E+01 -0.46867124E+01
  0.16793367E+01 -0.46977399E+01
  0.16887254E+01 -0.47090393E+01
  0.16981141E+01 -0.47206251E+01
  0.17075028E+01 -0.47325238E+01
  0.17168914E+01 -0.47447640E+01
  0.17262801E+01 -0.47573769E+01
  0.17356688E+01 -0.47703948E+01
  0.17450574E+01 -0.47838509E+01
  0.17544461E+01 -0.47977784E+01
  0.17638348E+01 -0.48122093E+01
  0.17732235E+01 -0.48271731E+01
  0.17826121E+01 -0.48426953E+01
  0.17920008E+01 -0.48587964E+01
  0.18013895E+01 -0.48754901E+01
  0.18107782E+01 -0.48927823E+01
  0.18201668E+01 -0.49106704E+01
  0.18295555E+01 -0.49291425E+01
  0.18389442E+01 -0.49481770E+01
  0.18483328E+01 -0.49677434E+01
  0.18577215E+01 -0.49878023E+01
  0.18671102E+01 -0.50083065E+01
  0.18764989E+01 -0.50292018E+01
  0.18858875E+01 -0.50504286E+01
  0.18952762E+01 -0.50719226E+01
  0.19046649E+01 -0.50936163E+01
  0.19140536E+01 -0.51154400E+01
  0.19234422E+01 -0.51373225E+01
  0.19328309E+01 -0.51591921E+01
  0.19422196E+01 -0.51809769E+01
  0.19516082E+01 -0.52026053E+01
  0.19609969E+01 -0.52240064E+01
  0.19703856E+01 -0.52451102E+01
  0.19797743E+01 -0.52658478E+01
  0.19891629E+01 -0.52861519E+01
  0.19985516E+01 -0.53059568E+01
  0.20079403E+01 -0.53251990E+01
  0.20173290E+01 -0.53438176E+01
  0.20267176E+01 -0.53617540E+01
  0.20361063E+01 -0.53789528E+01
  0.20454950E+01 -0.53953614E+01
  0.20548837E+01 -0.54109302E+01
  0.20642723E+01 -0.54256121E+01
  0.20736610E+01 -0.54393624E+01
  0.20830497E+01 -0.54521385E+01
  0.20924383E+01 -0.54638997E+01
  0.21018270E+01 -0.54746068E+01
  0.21112157E+01 -0.54842222E+01
  0.21206044E+01 -0.54927105E+01
  0.21299930E+01 -0.55000383E+01
  0.21393817E+01 -0.55061752E+01
  0.21487704E+01 -0.55110708E+01
  0.21581591E+01 -0.55147333E+01
  0.21675478E+01 -0.55171457E+01
  0.21769365E+01 -0.55182951E+01
  0.21863252E+01 -0.55181722E+01
  0.21957139E+01 -0.55167715E+01
  0.22051026E+01 -0.55140911E+01
  0.22144913E+01 -0.55101326E+01
  0.22238800E+01 -0.55049008E+01
  0.22332687E+01 -0.54984036E+01
  0.22426574E+01 -0.54906522E+01
  0.22520461E+01 -0.54816607E+01
  0.22614348E+01 -0.54714468E+01
  0.22708235E+01 -0.54600323E+01
  0.22802122E+01 -0.54474432E+01
  0.22896009E+01 -0.54337113E+01
  0.22989896E+01 -0.54188741E+01
  0.23083783E+01 -0.54029768E+01
  0.23177670E+01 -0.53860723E+01
  0.23271557E+01 -0.53682223E+01
  0.23365444E+01 -0.53494982E+01
  0.23459331E+01 -0.53299813E+01
  0.23553218E+01 -0.53097633E+01
  0.23647105E+01 -0.52889468E+01
  0.23740992E+01 -0.52676453E+01
  0.23834879E+01 -0.52459834E+01
  0.23928766E+01 -0.52240970E+01
  0.24022653E+01 -0.52021326E+01
  0.24116540E+01 -0.51802475E+01
  0.24210427E+01 -0.51586082E+01
  0.24304314E+01 -0.51373883E+01
  0.24398201E+01 -0.51167646E+01
  0.24492088E+01 -0.50969113E+01
  0.24585975E+01 -0.50779912E+01
  0.24679862E+01 -0.50601449E+01
  0.24773749E+01 -0.50434786E+01
  0.24867636E+01 -0.50280521E+01
  0.24961523E+01 -0.50138704E+01
  0.25055410E+01 -0.50008803E+01
  0.25149297E+01 -0.49889746E+01
  0.25243184E+01 -0.49780018E+01
  0.25337071E+01 -0.49677803E+01
  0.25430958E+01 -0.49581133E+01
  0.25524845E+01 -0.49488026E+01
  0.25618732E+01 -0.49396586E+01
  0.25712619E+01 -0.49305073E+01
  0.25806506E+01 -0.49211943E+01
  0.25900393E+01 -0.49115856E+01
  0.25994280E+01 -0.49015676E+01
  0.26088167E+01 -0.48910450E+01
  0.26182054E+01 -0.48799396E+01
  0.26275941E+01 -0.48681872E+01
  0.26369828E+01 -0.48557360E+01
  0.26463715E+01 -0.48425448E+01
  0.26557602E+01 -0.48285806E+01
  0.26651489E+01 -0.48138182E+01
  0.26745376E+01 -0.47982385E+01
  0.26839263E+01 -0.47818280E+01
  0.26933150E+01 -0.47645786E+01
  0.27027037E+01 -0.47464873E+01
  0.27120924E+01 -0.47275563E+01
  0.27214811E+01 -0.47077929E+01
  0.27308698E+01 -0.46872099E+01
  0.27402585E+01 -0.46658255E+01
  0.27496472E+01 -0.46436636E+01
  0.27590359E+01 -0.46207532E+01
  0.27684246E+01 -0.45971289E+01
  0.27778133E+01 -0.45728304E+01
  0.27872020E+01 -0.45479023E+01
  0.27965907E+01 -0.45223935E+01
  0.28059794E+01 -0.44963580E+01
  0.28153681E+01 -0.44698535E+01
  0.28247568E+01 -0.44429422E+01
  0.28341455E+01 -0.44156905E+01
  0.28435342E+01 -0.43881685E+01
  0.28529229E+01 -0.43604506E+01
  0.28623116E+01 -0.43326147E+01
  0.28717003E+01 -0.43047421E+01
  0.28810890E+01 -0.42769173E+01
  0.28904777E+01 -0.42492270E+01
  0.28998664E+01 -0.42217600E+01
  0.29092551E+01 -0.41946059E+01
  0.29186438E+01 -0.41678546E+01
  0.29280325E+01 -0.41415955E+01
  0.29374212E+01 -0.41159165E+01
  0.29468099E+01 -0.40909032E+01
  0.29561986E+01 -0.40666382E+01
  0.29655873E+01 -0.40431999E+01
  0.29749760E+01 -0.40206621E+01
  0.29843647E+01 -0.39990930E+01
  0.29937534E+01 -0.39785545E+01
  0.30031421E+01 -0.39591016E+01
  0.30125308E+01 -0.39407822E+01
  0.30219195E+01 -0.39236364E+01
  0.30313082E+01 -0.39076974E+01
  0.30406969E+01 -0.38929913E+01
  0.30500856E+01 -0.38795382E+01
  0.30594743E+01 -0.38673529E+01
  0.30688630E+01 -0.38564462E+01
  0.30782517E+01 -0.38468478E+01
  
  0.00000000E+00 -0.50430967E+01
  0.93887000E-02 -0.50481262E+01
  0.18777400E-01 -0.50518434E+01
  0.28166100E-01 -0.50542339E+01
  0.37554800E-01 -0.50552867E+01
  0.46943500E-01 -0.50549945E+01
  0.56332200E-01 -0.50533526E+01
  0.65720900E-01 -0.50503592E+01
  0.75109600E-01 -0.50460147E+01
  0.84498300E-01 -0.50403218E+01
  0.93887000E-01 -0.50332855E+01
  0.10327570E+00 -0.50249132E+01
  0.11266440E+00 -0.50152156E+01
  0.12205310E+00 -0.50042076E+01
  0.13144180E+00 -0.49919091E+01
  0.14083050E+00 -0.49783468E+01
  0.15021920E+00 -0.49635554E+01
  0.15960790E+00 -0.49475804E+01
  0.16899660E+00 -0.49304793E+01
  0.17838530E+00 -0.49123251E+01
  0.18777400E+00 -0.48932096E+01
  0.19716270E+00 -0.48732477E+01
  0.20655140E+00 -0.48525839E+01
  0.21594010E+00 -0.48313999E+01
  0.22532880E+00 -0.48099262E+01
  0.23471750E+00 -0.47884553E+01
  0.24410620E+00 -0.47673568E+01
  0.25349490E+00 -0.47470854E+01
  0.26288360E+00 -0.47281688E+01
  0.27227230E+00 -0.47111463E+01
  0.28166100E+00 -0.46964419E+01
  0.29104970E+00 -0.46841978E+01
  0.30043840E+00 -0.46741736E+01
  0.30982710E+00 -0.46657991E+01
  0.31921580E+00 -0.46583495E+01
  0.32860450E+00 -0.46511239E+01
  0.33799320E+00 -0.46435533E+01
  0.34738190E+00 -0.46352387E+01
  0.35677060E+00 -0.46259493E+01
  0.36615930E+00 -0.46156014E+01
  0.37554800E+00 -0.46042303E+01
  0.38493670E+00 -0.45919573E+01
  0.39432540E+00 -0.45789562E+01
  0.40371410E+00 -0.45654211E+01
  0.41310280E+00 -0.45515382E+01
  0.42249150E+00 -0.45374649E+01
  0.43188020E+00 -0.45233163E+01
  0.44126890E+00 -0.45091607E+01
  0.45065760E+00 -0.44950215E+01
  0.46004630E+00 -0.44808841E+01
  0.46943500E+00 -0.44667064E+01
  0.47882370E+00 -0.44524285E+01
  0.48821240E+00 -0.44379823E+01
  0.49760110E+00 -0.44232985E+01
  0.50698980E+00 -0.44083120E+01
  0.51637850E+00 -0.43929656E+01
  0.52576720E+00 -0.43772113E+01
  0.53515590E+00 -0.43610122E+01
  0.54454460E+00 -0.43443420E+01
  0.55393330E+00 -0.43271850E+01
  0.56332200E+00 -0.43095361E+01
  0.57271070E+00 -0.42914001E+01
  0.58209940E+00 -0.42727917E+01
  0.59148810E+00 -0.42537351E+01
  0.60087680E+00 -0.42342637E+01
  0.61026550E+00 -0.42144201E+01
  0.61965420E+00 -0.41942558E+01
  0.62904290E+00 -0.41738309E+01
  0.63843160E+00 -0.41532136E+01
  0.64782030E+00 -0.41324798E+01
  0.65720900E+00 -0.41117119E+01
  0.66659770E+00 -0.40909980E+01
  0.67598640E+00 -0.40704306E+01
  0.68537510E+00 -0.40501055E+01
  0.69476380E+00 -0.40301199E+01
  0.70415250E+00 -0.40105709E+01
  0.71354120E+00 -0.39915542E+01
  0.72292990E+00 -0.39731623E+01
  0.73231860E+00 -0.39554833E+01
  0.74170730E+00 -0.39385995E+01
  0.75109600E+00 -0.39225866E+01
  0.76048470E+00 -0.39075134E+01
  0.76987340E+00 -0.38934410E+01
  0.77926210E+00 -0.38804231E+01
  0.78865080E+00 -0.38685065E+01
  0.79803950E+00 -0.38577314E+01
  0.80742820E+00 -0.38481319E+01
  0.81681690E+00 -0.38397371E+01
  0.82620560E+00 -0.38325715E+01
  0.83559430E+00 -0.38266555E+01
  0.84498300E+00 -0.38220056E+01
  0.85437170E+00 -0.38186354E+01
  0.86376040E+00 -0.38165549E+01
  0.87314910E+00 -0.38157714E+01
  0.88253780E+00 -0.38162897E+01
  0.89192650E+00 -0.38181122E+01
  0.90131520E+00 -0.38212394E+01
  0.91070390E+00 -0.38256705E+01
  0.92009260E+00 -0.38314035E+01
  0.92948130E+00 -0.38384356E+01
  0.93887000E+00 -0.38467416E+01
  0.94824279E+00 -0.38340507E+01
  0.95761559E+00 -0.38229105E+01
  0.96698838E+00 -0.38134001E+01
  0.97636118E+00 -0.38055527E+01
  0.98573397E+00 -0.37994005E+01
  0.99510677E+00 -0.37949741E+01
  0.10044796E+01 -0.37923029E+01
  0.10138524E+01 -0.37914141E+01
  0.10232252E+01 -0.37923312E+01
  0.10325980E+01 -0.37950723E+01
  0.10419707E+01 -0.37996473E+01
  0.10513435E+01 -0.38060562E+01
  0.10607163E+01 -0.38142860E+01
  0.10700891E+01 -0.38243090E+01
  0.10794619E+01 -0.38360809E+01
  0.10888347E+01 -0.38495399E+01
  0.10982075E+01 -0.38646070E+01
  0.11075803E+01 -0.38811859E+01
  0.11169531E+01 -0.38991653E+01
  0.11263259E+01 -0.39184205E+01
  0.11356987E+01 -0.39388157E+01
  0.11450715E+01 -0.39602072E+01
  0.11544443E+01 -0.39824453E+01
  0.11638171E+01 -0.40053776E+01
  0.11731899E+01 -0.40288506E+01
  0.11825627E+01 -0.40527128E+01
  0.11919355E+01 -0.40768161E+01
  0.12013083E+01 -0.41010182E+01
  0.12106811E+01 -0.41251843E+01
  0.12200539E+01 -0.41491882E+01
  0.12294267E+01 -0.41729139E+01
  0.12387995E+01 -0.41962562E+01
  0.12481723E+01 -0.42191209E+01
  0.12575450E+01 -0.42414249E+01
  0.12669178E+01 -0.42630958E+01
  0.12762906E+01 -0.42840713E+01
  0.12856634E+01 -0.43042990E+01
  0.12950362E+01 -0.43237350E+01
  0.13044090E+01 -0.43423442E+01
  0.13137818E+01 -0.43600989E+01
  0.13231546E+01 -0.43769793E+01
  0.13325274E+01 -0.43929726E+01
  0.13419002E+01 -0.44080727E+01
  0.13512730E+01 -0.44222800E+01
  0.13606458E+01 -0.44356007E+01
  0.13700186E+01 -0.44480457E+01
  0.13793914E+01 -0.44596302E+01
  0.13887642E+01 -0.44703729E+01
  0.13981370E+01 -0.44802946E+01
  0.14075098E+01 -0.44894184E+01
  0.14168826E+01 -0.44977694E+01
  0.14262554E+01 -0.45053753E+01
  0.14356282E+01 -0.45122673E+01
  0.14450010E+01 -0.45184820E+01
  0.14543738E+01 -0.45240637E+01
  0.14637466E+01 -0.45290659E+01
  0.14731194E+01 -0.45335543E+01
  0.14824921E+01 -0.45376080E+01
  0.14918649E+01 -0.45413206E+01
  0.15012377E+01 -0.45448003E+01
  0.15106105E+01 -0.45481686E+01
  0.15199833E+01 -0.45515576E+01
  0.15293561E+01 -0.45551064E+01
  0.15387289E+01 -0.45589564E+01
  0.15481017E+01 -0.45632450E+01
  0.15574745E+01 -0.45681001E+01
  0.15668473E+01 -0.45736338E+01
  0.15762201E+01 -0.45799371E+01
  0.15855929E+01 -0.45870756E+01
  0.15949657E+01 -0.45950868E+01
  0.16043385E+01 -0.46039794E+01
  0.16137113E+01 -0.46137342E+01
  0.16230841E+01 -0.46243066E+01
  0.16324569E+01 -0.46356306E+01
  0.16418297E+01 -0.46476239E+01
  0.16512025E+01 -0.46601929E+01
  0.16605753E+01 -0.46732379E+01
  0.16699481E+01 -0.46866034E+01
  0.16793367E+01 -0.46758151E+01
  0.16887254E+01 -0.46652447E+01
  0.16981141E+01 -0.46548898E+01
  0.17075028E+01 -0.46447443E+01
  0.17168914E+01 -0.46348088E+01
  0.17262801E+01 -0.46250915E+01
  0.17356688E+01 -0.46156101E+01
  0.17450574E+01 -0.46063930E+01
  0.17544461E+01 -0.45974813E+01
  0.17638348E+01 -0.45889319E+01
  0.17732235E+01 -0.45808202E+01
  0.17826121E+01 -0.45732442E+01
  0.17920008E+01 -0.45663296E+01
  0.18013895E+01 -0.45602363E+01
  0.18107782E+01 -0.45551646E+01
  0.18201668E+01 -0.45513612E+01
  0.18295555E+01 -0.45491202E+01
  0.18389442E+01 -0.45487743E+01
  0.18483328E+01 -0.45506694E+01
  0.18577215E+01 -0.45551177E+01
  0.18671102E+01 -0.45623351E+01
  0.18764989E+01 -0.45723850E+01
  0.18858875E+01 -0.45851532E+01
  0.18952762E+01 -0.46003698E+01
  0.19046649E+01 -0.46176651E+01
  0.19140536E+01 -0.46366318E+01
  0.19234422E+01 -0.46568738E+01
  0.19328309E+01 -0.46780334E+01
  0.19422196E+01 -0.46998005E+01
  0.19516082E+01 -0.47219126E+01
  0.19609969E+01 -0.47441485E+01
  0.19703856E+01 -0.47663220E+01
  0.19797743E+01 -0.47882746E+01
  0.19891629E+01 -0.48098709E+01
  0.19985516E+01 -0.48309940E+01
  0.20079403E+01 -0.48515423E+01
  0.20173290E+01 -0.48714274E+01
  0.20267176E+01 -0.48905717E+01
  0.20361063E+01 -0.49089071E+01
  0.20454950E+01 -0.49263734E+01
  0.20548837E+01 -0.49429164E+01
  0.20642723E+01 -0.49584872E+01
  0.20736610E+01 -0.49730406E+01
  0.20830497E+01 -0.49865340E+01
  0.20924383E+01 -0.49989270E+01
  0.21018270E+01 -0.50101808E+01
  0.21112157E+01 -0.50202584E+01
  0.21206044E+01 -0.50291246E+01
  0.21299930E+01 -0.50367471E+01
  0.21393817E+01 -0.50430967E+01
  0.21487704E+01 -0.50481262E+01
  0.21581591E+01 -0.50518434E+01
  0.21675478E+01 -0.50542339E+01
  0.21769365E+01 -0.50552867E+01
  0.21863252E+01 -0.50549945E+01
  0.21957139E+01 -0.50533526E+01
  0.22051026E+01 -0.50503592E+01
  0.22144913E+01 -0.50460147E+01
  0.22238800E+01 -0.50403218E+01
  0.22332687E+01 -0.50332855E+01
  0.22426574E+01 -0.50249132E+01
  0.22520461E+01 -0.50152156E+01
  0.22614348E+01 -0.50042076E+01
  0.22708235E+01 -0.49919091E+01
  0.22802122E+01 -0.49783468E+01
  0.22896009E+01 -0.49635554E+01
  0.22989896E+01 -0.49475804E+01
  0.23083783E+01 -0.49304793E+01
  0.23177670E+01 -0.49123251E+01
  0.23271557E+01 -0.48932096E+01
  0.23365444E+01 -0.48732477E+01
  0.23459331E+01 -0.48525839E+01
  0.23553218E+01 -0.48313999E+01
  0.23647105E+01 -0.48099262E+01
  0.23740992E+01 -0.47884553E+01
  0.23834879E+01 -0.47673568E+01
  0.23928766E+01 -0.47470854E+01
  0.24022653E+01 -0.47281688E+01
  0.24116540E+01 -0.47111463E+01
  0.24210427E+01 -0.46964419E+01
  0.24304314E+01 -0.46841978E+01
  0.24398201E+01 -0.46741736E+01
  0.24492088E+01 -0.46657991E+01
  0.24585975E+01 -0.46583495E+01
  0.24679862E+01 -0.46511239E+01
  0.24773749E+01 -0.46435533E+01
  0.24867636E+01 -0.46352387E+01
  0.24961523E+01 -0.46259493E+01
  0.25055410E+01 -0.46156014E+01
  0.25149297E+01 -0.46042303E+01
  0.25243184E+01 -0.45919573E+01
  0.25337071E+01 -0.45789562E+01
  0.25430958E+01 -0.45654211E+01
  0.25524845E+01 -0.45515382E+01
  0.25618732E+01 -0.45374649E+01
  0.25712619E+01 -0.45233163E+01
  0.25806506E+01 -0.45091607E+01
  0.25900393E+01 -0.44950215E+01
  0.25994280E+01 -0.44808841E+01
  0.26088167E+01 -0.44667064E+01
  0.26182054E+01 -0.44524285E+01
  0.26275941E+01 -0.44379823E+01
  0.26369828E+01 -0.44232985E+01
  0.26463715E+01 -0.44083120E+01
  0.26557602E+01 -0.43929656E+01
  0.26651489E+01 -0.43772113E+01
  0.26745376E+01 -0.43610122E+01
  0.26839263E+01 -0.43443420E+01
  0.26933150E+01 -0.43271850E+01
  0.27027037E+01 -0.43095361E+01
  0.27120924E+01 -0.42914001E+01
  0.27214811E+01 -0.42727917E+01
  0.27308698E+01 -0.42537351E+01
  0.27402585E+01 -0.42342637E+01
  0.27496472E+01 -0.42144201E+01
  0.27590359E+01 -0.41942558E+01
  0.27684246E+01 -0.41738309E+01
  0.27778133E+01 -0.41532136E+01
  0.27872020E+01 -0.41324798E+01
  0.27965907E+01 -0.41117119E+01
  0.28059794E+01 -0.40909980E+01
  0.28153681E+01 -0.40704306E+01
  0.28247568E+01 -0.40501055E+01
  0.28341455E+01 -0.40301199E+01
  0.28435342E+01 -0.40105709E+01
  0.28529229E+01 -0.39915542E+01
  0.28623116E+01 -0.39731623E+01
  0.28717003E+01 -0.39554833E+01
  0.28810890E+01 -0.39385995E+01
  0.28904777E+01 -0.39225866E+01
  0.28998664E+01 -0.39075134E+01
  0.29092551E+01 -0.38934410E+01
  0.29186438E+01 -0.38804231E+01
  0.29280325E+01 -0.38685065E+01
  0.29374212E+01 -0.38577314E+01
  0.29468099E+01 -0.38481319E+01
  0.29561986E+01 -0.38397371E+01
  0.29655873E+01 -0.38325715E+01
  0.29749760E+01 -0.38266555E+01
  0.29843647E+01 -0.38220056E+01
  0.29937534E+01 -0.38186354E+01
  0.30031421E+01 -0.38165549E+01
  0.30125308E+01 -0.38157714E+01
  0.30219195E+01 -0.38162897E+01
  0.30313082E+01 -0.38181122E+01
  0.30406969E+01 -0.38212394E+01
  0.30500856E+01 -0.38256705E+01
  0.30594743E+01 -0.38314035E+01
  0.30688630E+01 -0.38384356E+01
  0.30782517E+01 -0.38467416E+01
  
  0.00000000E+00 -0.41380426E+01
  0.93887000E-02 -0.41427528E+01
  0.18777400E-01 -0.41489003E+01
  0.28166100E-01 -0.41564514E+01
  0.37554800E-01 -0.41653524E+01
  0.46943500E-01 -0.41755325E+01
  0.56332200E-01 -0.41869066E+01
  0.65720900E-01 -0.41993781E+01
  0.75109600E-01 -0.42128417E+01
  0.84498300E-01 -0.42271852E+01
  0.93887000E-01 -0.42422916E+01
  0.10327570E+00 -0.42580406E+01
  0.11266440E+00 -0.42743097E+01
  0.12205310E+00 -0.42909753E+01
  0.13144180E+00 -0.43079129E+01
  0.14083050E+00 -0.43249978E+01
  0.15021920E+00 -0.43421043E+01
  0.15960790E+00 -0.43591051E+01
  0.16899660E+00 -0.43758696E+01
  0.17838530E+00 -0.43922609E+01
  0.18777400E+00 -0.44081322E+01
  0.19716270E+00 -0.44233213E+01
  0.20655140E+00 -0.44376431E+01
  0.21594010E+00 -0.44508801E+01
  0.22532880E+00 -0.44627701E+01
  0.23471750E+00 -0.44729911E+01
  0.24410620E+00 -0.44811462E+01
  0.25349490E+00 -0.44867550E+01
  0.26288360E+00 -0.44892680E+01
  0.27227230E+00 -0.44881302E+01
  0.28166100E+00 -0.44829141E+01
  0.29104970E+00 -0.44734941E+01
  0.30043840E+00 -0.44601596E+01
  0.30982710E+00 -0.44435777E+01
  0.31921580E+00 -0.44246364E+01
  0.32860450E+00 -0.44042806E+01
  0.33799320E+00 -0.43834056E+01
  0.34738190E+00 -0.43627889E+01
  0.35677060E+00 -0.43430189E+01
  0.36615930E+00 -0.43244116E+01
  0.37554800E+00 -0.43069573E+01
  0.38493670E+00 -0.42903539E+01
  0.39432540E+00 -0.42741250E+01
  0.40371410E+00 -0.42577580E+01
  0.41310280E+00 -0.42408048E+01
  0.42249150E+00 -0.42229293E+01
  0.43188020E+00 -0.42039154E+01
  0.44126890E+00 -0.41836541E+01
  0.45065760E+00 -0.41621234E+01
  0.46004630E+00 -0.41393655E+01
  0.46943500E+00 -0.41154660E+01
  0.47882370E+00 -0.40905362E+01
  0.48821240E+00 -0.40646996E+01
  0.49760110E+00 -0.40380812E+01
  0.50698980E+00 -0.40108012E+01
  0.51637850E+00 -0.39829705E+01
  0.52576720E+00 -0.39546887E+01
  0.53515590E+00 -0.39260428E+01
  0.54454460E+00 -0.38971077E+01
  0.55393330E+00 -0.38679458E+01
  0.56332200E+00 -0.38386081E+01
  0.57271070E+00 -0.38091343E+01
  0.58209940E+00 -0.37795538E+01
  0.59148810E+00 -0.37498859E+01
  0.60087680E+00 -0.37201405E+01
  0.61026550E+00 -0.36903187E+01
  0.61965420E+00 -0.36604132E+01
  0.62904290E+00 -0.36304095E+01
  0.63843160E+00 -0.36002864E+01
  0.64782030E+00 -0.35700173E+01
  0.65720900E+00 -0.35395708E+01
  0.66659770E+00 -0.35089127E+01
  0.67598640E+00 -0.34780067E+01
  0.68537510E+00 -0.34468164E+01
  0.69476380E+00 -0.34153061E+01
  0.70415250E+00 -0.33834434E+01
  0.71354120E+00 -0.33511998E+01
  0.72292990E+00 -0.33185533E+01
  0.73231860E+00 -0.32854898E+01
  0.74170730E+00 -0.32520050E+01
  0.75109600E+00 -0.32181063E+01
  0.76048470E+00 -0.31838142E+01
  0.76987340E+00 -0.31491640E+01
  0.77926210E+00 -0.31142073E+01
  0.78865080E+00 -0.30790128E+01
  0.79803950E+00 -0.30436669E+01
  0.80742820E+00 -0.30082740E+01
  0.81681690E+00 -0.29729554E+01
  0.82620560E+00 -0.29378473E+01
  0.83559430E+00 -0.29030972E+01
  0.84498300E+00 -0.28688586E+01
  0.85437170E+00 -0.28352847E+01
  0.86376040E+00 -0.28025227E+01
  0.87314910E+00 -0.27707137E+01
  0.88253780E+00 -0.27400009E+01
  0.89192650E+00 -0.27105507E+01
  0.90131520E+00 -0.26825922E+01
  0.91070390E+00 -0.26564772E+01
  0.92009260E+00 -0.26327745E+01
  0.92948130E+00 -0.26124074E+01
  0.93887000E+00 -0.25968295E+01
  0.94824279E+00 -0.26171033E+01
  0.95761559E+00 -0.26436981E+01
  0.96698838E+00 -0.26744214E+01
  0.97636118E+00 -0.27077917E+01
  0.98573397E+00 -0.27428442E+01
  0.99510677E+00 -0.27789286E+01
  0.10044796E+01 -0.28155781E+01
  0.10138524E+01 -0.28524349E+01
  0.10232252E+01 -0.28892100E+01
  0.10325980E+01 -0.29256617E+01
  0.10419707E+01 -0.29615849E+01
  0.10513435E+01 -0.29968062E+01
  0.10607163E+01 -0.30311825E+01
  0.10700891E+01 -0.30646005E+01
  0.10794619E+01 -0.30969770E+01
  0.10888347E+01 -0.31282579E+01
  0.10982075E+01 -0.31584169E+01
  0.11075803E+01 -0.31874528E+01
  0.11169531E+01 -0.32153855E+01
  0.11263259E+01 -0.32422519E+01
  0.11356987E+01 -0.32681016E+01
  0.11450715E+01 -0.32929922E+01
  0.11544443E+01 -0.33169860E+01
  0.11638171E+01 -0.33401470E+01
  0.11731899E+01 -0.33625391E+01
  0.11825627E+01 -0.33842249E+01
  0.11919355E+01 -0.34052653E+01
  0.12013083E+01 -0.34257196E+01
  0.12106811E+01 -0.34456455E+01
  0.12200539E+01 -0.34650991E+01
  0.12294267E+01 -0.34841349E+01
  0.12387995E+01 -0.35028051E+01
  0.12481723E+01 -0.35211594E+01
  0.12575450E+01 -0.35392435E+01
  0.12669178E+01 -0.35570986E+01
  0.12762906E+01 -0.35747604E+01
  0.12856634E+01 -0.35922583E+01
  0.12950362E+01 -0.36096148E+01
  0.13044090E+01 -0.36268462E+01
  0.13137818E+01 -0.36439623E+01
  0.13231546E+01 -0.36609673E+01
  0.13325274E+01 -0.36778613E+01
  0.13419002E+01 -0.36946409E+01
  0.13512730E+01 -0.37113005E+01
  0.13606458E+01 -0.37278333E+01
  0.13700186E+01 -0.37442319E+01
  0.13793914E+01 -0.37604879E+01
  0.13887642E+01 -0.37765921E+01
  0.13981370E+01 -0.37925327E+01
  0.14075098E+01 -0.38082946E+01
  0.14168826E+01 -0.38238573E+01
  0.14262554E+01 -0.38391930E+01
  0.14356282E+01 -0.38542650E+01
  0.14450010E+01 -0.38690262E+01
  0.14543738E+01 -0.38834180E+01
  0.14637466E+01 -0.38973699E+01
  0.14731194E+01 -0.39107998E+01
  0.14824921E+01 -0.39236148E+01
  0.14918649E+01 -0.39357128E+01
  0.15012377E+01 -0.39469847E+01
  0.15106105E+01 -0.39573171E+01
  0.15199833E+01 -0.39665949E+01
  0.15293561E+01 -0.39747050E+01
  0.15387289E+01 -0.39815393E+01
  0.15481017E+01 -0.39869987E+01
  0.15574745E+01 -0.39909960E+01
  0.15668473E+01 -0.39934599E+01
  0.15762201E+01 -0.39943375E+01
  0.15855929E+01 -0.39935969E+01
  0.15949657E+01 -0.39912289E+01
  0.16043385E+01 -0.39872472E+01
  0.16137113E+01 -0.39816887E+01
  0.16230841E+01 -0.39746111E+01
  0.16324569E+01 -0.39660911E+01
  0.16418297E+01 -0.39562210E+01
  0.16512025E+01 -0.39451049E+01
  0.16605753E+01 -0.39328549E+01
  0.16699481E+01 -0.39196006E+01
  0.16793367E+01 -0.39319765E+01
  0.16887254E+01 -0.39451586E+01
  0.16981141E+01 -0.39591482E+01
  0.17075028E+01 -0.39739450E+01
  0.17168914E+01 -0.39895401E+01
  0.17262801E+01 -0.40059141E+01
  0.17356688E+01 -0.40230359E+01
  0.17450574E+01 -0.40408604E+01
  0.17544461E+01 -0.40593261E+01
  0.17638348E+01 -0.40783509E+01
  0.17732235E+01 -0.40978286E+01
  0.17826121E+01 -0.41176227E+01
  0.17920008E+01 -0.41375605E+01
  0.18013895E+01 -0.41574257E+01
  0.18107782E+01 -0.41769516E+01
  0.18201668E+01 -0.41958157E+01
  0.18295555E+01 -0.42136391E+01
  0.18389442E+01 -0.42299971E+01
  0.18483328E+01 -0.42444472E+01
  0.18577215E+01 -0.42565782E+01
  0.18671102E+01 -0.42660754E+01
  0.18764989E+01 -0.42727802E+01
  0.18858875E+01 -0.42767165E+01
  0.18952762E+01 -0.42780711E+01
  0.19046649E+01 -0.42771389E+01
  0.19140536E+01 -0.42742607E+01
  0.19234422E+01 -0.42697750E+01
  0.19328309E+01 -0.42639900E+01
  0.19422196E+01 -0.42571736E+01
  0.19516082E+01 -0.42495536E+01
  0.19609969E+01 -0.42413227E+01
  0.19703856E+01 -0.42326463E+01
  0.19797743E+01 -0.42236686E+01
  0.19891629E+01 -0.42145195E+01
  0.19985516E+01 -0.42053190E+01
  0.20079403E+01 -0.41961818E+01
  0.20173290E+01 -0.41872203E+01
  0.20267176E+01 -0.41785471E+01
  0.20361063E+01 -0.41702759E+01
  0.20454950E+01 -0.41625225E+01
  0.20548837E+01 -0.41554048E+01
  0.20642723E+01 -0.41490413E+01
  0.20736610E+01 -0.41435502E+01
  0.20830497E+01 -0.41390465E+01
  0.20924383E+01 -0.41356394E+01
  0.21018270E+01 -0.41334291E+01
  0.21112157E+01 -0.41325027E+01
  0.21206044E+01 -0.41329316E+01
  0.21299930E+01 -0.41347680E+01
  0.21393817E+01 -0.41380426E+01
  0.21487704E+01 -0.41427528E+01
  0.21581591E+01 -0.41489003E+01
  0.21675478E+01 -0.41564514E+01
  0.21769365E+01 -0.41653524E+01
  0.21863252E+01 -0.41755325E+01
  0.21957139E+01 -0.41869066E+01
  0.22051026E+01 -0.41993781E+01
  0.22144913E+01 -0.42128417E+01
  0.22238800E+01 -0.42271852E+01
  0.22332687E+01 -0.42422916E+01
  0.22426574E+01 -0.42580406E+01
  0.22520461E+01 -0.42743097E+01
  0.22614348E+01 -0.42909753E+01
  0.22708235E+01 -0.43079129E+01
  0.22802122E+01 -0.43249978E+01
  0.22896009E+01 -0.43421043E+01
  0.22989896E+01 -0.43591051E+01
  0.23083783E+01 -0.43758696E+01
  0.23177670E+01 -0.43922609E+01
  0.23271557E+01 -0.44081322E+01
  0.23365444E+01 -0.44233213E+01
  0.23459331E+01 -0.44376431E+01
  0.23553218E+01 -0.44508801E+01
  0.23647105E+01 -0.44627701E+01
  0.23740992E+01 -0.44729911E+01
  0.23834879E+01 -0.44811462E+01
  0.23928766E+01 -0.44867550E+01
  0.24022653E+01 -0.44892680E+01
  0.24116540E+01 -0.44881302E+01
  0.24210427E+01 -0.44829141E+01
  0.24304314E+01 -0.44734941E+01
  0.24398201E+01 -0.44601596E+01
  0.24492088E+01 -0.44435777E+01
  0.24585975E+01 -0.44246364E+01
  0.24679862E+01 -0.44042806E+01
  0.24773749E+01 -0.43834056E+01
  0.24867636E+01 -0.43627889E+01
  0.24961523E+01 -0.43430189E+01
  0.25055410E+01 -0.43244116E+01
  0.25149297E+01 -0.43069573E+01
  0.25243184E+01 -0.42903539E+01
  0.25337071E+01 -0.42741250E+01
  0.25430958E+01 -0.42577580E+01
  0.25524845E+01 -0.42408048E+01
  0.25618732E+01 -0.42229293E+01
  0.25712619E+01 -0.42039154E+01
  0.25806506E+01 -0.41836541E+01
  0.25900393E+01 -0.41621234E+01
  0.25994280E+01 -0.41393655E+01
  0.26088167E+01 -0.41154660E+01
  0.26182054E+01 -0.40905362E+01
  0.26275941E+01 -0.40646996E+01
  0.26369828E+01 -0.40380812E+01
  0.26463715E+01 -0.40108012E+01
  0.26557602E+01 -0.39829705E+01
  0.26651489E+01 -0.39546887E+01
  0.26745376E+01 -0.39260428E+01
  0.26839263E+01 -0.38971077E+01
  0.26933150E+01 -0.38679458E+01
  0.27027037E+01 -0.38386081E+01
  0.27120924E+01 -0.38091343E+01
  0.27214811E+01 -0.37795538E+01
  0.27308698E+01 -0.37498859E+01
  0.27402585E+01 -0.37201405E+01
  0.27496472E+01 -0.36903187E+01
  0.27590359E+01 -0.36604132E+01
  0.27684246E+01 -0.36304095E+01
  0.27778133E+01 -0.36002864E+01
  0.27872020E+01 -0.35700173E+01
  0.27965907E+01 -0.35395708E+01
  0.28059794E+01 -0.35089127E+01
  0.28153681E+01 -0.34780067E+01
  0.28247568E+01 -0.34468164E+01
  0.28341455E+01 -0.34153061E+01
  0.28435342E+01 -0.33834434E+01
  0.28529229E+01 -0.33511998E+01
  0.28623116E+01 -0.33185533E+01
  0.28717003E+01 -0.32854898E+01
  0.28810890E+01 -0.32520050E+01
  0.28904777E+01 -0.32181063E+01
  0.28998664E+01 -0.31838142E+01
  0.29092551E+01 -0.31491640E+01
  0.29186438E+01 -0.31142073E+01
  0.29280325E+01 -0.30790128E+01
  0.29374212E+01 -0.30436669E+01
  0.29468099E+01 -0.30082740E+01
  0.29561986E+01 -0.29729554E+01
  0.29655873E+01 -0.29378473E+01
  0.29749760E+01 -0.29030972E+01
  0.29843647E+01 -0.28688586E+01
  0.29937534E+01 -0.28352847E+01
  0.30031421E+01 -0.28025227E+01
  0.30125308E+01 -0.27707137E+01
  0.30219195E+01 -0.27400009E+01
  0.30313082E+01 -0.27105507E+01
  0.30406969E+01 -0.26825922E+01
  0.30500856E+01 -0.26564772E+01
  0.30594743E+01 -0.26327745E+01
  0.30688630E+01 -0.26124074E+01
  0.30782517E+01 -0.25968295E+01
  
  0.00000000E+00 -0.35810440E+01
  0.93887000E-02 -0.35872246E+01
  0.18777400E-01 -0.35972770E+01
  0.28166100E-01 -0.36103718E+01
  0.37554800E-01 -0.36257261E+01
  0.46943500E-01 -0.36427545E+01
  0.56332200E-01 -0.36610481E+01
  0.65720900E-01 -0.36803187E+01
  0.75109600E-01 -0.37003559E+01
  0.84498300E-01 -0.37209980E+01
  0.93887000E-01 -0.37421140E+01
  0.10327570E+00 -0.37635925E+01
  0.11266440E+00 -0.37853348E+01
  0.12205310E+00 -0.38072501E+01
  0.13144180E+00 -0.38292527E+01
  0.14083050E+00 -0.38512603E+01
  0.15021920E+00 -0.38731923E+01
  0.15960790E+00 -0.38949700E+01
  0.16899660E+00 -0.39165151E+01
  0.17838530E+00 -0.39377502E+01
  0.18777400E+00 -0.39585974E+01
  0.19716270E+00 -0.39789786E+01
  0.20655140E+00 -0.39988139E+01
  0.21594010E+00 -0.40180209E+01
  0.22532880E+00 -0.40365129E+01
  0.23471750E+00 -0.40541972E+01
  0.24410620E+00 -0.40709732E+01
  0.25349490E+00 -0.40867293E+01
  0.26288360E+00 -0.41013402E+01
  0.27227230E+00 -0.41146633E+01
  0.28166100E+00 -0.41265336E+01
  0.29104970E+00 -0.41367583E+01
  0.30043840E+00 -0.41451098E+01
  0.30982710E+00 -0.41513171E+01
  0.31921580E+00 -0.41550589E+01
  0.32860450E+00 -0.41559613E+01
  0.33799320E+00 -0.41536111E+01
  0.34738190E+00 -0.41475991E+01
  0.35677060E+00 -0.41376035E+01
  0.36615930E+00 -0.41234978E+01
  0.37554800E+00 -0.41054288E+01
  0.38493670E+00 -0.40838051E+01
  0.39432540E+00 -0.40591981E+01
  0.40371410E+00 -0.40322184E+01
  0.41310280E+00 -0.40034284E+01
  0.42249150E+00 -0.39733030E+01
  0.43188020E+00 -0.39422255E+01
  0.44126890E+00 -0.39104999E+01
  0.45065760E+00 -0.38783654E+01
  0.46004630E+00 -0.38460116E+01
  0.46943500E+00 -0.38135894E+01
  0.47882370E+00 -0.37812206E+01
  0.48821240E+00 -0.37490041E+01
  0.49760110E+00 -0.37170216E+01
  0.50698980E+00 -0.36853411E+01
  0.51637850E+00 -0.36540202E+01
  0.52576720E+00 -0.36231080E+01
  0.53515590E+00 -0.35926464E+01
  0.54454460E+00 -0.35626708E+01
  0.55393330E+00 -0.35332104E+01
  0.56332200E+00 -0.35042880E+01
  0.57271070E+00 -0.34759196E+01
  0.58209940E+00 -0.34481139E+01
  0.59148810E+00 -0.34208721E+01
  0.60087680E+00 -0.33941878E+01
  0.61026550E+00 -0.33680471E+01
  0.61965420E+00 -0.33424291E+01
  0.62904290E+00 -0.33173067E+01
  0.63843160E+00 -0.32926474E+01
  0.64782030E+00 -0.32684144E+01
  0.65720900E+00 -0.32445672E+01
  0.66659770E+00 -0.32210620E+01
  0.67598640E+00 -0.31978526E+01
  0.68537510E+00 -0.31748896E+01
  0.69476380E+00 -0.31521212E+01
  0.70415250E+00 -0.31294924E+01
  0.71354120E+00 -0.31069449E+01
  0.72292990E+00 -0.30844175E+01
  0.73231860E+00 -0.30618462E+01
  0.74170730E+00 -0.30391647E+01
  0.75109600E+00 -0.30163060E+01
  0.76048470E+00 -0.29932034E+01
  0.76987340E+00 -0.29697920E+01
  0.77926210E+00 -0.29460106E+01
  0.78865080E+00 -0.29218037E+01
  0.79803950E+00 -0.28971235E+01
  0.80742820E+00 -0.28719328E+01
  0.81681690E+00 -0.28462089E+01
  0.82620560E+00 -0.28199497E+01
  0.83559430E+00 -0.27931838E+01
  0.84498300E+00 -0.27659848E+01
  0.85437170E+00 -0.27384940E+01
  0.86376040E+00 -0.27109519E+01
  0.87314910E+00 -0.26837447E+01
  0.88253780E+00 -0.26574738E+01
  0.89192650E+00 -0.26330638E+01
  0.90131520E+00 -0.26119108E+01
  0.91070390E+00 -0.25959809E+01
  0.92009260E+00 -0.25875087E+01
  0.92948130E+00 -0.25879260E+01
  0.93887000E+00 -0.25968074E+01
  0.94824279E+00 -0.25853887E+01
  0.95761559E+00 -0.25842781E+01
  0.96698838E+00 -0.25924575E+01
  0.97636118E+00 -0.26072241E+01
  0.98573397E+00 -0.26260080E+01
  0.99510677E+00 -0.26470614E+01
  0.10044796E+01 -0.26693287E+01
  0.10138524E+01 -0.26921877E+01
  0.10232252E+01 -0.27152673E+01
  0.10325980E+01 -0.27383415E+01
  0.10419707E+01 -0.27612704E+01
  0.10513435E+01 -0.27839668E+01
  0.10607163E+01 -0.28063763E+01
  0.10700891E+01 -0.28284665E+01
  0.10794619E+01 -0.28502193E+01
  0.10888347E+01 -0.28716268E+01
  0.10982075E+01 -0.28926886E+01
  0.11075803E+01 -0.29134092E+01
  0.11169531E+01 -0.29337971E+01
  0.11263259E+01 -0.29538637E+01
  0.11356987E+01 -0.29736220E+01
  0.11450715E+01 -0.29930860E+01
  0.11544443E+01 -0.30122697E+01
  0.11638171E+01 -0.30311870E+01
  0.11731899E+01 -0.30498507E+01
  0.11825627E+01 -0.30682721E+01
  0.11919355E+01 -0.30864610E+01
  0.12013083E+01 -0.31044256E+01
  0.12106811E+01 -0.31221720E+01
  0.12200539E+01 -0.31397050E+01
  0.12294267E+01 -0.31570280E+01
  0.12387995E+01 -0.31741435E+01
  0.12481723E+01 -0.31910536E+01
  0.12575450E+01 -0.32077608E+01
  0.12669178E+01 -0.32242685E+01
  0.12762906E+01 -0.32405818E+01
  0.12856634E+01 -0.32567080E+01
  0.12950362E+01 -0.32726572E+01
  0.13044090E+01 -0.32884423E+01
  0.13137818E+01 -0.33040792E+01
  0.13231546E+01 -0.33195863E+01
  0.13325274E+01 -0.33349839E+01
  0.13419002E+01 -0.33502935E+01
  0.13512730E+01 -0.33655369E+01
  0.13606458E+01 -0.33807352E+01
  0.13700186E+01 -0.33959081E+01
  0.13793914E+01 -0.34110738E+01
  0.13887642E+01 -0.34262482E+01
  0.13981370E+01 -0.34414460E+01
  0.14075098E+01 -0.34566807E+01
  0.14168826E+01 -0.34719660E+01
  0.14262554E+01 -0.34873162E+01
  0.14356282E+01 -0.35027473E+01
  0.14450010E+01 -0.35182777E+01
  0.14543738E+01 -0.35339279E+01
  0.14637466E+01 -0.35497203E+01
  0.14731194E+01 -0.35656779E+01
  0.14824921E+01 -0.35818229E+01
  0.14918649E+01 -0.35981747E+01
  0.15012377E+01 -0.36147476E+01
  0.15106105E+01 -0.36315495E+01
  0.15199833E+01 -0.36485795E+01
  0.15293561E+01 -0.36658277E+01
  0.15387289E+01 -0.36832740E+01
  0.15481017E+01 -0.37008891E+01
  0.15574745E+01 -0.37186349E+01
  0.15668473E+01 -0.37364655E+01
  0.15762201E+01 -0.37543287E+01
  0.15855929E+01 -0.37721668E+01
  0.15949657E+01 -0.37899172E+01
  0.16043385E+01 -0.38075131E+01
  0.16137113E+01 -0.38248827E+01
  0.16230841E+01 -0.38419491E+01
  0.16324569E+01 -0.38586293E+01
  0.16418297E+01 -0.38748336E+01
  0.16512025E+01 -0.38904654E+01
  0.16605753E+01 -0.39054207E+01
  0.16699481E+01 -0.39195766E+01
  0.16793367E+01 -0.39079869E+01
  0.16887254E+01 -0.38971539E+01
  0.16981141E+01 -0.38870580E+01
  0.17075028E+01 -0.38776683E+01
  0.17168914E+01 -0.38689501E+01
  0.17262801E+01 -0.38608662E+01
  0.17356688E+01 -0.38533768E+01
  0.17450574E+01 -0.38464403E+01
  0.17544461E+01 -0.38400140E+01
  0.17638348E+01 -0.38340535E+01
  0.17732235E+01 -0.38285131E+01
  0.17826121E+01 -0.38233458E+01
  0.17920008E+01 -0.38185034E+01
  0.18013895E+01 -0.38139360E+01
  0.18107782E+01 -0.38095926E+01
  0.18201668E+01 -0.38054213E+01
  0.18295555E+01 -0.38013692E+01
  0.18389442E+01 -0.37973838E+01
  0.18483328E+01 -0.37934126E+01
  0.18577215E+01 -0.37894047E+01
  0.18671102E+01 -0.37853104E+01
  0.18764989E+01 -0.37810826E+01
  0.18858875E+01 -0.37766772E+01
  0.18952762E+01 -0.37720530E+01
  0.19046649E+01 -0.37671726E+01
  0.19140536E+01 -0.37620026E+01
  0.19234422E+01 -0.37565138E+01
  0.19328309E+01 -0.37506810E+01
  0.19422196E+01 -0.37444840E+01
  0.19516082E+01 -0.37379069E+01
  0.19609969E+01 -0.37309387E+01
  0.19703856E+01 -0.37235736E+01
  0.19797743E+01 -0.37158109E+01
  0.19891629E+01 -0.37076558E+01
  0.19985516E+01 -0.36991193E+01
  0.20079403E+01 -0.36902192E+01
  0.20173290E+01 -0.36809808E+01
  0.20267176E+01 -0.36714380E+01
  0.20361063E+01 -0.36616350E+01
  0.20454950E+01 -0.36516287E+01
  0.20548837E+01 -0.36414924E+01
  0.20642723E+01 -0.36313212E+01
  0.20736610E+01 -0.36212400E+01
  0.20830497E+01 -0.36114173E+01
  0.20924383E+01 -0.36020871E+01
  0.21018270E+01 -0.35935859E+01
  0.21112157E+01 -0.35864117E+01
  0.21206044E+01 -0.35812939E+01
  0.21299930E+01 -0.35791943E+01
  0.21393817E+01 -0.35810440E+01
  0.21487704E+01 -0.35872246E+01
  0.21581591E+01 -0.35972770E+01
  0.21675478E+01 -0.36103718E+01
  0.21769365E+01 -0.36257261E+01
  0.21863252E+01 -0.36427545E+01
  0.21957139E+01 -0.36610481E+01
  0.22051026E+01 -0.36803187E+01
  0.22144913E+01 -0.37003559E+01
  0.22238800E+01 -0.37209980E+01
  0.22332687E+01 -0.37421140E+01
  0.22426574E+01 -0.37635925E+01
  0.22520461E+01 -0.37853348E+01
  0.22614348E+01 -0.38072501E+01
  0.22708235E+01 -0.38292527E+01
  0.22802122E+01 -0.38512603E+01
  0.22896009E+01 -0.38731923E+01
  0.22989896E+01 -0.38949700E+01
  0.23083783E+01 -0.39165151E+01
  0.23177670E+01 -0.39377502E+01
  0.23271557E+01 -0.39585974E+01
  0.23365444E+01 -0.39789786E+01
  0.23459331E+01 -0.39988139E+01
  0.23553218E+01 -0.40180209E+01
  0.23647105E+01 -0.40365129E+01
  0.23740992E+01 -0.40541972E+01
  0.23834879E+01 -0.40709732E+01
  0.23928766E+01 -0.40867293E+01
  0.24022653E+01 -0.41013402E+01
  0.24116540E+01 -0.41146633E+01
  0.24210427E+01 -0.41265336E+01
  0.24304314E+01 -0.41367583E+01
  0.24398201E+01 -0.41451098E+01
  0.24492088E+01 -0.41513171E+01
  0.24585975E+01 -0.41550589E+01
  0.24679862E+01 -0.41559613E+01
  0.24773749E+01 -0.41536111E+01
  0.24867636E+01 -0.41475991E+01
  0.24961523E+01 -0.41376035E+01
  0.25055410E+01 -0.41234978E+01
  0.25149297E+01 -0.41054288E+01
  0.25243184E+01 -0.40838051E+01
  0.25337071E+01 -0.40591981E+01
  0.25430958E+01 -0.40322184E+01
  0.25524845E+01 -0.40034284E+01
  0.25618732E+01 -0.39733030E+01
  0.25712619E+01 -0.39422255E+01
  0.25806506E+01 -0.39104999E+01
  0.25900393E+01 -0.38783654E+01
  0.25994280E+01 -0.38460116E+01
  0.26088167E+01 -0.38135894E+01
  0.26182054E+01 -0.37812206E+01
  0.26275941E+01 -0.37490041E+01
  0.26369828E+01 -0.37170216E+01
  0.26463715E+01 -0.36853411E+01
  0.26557602E+01 -0.36540202E+01
  0.26651489E+01 -0.36231080E+01
  0.26745376E+01 -0.35926464E+01
  0.26839263E+01 -0.35626708E+01
  0.26933150E+01 -0.35332104E+01
  0.27027037E+01 -0.35042880E+01
  0.27120924E+01 -0.34759196E+01
  0.27214811E+01 -0.34481139E+01
  0.27308698E+01 -0.34208721E+01
  0.27402585E+01 -0.33941878E+01
  0.27496472E+01 -0.33680471E+01
  0.27590359E+01 -0.33424291E+01
  0.27684246E+01 -0.33173067E+01
  0.27778133E+01 -0.32926474E+01
  0.27872020E+01 -0.32684144E+01
  0.27965907E+01 -0.32445672E+01
  0.28059794E+01 -0.32210620E+01
  0.28153681E+01 -0.31978526E+01
  0.28247568E+01 -0.31748896E+01
  0.28341455E+01 -0.31521212E+01
  0.28435342E+01 -0.31294924E+01
  0.28529229E+01 -0.31069449E+01
  0.28623116E+01 -0.30844175E+01
  0.28717003E+01 -0.30618462E+01
  0.28810890E+01 -0.30391647E+01
  0.28904777E+01 -0.30163060E+01
  0.28998664E+01 -0.29932034E+01
  0.29092551E+01 -0.29697920E+01
  0.29186438E+01 -0.29460106E+01
  0.29280325E+01 -0.29218037E+01
  0.29374212E+01 -0.28971235E+01
  0.29468099E+01 -0.28719328E+01
  0.29561986E+01 -0.28462089E+01
  0.29655873E+01 -0.28199497E+01
  0.29749760E+01 -0.27931838E+01
  0.29843647E+01 -0.27659848E+01
  0.29937534E+01 -0.27384940E+01
  0.30031421E+01 -0.27109519E+01
  0.30125308E+01 -0.26837447E+01
  0.30219195E+01 -0.26574738E+01
  0.30313082E+01 -0.26330638E+01
  0.30406969E+01 -0.26119108E+01
  0.30500856E+01 -0.25959809E+01
  0.30594743E+01 -0.25875087E+01
  0.30688630E+01 -0.25879260E+01
  0.30782517E+01 -0.25968074E+01
  
  0.00000000E+00 -0.34894189E+01
  0.93887000E-02 -0.34878056E+01
  0.18777400E-01 -0.34833444E+01
  0.28166100E-01 -0.34766301E+01
  0.37554800E-01 -0.34682049E+01
  0.46943500E-01 -0.34584336E+01
  0.56332200E-01 -0.34475379E+01
  0.65720900E-01 -0.34356538E+01
  0.75109600E-01 -0.34228724E+01
  0.84498300E-01 -0.34092623E+01
  0.93887000E-01 -0.33948809E+01
  0.10327570E+00 -0.33797795E+01
  0.11266440E+00 -0.33640059E+01
  0.12205310E+00 -0.33476054E+01
  0.13144180E+00 -0.33306214E+01
  0.14083050E+00 -0.33130958E+01
  0.15021920E+00 -0.32950695E+01
  0.15960790E+00 -0.32765827E+01
  0.16899660E+00 -0.32576750E+01
  0.17838530E+00 -0.32383854E+01
  0.18777400E+00 -0.32187523E+01
  0.19716270E+00 -0.31988126E+01
  0.20655140E+00 -0.31786022E+01
  0.21594010E+00 -0.31581545E+01
  0.22532880E+00 -0.31375009E+01
  0.23471750E+00 -0.31166700E+01
  0.24410620E+00 -0.30956876E+01
  0.25349490E+00 -0.30745768E+01
  0.26288360E+00 -0.30533586E+01
  0.27227230E+00 -0.30320517E+01
  0.28166100E+00 -0.30106732E+01
  0.29104970E+00 -0.29892394E+01
  0.30043840E+00 -0.29677654E+01
  0.30982710E+00 -0.29462665E+01
  0.31921580E+00 -0.29247571E+01
  0.32860450E+00 -0.29032518E+01
  0.33799320E+00 -0.28817644E+01
  0.34738190E+00 -0.28603085E+01
  0.35677060E+00 -0.28388966E+01
  0.36615930E+00 -0.28175403E+01
  0.37554800E+00 -0.27962500E+01
  0.38493670E+00 -0.27750353E+01
  0.39432540E+00 -0.27539046E+01
  0.40371410E+00 -0.27328658E+01
  0.41310280E+00 -0.27119267E+01
  0.42249150E+00 -0.26910951E+01
  0.43188020E+00 -0.26703799E+01
  0.44126890E+00 -0.26497910E+01
  0.45065760E+00 -0.26293401E+01
  0.46004630E+00 -0.26090407E+01
  0.46943500E+00 -0.25889086E+01
  0.47882370E+00 -0.25689614E+01
  0.48821240E+00 -0.25492190E+01
  0.49760110E+00 -0.25297031E+01
  0.50698980E+00 -0.25104370E+01
  0.51637850E+00 -0.24914453E+01
  0.52576720E+00 -0.24727539E+01
  0.53515590E+00 -0.24543897E+01
  0.54454460E+00 -0.24363804E+01
  0.55393330E+00 -0.24187546E+01
  0.56332200E+00 -0.24015423E+01
  0.57271070E+00 -0.23847742E+01
  0.58209940E+00 -0.23684831E+01
  0.59148810E+00 -0.23527033E+01
  0.60087680E+00 -0.23374712E+01
  0.61026550E+00 -0.23228257E+01
  0.61965420E+00 -0.23088080E+01
  0.62904290E+00 -0.22954618E+01
  0.63843160E+00 -0.22828329E+01
  0.64782030E+00 -0.22709691E+01
  0.65720900E+00 -0.22599195E+01
  0.66659770E+00 -0.22497341E+01
  0.67598640E+00 -0.22404632E+01
  0.68537510E+00 -0.22321570E+01
  0.69476380E+00 -0.22248654E+01
  0.70415250E+00 -0.22186376E+01
  0.71354120E+00 -0.22135224E+01
  0.72292990E+00 -0.22095687E+01
  0.73231860E+00 -0.22068252E+01
  0.74170730E+00 -0.22053411E+01
  0.75109600E+00 -0.22051652E+01
  0.76048470E+00 -0.22063457E+01
  0.76987340E+00 -0.22089280E+01
  0.77926210E+00 -0.22129527E+01
  0.78865080E+00 -0.22184520E+01
  0.79803950E+00 -0.22254460E+01
  0.80742820E+00 -0.22339376E+01
  0.81681690E+00 -0.22439080E+01
  0.82620560E+00 -0.22553105E+01
  0.83559430E+00 -0.22680643E+01
  0.84498300E+00 -0.22820459E+01
  0.85437170E+00 -0.22970758E+01
  0.86376040E+00 -0.23128972E+01
  0.87314910E+00 -0.23291382E+01
  0.88253780E+00 -0.23452465E+01
  0.89192650E+00 -0.23603784E+01
  0.90131520E+00 -0.23732428E+01
  0.91070390E+00 -0.23819924E+01
  0.92009260E+00 -0.23845161E+01
  0.92948130E+00 -0.23795042E+01
  0.93887000E+00 -0.23674798E+01
  0.94824279E+00 -0.23727005E+01
  0.95761559E+00 -0.23679152E+01
  0.96698838E+00 -0.23541558E+01
  0.97636118E+00 -0.23341323E+01
  0.98573397E+00 -0.23104391E+01
  0.99510677E+00 -0.22848810E+01
  0.10044796E+01 -0.22586216E+01
  0.10138524E+01 -0.22324609E+01
  0.10232252E+01 -0.22070314E+01
  0.10325980E+01 -0.21829035E+01
  0.10419707E+01 -0.21606192E+01
  0.10513435E+01 -0.21406671E+01
  0.10607163E+01 -0.21234268E+01
  0.10700891E+01 -0.21091263E+01
  0.10794619E+01 -0.20978453E+01
  0.10888347E+01 -0.20895538E+01
  0.10982075E+01 -0.20841603E+01
  0.11075803E+01 -0.20815458E+01
  0.11169531E+01 -0.20815802E+01
  0.11263259E+01 -0.20841243E+01
  0.11356987E+01 -0.20890206E+01
  0.11450715E+01 -0.20960841E+01
  0.11544443E+01 -0.21050988E+01
  0.11638171E+01 -0.21158277E+01
  0.11731899E+01 -0.21280308E+01
  0.11825627E+01 -0.21414833E+01
  0.11919355E+01 -0.21559872E+01
  0.12013083E+01 -0.21713767E+01
  0.12106811E+01 -0.21875172E+01
  0.12200539E+01 -0.22043027E+01
  0.12294267E+01 -0.22216508E+01
  0.12387995E+01 -0.22394983E+01
  0.12481723E+01 -0.22577970E+01
  0.12575450E+01 -0.22765090E+01
  0.12669178E+01 -0.22956034E+01
  0.12762906E+01 -0.23150524E+01
  0.12856634E+01 -0.23348288E+01
  0.12950362E+01 -0.23549041E+01
  0.13044090E+01 -0.23752467E+01
  0.13137818E+01 -0.23958223E+01
  0.13231546E+01 -0.24165930E+01
  0.13325274E+01 -0.24375190E+01
  0.13419002E+01 -0.24585589E+01
  0.13512730E+01 -0.24796711E+01
  0.13606458E+01 -0.25008146E+01
  0.13700186E+01 -0.25219494E+01
  0.13793914E+01 -0.25430367E+01
  0.13887642E+01 -0.25640387E+01
  0.13981370E+01 -0.25849173E+01
  0.14075098E+01 -0.26056335E+01
  0.14168826E+01 -0.26261464E+01
  0.14262554E+01 -0.26464116E+01
  0.14356282E+01 -0.26663814E+01
  0.14450010E+01 -0.26860037E+01
  0.14543738E+01 -0.27052228E+01
  0.14637466E+01 -0.27239800E+01
  0.14731194E+01 -0.27422145E+01
  0.14824921E+01 -0.27598652E+01
  0.14918649E+01 -0.27768717E+01
  0.15012377E+01 -0.27931763E+01
  0.15106105E+01 -0.28087244E+01
  0.15199833E+01 -0.28234664E+01
  0.15293561E+01 -0.28373572E+01
  0.15387289E+01 -0.28503569E+01
  0.15481017E+01 -0.28624306E+01
  0.15574745E+01 -0.28735479E+01
  0.15668473E+01 -0.28836819E+01
  0.15762201E+01 -0.28928095E+01
  0.15855929E+01 -0.29009101E+01
  0.15949657E+01 -0.29079655E+01
  0.16043385E+01 -0.29139596E+01
  0.16137113E+01 -0.29188786E+01
  0.16230841E+01 -0.29227108E+01
  0.16324569E+01 -0.29254469E+01
  0.16418297E+01 -0.29270806E+01
  0.16512025E+01 -0.29276082E+01
  0.16605753E+01 -0.29270297E+01
  0.16699481E+01 -0.29253914E+01
  0.16793367E+01 -0.29282458E+01
  0.16887254E+01 -0.29325309E+01
  0.16981141E+01 -0.29380776E+01
  0.17075028E+01 -0.29447824E+01
  0.17168914E+01 -0.29525330E+01
  0.17262801E+01 -0.29612128E+01
  0.17356688E+01 -0.29707056E+01
  0.17450574E+01 -0.29809000E+01
  0.17544461E+01 -0.29916953E+01
  0.17638348E+01 -0.30030059E+01
  0.17732235E+01 -0.30147679E+01
  0.17826121E+01 -0.30269446E+01
  0.17920008E+01 -0.30395314E+01
  0.18013895E+01 -0.30525569E+01
  0.18107782E+01 -0.30660735E+01
  0.18201668E+01 -0.30801328E+01
  0.18295555E+01 -0.30947523E+01
  0.18389442E+01 -0.31098935E+01
  0.18483328E+01 -0.31254663E+01
  0.18577215E+01 -0.31413527E+01
  0.18671102E+01 -0.31574316E+01
  0.18764989E+01 -0.31735928E+01
  0.18858875E+01 -0.31897425E+01
  0.18952762E+01 -0.32058035E+01
  0.19046649E+01 -0.32217130E+01
  0.19140536E+01 -0.32374201E+01
  0.19234422E+01 -0.32528835E+01
  0.19328309E+01 -0.32680688E+01
  0.19422196E+01 -0.32829466E+01
  0.19516082E+01 -0.32974910E+01
  0.19609969E+01 -0.33116785E+01
  0.19703856E+01 -0.33254870E+01
  0.19797743E+01 -0.33388957E+01
  0.19891629E+01 -0.33518844E+01
  0.19985516E+01 -0.33644340E+01
  0.20079403E+01 -0.33765265E+01
  0.20173290E+01 -0.33881449E+01
  0.20267176E+01 -0.33992742E+01
  0.20361063E+01 -0.34099024E+01
  0.20454950E+01 -0.34200225E+01
  0.20548837E+01 -0.34296353E+01
  0.20642723E+01 -0.34387541E+01
  0.20736610E+01 -0.34474074E+01
  0.20830497E+01 -0.34556374E+01
  0.20924383E+01 -0.34634837E+01
  0.21018270E+01 -0.34709352E+01
  0.21112157E+01 -0.34778355E+01
  0.21206044E+01 -0.34837513E+01
  0.21299930E+01 -0.34879083E+01
  0.21393817E+01 -0.34894189E+01
  0.21487704E+01 -0.34878056E+01
  0.21581591E+01 -0.34833444E+01
  0.21675478E+01 -0.34766301E+01
  0.21769365E+01 -0.34682049E+01
  0.21863252E+01 -0.34584336E+01
  0.21957139E+01 -0.34475379E+01
  0.22051026E+01 -0.34356538E+01
  0.22144913E+01 -0.34228724E+01
  0.22238800E+01 -0.34092623E+01
  0.22332687E+01 -0.33948809E+01
  0.22426574E+01 -0.33797795E+01
  0.22520461E+01 -0.33640059E+01
  0.22614348E+01 -0.33476054E+01
  0.22708235E+01 -0.33306214E+01
  0.22802122E+01 -0.33130958E+01
  0.22896009E+01 -0.32950695E+01
  0.22989896E+01 -0.32765827E+01
  0.23083783E+01 -0.32576750E+01
  0.23177670E+01 -0.32383854E+01
  0.23271557E+01 -0.32187523E+01
  0.23365444E+01 -0.31988126E+01
  0.23459331E+01 -0.31786022E+01
  0.23553218E+01 -0.31581545E+01
  0.23647105E+01 -0.31375009E+01
  0.23740992E+01 -0.31166700E+01
  0.23834879E+01 -0.30956876E+01
  0.23928766E+01 -0.30745768E+01
  0.24022653E+01 -0.30533586E+01
  0.24116540E+01 -0.30320517E+01
  0.24210427E+01 -0.30106732E+01
  0.24304314E+01 -0.29892394E+01
  0.24398201E+01 -0.29677654E+01
  0.24492088E+01 -0.29462665E+01
  0.24585975E+01 -0.29247571E+01
  0.24679862E+01 -0.29032518E+01
  0.24773749E+01 -0.28817644E+01
  0.24867636E+01 -0.28603085E+01
  0.24961523E+01 -0.28388966E+01
  0.25055410E+01 -0.28175403E+01
  0.25149297E+01 -0.27962500E+01
  0.25243184E+01 -0.27750353E+01
  0.25337071E+01 -0.27539046E+01
  0.25430958E+01 -0.27328658E+01
  0.25524845E+01 -0.27119267E+01
  0.25618732E+01 -0.26910951E+01
  0.25712619E+01 -0.26703799E+01
  0.25806506E+01 -0.26497910E+01
  0.25900393E+01 -0.26293401E+01
  0.25994280E+01 -0.26090407E+01
  0.26088167E+01 -0.25889086E+01
  0.26182054E+01 -0.25689614E+01
  0.26275941E+01 -0.25492190E+01
  0.26369828E+01 -0.25297031E+01
  0.26463715E+01 -0.25104370E+01
  0.26557602E+01 -0.24914453E+01
  0.26651489E+01 -0.24727539E+01
  0.26745376E+01 -0.24543897E+01
  0.26839263E+01 -0.24363804E+01
  0.26933150E+01 -0.24187546E+01
  0.27027037E+01 -0.24015423E+01
  0.27120924E+01 -0.23847742E+01
  0.27214811E+01 -0.23684831E+01
  0.27308698E+01 -0.23527033E+01
  0.27402585E+01 -0.23374712E+01
  0.27496472E+01 -0.23228257E+01
  0.27590359E+01 -0.23088080E+01
  0.27684246E+01 -0.22954618E+01
  0.27778133E+01 -0.22828329E+01
  0.27872020E+01 -0.22709691E+01
  0.27965907E+01 -0.22599195E+01
  0.28059794E+01 -0.22497341E+01
  0.28153681E+01 -0.22404632E+01
  0.28247568E+01 -0.22321570E+01
  0.28341455E+01 -0.22248654E+01
  0.28435342E+01 -0.22186376E+01
  0.28529229E+01 -0.22135224E+01
  0.28623116E+01 -0.22095687E+01
  0.28717003E+01 -0.22068252E+01
  0.28810890E+01 -0.22053411E+01
  0.28904777E+01 -0.22051652E+01
  0.28998664E+01 -0.22063457E+01
  0.29092551E+01 -0.22089280E+01
  0.29186438E+01 -0.22129527E+01
  0.29280325E+01 -0.22184520E+01
  0.29374212E+01 -0.22254460E+01
  0.29468099E+01 -0.22339376E+01
  0.29561986E+01 -0.22439080E+01
  0.29655873E+01 -0.22553105E+01
  0.29749760E+01 -0.22680643E+01
  0.29843647E+01 -0.22820459E+01
  0.29937534E+01 -0.22970758E+01
  0.30031421E+01 -0.23128972E+01
  0.30125308E+01 -0.23291382E+01
  0.30219195E+01 -0.23452465E+01
  0.30313082E+01 -0.23603784E+01
  0.30406969E+01 -0.23732428E+01
  0.30500856E+01 -0.23819924E+01
  0.30594743E+01 -0.23845161E+01
  0.30688630E+01 -0.23795042E+01
  0.30782517E+01 -0.23674798E+01
  
  0.00000000E+00 -0.33754481E+01
  0.93887000E-02 -0.33710042E+01
  0.18777400E-01 -0.33642630E+01
  0.28166100E-01 -0.33554663E+01
  0.37554800E-01 -0.33448769E+01
  0.46943500E-01 -0.33327492E+01
  0.56332200E-01 -0.33193121E+01
  0.65720900E-01 -0.33047623E+01
  0.75109600E-01 -0.32892640E+01
  0.84498300E-01 -0.32729514E+01
  0.93887000E-01 -0.32559332E+01
  0.10327570E+00 -0.32382974E+01
  0.11266440E+00 -0.32201148E+01
  0.12205310E+00 -0.32014433E+01
  0.13144180E+00 -0.31823308E+01
  0.14083050E+00 -0.31628176E+01
  0.15021920E+00 -0.31429384E+01
  0.15960790E+00 -0.31227246E+01
  0.16899660E+00 -0.31022045E+01
  0.17838530E+00 -0.30814052E+01
  0.18777400E+00 -0.30603527E+01
  0.19716270E+00 -0.30390722E+01
  0.20655140E+00 -0.30175887E+01
  0.21594010E+00 -0.29959263E+01
  0.22532880E+00 -0.29741088E+01
  0.23471750E+00 -0.29521590E+01
  0.24410620E+00 -0.29300987E+01
  0.25349490E+00 -0.29079486E+01
  0.26288360E+00 -0.28857283E+01
  0.27227230E+00 -0.28634563E+01
  0.28166100E+00 -0.28411501E+01
  0.29104970E+00 -0.28188265E+01
  0.30043840E+00 -0.27965019E+01
  0.30982710E+00 -0.27741922E+01
  0.31921580E+00 -0.27519134E+01
  0.32860450E+00 -0.27296816E+01
  0.33799320E+00 -0.27075129E+01
  0.34738190E+00 -0.26854236E+01
  0.35677060E+00 -0.26634299E+01
  0.36615930E+00 -0.26415478E+01
  0.37554800E+00 -0.26197932E+01
  0.38493670E+00 -0.25981815E+01
  0.39432540E+00 -0.25767274E+01
  0.40371410E+00 -0.25554457E+01
  0.41310280E+00 -0.25343508E+01
  0.42249150E+00 -0.25134572E+01
  0.43188020E+00 -0.24927798E+01
  0.44126890E+00 -0.24723345E+01
  0.45065760E+00 -0.24521383E+01
  0.46004630E+00 -0.24322097E+01
  0.46943500E+00 -0.24125686E+01
  0.47882370E+00 -0.23932366E+01
  0.48821240E+00 -0.23742369E+01
  0.49760110E+00 -0.23555934E+01
  0.50698980E+00 -0.23373311E+01
  0.51637850E+00 -0.23194748E+01
  0.52576720E+00 -0.23020495E+01
  0.53515590E+00 -0.22850794E+01
  0.54454460E+00 -0.22685881E+01
  0.55393330E+00 -0.22525983E+01
  0.56332200E+00 -0.22371322E+01
  0.57271070E+00 -0.22222114E+01
  0.58209940E+00 -0.22078579E+01
  0.59148810E+00 -0.21940940E+01
  0.60087680E+00 -0.21809434E+01
  0.61026550E+00 -0.21684312E+01
  0.61965420E+00 -0.21565847E+01
  0.62904290E+00 -0.21454332E+01
  0.63843160E+00 -0.21350086E+01
  0.64782030E+00 -0.21253445E+01
  0.65720900E+00 -0.21164768E+01
  0.66659770E+00 -0.21084425E+01
  0.67598640E+00 -0.21012798E+01
  0.68537510E+00 -0.20950275E+01
  0.69476380E+00 -0.20897248E+01
  0.70415250E+00 -0.20854111E+01
  0.71354120E+00 -0.20821262E+01
  0.72292990E+00 -0.20799107E+01
  0.73231860E+00 -0.20788062E+01
  0.74170730E+00 -0.20788559E+01
  0.75109600E+00 -0.20801046E+01
  0.76048470E+00 -0.20825986E+01
  0.76987340E+00 -0.20863852E+01
  0.77926210E+00 -0.20915112E+01
  0.78865080E+00 -0.20980214E+01
  0.79803950E+00 -0.21059563E+01
  0.80742820E+00 -0.21153495E+01
  0.81681690E+00 -0.21262256E+01
  0.82620560E+00 -0.21385972E+01
  0.83559430E+00 -0.21524625E+01
  0.84498300E+00 -0.21678023E+01
  0.85437170E+00 -0.21845762E+01
  0.86376040E+00 -0.22027178E+01
  0.87314910E+00 -0.22221270E+01
  0.88253780E+00 -0.22426592E+01
  0.89192650E+00 -0.22641064E+01
  0.90131520E+00 -0.22861683E+01
  0.91070390E+00 -0.23084013E+01
  0.92009260E+00 -0.23301344E+01
  0.92948130E+00 -0.23503374E+01
  0.93887000E+00 -0.23674682E+01
  0.94824279E+00 -0.23537300E+01
  0.95761559E+00 -0.23340488E+01
  0.96698838E+00 -0.23106518E+01
  0.97636118E+00 -0.22850946E+01
  0.98573397E+00 -0.22584320E+01
  0.99510677E+00 -0.22314067E+01
  0.10044796E+01 -0.22045632E+01
  0.10138524E+01 -0.21783083E+01
  0.10232252E+01 -0.21529446E+01
  0.10325980E+01 -0.21287040E+01
  0.10419707E+01 -0.21058005E+01
  0.10513435E+01 -0.20845098E+01
  0.10607163E+01 -0.20652529E+01
  0.10700891E+01 -0.20486189E+01
  0.10794619E+01 -0.20352682E+01
  0.10888347E+01 -0.20257228E+01
  0.10982075E+01 -0.20201525E+01
  0.11075803E+01 -0.20183054E+01
  0.11169531E+01 -0.20196245E+01
  0.11263259E+01 -0.20234478E+01
  0.11356987E+01 -0.20291708E+01
  0.11450715E+01 -0.20363268E+01
  0.11544443E+01 -0.20446012E+01
  0.11638171E+01 -0.20538072E+01
  0.11731899E+01 -0.20638464E+01
  0.11825627E+01 -0.20746717E+01
  0.11919355E+01 -0.20862607E+01
  0.12013083E+01 -0.20985997E+01
  0.12106811E+01 -0.21116764E+01
  0.12200539E+01 -0.21254773E+01
  0.12294267E+01 -0.21399874E+01
  0.12387995E+01 -0.21551896E+01
  0.12481723E+01 -0.21710657E+01
  0.12575450E+01 -0.21875959E+01
  0.12669178E+01 -0.22047584E+01
  0.12762906E+01 -0.22225296E+01
  0.12856634E+01 -0.22408826E+01
  0.12950362E+01 -0.22597875E+01
  0.13044090E+01 -0.22792109E+01
  0.13137818E+01 -0.22991158E+01
  0.13231546E+01 -0.23194618E+01
  0.13325274E+01 -0.23402055E+01
  0.13419002E+01 -0.23613011E+01
  0.13512730E+01 -0.23827011E+01
  0.13606458E+01 -0.24043569E+01
  0.13700186E+01 -0.24262194E+01
  0.13793914E+01 -0.24482391E+01
  0.13887642E+01 -0.24703660E+01
  0.13981370E+01 -0.24925499E+01
  0.14075098E+01 -0.25147397E+01
  0.14168826E+01 -0.25368828E+01
  0.14262554E+01 -0.25589246E+01
  0.14356282E+01 -0.25808087E+01
  0.14450010E+01 -0.26024760E+01
  0.14543738E+01 -0.26238655E+01
  0.14637466E+01 -0.26449150E+01
  0.14731194E+01 -0.26655613E+01
  0.14824921E+01 -0.26857422E+01
  0.14918649E+01 -0.27053969E+01
  0.15012377E+01 -0.27244680E+01
  0.15106105E+01 -0.27429017E+01
  0.15199833E+01 -0.27606490E+01
  0.15293561E+01 -0.27776659E+01
  0.15387289E+01 -0.27939132E+01
  0.15481017E+01 -0.28093563E+01
  0.15574745E+01 -0.28239643E+01
  0.15668473E+01 -0.28377094E+01
  0.15762201E+01 -0.28505659E+01
  0.15855929E+01 -0.28625096E+01
  0.15949657E+01 -0.28735172E+01
  0.16043385E+01 -0.28835659E+01
  0.16137113E+01 -0.28926336E+01
  0.16230841E+01 -0.29006986E+01
  0.16324569E+01 -0.29077405E+01
  0.16418297E+01 -0.29137399E+01
  0.16512025E+01 -0.29186795E+01
  0.16605753E+01 -0.29225441E+01
  0.16699481E+01 -0.29252776E+01
  0.16793367E+01 -0.29238476E+01
  0.16887254E+01 -0.29238169E+01
  0.16981141E+01 -0.29252951E+01
  0.17075028E+01 -0.29282888E+01
  0.17168914E+01 -0.29327793E+01
  0.17262801E+01 -0.29387231E+01
  0.17356688E+01 -0.29460525E+01
  0.17450574E+01 -0.29546766E+01
  0.17544461E+01 -0.29644827E+01
  0.17638348E+01 -0.29753369E+01
  0.17732235E+01 -0.29870843E+01
  0.17826121E+01 -0.29995477E+01
  0.17920008E+01 -0.30125267E+01
  0.18013895E+01 -0.30258008E+01
  0.18107782E+01 -0.30391403E+01
  0.18201668E+01 -0.30523324E+01
  0.18295555E+01 -0.30652156E+01
  0.18389442E+01 -0.30777017E+01
  0.18483328E+01 -0.30897713E+01
  0.18577215E+01 -0.31014496E+01
  0.18671102E+01 -0.31127810E+01
  0.18764989E+01 -0.31238142E+01
  0.18858875E+01 -0.31345956E+01
  0.18952762E+01 -0.31451679E+01
  0.19046649E+01 -0.31555706E+01
  0.19140536E+01 -0.31658406E+01
  0.19234422E+01 -0.31760130E+01
  0.19328309E+01 -0.31861219E+01
  0.19422196E+01 -0.31962001E+01
  0.19516082E+01 -0.32062793E+01
  0.19609969E+01 -0.32163896E+01
  0.19703856E+01 -0.32265592E+01
  0.19797743E+01 -0.32368131E+01
  0.19891629E+01 -0.32471726E+01
  0.19985516E+01 -0.32576533E+01
  0.20079403E+01 -0.32682632E+01
  0.20173290E+01 -0.32790002E+01
  0.20267176E+01 -0.32898480E+01
  0.20361063E+01 -0.33007715E+01
  0.20454950E+01 -0.33117097E+01
  0.20548837E+01 -0.33225670E+01
  0.20642723E+01 -0.33332029E+01
  0.20736610E+01 -0.33434189E+01
  0.20830497E+01 -0.33529481E+01
  0.20924383E+01 -0.33614512E+01
  0.21018270E+01 -0.33685310E+01
  0.21112157E+01 -0.33737732E+01
  0.21206044E+01 -0.33768123E+01
  0.21299930E+01 -0.33774007E+01
  0.21393817E+01 -0.33754481E+01
  0.21487704E+01 -0.33710042E+01
  0.21581591E+01 -0.33642630E+01
  0.21675478E+01 -0.33554663E+01
  0.21769365E+01 -0.33448769E+01
  0.21863252E+01 -0.33327492E+01
  0.21957139E+01 -0.33193121E+01
  0.22051026E+01 -0.33047623E+01
  0.22144913E+01 -0.32892640E+01
  0.22238800E+01 -0.32729514E+01
  0.22332687E+01 -0.32559332E+01
  0.22426574E+01 -0.32382974E+01
  0.22520461E+01 -0.32201148E+01
  0.22614348E+01 -0.32014433E+01
  0.22708235E+01 -0.31823308E+01
  0.22802122E+01 -0.31628176E+01
  0.22896009E+01 -0.31429384E+01
  0.22989896E+01 -0.31227246E+01
  0.23083783E+01 -0.31022045E+01
  0.23177670E+01 -0.30814052E+01
  0.23271557E+01 -0.30603527E+01
  0.23365444E+01 -0.30390722E+01
  0.23459331E+01 -0.30175887E+01
  0.23553218E+01 -0.29959263E+01
  0.23647105E+01 -0.29741088E+01
  0.23740992E+01 -0.29521590E+01
  0.23834879E+01 -0.29300987E+01
  0.23928766E+01 -0.29079486E+01
  0.24022653E+01 -0.28857283E+01
  0.24116540E+01 -0.28634563E+01
  0.24210427E+01 -0.28411501E+01
  0.24304314E+01 -0.28188265E+01
  0.24398201E+01 -0.27965019E+01
  0.24492088E+01 -0.27741922E+01
  0.24585975E+01 -0.27519134E+01
  0.24679862E+01 -0.27296816E+01
  0.24773749E+01 -0.27075129E+01
  0.24867636E+01 -0.26854236E+01
  0.24961523E+01 -0.26634299E+01
  0.25055410E+01 -0.26415478E+01
  0.25149297E+01 -0.26197932E+01
  0.25243184E+01 -0.25981815E+01
  0.25337071E+01 -0.25767274E+01
  0.25430958E+01 -0.25554457E+01
  0.25524845E+01 -0.25343508E+01
  0.25618732E+01 -0.25134572E+01
  0.25712619E+01 -0.24927798E+01
  0.25806506E+01 -0.24723345E+01
  0.25900393E+01 -0.24521383E+01
  0.25994280E+01 -0.24322097E+01
  0.26088167E+01 -0.24125686E+01
  0.26182054E+01 -0.23932366E+01
  0.26275941E+01 -0.23742369E+01
  0.26369828E+01 -0.23555934E+01
  0.26463715E+01 -0.23373311E+01
  0.26557602E+01 -0.23194748E+01
  0.26651489E+01 -0.23020495E+01
  0.26745376E+01 -0.22850794E+01
  0.26839263E+01 -0.22685881E+01
  0.26933150E+01 -0.22525983E+01
  0.27027037E+01 -0.22371322E+01
  0.27120924E+01 -0.22222114E+01
  0.27214811E+01 -0.22078579E+01
  0.27308698E+01 -0.21940940E+01
  0.27402585E+01 -0.21809434E+01
  0.27496472E+01 -0.21684312E+01
  0.27590359E+01 -0.21565847E+01
  0.27684246E+01 -0.21454332E+01
  0.27778133E+01 -0.21350086E+01
  0.27872020E+01 -0.21253445E+01
  0.27965907E+01 -0.21164768E+01
  0.28059794E+01 -0.21084425E+01
  0.28153681E+01 -0.21012798E+01
  0.28247568E+01 -0.20950275E+01
  0.28341455E+01 -0.20897248E+01
  0.28435342E+01 -0.20854111E+01
  0.28529229E+01 -0.20821262E+01
  0.28623116E+01 -0.20799107E+01
  0.28717003E+01 -0.20788062E+01
  0.28810890E+01 -0.20788559E+01
  0.28904777E+01 -0.20801046E+01
  0.28998664E+01 -0.20825986E+01
  0.29092551E+01 -0.20863852E+01
  0.29186438E+01 -0.20915112E+01
  0.29280325E+01 -0.20980214E+01
  0.29374212E+01 -0.21059563E+01
  0.29468099E+01 -0.21153495E+01
  0.29561986E+01 -0.21262256E+01
  0.29655873E+01 -0.21385972E+01
  0.29749760E+01 -0.21524625E+01
  0.29843647E+01 -0.21678023E+01
  0.29937534E+01 -0.21845762E+01
  0.30031421E+01 -0.22027178E+01
  0.30125308E+01 -0.22221270E+01
  0.30219195E+01 -0.22426592E+01
  0.30313082E+01 -0.22641064E+01
  0.30406969E+01 -0.22861683E+01
  0.30500856E+01 -0.23084013E+01
  0.30594743E+01 -0.23301344E+01
  0.30688630E+01 -0.23503374E+01
  0.30782517E+01 -0.23674682E+01
  
  0.00000000E+00 -0.39456780E+00
  0.93887000E-02 -0.40721753E+00
  0.18777400E-01 -0.42032896E+00
  0.28166100E-01 -0.43389488E+00
  0.37554800E-01 -0.44790818E+00
  0.46943500E-01 -0.46236122E+00
  0.56332200E-01 -0.47724535E+00
  0.65720900E-01 -0.49255044E+00
  0.75109600E-01 -0.50826457E+00
  0.84498300E-01 -0.52437375E+00
  0.93887000E-01 -0.54086191E+00
  0.10327570E+00 -0.55771087E+00
  0.11266440E+00 -0.57490055E+00
  0.12205310E+00 -0.59240926E+00
  0.13144180E+00 -0.61021397E+00
  0.14083050E+00 -0.62829072E+00
  0.15021920E+00 -0.64661500E+00
  0.15960790E+00 -0.66516211E+00
  0.16899660E+00 -0.68390743E+00
  0.17838530E+00 -0.70282668E+00
  0.18777400E+00 -0.72189609E+00
  0.19716270E+00 -0.74109245E+00
  0.20655140E+00 -0.76039306E+00
  0.21594010E+00 -0.77977569E+00
  0.22532880E+00 -0.79921839E+00
  0.23471750E+00 -0.81869926E+00
  0.24410620E+00 -0.83819629E+00
  0.25349490E+00 -0.85768714E+00
  0.26288360E+00 -0.87714905E+00
  0.27227230E+00 -0.89655886E+00
  0.28166100E+00 -0.91589307E+00
  0.29104970E+00 -0.93512817E+00
  0.30043840E+00 -0.95424101E+00
  0.30982710E+00 -0.97320932E+00
  0.31921580E+00 -0.99201227E+00
  0.32860450E+00 -0.10106311E+01
  0.33799320E+00 -0.10290494E+01
  0.34738190E+00 -0.10472540E+01
  0.35677060E+00 -0.10652345E+01
  0.36615930E+00 -0.10829835E+01
  0.37554800E+00 -0.11004967E+01
  0.38493670E+00 -0.11177717E+01
  0.39432540E+00 -0.11348081E+01
  0.40371410E+00 -0.11516062E+01
  0.41310280E+00 -0.11681668E+01
  0.42249150E+00 -0.11844905E+01
  0.43188020E+00 -0.12005773E+01
  0.44126890E+00 -0.12164263E+01
  0.45065760E+00 -0.12320360E+01
  0.46004630E+00 -0.12474049E+01
  0.46943500E+00 -0.12625312E+01
  0.47882370E+00 -0.12774142E+01
  0.48821240E+00 -0.12920541E+01
  0.49760110E+00 -0.13064530E+01
  0.50698980E+00 -0.13206149E+01
  0.51637850E+00 -0.13345457E+01
  0.52576720E+00 -0.13482533E+01
  0.53515590E+00 -0.13617469E+01
  0.54454460E+00 -0.13750367E+01
  0.55393330E+00 -0.13881336E+01
  0.56332200E+00 -0.14010482E+01
  0.57271070E+00 -0.14137906E+01
  0.58209940E+00 -0.14263703E+01
  0.59148810E+00 -0.14387954E+01
  0.60087680E+00 -0.14510729E+01
  0.61026550E+00 -0.14632085E+01
  0.61965420E+00 -0.14752067E+01
  0.62904290E+00 -0.14870704E+01
  0.63843160E+00 -0.14988008E+01
  0.64782030E+00 -0.15103971E+01
  0.65720900E+00 -0.15218562E+01
  0.66659770E+00 -0.15331715E+01
  0.67598640E+00 -0.15443327E+01
  0.68537510E+00 -0.15553246E+01
  0.69476380E+00 -0.15661261E+01
  0.70415250E+00 -0.15767099E+01
  0.71354120E+00 -0.15870413E+01
  0.72292990E+00 -0.15970781E+01
  0.73231860E+00 -0.16067704E+01
  0.74170730E+00 -0.16160616E+01
  0.75109600E+00 -0.16248894E+01
  0.76048470E+00 -0.16331881E+01
  0.76987340E+00 -0.16408910E+01
  0.77926210E+00 -0.16479345E+01
  0.78865080E+00 -0.16542611E+01
  0.79803950E+00 -0.16598228E+01
  0.80742820E+00 -0.16645843E+01
  0.81681690E+00 -0.16685241E+01
  0.82620560E+00 -0.16716346E+01
  0.83559430E+00 -0.16739211E+01
  0.84498300E+00 -0.16753985E+01
  0.85437170E+00 -0.16760886E+01
  0.86376040E+00 -0.16760157E+01
  0.87314910E+00 -0.16752035E+01
  0.88253780E+00 -0.16736722E+01
  0.89192650E+00 -0.16714369E+01
  0.90131520E+00 -0.16685067E+01
  0.91070390E+00 -0.16648854E+01
  0.92009260E+00 -0.16605723E+01
  0.92948130E+00 -0.16555646E+01
  0.93887000E+00 -0.16498729E+01
  0.94824279E+00 -0.16612340E+01
  0.95761559E+00 -0.16725806E+01
  0.96698838E+00 -0.16839048E+01
  0.97636118E+00 -0.16951888E+01
  0.98573397E+00 -0.17063872E+01
  0.99510677E+00 -0.17174227E+01
  0.10044796E+01 -0.17281804E+01
  0.10138524E+01 -0.17384990E+01
  0.10232252E+01 -0.17481588E+01
  0.10325980E+01 -0.17568663E+01
  0.10419707E+01 -0.17642334E+01
  0.10513435E+01 -0.17697579E+01
  0.10607163E+01 -0.17728168E+01
  0.10700891E+01 -0.17726992E+01
  0.10794619E+01 -0.17687119E+01
  0.10888347E+01 -0.17603609E+01
  0.10982075E+01 -0.17475287E+01
  0.11075803E+01 -0.17305203E+01
  0.11169531E+01 -0.17099390E+01
  0.11263259E+01 -0.16864918E+01
  0.11356987E+01 -0.16608418E+01
  0.11450715E+01 -0.16335413E+01
  0.11544443E+01 -0.16050237E+01
  0.11638171E+01 -0.15756202E+01
  0.11731899E+01 -0.15455834E+01
  0.11825627E+01 -0.15151072E+01
  0.11919355E+01 -0.14843439E+01
  0.12013083E+01 -0.14534153E+01
  0.12106811E+01 -0.14224213E+01
  0.12200539E+01 -0.13914454E+01
  0.12294267E+01 -0.13605591E+01
  0.12387995E+01 -0.13298243E+01
  0.12481723E+01 -0.12992952E+01
  0.12575450E+01 -0.12690199E+01
  0.12669178E+01 -0.12390417E+01
  0.12762906E+01 -0.12093997E+01
  0.12856634E+01 -0.11801301E+01
  0.12950362E+01 -0.11512669E+01
  0.13044090E+01 -0.11228419E+01
  0.13137818E+01 -0.10948857E+01
  0.13231546E+01 -0.10674276E+01
  0.13325274E+01 -0.10404954E+01
  0.13419002E+01 -0.10141155E+01
  0.13512730E+01 -0.98831246E+00
  0.13606458E+01 -0.96310855E+00
  0.13700186E+01 -0.93852367E+00
  0.13793914E+01 -0.91457492E+00
  0.13887642E+01 -0.89127656E+00
  0.13981370E+01 -0.86863999E+00
  0.14075098E+01 -0.84667396E+00
  0.14168826E+01 -0.82538495E+00
  0.14262554E+01 -0.80477756E+00
  0.14356282E+01 -0.78485512E+00
  0.14450010E+01 -0.76562019E+00
  0.14543738E+01 -0.74707500E+00
  0.14637466E+01 -0.72922178E+00
  0.14731194E+01 -0.71206285E+00
  0.14824921E+01 -0.69560047E+00
  0.14918649E+01 -0.67983657E+00
  0.15012377E+01 -0.66477226E+00
  0.15106105E+01 -0.65040720E+00
  0.15199833E+01 -0.63673913E+00
  0.15293561E+01 -0.62376335E+00
  0.15387289E+01 -0.61147252E+00
  0.15481017E+01 -0.59985671E+00
  0.15574745E+01 -0.58890373E+00
  0.15668473E+01 -0.57859982E+00
  0.15762201E+01 -0.56893046E+00
  0.15855929E+01 -0.55988142E+00
  0.15949657E+01 -0.55143970E+00
  0.16043385E+01 -0.54359428E+00
  0.16137113E+01 -0.53633659E+00
  0.16230841E+01 -0.52966063E+00
  0.16324569E+01 -0.52356263E+00
  0.16418297E+01 -0.51804037E+00
  0.16512025E+01 -0.51309236E+00
  0.16605753E+01 -0.50871680E+00
  0.16699481E+01 -0.50491713E+00
  0.16793367E+01 -0.51329000E+00
  0.16887254E+01 -0.51951431E+00
  0.16981141E+01 -0.52354989E+00
  0.17075028E+01 -0.52540090E+00
  0.17168914E+01 -0.52510250E+00
  0.17262801E+01 -0.52272033E+00
  0.17356688E+01 -0.51834908E+00
  0.17450574E+01 -0.51211013E+00
  0.17544461E+01 -0.50414859E+00
  0.17638348E+01 -0.49462980E+00
  0.17732235E+01 -0.48373558E+00
  0.17826121E+01 -0.47166047E+00
  0.17920008E+01 -0.45860818E+00
  0.18013895E+01 -0.44478818E+00
  0.18107782E+01 -0.43041268E+00
  0.18201668E+01 -0.41569384E+00
  0.18295555E+01 -0.40084107E+00
  0.18389442E+01 -0.38605847E+00
  0.18483328E+01 -0.37154216E+00
  0.18577215E+01 -0.35747764E+00
  0.18671102E+01 -0.34403700E+00
  0.18764989E+01 -0.33137625E+00
  0.18858875E+01 -0.31963281E+00
  0.18952762E+01 -0.30892341E+00
  0.19046649E+01 -0.29934249E+00
  0.19140536E+01 -0.29096134E+00
  0.19234422E+01 -0.28382809E+00
  0.19328309E+01 -0.27796850E+00
  0.19422196E+01 -0.27338755E+00
  0.19516082E+01 -0.27007175E+00
  0.19609969E+01 -0.26799193E+00
  0.19703856E+01 -0.26710633E+00
  0.19797743E+01 -0.26736373E+00
  0.19891629E+01 -0.26870653E+00
  0.19985516E+01 -0.27107350E+00
  0.20079403E+01 -0.27440218E+00
  0.20173290E+01 -0.27863085E+00
  0.20267176E+01 -0.28370012E+00
  0.20361063E+01 -0.28955407E+00
  0.20454950E+01 -0.29614110E+00
  0.20548837E+01 -0.30341448E+00
  0.20642723E+01 -0.31133272E+00
  0.20736610E+01 -0.31985962E+00
  0.20830497E+01 -0.32896426E+00
  0.20924383E+01 -0.33862076E+00
  0.21018270E+01 -0.34880788E+00
  0.21112157E+01 -0.35950849E+00
  0.21206044E+01 -0.37070894E+00
  0.21299930E+01 -0.38239833E+00
  0.21393817E+01 -0.39456780E+00
  0.21487704E+01 -0.40721753E+00
  0.21581591E+01 -0.42032896E+00
  0.21675478E+01 -0.43389488E+00
  0.21769365E+01 -0.44790818E+00
  0.21863252E+01 -0.46236122E+00
  0.21957139E+01 -0.47724535E+00
  0.22051026E+01 -0.49255044E+00
  0.22144913E+01 -0.50826457E+00
  0.22238800E+01 -0.52437375E+00
  0.22332687E+01 -0.54086191E+00
  0.22426574E+01 -0.55771087E+00
  0.22520461E+01 -0.57490055E+00
  0.22614348E+01 -0.59240926E+00
  0.22708235E+01 -0.61021397E+00
  0.22802122E+01 -0.62829072E+00
  0.22896009E+01 -0.64661500E+00
  0.22989896E+01 -0.66516211E+00
  0.23083783E+01 -0.68390743E+00
  0.23177670E+01 -0.70282668E+00
  0.23271557E+01 -0.72189609E+00
  0.23365444E+01 -0.74109245E+00
  0.23459331E+01 -0.76039306E+00
  0.23553218E+01 -0.77977569E+00
  0.23647105E+01 -0.79921839E+00
  0.23740992E+01 -0.81869926E+00
  0.23834879E+01 -0.83819629E+00
  0.23928766E+01 -0.85768714E+00
  0.24022653E+01 -0.87714905E+00
  0.24116540E+01 -0.89655886E+00
  0.24210427E+01 -0.91589307E+00
  0.24304314E+01 -0.93512817E+00
  0.24398201E+01 -0.95424101E+00
  0.24492088E+01 -0.97320932E+00
  0.24585975E+01 -0.99201227E+00
  0.24679862E+01 -0.10106311E+01
  0.24773749E+01 -0.10290494E+01
  0.24867636E+01 -0.10472540E+01
  0.24961523E+01 -0.10652345E+01
  0.25055410E+01 -0.10829835E+01
  0.25149297E+01 -0.11004967E+01
  0.25243184E+01 -0.11177717E+01
  0.25337071E+01 -0.11348081E+01
  0.25430958E+01 -0.11516062E+01
  0.25524845E+01 -0.11681668E+01
  0.25618732E+01 -0.11844905E+01
  0.25712619E+01 -0.12005773E+01
  0.25806506E+01 -0.12164263E+01
  0.25900393E+01 -0.12320360E+01
  0.25994280E+01 -0.12474049E+01
  0.26088167E+01 -0.12625312E+01
  0.26182054E+01 -0.12774142E+01
  0.26275941E+01 -0.12920541E+01
  0.26369828E+01 -0.13064530E+01
  0.26463715E+01 -0.13206149E+01
  0.26557602E+01 -0.13345457E+01
  0.26651489E+01 -0.13482533E+01
  0.26745376E+01 -0.13617469E+01
  0.26839263E+01 -0.13750367E+01
  0.26933150E+01 -0.13881336E+01
  0.27027037E+01 -0.14010482E+01
  0.27120924E+01 -0.14137906E+01
  0.27214811E+01 -0.14263703E+01
  0.27308698E+01 -0.14387954E+01
  0.27402585E+01 -0.14510729E+01
  0.27496472E+01 -0.14632085E+01
  0.27590359E+01 -0.14752067E+01
  0.27684246E+01 -0.14870704E+01
  0.27778133E+01 -0.14988008E+01
  0.27872020E+01 -0.15103971E+01
  0.27965907E+01 -0.15218562E+01
  0.28059794E+01 -0.15331715E+01
  0.28153681E+01 -0.15443327E+01
  0.28247568E+01 -0.15553246E+01
  0.28341455E+01 -0.15661261E+01
  0.28435342E+01 -0.15767099E+01
  0.28529229E+01 -0.15870413E+01
  0.28623116E+01 -0.15970781E+01
  0.28717003E+01 -0.16067704E+01
  0.28810890E+01 -0.16160616E+01
  0.28904777E+01 -0.16248894E+01
  0.28998664E+01 -0.16331881E+01
  0.29092551E+01 -0.16408910E+01
  0.29186438E+01 -0.16479345E+01
  0.29280325E+01 -0.16542611E+01
  0.29374212E+01 -0.16598228E+01
  0.29468099E+01 -0.16645843E+01
  0.29561986E+01 -0.16685241E+01
  0.29655873E+01 -0.16716346E+01
  0.29749760E+01 -0.16739211E+01
  0.29843647E+01 -0.16753985E+01
  0.29937534E+01 -0.16760886E+01
  0.30031421E+01 -0.16760157E+01
  0.30125308E+01 -0.16752035E+01
  0.30219195E+01 -0.16736722E+01
  0.30313082E+01 -0.16714369E+01
  0.30406969E+01 -0.16685067E+01
  0.30500856E+01 -0.16648854E+01
  0.30594743E+01 -0.16605723E+01
  0.30688630E+01 -0.16555646E+01
  0.30782517E+01 -0.16498729E+01
  
  0.00000000E+00  0.27643444E-01
  0.93887000E-02  0.13564209E-01
  0.18777400E-01 -0.14380218E-02
  0.28166100E-01 -0.17271842E-01
  0.37554800E-01 -0.33851919E-01
  0.46943500E-01 -0.51100147E-01
  0.56332200E-01 -0.68945955E-01
  0.65720900E-01 -0.87326005E-01
  0.75109600E-01 -0.10618352E+00
  0.84498300E-01 -0.12546738E+00
  0.93887000E-01 -0.14513120E+00
  0.10327570E+00 -0.16513242E+00
  0.11266440E+00 -0.18543154E+00
  0.12205310E+00 -0.20599157E+00
  0.13144180E+00 -0.22677766E+00
  0.14083050E+00 -0.24775687E+00
  0.15021920E+00 -0.26889813E+00
  0.15960790E+00 -0.29017230E+00
  0.16899660E+00 -0.31155222E+00
  0.17838530E+00 -0.33301270E+00
  0.18777400E+00 -0.35453054E+00
  0.19716270E+00 -0.37608431E+00
  0.20655140E+00 -0.39765416E+00
  0.21594010E+00 -0.41922148E+00
  0.22532880E+00 -0.44076851E+00
  0.23471750E+00 -0.46227807E+00
  0.24410620E+00 -0.48373325E+00
  0.25349490E+00 -0.50511725E+00
  0.26288360E+00 -0.52641339E+00
  0.27227230E+00 -0.54760521E+00
  0.28166100E+00 -0.56867672E+00
  0.29104970E+00 -0.58961275E+00
  0.30043840E+00 -0.61039924E+00
  0.30982710E+00 -0.63102366E+00
  0.31921580E+00 -0.65147527E+00
  0.32860450E+00 -0.67174527E+00
  0.33799320E+00 -0.69182694E+00
  0.34738190E+00 -0.71171550E+00
  0.35677060E+00 -0.73140802E+00
  0.36615930E+00 -0.75090310E+00
  0.37554800E+00 -0.77020063E+00
  0.38493670E+00 -0.78930147E+00
  0.39432540E+00 -0.80820714E+00
  0.40371410E+00 -0.82691960E+00
  0.41310280E+00 -0.84544107E+00
  0.42249150E+00 -0.86377394E+00
  0.43188020E+00 -0.88192067E+00
  0.44126890E+00 -0.89988376E+00
  0.45065760E+00 -0.91766581E+00
  0.46004630E+00 -0.93526950E+00
  0.46943500E+00 -0.95269758E+00
  0.47882370E+00 -0.96995296E+00
  0.48821240E+00 -0.98703865E+00
  0.49760110E+00 -0.10039579E+01
  0.50698980E+00 -0.10207139E+01
  0.51637850E+00 -0.10373105E+01
  0.52576720E+00 -0.10537514E+01
  0.53515590E+00 -0.10700407E+01
  0.54454460E+00 -0.10861830E+01
  0.55393330E+00 -0.11021831E+01
  0.56332200E+00 -0.11180462E+01
  0.57271070E+00 -0.11337778E+01
  0.58209940E+00 -0.11493838E+01
  0.59148810E+00 -0.11648705E+01
  0.60087680E+00 -0.11802445E+01
  0.61026550E+00 -0.11955130E+01
  0.61965420E+00 -0.12106835E+01
  0.62904290E+00 -0.12257647E+01
  0.63843160E+00 -0.12407657E+01
  0.64782030E+00 -0.12556969E+01
  0.65720900E+00 -0.12705695E+01
  0.66659770E+00 -0.12853956E+01
  0.67598640E+00 -0.13001874E+01
  0.68537510E+00 -0.13149572E+01
  0.69476380E+00 -0.13297159E+01
  0.70415250E+00 -0.13444726E+01
  0.71354120E+00 -0.13592328E+01
  0.72292990E+00 -0.13739978E+01
  0.73231860E+00 -0.13887630E+01
  0.74170730E+00 -0.14035180E+01
  0.75109600E+00 -0.14182454E+01
  0.76048470E+00 -0.14329212E+01
  0.76987340E+00 -0.14475152E+01
  0.77926210E+00 -0.14619915E+01
  0.78865080E+00 -0.14763102E+01
  0.79803950E+00 -0.14904282E+01
  0.80742820E+00 -0.15043008E+01
  0.81681690E+00 -0.15178827E+01
  0.82620560E+00 -0.15311290E+01
  0.83559430E+00 -0.15439959E+01
  0.84498300E+00 -0.15564411E+01
  0.85437170E+00 -0.15684237E+01
  0.86376040E+00 -0.15799046E+01
  0.87314910E+00 -0.15908465E+01
  0.88253780E+00 -0.16012144E+01
  0.89192650E+00 -0.16109761E+01
  0.90131520E+00 -0.16201033E+01
  0.91070390E+00 -0.16285721E+01
  0.92009260E+00 -0.16363638E+01
  0.92948130E+00 -0.16434657E+01
  0.93887000E+00 -0.16498567E+01
  0.94824279E+00 -0.16384373E+01
  0.95761559E+00 -0.16268964E+01
  0.96698838E+00 -0.16151794E+01
  0.97636118E+00 -0.16031978E+01
  0.98573397E+00 -0.15908445E+01
  0.99510677E+00 -0.15779957E+01
  0.10044796E+01 -0.15645131E+01
  0.10138524E+01 -0.15502498E+01
  0.10232252E+01 -0.15350571E+01
  0.10325980E+01 -0.15187941E+01
  0.10419707E+01 -0.15013383E+01
  0.10513435E+01 -0.14825965E+01
  0.10607163E+01 -0.14625126E+01
  0.10700891E+01 -0.14410735E+01
  0.10794619E+01 -0.14183095E+01
  0.10888347E+01 -0.13942915E+01
  0.10982075E+01 -0.13691237E+01
  0.11075803E+01 -0.13429359E+01
  0.11169531E+01 -0.13158741E+01
  0.11263259E+01 -0.12880928E+01
  0.11356987E+01 -0.12597478E+01
  0.11450715E+01 -0.12309912E+01
  0.11544443E+01 -0.12019681E+01
  0.11638171E+01 -0.11728141E+01
  0.11731899E+01 -0.11436548E+01
  0.11825627E+01 -0.11146053E+01
  0.11919355E+01 -0.10857708E+01
  0.12013083E+01 -0.10572476E+01
  0.12106811E+01 -0.10291233E+01
  0.12200539E+01 -0.10014786E+01
  0.12294267E+01 -0.97438699E+00
  0.12387995E+01 -0.94791561E+00
  0.12481723E+01 -0.92212507E+00
  0.12575450E+01 -0.89706933E+00
  0.12669178E+01 -0.87279525E+00
  0.12762906E+01 -0.84934224E+00
  0.12856634E+01 -0.82674180E+00
  0.12950362E+01 -0.80501741E+00
  0.13044090E+01 -0.78418444E+00
  0.13137818E+01 -0.76425049E+00
  0.13231546E+01 -0.74521583E+00
  0.13325274E+01 -0.72707407E+00
  0.13419002E+01 -0.70981289E+00
  0.13512730E+01 -0.69341481E+00
  0.13606458E+01 -0.67785796E+00
  0.13700186E+01 -0.66311674E+00
  0.13793914E+01 -0.64916257E+00
  0.13887642E+01 -0.63596459E+00
  0.13981370E+01 -0.62349053E+00
  0.14075098E+01 -0.61170765E+00
  0.14168826E+01 -0.60058382E+00
  0.14262554E+01 -0.59008865E+00
  0.14356282E+01 -0.58019465E+00
  0.14450010E+01 -0.57087816E+00
  0.14543738E+01 -0.56212006E+00
  0.14637466E+01 -0.55390611E+00
  0.14731194E+01 -0.54622677E+00
  0.14824921E+01 -0.53907668E+00
  0.14918649E+01 -0.53245366E+00
  0.15012377E+01 -0.52635759E+00
  0.15106105E+01 -0.52078913E+00
  0.15199833E+01 -0.51574859E+00
  0.15293561E+01 -0.51123501E+00
  0.15387289E+01 -0.50724576E+00
  0.15481017E+01 -0.50377641E+00
  0.15574745E+01 -0.50082123E+00
  0.15668473E+01 -0.49837391E+00
  0.15762201E+01 -0.49642857E+00
  0.15855929E+01 -0.49498079E+00
  0.15949657E+01 -0.49402851E+00
  0.16043385E+01 -0.49357269E+00
  0.16137113E+01 -0.49361744E+00
  0.16230841E+01 -0.49416983E+00
  0.16324569E+01 -0.49523924E+00
  0.16418297E+01 -0.49683641E+00
  0.16512025E+01 -0.49897242E+00
  0.16605753E+01 -0.50165759E+00
  0.16699481E+01 -0.50489434E+00
  0.16793367E+01 -0.49441323E+00
  0.16887254E+01 -0.48189472E+00
  0.16981141E+01 -0.46746097E+00
  0.17075028E+01 -0.45124267E+00
  0.17168914E+01 -0.43338987E+00
  0.17262801E+01 -0.41406899E+00
  0.17356688E+01 -0.39345978E+00
  0.17450574E+01 -0.37175223E+00
  0.17544461E+01 -0.34914340E+00
  0.17638348E+01 -0.32583426E+00
  0.17732235E+01 -0.30202651E+00
  0.17826121E+01 -0.27791935E+00
  0.17920008E+01 -0.25370647E+00
  0.18013895E+01 -0.22957318E+00
  0.18107782E+01 -0.20569379E+00
  0.18201668E+01 -0.18222940E+00
  0.18295555E+01 -0.15932607E+00
  0.18389442E+01 -0.13711336E+00
  0.18483328E+01 -0.11570325E+00
  0.18577215E+01 -0.95189457E-01
  0.18671102E+01 -0.75647111E-01
  0.18764989E+01 -0.57132750E-01
  0.18858875E+01 -0.39684781E-01
  0.18952762E+01 -0.23324415E-01
  0.19046649E+01 -0.80571642E-02
  0.19140536E+01  0.61250465E-02
  0.19234422E+01  0.19241165E-01
  0.19328309E+01  0.31317764E-01
  0.19422196E+01  0.42385426E-01
  0.19516082E+01  0.52474968E-01
  0.19609969E+01  0.61613742E-01
  0.19703856E+01  0.69822255E-01
  0.19797743E+01  0.77111295E-01
  0.19891629E+01  0.83479697E-01
  0.19985516E+01  0.88912877E-01
  0.20079403E+01  0.93382193E-01
  0.20173290E+01  0.96845256E-01
  0.20267176E+01  0.99247326E-01
  0.20361063E+01  0.10052396E+00
  0.20454950E+01  0.10060509E+00
  0.20548837E+01  0.99420491E-01
  0.20642723E+01  0.96906381E-01
  0.20736610E+01  0.93012505E-01
  0.20830497E+01  0.87708530E-01
  0.20924383E+01  0.80988625E-01
  0.21018270E+01  0.72873222E-01
  0.21112157E+01  0.63407672E-01
  0.21206044E+01  0.52658248E-01
  0.21299930E+01  0.40706544E-01
  0.21393817E+01  0.27643444E-01
  0.21487704E+01  0.13564209E-01
  0.21581591E+01 -0.14380218E-02
  0.21675478E+01 -0.17271842E-01
  0.21769365E+01 -0.33851919E-01
  0.21863252E+01 -0.51100147E-01
  0.21957139E+01 -0.68945955E-01
  0.22051026E+01 -0.87326005E-01
  0.22144913E+01 -0.10618352E+00
  0.22238800E+01 -0.12546738E+00
  0.22332687E+01 -0.14513120E+00
  0.22426574E+01 -0.16513242E+00
  0.22520461E+01 -0.18543154E+00
  0.22614348E+01 -0.20599157E+00
  0.22708235E+01 -0.22677766E+00
  0.22802122E+01 -0.24775687E+00
  0.22896009E+01 -0.26889813E+00
  0.22989896E+01 -0.29017230E+00
  0.23083783E+01 -0.31155222E+00
  0.23177670E+01 -0.33301270E+00
  0.23271557E+01 -0.35453054E+00
  0.23365444E+01 -0.37608431E+00
  0.23459331E+01 -0.39765416E+00
  0.23553218E+01 -0.41922148E+00
  0.23647105E+01 -0.44076851E+00
  0.23740992E+01 -0.46227807E+00
  0.23834879E+01 -0.48373325E+00
  0.23928766E+01 -0.50511725E+00
  0.24022653E+01 -0.52641339E+00
  0.24116540E+01 -0.54760521E+00
  0.24210427E+01 -0.56867672E+00
  0.24304314E+01 -0.58961275E+00
  0.24398201E+01 -0.61039924E+00
  0.24492088E+01 -0.63102366E+00
  0.24585975E+01 -0.65147527E+00
  0.24679862E+01 -0.67174527E+00
  0.24773749E+01 -0.69182694E+00
  0.24867636E+01 -0.71171550E+00
  0.24961523E+01 -0.73140802E+00
  0.25055410E+01 -0.75090310E+00
  0.25149297E+01 -0.77020063E+00
  0.25243184E+01 -0.78930147E+00
  0.25337071E+01 -0.80820714E+00
  0.25430958E+01 -0.82691960E+00
  0.25524845E+01 -0.84544107E+00
  0.25618732E+01 -0.86377394E+00
  0.25712619E+01 -0.88192067E+00
  0.25806506E+01 -0.89988376E+00
  0.25900393E+01 -0.91766581E+00
  0.25994280E+01 -0.93526950E+00
  0.26088167E+01 -0.95269758E+00
  0.26182054E+01 -0.96995296E+00
  0.26275941E+01 -0.98703865E+00
  0.26369828E+01 -0.10039579E+01
  0.26463715E+01 -0.10207139E+01
  0.26557602E+01 -0.10373105E+01
  0.26651489E+01 -0.10537514E+01
  0.26745376E+01 -0.10700407E+01
  0.26839263E+01 -0.10861830E+01
  0.26933150E+01 -0.11021831E+01
  0.27027037E+01 -0.11180462E+01
  0.27120924E+01 -0.11337778E+01
  0.27214811E+01 -0.11493838E+01
  0.27308698E+01 -0.11648705E+01
  0.27402585E+01 -0.11802445E+01
  0.27496472E+01 -0.11955130E+01
  0.27590359E+01 -0.12106835E+01
  0.27684246E+01 -0.12257647E+01
  0.27778133E+01 -0.12407657E+01
  0.27872020E+01 -0.12556969E+01
  0.27965907E+01 -0.12705695E+01
  0.28059794E+01 -0.12853956E+01
  0.28153681E+01 -0.13001874E+01
  0.28247568E+01 -0.13149572E+01
  0.28341455E+01 -0.13297159E+01
  0.28435342E+01 -0.13444726E+01
  0.28529229E+01 -0.13592328E+01
  0.28623116E+01 -0.13739978E+01
  0.28717003E+01 -0.13887630E+01
  0.28810890E+01 -0.14035180E+01
  0.28904777E+01 -0.14182454E+01
  0.28998664E+01 -0.14329212E+01
  0.29092551E+01 -0.14475152E+01
  0.29186438E+01 -0.14619915E+01
  0.29280325E+01 -0.14763102E+01
  0.29374212E+01 -0.14904282E+01
  0.29468099E+01 -0.15043008E+01
  0.29561986E+01 -0.15178827E+01
  0.29655873E+01 -0.15311290E+01
  0.29749760E+01 -0.15439959E+01
  0.29843647E+01 -0.15564411E+01
  0.29937534E+01 -0.15684237E+01
  0.30031421E+01 -0.15799046E+01
  0.30125308E+01 -0.15908465E+01
  0.30219195E+01 -0.16012144E+01
  0.30313082E+01 -0.16109761E+01
  0.30406969E+01 -0.16201033E+01
  0.30500856E+01 -0.16285721E+01
  0.30594743E+01 -0.16363638E+01
  0.30688630E+01 -0.16434657E+01
  0.30782517E+01 -0.16498567E+01
  
  0.00000000E+00  0.39439840E+00
  0.93887000E-02  0.39647709E+00
  0.18777400E-01  0.39931547E+00
  0.28166100E-01  0.40283342E+00
  0.37554800E-01  0.40695356E+00
  0.46943500E-01  0.41160231E+00
  0.56332200E-01  0.41671027E+00
  0.65720900E-01  0.42221199E+00
  0.75109600E-01  0.42804536E+00
  0.84498300E-01  0.43415072E+00
  0.93887000E-01  0.44046979E+00
  0.10327570E+00  0.44694453E+00
  0.11266440E+00  0.45351591E+00
  0.12205310E+00  0.46012276E+00
  0.13144180E+00  0.46670077E+00
  0.14083050E+00  0.47318154E+00
  0.15021920E+00  0.47949192E+00
  0.15960790E+00  0.48555348E+00
  0.16899660E+00  0.49128227E+00
  0.17838530E+00  0.49658879E+00
  0.18777400E+00  0.50137821E+00
  0.19716270E+00  0.50555092E+00
  0.20655140E+00  0.50900334E+00
  0.21594010E+00  0.51162918E+00
  0.22532880E+00  0.51332122E+00
  0.23471750E+00  0.51397355E+00
  0.24410620E+00  0.51348456E+00
  0.25349490E+00  0.51176043E+00
  0.26288360E+00  0.50871913E+00
  0.27227230E+00  0.50429457E+00
  0.28166100E+00  0.49844052E+00
  0.29104970E+00  0.49113381E+00
  0.30043840E+00  0.48237628E+00
  0.30982710E+00  0.47219522E+00
  0.31921580E+00  0.46064204E+00
  0.32860450E+00  0.44778949E+00
  0.33799320E+00  0.43372782E+00
  0.34738190E+00  0.41856026E+00
  0.35677060E+00  0.40239865E+00
  0.36615930E+00  0.38535939E+00
  0.37554800E+00  0.36756019E+00
  0.38493670E+00  0.34911756E+00
  0.39432540E+00  0.33014514E+00
  0.40371410E+00  0.31075268E+00
  0.41310280E+00  0.29104543E+00
  0.42249150E+00  0.27112385E+00
  0.43188020E+00  0.25108349E+00
  0.44126890E+00  0.23101485E+00
  0.45065760E+00  0.21100330E+00
  0.46004630E+00  0.19112893E+00
  0.46943500E+00  0.17146648E+00
  0.47882370E+00  0.15208519E+00
  0.48821240E+00  0.13304884E+00
  0.49760110E+00  0.11441572E+00
  0.50698980E+00  0.96238746E-01
  0.51637850E+00  0.78565519E-01
  0.52576720E+00  0.61438357E-01
  0.53515590E+00  0.44894179E-01
  0.54454460E+00  0.28964204E-01
  0.55393330E+00  0.13673414E-01
  0.56332200E+00 -0.96021690E-03
  0.57271070E+00 -0.14926720E-01
  0.58209940E+00 -0.28225253E-01
  0.59148810E+00 -0.40865247E-01
  0.60087680E+00 -0.52867429E-01
  0.61026550E+00 -0.64264564E-01
  0.61965420E+00 -0.75101775E-01
  0.62904290E+00 -0.85436298E-01
  0.63843160E+00 -0.95336614E-01
  0.64782030E+00 -0.10488091E+00
  0.65720900E+00 -0.11415485E+00
  0.66659770E+00 -0.12324884E+00
  0.67598640E+00 -0.13225466E+00
  0.68537510E+00 -0.14126189E+00
  0.69476380E+00 -0.15035392E+00
  0.70415250E+00 -0.15960408E+00
  0.71354120E+00 -0.16907168E+00
  0.72292990E+00 -0.17879846E+00
  0.73231860E+00 -0.18880552E+00
  0.74170730E+00 -0.19909097E+00
  0.75109600E+00 -0.20962863E+00
  0.76048470E+00 -0.22036790E+00
  0.76987340E+00 -0.23123505E+00
  0.77926210E+00 -0.24213575E+00
  0.78865080E+00 -0.25295886E+00
  0.79803950E+00 -0.26358098E+00
  0.80742820E+00 -0.27387146E+00
  0.81681690E+00 -0.28369738E+00
  0.82620560E+00 -0.29292813E+00
  0.83559430E+00 -0.30143931E+00
  0.84498300E+00 -0.30911577E+00
  0.85437170E+00 -0.31585389E+00
  0.86376040E+00 -0.32156294E+00
  0.87314910E+00 -0.32616583E+00
  0.88253780E+00 -0.32959929E+00
  0.89192650E+00 -0.33181368E+00
  0.90131520E+00 -0.33277248E+00
  0.91070390E+00 -0.33245171E+00
  0.92009260E+00 -0.33083925E+00
  0.92948130E+00 -0.32793415E+00
  0.93887000E+00 -0.32375269E+00
  0.94824279E+00 -0.33211951E+00
  0.95761559E+00 -0.33887755E+00
  0.96698838E+00 -0.34399270E+00
  0.97636118E+00 -0.34745463E+00
  0.98573397E+00 -0.34927176E+00
  0.99510677E+00 -0.34947216E+00
  0.10044796E+01 -0.34810443E+00
  0.10138524E+01 -0.34523797E+00
  0.10232252E+01 -0.34096251E+00
  0.10325980E+01 -0.33538653E+00
  0.10419707E+01 -0.32863461E+00
  0.10513435E+01 -0.32084366E+00
  0.10607163E+01 -0.31215837E+00
  0.10700891E+01 -0.30272631E+00
  0.10794619E+01 -0.29269291E+00
  0.10888347E+01 -0.28219684E+00
  0.10982075E+01 -0.27136611E+00
  0.11075803E+01 -0.26031488E+00
  0.11169531E+01 -0.24914131E+00
  0.11263259E+01 -0.23792617E+00
  0.11356987E+01 -0.22673224E+00
  0.11450715E+01 -0.21560421E+00
  0.11544443E+01 -0.20456900E+00
  0.11638171E+01 -0.19363627E+00
  0.11731899E+01 -0.18279901E+00
  0.11825627E+01 -0.17203430E+00
  0.11919355E+01 -0.16130409E+00
  0.12013083E+01 -0.15055634E+00
  0.12106811E+01 -0.13972639E+00
  0.12200539E+01 -0.12873889E+00
  0.12294267E+01 -0.11751038E+00
  0.12387995E+01 -0.10595238E+00
  0.12481723E+01 -0.93975211E-01
  0.12575450E+01 -0.81492246E-01
  0.12669178E+01 -0.68424353E-01
  0.12762906E+01 -0.54704284E-01
  0.12856634E+01 -0.40280532E-01
  0.12950362E+01 -0.25120282E-01
  0.13044090E+01 -0.92110767E-02
  0.13137818E+01  0.74390339E-02
  0.13231546E+01  0.24802958E-01
  0.13325274E+01  0.42837518E-01
  0.13419002E+01  0.61487604E-01
  0.13512730E+01  0.80691037E-01
  0.13606458E+01  0.10038359E+00
  0.13700186E+01  0.12050355E+00
  0.13793914E+01  0.14099528E+00
  0.13887642E+01  0.16181145E+00
  0.13981370E+01  0.18291370E+00
  0.14075098E+01  0.20427197E+00
  0.14168826E+01  0.22586270E+00
  0.14262554E+01  0.24766643E+00
  0.14356282E+01  0.26966541E+00
  0.14450010E+01  0.29184146E+00
  0.14543738E+01  0.31417453E+00
  0.14637466E+01  0.33664198E+00
  0.14731194E+01  0.35921861E+00
  0.14824921E+01  0.38187711E+00
  0.14918649E+01  0.40458886E+00
  0.15012377E+01  0.42732468E+00
  0.15106105E+01  0.45005548E+00
  0.15199833E+01  0.47275259E+00
  0.15293561E+01  0.49538766E+00
  0.15387289E+01  0.51793238E+00
  0.15481017E+01  0.54035780E+00
  0.15574745E+01  0.56263356E+00
  0.15668473E+01  0.58472705E+00
  0.15762201E+01  0.60660265E+00
  0.15855929E+01  0.62822113E+00
  0.15949657E+01  0.64953928E+00
  0.16043385E+01  0.67050972E+00
  0.16137113E+01  0.69108090E+00
  0.16230841E+01  0.71119724E+00
  0.16324569E+01  0.73079897E+00
  0.16418297E+01  0.74982173E+00
  0.16512025E+01  0.76819534E+00
  0.16605753E+01  0.78584122E+00
  0.16699481E+01  0.80258128E+00
  0.16793367E+01  0.79612317E+00
  0.16887254E+01  0.78938121E+00
  0.16981141E+01  0.78238647E+00
  0.17075028E+01  0.77515137E+00
  0.17168914E+01  0.76768841E+00
  0.17262801E+01  0.76001037E+00
  0.17356688E+01  0.75213041E+00
  0.17450574E+01  0.74406203E+00
  0.17544461E+01  0.73581890E+00
  0.17638348E+01  0.72741469E+00
  0.17732235E+01  0.71886270E+00
  0.17826121E+01  0.71017557E+00
  0.17920008E+01  0.70136479E+00
  0.18013895E+01  0.69244036E+00
  0.18107782E+01  0.68341028E+00
  0.18201668E+01  0.67428015E+00
  0.18295555E+01  0.66505283E+00
  0.18389442E+01  0.65572812E+00
  0.18483328E+01  0.64630263E+00
  0.18577215E+01  0.63676988E+00
  0.18671102E+01  0.62712053E+00
  0.18764989E+01  0.61734305E+00
  0.18858875E+01  0.60742465E+00
  0.18952762E+01  0.59735253E+00
  0.19046649E+01  0.58711541E+00
  0.19140536E+01  0.57670524E+00
  0.19234422E+01  0.56611898E+00
  0.19328309E+01  0.55536029E+00
  0.19422196E+01  0.54444105E+00
  0.19516082E+01  0.53338268E+00
  0.19609969E+01  0.52221712E+00
  0.19703856E+01  0.51098765E+00
  0.19797743E+01  0.49974936E+00
  0.19891629E+01  0.48856952E+00
  0.19985516E+01  0.47752763E+00
  0.20079403E+01  0.46671512E+00
  0.20173290E+01  0.45623452E+00
  0.20267176E+01  0.44619777E+00
  0.20361063E+01  0.43672351E+00
  0.20454950E+01  0.42793288E+00
  0.20548837E+01  0.41994399E+00
  0.20642723E+01  0.41286512E+00
  0.20736610E+01  0.40678750E+00
  0.20830497E+01  0.40177868E+00
  0.20924383E+01  0.39787784E+00
  0.21018270E+01  0.39509392E+00
  0.21112157E+01  0.39340712E+00
  0.21206044E+01  0.39277300E+00
  0.21299930E+01  0.39312852E+00
  0.21393817E+01  0.39439840E+00
  0.21487704E+01  0.39647709E+00
  0.21581591E+01  0.39931547E+00
  0.21675478E+01  0.40283342E+00
  0.21769365E+01  0.40695356E+00
  0.21863252E+01  0.41160231E+00
  0.21957139E+01  0.41671027E+00
  0.22051026E+01  0.42221199E+00
  0.22144913E+01  0.42804536E+00
  0.22238800E+01  0.43415072E+00
  0.22332687E+01  0.44046979E+00
  0.22426574E+01  0.44694453E+00
  0.22520461E+01  0.45351591E+00
  0.22614348E+01  0.46012276E+00
  0.22708235E+01  0.46670077E+00
  0.22802122E+01  0.47318154E+00
  0.22896009E+01  0.47949192E+00
  0.22989896E+01  0.48555348E+00
  0.23083783E+01  0.49128227E+00
  0.23177670E+01  0.49658879E+00
  0.23271557E+01  0.50137821E+00
  0.23365444E+01  0.50555092E+00
  0.23459331E+01  0.50900334E+00
  0.23553218E+01  0.51162918E+00
  0.23647105E+01  0.51332122E+00
  0.23740992E+01  0.51397355E+00
  0.23834879E+01  0.51348456E+00
  0.23928766E+01  0.51176043E+00
  0.24022653E+01  0.50871913E+00
  0.24116540E+01  0.50429457E+00
  0.24210427E+01  0.49844052E+00
  0.24304314E+01  0.49113381E+00
  0.24398201E+01  0.48237628E+00
  0.24492088E+01  0.47219522E+00
  0.24585975E+01  0.46064204E+00
  0.24679862E+01  0.44778949E+00
  0.24773749E+01  0.43372782E+00
  0.24867636E+01  0.41856026E+00
  0.24961523E+01  0.40239865E+00
  0.25055410E+01  0.38535939E+00
  0.25149297E+01  0.36756019E+00
  0.25243184E+01  0.34911756E+00
  0.25337071E+01  0.33014514E+00
  0.25430958E+01  0.31075268E+00
  0.25524845E+01  0.29104543E+00
  0.25618732E+01  0.27112385E+00
  0.25712619E+01  0.25108349E+00
  0.25806506E+01  0.23101485E+00
  0.25900393E+01  0.21100330E+00
  0.25994280E+01  0.19112893E+00
  0.26088167E+01  0.17146648E+00
  0.26182054E+01  0.15208519E+00
  0.26275941E+01  0.13304884E+00
  0.26369828E+01  0.11441572E+00
  0.26463715E+01  0.96238746E-01
  0.26557602E+01  0.78565519E-01
  0.26651489E+01  0.61438357E-01
  0.26745376E+01  0.44894179E-01
  0.26839263E+01  0.28964204E-01
  0.26933150E+01  0.13673414E-01
  0.27027037E+01 -0.96021690E-03
  0.27120924E+01 -0.14926720E-01
  0.27214811E+01 -0.28225253E-01
  0.27308698E+01 -0.40865247E-01
  0.27402585E+01 -0.52867429E-01
  0.27496472E+01 -0.64264564E-01
  0.27590359E+01 -0.75101775E-01
  0.27684246E+01 -0.85436298E-01
  0.27778133E+01 -0.95336614E-01
  0.27872020E+01 -0.10488091E+00
  0.27965907E+01 -0.11415485E+00
  0.28059794E+01 -0.12324884E+00
  0.28153681E+01 -0.13225466E+00
  0.28247568E+01 -0.14126189E+00
  0.28341455E+01 -0.15035392E+00
  0.28435342E+01 -0.15960408E+00
  0.28529229E+01 -0.16907168E+00
  0.28623116E+01 -0.17879846E+00
  0.28717003E+01 -0.18880552E+00
  0.28810890E+01 -0.19909097E+00
  0.28904777E+01 -0.20962863E+00
  0.28998664E+01 -0.22036790E+00
  0.29092551E+01 -0.23123505E+00
  0.29186438E+01 -0.24213575E+00
  0.29280325E+01 -0.25295886E+00
  0.29374212E+01 -0.26358098E+00
  0.29468099E+01 -0.27387146E+00
  0.29561986E+01 -0.28369738E+00
  0.29655873E+01 -0.29292813E+00
  0.29749760E+01 -0.30143931E+00
  0.29843647E+01 -0.30911577E+00
  0.29937534E+01 -0.31585389E+00
  0.30031421E+01 -0.32156294E+00
  0.30125308E+01 -0.32616583E+00
  0.30219195E+01 -0.32959929E+00
  0.30313082E+01 -0.33181368E+00
  0.30406969E+01 -0.33277248E+00
  0.30500856E+01 -0.33245171E+00
  0.30594743E+01 -0.33083925E+00
  0.30688630E+01 -0.32793415E+00
  0.30782517E+01 -0.32375269E+00
  
  0.00000000E+00  0.71879697E+00
  0.93887000E-02  0.72193784E+00
  0.18777400E-01  0.72583286E+00
  0.28166100E-01  0.73047677E+00
  0.37554800E-01  0.73585896E+00
  0.46943500E-01  0.74196336E+00
  0.56332200E-01  0.74876844E+00
  0.65720900E-01  0.75624715E+00
  0.75109600E-01  0.76436699E+00
  0.84498300E-01  0.77309010E+00
  0.93887000E-01  0.78237347E+00
  0.10327570E+00  0.79216925E+00
  0.11266440E+00  0.80242503E+00
  0.12205310E+00  0.81308413E+00
  0.13144180E+00  0.82408574E+00
  0.14083050E+00  0.83536495E+00
  0.15021920E+00  0.84685246E+00
  0.15960790E+00  0.85847396E+00
  0.16899660E+00  0.87014914E+00
  0.17838530E+00  0.88179023E+00
  0.18777400E+00  0.89329993E+00
  0.19716270E+00  0.90456868E+00
  0.20655140E+00  0.91547092E+00
  0.21594010E+00  0.92585991E+00
  0.22532880E+00  0.93556048E+00
  0.23471750E+00  0.94435793E+00
  0.24410620E+00  0.95198067E+00
  0.25349490E+00  0.95807106E+00
  0.26288360E+00  0.96213820E+00
  0.27227230E+00  0.96350283E+00
  0.28166100E+00  0.96134605E+00
  0.29104970E+00  0.95512124E+00
  0.30043840E+00  0.94508407E+00
  0.30982710E+00  0.93201603E+00
  0.31921580E+00  0.91658051E+00
  0.32860450E+00  0.89917239E+00
  0.33799320E+00  0.88004316E+00
  0.34738190E+00  0.85940503E+00
  0.35677060E+00  0.83746916E+00
  0.36615930E+00  0.81444756E+00
  0.37554800E+00  0.79054438E+00
  0.38493670E+00  0.76594833E+00
  0.39432540E+00  0.74082924E+00
  0.40371410E+00  0.71533767E+00
  0.41310280E+00  0.68960631E+00
  0.42249150E+00  0.66375205E+00
  0.43188020E+00  0.63787799E+00
  0.44126890E+00  0.61207521E+00
  0.45065760E+00  0.58642429E+00
  0.46004630E+00  0.56099652E+00
  0.46943500E+00  0.53585501E+00
  0.47882370E+00  0.51105552E+00
  0.48821240E+00  0.48664732E+00
  0.49760110E+00  0.46267376E+00
  0.50698980E+00  0.43917269E+00
  0.51637850E+00  0.41617662E+00
  0.52576720E+00  0.39371255E+00
  0.53515590E+00  0.37180142E+00
  0.54454460E+00  0.35045728E+00
  0.55393330E+00  0.32968613E+00
  0.56332200E+00  0.30948461E+00
  0.57271070E+00  0.28983873E+00
  0.58209940E+00  0.27072272E+00
  0.59148810E+00  0.25209840E+00
  0.60087680E+00  0.23391510E+00
  0.61026550E+00  0.21611054E+00
  0.61965420E+00  0.19861253E+00
  0.62904290E+00  0.18134179E+00
  0.63843160E+00  0.16421554E+00
  0.64782030E+00  0.14715181E+00
  0.65720900E+00  0.13007405E+00
  0.66659770E+00  0.11291553E+00
  0.67598640E+00  0.95623215E-01
  0.68537510E+00  0.78160481E-01
  0.69476380E+00  0.60508610E-01
  0.70415250E+00  0.42666755E-01
  0.71354120E+00  0.24650555E-01
  0.72292990E+00  0.64896325E-02
  0.73231860E+00 -0.11775594E-01
  0.74170730E+00 -0.30097326E-01
  0.75109600E+00 -0.48423514E-01
  0.76048470E+00 -0.66700317E-01
  0.76987340E+00 -0.84873612E-01
  0.77926210E+00 -0.10288950E+00
  0.78865080E+00 -0.12069392E+00
  0.79803950E+00 -0.13823167E+00
  0.80742820E+00 -0.15544519E+00
  0.81681690E+00 -0.17227349E+00
  0.82620560E+00 -0.18865147E+00
  0.83559430E+00 -0.20450985E+00
  0.84498300E+00 -0.21977564E+00
  0.85437170E+00 -0.23437317E+00
  0.86376040E+00 -0.24822545E+00
  0.87314910E+00 -0.26125574E+00
  0.88253780E+00 -0.27338919E+00
  0.89192650E+00 -0.28455432E+00
  0.90131520E+00 -0.29468441E+00
  0.91070390E+00 -0.30371861E+00
  0.92009260E+00 -0.31160294E+00
  0.92948130E+00 -0.31829104E+00
  0.93887000E+00 -0.32373820E+00
  0.94824279E+00 -0.31380091E+00
  0.95761559E+00 -0.30235133E+00
  0.96698838E+00 -0.28947509E+00
  0.97636118E+00 -0.27526873E+00
  0.98573397E+00 -0.25984482E+00
  0.99510677E+00 -0.24333071E+00
  0.10044796E+01 -0.22586639E+00
  0.10138524E+01 -0.20760164E+00
  0.10232252E+01 -0.18869258E+00
  0.10325980E+01 -0.16929784E+00
  0.10419707E+01 -0.14957475E+00
  0.10513435E+01 -0.12967597E+00
  0.10607163E+01 -0.10974674E+00
  0.10700891E+01 -0.89923069E-01
  0.10794619E+01 -0.70330939E-01
  0.10888347E+01 -0.51086225E-01
  0.10982075E+01 -0.32295204E-01
  0.11075803E+01 -0.14055090E-01
  0.11169531E+01  0.35458513E-02
  0.11263259E+01  0.20429066E-01
  0.11356987E+01  0.36527580E-01
  0.11450715E+01  0.51788951E-01
  0.11544443E+01  0.66178940E-01
  0.11638171E+01  0.79685249E-01
  0.11731899E+01  0.92320566E-01
  0.11825627E+01  0.10412419E+00
  0.11919355E+01  0.11516177E+00
  0.12013083E+01  0.12552310E+00
  0.12106811E+01  0.13531826E+00
  0.12200539E+01  0.14467260E+00
  0.12294267E+01  0.15372133E+00
  0.12387995E+01  0.16260426E+00
  0.12481723E+01  0.17146116E+00
  0.12575450E+01  0.18042809E+00
  0.12669178E+01  0.18963466E+00
  0.12762906E+01  0.19920222E+00
  0.12856634E+01  0.20924284E+00
  0.12950362E+01  0.21985872E+00
  0.13044090E+01  0.23114197E+00
  0.13137818E+01  0.24317433E+00
  0.13231546E+01  0.25602694E+00
  0.13325274E+01  0.26975973E+00
  0.13419002E+01  0.28442081E+00
  0.13512730E+01  0.30004555E+00
  0.13606458E+01  0.31665578E+00
  0.13700186E+01  0.33425915E+00
  0.13793914E+01  0.35284890E+00
  0.13887642E+01  0.37240418E+00
  0.13981370E+01  0.39289094E+00
  0.14075098E+01  0.41426336E+00
  0.14168826E+01  0.43646565E+00
  0.14262554E+01  0.45943396E+00
  0.14356282E+01  0.48309807E+00
  0.14450010E+01  0.50738291E+00
  0.14543738E+01  0.53220947E+00
  0.14637466E+01  0.55749539E+00
  0.14731194E+01  0.58315499E+00
  0.14824921E+01  0.60909878E+00
  0.14918649E+01  0.63523240E+00
  0.15012377E+01  0.66145456E+00
  0.15106105E+01  0.68765356E+00
  0.15199833E+01  0.71370119E+00
  0.15293561E+01  0.73944244E+00
  0.15387289E+01  0.76467746E+00
  0.15481017E+01  0.78912988E+00
  0.15574745E+01  0.81239101E+00
  0.15668473E+01  0.83382644E+00
  0.15762201E+01  0.85244909E+00
  0.15855929E+01  0.86686940E+00
  0.15949657E+01  0.87566071E+00
  0.16043385E+01  0.87826770E+00
  0.16137113E+01  0.87544481E+00
  0.16230841E+01  0.86854494E+00
  0.16324569E+01  0.85874147E+00
  0.16418297E+01  0.84682815E+00
  0.16512025E+01  0.83330465E+00
  0.16605753E+01  0.81848823E+00
  0.16699481E+01  0.80267618E+00
  0.16793367E+01  0.80885111E+00
  0.16887254E+01  0.81475151E+00
  0.16981141E+01  0.82034265E+00
  0.17075028E+01  0.82560563E+00
  0.17168914E+01  0.83051828E+00
  0.17262801E+01  0.83505455E+00
  0.17356688E+01  0.83918409E+00
  0.17450574E+01  0.84287215E+00
  0.17544461E+01  0.84607993E+00
  0.17638348E+01  0.84876549E+00
  0.17732235E+01  0.85088525E+00
  0.17826121E+01  0.85239622E+00
  0.17920008E+01  0.85325869E+00
  0.18013895E+01  0.85343938E+00
  0.18107782E+01  0.85291448E+00
  0.18201668E+01  0.85167238E+00
  0.18295555E+01  0.84971556E+00
  0.18389442E+01  0.84706151E+00
  0.18483328E+01  0.84374237E+00
  0.18577215E+01  0.83980357E+00
  0.18671102E+01  0.83530170E+00
  0.18764989E+01  0.83030170E+00
  0.18858875E+01  0.82487403E+00
  0.18952762E+01  0.81909173E+00
  0.19046649E+01  0.81302786E+00
  0.19140536E+01  0.80675326E+00
  0.19234422E+01  0.80033488E+00
  0.19328309E+01  0.79383465E+00
  0.19422196E+01  0.78730895E+00
  0.19516082E+01  0.78080866E+00
  0.19609969E+01  0.77437967E+00
  0.19703856E+01  0.76806378E+00
  0.19797743E+01  0.76189991E+00
  0.19891629E+01  0.75592537E+00
  0.19985516E+01  0.75017710E+00
  0.20079403E+01  0.74469278E+00
  0.20173290E+01  0.73951162E+00
  0.20267176E+01  0.73467479E+00
  0.20361063E+01  0.73022547E+00
  0.20454950E+01  0.72620842E+00
  0.20548837E+01  0.72266927E+00
  0.20642723E+01  0.71965336E+00
  0.20736610E+01  0.71720459E+00
  0.20830497E+01  0.71536403E+00
  0.20924383E+01  0.71416881E+00
  0.21018270E+01  0.71365108E+00
  0.21112157E+01  0.71383738E+00
  0.21206044E+01  0.71474832E+00
  0.21299930E+01  0.71639853E+00
  0.21393817E+01  0.71879697E+00
  0.21487704E+01  0.72193784E+00
  0.21581591E+01  0.72583286E+00
  0.21675478E+01  0.73047677E+00
  0.21769365E+01  0.73585896E+00
  0.21863252E+01  0.74196336E+00
  0.21957139E+01  0.74876844E+00
  0.22051026E+01  0.75624715E+00
  0.22144913E+01  0.76436699E+00
  0.22238800E+01  0.77309010E+00
  0.22332687E+01  0.78237347E+00
  0.22426574E+01  0.79216925E+00
  0.22520461E+01  0.80242503E+00
  0.22614348E+01  0.81308413E+00
  0.22708235E+01  0.82408574E+00
  0.22802122E+01  0.83536495E+00
  0.22896009E+01  0.84685246E+00
  0.22989896E+01  0.85847396E+00
  0.23083783E+01  0.87014914E+00
  0.23177670E+01  0.88179023E+00
  0.23271557E+01  0.89329993E+00
  0.23365444E+01  0.90456868E+00
  0.23459331E+01  0.91547092E+00
  0.23553218E+01  0.92585991E+00
  0.23647105E+01  0.93556048E+00
  0.23740992E+01  0.94435793E+00
  0.23834879E+01  0.95198067E+00
  0.23928766E+01  0.95807106E+00
  0.24022653E+01  0.96213820E+00
  0.24116540E+01  0.96350283E+00
  0.24210427E+01  0.96134605E+00
  0.24304314E+01  0.95512124E+00
  0.24398201E+01  0.94508407E+00
  0.24492088E+01  0.93201603E+00
  0.24585975E+01  0.91658051E+00
  0.24679862E+01  0.89917239E+00
  0.24773749E+01  0.88004316E+00
  0.24867636E+01  0.85940503E+00
  0.24961523E+01  0.83746916E+00
  0.25055410E+01  0.81444756E+00
  0.25149297E+01  0.79054438E+00
  0.25243184E+01  0.76594833E+00
  0.25337071E+01  0.74082924E+00
  0.25430958E+01  0.71533767E+00
  0.25524845E+01  0.68960631E+00
  0.25618732E+01  0.66375205E+00
  0.25712619E+01  0.63787799E+00
  0.25806506E+01  0.61207521E+00
  0.25900393E+01  0.58642429E+00
  0.25994280E+01  0.56099652E+00
  0.26088167E+01  0.53585501E+00
  0.26182054E+01  0.51105552E+00
  0.26275941E+01  0.48664732E+00
  0.26369828E+01  0.46267376E+00
  0.26463715E+01  0.43917269E+00
  0.26557602E+01  0.41617662E+00
  0.26651489E+01  0.39371255E+00
  0.26745376E+01  0.37180142E+00
  0.26839263E+01  0.35045728E+00
  0.26933150E+01  0.32968613E+00
  0.27027037E+01  0.30948461E+00
  0.27120924E+01  0.28983873E+00
  0.27214811E+01  0.27072272E+00
  0.27308698E+01  0.25209840E+00
  0.27402585E+01  0.23391510E+00
  0.27496472E+01  0.21611054E+00
  0.27590359E+01  0.19861253E+00
  0.27684246E+01  0.18134179E+00
  0.27778133E+01  0.16421554E+00
  0.27872020E+01  0.14715181E+00
  0.27965907E+01  0.13007405E+00
  0.28059794E+01  0.11291553E+00
  0.28153681E+01  0.95623215E-01
  0.28247568E+01  0.78160481E-01
  0.28341455E+01  0.60508610E-01
  0.28435342E+01  0.42666755E-01
  0.28529229E+01  0.24650555E-01
  0.28623116E+01  0.64896325E-02
  0.28717003E+01 -0.11775594E-01
  0.28810890E+01 -0.30097326E-01
  0.28904777E+01 -0.48423514E-01
  0.28998664E+01 -0.66700317E-01
  0.29092551E+01 -0.84873612E-01
  0.29186438E+01 -0.10288950E+00
  0.29280325E+01 -0.12069392E+00
  0.29374212E+01 -0.13823167E+00
  0.29468099E+01 -0.15544519E+00
  0.29561986E+01 -0.17227349E+00
  0.29655873E+01 -0.18865147E+00
  0.29749760E+01 -0.20450985E+00
  0.29843647E+01 -0.21977564E+00
  0.29937534E+01 -0.23437317E+00
  0.30031421E+01 -0.24822545E+00
  0.30125308E+01 -0.26125574E+00
  0.30219195E+01 -0.27338919E+00
  0.30313082E+01 -0.28455432E+00
  0.30406969E+01 -0.29468441E+00
  0.30500856E+01 -0.30371861E+00
  0.30594743E+01 -0.31160294E+00
  0.30688630E+01 -0.31829104E+00
  0.30782517E+01 -0.32373820E+00
  
  0.00000000E+00  0.12743890E+01
  0.93887000E-02  0.12756170E+01
  0.18777400E-01  0.12759505E+01
  0.28166100E-01  0.12753710E+01
  0.37554800E-01  0.12738653E+01
  0.46943500E-01  0.12714254E+01
  0.56332200E-01  0.12680489E+01
  0.65720900E-01  0.12637391E+01
  0.75109600E-01  0.12585051E+01
  0.84498300E-01  0.12523621E+01
  0.93887000E-01  0.12453316E+01
  0.10327570E+00  0.12374418E+01
  0.11266440E+00  0.12287274E+01
  0.12205310E+00  0.12192298E+01
  0.13144180E+00  0.12089970E+01
  0.14083050E+00  0.11980834E+01
  0.15021920E+00  0.11865495E+01
  0.15960790E+00  0.11744617E+01
  0.16899660E+00  0.11618916E+01
  0.17838530E+00  0.11489159E+01
  0.18777400E+00  0.11356160E+01
  0.19716270E+00  0.11220775E+01
  0.20655140E+00  0.11083902E+01
  0.21594010E+00  0.10946483E+01
  0.22532880E+00  0.10809519E+01
  0.23471750E+00  0.10674106E+01
  0.24410620E+00  0.10541533E+01
  0.25349490E+00  0.10413498E+01
  0.26288360E+00  0.10292545E+01
  0.27227230E+00  0.10182660E+01
  0.28166100E+00  0.10088986E+01
  0.29104970E+00  0.10014086E+01
  0.30043840E+00  0.99532066E+00
  0.30982710E+00  0.98975703E+00
  0.31921580E+00  0.98410862E+00
  0.32860450E+00  0.97816930E+00
  0.33799320E+00  0.97196086E+00
  0.34738190E+00  0.96557085E+00
  0.35677060E+00  0.95906986E+00
  0.36615930E+00  0.95248666E+00
  0.37554800E+00  0.94581122E+00
  0.38493670E+00  0.93900676E+00
  0.39432540E+00  0.93202170E+00
  0.40371410E+00  0.92479876E+00
  0.41310280E+00  0.91728096E+00
  0.42249150E+00  0.90941532E+00
  0.43188020E+00  0.90115476E+00
  0.44126890E+00  0.89245909E+00
  0.45065760E+00  0.88329529E+00
  0.46004630E+00  0.87363762E+00
  0.46943500E+00  0.86346749E+00
  0.47882370E+00  0.85277347E+00
  0.48821240E+00  0.84155139E+00
  0.49760110E+00  0.82980451E+00
  0.50698980E+00  0.81754385E+00
  0.51637850E+00  0.80478861E+00
  0.52576720E+00  0.79156662E+00
  0.53515590E+00  0.77791487E+00
  0.54454460E+00  0.76387984E+00
  0.55393330E+00  0.74951786E+00
  0.56332200E+00  0.73489519E+00
  0.57271070E+00  0.72008793E+00
  0.58209940E+00  0.70518160E+00
  0.59148810E+00  0.69027030E+00
  0.60087680E+00  0.67545558E+00
  0.61026550E+00  0.66084464E+00
  0.61965420E+00  0.64654817E+00
  0.62904290E+00  0.63267761E+00
  0.63843160E+00  0.61934202E+00
  0.64782030E+00  0.60664464E+00
  0.65720900E+00  0.59467948E+00
  0.66659770E+00  0.58352807E+00
  0.67598640E+00  0.57325675E+00
  0.68537510E+00  0.56391481E+00
  0.69476380E+00  0.55553349E+00
  0.70415250E+00  0.54812606E+00
  0.71354120E+00  0.54168869E+00
  0.72292990E+00  0.53620221E+00
  0.73231860E+00  0.53163415E+00
  0.74170730E+00  0.52794113E+00
  0.75109600E+00  0.52507122E+00
  0.76048470E+00  0.52296615E+00
  0.76987340E+00  0.52156333E+00
  0.77926210E+00  0.52079755E+00
  0.78865080E+00  0.52060254E+00
  0.79803950E+00  0.52091226E+00
  0.80742820E+00  0.52166200E+00
  0.81681690E+00  0.52278939E+00
  0.82620560E+00  0.52423527E+00
  0.83559430E+00  0.52594438E+00
  0.84498300E+00  0.52786605E+00
  0.85437170E+00  0.52995469E+00
  0.86376040E+00  0.53217021E+00
  0.87314910E+00  0.53447842E+00
  0.88253780E+00  0.53685123E+00
  0.89192650E+00  0.53926694E+00
  0.90131520E+00  0.54171043E+00
  0.91070390E+00  0.54417334E+00
  0.92009260E+00  0.54665430E+00
  0.92948130E+00  0.54915913E+00
  0.93887000E+00  0.55168254E+00
  0.94824279E+00  0.54714502E+00
  0.95761559E+00  0.54295299E+00
  0.96698838E+00  0.53911499E+00
  0.97636118E+00  0.53562091E+00
  0.98573397E+00  0.53246696E+00
  0.99510677E+00  0.52965622E+00
  0.10044796E+01  0.52719916E+00
  0.10138524E+01  0.52511393E+00
  0.10232252E+01  0.52342651E+00
  0.10325980E+01  0.52217049E+00
  0.10419707E+01  0.52138678E+00
  0.10513435E+01  0.52112298E+00
  0.10607163E+01  0.52143271E+00
  0.10700891E+01  0.52237482E+00
  0.10794619E+01  0.52401247E+00
  0.10888347E+01  0.52641208E+00
  0.10982075E+01  0.52964191E+00
  0.11075803E+01  0.53377034E+00
  0.11169531E+01  0.53886341E+00
  0.11263259E+01  0.54498185E+00
  0.11356987E+01  0.55217739E+00
  0.11450715E+01  0.56048868E+00
  0.11544443E+01  0.56993724E+00
  0.11638171E+01  0.58052402E+00
  0.11731899E+01  0.59222718E+00
  0.11825627E+01  0.60500144E+00
  0.11919355E+01  0.61877943E+00
  0.12013083E+01  0.63347458E+00
  0.12106811E+01  0.64898527E+00
  0.12200539E+01  0.66519946E+00
  0.12294267E+01  0.68199920E+00
  0.12387995E+01  0.69926440E+00
  0.12481723E+01  0.71687564E+00
  0.12575450E+01  0.73471599E+00
  0.12669178E+01  0.75267191E+00
  0.12762906E+01  0.77063357E+00
  0.12856634E+01  0.78849485E+00
  0.12950362E+01  0.80615335E+00
  0.13044090E+01  0.82351056E+00
  0.13137818E+01  0.84047227E+00
  0.13231546E+01  0.85694932E+00
  0.13325274E+01  0.87285855E+00
  0.13419002E+01  0.88812379E+00
  0.13512730E+01  0.90267679E+00
  0.13606458E+01  0.91645793E+00
  0.13700186E+01  0.92941649E+00
  0.13793914E+01  0.94151062E+00
  0.13887642E+01  0.95270678E+00
  0.13981370E+01  0.96297883E+00
  0.14075098E+01  0.97230692E+00
  0.14168826E+01  0.98067627E+00
  0.14262554E+01  0.98807603E+00
  0.14356282E+01  0.99449836E+00
  0.14450010E+01  0.99993786E+00
  0.14543738E+01  0.10043915E+01
  0.14637466E+01  0.10078591E+01
  0.14731194E+01  0.10103442E+01
  0.14824921E+01  0.10118557E+01
  0.14918649E+01  0.10124105E+01
  0.15012377E+01  0.10120362E+01
  0.15106105E+01  0.10107763E+01
  0.15199833E+01  0.10086968E+01
  0.15293561E+01  0.10058970E+01
  0.15387289E+01  0.10025279E+01
  0.15481017E+01  0.99882307E+00
  0.15574745E+01  0.99515420E+00
  0.15668473E+01  0.99212343E+00
  0.15762201E+01  0.99068951E+00
  0.15855929E+01  0.99221680E+00
  0.15949657E+01  0.99810941E+00
  0.16043385E+01  0.10089025E+01
  0.16137113E+01  0.10238236E+01
  0.16230841E+01  0.10415046E+01
  0.16324569E+01  0.10607596E+01
  0.16418297E+01  0.10807852E+01
  0.16512025E+01  0.11010756E+01
  0.16605753E+01  0.11213106E+01
  0.16699481E+01  0.11412566E+01
  0.16793367E+01  0.11383458E+01
  0.16887254E+01  0.11353067E+01
  0.16981141E+01  0.11321566E+01
  0.17075028E+01  0.11289151E+01
  0.17168914E+01  0.11256096E+01
  0.17262801E+01  0.11222746E+01
  0.17356688E+01  0.11189514E+01
  0.17450574E+01  0.11156874E+01
  0.17544461E+01  0.11125347E+01
  0.17638348E+01  0.11095483E+01
  0.17732235E+01  0.11067838E+01
  0.17826121E+01  0.11042950E+01
  0.17920008E+01  0.11021313E+01
  0.18013895E+01  0.11003360E+01
  0.18107782E+01  0.10989449E+01
  0.18201668E+01  0.10979859E+01
  0.18295555E+01  0.10974807E+01
  0.18389442E+01  0.10974461E+01
  0.18483328E+01  0.10978969E+01
  0.18577215E+01  0.10988482E+01
  0.18671102E+01  0.11003165E+01
  0.18764989E+01  0.11023203E+01
  0.18858875E+01  0.11048794E+01
  0.18952762E+01  0.11080127E+01
  0.19046649E+01  0.11117360E+01
  0.19140536E+01  0.11160592E+01
  0.19234422E+01  0.11209839E+01
  0.19328309E+01  0.11265009E+01
  0.19422196E+01  0.11325900E+01
  0.19516082E+01  0.11392183E+01
  0.19609969E+01  0.11463413E+01
  0.19703856E+01  0.11539032E+01
  0.19797743E+01  0.11618385E+01
  0.19891629E+01  0.11700731E+01
  0.19985516E+01  0.11785264E+01
  0.20079403E+01  0.11871127E+01
  0.20173290E+01  0.11957431E+01
  0.20267176E+01  0.12043272E+01
  0.20361063E+01  0.12127745E+01
  0.20454950E+01  0.12209960E+01
  0.20548837E+01  0.12289057E+01
  0.20642723E+01  0.12364215E+01
  0.20736610E+01  0.12434665E+01
  0.20830497E+01  0.12499693E+01
  0.20924383E+01  0.12558647E+01
  0.21018270E+01  0.12610939E+01
  0.21112157E+01  0.12656044E+01
  0.21206044E+01  0.12693498E+01
  0.21299930E+01  0.12722896E+01
  0.21393817E+01  0.12743890E+01
  0.21487704E+01  0.12756170E+01
  0.21581591E+01  0.12759505E+01
  0.21675478E+01  0.12753710E+01
  0.21769365E+01  0.12738653E+01
  0.21863252E+01  0.12714254E+01
  0.21957139E+01  0.12680489E+01
  0.22051026E+01  0.12637391E+01
  0.22144913E+01  0.12585051E+01
  0.22238800E+01  0.12523621E+01
  0.22332687E+01  0.12453316E+01
  0.22426574E+01  0.12374418E+01
  0.22520461E+01  0.12287274E+01
  0.22614348E+01  0.12192298E+01
  0.22708235E+01  0.12089970E+01
  0.22802122E+01  0.11980834E+01
  0.22896009E+01  0.11865495E+01
  0.22989896E+01  0.11744617E+01
  0.23083783E+01  0.11618916E+01
  0.23177670E+01  0.11489159E+01
  0.23271557E+01  0.11356160E+01
  0.23365444E+01  0.11220775E+01
  0.23459331E+01  0.11083902E+01
  0.23553218E+01  0.10946483E+01
  0.23647105E+01  0.10809519E+01
  0.23740992E+01  0.10674106E+01
  0.23834879E+01  0.10541533E+01
  0.23928766E+01  0.10413498E+01
  0.24022653E+01  0.10292545E+01
  0.24116540E+01  0.10182660E+01
  0.24210427E+01  0.10088986E+01
  0.24304314E+01  0.10014086E+01
  0.24398201E+01  0.99532066E+00
  0.24492088E+01  0.98975703E+00
  0.24585975E+01  0.98410862E+00
  0.24679862E+01  0.97816930E+00
  0.24773749E+01  0.97196086E+00
  0.24867636E+01  0.96557085E+00
  0.24961523E+01  0.95906986E+00
  0.25055410E+01  0.95248666E+00
  0.25149297E+01  0.94581122E+00
  0.25243184E+01  0.93900676E+00
  0.25337071E+01  0.93202170E+00
  0.25430958E+01  0.92479876E+00
  0.25524845E+01  0.91728096E+00
  0.25618732E+01  0.90941532E+00
  0.25712619E+01  0.90115476E+00
  0.25806506E+01  0.89245909E+00
  0.25900393E+01  0.88329529E+00
  0.25994280E+01  0.87363762E+00
  0.26088167E+01  0.86346749E+00
  0.26182054E+01  0.85277347E+00
  0.26275941E+01  0.84155139E+00
  0.26369828E+01  0.82980451E+00
  0.26463715E+01  0.81754385E+00
  0.26557602E+01  0.80478861E+00
  0.26651489E+01  0.79156662E+00
  0.26745376E+01  0.77791487E+00
  0.26839263E+01  0.76387984E+00
  0.26933150E+01  0.74951786E+00
  0.27027037E+01  0.73489519E+00
  0.27120924E+01  0.72008793E+00
  0.27214811E+01  0.70518160E+00
  0.27308698E+01  0.69027030E+00
  0.27402585E+01  0.67545558E+00
  0.27496472E+01  0.66084464E+00
  0.27590359E+01  0.64654817E+00
  0.27684246E+01  0.63267761E+00
  0.27778133E+01  0.61934202E+00
  0.27872020E+01  0.60664464E+00
  0.27965907E+01  0.59467948E+00
  0.28059794E+01  0.58352807E+00
  0.28153681E+01  0.57325675E+00
  0.28247568E+01  0.56391481E+00
  0.28341455E+01  0.55553349E+00
  0.28435342E+01  0.54812606E+00
  0.28529229E+01  0.54168869E+00
  0.28623116E+01  0.53620221E+00
  0.28717003E+01  0.53163415E+00
  0.28810890E+01  0.52794113E+00
  0.28904777E+01  0.52507122E+00
  0.28998664E+01  0.52296615E+00
  0.29092551E+01  0.52156333E+00
  0.29186438E+01  0.52079755E+00
  0.29280325E+01  0.52060254E+00
  0.29374212E+01  0.52091226E+00
  0.29468099E+01  0.52166200E+00
  0.29561986E+01  0.52278939E+00
  0.29655873E+01  0.52423527E+00
  0.29749760E+01  0.52594438E+00
  0.29843647E+01  0.52786605E+00
  0.29937534E+01  0.52995469E+00
  0.30031421E+01  0.53217021E+00
  0.30125308E+01  0.53447842E+00
  0.30219195E+01  0.53685123E+00
  0.30313082E+01  0.53926694E+00
  0.30406969E+01  0.54171043E+00
  0.30500856E+01  0.54417334E+00
  0.30594743E+01  0.54665430E+00
  0.30688630E+01  0.54915913E+00
  0.30782517E+01  0.55168254E+00
  
  0.00000000E+00  0.16057123E+01
  0.93887000E-02  0.16078050E+01
  0.18777400E-01  0.16086622E+01
  0.28166100E-01  0.16082746E+01
  0.37554800E-01  0.16066372E+01
  0.46943500E-01  0.16037495E+01
  0.56332200E-01  0.15996152E+01
  0.65720900E-01  0.15942431E+01
  0.75109600E-01  0.15876474E+01
  0.84498300E-01  0.15798475E+01
  0.93887000E-01  0.15708686E+01
  0.10327570E+00  0.15607411E+01
  0.11266440E+00  0.15495012E+01
  0.12205310E+00  0.15371900E+01
  0.13144180E+00  0.15238534E+01
  0.14083050E+00  0.15095424E+01
  0.15021920E+00  0.14943126E+01
  0.15960790E+00  0.14782251E+01
  0.16899660E+00  0.14613473E+01
  0.17838530E+00  0.14437542E+01
  0.18777400E+00  0.14255308E+01
  0.19716270E+00  0.14067745E+01
  0.20655140E+00  0.13875991E+01
  0.21594010E+00  0.13681386E+01
  0.22532880E+00  0.13485530E+01
  0.23471750E+00  0.13290332E+01
  0.24410620E+00  0.13098071E+01
  0.25349490E+00  0.12911441E+01
  0.26288360E+00  0.12733545E+01
  0.27227230E+00  0.12567811E+01
  0.28166100E+00  0.12417751E+01
  0.29104970E+00  0.12286535E+01
  0.30043840E+00  0.12176417E+01
  0.30982710E+00  0.12088184E+01
  0.31921580E+00  0.12020909E+01
  0.32860450E+00  0.11972132E+01
  0.33799320E+00  0.11938406E+01
  0.34738190E+00  0.11915925E+01
  0.35677060E+00  0.11901020E+01
  0.36615930E+00  0.11890440E+01
  0.37554800E+00  0.11881448E+01
  0.38493670E+00  0.11871806E+01
  0.39432540E+00  0.11859716E+01
  0.40371410E+00  0.11843737E+01
  0.41310280E+00  0.11822716E+01
  0.42249150E+00  0.11795731E+01
  0.43188020E+00  0.11762036E+01
  0.44126890E+00  0.11721034E+01
  0.45065760E+00  0.11672244E+01
  0.46004630E+00  0.11615282E+01
  0.46943500E+00  0.11549852E+01
  0.47882370E+00  0.11475731E+01
  0.48821240E+00  0.11392767E+01
  0.49760110E+00  0.11300873E+01
  0.50698980E+00  0.11200026E+01
  0.51637850E+00  0.11090267E+01
  0.52576720E+00  0.10971697E+01
  0.53515590E+00  0.10844487E+01
  0.54454460E+00  0.10708866E+01
  0.55393330E+00  0.10565135E+01
  0.56332200E+00  0.10413656E+01
  0.57271070E+00  0.10254862E+01
  0.58209940E+00  0.10089250E+01
  0.59148810E+00  0.99173842E+00
  0.60087680E+00  0.97398951E+00
  0.61026550E+00  0.95574760E+00
  0.61965420E+00  0.93708825E+00
  0.62904290E+00  0.91809292E+00
  0.63843160E+00  0.89884857E+00
  0.64782030E+00  0.87944719E+00
  0.65720900E+00  0.85998509E+00
  0.66659770E+00  0.84056208E+00
  0.67598640E+00  0.82128045E+00
  0.68537510E+00  0.80224367E+00
  0.69476380E+00  0.78355490E+00
  0.70415250E+00  0.76531531E+00
  0.71354120E+00  0.74762215E+00
  0.72292990E+00  0.73056676E+00
  0.73231860E+00  0.71423248E+00
  0.74170730E+00  0.69869266E+00
  0.75109600E+00  0.68400877E+00
  0.76048470E+00  0.67022884E+00
  0.76987340E+00  0.65738625E+00
  0.77926210E+00  0.64549904E+00
  0.78865080E+00  0.63456969E+00
  0.79803950E+00  0.62458552E+00
  0.80742820E+00  0.61551959E+00
  0.81681690E+00  0.60733210E+00
  0.82620560E+00  0.59997212E+00
  0.83559430E+00  0.59337969E+00
  0.84498300E+00  0.58748803E+00
  0.85437170E+00  0.58222582E+00
  0.86376040E+00  0.57751940E+00
  0.87314910E+00  0.57329491E+00
  0.88253780E+00  0.56948019E+00
  0.89192650E+00  0.56600645E+00
  0.90131520E+00  0.56280965E+00
  0.91070390E+00  0.55983167E+00
  0.92009260E+00  0.55702111E+00
  0.92948130E+00  0.55433394E+00
  0.93887000E+00  0.55175227E+00
  0.94824279E+00  0.55668190E+00
  0.95761559E+00  0.56205338E+00
  0.96698838E+00  0.56787347E+00
  0.97636118E+00  0.57417845E+00
  0.98573397E+00  0.58100980E+00
  0.99510677E+00  0.58841415E+00
  0.10044796E+01  0.59644281E+00
  0.10138524E+01  0.60515085E+00
  0.10232252E+01  0.61459566E+00
  0.10325980E+01  0.62483476E+00
  0.10419707E+01  0.63592326E+00
  0.10513435E+01  0.64791081E+00
  0.10607163E+01  0.66083862E+00
  0.10700891E+01  0.67473652E+00
  0.10794619E+01  0.68962073E+00
  0.10888347E+01  0.70549225E+00
  0.10982075E+01  0.72233629E+00
  0.11075803E+01  0.74012262E+00
  0.11169531E+01  0.75880683E+00
  0.11263259E+01  0.77833218E+00
  0.11356987E+01  0.79863192E+00
  0.11450715E+01  0.81963162E+00
  0.11544443E+01  0.84125126E+00
  0.11638171E+01  0.86340699E+00
  0.11731899E+01  0.88601228E+00
  0.11825627E+01  0.90897859E+00
  0.11919355E+01  0.93221565E+00
  0.12013083E+01  0.95563139E+00
  0.12106811E+01  0.97913198E+00
  0.12200539E+01  0.10026219E+01
  0.12294267E+01  0.10260042E+01
  0.12387995E+01  0.10491817E+01
  0.12481723E+01  0.10720578E+01
  0.12575450E+01  0.10945384E+01
  0.12669178E+01  0.11165336E+01
  0.12762906E+01  0.11379592E+01
  0.12856634E+01  0.11587386E+01
  0.12950362E+01  0.11788037E+01
  0.13044090E+01  0.11980953E+01
  0.13137818E+01  0.12165632E+01
  0.13231546E+01  0.12341648E+01
  0.13325274E+01  0.12508642E+01
  0.13419002E+01  0.12666305E+01
  0.13512730E+01  0.12814354E+01
  0.13606458E+01  0.12952523E+01
  0.13700186E+01  0.13080547E+01
  0.13793914E+01  0.13198153E+01
  0.13887642E+01  0.13305067E+01
  0.13981370E+01  0.13401017E+01
  0.14075098E+01  0.13485741E+01
  0.14168826E+01  0.13559009E+01
  0.14262554E+01  0.13620631E+01
  0.14356282E+01  0.13670475E+01
  0.14450010E+01  0.13708471E+01
  0.14543738E+01  0.13734614E+01
  0.14637466E+01  0.13748962E+01
  0.14731194E+01  0.13751624E+01
  0.14824921E+01  0.13742746E+01
  0.14918649E+01  0.13722495E+01
  0.15012377E+01  0.13691041E+01
  0.15106105E+01  0.13648547E+01
  0.15199833E+01  0.13595161E+01
  0.15293561E+01  0.13531012E+01
  0.15387289E+01  0.13456214E+01
  0.15481017E+01  0.13370879E+01
  0.15574745E+01  0.13275125E+01
  0.15668473E+01  0.13169094E+01
  0.15762201E+01  0.13052962E+01
  0.15855929E+01  0.12926953E+01
  0.15949657E+01  0.12791345E+01
  0.16043385E+01  0.12646470E+01
  0.16137113E+01  0.12492718E+01
  0.16230841E+01  0.12330533E+01
  0.16324569E+01  0.12160410E+01
  0.16418297E+01  0.11982896E+01
  0.16512025E+01  0.11798608E+01
  0.16605753E+01  0.11608252E+01
  0.16699481E+01  0.11412909E+01
  0.16793367E+01  0.11440724E+01
  0.16887254E+01  0.11467328E+01
  0.16981141E+01  0.11492768E+01
  0.17075028E+01  0.11517216E+01
  0.17168914E+01  0.11540921E+01
  0.17262801E+01  0.11564213E+01
  0.17356688E+01  0.11587511E+01
  0.17450574E+01  0.11611324E+01
  0.17544461E+01  0.11636257E+01
  0.17638348E+01  0.11663008E+01
  0.17732235E+01  0.11692366E+01
  0.17826121E+01  0.11725205E+01
  0.17920008E+01  0.11762462E+01
  0.18013895E+01  0.11805113E+01
  0.18107782E+01  0.11854144E+01
  0.18201668E+01  0.11910504E+01
  0.18295555E+01  0.11975061E+01
  0.18389442E+01  0.12048559E+01
  0.18483328E+01  0.12131567E+01
  0.18577215E+01  0.12224455E+01
  0.18671102E+01  0.12327368E+01
  0.18764989E+01  0.12440219E+01
  0.18858875E+01  0.12562698E+01
  0.18952762E+01  0.12694285E+01
  0.19046649E+01  0.12834274E+01
  0.19140536E+01  0.12981805E+01
  0.19234422E+01  0.13135892E+01
  0.19328309E+01  0.13295454E+01
  0.19422196E+01  0.13459349E+01
  0.19516082E+01  0.13626396E+01
  0.19609969E+01  0.13795403E+01
  0.19703856E+01  0.13965186E+01
  0.19797743E+01  0.14134584E+01
  0.19891629E+01  0.14302467E+01
  0.19985516E+01  0.14467746E+01
  0.20079403E+01  0.14629377E+01
  0.20173290E+01  0.14786367E+01
  0.20267176E+01  0.14937769E+01
  0.20361063E+01  0.15082692E+01
  0.20454950E+01  0.15220301E+01
  0.20548837E+01  0.15349820E+01
  0.20642723E+01  0.15470539E+01
  0.20736610E+01  0.15581816E+01
  0.20830497E+01  0.15683079E+01
  0.20924383E+01  0.15773828E+01
  0.21018270E+01  0.15853637E+01
  0.21112157E+01  0.15922143E+01
  0.21206044E+01  0.15979047E+01
  0.21299930E+01  0.16024106E+01
  0.21393817E+01  0.16057123E+01
  0.21487704E+01  0.16078050E+01
  0.21581591E+01  0.16086622E+01
  0.21675478E+01  0.16082746E+01
  0.21769365E+01  0.16066372E+01
  0.21863252E+01  0.16037495E+01
  0.21957139E+01  0.15996152E+01
  0.22051026E+01  0.15942431E+01
  0.22144913E+01  0.15876474E+01
  0.22238800E+01  0.15798475E+01
  0.22332687E+01  0.15708686E+01
  0.22426574E+01  0.15607411E+01
  0.22520461E+01  0.15495012E+01
  0.22614348E+01  0.15371900E+01
  0.22708235E+01  0.15238534E+01
  0.22802122E+01  0.15095424E+01
  0.22896009E+01  0.14943126E+01
  0.22989896E+01  0.14782251E+01
  0.23083783E+01  0.14613473E+01
  0.23177670E+01  0.14437542E+01
  0.23271557E+01  0.14255308E+01
  0.23365444E+01  0.14067745E+01
  0.23459331E+01  0.13875991E+01
  0.23553218E+01  0.13681386E+01
  0.23647105E+01  0.13485530E+01
  0.23740992E+01  0.13290332E+01
  0.23834879E+01  0.13098071E+01
  0.23928766E+01  0.12911441E+01
  0.24022653E+01  0.12733545E+01
  0.24116540E+01  0.12567811E+01
  0.24210427E+01  0.12417751E+01
  0.24304314E+01  0.12286535E+01
  0.24398201E+01  0.12176417E+01
  0.24492088E+01  0.12088184E+01
  0.24585975E+01  0.12020909E+01
  0.24679862E+01  0.11972132E+01
  0.24773749E+01  0.11938406E+01
  0.24867636E+01  0.11915925E+01
  0.24961523E+01  0.11901020E+01
  0.25055410E+01  0.11890440E+01
  0.25149297E+01  0.11881448E+01
  0.25243184E+01  0.11871806E+01
  0.25337071E+01  0.11859716E+01
  0.25430958E+01  0.11843737E+01
  0.25524845E+01  0.11822716E+01
  0.25618732E+01  0.11795731E+01
  0.25712619E+01  0.11762036E+01
  0.25806506E+01  0.11721034E+01
  0.25900393E+01  0.11672244E+01
  0.25994280E+01  0.11615282E+01
  0.26088167E+01  0.11549852E+01
  0.26182054E+01  0.11475731E+01
  0.26275941E+01  0.11392767E+01
  0.26369828E+01  0.11300873E+01
  0.26463715E+01  0.11200026E+01
  0.26557602E+01  0.11090267E+01
  0.26651489E+01  0.10971697E+01
  0.26745376E+01  0.10844487E+01
  0.26839263E+01  0.10708866E+01
  0.26933150E+01  0.10565135E+01
  0.27027037E+01  0.10413656E+01
  0.27120924E+01  0.10254862E+01
  0.27214811E+01  0.10089250E+01
  0.27308698E+01  0.99173842E+00
  0.27402585E+01  0.97398951E+00
  0.27496472E+01  0.95574760E+00
  0.27590359E+01  0.93708825E+00
  0.27684246E+01  0.91809292E+00
  0.27778133E+01  0.89884857E+00
  0.27872020E+01  0.87944719E+00
  0.27965907E+01  0.85998509E+00
  0.28059794E+01  0.84056208E+00
  0.28153681E+01  0.82128045E+00
  0.28247568E+01  0.80224367E+00
  0.28341455E+01  0.78355490E+00
  0.28435342E+01  0.76531531E+00
  0.28529229E+01  0.74762215E+00
  0.28623116E+01  0.73056676E+00
  0.28717003E+01  0.71423248E+00
  0.28810890E+01  0.69869266E+00
  0.28904777E+01  0.68400877E+00
  0.28998664E+01  0.67022884E+00
  0.29092551E+01  0.65738625E+00
  0.29186438E+01  0.64549904E+00
  0.29280325E+01  0.63456969E+00
  0.29374212E+01  0.62458552E+00
  0.29468099E+01  0.61551959E+00
  0.29561986E+01  0.60733210E+00
  0.29655873E+01  0.59997212E+00
  0.29749760E+01  0.59337969E+00
  0.29843647E+01  0.58748803E+00
  0.29937534E+01  0.58222582E+00
  0.30031421E+01  0.57751940E+00
  0.30125308E+01  0.57329491E+00
  0.30219195E+01  0.56948019E+00
  0.30313082E+01  0.56600645E+00
  0.30406969E+01  0.56280965E+00
  0.30500856E+01  0.55983167E+00
  0.30594743E+01  0.55702111E+00
  0.30688630E+01  0.55433394E+00
  0.30782517E+01  0.55175227E+00
  
