  #K-Path    Energy        Bi        Sb
# NKPTS & NBANDS:  80 112
# Band-Index:    1
    0.000  -24.2397     0.984     0.000
    0.022  -24.2398     0.984     0.000
    0.045  -24.2399     0.984     0.000
    0.067  -24.2400     0.984     0.000
    0.089  -24.2401     0.984     0.000
    0.112  -24.2402     0.984     0.000
    0.134  -24.2403     0.984     0.000
    0.156  -24.2404     0.984     0.000
    0.179  -24.2405     0.984     0.000
    0.201  -24.2406     0.984     0.000
    0.224  -24.2407     0.984     0.000
    0.246  -24.2408     0.984     0.000
    0.268  -24.2408     0.984     0.000
    0.291  -24.2409     0.984     0.000
    0.313  -24.2409     0.984     0.000
    0.335  -24.2410     0.984     0.000
    0.358  -24.2410     0.984     0.000
    0.380  -24.2410     0.984     0.000
    0.402  -24.2410     0.984     0.000
    0.425  -24.2410     0.984     0.000
    0.425  -24.2410     0.984     0.000
    0.467  -24.2410     0.984     0.000
    0.508  -24.2410     0.984     0.000
    0.550  -24.2410     0.984     0.000
    0.592  -24.2409     0.984     0.000
    0.634  -24.2408     0.984     0.000
    0.675  -24.2407     0.984     0.000
    0.717  -24.2405     0.984     0.000
    0.759  -24.2404     0.984     0.000
    0.801  -24.2402     0.984     0.000
    0.842  -24.2401     0.984     0.000
    0.884  -24.2399     0.984     0.000
    0.926  -24.2397     0.984     0.000
    0.968  -24.2396     0.984     0.000
    1.010  -24.2396     0.984     0.000
    1.051  -24.2395     0.984     0.000
    1.093  -24.2394     0.984     0.000
    1.135  -24.2393     0.984     0.000
    1.177  -24.2391     0.984     0.000
    1.218  -24.2389     0.984     0.000
    1.218  -24.2389     0.984     0.000
    1.260  -24.2391     0.984     0.000
    1.302  -24.2393     0.984     0.000
    1.344  -24.2394     0.984     0.000
    1.386  -24.2395     0.984     0.000
    1.427  -24.2396     0.984     0.000
    1.469  -24.2396     0.984     0.000
    1.511  -24.2397     0.984     0.000
    1.553  -24.2399     0.984     0.000
    1.594  -24.2401     0.984     0.000
    1.636  -24.2402     0.984     0.000
    1.678  -24.2404     0.984     0.000
    1.720  -24.2405     0.984     0.000
    1.761  -24.2407     0.984     0.000
    1.803  -24.2408     0.984     0.000
    1.845  -24.2409     0.984     0.000
    1.887  -24.2410     0.984     0.000
    1.929  -24.2410     0.984     0.000
    1.970  -24.2410     0.984     0.000
    2.012  -24.2410     0.984     0.000
    2.012  -24.2410     0.984     0.000
    2.047  -24.2410     0.984     0.000
    2.083  -24.2410     0.984     0.000
    2.118  -24.2410     0.984     0.000
    2.153  -24.2410     0.984     0.000
    2.189  -24.2409     0.984     0.000
    2.224  -24.2409     0.984     0.000
    2.259  -24.2408     0.984     0.000
    2.294  -24.2408     0.984     0.000
    2.330  -24.2407     0.984     0.000
    2.365  -24.2407     0.984     0.000
    2.400  -24.2406     0.984     0.000
    2.436  -24.2405     0.984     0.000
    2.471  -24.2405     0.984     0.000
    2.506  -24.2404     0.984     0.000
    2.541  -24.2404     0.984     0.000
    2.577  -24.2403     0.984     0.000
    2.612  -24.2402     0.984     0.000
    2.647  -24.2402     0.984     0.000
    2.683  -24.2401     0.984     0.000
 
# Band-Index:    2
    2.683  -24.2401     0.984     0.000
    2.647  -24.2401     0.984     0.000
    2.612  -24.2400     0.984     0.000
    2.577  -24.2400     0.984     0.000
    2.541  -24.2399     0.984     0.000
    2.506  -24.2399     0.984     0.000
    2.471  -24.2398     0.984     0.000
    2.436  -24.2397     0.984     0.000
    2.400  -24.2396     0.984     0.000
    2.365  -24.2397     0.984     0.000
    2.330  -24.2399     0.984     0.000
    2.294  -24.2401     0.984     0.000
    2.259  -24.2403     0.984     0.000
    2.224  -24.2405     0.984     0.000
    2.189  -24.2406     0.984     0.000
    2.153  -24.2407     0.984     0.000
    2.118  -24.2408     0.984     0.000
    2.083  -24.2409     0.984     0.000
    2.047  -24.2409     0.984     0.000
    2.012  -24.2410     0.984     0.000
    2.012  -24.2410     0.984     0.000
    1.970  -24.2409     0.984     0.000
    1.929  -24.2409     0.984     0.000
    1.887  -24.2408     0.984     0.000
    1.845  -24.2406     0.984     0.000
    1.803  -24.2405     0.984     0.000
    1.761  -24.2404     0.984     0.000
    1.720  -24.2402     0.984     0.000
    1.678  -24.2400     0.984     0.000
    1.636  -24.2398     0.984     0.000
    1.594  -24.2397     0.984     0.000
    1.553  -24.2396     0.984     0.000
    1.511  -24.2396     0.984     0.000
    1.469  -24.2395     0.984     0.000
    1.427  -24.2394     0.984     0.000
    1.386  -24.2393     0.984     0.000
    1.344  -24.2391     0.984     0.000
    1.302  -24.2390     0.984     0.000
    1.260  -24.2390     0.984     0.000
    1.218  -24.2389     0.984     0.000
    1.218  -24.2389     0.984     0.000
    1.177  -24.2390     0.984     0.000
    1.135  -24.2390     0.984     0.000
    1.093  -24.2391     0.984     0.000
    1.051  -24.2393     0.984     0.000
    1.010  -24.2394     0.984     0.000
    0.968  -24.2395     0.984     0.000
    0.926  -24.2396     0.984     0.000
    0.884  -24.2396     0.984     0.000
    0.842  -24.2397     0.984     0.000
    0.801  -24.2398     0.984     0.000
    0.759  -24.2400     0.984     0.000
    0.717  -24.2402     0.984     0.000
    0.675  -24.2404     0.984     0.000
    0.634  -24.2405     0.984     0.000
    0.592  -24.2406     0.984     0.000
    0.550  -24.2408     0.984     0.000
    0.508  -24.2409     0.984     0.000
    0.467  -24.2409     0.984     0.000
    0.425  -24.2410     0.984     0.000
    0.425  -24.2410     0.984     0.000
    0.402  -24.2410     0.984     0.000
    0.380  -24.2409     0.984     0.000
    0.358  -24.2409     0.984     0.000
    0.335  -24.2409     0.984     0.000
    0.313  -24.2408     0.984     0.000
    0.291  -24.2407     0.984     0.000
    0.268  -24.2406     0.984     0.000
    0.246  -24.2406     0.984     0.000
    0.224  -24.2405     0.984     0.000
    0.201  -24.2404     0.984     0.000
    0.179  -24.2403     0.984     0.000
    0.156  -24.2402     0.984     0.000
    0.134  -24.2400     0.984     0.000
    0.112  -24.2399     0.984     0.000
    0.089  -24.2398     0.984     0.000
    0.067  -24.2397     0.984     0.000
    0.045  -24.2396     0.984     0.000
    0.022  -24.2395     0.984     0.000
    0.000  -24.2397     0.984     0.000
 
# Band-Index:    3
    0.000  -24.2393     0.984     0.000
    0.022  -24.2394     0.984     0.000
    0.045  -24.2394     0.984     0.000
    0.067  -24.2393     0.984     0.000
    0.089  -24.2392     0.984     0.000
    0.112  -24.2390     0.984     0.000
    0.134  -24.2389     0.984     0.000
    0.156  -24.2388     0.984     0.000
    0.179  -24.2387     0.984     0.000
    0.201  -24.2386     0.984     0.000
    0.224  -24.2385     0.984     0.000
    0.246  -24.2384     0.984     0.000
    0.268  -24.2383     0.984     0.000
    0.291  -24.2383     0.984     0.000
    0.313  -24.2382     0.984     0.000
    0.335  -24.2381     0.984     0.000
    0.358  -24.2381     0.984     0.000
    0.380  -24.2380     0.984     0.000
    0.402  -24.2380     0.984     0.000
    0.425  -24.2380     0.984     0.000
    0.425  -24.2380     0.984     0.000
    0.467  -24.2382     0.984     0.000
    0.508  -24.2384     0.984     0.000
    0.550  -24.2386     0.984     0.000
    0.592  -24.2388     0.984     0.000
    0.634  -24.2390     0.984     0.000
    0.675  -24.2391     0.984     0.000
    0.717  -24.2393     0.984     0.000
    0.759  -24.2394     0.984     0.000
    0.801  -24.2395     0.984     0.000
    0.842  -24.2396     0.984     0.000
    0.884  -24.2395     0.984     0.000
    0.926  -24.2394     0.984     0.000
    0.968  -24.2392     0.984     0.000
    1.010  -24.2391     0.984     0.000
    1.051  -24.2390     0.984     0.000
    1.093  -24.2390     0.984     0.000
    1.135  -24.2389     0.984     0.000
    1.177  -24.2389     0.984     0.000
    1.218  -24.2389     0.984     0.000
    1.218  -24.2389     0.985     0.000
    1.260  -24.2389     0.984     0.000
    1.302  -24.2389     0.984     0.000
    1.344  -24.2390     0.984     0.000
    1.386  -24.2390     0.984     0.000
    1.427  -24.2391     0.984     0.000
    1.469  -24.2392     0.984     0.000
    1.511  -24.2394     0.984     0.000
    1.553  -24.2395     0.984     0.000
    1.594  -24.2396     0.984     0.000
    1.636  -24.2395     0.984     0.000
    1.678  -24.2394     0.984     0.000
    1.720  -24.2393     0.984     0.000
    1.761  -24.2391     0.984     0.000
    1.803  -24.2390     0.984     0.000
    1.845  -24.2388     0.984     0.000
    1.887  -24.2386     0.984     0.000
    1.929  -24.2384     0.984     0.000
    1.970  -24.2382     0.984     0.000
    2.012  -24.2380     0.984     0.000
    2.012  -24.2380     0.984     0.000
    2.047  -24.2382     0.984     0.000
    2.083  -24.2384     0.984     0.000
    2.118  -24.2385     0.984     0.000
    2.153  -24.2387     0.984     0.000
    2.189  -24.2389     0.984     0.000
    2.224  -24.2390     0.984     0.000
    2.259  -24.2392     0.984     0.000
    2.294  -24.2393     0.984     0.000
    2.330  -24.2394     0.984     0.000
    2.365  -24.2395     0.984     0.000
    2.400  -24.2395     0.984     0.000
    2.436  -24.2393     0.984     0.000
    2.471  -24.2390     0.984     0.000
    2.506  -24.2388     0.984     0.000
    2.541  -24.2385     0.984     0.000
    2.577  -24.2383     0.984     0.000
    2.612  -24.2381     0.984     0.000
    2.647  -24.2378     0.984     0.000
    2.683  -24.2376     0.984     0.000
 
# Band-Index:    4
    2.683  -24.2376     0.984     0.000
    2.647  -24.2374     0.984     0.000
    2.612  -24.2373     0.984     0.000
    2.577  -24.2371     0.984     0.000
    2.541  -24.2370     0.984     0.000
    2.506  -24.2369     0.984     0.000
    2.471  -24.2368     0.984     0.000
    2.436  -24.2367     0.984     0.000
    2.400  -24.2367     0.984     0.000
    2.365  -24.2367     0.984     0.000
    2.330  -24.2368     0.984     0.000
    2.294  -24.2368     0.984     0.000
    2.259  -24.2369     0.984     0.000
    2.224  -24.2370     0.984     0.000
    2.189  -24.2372     0.984     0.000
    2.153  -24.2373     0.984     0.000
    2.118  -24.2375     0.984     0.000
    2.083  -24.2376     0.984     0.000
    2.047  -24.2378     0.984     0.000
    2.012  -24.2380     0.984     0.000
    2.012  -24.2380     0.984     0.000
    1.970  -24.2378     0.984     0.000
    1.929  -24.2377     0.984     0.000
    1.887  -24.2375     0.984     0.000
    1.845  -24.2374     0.984     0.000
    1.803  -24.2373     0.984     0.000
    1.761  -24.2373     0.984     0.000
    1.720  -24.2372     0.984     0.000
    1.678  -24.2372     0.984     0.000
    1.636  -24.2373     0.984     0.000
    1.594  -24.2374     0.984     0.000
    1.553  -24.2375     0.984     0.000
    1.511  -24.2376     0.984     0.000
    1.469  -24.2378     0.984     0.000
    1.427  -24.2379     0.984     0.000
    1.386  -24.2381     0.984     0.000
    1.344  -24.2383     0.984     0.000
    1.302  -24.2385     0.984     0.000
    1.260  -24.2387     0.984     0.000
    1.218  -24.2389     0.985     0.000
    1.218  -24.2389     0.984     0.000
    1.177  -24.2387     0.984     0.000
    1.135  -24.2385     0.984     0.000
    1.093  -24.2383     0.984     0.000
    1.051  -24.2381     0.984     0.000
    1.010  -24.2379     0.984     0.000
    0.968  -24.2378     0.984     0.000
    0.926  -24.2376     0.984     0.000
    0.884  -24.2375     0.984     0.000
    0.842  -24.2374     0.984     0.000
    0.801  -24.2373     0.984     0.000
    0.759  -24.2372     0.984     0.000
    0.717  -24.2372     0.984     0.000
    0.675  -24.2373     0.984     0.000
    0.634  -24.2373     0.984     0.000
    0.592  -24.2374     0.984     0.000
    0.550  -24.2375     0.984     0.000
    0.508  -24.2377     0.984     0.000
    0.467  -24.2378     0.984     0.000
    0.425  -24.2380     0.984     0.000
    0.425  -24.2380     0.984     0.000
    0.402  -24.2380     0.984     0.000
    0.380  -24.2380     0.984     0.000
    0.358  -24.2380     0.984     0.000
    0.335  -24.2380     0.984     0.000
    0.313  -24.2380     0.984     0.000
    0.291  -24.2381     0.984     0.000
    0.268  -24.2381     0.984     0.000
    0.246  -24.2382     0.984     0.000
    0.224  -24.2383     0.984     0.000
    0.201  -24.2383     0.984     0.000
    0.179  -24.2384     0.984     0.000
    0.156  -24.2385     0.984     0.000
    0.134  -24.2386     0.984     0.000
    0.112  -24.2387     0.984     0.000
    0.089  -24.2388     0.984     0.000
    0.067  -24.2390     0.984     0.000
    0.045  -24.2391     0.984     0.000
    0.022  -24.2392     0.984     0.000
    0.000  -24.2393     0.984     0.000
 
# Band-Index:    5
    0.000  -24.2114     0.984     0.000
    0.022  -24.2114     0.984     0.000
    0.045  -24.2114     0.984     0.000
    0.067  -24.2114     0.984     0.000
    0.089  -24.2114     0.984     0.000
    0.112  -24.2114     0.984     0.000
    0.134  -24.2114     0.984     0.000
    0.156  -24.2114     0.984     0.000
    0.179  -24.2113     0.984     0.000
    0.201  -24.2113     0.984     0.000
    0.224  -24.2113     0.984     0.000
    0.246  -24.2113     0.984     0.000
    0.268  -24.2112     0.984     0.000
    0.291  -24.2112     0.984     0.000
    0.313  -24.2112     0.984     0.000
    0.335  -24.2111     0.984     0.000
    0.358  -24.2111     0.984     0.000
    0.380  -24.2111     0.984     0.000
    0.402  -24.2110     0.984     0.000
    0.425  -24.2110     0.984     0.000
    0.425  -24.2110     0.984     0.000
    0.467  -24.2111     0.984     0.000
    0.508  -24.2111     0.984     0.000
    0.550  -24.2112     0.984     0.000
    0.592  -24.2113     0.984     0.000
    0.634  -24.2113     0.984     0.000
    0.675  -24.2114     0.984     0.000
    0.717  -24.2114     0.984     0.000
    0.759  -24.2115     0.984     0.000
    0.801  -24.2115     0.984     0.000
    0.842  -24.2115     0.984     0.000
    0.884  -24.2114     0.984     0.000
    0.926  -24.2114     0.984     0.000
    0.968  -24.2114     0.984     0.000
    1.010  -24.2113     0.984     0.000
    1.051  -24.2112     0.984     0.000
    1.093  -24.2112     0.984     0.000
    1.135  -24.2111     0.984     0.000
    1.177  -24.2110     0.984     0.000
    1.218  -24.2109     0.985     0.000
    1.218  -24.2109     0.985     0.000
    1.260  -24.2110     0.984     0.000
    1.302  -24.2111     0.984     0.000
    1.344  -24.2112     0.984     0.000
    1.386  -24.2112     0.984     0.000
    1.427  -24.2113     0.984     0.000
    1.469  -24.2114     0.984     0.000
    1.511  -24.2114     0.984     0.000
    1.553  -24.2114     0.984     0.000
    1.594  -24.2115     0.984     0.000
    1.636  -24.2115     0.984     0.000
    1.678  -24.2115     0.984     0.000
    1.720  -24.2114     0.984     0.000
    1.761  -24.2114     0.984     0.000
    1.803  -24.2113     0.984     0.000
    1.845  -24.2113     0.984     0.000
    1.887  -24.2112     0.984     0.000
    1.929  -24.2111     0.984     0.000
    1.970  -24.2111     0.984     0.000
    2.012  -24.2110     0.984     0.000
    2.012  -24.2110     0.984     0.000
    2.047  -24.2111     0.984     0.000
    2.083  -24.2111     0.984     0.000
    2.118  -24.2112     0.984     0.000
    2.153  -24.2113     0.984     0.000
    2.189  -24.2113     0.984     0.000
    2.224  -24.2114     0.984     0.000
    2.259  -24.2114     0.984     0.000
    2.294  -24.2115     0.984     0.000
    2.330  -24.2115     0.984     0.000
    2.365  -24.2115     0.984     0.000
    2.400  -24.2116     0.984     0.000
    2.436  -24.2116     0.984     0.000
    2.471  -24.2116     0.984     0.000
    2.506  -24.2116     0.984     0.000
    2.541  -24.2116     0.984     0.000
    2.577  -24.2116     0.984     0.000
    2.612  -24.2115     0.984     0.000
    2.647  -24.2115     0.984     0.000
    2.683  -24.2115     0.984     0.000
 
# Band-Index:    6
    2.683  -24.2115     0.984     0.000
    2.647  -24.2115     0.984     0.000
    2.612  -24.2114     0.984     0.000
    2.577  -24.2114     0.984     0.000
    2.541  -24.2114     0.984     0.000
    2.506  -24.2114     0.984     0.000
    2.471  -24.2113     0.984     0.000
    2.436  -24.2113     0.984     0.000
    2.400  -24.2113     0.984     0.000
    2.365  -24.2113     0.984     0.000
    2.330  -24.2113     0.984     0.000
    2.294  -24.2112     0.984     0.000
    2.259  -24.2112     0.984     0.000
    2.224  -24.2112     0.984     0.000
    2.189  -24.2111     0.984     0.000
    2.153  -24.2111     0.984     0.000
    2.118  -24.2111     0.984     0.000
    2.083  -24.2110     0.984     0.000
    2.047  -24.2110     0.984     0.000
    2.012  -24.2110     0.984     0.000
    2.012  -24.2110     0.984     0.000
    1.970  -24.2110     0.984     0.000
    1.929  -24.2111     0.984     0.000
    1.887  -24.2111     0.984     0.000
    1.845  -24.2112     0.984     0.000
    1.803  -24.2112     0.984     0.000
    1.761  -24.2112     0.984     0.000
    1.720  -24.2113     0.984     0.000
    1.678  -24.2113     0.984     0.000
    1.636  -24.2113     0.984     0.000
    1.594  -24.2113     0.984     0.000
    1.553  -24.2113     0.984     0.000
    1.511  -24.2113     0.984     0.000
    1.469  -24.2112     0.984     0.000
    1.427  -24.2112     0.984     0.000
    1.386  -24.2112     0.984     0.000
    1.344  -24.2111     0.984     0.000
    1.302  -24.2110     0.984     0.000
    1.260  -24.2110     0.984     0.000
    1.218  -24.2109     0.985     0.000
    1.218  -24.2109     0.985     0.000
    1.177  -24.2110     0.984     0.000
    1.135  -24.2110     0.984     0.000
    1.093  -24.2111     0.984     0.000
    1.051  -24.2112     0.984     0.000
    1.010  -24.2112     0.984     0.000
    0.968  -24.2112     0.984     0.000
    0.926  -24.2113     0.984     0.000
    0.884  -24.2113     0.984     0.000
    0.842  -24.2113     0.984     0.000
    0.801  -24.2113     0.984     0.000
    0.759  -24.2113     0.984     0.000
    0.717  -24.2113     0.984     0.000
    0.675  -24.2112     0.984     0.000
    0.634  -24.2112     0.984     0.000
    0.592  -24.2112     0.984     0.000
    0.550  -24.2111     0.984     0.000
    0.508  -24.2111     0.984     0.000
    0.467  -24.2110     0.984     0.000
    0.425  -24.2110     0.984     0.000
    0.425  -24.2110     0.984     0.000
    0.402  -24.2110     0.984     0.000
    0.380  -24.2110     0.984     0.000
    0.358  -24.2111     0.984     0.000
    0.335  -24.2111     0.984     0.000
    0.313  -24.2111     0.984     0.000
    0.291  -24.2112     0.984     0.000
    0.268  -24.2112     0.984     0.000
    0.246  -24.2112     0.984     0.000
    0.224  -24.2113     0.984     0.000
    0.201  -24.2113     0.984     0.000
    0.179  -24.2113     0.984     0.000
    0.156  -24.2113     0.984     0.000
    0.134  -24.2114     0.984     0.000
    0.112  -24.2114     0.984     0.000
    0.089  -24.2114     0.984     0.000
    0.067  -24.2114     0.984     0.000
    0.045  -24.2114     0.984     0.000
    0.022  -24.2114     0.984     0.000
    0.000  -24.2114     0.984     0.000
 
# Band-Index:    7
    0.000  -24.2105     0.984     0.000
    0.022  -24.2105     0.984     0.000
    0.045  -24.2105     0.984     0.000
    0.067  -24.2105     0.984     0.000
    0.089  -24.2105     0.984     0.000
    0.112  -24.2105     0.984     0.000
    0.134  -24.2106     0.984     0.000
    0.156  -24.2106     0.984     0.000
    0.179  -24.2106     0.984     0.000
    0.201  -24.2106     0.984     0.000
    0.224  -24.2107     0.984     0.000
    0.246  -24.2107     0.984     0.000
    0.268  -24.2107     0.984     0.000
    0.291  -24.2108     0.984     0.000
    0.313  -24.2108     0.984     0.000
    0.335  -24.2108     0.984     0.000
    0.358  -24.2109     0.984     0.000
    0.380  -24.2109     0.984     0.000
    0.402  -24.2109     0.984     0.000
    0.425  -24.2109     0.984     0.000
    0.425  -24.2109     0.984     0.000
    0.467  -24.2109     0.984     0.000
    0.508  -24.2108     0.984     0.000
    0.550  -24.2108     0.984     0.000
    0.592  -24.2107     0.984     0.000
    0.634  -24.2107     0.984     0.000
    0.675  -24.2106     0.984     0.000
    0.717  -24.2106     0.984     0.000
    0.759  -24.2106     0.984     0.000
    0.801  -24.2106     0.984     0.000
    0.842  -24.2106     0.984     0.000
    0.884  -24.2106     0.984     0.000
    0.926  -24.2106     0.984     0.000
    0.968  -24.2106     0.984     0.000
    1.010  -24.2107     0.984     0.000
    1.051  -24.2107     0.984     0.000
    1.093  -24.2108     0.984     0.000
    1.135  -24.2108     0.984     0.000
    1.177  -24.2109     0.984     0.000
    1.218  -24.2109     0.985     0.000
    1.218  -24.2109     0.985     0.000
    1.260  -24.2109     0.984     0.000
    1.302  -24.2108     0.984     0.000
    1.344  -24.2108     0.984     0.000
    1.386  -24.2107     0.984     0.000
    1.427  -24.2107     0.984     0.000
    1.469  -24.2106     0.984     0.000
    1.511  -24.2106     0.984     0.000
    1.553  -24.2106     0.984     0.000
    1.594  -24.2106     0.984     0.000
    1.636  -24.2106     0.984     0.000
    1.678  -24.2106     0.984     0.000
    1.720  -24.2106     0.984     0.000
    1.761  -24.2106     0.984     0.000
    1.803  -24.2107     0.984     0.000
    1.845  -24.2107     0.984     0.000
    1.887  -24.2108     0.984     0.000
    1.929  -24.2108     0.984     0.000
    1.970  -24.2109     0.984     0.000
    2.012  -24.2109     0.984     0.000
    2.012  -24.2109     0.984     0.000
    2.047  -24.2109     0.984     0.000
    2.083  -24.2109     0.984     0.000
    2.118  -24.2108     0.984     0.000
    2.153  -24.2108     0.984     0.000
    2.189  -24.2107     0.984     0.000
    2.224  -24.2107     0.984     0.000
    2.259  -24.2107     0.984     0.000
    2.294  -24.2106     0.984     0.000
    2.330  -24.2106     0.984     0.000
    2.365  -24.2106     0.984     0.000
    2.400  -24.2106     0.984     0.000
    2.436  -24.2106     0.984     0.000
    2.471  -24.2105     0.984     0.000
    2.506  -24.2105     0.984     0.000
    2.541  -24.2105     0.984     0.000
    2.577  -24.2105     0.984     0.000
    2.612  -24.2105     0.984     0.000
    2.647  -24.2105     0.984     0.000
    2.683  -24.2104     0.984     0.000
 
# Band-Index:    8
    2.683  -24.2104     0.984     0.000
    2.647  -24.2104     0.984     0.000
    2.612  -24.2104     0.984     0.000
    2.577  -24.2104     0.984     0.000
    2.541  -24.2104     0.984     0.000
    2.506  -24.2104     0.984     0.000
    2.471  -24.2104     0.984     0.000
    2.436  -24.2104     0.984     0.000
    2.400  -24.2104     0.984     0.000
    2.365  -24.2105     0.984     0.000
    2.330  -24.2105     0.984     0.000
    2.294  -24.2105     0.984     0.000
    2.259  -24.2106     0.984     0.000
    2.224  -24.2106     0.984     0.000
    2.189  -24.2107     0.984     0.000
    2.153  -24.2107     0.984     0.000
    2.118  -24.2108     0.984     0.000
    2.083  -24.2108     0.984     0.000
    2.047  -24.2109     0.984     0.000
    2.012  -24.2109     0.984     0.000
    2.012  -24.2109     0.984     0.000
    1.970  -24.2109     0.984     0.000
    1.929  -24.2108     0.984     0.000
    1.887  -24.2108     0.984     0.000
    1.845  -24.2107     0.984     0.000
    1.803  -24.2106     0.984     0.000
    1.761  -24.2106     0.984     0.000
    1.720  -24.2105     0.984     0.000
    1.678  -24.2105     0.984     0.000
    1.636  -24.2105     0.984     0.000
    1.594  -24.2105     0.984     0.000
    1.553  -24.2105     0.984     0.000
    1.511  -24.2105     0.984     0.000
    1.469  -24.2106     0.984     0.000
    1.427  -24.2106     0.984     0.000
    1.386  -24.2107     0.984     0.000
    1.344  -24.2107     0.984     0.000
    1.302  -24.2108     0.984     0.000
    1.260  -24.2109     0.984     0.000
    1.218  -24.2109     0.985     0.000
    1.218  -24.2109     0.985     0.000
    1.177  -24.2109     0.984     0.000
    1.135  -24.2108     0.984     0.000
    1.093  -24.2107     0.984     0.000
    1.051  -24.2107     0.984     0.000
    1.010  -24.2106     0.984     0.000
    0.968  -24.2106     0.984     0.000
    0.926  -24.2105     0.984     0.000
    0.884  -24.2105     0.984     0.000
    0.842  -24.2105     0.984     0.000
    0.801  -24.2105     0.984     0.000
    0.759  -24.2105     0.984     0.000
    0.717  -24.2105     0.984     0.000
    0.675  -24.2106     0.984     0.000
    0.634  -24.2106     0.984     0.000
    0.592  -24.2107     0.984     0.000
    0.550  -24.2108     0.984     0.000
    0.508  -24.2108     0.984     0.000
    0.467  -24.2109     0.984     0.000
    0.425  -24.2109     0.984     0.000
    0.425  -24.2109     0.984     0.000
    0.402  -24.2109     0.984     0.000
    0.380  -24.2109     0.984     0.000
    0.358  -24.2108     0.984     0.000
    0.335  -24.2108     0.984     0.000
    0.313  -24.2108     0.984     0.000
    0.291  -24.2107     0.984     0.000
    0.268  -24.2107     0.984     0.000
    0.246  -24.2107     0.984     0.000
    0.224  -24.2106     0.984     0.000
    0.201  -24.2106     0.984     0.000
    0.179  -24.2106     0.984     0.000
    0.156  -24.2106     0.984     0.000
    0.134  -24.2105     0.984     0.000
    0.112  -24.2105     0.984     0.000
    0.089  -24.2105     0.984     0.000
    0.067  -24.2105     0.984     0.000
    0.045  -24.2105     0.984     0.000
    0.022  -24.2105     0.984     0.000
    0.000  -24.2105     0.984     0.000
 
# Band-Index:    9
    0.000  -21.2848     0.988     0.000
    0.022  -21.2850     0.988     0.000
    0.045  -21.2852     0.988     0.000
    0.067  -21.2854     0.988     0.000
    0.089  -21.2856     0.988     0.000
    0.112  -21.2859     0.988     0.000
    0.134  -21.2861     0.988     0.000
    0.156  -21.2863     0.988     0.000
    0.179  -21.2865     0.988     0.000
    0.201  -21.2867     0.988     0.000
    0.224  -21.2868     0.988     0.000
    0.246  -21.2870     0.988     0.000
    0.268  -21.2872     0.988     0.000
    0.291  -21.2873     0.988     0.000
    0.313  -21.2874     0.988     0.000
    0.335  -21.2875     0.988     0.000
    0.358  -21.2876     0.988     0.000
    0.380  -21.2876     0.988     0.000
    0.402  -21.2876     0.988     0.000
    0.425  -21.2876     0.988     0.000
    0.425  -21.2876     0.988     0.000
    0.467  -21.2877     0.988     0.000
    0.508  -21.2876     0.988     0.000
    0.550  -21.2875     0.988     0.000
    0.592  -21.2874     0.988     0.000
    0.634  -21.2872     0.988     0.000
    0.675  -21.2869     0.988     0.000
    0.717  -21.2866     0.988     0.000
    0.759  -21.2864     0.988     0.000
    0.801  -21.2861     0.988     0.000
    0.842  -21.2858     0.988     0.000
    0.884  -21.2855     0.988     0.000
    0.926  -21.2852     0.988     0.000
    0.968  -21.2851     0.988     0.000
    1.010  -21.2850     0.988     0.000
    1.051  -21.2849     0.988     0.000
    1.093  -21.2848     0.988     0.000
    1.135  -21.2845     0.988     0.000
    1.177  -21.2842     0.988     0.000
    1.218  -21.2839     0.989     0.000
    1.218  -21.2839     0.988     0.000
    1.260  -21.2842     0.988     0.000
    1.302  -21.2845     0.988     0.000
    1.344  -21.2848     0.988     0.000
    1.386  -21.2849     0.988     0.000
    1.427  -21.2850     0.988     0.000
    1.469  -21.2851     0.988     0.000
    1.511  -21.2852     0.988     0.000
    1.553  -21.2855     0.988     0.000
    1.594  -21.2858     0.988     0.000
    1.636  -21.2861     0.988     0.000
    1.678  -21.2864     0.988     0.000
    1.720  -21.2866     0.988     0.000
    1.761  -21.2869     0.988     0.000
    1.803  -21.2872     0.988     0.000
    1.845  -21.2874     0.988     0.000
    1.887  -21.2875     0.988     0.000
    1.929  -21.2876     0.988     0.000
    1.970  -21.2877     0.988     0.000
    2.012  -21.2876     0.988     0.000
    2.012  -21.2876     0.988     0.000
    2.047  -21.2877     0.988     0.000
    2.083  -21.2877     0.988     0.000
    2.118  -21.2876     0.988     0.000
    2.153  -21.2876     0.988     0.000
    2.189  -21.2875     0.988     0.000
    2.224  -21.2874     0.988     0.000
    2.259  -21.2872     0.988     0.000
    2.294  -21.2871     0.988     0.000
    2.330  -21.2869     0.988     0.000
    2.365  -21.2868     0.988     0.000
    2.400  -21.2866     0.988     0.000
    2.436  -21.2865     0.988     0.000
    2.471  -21.2863     0.988     0.000
    2.506  -21.2862     0.988     0.000
    2.541  -21.2860     0.988     0.000
    2.577  -21.2859     0.988     0.000
    2.612  -21.2858     0.988     0.000
    2.647  -21.2856     0.988     0.000
    2.683  -21.2855     0.988     0.000
 
# Band-Index:   10
    2.683  -21.2855     0.988     0.000
    2.647  -21.2854     0.988     0.000
    2.612  -21.2853     0.988     0.000
    2.577  -21.2852     0.988     0.000
    2.541  -21.2851     0.988     0.000
    2.506  -21.2850     0.988     0.000
    2.471  -21.2849     0.988     0.000
    2.436  -21.2848     0.988     0.000
    2.400  -21.2847     0.988     0.000
    2.365  -21.2849     0.988     0.000
    2.330  -21.2853     0.988     0.000
    2.294  -21.2858     0.988     0.000
    2.259  -21.2861     0.988     0.000
    2.224  -21.2865     0.988     0.000
    2.189  -21.2868     0.988     0.000
    2.153  -21.2870     0.988     0.000
    2.118  -21.2873     0.988     0.000
    2.083  -21.2874     0.988     0.000
    2.047  -21.2875     0.988     0.000
    2.012  -21.2876     0.988     0.000
    2.012  -21.2876     0.988     0.000
    1.970  -21.2875     0.988     0.000
    1.929  -21.2874     0.988     0.000
    1.887  -21.2872     0.988     0.000
    1.845  -21.2869     0.988     0.000
    1.803  -21.2866     0.988     0.000
    1.761  -21.2862     0.988     0.000
    1.720  -21.2859     0.988     0.000
    1.678  -21.2855     0.988     0.000
    1.636  -21.2852     0.988     0.000
    1.594  -21.2849     0.988     0.000
    1.553  -21.2850     0.988     0.000
    1.511  -21.2851     0.988     0.000
    1.469  -21.2849     0.988     0.000
    1.427  -21.2847     0.988     0.000
    1.386  -21.2845     0.988     0.000
    1.344  -21.2843     0.988     0.000
    1.302  -21.2841     0.988     0.000
    1.260  -21.2840     0.988     0.000
    1.218  -21.2839     0.988     0.000
    1.218  -21.2839     0.989     0.000
    1.177  -21.2840     0.988     0.000
    1.135  -21.2841     0.988     0.000
    1.093  -21.2843     0.988     0.000
    1.051  -21.2845     0.988     0.000
    1.010  -21.2847     0.988     0.000
    0.968  -21.2849     0.988     0.000
    0.926  -21.2851     0.988     0.000
    0.884  -21.2850     0.988     0.000
    0.842  -21.2849     0.988     0.000
    0.801  -21.2852     0.988     0.000
    0.759  -21.2855     0.988     0.000
    0.717  -21.2859     0.988     0.000
    0.675  -21.2862     0.988     0.000
    0.634  -21.2866     0.988     0.000
    0.592  -21.2869     0.988     0.000
    0.550  -21.2872     0.988     0.000
    0.508  -21.2874     0.988     0.000
    0.467  -21.2875     0.988     0.000
    0.425  -21.2876     0.988     0.000
    0.425  -21.2876     0.988     0.000
    0.402  -21.2876     0.988     0.000
    0.380  -21.2875     0.988     0.000
    0.358  -21.2875     0.988     0.000
    0.335  -21.2874     0.988     0.000
    0.313  -21.2872     0.988     0.000
    0.291  -21.2871     0.988     0.000
    0.268  -21.2869     0.988     0.000
    0.246  -21.2867     0.988     0.000
    0.224  -21.2865     0.988     0.000
    0.201  -21.2863     0.988     0.000
    0.179  -21.2861     0.988     0.000
    0.156  -21.2858     0.988     0.000
    0.134  -21.2856     0.988     0.000
    0.112  -21.2853     0.988     0.000
    0.089  -21.2850     0.988     0.000
    0.067  -21.2848     0.988     0.000
    0.045  -21.2845     0.988     0.000
    0.022  -21.2846     0.988     0.000
    0.000  -21.2848     0.988     0.000
 
# Band-Index:   11
    0.000  -21.2840     0.988     0.000
    0.022  -21.2843     0.988     0.000
    0.045  -21.2844     0.988     0.000
    0.067  -21.2842     0.988     0.000
    0.089  -21.2840     0.988     0.000
    0.112  -21.2838     0.988     0.000
    0.134  -21.2836     0.988     0.000
    0.156  -21.2835     0.988     0.000
    0.179  -21.2833     0.988     0.000
    0.201  -21.2832     0.988     0.000
    0.224  -21.2830     0.988     0.000
    0.246  -21.2829     0.988     0.000
    0.268  -21.2828     0.988     0.000
    0.291  -21.2827     0.988     0.000
    0.313  -21.2826     0.988     0.000
    0.335  -21.2825     0.988     0.000
    0.358  -21.2824     0.988     0.000
    0.380  -21.2824     0.988     0.000
    0.402  -21.2823     0.988     0.000
    0.425  -21.2822     0.988     0.000
    0.425  -21.2822     0.988     0.000
    0.467  -21.2826     0.988     0.000
    0.508  -21.2830     0.988     0.000
    0.550  -21.2834     0.988     0.000
    0.592  -21.2837     0.988     0.000
    0.634  -21.2839     0.988     0.000
    0.675  -21.2842     0.988     0.000
    0.717  -21.2844     0.988     0.000
    0.759  -21.2846     0.988     0.000
    0.801  -21.2848     0.988     0.000
    0.842  -21.2848     0.988     0.000
    0.884  -21.2845     0.988     0.000
    0.926  -21.2843     0.988     0.000
    0.968  -21.2841     0.988     0.000
    1.010  -21.2839     0.988     0.000
    1.051  -21.2838     0.988     0.000
    1.093  -21.2838     0.988     0.000
    1.135  -21.2838     0.988     0.000
    1.177  -21.2838     0.988     0.000
    1.218  -21.2839     0.988     0.000
    1.218  -21.2839     0.988     0.000
    1.260  -21.2838     0.988     0.000
    1.302  -21.2838     0.988     0.000
    1.344  -21.2838     0.988     0.000
    1.386  -21.2838     0.988     0.000
    1.427  -21.2839     0.988     0.000
    1.469  -21.2841     0.988     0.000
    1.511  -21.2843     0.988     0.000
    1.553  -21.2845     0.988     0.000
    1.594  -21.2848     0.988     0.000
    1.636  -21.2848     0.988     0.000
    1.678  -21.2846     0.988     0.000
    1.720  -21.2844     0.988     0.000
    1.761  -21.2842     0.988     0.000
    1.803  -21.2839     0.988     0.000
    1.845  -21.2837     0.988     0.000
    1.887  -21.2834     0.988     0.000
    1.929  -21.2830     0.988     0.000
    1.970  -21.2826     0.988     0.000
    2.012  -21.2822     0.988     0.000
    2.012  -21.2822     0.988     0.000
    2.047  -21.2826     0.988     0.000
    2.083  -21.2830     0.988     0.000
    2.118  -21.2833     0.988     0.000
    2.153  -21.2836     0.988     0.000
    2.189  -21.2838     0.988     0.000
    2.224  -21.2841     0.988     0.000
    2.259  -21.2842     0.988     0.000
    2.294  -21.2844     0.988     0.000
    2.330  -21.2845     0.988     0.000
    2.365  -21.2846     0.988     0.000
    2.400  -21.2844     0.988     0.000
    2.436  -21.2839     0.988     0.000
    2.471  -21.2834     0.988     0.000
    2.506  -21.2828     0.988     0.000
    2.541  -21.2823     0.988     0.000
    2.577  -21.2817     0.988     0.000
    2.612  -21.2812     0.988     0.000
    2.647  -21.2807     0.988     0.000
    2.683  -21.2802     0.990     0.000
 
# Band-Index:   12
    2.683  -21.2802     0.990     0.000
    2.647  -21.2797     0.990     0.000
    2.612  -21.2793     0.990     0.000
    2.577  -21.2789     0.990     0.000
    2.541  -21.2785     0.990     0.000
    2.506  -21.2783     0.990     0.000
    2.471  -21.2781     0.990     0.000
    2.436  -21.2781     0.990     0.000
    2.400  -21.2781     0.990     0.000
    2.365  -21.2783     0.990     0.000
    2.330  -21.2785     0.990     0.000
    2.294  -21.2788     0.990     0.000
    2.259  -21.2791     0.988     0.000
    2.224  -21.2795     0.988     0.000
    2.189  -21.2800     0.988     0.000
    2.153  -21.2805     0.988     0.000
    2.118  -21.2809     0.988     0.000
    2.083  -21.2814     0.988     0.000
    2.047  -21.2818     0.988     0.000
    2.012  -21.2822     0.988     0.000
    2.012  -21.2822     0.988     0.000
    1.970  -21.2818     0.988     0.000
    1.929  -21.2814     0.988     0.000
    1.887  -21.2810     0.988     0.000
    1.845  -21.2806     0.988     0.000
    1.803  -21.2802     0.988     0.000
    1.761  -21.2800     0.988     0.000
    1.720  -21.2798     0.988     0.000
    1.678  -21.2797     0.988     0.000
    1.636  -21.2797     0.988     0.000
    1.594  -21.2799     0.988     0.000
    1.553  -21.2802     0.988     0.000
    1.511  -21.2805     0.988     0.000
    1.469  -21.2810     0.988     0.000
    1.427  -21.2815     0.988     0.000
    1.386  -21.2820     0.988     0.000
    1.344  -21.2825     0.988     0.000
    1.302  -21.2830     0.988     0.000
    1.260  -21.2835     0.988     0.000
    1.218  -21.2839     0.988     0.000
    1.218  -21.2839     0.988     0.000
    1.177  -21.2835     0.988     0.000
    1.135  -21.2830     0.988     0.000
    1.093  -21.2825     0.988     0.000
    1.051  -21.2820     0.988     0.000
    1.010  -21.2815     0.988     0.000
    0.968  -21.2810     0.988     0.000
    0.926  -21.2805     0.988     0.000
    0.884  -21.2802     0.988     0.000
    0.842  -21.2799     0.988     0.000
    0.801  -21.2797     0.988     0.000
    0.759  -21.2797     0.988     0.000
    0.717  -21.2798     0.988     0.000
    0.675  -21.2800     0.988     0.000
    0.634  -21.2802     0.988     0.000
    0.592  -21.2806     0.988     0.000
    0.550  -21.2810     0.988     0.000
    0.508  -21.2814     0.988     0.000
    0.467  -21.2818     0.988     0.000
    0.425  -21.2822     0.988     0.000
    0.425  -21.2822     0.988     0.000
    0.402  -21.2822     0.988     0.000
    0.380  -21.2822     0.988     0.000
    0.358  -21.2821     0.988     0.000
    0.335  -21.2821     0.988     0.000
    0.313  -21.2821     0.988     0.000
    0.291  -21.2822     0.988     0.000
    0.268  -21.2822     0.988     0.000
    0.246  -21.2822     0.988     0.000
    0.224  -21.2823     0.988     0.000
    0.201  -21.2824     0.988     0.000
    0.179  -21.2825     0.988     0.000
    0.156  -21.2826     0.988     0.000
    0.134  -21.2828     0.988     0.000
    0.112  -21.2829     0.988     0.000
    0.089  -21.2831     0.988     0.000
    0.067  -21.2833     0.988     0.000
    0.045  -21.2835     0.988     0.000
    0.022  -21.2838     0.988     0.000
    0.000  -21.2840     0.988     0.000
 
# Band-Index:   13
    0.000  -21.2622     0.988     0.000
    0.022  -21.2623     0.988     0.000
    0.045  -21.2625     0.988     0.000
    0.067  -21.2626     0.988     0.000
    0.089  -21.2627     0.988     0.000
    0.112  -21.2628     0.988     0.000
    0.134  -21.2629     0.988     0.000
    0.156  -21.2630     0.988     0.000
    0.179  -21.2630     0.988     0.000
    0.201  -21.2631     0.988     0.000
    0.224  -21.2631     0.988     0.000
    0.246  -21.2631     0.988     0.000
    0.268  -21.2631     0.988     0.000
    0.291  -21.2631     0.988     0.000
    0.313  -21.2631     0.988     0.000
    0.335  -21.2631     0.988     0.000
    0.358  -21.2631     0.988     0.000
    0.380  -21.2631     0.988     0.000
    0.402  -21.2631     0.988     0.000
    0.425  -21.2630     0.988     0.000
    0.425  -21.2630     0.988     0.000
    0.467  -21.2633     0.988     0.000
    0.508  -21.2636     0.988     0.000
    0.550  -21.2639     0.988     0.000
    0.592  -21.2642     0.988     0.000
    0.634  -21.2645     0.988     0.000
    0.675  -21.2647     0.988     0.000
    0.717  -21.2648     0.988     0.000
    0.759  -21.2649     0.988     0.000
    0.801  -21.2649     0.988     0.000
    0.842  -21.2648     0.988     0.000
    0.884  -21.2646     0.988     0.000
    0.926  -21.2643     0.988     0.000
    0.968  -21.2640     0.988     0.000
    1.010  -21.2637     0.988     0.000
    1.051  -21.2633     0.988     0.000
    1.093  -21.2630     0.988     0.000
    1.135  -21.2627     0.988     0.000
    1.177  -21.2624     0.988     0.000
    1.218  -21.2621     0.988     0.000
    1.218  -21.2621     0.988     0.000
    1.260  -21.2624     0.988     0.000
    1.302  -21.2627     0.988     0.000
    1.344  -21.2630     0.988     0.000
    1.386  -21.2633     0.988     0.000
    1.427  -21.2637     0.988     0.000
    1.469  -21.2640     0.988     0.000
    1.511  -21.2643     0.988     0.000
    1.553  -21.2646     0.988     0.000
    1.594  -21.2648     0.988     0.000
    1.636  -21.2649     0.988     0.000
    1.678  -21.2649     0.988     0.000
    1.720  -21.2648     0.988     0.000
    1.761  -21.2647     0.988     0.000
    1.803  -21.2645     0.988     0.000
    1.845  -21.2642     0.988     0.000
    1.887  -21.2639     0.988     0.000
    1.929  -21.2636     0.988     0.000
    1.970  -21.2633     0.988     0.000
    2.012  -21.2630     0.988     0.000
    2.012  -21.2630     0.988     0.000
    2.047  -21.2633     0.988     0.000
    2.083  -21.2636     0.988     0.000
    2.118  -21.2640     0.988     0.000
    2.153  -21.2643     0.988     0.000
    2.189  -21.2646     0.988     0.000
    2.224  -21.2650     0.988     0.000
    2.259  -21.2653     0.988     0.000
    2.294  -21.2656     0.988     0.000
    2.330  -21.2658     0.988     0.000
    2.365  -21.2660     0.988     0.000
    2.400  -21.2662     0.988     0.000
    2.436  -21.2662     0.988     0.000
    2.471  -21.2662     0.988     0.000
    2.506  -21.2661     0.988     0.000
    2.541  -21.2660     0.988     0.000
    2.577  -21.2658     0.988     0.000
    2.612  -21.2655     0.988     0.000
    2.647  -21.2652     0.988     0.000
    2.683  -21.2649     0.988     0.000
 
# Band-Index:   14
    2.683  -21.2649     0.988     0.000
    2.647  -21.2646     0.988     0.000
    2.612  -21.2642     0.988     0.000
    2.577  -21.2638     0.988     0.000
    2.541  -21.2635     0.988     0.000
    2.506  -21.2631     0.988     0.000
    2.471  -21.2628     0.988     0.000
    2.436  -21.2624     0.988     0.000
    2.400  -21.2621     0.988     0.000
    2.365  -21.2618     0.988     0.000
    2.330  -21.2615     0.988     0.000
    2.294  -21.2616     0.988     0.000
    2.259  -21.2617     0.988     0.000
    2.224  -21.2618     0.988     0.000
    2.189  -21.2619     0.988     0.000
    2.153  -21.2621     0.988     0.000
    2.118  -21.2623     0.988     0.000
    2.083  -21.2625     0.988     0.000
    2.047  -21.2627     0.988     0.000
    2.012  -21.2630     0.988     0.000
    2.012  -21.2630     0.988     0.000
    1.970  -21.2627     0.988     0.000
    1.929  -21.2625     0.988     0.000
    1.887  -21.2623     0.988     0.000
    1.845  -21.2621     0.988     0.000
    1.803  -21.2619     0.988     0.000
    1.761  -21.2618     0.988     0.000
    1.720  -21.2617     0.988     0.000
    1.678  -21.2616     0.988     0.000
    1.636  -21.2615     0.988     0.000
    1.594  -21.2617     0.988     0.000
    1.553  -21.2619     0.988     0.000
    1.511  -21.2620     0.988     0.000
    1.469  -21.2621     0.988     0.000
    1.427  -21.2622     0.988     0.000
    1.386  -21.2622     0.988     0.000
    1.344  -21.2622     0.988     0.000
    1.302  -21.2622     0.988     0.000
    1.260  -21.2622     0.988     0.000
    1.218  -21.2621     0.988     0.000
    1.218  -21.2621     0.988     0.000
    1.177  -21.2622     0.988     0.000
    1.135  -21.2622     0.988     0.000
    1.093  -21.2622     0.988     0.000
    1.051  -21.2622     0.988     0.000
    1.010  -21.2622     0.988     0.000
    0.968  -21.2621     0.988     0.000
    0.926  -21.2620     0.988     0.000
    0.884  -21.2619     0.988     0.000
    0.842  -21.2617     0.988     0.000
    0.801  -21.2615     0.988     0.000
    0.759  -21.2616     0.988     0.000
    0.717  -21.2617     0.988     0.000
    0.675  -21.2618     0.988     0.000
    0.634  -21.2619     0.988     0.000
    0.592  -21.2621     0.988     0.000
    0.550  -21.2623     0.988     0.000
    0.508  -21.2625     0.988     0.000
    0.467  -21.2627     0.988     0.000
    0.425  -21.2630     0.988     0.000
    0.425  -21.2630     0.988     0.000
    0.402  -21.2630     0.988     0.000
    0.380  -21.2630     0.988     0.000
    0.358  -21.2629     0.988     0.000
    0.335  -21.2629     0.988     0.000
    0.313  -21.2628     0.988     0.000
    0.291  -21.2628     0.988     0.000
    0.268  -21.2627     0.988     0.000
    0.246  -21.2627     0.988     0.000
    0.224  -21.2626     0.988     0.000
    0.201  -21.2625     0.988     0.000
    0.179  -21.2625     0.988     0.000
    0.156  -21.2624     0.988     0.000
    0.134  -21.2623     0.988     0.000
    0.112  -21.2622     0.988     0.000
    0.089  -21.2621     0.988     0.000
    0.067  -21.2620     0.988     0.000
    0.045  -21.2619     0.988     0.000
    0.022  -21.2620     0.988     0.000
    0.000  -21.2622     0.988     0.000
 
# Band-Index:   15
    0.000  -21.2616     0.988     0.000
    0.022  -21.2618     0.988     0.000
    0.045  -21.2619     0.988     0.000
    0.067  -21.2617     0.988     0.000
    0.089  -21.2615     0.988     0.000
    0.112  -21.2614     0.988     0.000
    0.134  -21.2612     0.988     0.000
    0.156  -21.2610     0.988     0.000
    0.179  -21.2609     0.988     0.000
    0.201  -21.2607     0.988     0.000
    0.224  -21.2606     0.988     0.000
    0.246  -21.2604     0.988     0.000
    0.268  -21.2603     0.988     0.000
    0.291  -21.2602     0.988     0.000
    0.313  -21.2601     0.988     0.000
    0.335  -21.2600     0.988     0.000
    0.358  -21.2599     0.988     0.000
    0.380  -21.2599     0.988     0.000
    0.402  -21.2598     0.988     0.000
    0.425  -21.2598     0.988     0.000
    0.425  -21.2598     0.988     0.000
    0.467  -21.2599     0.988     0.000
    0.508  -21.2600     0.988     0.000
    0.550  -21.2602     0.988     0.000
    0.592  -21.2604     0.988     0.000
    0.634  -21.2606     0.988     0.000
    0.675  -21.2608     0.988     0.000
    0.717  -21.2611     0.988     0.000
    0.759  -21.2613     0.988     0.000
    0.801  -21.2615     0.988     0.000
    0.842  -21.2614     0.988     0.000
    0.884  -21.2614     0.988     0.000
    0.926  -21.2614     0.988     0.000
    0.968  -21.2614     0.988     0.000
    1.010  -21.2616     0.988     0.000
    1.051  -21.2617     0.988     0.000
    1.093  -21.2618     0.988     0.000
    1.135  -21.2619     0.988     0.000
    1.177  -21.2620     0.988     0.000
    1.218  -21.2621     0.988     0.000
    1.218  -21.2621     0.989     0.000
    1.260  -21.2620     0.988     0.000
    1.302  -21.2619     0.988     0.000
    1.344  -21.2618     0.988     0.000
    1.386  -21.2617     0.988     0.000
    1.427  -21.2616     0.988     0.000
    1.469  -21.2614     0.988     0.000
    1.511  -21.2614     0.988     0.000
    1.553  -21.2614     0.988     0.000
    1.594  -21.2614     0.988     0.000
    1.636  -21.2615     0.988     0.000
    1.678  -21.2613     0.988     0.000
    1.720  -21.2611     0.988     0.000
    1.761  -21.2608     0.988     0.000
    1.803  -21.2606     0.988     0.000
    1.845  -21.2604     0.988     0.000
    1.887  -21.2602     0.988     0.000
    1.929  -21.2600     0.988     0.000
    1.970  -21.2599     0.988     0.000
    2.012  -21.2598     0.988     0.000
    2.012  -21.2598     0.988     0.000
    2.047  -21.2599     0.988     0.000
    2.083  -21.2600     0.988     0.000
    2.118  -21.2601     0.988     0.000
    2.153  -21.2603     0.988     0.000
    2.189  -21.2605     0.988     0.000
    2.224  -21.2607     0.988     0.000
    2.259  -21.2610     0.988     0.000
    2.294  -21.2612     0.988     0.000
    2.330  -21.2615     0.988     0.000
    2.365  -21.2614     0.988     0.000
    2.400  -21.2613     0.988     0.000
    2.436  -21.2613     0.988     0.000
    2.471  -21.2612     0.988     0.000
    2.506  -21.2612     0.988     0.000
    2.541  -21.2611     0.988     0.000
    2.577  -21.2611     0.988     0.000
    2.612  -21.2610     0.988     0.000
    2.647  -21.2610     0.988     0.000
    2.683  -21.2609     0.988     0.000
 
# Band-Index:   16
    2.683  -21.2609     0.988     0.000
    2.647  -21.2608     0.988     0.000
    2.612  -21.2608     0.988     0.000
    2.577  -21.2607     0.988     0.000
    2.541  -21.2606     0.988     0.000
    2.506  -21.2605     0.988     0.000
    2.471  -21.2604     0.988     0.000
    2.436  -21.2604     0.988     0.000
    2.400  -21.2603     0.988     0.000
    2.365  -21.2602     0.988     0.000
    2.330  -21.2601     0.988     0.000
    2.294  -21.2600     0.988     0.000
    2.259  -21.2600     0.988     0.000
    2.224  -21.2599     0.988     0.000
    2.189  -21.2598     0.988     0.000
    2.153  -21.2598     0.988     0.000
    2.118  -21.2597     0.988     0.000
    2.083  -21.2597     0.988     0.000
    2.047  -21.2598     0.988     0.000
    2.012  -21.2598     0.988     0.000
    2.012  -21.2598     0.988     0.000
    1.970  -21.2598     0.988     0.000
    1.929  -21.2598     0.988     0.000
    1.887  -21.2598     0.988     0.000
    1.845  -21.2599     0.988     0.000
    1.803  -21.2600     0.988     0.000
    1.761  -21.2602     0.988     0.000
    1.720  -21.2603     0.988     0.000
    1.678  -21.2605     0.988     0.000
    1.636  -21.2607     0.988     0.000
    1.594  -21.2609     0.988     0.000
    1.553  -21.2611     0.988     0.000
    1.511  -21.2613     0.988     0.000
    1.469  -21.2614     0.988     0.000
    1.427  -21.2614     0.988     0.000
    1.386  -21.2615     0.988     0.000
    1.344  -21.2616     0.988     0.000
    1.302  -21.2617     0.988     0.000
    1.260  -21.2619     0.988     0.000
    1.218  -21.2621     0.989     0.000
    1.218  -21.2621     0.988     0.000
    1.177  -21.2619     0.988     0.000
    1.135  -21.2617     0.988     0.000
    1.093  -21.2616     0.988     0.000
    1.051  -21.2615     0.988     0.000
    1.010  -21.2614     0.988     0.000
    0.968  -21.2614     0.988     0.000
    0.926  -21.2613     0.988     0.000
    0.884  -21.2611     0.988     0.000
    0.842  -21.2609     0.988     0.000
    0.801  -21.2607     0.988     0.000
    0.759  -21.2605     0.988     0.000
    0.717  -21.2603     0.988     0.000
    0.675  -21.2602     0.988     0.000
    0.634  -21.2600     0.988     0.000
    0.592  -21.2599     0.988     0.000
    0.550  -21.2598     0.988     0.000
    0.508  -21.2598     0.988     0.000
    0.467  -21.2598     0.988     0.000
    0.425  -21.2598     0.988     0.000
    0.425  -21.2598     0.988     0.000
    0.402  -21.2598     0.988     0.000
    0.380  -21.2598     0.988     0.000
    0.358  -21.2598     0.988     0.000
    0.335  -21.2599     0.988     0.000
    0.313  -21.2599     0.988     0.000
    0.291  -21.2600     0.988     0.000
    0.268  -21.2601     0.988     0.000
    0.246  -21.2602     0.988     0.000
    0.224  -21.2603     0.988     0.000
    0.201  -21.2604     0.988     0.000
    0.179  -21.2605     0.988     0.000
    0.156  -21.2607     0.988     0.000
    0.134  -21.2608     0.988     0.000
    0.112  -21.2609     0.988     0.000
    0.089  -21.2611     0.988     0.000
    0.067  -21.2612     0.988     0.000
    0.045  -21.2614     0.988     0.000
    0.022  -21.2615     0.988     0.000
    0.000  -21.2616     0.988     0.000
 
# Band-Index:   17
    0.000  -21.2429     0.990     0.000
    0.022  -21.2431     0.990     0.000
    0.045  -21.2432     0.990     0.000
    0.067  -21.2434     0.990     0.000
    0.089  -21.2435     0.990     0.000
    0.112  -21.2437     0.988     0.000
    0.134  -21.2438     0.988     0.000
    0.156  -21.2439     0.988     0.000
    0.179  -21.2440     0.988     0.000
    0.201  -21.2441     0.988     0.000
    0.224  -21.2441     0.988     0.000
    0.246  -21.2442     0.988     0.000
    0.268  -21.2443     0.988     0.000
    0.291  -21.2443     0.988     0.000
    0.313  -21.2443     0.988     0.000
    0.335  -21.2443     0.988     0.000
    0.358  -21.2443     0.988     0.000
    0.380  -21.2443     0.988     0.000
    0.402  -21.2442     0.988     0.000
    0.425  -21.2442     0.988     0.000
    0.425  -21.2442     0.988     0.000
    0.467  -21.2443     0.988     0.000
    0.508  -21.2443     0.988     0.000
    0.550  -21.2443     0.988     0.000
    0.592  -21.2443     0.988     0.000
    0.634  -21.2442     0.988     0.000
    0.675  -21.2441     0.988     0.000
    0.717  -21.2439     0.988     0.000
    0.759  -21.2437     0.988     0.000
    0.801  -21.2435     0.990     0.000
    0.842  -21.2432     0.990     0.000
    0.884  -21.2430     0.990     0.000
    0.926  -21.2427     0.990     0.000
    0.968  -21.2425     0.990     0.000
    1.010  -21.2422     0.990     0.000
    1.051  -21.2420     0.990     0.000
    1.093  -21.2418     0.990     0.000
    1.135  -21.2416     0.990     0.000
    1.177  -21.2414     0.990     0.000
    1.218  -21.2413     0.989     0.000
    1.218  -21.2413     0.989     0.000
    1.260  -21.2414     0.990     0.000
    1.302  -21.2416     0.990     0.000
    1.344  -21.2418     0.990     0.000
    1.386  -21.2420     0.990     0.000
    1.427  -21.2422     0.990     0.000
    1.469  -21.2425     0.990     0.000
    1.511  -21.2427     0.990     0.000
    1.553  -21.2430     0.990     0.000
    1.594  -21.2432     0.990     0.000
    1.636  -21.2435     0.990     0.000
    1.678  -21.2437     0.988     0.000
    1.720  -21.2439     0.988     0.000
    1.761  -21.2441     0.988     0.000
    1.803  -21.2442     0.988     0.000
    1.845  -21.2443     0.988     0.000
    1.887  -21.2443     0.988     0.000
    1.929  -21.2443     0.988     0.000
    1.970  -21.2443     0.988     0.000
    2.012  -21.2442     0.988     0.000
    2.012  -21.2442     0.988     0.000
    2.047  -21.2443     0.988     0.000
    2.083  -21.2443     0.988     0.000
    2.118  -21.2443     0.988     0.000
    2.153  -21.2443     0.988     0.000
    2.189  -21.2443     0.988     0.000
    2.224  -21.2442     0.988     0.000
    2.259  -21.2441     0.988     0.000
    2.294  -21.2440     0.988     0.000
    2.330  -21.2438     0.988     0.000
    2.365  -21.2437     0.988     0.000
    2.400  -21.2435     0.990     0.000
    2.436  -21.2433     0.990     0.000
    2.471  -21.2431     0.990     0.000
    2.506  -21.2429     0.990     0.000
    2.541  -21.2427     0.990     0.000
    2.577  -21.2425     0.990     0.000
    2.612  -21.2423     0.990     0.000
    2.647  -21.2421     0.990     0.000
    2.683  -21.2420     0.990     0.000
 
# Band-Index:   18
    2.683  -21.2420     0.990     0.000
    2.647  -21.2418     0.990     0.000
    2.612  -21.2416     0.990     0.000
    2.577  -21.2417     0.990     0.000
    2.541  -21.2418     0.990     0.000
    2.506  -21.2420     0.990     0.000
    2.471  -21.2421     0.990     0.000
    2.436  -21.2423     0.990     0.000
    2.400  -21.2425     0.990     0.000
    2.365  -21.2427     0.990     0.000
    2.330  -21.2429     0.990     0.000
    2.294  -21.2431     0.990     0.000
    2.259  -21.2432     0.990     0.000
    2.224  -21.2434     0.990     0.000
    2.189  -21.2436     0.990     0.000
    2.153  -21.2437     0.990     0.000
    2.118  -21.2439     0.988     0.000
    2.083  -21.2440     0.988     0.000
    2.047  -21.2441     0.988     0.000
    2.012  -21.2442     0.988     0.000
    2.012  -21.2442     0.988     0.000
    1.970  -21.2441     0.988     0.000
    1.929  -21.2440     0.988     0.000
    1.887  -21.2438     0.988     0.000
    1.845  -21.2436     0.990     0.000
    1.803  -21.2434     0.990     0.000
    1.761  -21.2431     0.990     0.000
    1.720  -21.2429     0.990     0.000
    1.678  -21.2427     0.990     0.000
    1.636  -21.2424     0.990     0.000
    1.594  -21.2422     0.990     0.000
    1.553  -21.2420     0.990     0.000
    1.511  -21.2418     0.990     0.000
    1.469  -21.2416     0.990     0.000
    1.427  -21.2415     0.990     0.000
    1.386  -21.2415     0.990     0.000
    1.344  -21.2414     0.990     0.000
    1.302  -21.2414     0.990     0.000
    1.260  -21.2414     0.990     0.000
    1.218  -21.2413     0.989     0.000
    1.218  -21.2413     0.989     0.000
    1.177  -21.2414     0.990     0.000
    1.135  -21.2414     0.990     0.000
    1.093  -21.2414     0.990     0.000
    1.051  -21.2415     0.990     0.000
    1.010  -21.2415     0.990     0.000
    0.968  -21.2416     0.990     0.000
    0.926  -21.2418     0.990     0.000
    0.884  -21.2420     0.990     0.000
    0.842  -21.2422     0.990     0.000
    0.801  -21.2424     0.990     0.000
    0.759  -21.2427     0.990     0.000
    0.717  -21.2429     0.990     0.000
    0.675  -21.2431     0.990     0.000
    0.634  -21.2434     0.990     0.000
    0.592  -21.2436     0.990     0.000
    0.550  -21.2438     0.988     0.000
    0.508  -21.2440     0.988     0.000
    0.467  -21.2441     0.988     0.000
    0.425  -21.2442     0.988     0.000
    0.425  -21.2442     0.988     0.000
    0.402  -21.2441     0.988     0.000
    0.380  -21.2441     0.988     0.000
    0.358  -21.2440     0.988     0.000
    0.335  -21.2439     0.988     0.000
    0.313  -21.2438     0.988     0.000
    0.291  -21.2437     0.990     0.000
    0.268  -21.2436     0.990     0.000
    0.246  -21.2434     0.990     0.000
    0.224  -21.2433     0.990     0.000
    0.201  -21.2432     0.990     0.000
    0.179  -21.2430     0.990     0.000
    0.156  -21.2429     0.990     0.000
    0.134  -21.2428     0.990     0.000
    0.112  -21.2426     0.990     0.000
    0.089  -21.2425     0.990     0.000
    0.067  -21.2424     0.990     0.000
    0.045  -21.2426     0.990     0.000
    0.022  -21.2427     0.990     0.000
    0.000  -21.2429     0.990     0.000
 
# Band-Index:   19
    0.000  -21.2418     0.990     0.000
    0.022  -21.2420     0.990     0.000
    0.045  -21.2421     0.990     0.000
    0.067  -21.2423     0.990     0.000
    0.089  -21.2422     0.990     0.000
    0.112  -21.2420     0.990     0.000
    0.134  -21.2418     0.990     0.000
    0.156  -21.2417     0.990     0.000
    0.179  -21.2415     0.990     0.000
    0.201  -21.2413     0.990     0.000
    0.224  -21.2412     0.990     0.000
    0.246  -21.2410     0.990     0.000
    0.268  -21.2409     0.990     0.000
    0.291  -21.2408     0.990     0.000
    0.313  -21.2407     0.990     0.000
    0.335  -21.2406     0.990     0.000
    0.358  -21.2405     0.990     0.000
    0.380  -21.2404     0.990     0.000
    0.402  -21.2404     0.990     0.000
    0.425  -21.2403     0.990     0.000
    0.425  -21.2403     0.990     0.000
    0.467  -21.2404     0.990     0.000
    0.508  -21.2404     0.990     0.000
    0.550  -21.2406     0.990     0.000
    0.592  -21.2407     0.990     0.000
    0.634  -21.2408     0.990     0.000
    0.675  -21.2409     0.990     0.000
    0.717  -21.2410     0.990     0.000
    0.759  -21.2411     0.990     0.000
    0.801  -21.2412     0.990     0.000
    0.842  -21.2413     0.990     0.000
    0.884  -21.2414     0.990     0.000
    0.926  -21.2414     0.990     0.000
    0.968  -21.2415     0.990     0.000
    1.010  -21.2414     0.990     0.000
    1.051  -21.2413     0.990     0.000
    1.093  -21.2413     0.990     0.000
    1.135  -21.2412     0.990     0.000
    1.177  -21.2413     0.990     0.000
    1.218  -21.2413     0.989     0.000
    1.218  -21.2413     0.989     0.000
    1.260  -21.2413     0.990     0.000
    1.302  -21.2412     0.990     0.000
    1.344  -21.2413     0.990     0.000
    1.386  -21.2413     0.990     0.000
    1.427  -21.2414     0.990     0.000
    1.469  -21.2415     0.990     0.000
    1.511  -21.2414     0.990     0.000
    1.553  -21.2414     0.990     0.000
    1.594  -21.2413     0.990     0.000
    1.636  -21.2412     0.990     0.000
    1.678  -21.2411     0.990     0.000
    1.720  -21.2410     0.990     0.000
    1.761  -21.2409     0.990     0.000
    1.803  -21.2408     0.990     0.000
    1.845  -21.2407     0.990     0.000
    1.887  -21.2406     0.990     0.000
    1.929  -21.2404     0.990     0.000
    1.970  -21.2404     0.990     0.000
    2.012  -21.2403     0.990     0.000
    2.012  -21.2403     0.990     0.000
    2.047  -21.2403     0.990     0.000
    2.083  -21.2404     0.990     0.000
    2.118  -21.2404     0.990     0.000
    2.153  -21.2405     0.990     0.000
    2.189  -21.2405     0.990     0.000
    2.224  -21.2406     0.990     0.000
    2.259  -21.2407     0.990     0.000
    2.294  -21.2407     0.990     0.000
    2.330  -21.2408     0.990     0.000
    2.365  -21.2409     0.990     0.000
    2.400  -21.2410     0.990     0.000
    2.436  -21.2411     0.990     0.000
    2.471  -21.2412     0.990     0.000
    2.506  -21.2413     0.990     0.000
    2.541  -21.2414     0.990     0.000
    2.577  -21.2415     0.990     0.000
    2.612  -21.2415     0.990     0.000
    2.647  -21.2414     0.990     0.000
    2.683  -21.2413     0.990     0.000
 
# Band-Index:   20
    2.683  -21.2413     0.990     0.000
    2.647  -21.2412     0.990     0.000
    2.612  -21.2411     0.990     0.000
    2.577  -21.2410     0.990     0.000
    2.541  -21.2409     0.990     0.000
    2.506  -21.2408     0.990     0.000
    2.471  -21.2407     0.990     0.000
    2.436  -21.2406     0.990     0.000
    2.400  -21.2405     0.990     0.000
    2.365  -21.2405     0.990     0.000
    2.330  -21.2404     0.990     0.000
    2.294  -21.2404     0.990     0.000
    2.259  -21.2403     0.990     0.000
    2.224  -21.2403     0.990     0.000
    2.189  -21.2403     0.990     0.000
    2.153  -21.2403     0.990     0.000
    2.118  -21.2403     0.990     0.000
    2.083  -21.2403     0.990     0.000
    2.047  -21.2403     0.990     0.000
    2.012  -21.2403     0.990     0.000
    2.012  -21.2403     0.990     0.000
    1.970  -21.2403     0.990     0.000
    1.929  -21.2403     0.990     0.000
    1.887  -21.2403     0.990     0.000
    1.845  -21.2403     0.990     0.000
    1.803  -21.2404     0.990     0.000
    1.761  -21.2405     0.990     0.000
    1.720  -21.2405     0.990     0.000
    1.678  -21.2406     0.990     0.000
    1.636  -21.2407     0.990     0.000
    1.594  -21.2408     0.990     0.000
    1.553  -21.2408     0.990     0.000
    1.511  -21.2409     0.990     0.000
    1.469  -21.2410     0.990     0.000
    1.427  -21.2411     0.990     0.000
    1.386  -21.2411     0.990     0.000
    1.344  -21.2412     0.990     0.000
    1.302  -21.2412     0.990     0.000
    1.260  -21.2413     0.990     0.000
    1.218  -21.2413     0.989     0.000
    1.218  -21.2413     0.989     0.000
    1.177  -21.2413     0.990     0.000
    1.135  -21.2412     0.990     0.000
    1.093  -21.2412     0.990     0.000
    1.051  -21.2411     0.990     0.000
    1.010  -21.2411     0.990     0.000
    0.968  -21.2410     0.990     0.000
    0.926  -21.2409     0.990     0.000
    0.884  -21.2408     0.990     0.000
    0.842  -21.2408     0.990     0.000
    0.801  -21.2407     0.990     0.000
    0.759  -21.2406     0.990     0.000
    0.717  -21.2405     0.990     0.000
    0.675  -21.2405     0.990     0.000
    0.634  -21.2404     0.990     0.000
    0.592  -21.2403     0.990     0.000
    0.550  -21.2403     0.990     0.000
    0.508  -21.2403     0.990     0.000
    0.467  -21.2403     0.990     0.000
    0.425  -21.2403     0.990     0.000
    0.425  -21.2403     0.990     0.000
    0.402  -21.2403     0.990     0.000
    0.380  -21.2403     0.990     0.000
    0.358  -21.2403     0.990     0.000
    0.335  -21.2403     0.990     0.000
    0.313  -21.2403     0.990     0.000
    0.291  -21.2404     0.990     0.000
    0.268  -21.2404     0.990     0.000
    0.246  -21.2405     0.990     0.000
    0.224  -21.2406     0.990     0.000
    0.201  -21.2407     0.990     0.000
    0.179  -21.2408     0.990     0.000
    0.156  -21.2409     0.990     0.000
    0.134  -21.2410     0.990     0.000
    0.112  -21.2411     0.990     0.000
    0.089  -21.2413     0.990     0.000
    0.067  -21.2414     0.990     0.000
    0.045  -21.2415     0.990     0.000
    0.022  -21.2417     0.990     0.000
    0.000  -21.2418     0.990     0.000
 
# Band-Index:   21
    0.000  -11.1123     0.512     0.146
    0.022  -11.1609     0.506     0.148
    0.045  -11.2075     0.502     0.150
    0.067  -11.2520     0.498     0.152
    0.089  -11.2943     0.494     0.154
    0.112  -11.3343     0.490     0.156
    0.134  -11.3719     0.486     0.156
    0.156  -11.4070     0.484     0.158
    0.179  -11.4394     0.482     0.160
    0.201  -11.4693     0.480     0.160
    0.224  -11.4964     0.478     0.162
    0.246  -11.5208     0.476     0.162
    0.268  -11.5424     0.474     0.162
    0.291  -11.5612     0.472     0.162
    0.313  -11.5771     0.472     0.164
    0.335  -11.5901     0.470     0.164
    0.358  -11.6002     0.470     0.164
    0.380  -11.6073     0.470     0.164
    0.402  -11.6116     0.468     0.164
    0.425  -11.6128     0.468     0.164
    0.425  -11.6128     0.468     0.164
    0.467  -11.6081     0.470     0.164
    0.508  -11.5932     0.470     0.164
    0.550  -11.5683     0.472     0.162
    0.592  -11.5336     0.474     0.162
    0.634  -11.4894     0.478     0.160
    0.675  -11.4359     0.482     0.158
    0.717  -11.3737     0.488     0.156
    0.759  -11.3034     0.494     0.152
    0.801  -11.2259     0.502     0.150
    0.842  -11.1421     0.512     0.144
    0.884  -11.0534     0.524     0.140
    0.926  -10.9617     0.536     0.132
    0.968  -10.8691     0.550     0.126
    1.010  -10.7786     0.566     0.116
    1.051  -10.6940     0.582     0.108
    1.093  -10.6198     0.600     0.098
    1.135  -10.5612     0.614     0.090
    1.177  -10.5232     0.626     0.084
    1.218  -10.5098     0.629     0.081
    1.218  -10.5098     0.629     0.081
    1.260  -10.5232     0.626     0.084
    1.302  -10.5612     0.614     0.090
    1.344  -10.6198     0.600     0.098
    1.386  -10.6940     0.582     0.108
    1.427  -10.7786     0.566     0.116
    1.469  -10.8691     0.550     0.126
    1.511  -10.9617     0.536     0.132
    1.553  -11.0534     0.524     0.140
    1.594  -11.1421     0.512     0.144
    1.636  -11.2259     0.502     0.150
    1.678  -11.3034     0.494     0.152
    1.720  -11.3737     0.488     0.156
    1.761  -11.4359     0.482     0.158
    1.803  -11.4894     0.478     0.160
    1.845  -11.5336     0.474     0.162
    1.887  -11.5683     0.472     0.162
    1.929  -11.5932     0.470     0.164
    1.970  -11.6081     0.470     0.164
    2.012  -11.6128     0.468     0.164
    2.012  -11.6128     0.468     0.164
    2.047  -11.6095     0.470     0.164
    2.083  -11.5990     0.470     0.164
    2.118  -11.5813     0.472     0.164
    2.153  -11.5565     0.474     0.162
    2.189  -11.5249     0.476     0.162
    2.224  -11.4864     0.478     0.160
    2.259  -11.4414     0.482     0.158
    2.294  -11.3900     0.488     0.156
    2.330  -11.3326     0.492     0.154
    2.365  -11.2694     0.498     0.150
    2.400  -11.2010     0.506     0.148
    2.436  -11.1279     0.514     0.144
    2.471  -11.0505     0.524     0.138
    2.506  -10.9697     0.534     0.132
    2.541  -10.8862     0.548     0.126
    2.577  -10.8011     0.562     0.118
    2.612  -10.7156     0.578     0.110
    2.647  -10.6309     0.594     0.100
    2.683  -10.5488     0.614     0.088
 
# Band-Index:   22
    2.683  -10.5488     0.614     0.088
    2.647  -10.6268     0.596     0.098
    2.612  -10.7116     0.580     0.108
    2.577  -10.7971     0.564     0.118
    2.541  -10.8820     0.550     0.124
    2.506  -10.9654     0.538     0.132
    2.471  -11.0462     0.526     0.138
    2.436  -11.1236     0.518     0.142
    2.400  -11.1969     0.508     0.146
    2.365  -11.2655     0.502     0.150
    2.330  -11.3288     0.494     0.152
    2.294  -11.3866     0.488     0.156
    2.259  -11.4383     0.484     0.158
    2.224  -11.4837     0.480     0.160
    2.189  -11.5226     0.476     0.160
    2.153  -11.5547     0.474     0.162
    2.118  -11.5799     0.472     0.164
    2.083  -11.5980     0.470     0.164
    2.047  -11.6090     0.470     0.164
    2.012  -11.6128     0.468     0.164
    2.012  -11.6128     0.468     0.164
    1.970  -11.6075     0.470     0.164
    1.929  -11.5920     0.470     0.164
    1.887  -11.5666     0.472     0.162
    1.845  -11.5313     0.476     0.162
    1.803  -11.4866     0.480     0.160
    1.761  -11.4326     0.484     0.158
    1.720  -11.3701     0.490     0.156
    1.678  -11.2995     0.496     0.152
    1.636  -11.2217     0.506     0.148
    1.594  -11.1378     0.514     0.144
    1.553  -11.0491     0.526     0.138
    1.511  -10.9575     0.538     0.132
    1.469  -10.8652     0.552     0.124
    1.427  -10.7751     0.568     0.116
    1.386  -10.6910     0.586     0.106
    1.344  -10.6175     0.602     0.096
    1.302  -10.5596     0.616     0.088
    1.260  -10.5224     0.626     0.082
    1.218  -10.5098     0.629     0.081
    1.218  -10.5098     0.629     0.081
    1.177  -10.5224     0.626     0.082
    1.135  -10.5596     0.616     0.088
    1.093  -10.6175     0.602     0.096
    1.051  -10.6910     0.586     0.106
    1.010  -10.7751     0.568     0.116
    0.968  -10.8652     0.552     0.124
    0.926  -10.9575     0.538     0.132
    0.884  -11.0491     0.526     0.138
    0.842  -11.1378     0.514     0.144
    0.801  -11.2217     0.506     0.148
    0.759  -11.2995     0.496     0.152
    0.717  -11.3701     0.490     0.156
    0.675  -11.4326     0.484     0.158
    0.634  -11.4866     0.480     0.160
    0.592  -11.5313     0.476     0.162
    0.550  -11.5666     0.472     0.162
    0.508  -11.5920     0.470     0.164
    0.467  -11.6075     0.470     0.164
    0.425  -11.6128     0.468     0.164
    0.425  -11.6128     0.468     0.164
    0.402  -11.6112     0.470     0.164
    0.380  -11.6066     0.470     0.164
    0.358  -11.5991     0.470     0.164
    0.335  -11.5887     0.470     0.164
    0.313  -11.5753     0.472     0.164
    0.291  -11.5591     0.474     0.162
    0.268  -11.5400     0.474     0.162
    0.246  -11.5181     0.476     0.162
    0.224  -11.4934     0.478     0.160
    0.201  -11.4660     0.480     0.160
    0.179  -11.4358     0.484     0.158
    0.156  -11.4031     0.486     0.158
    0.134  -11.3678     0.488     0.156
    0.112  -11.3299     0.492     0.154
    0.089  -11.2897     0.496     0.152
    0.067  -11.2472     0.500     0.152
    0.045  -11.2026     0.504     0.150
    0.022  -11.1558     0.510     0.146
    0.000  -11.1123     0.512     0.146
 
# Band-Index:   23
    0.000  -11.1071     0.514     0.144
    0.022  -11.0619     0.518     0.144
    0.045  -11.0100     0.524     0.140
    0.067  -10.9567     0.530     0.136
    0.089  -10.9023     0.538     0.134
    0.112  -10.8470     0.544     0.130
    0.134  -10.7912     0.554     0.124
    0.156  -10.7353     0.562     0.120
    0.179  -10.6797     0.572     0.114
    0.201  -10.6249     0.582     0.110
    0.224  -10.5715     0.592     0.102
    0.246  -10.5202     0.604     0.096
    0.268  -10.4717     0.616     0.090
    0.291  -10.4269     0.628     0.084
    0.313  -10.3867     0.638     0.076
    0.335  -10.3520     0.648     0.070
    0.358  -10.3237     0.658     0.064
    0.380  -10.3028     0.664     0.060
    0.402  -10.2898     0.670     0.058
    0.425  -10.2853     0.670     0.056
    0.425  -10.2853     0.670     0.056
    0.467  -10.2882     0.670     0.058
    0.508  -10.2956     0.668     0.058
    0.550  -10.3071     0.664     0.060
    0.592  -10.3218     0.660     0.062
    0.634  -10.3391     0.656     0.064
    0.675  -10.3580     0.652     0.068
    0.717  -10.3777     0.648     0.070
    0.759  -10.3975     0.644     0.072
    0.801  -10.4166     0.640     0.074
    0.842  -10.4345     0.636     0.076
    0.884  -10.4508     0.634     0.078
    0.926  -10.4653     0.632     0.078
    0.968  -10.4778     0.632     0.080
    1.010  -10.4882     0.630     0.080
    1.051  -10.4965     0.630     0.080
    1.093  -10.5027     0.630     0.080
    1.135  -10.5070     0.630     0.080
    1.177  -10.5093     0.630     0.080
    1.218  -10.5098     0.630     0.081
    1.218  -10.5098     0.630     0.081
    1.260  -10.5093     0.630     0.080
    1.302  -10.5070     0.630     0.080
    1.344  -10.5027     0.630     0.080
    1.386  -10.4965     0.630     0.080
    1.427  -10.4882     0.630     0.080
    1.469  -10.4778     0.632     0.080
    1.511  -10.4653     0.632     0.078
    1.553  -10.4508     0.634     0.078
    1.594  -10.4345     0.636     0.076
    1.636  -10.4166     0.640     0.074
    1.678  -10.3975     0.644     0.072
    1.720  -10.3777     0.648     0.070
    1.761  -10.3580     0.652     0.068
    1.803  -10.3391     0.656     0.064
    1.845  -10.3218     0.660     0.062
    1.887  -10.3071     0.664     0.060
    1.929  -10.2956     0.668     0.058
    1.970  -10.2882     0.670     0.058
    2.012  -10.2853     0.670     0.056
    2.012  -10.2853     0.670     0.056
    2.047  -10.2839     0.672     0.056
    2.083  -10.2787     0.674     0.054
    2.118  -10.2699     0.678     0.052
    2.153  -10.2581     0.684     0.048
    2.189  -10.2438     0.690     0.044
    2.224  -10.2281     0.698     0.040
    2.259  -10.2120     0.706     0.034
    2.294  -10.1972     0.714     0.028
    2.330  -10.1853     0.722     0.022
    2.365  -10.1783     0.726     0.018
    2.400  -10.1784     0.730     0.016
    2.436  -10.1875     0.728     0.016
    2.471  -10.2073     0.722     0.020
    2.506  -10.2386     0.710     0.028
    2.541  -10.2816     0.696     0.038
    2.577  -10.3356     0.676     0.050
    2.612  -10.3993     0.656     0.062
    2.647  -10.4710     0.634     0.076
    2.683  -10.5443     0.614     0.088
 
# Band-Index:   24
    2.683  -10.5443     0.614     0.088
    2.647  -10.4657     0.634     0.076
    2.612  -10.3928     0.656     0.064
    2.577  -10.3277     0.676     0.050
    2.541  -10.2721     0.696     0.038
    2.506  -10.2277     0.712     0.028
    2.471  -10.1954     0.724     0.020
    2.436  -10.1751     0.730     0.016
    2.400  -10.1659     0.732     0.016
    2.365  -10.1663     0.730     0.018
    2.330  -10.1741     0.724     0.022
    2.294  -10.1871     0.716     0.028
    2.259  -10.2032     0.706     0.034
    2.224  -10.2206     0.698     0.040
    2.189  -10.2377     0.690     0.044
    2.153  -10.2532     0.684     0.048
    2.118  -10.2663     0.678     0.052
    2.083  -10.2763     0.674     0.054
    2.047  -10.2827     0.672     0.056
    2.012  -10.2853     0.670     0.056
    2.012  -10.2853     0.670     0.056
    1.970  -10.2870     0.670     0.058
    1.929  -10.2932     0.668     0.058
    1.887  -10.3036     0.666     0.060
    1.845  -10.3175     0.662     0.062
    1.803  -10.3341     0.656     0.064
    1.761  -10.3525     0.652     0.068
    1.720  -10.3719     0.648     0.070
    1.678  -10.3916     0.644     0.072
    1.636  -10.4107     0.640     0.074
    1.594  -10.4288     0.636     0.076
    1.553  -10.4455     0.634     0.078
    1.511  -10.4604     0.632     0.078
    1.469  -10.4734     0.632     0.080
    1.427  -10.4844     0.630     0.080
    1.386  -10.4933     0.630     0.080
    1.344  -10.5003     0.630     0.080
    1.302  -10.5053     0.630     0.080
    1.260  -10.5085     0.630     0.080
    1.218  -10.5098     0.630     0.081
    1.218  -10.5098     0.630     0.081
    1.177  -10.5085     0.630     0.080
    1.135  -10.5053     0.630     0.080
    1.093  -10.5003     0.630     0.080
    1.051  -10.4933     0.630     0.080
    1.010  -10.4844     0.630     0.080
    0.968  -10.4734     0.632     0.080
    0.926  -10.4604     0.632     0.078
    0.884  -10.4455     0.634     0.078
    0.842  -10.4288     0.636     0.076
    0.801  -10.4107     0.640     0.074
    0.759  -10.3916     0.644     0.072
    0.717  -10.3719     0.648     0.070
    0.675  -10.3525     0.652     0.068
    0.634  -10.3341     0.656     0.064
    0.592  -10.3175     0.662     0.062
    0.550  -10.3036     0.666     0.060
    0.508  -10.2932     0.668     0.058
    0.467  -10.2870     0.670     0.058
    0.425  -10.2853     0.670     0.056
    0.425  -10.2853     0.670     0.056
    0.402  -10.2893     0.670     0.058
    0.380  -10.3018     0.666     0.060
    0.358  -10.3223     0.660     0.064
    0.335  -10.3501     0.650     0.070
    0.313  -10.3844     0.640     0.076
    0.291  -10.4242     0.630     0.082
    0.268  -10.4685     0.618     0.088
    0.246  -10.5166     0.608     0.096
    0.224  -10.5676     0.596     0.102
    0.201  -10.6206     0.586     0.108
    0.179  -10.6751     0.576     0.114
    0.156  -10.7305     0.566     0.118
    0.134  -10.7863     0.556     0.124
    0.112  -10.8419     0.548     0.128
    0.089  -10.8971     0.540     0.132
    0.067  -10.9515     0.532     0.136
    0.045  -11.0048     0.526     0.138
    0.022  -11.0567     0.520     0.142
    0.000  -11.1071     0.514     0.144
 
# Band-Index:   25
    0.000   -7.5607     0.258     0.434
    0.022   -7.6029     0.254     0.438
    0.045   -7.6477     0.248     0.442
    0.067   -7.6949     0.244     0.446
    0.089   -7.7443     0.236     0.450
    0.112   -7.7956     0.230     0.454
    0.134   -7.8484     0.222     0.458
    0.156   -7.9022     0.214     0.462
    0.179   -7.9564     0.204     0.468
    0.201   -8.0104     0.194     0.474
    0.224   -8.0636     0.182     0.480
    0.246   -8.1150     0.172     0.486
    0.268   -8.1638     0.160     0.492
    0.291   -8.2090     0.148     0.500
    0.313   -8.2495     0.136     0.506
    0.335   -8.2843     0.126     0.512
    0.358   -8.3124     0.116     0.518
    0.380   -8.3328     0.110     0.522
    0.402   -8.3448     0.104     0.526
    0.425   -8.3479     0.102     0.526
    0.425   -8.3479     0.102     0.526
    0.467   -8.3507     0.104     0.526
    0.508   -8.3499     0.106     0.524
    0.550   -8.3460     0.110     0.520
    0.592   -8.3400     0.116     0.518
    0.634   -8.3331     0.120     0.516
    0.675   -8.3266     0.126     0.512
    0.717   -8.3216     0.130     0.510
    0.759   -8.3191     0.134     0.506
    0.801   -8.3195     0.136     0.504
    0.842   -8.3230     0.138     0.500
    0.884   -8.3293     0.140     0.498
    0.926   -8.3378     0.140     0.496
    0.968   -8.3477     0.140     0.494
    1.010   -8.3579     0.138     0.492
    1.051   -8.3674     0.138     0.490
    1.093   -8.3751     0.136     0.490
    1.135   -8.3802     0.134     0.490
    1.177   -8.3820     0.134     0.490
    1.218   -8.3801     0.133     0.491
    1.218   -8.3801     0.132     0.491
    1.260   -8.3820     0.134     0.490
    1.302   -8.3802     0.134     0.490
    1.344   -8.3751     0.136     0.490
    1.386   -8.3674     0.138     0.490
    1.427   -8.3579     0.138     0.492
    1.469   -8.3477     0.140     0.494
    1.511   -8.3378     0.140     0.496
    1.553   -8.3293     0.140     0.498
    1.594   -8.3230     0.138     0.500
    1.636   -8.3195     0.136     0.504
    1.678   -8.3191     0.134     0.506
    1.720   -8.3216     0.130     0.510
    1.761   -8.3266     0.126     0.512
    1.803   -8.3331     0.120     0.516
    1.845   -8.3400     0.116     0.518
    1.887   -8.3460     0.110     0.520
    1.929   -8.3499     0.106     0.524
    1.970   -8.3507     0.104     0.526
    2.012   -8.3479     0.102     0.526
    2.012   -8.3479     0.102     0.526
    2.047   -8.3550     0.102     0.526
    2.083   -8.3673     0.100     0.526
    2.118   -8.3845     0.098     0.528
    2.153   -8.4061     0.092     0.532
    2.189   -8.4315     0.086     0.536
    2.224   -8.4599     0.078     0.540
    2.259   -8.4898     0.070     0.546
    2.294   -8.5198     0.062     0.552
    2.330   -8.5477     0.054     0.556
    2.365   -8.5711     0.048     0.560
    2.400   -8.5874     0.044     0.562
    2.436   -8.5940     0.044     0.560
    2.471   -8.5890     0.052     0.556
    2.506   -8.5707     0.062     0.548
    2.541   -8.5389     0.078     0.536
    2.577   -8.4940     0.098     0.524
    2.612   -8.4372     0.118     0.510
    2.647   -8.3703     0.138     0.498
    2.683   -8.2952     0.158     0.486
 
# Band-Index:   26
    2.683   -8.2952     0.158     0.486
    2.647   -8.3132     0.126     0.514
    2.612   -8.3772     0.106     0.526
    2.577   -8.4309     0.086     0.540
    2.541   -8.4729     0.068     0.552
    2.506   -8.5024     0.054     0.562
    2.471   -8.5191     0.042     0.570
    2.436   -8.5236     0.036     0.574
    2.400   -8.5176     0.036     0.576
    2.365   -8.5033     0.040     0.574
    2.330   -8.4830     0.046     0.570
    2.294   -8.4594     0.054     0.564
    2.259   -8.4347     0.064     0.558
    2.224   -8.4109     0.072     0.552
    2.189   -8.3895     0.080     0.546
    2.153   -8.3717     0.088     0.540
    2.118   -8.3582     0.094     0.534
    2.083   -8.3496     0.098     0.532
    2.047   -8.3461     0.100     0.528
    2.012   -8.3479     0.102     0.526
    2.012   -8.3479     0.102     0.526
    1.970   -8.3413     0.102     0.528
    1.929   -8.3314     0.104     0.528
    1.887   -8.3190     0.106     0.528
    1.845   -8.3053     0.108     0.528
    1.803   -8.2919     0.112     0.526
    1.761   -8.2802     0.116     0.524
    1.720   -8.2714     0.120     0.522
    1.678   -8.2666     0.122     0.520
    1.636   -8.2664     0.126     0.518
    1.594   -8.2709     0.128     0.514
    1.553   -8.2796     0.128     0.512
    1.511   -8.2919     0.130     0.508
    1.469   -8.3065     0.130     0.504
    1.427   -8.3224     0.130     0.502
    1.386   -8.3383     0.130     0.498
    1.344   -8.3529     0.130     0.496
    1.302   -8.3652     0.132     0.494
    1.260   -8.3745     0.132     0.492
    1.218   -8.3801     0.132     0.491
    1.218   -8.3801     0.133     0.491
    1.177   -8.3745     0.132     0.492
    1.135   -8.3652     0.132     0.494
    1.093   -8.3529     0.130     0.496
    1.051   -8.3383     0.130     0.498
    1.010   -8.3224     0.130     0.502
    0.968   -8.3065     0.130     0.504
    0.926   -8.2919     0.130     0.508
    0.884   -8.2796     0.128     0.512
    0.842   -8.2709     0.128     0.514
    0.801   -8.2664     0.126     0.518
    0.759   -8.2666     0.122     0.520
    0.717   -8.2714     0.120     0.522
    0.675   -8.2802     0.116     0.524
    0.634   -8.2919     0.112     0.526
    0.592   -8.3053     0.108     0.528
    0.550   -8.3190     0.106     0.528
    0.508   -8.3314     0.104     0.528
    0.467   -8.3413     0.102     0.528
    0.425   -8.3479     0.102     0.526
    0.425   -8.3479     0.102     0.526
    0.402   -8.3419     0.104     0.526
    0.380   -8.3270     0.106     0.524
    0.358   -8.3037     0.114     0.522
    0.335   -8.2727     0.122     0.516
    0.313   -8.2350     0.130     0.512
    0.291   -8.1917     0.142     0.506
    0.268   -8.1438     0.152     0.500
    0.246   -8.0923     0.164     0.494
    0.224   -8.0383     0.174     0.490
    0.201   -7.9827     0.184     0.484
    0.179   -7.9263     0.194     0.478
    0.156   -7.8698     0.202     0.474
    0.134   -7.8141     0.212     0.470
    0.112   -7.7595     0.218     0.466
    0.089   -7.7067     0.226     0.462
    0.067   -7.6561     0.232     0.458
    0.045   -7.6079     0.238     0.454
    0.022   -7.5625     0.242     0.452
    0.000   -7.5607     0.258     0.434
 
# Band-Index:   27
    0.000   -7.5201     0.248     0.448
    0.022   -7.5212     0.262     0.432
    0.045   -7.4846     0.266     0.428
    0.067   -7.4507     0.268     0.426
    0.089   -7.4197     0.270     0.424
    0.112   -7.3913     0.272     0.420
    0.134   -7.3657     0.274     0.418
    0.156   -7.3425     0.274     0.416
    0.179   -7.3218     0.276     0.414
    0.201   -7.3033     0.276     0.412
    0.224   -7.2870     0.276     0.410
    0.246   -7.2726     0.278     0.410
    0.268   -7.2601     0.278     0.408
    0.291   -7.2494     0.278     0.408
    0.313   -7.2402     0.278     0.406
    0.335   -7.2326     0.278     0.406
    0.358   -7.2264     0.276     0.406
    0.380   -7.2216     0.276     0.406
    0.402   -7.2181     0.276     0.406
    0.425   -7.2158     0.276     0.406
    0.425   -7.2158     0.276     0.406
    0.467   -7.2227     0.276     0.406
    0.508   -7.2366     0.278     0.406
    0.550   -7.2580     0.278     0.406
    0.592   -7.2875     0.276     0.408
    0.634   -7.3257     0.276     0.410
    0.675   -7.3734     0.274     0.414
    0.717   -7.4313     0.270     0.416
    0.759   -7.4997     0.266     0.420
    0.801   -7.5786     0.260     0.424
    0.842   -7.6672     0.252     0.430
    0.884   -7.7641     0.242     0.434
    0.926   -7.8670     0.230     0.440
    0.968   -7.9725     0.216     0.448
    1.010   -8.0766     0.200     0.456
    1.051   -8.1741     0.182     0.464
    1.093   -8.2592     0.164     0.474
    1.135   -8.3257     0.148     0.482
    1.177   -8.3675     0.138     0.488
    1.218   -8.3801     0.132     0.491
    1.218   -8.3801     0.133     0.491
    1.260   -8.3675     0.138     0.488
    1.302   -8.3257     0.148     0.482
    1.344   -8.2592     0.164     0.474
    1.386   -8.1741     0.182     0.464
    1.427   -8.0766     0.200     0.456
    1.469   -7.9725     0.216     0.448
    1.511   -7.8670     0.230     0.440
    1.553   -7.7641     0.242     0.434
    1.594   -7.6672     0.252     0.430
    1.636   -7.5786     0.260     0.424
    1.678   -7.4997     0.266     0.420
    1.720   -7.4313     0.270     0.416
    1.761   -7.3734     0.274     0.414
    1.803   -7.3257     0.276     0.410
    1.845   -7.2875     0.276     0.408
    1.887   -7.2580     0.278     0.406
    1.929   -7.2366     0.278     0.406
    1.970   -7.2227     0.276     0.406
    2.012   -7.2158     0.276     0.406
    2.012   -7.2158     0.276     0.406
    2.047   -7.2217     0.276     0.406
    2.083   -7.2332     0.276     0.406
    2.118   -7.2506     0.278     0.406
    2.153   -7.2740     0.276     0.406
    2.189   -7.3037     0.276     0.408
    2.224   -7.3399     0.276     0.410
    2.259   -7.3829     0.274     0.412
    2.294   -7.4329     0.272     0.416
    2.330   -7.4898     0.268     0.420
    2.365   -7.5534     0.264     0.422
    2.400   -7.6235     0.258     0.426
    2.436   -7.6994     0.250     0.432
    2.471   -7.7802     0.242     0.436
    2.506   -7.8649     0.232     0.442
    2.541   -7.9522     0.222     0.448
    2.577   -8.0405     0.208     0.456
    2.612   -8.1284     0.194     0.464
    2.647   -8.2139     0.176     0.474
    2.683   -8.2408     0.146     0.500
 
# Band-Index:   28
    2.683   -8.2408     0.146     0.500
    2.647   -8.1619     0.164     0.490
    2.612   -8.0783     0.180     0.480
    2.577   -7.9919     0.196     0.470
    2.541   -7.9046     0.208     0.464
    2.506   -7.8181     0.220     0.456
    2.471   -7.7340     0.230     0.450
    2.436   -7.6539     0.240     0.446
    2.400   -7.5789     0.246     0.440
    2.365   -7.5102     0.252     0.436
    2.330   -7.4484     0.258     0.432
    2.294   -7.3940     0.262     0.428
    2.259   -7.3473     0.264     0.424
    2.224   -7.3081     0.268     0.420
    2.189   -7.2762     0.270     0.416
    2.153   -7.2514     0.272     0.414
    2.118   -7.2333     0.274     0.410
    2.083   -7.2215     0.274     0.408
    2.047   -7.2158     0.276     0.406
    2.012   -7.2158     0.276     0.406
    2.012   -7.2158     0.276     0.406
    1.970   -7.2160     0.276     0.408
    1.929   -7.2235     0.274     0.410
    1.887   -7.2386     0.272     0.412
    1.845   -7.2623     0.270     0.416
    1.803   -7.2954     0.268     0.420
    1.761   -7.3389     0.266     0.424
    1.720   -7.3935     0.262     0.428
    1.678   -7.4600     0.256     0.434
    1.636   -7.5383     0.250     0.438
    1.594   -7.6276     0.242     0.442
    1.553   -7.7265     0.232     0.448
    1.511   -7.8324     0.220     0.452
    1.469   -7.9419     0.206     0.458
    1.427   -8.0505     0.190     0.464
    1.386   -8.1529     0.174     0.472
    1.344   -8.2432     0.158     0.480
    1.302   -8.3150     0.144     0.486
    1.260   -8.3621     0.134     0.490
    1.218   -8.3801     0.133     0.491
    1.218   -8.3801     0.132     0.491
    1.177   -8.3621     0.134     0.490
    1.135   -8.3150     0.144     0.486
    1.093   -8.2432     0.158     0.480
    1.051   -8.1529     0.174     0.472
    1.010   -8.0505     0.190     0.464
    0.968   -7.9419     0.206     0.458
    0.926   -7.8324     0.220     0.452
    0.884   -7.7265     0.232     0.448
    0.842   -7.6276     0.242     0.442
    0.801   -7.5383     0.250     0.438
    0.759   -7.4600     0.256     0.434
    0.717   -7.3935     0.262     0.428
    0.675   -7.3389     0.266     0.424
    0.634   -7.2954     0.268     0.420
    0.592   -7.2623     0.270     0.416
    0.550   -7.2386     0.272     0.412
    0.508   -7.2235     0.274     0.410
    0.467   -7.2160     0.276     0.408
    0.425   -7.2158     0.276     0.406
    0.425   -7.2158     0.276     0.406
    0.402   -7.2149     0.276     0.406
    0.380   -7.2153     0.276     0.408
    0.358   -7.2171     0.274     0.408
    0.335   -7.2202     0.274     0.410
    0.313   -7.2249     0.274     0.410
    0.291   -7.2311     0.272     0.412
    0.268   -7.2390     0.272     0.414
    0.246   -7.2488     0.272     0.416
    0.224   -7.2605     0.270     0.418
    0.201   -7.2744     0.268     0.422
    0.179   -7.2905     0.268     0.424
    0.156   -7.3091     0.266     0.426
    0.134   -7.3304     0.264     0.430
    0.112   -7.3544     0.262     0.432
    0.089   -7.3814     0.260     0.436
    0.067   -7.4114     0.258     0.438
    0.045   -7.4445     0.254     0.442
    0.022   -7.4807     0.252     0.444
    0.000   -7.5201     0.248     0.448
 
# Band-Index:   29
    0.000   -2.8370     0.300     0.122
    0.022   -2.8942     0.296     0.122
    0.045   -2.9461     0.294     0.124
    0.067   -2.9926     0.290     0.124
    0.089   -3.0335     0.288     0.126
    0.112   -3.0690     0.284     0.128
    0.134   -3.0991     0.282     0.130
    0.156   -3.1238     0.280     0.132
    0.179   -3.1434     0.278     0.134
    0.201   -3.1582     0.276     0.136
    0.224   -3.1683     0.274     0.140
    0.246   -3.1740     0.272     0.142
    0.268   -3.1757     0.270     0.146
    0.291   -3.1736     0.270     0.148
    0.313   -3.1682     0.268     0.152
    0.335   -3.1597     0.266     0.154
    0.358   -3.1483     0.264     0.156
    0.380   -3.1345     0.262     0.160
    0.402   -3.1185     0.260     0.162
    0.425   -3.1005     0.258     0.166
    0.425   -3.1005     0.258     0.166
    0.467   -3.1555     0.262     0.160
    0.508   -3.2108     0.266     0.154
    0.550   -3.2625     0.268     0.148
    0.592   -3.3071     0.270     0.144
    0.634   -3.3417     0.272     0.140
    0.675   -3.3644     0.272     0.136
    0.717   -3.3737     0.274     0.132
    0.759   -3.3697     0.276     0.130
    0.801   -3.3534     0.276     0.130
    0.842   -3.3268     0.278     0.130
    0.884   -3.2930     0.278     0.132
    0.926   -3.2552     0.276     0.136
    0.968   -3.2160     0.274     0.140
    1.010   -3.1774     0.270     0.144
    1.051   -3.1454     0.260     0.142
    1.093   -3.1224     0.258     0.148
    1.135   -3.0884     0.256     0.154
    1.177   -3.0476     0.252     0.160
    1.218   -3.0044     0.246     0.166
    1.218   -3.0044     0.246     0.166
    1.260   -3.0476     0.252     0.160
    1.302   -3.0884     0.256     0.154
    1.344   -3.1224     0.258     0.148
    1.386   -3.1454     0.260     0.142
    1.427   -3.1774     0.270     0.144
    1.469   -3.2160     0.274     0.140
    1.511   -3.2552     0.276     0.136
    1.553   -3.2930     0.278     0.132
    1.594   -3.3268     0.278     0.130
    1.636   -3.3534     0.276     0.130
    1.678   -3.3697     0.276     0.130
    1.720   -3.3737     0.274     0.132
    1.761   -3.3644     0.272     0.136
    1.803   -3.3417     0.272     0.140
    1.845   -3.3071     0.270     0.144
    1.887   -3.2625     0.268     0.148
    1.929   -3.2108     0.266     0.154
    1.970   -3.1555     0.262     0.160
    2.012   -3.1005     0.258     0.166
    2.012   -3.1005     0.258     0.166
    2.047   -3.1534     0.262     0.160
    2.083   -3.2112     0.264     0.156
    2.118   -3.2727     0.266     0.150
    2.153   -3.3359     0.268     0.146
    2.189   -3.3989     0.266     0.142
    2.224   -3.4589     0.266     0.138
    2.259   -3.5132     0.266     0.134
    2.294   -3.5593     0.264     0.130
    2.330   -3.5950     0.264     0.128
    2.365   -3.6186     0.262     0.126
    2.400   -3.6291     0.262     0.126
    2.436   -3.6256     0.262     0.124
    2.471   -3.6081     0.262     0.124
    2.506   -3.5768     0.264     0.126
    2.541   -3.5323     0.266     0.126
    2.577   -3.4757     0.268     0.126
    2.612   -3.4086     0.272     0.126
    2.647   -3.3333     0.276     0.126
    2.683   -3.2534     0.282     0.126
 
# Band-Index:   30
    2.683   -3.2534     0.282     0.126
    2.647   -3.1744     0.288     0.124
    2.612   -3.1037     0.292     0.120
    2.577   -3.0475     0.296     0.118
    2.541   -3.0663     0.178     0.192
    2.506   -3.1134     0.178     0.192
    2.471   -3.1464     0.178     0.190
    2.436   -3.1649     0.178     0.190
    2.400   -3.1691     0.178     0.192
    2.365   -3.1594     0.178     0.192
    2.330   -3.1370     0.180     0.194
    2.294   -3.1043     0.180     0.196
    2.259   -3.0646     0.184     0.198
    2.224   -3.0243     0.188     0.200
    2.189   -2.9924     0.196     0.200
    2.153   -2.9791     0.212     0.194
    2.118   -2.9882     0.228     0.186
    2.083   -3.0150     0.240     0.178
    2.047   -3.0537     0.250     0.172
    2.012   -3.1005     0.258     0.166
    2.012   -3.1005     0.258     0.166
    1.970   -3.0498     0.250     0.172
    1.929   -3.0072     0.240     0.180
    1.887   -2.9753     0.228     0.186
    1.845   -2.9541     0.214     0.192
    1.803   -2.9406     0.204     0.196
    1.761   -2.9291     0.196     0.200
    1.720   -2.9143     0.190     0.200
    1.678   -2.8930     0.188     0.202
    1.636   -2.8781     0.284     0.124
    1.594   -2.9805     0.278     0.124
    1.553   -3.0586     0.272     0.126
    1.511   -3.1126     0.268     0.130
    1.469   -3.1436     0.266     0.134
    1.427   -3.1536     0.262     0.138
    1.386   -3.1400     0.266     0.148
    1.344   -3.1042     0.262     0.152
    1.302   -3.0697     0.256     0.158
    1.260   -3.0365     0.252     0.162
    1.218   -3.0044     0.246     0.166
    1.218   -3.0044     0.246     0.166
    1.177   -3.0365     0.252     0.162
    1.135   -3.0697     0.256     0.158
    1.093   -3.1042     0.262     0.152
    1.051   -3.1400     0.266     0.148
    1.010   -3.1536     0.262     0.138
    0.968   -3.1436     0.266     0.134
    0.926   -3.1126     0.268     0.130
    0.884   -3.0586     0.272     0.126
    0.842   -2.9805     0.278     0.124
    0.801   -2.8781     0.284     0.124
    0.759   -2.8930     0.188     0.202
    0.717   -2.9143     0.190     0.200
    0.675   -2.9291     0.196     0.200
    0.634   -2.9406     0.204     0.196
    0.592   -2.9541     0.214     0.192
    0.550   -2.9753     0.228     0.186
    0.508   -3.0072     0.240     0.180
    0.467   -3.0498     0.250     0.172
    0.425   -3.1005     0.258     0.166
    0.425   -3.1005     0.258     0.166
    0.402   -3.0808     0.254     0.168
    0.380   -3.0595     0.252     0.172
    0.358   -3.0368     0.248     0.174
    0.335   -3.0128     0.244     0.176
    0.313   -2.9875     0.240     0.178
    0.291   -2.9608     0.236     0.180
    0.268   -2.9327     0.232     0.184
    0.246   -2.9030     0.228     0.186
    0.224   -2.8713     0.224     0.188
    0.201   -2.8376     0.220     0.188
    0.179   -2.8013     0.216     0.190
    0.156   -2.7623     0.214     0.192
    0.134   -2.7201     0.212     0.194
    0.112   -2.6746     0.210     0.196
    0.089   -2.6257     0.208     0.196
    0.067   -2.6368     0.314     0.122
    0.045   -2.7080     0.308     0.122
    0.022   -2.7749     0.304     0.122
    0.000   -2.8370     0.300     0.122
 
# Band-Index:   31
    0.000   -2.3945     0.210     0.204
    0.022   -2.4573     0.208     0.202
    0.045   -2.5169     0.208     0.200
    0.067   -2.5731     0.208     0.198
    0.089   -2.5618     0.318     0.122
    0.112   -2.4837     0.324     0.122
    0.134   -2.4032     0.328     0.124
    0.156   -2.3210     0.334     0.124
    0.179   -2.2949     0.250     0.196
    0.201   -2.3246     0.248     0.198
    0.224   -2.3501     0.244     0.200
    0.246   -2.3715     0.242     0.200
    0.268   -2.3885     0.238     0.202
    0.291   -2.4014     0.236     0.204
    0.313   -2.4100     0.232     0.206
    0.335   -2.4145     0.230     0.208
    0.358   -2.4150     0.228     0.210
    0.380   -2.4117     0.226     0.212
    0.402   -2.4048     0.224     0.214
    0.425   -2.3945     0.222     0.216
    0.425   -2.3945     0.222     0.216
    0.467   -2.4522     0.230     0.206
    0.508   -2.5063     0.238     0.196
    0.550   -2.5524     0.248     0.186
    0.592   -2.5882     0.256     0.178
    0.634   -2.6144     0.260     0.172
    0.675   -2.6332     0.262     0.168
    0.717   -2.6471     0.260     0.168
    0.759   -2.7525     0.292     0.124
    0.801   -2.8662     0.184     0.204
    0.842   -2.8406     0.186     0.204
    0.884   -2.8273     0.190     0.202
    0.926   -2.8301     0.200     0.198
    0.968   -2.8443     0.208     0.192
    1.010   -2.8648     0.216     0.188
    1.051   -2.8889     0.222     0.184
    1.093   -2.9154     0.228     0.178
    1.135   -2.9437     0.234     0.174
    1.177   -2.9734     0.240     0.170
    1.218   -3.0044     0.246     0.166
    1.218   -3.0044     0.246     0.166
    1.260   -2.9734     0.240     0.170
    1.302   -2.9437     0.234     0.174
    1.344   -2.9154     0.228     0.178
    1.386   -2.8889     0.222     0.184
    1.427   -2.8648     0.216     0.188
    1.469   -2.8443     0.208     0.192
    1.511   -2.8301     0.200     0.198
    1.553   -2.8273     0.190     0.202
    1.594   -2.8406     0.186     0.204
    1.636   -2.8662     0.184     0.204
    1.678   -2.7525     0.292     0.124
    1.720   -2.6471     0.260     0.168
    1.761   -2.6332     0.262     0.168
    1.803   -2.6144     0.260     0.172
    1.845   -2.5882     0.256     0.178
    1.887   -2.5524     0.248     0.186
    1.929   -2.5063     0.238     0.196
    1.970   -2.4522     0.230     0.206
    2.012   -2.3945     0.222     0.216
    2.012   -2.3945     0.222     0.216
    2.047   -2.4530     0.230     0.206
    2.083   -2.5125     0.238     0.196
    2.118   -2.5656     0.250     0.186
    2.153   -2.6022     0.264     0.174
    2.189   -2.6138     0.274     0.168
    2.224   -2.6006     0.282     0.164
    2.259   -2.5699     0.284     0.164
    2.294   -2.5421     0.310     0.122
    2.330   -2.6491     0.304     0.122
    2.365   -2.7412     0.298     0.120
    2.400   -2.8178     0.296     0.120
    2.436   -2.8797     0.294     0.118
    2.471   -2.9287     0.292     0.118
    2.506   -2.9684     0.294     0.118
    2.541   -3.0051     0.296     0.118
    2.577   -3.0058     0.180     0.194
    2.612   -2.9334     0.182     0.196
    2.647   -2.8515     0.184     0.198
    2.683   -2.7665     0.192     0.198
 
# Band-Index:   32
    2.683   -2.7665     0.192     0.198
    2.647   -2.6951     0.212     0.188
    2.612   -2.6464     0.230     0.176
    2.577   -2.5898     0.236     0.174
    2.541   -2.5120     0.236     0.180
    2.506   -2.4419     0.202     0.204
    2.471   -2.4035     0.182     0.210
    2.436   -2.3733     0.288     0.166
    2.400   -2.3998     0.288     0.168
    2.365   -2.4389     0.286     0.168
    2.330   -2.4838     0.284     0.166
    2.294   -2.5291     0.284     0.166
    2.259   -2.4218     0.316     0.124
    2.224   -2.2906     0.324     0.128
    2.189   -2.1779     0.196     0.236
    2.153   -2.2143     0.200     0.236
    2.118   -2.2520     0.204     0.232
    2.083   -2.2935     0.210     0.228
    2.047   -2.3408     0.216     0.222
    2.012   -2.3945     0.222     0.216
    2.012   -2.3945     0.222     0.216
    1.970   -2.3386     0.216     0.222
    1.929   -2.2906     0.210     0.228
    1.887   -2.2556     0.204     0.230
    1.845   -2.2365     0.198     0.230
    1.803   -2.2709     0.326     0.128
    1.761   -2.4437     0.314     0.126
    1.720   -2.6063     0.302     0.124
    1.678   -2.6565     0.258     0.166
    1.636   -2.6591     0.258     0.166
    1.594   -2.6476     0.258     0.164
    1.553   -2.6571     0.188     0.196
    1.511   -2.7310     0.190     0.192
    1.469   -2.7873     0.194     0.192
    1.427   -2.8298     0.200     0.190
    1.386   -2.8633     0.208     0.186
    1.344   -2.8937     0.218     0.182
    1.302   -2.9260     0.228     0.178
    1.260   -2.9629     0.238     0.172
    1.218   -3.0044     0.246     0.166
    1.218   -3.0044     0.246     0.166
    1.177   -2.9629     0.238     0.172
    1.135   -2.9260     0.228     0.178
    1.093   -2.8937     0.218     0.182
    1.051   -2.8633     0.208     0.186
    1.010   -2.8298     0.200     0.190
    0.968   -2.7873     0.194     0.192
    0.926   -2.7310     0.190     0.192
    0.884   -2.6571     0.188     0.196
    0.842   -2.6476     0.258     0.164
    0.801   -2.6591     0.258     0.166
    0.759   -2.6565     0.258     0.166
    0.717   -2.6063     0.302     0.124
    0.675   -2.4437     0.314     0.126
    0.634   -2.2709     0.326     0.128
    0.592   -2.2365     0.198     0.230
    0.550   -2.2556     0.204     0.230
    0.508   -2.2906     0.210     0.228
    0.467   -2.3386     0.216     0.222
    0.425   -2.3945     0.222     0.216
    0.425   -2.3945     0.222     0.216
    0.402   -2.3809     0.220     0.216
    0.380   -2.3642     0.220     0.218
    0.358   -2.3446     0.220     0.218
    0.335   -2.3221     0.218     0.220
    0.313   -2.2968     0.218     0.220
    0.291   -2.2688     0.218     0.222
    0.268   -2.2382     0.218     0.222
    0.246   -2.2050     0.218     0.222
    0.224   -2.1692     0.216     0.224
    0.201   -2.1557     0.344     0.128
    0.179   -2.2382     0.340     0.126
    0.156   -2.2613     0.254     0.194
    0.134   -2.2238     0.256     0.194
    0.112   -2.1825     0.258     0.192
    0.089   -2.1377     0.260     0.192
    0.067   -2.1929     0.220     0.210
    0.045   -2.2617     0.216     0.208
    0.022   -2.3291     0.212     0.206
    0.000   -2.3945     0.210     0.204
 
# Band-Index:   33
    0.000   -1.9238     0.266     0.190
    0.022   -1.9825     0.264     0.190
    0.045   -2.0377     0.264     0.190
    0.067   -2.0894     0.262     0.192
    0.089   -2.1239     0.226     0.210
    0.112   -2.0555     0.232     0.212
    0.134   -2.0003     0.216     0.226
    0.156   -2.0463     0.216     0.226
    0.179   -2.0898     0.216     0.224
    0.201   -2.1308     0.216     0.224
    0.224   -2.0748     0.348     0.128
    0.246   -1.9966     0.352     0.130
    0.268   -1.9223     0.356     0.134
    0.291   -1.8534     0.358     0.136
    0.313   -1.7908     0.358     0.140
    0.335   -1.7355     0.356     0.144
    0.358   -1.6884     0.354     0.148
    0.380   -1.6498     0.350     0.154
    0.402   -1.6200     0.346     0.160
    0.425   -1.5989     0.340     0.164
    0.425   -1.5989     0.340     0.164
    0.467   -1.6721     0.350     0.152
    0.508   -1.7850     0.354     0.142
    0.550   -1.9301     0.348     0.136
    0.592   -2.0961     0.338     0.130
    0.634   -2.2331     0.194     0.228
    0.675   -2.2412     0.192     0.224
    0.717   -2.2548     0.192     0.220
    0.759   -2.3160     0.190     0.206
    0.801   -2.4491     0.188     0.202
    0.842   -2.5633     0.186     0.198
    0.884   -2.6116     0.256     0.166
    0.926   -2.5485     0.252     0.172
    0.968   -2.4656     0.252     0.176
    1.010   -2.3720     0.254     0.182
    1.051   -2.2765     0.254     0.188
    1.093   -2.1872     0.252     0.194
    1.135   -2.1111     0.248     0.202
    1.177   -2.0521     0.240     0.210
    1.218   -2.0112     0.232     0.218
    1.218   -2.0112     0.232     0.218
    1.260   -2.0521     0.240     0.210
    1.302   -2.1111     0.248     0.202
    1.344   -2.1872     0.252     0.194
    1.386   -2.2765     0.254     0.188
    1.427   -2.3720     0.254     0.182
    1.469   -2.4656     0.252     0.176
    1.511   -2.5485     0.252     0.172
    1.553   -2.6116     0.256     0.166
    1.594   -2.5633     0.186     0.198
    1.636   -2.4491     0.188     0.202
    1.678   -2.3160     0.190     0.206
    1.720   -2.2548     0.192     0.220
    1.761   -2.2412     0.192     0.224
    1.803   -2.2331     0.194     0.228
    1.845   -2.0961     0.338     0.130
    1.887   -1.9301     0.348     0.136
    1.929   -1.7850     0.354     0.142
    1.970   -1.6721     0.350     0.152
    2.012   -1.5989     0.340     0.164
    2.012   -1.5989     0.340     0.164
    2.047   -1.6649     0.350     0.152
    2.083   -1.7609     0.352     0.144
    2.118   -1.8799     0.350     0.138
    2.153   -2.0134     0.342     0.132
    2.189   -2.1527     0.334     0.130
    2.224   -2.1407     0.194     0.238
    2.259   -2.1008     0.194     0.238
    2.294   -2.0608     0.196     0.220
    2.330   -2.1560     0.190     0.218
    2.365   -2.2392     0.184     0.216
    2.400   -2.3082     0.182     0.214
    2.436   -2.3624     0.180     0.212
    2.471   -2.3663     0.286     0.166
    2.506   -2.3817     0.282     0.164
    2.541   -2.4159     0.276     0.162
    2.577   -2.4608     0.270     0.162
    2.612   -2.5078     0.262     0.162
    2.647   -2.5557     0.212     0.186
    2.683   -2.5712     0.240     0.168
 
# Band-Index:   34
    2.683   -2.5712     0.240     0.168
    2.647   -2.5484     0.254     0.162
    2.612   -2.4946     0.186     0.206
    2.577   -2.4396     0.174     0.212
    2.541   -2.4119     0.180     0.204
    2.506   -2.3580     0.222     0.178
    2.471   -2.2460     0.250     0.170
    2.436   -2.1116     0.262     0.168
    2.400   -1.9683     0.270     0.168
    2.365   -1.9575     0.198     0.236
    2.330   -2.0091     0.196     0.236
    2.294   -2.0570     0.194     0.236
    2.259   -1.9575     0.206     0.222
    2.224   -1.8518     0.218     0.224
    2.189   -1.7515     0.236     0.222
    2.153   -1.6656     0.256     0.216
    2.118   -1.6025     0.280     0.206
    2.083   -1.5683     0.302     0.192
    2.047   -1.5666     0.324     0.178
    2.012   -1.5989     0.340     0.164
    2.012   -1.5989     0.340     0.164
    1.970   -1.5680     0.322     0.180
    1.929   -1.5797     0.298     0.194
    1.887   -1.6343     0.272     0.208
    1.845   -1.7307     0.244     0.218
    1.803   -1.8616     0.222     0.220
    1.761   -2.0126     0.206     0.218
    1.720   -2.1680     0.196     0.212
    1.678   -2.2668     0.192     0.216
    1.636   -2.2707     0.192     0.214
    1.594   -2.2615     0.192     0.214
    1.553   -2.2363     0.190     0.216
    1.511   -2.1957     0.190     0.220
    1.469   -2.1439     0.192     0.226
    1.427   -2.0885     0.194     0.230
    1.386   -2.0386     0.200     0.232
    1.344   -2.0405     0.260     0.198
    1.302   -2.0537     0.250     0.204
    1.260   -2.0435     0.240     0.212
    1.218   -2.0112     0.232     0.218
    1.218   -2.0112     0.232     0.218
    1.177   -2.0435     0.240     0.212
    1.135   -2.0537     0.250     0.204
    1.093   -2.0405     0.260     0.198
    1.051   -2.0386     0.200     0.232
    1.010   -2.0885     0.194     0.230
    0.968   -2.1439     0.192     0.226
    0.926   -2.1957     0.190     0.220
    0.884   -2.2363     0.190     0.216
    0.842   -2.2615     0.192     0.214
    0.801   -2.2707     0.192     0.214
    0.759   -2.2668     0.192     0.216
    0.717   -2.1680     0.196     0.212
    0.675   -2.0126     0.206     0.218
    0.634   -1.8616     0.222     0.220
    0.592   -1.7307     0.244     0.218
    0.550   -1.6343     0.272     0.208
    0.508   -1.5797     0.298     0.194
    0.467   -1.5680     0.322     0.180
    0.425   -1.5989     0.340     0.164
    0.425   -1.5989     0.340     0.164
    0.402   -1.5865     0.334     0.170
    0.380   -1.5824     0.326     0.176
    0.358   -1.5863     0.320     0.180
    0.335   -1.5979     0.312     0.186
    0.313   -1.6168     0.306     0.190
    0.291   -1.6427     0.298     0.194
    0.268   -1.6753     0.290     0.198
    0.246   -1.7142     0.282     0.202
    0.224   -1.7591     0.274     0.206
    0.201   -1.8096     0.266     0.208
    0.179   -1.8652     0.256     0.210
    0.156   -1.9252     0.248     0.210
    0.134   -1.9890     0.240     0.212
    0.112   -1.9518     0.216     0.228
    0.089   -1.9009     0.216     0.228
    0.067   -1.8476     0.214     0.230
    0.045   -1.7955     0.264     0.190
    0.022   -1.8616     0.264     0.190
    0.000   -1.9238     0.266     0.190
 
# Band-Index:   35
    0.000   -1.6740     0.212     0.234
    0.022   -1.7341     0.214     0.232
    0.045   -1.7920     0.214     0.232
    0.067   -1.7254     0.262     0.192
    0.089   -1.6508     0.260     0.192
    0.112   -1.5714     0.256     0.194
    0.134   -1.4868     0.252     0.196
    0.156   -1.3970     0.248     0.200
    0.179   -1.3018     0.242     0.204
    0.201   -1.2016     0.238     0.210
    0.224   -1.1202     0.216     0.214
    0.246   -1.1519     0.214     0.214
    0.268   -1.1798     0.212     0.214
    0.291   -1.2039     0.212     0.214
    0.313   -1.2237     0.210     0.214
    0.335   -1.2392     0.208     0.214
    0.358   -1.2501     0.208     0.214
    0.380   -1.2565     0.206     0.214
    0.402   -1.2581     0.204     0.216
    0.425   -1.2551     0.204     0.216
    0.425   -1.2551     0.204     0.216
    0.467   -1.2701     0.212     0.210
    0.508   -1.2899     0.222     0.202
    0.550   -1.3108     0.230     0.196
    0.592   -1.3282     0.236     0.194
    0.634   -1.3392     0.242     0.192
    0.675   -1.3433     0.246     0.192
    0.717   -1.3599     0.314     0.170
    0.759   -1.4585     0.312     0.174
    0.801   -1.5526     0.310     0.176
    0.842   -1.6431     0.306     0.180
    0.884   -1.7300     0.302     0.182
    0.926   -1.8121     0.296     0.184
    0.968   -1.8874     0.290     0.186
    1.010   -1.9533     0.282     0.190
    1.051   -2.0057     0.272     0.194
    1.093   -2.0027     0.206     0.232
    1.135   -1.9857     0.214     0.230
    1.177   -1.9888     0.224     0.224
    1.218   -2.0112     0.232     0.218
    1.218   -2.0112     0.232     0.217
    1.260   -1.9888     0.224     0.224
    1.302   -1.9857     0.214     0.230
    1.344   -2.0027     0.206     0.232
    1.386   -2.0057     0.272     0.194
    1.427   -1.9533     0.282     0.190
    1.469   -1.8874     0.290     0.186
    1.511   -1.8121     0.296     0.184
    1.553   -1.7300     0.302     0.182
    1.594   -1.6431     0.306     0.180
    1.636   -1.5526     0.310     0.176
    1.678   -1.4585     0.312     0.174
    1.720   -1.3599     0.314     0.170
    1.761   -1.3433     0.246     0.192
    1.803   -1.3392     0.242     0.192
    1.845   -1.3282     0.236     0.194
    1.887   -1.3108     0.230     0.196
    1.929   -1.2899     0.222     0.202
    1.970   -1.2701     0.212     0.210
    2.012   -1.2551     0.204     0.216
    2.012   -1.2551     0.204     0.216
    2.047   -1.2712     0.212     0.208
    2.083   -1.2974     0.222     0.202
    2.118   -1.3322     0.230     0.194
    2.153   -1.3739     0.238     0.188
    2.189   -1.4206     0.244     0.184
    2.224   -1.4714     0.248     0.182
    2.259   -1.5255     0.250     0.180
    2.294   -1.5820     0.250     0.178
    2.330   -1.6724     0.284     0.168
    2.365   -1.8209     0.278     0.168
    2.400   -1.9045     0.200     0.236
    2.436   -1.8576     0.194     0.242
    2.471   -1.8682     0.200     0.216
    2.506   -2.0144     0.198     0.210
    2.541   -2.1473     0.198     0.202
    2.577   -2.2498     0.198     0.194
    2.612   -2.2891     0.192     0.194
    2.647   -2.2734     0.188     0.200
    2.683   -2.2319     0.186     0.204
 
# Band-Index:   36
    2.683   -2.2319     0.186     0.204
    2.647   -2.1764     0.188     0.208
    2.612   -2.1124     0.190     0.210
    2.577   -2.0437     0.194     0.212
    2.541   -1.9747     0.198     0.214
    2.506   -1.9109     0.202     0.216
    2.471   -1.8602     0.198     0.226
    2.436   -1.7921     0.258     0.166
    2.400   -1.7491     0.250     0.176
    2.365   -1.6965     0.250     0.178
    2.330   -1.6398     0.250     0.178
    2.294   -1.5246     0.290     0.168
    2.259   -1.3781     0.292     0.168
    2.224   -1.3322     0.170     0.246
    2.189   -1.3038     0.172     0.244
    2.153   -1.2809     0.176     0.240
    2.118   -1.2636     0.180     0.234
    2.083   -1.2526     0.186     0.230
    2.047   -1.2492     0.194     0.224
    2.012   -1.2550     0.204     0.216
    2.012   -1.2550     0.204     0.216
    1.970   -1.2453     0.194     0.224
    1.929   -1.2381     0.188     0.230
    1.887   -1.2292     0.184     0.236
    1.845   -1.2153     0.182     0.240
    1.803   -1.1963     0.180     0.246
    1.761   -1.2533     0.312     0.166
    1.720   -1.3426     0.250     0.194
    1.678   -1.3400     0.250     0.194
    1.636   -1.3378     0.252     0.194
    1.594   -1.3371     0.250     0.196
    1.553   -1.4107     0.222     0.246
    1.511   -1.4962     0.224     0.244
    1.469   -1.5801     0.224     0.242
    1.427   -1.6626     0.224     0.240
    1.386   -1.7437     0.224     0.238
    1.344   -1.8223     0.224     0.234
    1.302   -1.8958     0.224     0.230
    1.260   -1.9604     0.228     0.224
    1.218   -2.0112     0.232     0.217
    1.218   -2.0112     0.232     0.218
    1.177   -1.9604     0.228     0.224
    1.135   -1.8958     0.224     0.230
    1.093   -1.8223     0.224     0.234
    1.051   -1.7437     0.224     0.238
    1.010   -1.6626     0.224     0.240
    0.968   -1.5801     0.224     0.242
    0.926   -1.4962     0.224     0.244
    0.884   -1.4107     0.222     0.246
    0.842   -1.3371     0.250     0.196
    0.801   -1.3378     0.252     0.194
    0.759   -1.3400     0.250     0.194
    0.717   -1.3426     0.250     0.194
    0.675   -1.2533     0.312     0.166
    0.634   -1.1963     0.180     0.246
    0.592   -1.2153     0.182     0.240
    0.550   -1.2292     0.184     0.236
    0.508   -1.2381     0.188     0.230
    0.467   -1.2453     0.194     0.224
    0.425   -1.2550     0.204     0.216
    0.425   -1.2550     0.204     0.216
    0.402   -1.2472     0.202     0.218
    0.380   -1.2348     0.200     0.220
    0.358   -1.2177     0.200     0.220
    0.335   -1.1961     0.198     0.222
    0.313   -1.1702     0.198     0.224
    0.291   -1.1402     0.196     0.226
    0.268   -1.1063     0.196     0.230
    0.246   -1.0688     0.194     0.232
    0.224   -1.0967     0.232     0.214
    0.201   -1.0851     0.218     0.216
    0.179   -1.1262     0.198     0.254
    0.156   -1.2005     0.200     0.250
    0.134   -1.2733     0.204     0.248
    0.112   -1.3444     0.206     0.246
    0.089   -1.4140     0.208     0.242
    0.067   -1.4818     0.208     0.240
    0.045   -1.5478     0.210     0.238
    0.022   -1.6119     0.212     0.236
    0.000   -1.6740     0.212     0.234
 
# Band-Index:   37
    0.000   -0.6824     0.228     0.220
    0.022   -0.7289     0.226     0.220
    0.045   -0.7762     0.226     0.220
    0.067   -0.8238     0.226     0.220
    0.089   -0.8712     0.224     0.218
    0.112   -0.9177     0.222     0.218
    0.134   -0.9628     0.222     0.218
    0.156   -1.0060     0.220     0.216
    0.179   -1.0469     0.218     0.216
    0.201   -1.0501     0.196     0.256
    0.224   -1.0279     0.194     0.234
    0.246   -0.9881     0.226     0.222
    0.268   -0.8766     0.222     0.228
    0.291   -0.7638     0.216     0.236
    0.313   -0.6522     0.208     0.246
    0.335   -0.5531     0.186     0.268
    0.358   -0.4670     0.190     0.266
    0.380   -0.3907     0.196     0.262
    0.402   -0.3457     0.184     0.266
    0.425   -0.3319     0.188     0.258
    0.425   -0.3319     0.188     0.258
    0.467   -0.4402     0.176     0.264
    0.508   -0.6188     0.244     0.212
    0.550   -0.8144     0.272     0.186
    0.592   -0.9879     0.292     0.172
    0.634   -1.1323     0.306     0.166
    0.675   -1.1749     0.182     0.250
    0.717   -1.1555     0.182     0.254
    0.759   -1.1427     0.182     0.256
    0.801   -1.2337     0.218     0.250
    0.842   -1.3232     0.220     0.248
    0.884   -1.3371     0.246     0.196
    0.926   -1.3355     0.242     0.196
    0.968   -1.3289     0.238     0.196
    1.010   -1.3140     0.230     0.200
    1.051   -1.2896     0.220     0.206
    1.093   -1.2590     0.204     0.218
    1.135   -1.2280     0.194     0.228
    1.177   -1.2002     0.198     0.226
    1.218   -1.1824     0.209     0.222
    1.218   -1.1824     0.209     0.223
    1.260   -1.2002     0.198     0.226
    1.302   -1.2280     0.194     0.228
    1.344   -1.2590     0.204     0.218
    1.386   -1.2896     0.220     0.206
    1.427   -1.3140     0.230     0.200
    1.469   -1.3289     0.238     0.196
    1.511   -1.3355     0.242     0.196
    1.553   -1.3371     0.246     0.196
    1.594   -1.3232     0.220     0.248
    1.636   -1.2337     0.218     0.250
    1.678   -1.1427     0.182     0.256
    1.720   -1.1555     0.182     0.254
    1.761   -1.1749     0.182     0.250
    1.803   -1.1323     0.306     0.166
    1.845   -0.9879     0.292     0.172
    1.887   -0.8144     0.272     0.186
    1.929   -0.6188     0.244     0.212
    1.970   -0.4402     0.176     0.264
    2.012   -0.3319     0.188     0.258
    2.012   -0.3319     0.188     0.258
    2.047   -0.4296     0.172     0.264
    2.083   -0.5829     0.232     0.220
    2.118   -0.7571     0.260     0.194
    2.153   -0.9248     0.276     0.180
    2.189   -1.0820     0.286     0.172
    2.224   -1.2316     0.290     0.170
    2.259   -1.3663     0.168     0.248
    2.294   -1.4063     0.166     0.250
    2.330   -1.4519     0.164     0.252
    2.365   -1.5013     0.162     0.254
    2.400   -1.5606     0.202     0.228
    2.436   -1.7156     0.200     0.222
    2.471   -1.7907     0.252     0.180
    2.506   -1.7520     0.242     0.192
    2.541   -1.7015     0.242     0.196
    2.577   -1.6374     0.242     0.198
    2.612   -1.5623     0.246     0.198
    2.647   -1.4796     0.248     0.200
    2.683   -1.3921     0.250     0.202
 
# Band-Index:   38
    2.683   -1.3921     0.250     0.202
    2.647   -1.3021     0.252     0.204
    2.612   -1.3535     0.184     0.256
    2.577   -1.4357     0.180     0.256
    2.541   -1.5100     0.172     0.258
    2.506   -1.5689     0.164     0.260
    2.471   -1.5984     0.156     0.260
    2.436   -1.5884     0.154     0.258
    2.400   -1.5501     0.158     0.256
    2.365   -1.4066     0.202     0.234
    2.330   -1.2575     0.204     0.242
    2.294   -1.1171     0.202     0.248
    2.259   -0.9892     0.198     0.254
    2.224   -0.8760     0.192     0.260
    2.189   -0.7765     0.182     0.264
    2.153   -0.6857     0.172     0.266
    2.118   -0.5957     0.164     0.266
    2.083   -0.4965     0.176     0.256
    2.047   -0.3761     0.226     0.230
    2.012   -0.3319     0.188     0.258
    2.012   -0.3319     0.188     0.258
    1.970   -0.3907     0.224     0.234
    1.929   -0.5361     0.166     0.266
    1.887   -0.6572     0.162     0.274
    1.845   -0.7637     0.172     0.272
    1.803   -0.8620     0.184     0.268
    1.761   -0.9568     0.196     0.264
    1.720   -1.0501     0.206     0.258
    1.678   -1.1425     0.212     0.254
    1.636   -1.1391     0.182     0.256
    1.594   -1.1456     0.182     0.254
    1.553   -1.1609     0.182     0.252
    1.511   -1.1816     0.182     0.248
    1.469   -1.2033     0.184     0.242
    1.427   -1.2203     0.186     0.236
    1.386   -1.2268     0.194     0.228
    1.344   -1.2184     0.208     0.218
    1.302   -1.1986     0.220     0.212
    1.260   -1.1823     0.218     0.216
    1.218   -1.1824     0.209     0.223
    1.218   -1.1824     0.209     0.222
    1.177   -1.1823     0.218     0.216
    1.135   -1.1986     0.220     0.212
    1.093   -1.2184     0.208     0.218
    1.051   -1.2268     0.194     0.228
    1.010   -1.2203     0.186     0.236
    0.968   -1.2033     0.184     0.242
    0.926   -1.1816     0.182     0.248
    0.884   -1.1609     0.182     0.252
    0.842   -1.1456     0.182     0.254
    0.801   -1.1391     0.182     0.256
    0.759   -1.1425     0.212     0.254
    0.717   -1.0501     0.206     0.258
    0.675   -0.9568     0.196     0.264
    0.634   -0.8620     0.184     0.268
    0.592   -0.7637     0.172     0.272
    0.550   -0.6572     0.162     0.274
    0.508   -0.5361     0.166     0.266
    0.467   -0.3907     0.224     0.234
    0.425   -0.3319     0.188     0.258
    0.425   -0.3319     0.188     0.258
    0.402   -0.3433     0.194     0.256
    0.380   -0.3846     0.182     0.270
    0.358   -0.4530     0.190     0.268
    0.335   -0.5459     0.198     0.258
    0.313   -0.6405     0.186     0.266
    0.291   -0.7266     0.186     0.266
    0.268   -0.8107     0.188     0.264
    0.246   -0.8925     0.190     0.262
    0.224   -0.9723     0.192     0.260
    0.201   -0.9841     0.192     0.238
    0.179   -0.9376     0.190     0.240
    0.156   -0.8890     0.190     0.244
    0.134   -0.8387     0.188     0.246
    0.112   -0.7874     0.188     0.250
    0.089   -0.7357     0.186     0.252
    0.067   -0.6845     0.184     0.256
    0.045   -0.6346     0.182     0.258
    0.022   -0.6375     0.228     0.220
    0.000   -0.6824     0.228     0.220
 
# Band-Index:   39
    0.000   -0.5425     0.178     0.262
    0.022   -0.5869     0.180     0.260
    0.045   -0.5946     0.228     0.220
    0.067   -0.5540     0.228     0.218
    0.089   -0.5162     0.228     0.218
    0.112   -0.4811     0.226     0.216
    0.134   -0.4488     0.226     0.214
    0.156   -0.4190     0.224     0.212
    0.179   -0.3915     0.222     0.210
    0.201   -0.3659     0.222     0.208
    0.224   -0.3419     0.220     0.208
    0.246   -0.3189     0.220     0.206
    0.268   -0.3050     0.156     0.250
    0.291   -0.2955     0.156     0.250
    0.313   -0.2857     0.156     0.250
    0.335   -0.2752     0.156     0.252
    0.358   -0.2624     0.154     0.256
    0.380   -0.2404     0.150     0.264
    0.402   -0.1930     0.148     0.276
    0.425   -0.1203     0.146     0.288
    0.425   -0.1203     0.146     0.288
    0.467   -0.1833     0.138     0.276
    0.508   -0.1864     0.164     0.262
    0.550   -0.2040     0.178     0.252
    0.592   -0.2340     0.184     0.248
    0.634   -0.2721     0.192     0.242
    0.675   -0.3193     0.204     0.236
    0.717   -0.3792     0.212     0.236
    0.759   -0.4502     0.214     0.236
    0.801   -0.5305     0.214     0.238
    0.842   -0.6183     0.216     0.238
    0.884   -0.7110     0.214     0.236
    0.926   -0.8050     0.214     0.234
    0.968   -0.8963     0.212     0.232
    1.010   -0.9806     0.210     0.230
    1.051   -1.0540     0.210     0.228
    1.093   -1.1129     0.210     0.224
    1.135   -1.1547     0.210     0.222
    1.177   -1.1779     0.208     0.222
    1.218   -1.1824     0.209     0.222
    1.218   -1.1824     0.209     0.222
    1.260   -1.1779     0.208     0.222
    1.302   -1.1547     0.210     0.222
    1.344   -1.1129     0.210     0.224
    1.386   -1.0540     0.210     0.228
    1.427   -0.9806     0.210     0.230
    1.469   -0.8963     0.212     0.232
    1.511   -0.8050     0.214     0.234
    1.553   -0.7110     0.214     0.236
    1.594   -0.6183     0.216     0.238
    1.636   -0.5305     0.214     0.238
    1.678   -0.4502     0.214     0.236
    1.720   -0.3792     0.212     0.236
    1.761   -0.3193     0.204     0.236
    1.803   -0.2721     0.192     0.242
    1.845   -0.2340     0.184     0.248
    1.887   -0.2040     0.178     0.252
    1.929   -0.1864     0.164     0.262
    1.970   -0.1833     0.138     0.276
    2.012   -0.1203     0.146     0.288
    2.012   -0.1203     0.146     0.288
    2.047   -0.1599     0.134     0.280
    2.083   -0.1532     0.166     0.262
    2.118   -0.1739     0.184     0.248
    2.153   -0.2173     0.196     0.240
    2.189   -0.2842     0.194     0.238
    2.224   -0.3586     0.198     0.232
    2.259   -0.4326     0.204     0.224
    2.294   -0.5042     0.214     0.218
    2.330   -0.5740     0.222     0.214
    2.365   -0.6437     0.232     0.212
    2.400   -0.7149     0.238     0.210
    2.436   -0.7890     0.244     0.208
    2.471   -0.8668     0.248     0.208
    2.506   -0.9483     0.250     0.208
    2.541   -1.0334     0.252     0.206
    2.577   -1.1214     0.252     0.206
    2.612   -1.2114     0.252     0.204
    2.647   -1.2671     0.186     0.258
    2.683   -1.1787     0.188     0.258
 
# Band-Index:   40
    2.683   -1.1787     0.188     0.258
    2.647   -1.0902     0.190     0.258
    2.612   -1.0029     0.190     0.260
    2.577   -0.9182     0.190     0.260
    2.541   -0.8375     0.190     0.260
    2.506   -0.7616     0.188     0.260
    2.471   -0.6913     0.188     0.260
    2.436   -0.6268     0.186     0.258
    2.400   -0.5679     0.184     0.254
    2.365   -0.5137     0.182     0.250
    2.330   -0.4628     0.182     0.246
    2.294   -0.4133     0.182     0.242
    2.259   -0.3634     0.184     0.238
    2.224   -0.3121     0.188     0.236
    2.189   -0.2595     0.188     0.236
    2.153   -0.2044     0.188     0.244
    2.118   -0.1417     0.196     0.248
    2.083   -0.0863     0.200     0.252
    2.047   -0.0547     0.184     0.274
    2.012   -0.1203     0.146     0.288
    2.012   -0.1203     0.146     0.288
    1.970   -0.0594     0.192     0.260
    1.929   -0.1038     0.206     0.240
    1.887   -0.1509     0.202     0.238
    1.845   -0.1990     0.198     0.240
    1.803   -0.2494     0.192     0.242
    1.761   -0.3012     0.182     0.250
    1.720   -0.3538     0.180     0.252
    1.678   -0.4132     0.182     0.254
    1.636   -0.4841     0.186     0.254
    1.594   -0.5670     0.190     0.252
    1.553   -0.6596     0.194     0.248
    1.511   -0.7571     0.198     0.244
    1.469   -0.8537     0.200     0.240
    1.427   -0.9437     0.202     0.234
    1.386   -1.0226     0.204     0.230
    1.344   -1.0875     0.206     0.228
    1.302   -1.1365     0.208     0.224
    1.260   -1.1684     0.208     0.224
    1.218   -1.1824     0.209     0.222
    1.218   -1.1824     0.209     0.222
    1.177   -1.1684     0.208     0.224
    1.135   -1.1365     0.208     0.224
    1.093   -1.0875     0.206     0.228
    1.051   -1.0226     0.204     0.230
    1.010   -0.9437     0.202     0.234
    0.968   -0.8537     0.200     0.240
    0.926   -0.7571     0.198     0.244
    0.884   -0.6596     0.194     0.248
    0.842   -0.5670     0.190     0.252
    0.801   -0.4841     0.186     0.254
    0.759   -0.4132     0.182     0.254
    0.717   -0.3538     0.180     0.252
    0.675   -0.3012     0.182     0.250
    0.634   -0.2494     0.192     0.242
    0.592   -0.1990     0.198     0.240
    0.550   -0.1509     0.202     0.238
    0.508   -0.1038     0.206     0.240
    0.467   -0.0594     0.192     0.260
    0.425   -0.1203     0.146     0.288
    0.425   -0.1203     0.146     0.288
    0.402   -0.0748     0.154     0.280
    0.380   -0.1268     0.210     0.216
    0.358   -0.1827     0.222     0.198
    0.335   -0.2216     0.222     0.196
    0.313   -0.2500     0.220     0.198
    0.291   -0.2740     0.220     0.202
    0.268   -0.2966     0.220     0.204
    0.246   -0.3144     0.156     0.250
    0.224   -0.3238     0.158     0.250
    0.201   -0.3336     0.158     0.252
    0.179   -0.3442     0.160     0.254
    0.156   -0.3563     0.160     0.256
    0.134   -0.3707     0.162     0.258
    0.112   -0.3882     0.164     0.260
    0.089   -0.4096     0.168     0.262
    0.067   -0.4355     0.170     0.262
    0.045   -0.4663     0.172     0.262
    0.022   -0.5021     0.176     0.262
    0.000   -0.5425     0.178     0.262
 
# Band-Index:   41
    0.000    0.4806     0.170     0.188
    0.022    0.4725     0.170     0.186
    0.045    0.4700     0.170     0.186
    0.067    0.4724     0.170     0.184
    0.089    0.4791     0.172     0.184
    0.112    0.4892     0.172     0.184
    0.134    0.5020     0.172     0.184
    0.156    0.5168     0.174     0.184
    0.179    0.5330     0.174     0.184
    0.201    0.5500     0.176     0.182
    0.224    0.5675     0.176     0.182
    0.246    0.5850     0.178     0.182
    0.268    0.5418     0.224     0.234
    0.291    0.4677     0.220     0.238
    0.313    0.3838     0.218     0.240
    0.335    0.2928     0.216     0.242
    0.358    0.1980     0.216     0.240
    0.380    0.1047     0.224     0.228
    0.402    0.0393     0.270     0.176
    0.425    0.0912     0.262     0.182
    0.425    0.0912     0.262     0.182
    0.467    0.0982     0.220     0.226
    0.508    0.2770     0.198     0.254
    0.550    0.4758     0.200     0.258
    0.592    0.6665     0.204     0.254
    0.634    0.8289     0.208     0.246
    0.675    0.9351     0.196     0.234
    0.717    0.9543     0.176     0.224
    0.759    0.9317     0.172     0.212
    0.801    0.9061     0.170     0.202
    0.842    0.8918     0.170     0.194
    0.884    0.8937     0.170     0.190
    0.926    0.9119     0.172     0.186
    0.968    0.9434     0.174     0.186
    1.010    0.9845     0.176     0.186
    1.051    1.0309     0.178     0.186
    1.093    1.0785     0.182     0.184
    1.135    1.1234     0.186     0.184
    1.177    1.1616     0.190     0.182
    1.218    1.1898     0.193     0.179
    1.218    1.1898     0.192     0.180
    1.260    1.1616     0.190     0.182
    1.302    1.1234     0.186     0.184
    1.344    1.0785     0.182     0.184
    1.386    1.0309     0.178     0.186
    1.427    0.9845     0.176     0.186
    1.469    0.9434     0.174     0.186
    1.511    0.9119     0.172     0.186
    1.553    0.8937     0.170     0.190
    1.594    0.8918     0.170     0.194
    1.636    0.9061     0.170     0.202
    1.678    0.9317     0.172     0.212
    1.720    0.9543     0.176     0.224
    1.761    0.9351     0.196     0.234
    1.803    0.8289     0.208     0.246
    1.845    0.6665     0.204     0.254
    1.887    0.4758     0.200     0.258
    1.929    0.2770     0.198     0.254
    1.970    0.0982     0.220     0.226
    2.012    0.0912     0.262     0.182
    2.012    0.0912     0.262     0.182
    2.047    0.0909     0.218     0.226
    2.083    0.2281     0.190     0.260
    2.118    0.4108     0.190     0.266
    2.153    0.6089     0.196     0.266
    2.189    0.8082     0.204     0.264
    2.224    0.9970     0.210     0.262
    2.259    1.1633     0.214     0.256
    2.294    1.2961     0.210     0.252
    2.330    1.3836     0.170     0.190
    2.365    1.3720     0.164     0.186
    2.400    1.3623     0.162     0.182
    2.436    1.3620     0.162     0.180
    2.471    1.3739     0.162     0.180
    2.506    1.3985     0.162     0.182
    2.541    1.4349     0.164     0.186
    2.577    1.4814     0.164     0.190
    2.612    1.5357     0.166     0.196
    2.647    1.5948     0.166     0.204
    2.683    1.6548     0.166     0.212
 
# Band-Index:   42
    2.683    1.6548     0.166     0.212
    2.647    1.7097     0.164     0.224
    2.612    1.7503     0.160     0.236
    2.577    1.7624     0.158     0.242
    2.541    1.7397     0.162     0.240
    2.506    1.6952     0.168     0.238
    2.471    1.6424     0.172     0.236
    2.436    1.5872     0.178     0.238
    2.400    1.5302     0.182     0.242
    2.365    1.4683     0.190     0.246
    2.330    1.3942     0.200     0.250
    2.294    1.3791     0.180     0.196
    2.259    1.3277     0.194     0.200
    2.224    1.2162     0.200     0.196
    2.189    1.0616     0.200     0.262
    2.153    0.8591     0.218     0.242
    2.118    0.6410     0.234     0.224
    2.083    0.4209     0.248     0.202
    2.047    0.2213     0.262     0.182
    2.012    0.0912     0.262     0.182
    2.012    0.0912     0.262     0.182
    1.970    0.2620     0.248     0.198
    1.929    0.4766     0.234     0.216
    1.887    0.6814     0.218     0.232
    1.845    0.8458     0.202     0.242
    1.803    0.9500     0.192     0.244
    1.761    1.0012     0.196     0.232
    1.720    1.0400     0.210     0.210
    1.678    1.0595     0.206     0.190
    1.636    1.0641     0.202     0.176
    1.594    1.0679     0.200     0.168
    1.553    1.0784     0.198     0.164
    1.511    1.0970     0.198     0.162
    1.469    1.1221     0.198     0.162
    1.427    1.1501     0.200     0.164
    1.386    1.1767     0.200     0.166
    1.344    1.1973     0.200     0.170
    1.302    1.2078     0.198     0.172
    1.260    1.1810     0.196     0.178
    1.218    1.1898     0.192     0.180
    1.218    1.1898     0.193     0.179
    1.177    1.1810     0.196     0.178
    1.135    1.2078     0.198     0.172
    1.093    1.1973     0.200     0.170
    1.051    1.1767     0.200     0.166
    1.010    1.1501     0.200     0.164
    0.968    1.1221     0.198     0.162
    0.926    1.0970     0.198     0.162
    0.884    1.0784     0.198     0.164
    0.842    1.0679     0.200     0.168
    0.801    1.0641     0.202     0.176
    0.759    1.0595     0.206     0.190
    0.717    1.0400     0.210     0.210
    0.675    1.0012     0.196     0.232
    0.634    0.9500     0.192     0.244
    0.592    0.8458     0.202     0.242
    0.550    0.6814     0.218     0.232
    0.508    0.4766     0.234     0.216
    0.467    0.2620     0.248     0.198
    0.425    0.0912     0.262     0.182
    0.425    0.0912     0.262     0.182
    0.402    0.1902     0.244     0.206
    0.380    0.2940     0.232     0.220
    0.358    0.3941     0.224     0.232
    0.335    0.4863     0.216     0.240
    0.313    0.5667     0.208     0.246
    0.291    0.6188     0.180     0.178
    0.268    0.6022     0.178     0.180
    0.246    0.6036     0.226     0.228
    0.224    0.6514     0.226     0.220
    0.201    0.6844     0.226     0.212
    0.179    0.6824     0.204     0.154
    0.156    0.6736     0.178     0.230
    0.134    0.6412     0.176     0.222
    0.112    0.6065     0.176     0.214
    0.089    0.5726     0.174     0.208
    0.067    0.5416     0.174     0.200
    0.045    0.5154     0.172     0.196
    0.022    0.4949     0.172     0.192
    0.000    0.4806     0.170     0.188
 
# Band-Index:   43
    0.000    0.6515     0.204     0.156
    0.022    0.6481     0.204     0.154
    0.045    0.6475     0.204     0.152
    0.067    0.6495     0.204     0.152
    0.089    0.6536     0.204     0.152
    0.112    0.6595     0.204     0.152
    0.134    0.6666     0.204     0.152
    0.156    0.6744     0.204     0.152
    0.179    0.7003     0.180     0.238
    0.201    0.6902     0.202     0.154
    0.224    0.6973     0.202     0.156
    0.246    0.7035     0.202     0.156
    0.268    0.6805     0.194     0.254
    0.291    0.6323     0.200     0.252
    0.313    0.6345     0.180     0.178
    0.335    0.6492     0.182     0.176
    0.358    0.6626     0.184     0.174
    0.380    0.6748     0.184     0.172
    0.402    0.6854     0.186     0.170
    0.425    0.6945     0.188     0.168
    0.425    0.6945     0.188     0.168
    0.467    0.6855     0.186     0.170
    0.508    0.7224     0.188     0.174
    0.550    0.7989     0.188     0.180
    0.592    0.9054     0.192     0.186
    0.634    1.0303     0.194     0.194
    0.675    1.1627     0.194     0.200
    0.717    1.2937     0.192     0.206
    0.759    1.4179     0.188     0.210
    0.801    1.5323     0.180     0.216
    0.842    1.6317     0.170     0.222
    0.884    1.7034     0.170     0.218
    0.926    1.7278     0.188     0.208
    0.968    1.6898     0.208     0.198
    1.010    1.5943     0.216     0.194
    1.051    1.4662     0.216     0.188
    1.093    1.3369     0.210     0.184
    1.135    1.2345     0.202     0.180
    1.177    1.2056     0.196     0.176
    1.218    1.1898     0.193     0.179
    1.218    1.1898     0.193     0.180
    1.260    1.2056     0.196     0.176
    1.302    1.2345     0.202     0.180
    1.344    1.3369     0.210     0.184
    1.386    1.4662     0.216     0.188
    1.427    1.5943     0.216     0.194
    1.469    1.6898     0.208     0.198
    1.511    1.7278     0.188     0.208
    1.553    1.7034     0.170     0.218
    1.594    1.6317     0.170     0.222
    1.636    1.5323     0.180     0.216
    1.678    1.4179     0.188     0.210
    1.720    1.2937     0.192     0.206
    1.761    1.1627     0.194     0.200
    1.803    1.0303     0.194     0.194
    1.845    0.9054     0.192     0.186
    1.887    0.7989     0.188     0.180
    1.929    0.7224     0.188     0.174
    1.970    0.6855     0.186     0.170
    2.012    0.6945     0.188     0.168
    2.012    0.6945     0.188     0.168
    2.047    0.6875     0.188     0.170
    2.083    0.7289     0.188     0.172
    2.118    0.8138     0.190     0.178
    2.153    0.9332     0.196     0.184
    2.189    1.0740     0.200     0.190
    2.224    1.2377     0.182     0.278
    2.259    1.3854     0.174     0.286
    2.294    1.5132     0.180     0.282
    2.330    1.6284     0.198     0.270
    2.365    1.7273     0.212     0.250
    2.400    1.7120     0.182     0.142
    2.436    1.7033     0.182     0.140
    2.471    1.7097     0.182     0.140
    2.506    1.7303     0.184     0.142
    2.541    1.7636     0.188     0.144
    2.577    1.8072     0.194     0.146
    2.612    1.8579     0.200     0.150
    2.647    1.9110     0.208     0.154
    2.683    1.9580     0.220     0.162
 
# Band-Index:   44
    2.683    1.9580     0.220     0.162
    2.647    1.9843     0.234     0.172
    2.612    1.9807     0.240     0.182
    2.577    1.9671     0.238     0.194
    2.541    1.9608     0.232     0.210
    2.506    1.9493     0.224     0.220
    2.471    1.9182     0.220     0.220
    2.436    1.8692     0.218     0.222
    2.400    1.8064     0.218     0.232
    2.365    1.7353     0.182     0.144
    2.330    1.7688     0.188     0.146
    2.294    1.7746     0.210     0.178
    2.259    1.6588     0.186     0.220
    2.224    1.5065     0.184     0.220
    2.189    1.3313     0.190     0.206
    2.153    1.1524     0.194     0.192
    2.118    0.9879     0.194     0.182
    2.083    0.8505     0.192     0.174
    2.047    0.7502     0.190     0.170
    2.012    0.6945     0.188     0.168
    2.012    0.6945     0.188     0.168
    1.970    0.7504     0.190     0.170
    1.929    0.8491     0.194     0.172
    1.887    0.9823     0.196     0.180
    1.845    1.1393     0.198     0.188
    1.803    1.3072     0.198     0.196
    1.761    1.4708     0.194     0.206
    1.720    1.6116     0.190     0.210
    1.678    1.7146     0.190     0.208
    1.636    1.7854     0.202     0.198
    1.594    1.8439     0.220     0.194
    1.553    1.9001     0.228     0.204
    1.511    1.9434     0.208     0.234
    1.469    1.9431     0.176     0.258
    1.427    1.8655     0.170     0.252
    1.386    1.7202     0.178     0.232
    1.344    1.5495     0.184     0.214
    1.302    1.3884     0.188     0.198
    1.260    1.2624     0.190     0.186
    1.218    1.1898     0.193     0.180
    1.218    1.1898     0.193     0.179
    1.177    1.2624     0.190     0.186
    1.135    1.3884     0.188     0.198
    1.093    1.5495     0.184     0.214
    1.051    1.7202     0.178     0.232
    1.010    1.8655     0.170     0.252
    0.968    1.9431     0.176     0.258
    0.926    1.9434     0.208     0.234
    0.884    1.9001     0.228     0.204
    0.842    1.8439     0.220     0.194
    0.801    1.7854     0.202     0.198
    0.759    1.7146     0.190     0.208
    0.717    1.6116     0.190     0.210
    0.675    1.4708     0.194     0.206
    0.634    1.3072     0.198     0.196
    0.592    1.1393     0.198     0.188
    0.550    0.9823     0.196     0.180
    0.508    0.8491     0.194     0.172
    0.467    0.7504     0.190     0.170
    0.425    0.6945     0.188     0.168
    0.425    0.6945     0.188     0.168
    0.402    0.7018     0.190     0.166
    0.380    0.7075     0.192     0.164
    0.358    0.7113     0.194     0.162
    0.335    0.7132     0.196     0.162
    0.313    0.7134     0.198     0.160
    0.291    0.7117     0.198     0.158
    0.268    0.7084     0.200     0.158
    0.246    0.7103     0.190     0.252
    0.224    0.7220     0.186     0.250
    0.201    0.7176     0.182     0.244
    0.179    0.7035     0.224     0.202
    0.156    0.7106     0.220     0.194
    0.134    0.7086     0.218     0.186
    0.112    0.7007     0.214     0.178
    0.089    0.6896     0.212     0.172
    0.067    0.6778     0.208     0.166
    0.045    0.6668     0.206     0.162
    0.022    0.6578     0.206     0.158
    0.000    0.6515     0.204     0.156
 
# Band-Index:   45
    0.000    2.2491     0.202     0.244
    0.022    2.2190     0.202     0.246
    0.045    2.1838     0.202     0.246
    0.067    2.1440     0.200     0.248
    0.089    2.1006     0.200     0.248
    0.112    2.0549     0.196     0.248
    0.134    2.0088     0.194     0.246
    0.156    1.9644     0.192     0.244
    0.179    1.9239     0.192     0.240
    0.201    1.8889     0.192     0.238
    0.224    1.8600     0.194     0.234
    0.246    1.8366     0.198     0.232
    0.268    1.8172     0.204     0.228
    0.291    1.8000     0.212     0.226
    0.313    1.7839     0.218     0.222
    0.335    1.7687     0.226     0.218
    0.358    1.7554     0.232     0.216
    0.380    1.7452     0.236     0.212
    0.402    1.7395     0.242     0.210
    0.425    1.7394     0.246     0.206
    0.425    1.7394     0.246     0.206
    0.467    1.7393     0.250     0.200
    0.508    1.7497     0.238     0.206
    0.550    1.7521     0.214     0.214
    0.592    1.7391     0.202     0.214
    0.634    1.7259     0.194     0.210
    0.675    1.7377     0.192     0.212
    0.717    1.7913     0.194     0.220
    0.759    1.8790     0.198     0.228
    0.801    1.9789     0.200     0.234
    0.842    2.0727     0.200     0.234
    0.884    2.1499     0.196     0.230
    0.926    2.1880     0.154     0.194
    0.968    2.1995     0.164     0.186
    1.010    2.2110     0.168     0.184
    1.051    2.2358     0.168     0.184
    1.093    2.2662     0.168     0.180
    1.135    2.2947     0.170     0.180
    1.177    2.3160     0.172     0.172
    1.218    2.3477     0.174     0.166
    1.218    2.3477     0.174     0.167
    1.260    2.3160     0.172     0.172
    1.302    2.2947     0.170     0.180
    1.344    2.2662     0.168     0.180
    1.386    2.2358     0.168     0.184
    1.427    2.2110     0.168     0.184
    1.469    2.1995     0.164     0.186
    1.511    2.1880     0.154     0.194
    1.553    2.1499     0.196     0.230
    1.594    2.0727     0.200     0.234
    1.636    1.9789     0.200     0.234
    1.678    1.8790     0.198     0.228
    1.720    1.7913     0.194     0.220
    1.761    1.7377     0.192     0.212
    1.803    1.7259     0.194     0.210
    1.845    1.7391     0.202     0.214
    1.887    1.7521     0.214     0.214
    1.929    1.7497     0.238     0.206
    1.970    1.7393     0.250     0.200
    2.012    1.7394     0.246     0.206
    2.012    1.7394     0.246     0.206
    2.047    1.7361     0.254     0.198
    2.083    1.7382     0.260     0.190
    2.118    1.7450     0.258     0.184
    2.153    1.7556     0.248     0.182
    2.189    1.7695     0.232     0.184
    2.224    1.7865     0.214     0.188
    2.259    1.8076     0.196     0.194
    2.294    1.8344     0.178     0.202
    2.330    1.8686     0.162     0.210
    2.365    1.9115     0.152     0.220
    2.400    1.9606     0.152     0.228
    2.436    2.0088     0.158     0.224
    2.471    2.0522     0.162     0.208
    2.506    2.0972     0.162     0.190
    2.541    2.1519     0.158     0.184
    2.577    2.2063     0.146     0.194
    2.612    2.2173     0.154     0.194
    2.647    2.2148     0.162     0.196
    2.683    2.2417     0.172     0.206
 
# Band-Index:   46
    2.683    2.2417     0.172     0.206
    2.647    2.2887     0.182     0.214
    2.612    2.3384     0.190     0.222
    2.577    2.3064     0.232     0.136
    2.541    2.3332     0.232     0.150
    2.506    2.3713     0.240     0.154
    2.471    2.3790     0.210     0.244
    2.436    2.3212     0.210     0.246
    2.400    2.2311     0.208     0.244
    2.365    2.1120     0.200     0.242
    2.330    1.9748     0.184     0.242
    2.294    1.8654     0.142     0.218
    2.259    1.8750     0.154     0.186
    2.224    1.9016     0.166     0.178
    2.189    1.8965     0.262     0.206
    2.153    1.8320     0.244     0.216
    2.118    1.7907     0.234     0.222
    2.083    1.7648     0.232     0.222
    2.047    1.7486     0.238     0.216
    2.012    1.7394     0.246     0.206
    2.012    1.7394     0.246     0.206
    1.970    1.7515     0.242     0.212
    1.929    1.7716     0.254     0.204
    1.887    1.8082     0.280     0.184
    1.845    1.8701     0.298     0.168
    1.803    1.9617     0.308     0.162
    1.761    1.9925     0.188     0.178
    1.720    2.0015     0.194     0.176
    1.678    2.0422     0.194     0.182
    1.636    2.0952     0.182     0.192
    1.594    2.1369     0.166     0.198
    1.553    2.1657     0.154     0.200
    1.511    2.2063     0.190     0.224
    1.469    2.2423     0.182     0.216
    1.427    2.2624     0.176     0.206
    1.386    2.2731     0.172     0.198
    1.344    2.2818     0.170     0.188
    1.302    2.2959     0.168     0.176
    1.260    2.3231     0.172     0.172
    1.218    2.3477     0.174     0.167
    1.218    2.3477     0.174     0.166
    1.177    2.3231     0.172     0.172
    1.135    2.2959     0.168     0.176
    1.093    2.2818     0.170     0.188
    1.051    2.2731     0.172     0.198
    1.010    2.2624     0.176     0.206
    0.968    2.2423     0.182     0.216
    0.926    2.2063     0.190     0.224
    0.884    2.1657     0.154     0.200
    0.842    2.1369     0.166     0.198
    0.801    2.0952     0.182     0.192
    0.759    2.0422     0.194     0.182
    0.717    2.0015     0.194     0.176
    0.675    1.9925     0.188     0.178
    0.634    1.9617     0.308     0.162
    0.592    1.8701     0.298     0.168
    0.550    1.8082     0.280     0.184
    0.508    1.7716     0.254     0.204
    0.467    1.7515     0.242     0.212
    0.425    1.7394     0.246     0.206
    0.425    1.7394     0.246     0.206
    0.402    1.7461     0.250     0.204
    0.380    1.7601     0.254     0.202
    0.358    1.7820     0.258     0.200
    0.335    1.8124     0.262     0.198
    0.313    1.8517     0.266     0.196
    0.291    1.9005     0.268     0.196
    0.268    1.9588     0.272     0.194
    0.246    2.0263     0.274     0.194
    0.224    2.1018     0.274     0.196
    0.201    2.1828     0.274     0.198
    0.179    2.2661     0.272     0.202
    0.156    2.3207     0.186     0.220
    0.134    2.3226     0.190     0.224
    0.112    2.3213     0.192     0.228
    0.089    2.3164     0.196     0.232
    0.067    2.3071     0.198     0.236
    0.045    2.2930     0.200     0.238
    0.022    2.2737     0.202     0.242
    0.000    2.2491     0.202     0.244
 
# Band-Index:   47
    0.000    2.6427     0.268     0.208
    0.022    2.6217     0.270     0.208
    0.045    2.5965     0.270     0.208
    0.067    2.5662     0.270     0.210
    0.089    2.5288     0.270     0.210
    0.112    2.4813     0.268     0.210
    0.134    2.4205     0.268     0.210
    0.156    2.3471     0.270     0.206
    0.179    2.3166     0.184     0.216
    0.201    2.3110     0.180     0.212
    0.224    2.3047     0.178     0.208
    0.246    2.2986     0.176     0.204
    0.268    2.2934     0.176     0.200
    0.291    2.2899     0.176     0.196
    0.313    2.2885     0.174     0.192
    0.335    2.2899     0.176     0.188
    0.358    2.2943     0.176     0.186
    0.380    2.3021     0.176     0.182
    0.402    2.3135     0.178     0.178
    0.425    2.3285     0.180     0.176
    0.425    2.3285     0.180     0.176
    0.467    2.2595     0.178     0.180
    0.508    2.1868     0.178     0.184
    0.550    2.1173     0.178     0.184
    0.592    2.0576     0.178     0.182
    0.634    2.0137     0.182     0.180
    0.675    2.0810     0.310     0.162
    0.717    2.2137     0.306     0.166
    0.759    2.2679     0.236     0.142
    0.801    2.3074     0.236     0.144
    0.842    2.3642     0.234     0.148
    0.884    2.4192     0.226     0.154
    0.926    2.4586     0.224     0.156
    0.968    2.4901     0.230     0.150
    1.010    2.4913     0.224     0.142
    1.051    2.4558     0.208     0.146
    1.093    2.4221     0.194     0.150
    1.135    2.3949     0.184     0.156
    1.177    2.3710     0.178     0.162
    1.218    2.3477     0.174     0.166
    1.218    2.3477     0.174     0.166
    1.260    2.3710     0.178     0.162
    1.302    2.3949     0.184     0.156
    1.344    2.4221     0.194     0.150
    1.386    2.4558     0.208     0.146
    1.427    2.4913     0.224     0.142
    1.469    2.4901     0.230     0.150
    1.511    2.4586     0.224     0.156
    1.553    2.4192     0.226     0.154
    1.594    2.3642     0.234     0.148
    1.636    2.3074     0.236     0.144
    1.678    2.2679     0.236     0.142
    1.720    2.2137     0.306     0.166
    1.761    2.0810     0.310     0.162
    1.803    2.0137     0.182     0.180
    1.845    2.0576     0.178     0.182
    1.887    2.1173     0.178     0.184
    1.929    2.1868     0.178     0.184
    1.970    2.2595     0.178     0.180
    2.012    2.3285     0.180     0.176
    2.012    2.3285     0.180     0.176
    2.047    2.2596     0.178     0.180
    2.083    2.1813     0.178     0.182
    2.118    2.0989     0.176     0.180
    2.153    2.0187     0.174     0.178
    2.189    1.9492     0.172     0.176
    2.224    1.9926     0.280     0.194
    2.259    2.1231     0.294     0.186
    2.294    2.2368     0.286     0.128
    2.330    2.3903     0.282     0.152
    2.365    2.4931     0.272     0.162
    2.400    2.4691     0.270     0.156
    2.436    2.4403     0.262     0.154
    2.471    2.4076     0.250     0.154
    2.506    2.4054     0.206     0.240
    2.541    2.4039     0.202     0.236
    2.577    2.3794     0.196     0.230
    2.612    2.3392     0.212     0.140
    2.647    2.4165     0.202     0.148
    2.683    2.5037     0.200     0.154
 
# Band-Index:   48
    2.683    2.5037     0.200     0.154
    2.647    2.5918     0.204     0.158
    2.612    2.6751     0.212     0.162
    2.577    2.7476     0.220     0.166
    2.541    2.8019     0.232     0.172
    2.506    2.8296     0.242     0.176
    2.471    2.8219     0.254     0.180
    2.436    2.7722     0.264     0.180
    2.400    2.6787     0.272     0.176
    2.365    2.5467     0.276     0.168
    2.330    2.4433     0.284     0.194
    2.294    2.2792     0.300     0.184
    2.259    2.1373     0.280     0.104
    2.224    2.1374     0.258     0.106
    2.189    2.2020     0.240     0.120
    2.153    2.2858     0.228     0.128
    2.118    2.3613     0.214     0.136
    2.083    2.3978     0.194     0.150
    2.047    2.3802     0.182     0.166
    2.012    2.3285     0.180     0.176
    2.012    2.3285     0.180     0.176
    1.970    2.3842     0.182     0.166
    1.929    2.4108     0.194     0.150
    1.887    2.3931     0.214     0.138
    1.845    2.3464     0.228     0.136
    1.803    2.2983     0.234     0.134
    1.761    2.2649     0.236     0.136
    1.720    2.2538     0.236     0.138
    1.678    2.3423     0.298     0.170
    1.636    2.4546     0.286     0.174
    1.594    2.5432     0.272     0.174
    1.553    2.6025     0.256     0.172
    1.511    2.6290     0.238     0.166
    1.469    2.6233     0.220     0.160
    1.427    2.5924     0.206     0.156
    1.386    2.5459     0.196     0.154
    1.344    2.4925     0.190     0.154
    1.302    2.4388     0.184     0.158
    1.260    2.3894     0.178     0.162
    1.218    2.3477     0.174     0.166
    1.218    2.3477     0.174     0.166
    1.177    2.3894     0.178     0.162
    1.135    2.4388     0.184     0.158
    1.093    2.4925     0.190     0.154
    1.051    2.5459     0.196     0.154
    1.010    2.5924     0.206     0.156
    0.968    2.6233     0.220     0.160
    0.926    2.6290     0.238     0.166
    0.884    2.6025     0.256     0.172
    0.842    2.5432     0.272     0.174
    0.801    2.4546     0.286     0.174
    0.759    2.3423     0.298     0.170
    0.717    2.2538     0.236     0.138
    0.675    2.2649     0.236     0.136
    0.634    2.2983     0.234     0.134
    0.592    2.3464     0.228     0.136
    0.550    2.3931     0.214     0.138
    0.508    2.4108     0.194     0.150
    0.467    2.3842     0.182     0.166
    0.425    2.3285     0.180     0.176
    0.425    2.3285     0.180     0.176
    0.402    2.3472     0.180     0.174
    0.380    2.3696     0.182     0.170
    0.358    2.3956     0.184     0.168
    0.335    2.4248     0.186     0.168
    0.313    2.4571     0.188     0.166
    0.291    2.4918     0.190     0.166
    0.268    2.5153     0.302     0.154
    0.246    2.5075     0.298     0.156
    0.224    2.5087     0.296     0.156
    0.201    2.5190     0.294     0.158
    0.179    2.5383     0.292     0.160
    0.156    2.5670     0.290     0.160
    0.134    2.6061     0.288     0.162
    0.112    2.6561     0.282     0.164
    0.089    2.6895     0.258     0.206
    0.067    2.6834     0.262     0.208
    0.045    2.6735     0.266     0.208
    0.022    2.6599     0.268     0.208
    0.000    2.6427     0.268     0.208
 
# Band-Index:   49
    0.000    2.9017     0.250     0.170
    0.022    2.8697     0.256     0.170
    0.045    2.8258     0.262     0.172
    0.067    2.7724     0.268     0.170
    0.089    2.7137     0.276     0.168
    0.112    2.6914     0.254     0.206
    0.134    2.6881     0.246     0.204
    0.156    2.6782     0.238     0.198
    0.179    2.6452     0.304     0.172
    0.201    2.6045     0.304     0.168
    0.224    2.5717     0.306     0.164
    0.246    2.5489     0.306     0.162
    0.268    2.5282     0.194     0.168
    0.291    2.5309     0.304     0.156
    0.313    2.5483     0.304     0.160
    0.335    2.5662     0.306     0.162
    0.358    2.5876     0.308     0.164
    0.380    2.6081     0.310     0.166
    0.402    2.6238     0.312     0.168
    0.425    2.6315     0.314     0.168
    0.425    2.6315     0.314     0.168
    0.467    2.6088     0.304     0.174
    0.508    2.5770     0.294     0.178
    0.550    2.5500     0.282     0.182
    0.592    2.5440     0.274     0.190
    0.634    2.5689     0.268     0.198
    0.675    2.6238     0.264     0.206
    0.717    2.6984     0.262     0.212
    0.759    2.7794     0.260     0.214
    0.801    2.8130     0.226     0.188
    0.842    2.7915     0.234     0.186
    0.884    2.7524     0.242     0.178
    0.926    2.7128     0.250     0.168
    0.968    2.6742     0.252     0.166
    1.010    2.6949     0.250     0.178
    1.051    2.7962     0.258     0.186
    1.093    2.9171     0.266     0.194
    1.135    3.0268     0.272     0.200
    1.177    3.1084     0.278     0.204
    1.218    3.1510     0.277     0.204
    1.218    3.1510     0.278     0.204
    1.260    3.1084     0.278     0.204
    1.302    3.0268     0.272     0.200
    1.344    2.9171     0.266     0.194
    1.386    2.7962     0.258     0.186
    1.427    2.6949     0.250     0.178
    1.469    2.6742     0.252     0.166
    1.511    2.7128     0.250     0.168
    1.553    2.7524     0.242     0.178
    1.594    2.7915     0.234     0.186
    1.636    2.8130     0.226     0.188
    1.678    2.7794     0.260     0.214
    1.720    2.6984     0.262     0.212
    1.761    2.6238     0.264     0.206
    1.803    2.5689     0.268     0.198
    1.845    2.5440     0.274     0.190
    1.887    2.5500     0.282     0.182
    1.929    2.5770     0.294     0.178
    1.970    2.6088     0.304     0.174
    2.012    2.6315     0.314     0.168
    2.012    2.6315     0.314     0.168
    2.047    2.6145     0.304     0.174
    2.083    2.5978     0.296     0.180
    2.118    2.5852     0.290     0.184
    2.153    2.5790     0.290     0.184
    2.189    2.5766     0.294     0.178
    2.224    2.5711     0.302     0.166
    2.259    2.5591     0.306     0.156
    2.294    2.5426     0.308     0.148
    2.330    2.5265     0.320     0.138
    2.365    2.6200     0.324     0.170
    2.400    2.7715     0.312     0.176
    2.436    2.8855     0.296     0.176
    2.471    2.9364     0.276     0.184
    2.506    2.9758     0.266     0.188
    2.541    3.0152     0.260     0.192
    2.577    3.0561     0.256     0.196
    2.612    3.0974     0.254     0.198
    2.647    3.1370     0.252     0.200
    2.683    3.1722     0.250     0.202
 
# Band-Index:   50
    2.683    3.1722     0.250     0.202
    2.647    3.2008     0.248     0.200
    2.612    3.2207     0.244     0.200
    2.577    3.2302     0.242     0.198
    2.541    3.2275     0.238     0.194
    2.506    3.1594     0.298     0.194
    2.471    3.0541     0.300     0.194
    2.436    2.9426     0.292     0.198
    2.400    2.8744     0.288     0.194
    2.365    2.8264     0.296     0.190
    2.330    2.7785     0.304     0.186
    2.294    2.7321     0.308     0.182
    2.259    2.6917     0.314     0.176
    2.224    2.6629     0.320     0.166
    2.189    2.6498     0.330     0.154
    2.153    2.6492     0.334     0.150
    2.118    2.6519     0.334     0.152
    2.083    2.6513     0.328     0.156
    2.047    2.6446     0.322     0.162
    2.012    2.6315     0.314     0.168
    2.012    2.6315     0.314     0.168
    1.970    2.6418     0.322     0.162
    1.929    2.6503     0.328     0.156
    1.887    2.6623     0.218     0.200
    1.845    2.6838     0.204     0.196
    1.803    2.7168     0.200     0.190
    1.761    2.7524     0.200     0.186
    1.720    2.7857     0.208     0.186
    1.678    2.8092     0.216     0.186
    1.636    2.8540     0.260     0.212
    1.594    2.9142     0.260     0.210
    1.553    2.9368     0.274     0.174
    1.511    2.8663     0.270     0.168
    1.469    2.8484     0.260     0.162
    1.427    2.8954     0.256     0.164
    1.386    2.9696     0.258     0.172
    1.344    3.0478     0.262     0.182
    1.302    3.1131     0.268     0.192
    1.260    3.1390     0.278     0.206
    1.218    3.1510     0.278     0.204
    1.218    3.1510     0.277     0.204
    1.177    3.1390     0.278     0.206
    1.135    3.1131     0.268     0.192
    1.093    3.0478     0.262     0.182
    1.051    2.9696     0.258     0.172
    1.010    2.8954     0.256     0.164
    0.968    2.8484     0.260     0.162
    0.926    2.8663     0.270     0.168
    0.884    2.9368     0.274     0.174
    0.842    2.9142     0.260     0.210
    0.801    2.8540     0.260     0.212
    0.759    2.8092     0.216     0.186
    0.717    2.7857     0.208     0.186
    0.675    2.7524     0.200     0.186
    0.634    2.7168     0.200     0.190
    0.592    2.6838     0.204     0.196
    0.550    2.6623     0.218     0.200
    0.508    2.6503     0.328     0.156
    0.467    2.6418     0.322     0.162
    0.425    2.6315     0.314     0.168
    0.425    2.6315     0.314     0.168
    0.402    2.6297     0.314     0.168
    0.380    2.6185     0.314     0.166
    0.358    2.5997     0.312     0.164
    0.335    2.5764     0.310     0.160
    0.313    2.5523     0.306     0.158
    0.291    2.5378     0.304     0.160
    0.268    2.5376     0.306     0.160
    0.246    2.5653     0.198     0.170
    0.224    2.6012     0.206     0.176
    0.201    2.6338     0.214     0.182
    0.179    2.6601     0.226     0.192
    0.156    2.6916     0.302     0.174
    0.134    2.7410     0.298     0.178
    0.112    2.7913     0.296     0.180
    0.089    2.8401     0.292     0.184
    0.067    2.8852     0.288     0.184
    0.045    2.9248     0.284     0.186
    0.022    2.9208     0.242     0.166
    0.000    2.9017     0.250     0.170
 
# Band-Index:   51
    0.000    2.9815     0.274     0.184
    0.022    2.9573     0.278     0.186
    0.045    2.9271     0.238     0.164
    0.067    2.9219     0.232     0.160
    0.089    2.9071     0.228     0.156
    0.112    2.8855     0.226     0.154
    0.134    2.8603     0.226     0.152
    0.156    2.8353     0.230     0.154
    0.179    2.8140     0.236     0.158
    0.201    2.7984     0.242     0.164
    0.224    2.7879     0.248     0.170
    0.246    2.7813     0.250     0.174
    0.268    2.7771     0.252     0.178
    0.291    2.7747     0.252     0.178
    0.313    2.7737     0.252     0.180
    0.335    2.7738     0.252     0.180
    0.358    2.7750     0.252     0.180
    0.380    2.7773     0.250     0.180
    0.402    2.7807     0.250     0.180
    0.425    2.7854     0.250     0.180
    0.425    2.7854     0.250     0.180
    0.467    2.7191     0.250     0.186
    0.508    2.6713     0.240     0.194
    0.550    2.6759     0.332     0.156
    0.592    2.7314     0.332     0.160
    0.634    2.8143     0.328     0.168
    0.675    2.9116     0.320     0.176
    0.717    3.0073     0.310     0.180
    0.759    3.0324     0.234     0.166
    0.801    3.0269     0.250     0.172
    0.842    2.9976     0.266     0.176
    0.884    2.9591     0.264     0.208
    0.926    2.9940     0.268     0.208
    0.968    3.0247     0.274     0.208
    1.010    3.0538     0.278     0.208
    1.051    3.0805     0.280     0.208
    1.093    3.1038     0.280     0.208
    1.135    3.1234     0.280     0.206
    1.177    3.1511     0.274     0.200
    1.218    3.1510     0.278     0.204
    1.218    3.1510     0.278     0.204
    1.260    3.1511     0.274     0.200
    1.302    3.1234     0.280     0.206
    1.344    3.1038     0.280     0.208
    1.386    3.0805     0.280     0.208
    1.427    3.0538     0.278     0.208
    1.469    3.0247     0.274     0.208
    1.511    2.9940     0.268     0.208
    1.553    2.9591     0.264     0.208
    1.594    2.9976     0.266     0.176
    1.636    3.0269     0.250     0.172
    1.678    3.0324     0.234     0.166
    1.720    3.0073     0.310     0.180
    1.761    2.9116     0.320     0.176
    1.803    2.8143     0.328     0.168
    1.845    2.7314     0.332     0.160
    1.887    2.6759     0.332     0.156
    1.929    2.6713     0.240     0.194
    1.970    2.7191     0.250     0.186
    2.012    2.7854     0.250     0.180
    2.012    2.7854     0.250     0.180
    2.047    2.7185     0.250     0.186
    2.083    2.6696     0.238     0.196
    2.118    2.6636     0.218     0.202
    2.153    2.6930     0.206     0.200
    2.189    2.7376     0.200     0.196
    2.224    2.7888     0.198     0.194
    2.259    2.8437     0.200     0.192
    2.294    2.9017     0.202     0.190
    2.330    2.9620     0.206     0.190
    2.365    3.0234     0.212     0.190
    2.400    3.0830     0.218     0.190
    2.436    3.1369     0.226     0.190
    2.471    3.1806     0.230     0.192
    2.506    3.2112     0.236     0.192
    2.541    3.2494     0.296     0.196
    2.577    3.3241     0.292     0.200
    2.612    3.3839     0.286     0.202
    2.647    3.4294     0.282     0.202
    2.683    3.4611     0.274     0.204
 
# Band-Index:   52
    2.683    3.4611     0.274     0.204
    2.647    3.4793     0.266     0.202
    2.612    3.4848     0.256     0.202
    2.577    3.4788     0.248     0.200
    2.541    3.4629     0.238     0.196
    2.506    3.4384     0.228     0.194
    2.471    3.4063     0.222     0.190
    2.436    3.3675     0.218     0.186
    2.400    3.3235     0.216     0.182
    2.365    3.2767     0.216     0.178
    2.330    3.2294     0.216     0.174
    2.294    3.1830     0.216     0.170
    2.259    3.1382     0.218     0.168
    2.224    3.0948     0.220     0.168
    2.189    3.0522     0.224     0.168
    2.153    3.0087     0.228     0.168
    2.118    2.9623     0.234     0.170
    2.083    2.9105     0.240     0.172
    2.047    2.8515     0.246     0.176
    2.012    2.7854     0.250     0.180
    2.012    2.7854     0.250     0.180
    1.970    2.8518     0.246     0.176
    1.929    2.9092     0.240     0.172
    1.887    2.9537     0.234     0.168
    1.845    2.9852     0.228     0.164
    1.803    3.0057     0.222     0.162
    1.761    3.0189     0.220     0.160
    1.720    3.0277     0.224     0.162
    1.678    3.0877     0.298     0.182
    1.636    3.1441     0.288     0.182
    1.594    3.1750     0.276     0.180
    1.553    3.1854     0.270     0.178
    1.511    3.1843     0.266     0.180
    1.469    3.1794     0.266     0.184
    1.427    3.1750     0.268     0.188
    1.386    3.1719     0.270     0.192
    1.344    3.1691     0.272     0.196
    1.302    3.1654     0.274     0.200
    1.260    3.1596     0.276     0.202
    1.218    3.1510     0.278     0.204
    1.218    3.1510     0.278     0.204
    1.177    3.1596     0.276     0.202
    1.135    3.1654     0.274     0.200
    1.093    3.1691     0.272     0.196
    1.051    3.1719     0.270     0.192
    1.010    3.1750     0.268     0.188
    0.968    3.1794     0.266     0.184
    0.926    3.1843     0.266     0.180
    0.884    3.1854     0.270     0.178
    0.842    3.1750     0.276     0.180
    0.801    3.1441     0.288     0.182
    0.759    3.0877     0.298     0.182
    0.717    3.0277     0.224     0.162
    0.675    3.0189     0.220     0.160
    0.634    3.0057     0.222     0.162
    0.592    2.9852     0.228     0.164
    0.550    2.9537     0.234     0.168
    0.508    2.9092     0.240     0.172
    0.467    2.8518     0.246     0.176
    0.425    2.7854     0.250     0.180
    0.425    2.7854     0.250     0.180
    0.402    2.7914     0.250     0.178
    0.380    2.7987     0.250     0.178
    0.358    2.8074     0.248     0.178
    0.335    2.8177     0.248     0.176
    0.313    2.8295     0.248     0.176
    0.291    2.8428     0.248     0.174
    0.268    2.8578     0.246     0.174
    0.246    2.8743     0.246     0.172
    0.224    2.8921     0.246     0.172
    0.201    2.9109     0.246     0.172
    0.179    2.9303     0.246     0.172
    0.156    2.9495     0.248     0.172
    0.134    2.9677     0.250     0.172
    0.112    2.9836     0.252     0.174
    0.089    2.9960     0.254     0.176
    0.067    3.0032     0.258     0.178
    0.045    3.0039     0.264     0.180
    0.022    2.9970     0.268     0.182
    0.000    2.9815     0.274     0.184
 
# Band-Index:   53
    0.000    4.4242     0.070     0.018
    0.022    4.3797     0.070     0.018
    0.045    4.3357     0.070     0.020
    0.067    4.2919     0.070     0.020
    0.089    4.2480     0.068     0.020
    0.112    4.2041     0.068     0.020
    0.134    4.1605     0.066     0.020
    0.156    4.1178     0.064     0.020
    0.179    4.0764     0.064     0.020
    0.201    4.0367     0.062     0.020
    0.224    3.9992     0.060     0.020
    0.246    3.9642     0.060     0.020
    0.268    3.9322     0.060     0.020
    0.291    3.9034     0.058     0.020
    0.313    3.8783     0.058     0.018
    0.335    3.8574     0.058     0.018
    0.358    3.8414     0.058     0.018
    0.380    3.8308     0.058     0.018
    0.402    3.8263     0.058     0.018
    0.425    3.8277     0.058     0.018
    0.425    3.8277     0.058     0.018
    0.467    3.8303     0.058     0.018
    0.508    3.8523     0.058     0.018
    0.550    3.8914     0.060     0.018
    0.592    3.9447     0.060     0.020
    0.634    4.0086     0.062     0.020
    0.675    4.0800     0.062     0.020
    0.717    4.1557     0.064     0.020
    0.759    4.2338     0.064     0.018
    0.801    4.3147     0.064     0.018
    0.842    4.4018     0.062     0.018
    0.884    4.4988     0.062     0.018
    0.926    4.6053     0.064     0.020
    0.968    4.7133     0.066     0.024
    1.010    4.8038     0.066     0.030
    1.051    4.8542     0.064     0.038
    1.093    4.8643     0.058     0.042
    1.135    4.8542     0.052     0.042
    1.177    4.8420     0.048     0.042
    1.218    4.8379     0.047     0.043
    1.218    4.8379     0.047     0.043
    1.260    4.8420     0.048     0.042
    1.302    4.8542     0.052     0.042
    1.344    4.8643     0.058     0.042
    1.386    4.8542     0.064     0.038
    1.427    4.8038     0.066     0.030
    1.469    4.7133     0.066     0.024
    1.511    4.6053     0.064     0.020
    1.553    4.4988     0.062     0.018
    1.594    4.4018     0.062     0.018
    1.636    4.3147     0.064     0.018
    1.678    4.2338     0.064     0.018
    1.720    4.1557     0.064     0.020
    1.761    4.0800     0.062     0.020
    1.803    4.0086     0.062     0.020
    1.845    3.9447     0.060     0.020
    1.887    3.8914     0.060     0.018
    1.929    3.8523     0.058     0.018
    1.970    3.8303     0.058     0.018
    2.012    3.8277     0.058     0.018
    2.012    3.8277     0.058     0.018
    2.047    3.8289     0.058     0.018
    2.083    3.8434     0.058     0.018
    2.118    3.8706     0.058     0.018
    2.153    3.9091     0.060     0.018
    2.189    3.9573     0.060     0.020
    2.224    4.0140     0.060     0.020
    2.259    4.0780     0.062     0.022
    2.294    4.1484     0.062     0.022
    2.330    4.2241     0.064     0.024
    2.365    4.3044     0.064     0.024
    2.400    4.3892     0.064     0.026
    2.436    4.4786     0.064     0.026
    2.471    4.5735     0.064     0.028
    2.506    4.6752     0.062     0.030
    2.541    4.7847     0.062     0.030
    2.577    4.9022     0.060     0.030
    2.612    5.0271     0.062     0.030
    2.647    5.1580     0.064     0.030
    2.683    5.2922     0.068     0.030
 
# Band-Index:   54
    2.683    5.2922     0.068     0.030
    2.647    5.3064     0.056     0.030
    2.612    5.1560     0.054     0.030
    2.577    5.0138     0.052     0.030
    2.541    4.8805     0.052     0.028
    2.506    4.7562     0.052     0.026
    2.471    4.6410     0.052     0.026
    2.436    4.5343     0.054     0.024
    2.400    4.4356     0.054     0.022
    2.365    4.3440     0.054     0.022
    2.330    4.2592     0.054     0.020
    2.294    4.1810     0.054     0.020
    2.259    4.1096     0.054     0.018
    2.224    4.0453     0.054     0.018
    2.189    3.9881     0.054     0.018
    2.153    3.9383     0.056     0.018
    2.118    3.8964     0.056     0.018
    2.083    3.8630     0.058     0.018
    2.047    3.8396     0.058     0.018
    2.012    3.8278     0.058     0.018
    2.012    3.8278     0.058     0.018
    1.970    3.8437     0.058     0.018
    1.929    3.8749     0.058     0.016
    1.887    3.9180     0.056     0.016
    1.845    3.9714     0.054     0.016
    1.803    4.0344     0.054     0.016
    1.761    4.1061     0.056     0.016
    1.720    4.1851     0.056     0.016
    1.678    4.2696     0.056     0.016
    1.636    4.3600     0.056     0.016
    1.594    4.4584     0.054     0.018
    1.553    4.5665     0.056     0.018
    1.511    4.6821     0.058     0.022
    1.469    4.7919     0.062     0.030
    1.427    4.8667     0.066     0.042
    1.386    4.8908     0.062     0.048
    1.344    4.8821     0.056     0.050
    1.302    4.8623     0.052     0.046
    1.260    4.8437     0.048     0.042
    1.218    4.8379     0.047     0.043
    1.218    4.8379     0.047     0.043
    1.177    4.8437     0.048     0.042
    1.135    4.8623     0.052     0.046
    1.093    4.8821     0.056     0.050
    1.051    4.8908     0.062     0.048
    1.010    4.8667     0.066     0.042
    0.968    4.7919     0.062     0.030
    0.926    4.6821     0.058     0.022
    0.884    4.5665     0.056     0.018
    0.842    4.4584     0.054     0.018
    0.801    4.3600     0.056     0.016
    0.759    4.2696     0.056     0.016
    0.717    4.1851     0.056     0.016
    0.675    4.1061     0.056     0.016
    0.634    4.0344     0.054     0.016
    0.592    3.9714     0.054     0.016
    0.550    3.9180     0.056     0.016
    0.508    3.8749     0.058     0.016
    0.467    3.8437     0.058     0.018
    0.425    3.8278     0.058     0.018
    0.425    3.8278     0.058     0.018
    0.402    3.8349     0.058     0.018
    0.380    3.8471     0.058     0.018
    0.358    3.8633     0.058     0.016
    0.335    3.8827     0.058     0.016
    0.313    3.9050     0.056     0.016
    0.291    3.9297     0.056     0.016
    0.268    3.9568     0.054     0.014
    0.246    3.9863     0.054     0.014
    0.224    4.0182     0.054     0.014
    0.201    4.0526     0.054     0.014
    0.179    4.0892     0.054     0.014
    0.156    4.1281     0.054     0.014
    0.134    4.1691     0.054     0.014
    0.112    4.2120     0.056     0.014
    0.089    4.2567     0.056     0.014
    0.067    4.3030     0.058     0.014
    0.045    4.3510     0.058     0.014
    0.022    4.4008     0.058     0.014
    0.000    4.4243     0.070     0.018
 
# Band-Index:   55
    0.000    4.4525     0.060     0.016
    0.022    4.4702     0.070     0.018
    0.045    4.5179     0.070     0.018
    0.067    4.5390     0.012     0.042
    0.089    4.4937     0.010     0.042
    0.112    4.4497     0.010     0.040
    0.134    4.4073     0.010     0.040
    0.156    4.3667     0.010     0.038
    0.179    4.3282     0.010     0.036
    0.201    4.2919     0.010     0.036
    0.224    4.2581     0.010     0.036
    0.246    4.2270     0.010     0.034
    0.268    4.1988     0.008     0.034
    0.291    4.1736     0.008     0.034
    0.313    4.1517     0.008     0.034
    0.335    4.1334     0.008     0.034
    0.358    4.1189     0.008     0.034
    0.380    4.1085     0.008     0.034
    0.402    4.1025     0.008     0.034
    0.425    4.1010     0.008     0.034
    0.425    4.1010     0.008     0.034
    0.467    4.1070     0.008     0.034
    0.508    4.1278     0.008     0.034
    0.550    4.1623     0.008     0.034
    0.592    4.2090     0.008     0.034
    0.634    4.2664     0.010     0.036
    0.675    4.3337     0.010     0.036
    0.717    4.4100     0.012     0.038
    0.759    4.4947     0.014     0.042
    0.801    4.5872     0.016     0.044
    0.842    4.6862     0.020     0.046
    0.884    4.7892     0.022     0.048
    0.926    4.8919     0.026     0.050
    0.968    4.9949     0.026     0.050
    1.010    5.0188     0.054     0.052
    1.051    4.9547     0.052     0.048
    1.093    4.9024     0.048     0.046
    1.135    4.8651     0.048     0.044
    1.177    4.8453     0.048     0.044
    1.218    4.8379     0.047     0.043
    1.218    4.8379     0.047     0.043
    1.260    4.8453     0.048     0.044
    1.302    4.8651     0.048     0.044
    1.344    4.9024     0.048     0.046
    1.386    4.9547     0.052     0.048
    1.427    5.0188     0.054     0.052
    1.469    4.9949     0.026     0.050
    1.511    4.8919     0.026     0.050
    1.553    4.7892     0.022     0.048
    1.594    4.6862     0.020     0.046
    1.636    4.5872     0.016     0.044
    1.678    4.4947     0.014     0.042
    1.720    4.4100     0.012     0.038
    1.761    4.3337     0.010     0.036
    1.803    4.2664     0.010     0.036
    1.845    4.2090     0.008     0.034
    1.887    4.1623     0.008     0.034
    1.929    4.1278     0.008     0.034
    1.970    4.1070     0.008     0.034
    2.012    4.1010     0.008     0.034
    2.012    4.1010     0.008     0.034
    2.047    4.1049     0.008     0.034
    2.083    4.1193     0.008     0.034
    2.118    4.1440     0.008     0.034
    2.153    4.1781     0.008     0.034
    2.189    4.2211     0.008     0.034
    2.224    4.2724     0.010     0.034
    2.259    4.3314     0.010     0.036
    2.294    4.3979     0.012     0.036
    2.330    4.4718     0.014     0.036
    2.365    4.5531     0.016     0.038
    2.400    4.6423     0.018     0.038
    2.436    4.7397     0.020     0.040
    2.471    4.8454     0.022     0.040
    2.506    4.9595     0.026     0.042
    2.541    5.0814     0.028     0.044
    2.577    5.2100     0.030     0.046
    2.612    5.3437     0.032     0.050
    2.647    5.4245     0.072     0.028
    2.683    5.4634     0.058     0.032
 
# Band-Index:   56
    2.683    5.4634     0.058     0.032
    2.647    5.4794     0.032     0.054
    2.612    5.3792     0.036     0.048
    2.577    5.2451     0.034     0.046
    2.541    5.1170     0.034     0.044
    2.506    4.9957     0.032     0.042
    2.471    4.8817     0.028     0.040
    2.436    4.7752     0.026     0.040
    2.400    4.6761     0.024     0.038
    2.365    4.5842     0.022     0.038
    2.330    4.4996     0.018     0.036
    2.294    4.4221     0.016     0.036
    2.259    4.3521     0.016     0.034
    2.224    4.2898     0.014     0.034
    2.189    4.2355     0.012     0.034
    2.153    4.1897     0.010     0.032
    2.118    4.1529     0.010     0.032
    2.083    4.1254     0.008     0.032
    2.047    4.1080     0.008     0.032
    2.012    4.1011     0.008     0.034
    2.012    4.1011     0.008     0.034
    1.970    4.1104     0.008     0.032
    1.929    4.1341     0.008     0.032
    1.887    4.1708     0.010     0.032
    1.845    4.2194     0.010     0.034
    1.803    4.2789     0.012     0.034
    1.761    4.3486     0.014     0.036
    1.720    4.4282     0.014     0.038
    1.678    4.5172     0.018     0.038
    1.636    4.6152     0.020     0.040
    1.594    4.7207     0.022     0.042
    1.553    4.8307     0.024     0.044
    1.511    4.9405     0.026     0.048
    1.469    5.0455     0.028     0.050
    1.427    5.0617     0.058     0.054
    1.386    4.9844     0.054     0.048
    1.344    4.9212     0.052     0.046
    1.302    4.8755     0.050     0.044
    1.260    4.8481     0.048     0.042
    1.218    4.8379     0.047     0.043
    1.218    4.8379     0.047     0.043
    1.177    4.8481     0.048     0.042
    1.135    4.8755     0.050     0.044
    1.093    4.9212     0.052     0.046
    1.051    4.9844     0.054     0.048
    1.010    5.0617     0.058     0.054
    0.968    5.0455     0.028     0.050
    0.926    4.9405     0.026     0.048
    0.884    4.8307     0.024     0.044
    0.842    4.7207     0.022     0.042
    0.801    4.6152     0.020     0.040
    0.759    4.5172     0.018     0.038
    0.717    4.4282     0.014     0.038
    0.675    4.3486     0.014     0.036
    0.634    4.2789     0.012     0.034
    0.592    4.2194     0.010     0.034
    0.550    4.1708     0.010     0.032
    0.508    4.1341     0.008     0.032
    0.467    4.1104     0.008     0.032
    0.425    4.1011     0.008     0.034
    0.425    4.1011     0.008     0.034
    0.402    4.1041     0.008     0.032
    0.380    4.1116     0.008     0.032
    0.358    4.1232     0.008     0.032
    0.335    4.1387     0.008     0.032
    0.313    4.1576     0.008     0.032
    0.291    4.1799     0.010     0.032
    0.268    4.2053     0.010     0.032
    0.246    4.2337     0.010     0.032
    0.224    4.2650     0.010     0.032
    0.201    4.2991     0.010     0.034
    0.179    4.3358     0.010     0.034
    0.156    4.3751     0.012     0.036
    0.134    4.4167     0.012     0.036
    0.112    4.4605     0.012     0.038
    0.089    4.5063     0.014     0.038
    0.067    4.5540     0.014     0.040
    0.045    4.5610     0.062     0.018
    0.022    4.5061     0.060     0.018
    0.000    4.4526     0.060     0.016
 
# Band-Index:   57
    0.000    4.6826     0.014     0.046
    0.022    4.6335     0.012     0.046
    0.045    4.5857     0.012     0.044
    0.067    4.5671     0.070     0.018
    0.089    4.6174     0.070     0.020
    0.112    4.6674     0.070     0.022
    0.134    4.7159     0.070     0.024
    0.156    4.7615     0.070     0.028
    0.179    4.8033     0.068     0.030
    0.201    4.8408     0.068     0.034
    0.224    4.8742     0.066     0.036
    0.246    4.9039     0.064     0.038
    0.268    4.9306     0.062     0.040
    0.291    4.9544     0.060     0.040
    0.313    4.9757     0.058     0.042
    0.335    4.9941     0.056     0.042
    0.358    4.9954     0.050     0.050
    0.380    4.9746     0.050     0.050
    0.402    4.9635     0.050     0.050
    0.425    4.9634     0.050     0.050
    0.425    4.9634     0.050     0.050
    0.467    4.9712     0.050     0.050
    0.508    5.0076     0.050     0.050
    0.550    5.0471     0.054     0.048
    0.592    5.0705     0.056     0.052
    0.634    5.1036     0.060     0.056
    0.675    5.1403     0.066     0.060
    0.717    5.1717     0.070     0.064
    0.759    5.1909     0.072     0.066
    0.801    5.1986     0.074     0.066
    0.842    5.1993     0.074     0.064
    0.884    5.1866     0.072     0.060
    0.926    5.1484     0.066     0.058
    0.968    5.0876     0.060     0.054
    1.010    5.1148     0.026     0.040
    1.051    5.2646     0.028     0.034
    1.093    5.4178     0.036     0.030
    1.135    5.5835     0.040     0.026
    1.177    5.7468     0.044     0.022
    1.218    5.8547     0.048     0.023
    1.218    5.8547     0.048     0.023
    1.260    5.7468     0.044     0.022
    1.302    5.5835     0.040     0.026
    1.344    5.4178     0.036     0.030
    1.386    5.2646     0.028     0.034
    1.427    5.1148     0.026     0.040
    1.469    5.0876     0.060     0.054
    1.511    5.1484     0.066     0.058
    1.553    5.1866     0.072     0.060
    1.594    5.1993     0.074     0.064
    1.636    5.1986     0.074     0.066
    1.678    5.1909     0.072     0.066
    1.720    5.1717     0.070     0.064
    1.761    5.1403     0.066     0.060
    1.803    5.1036     0.060     0.056
    1.845    5.0705     0.056     0.052
    1.887    5.0471     0.054     0.048
    1.929    5.0076     0.050     0.050
    1.970    4.9712     0.050     0.050
    2.012    4.9634     0.050     0.050
    2.012    4.9634     0.050     0.050
    2.047    4.9679     0.050     0.050
    2.083    4.9919     0.050     0.050
    2.118    5.0317     0.050     0.050
    2.153    5.0816     0.050     0.048
    2.189    5.1139     0.052     0.050
    2.224    5.1515     0.054     0.052
    2.259    5.1956     0.056     0.054
    2.294    5.2464     0.058     0.056
    2.330    5.3046     0.062     0.060
    2.365    5.3625     0.052     0.044
    2.400    5.4060     0.052     0.046
    2.436    5.4565     0.052     0.048
    2.471    5.5171     0.052     0.050
    2.506    5.5895     0.052     0.052
    2.541    5.6746     0.054     0.054
    2.577    5.6372     0.088     0.032
    2.612    5.5455     0.080     0.028
    2.647    5.5179     0.034     0.050
    2.683    5.6123     0.028     0.060
 
# Band-Index:   58
    2.683    5.6123     0.028     0.060
    2.647    5.6222     0.064     0.034
    2.612    5.7621     0.070     0.052
    2.577    5.7721     0.054     0.056
    2.541    5.6765     0.088     0.040
    2.506    5.6170     0.056     0.062
    2.471    5.5437     0.054     0.060
    2.436    5.4820     0.054     0.056
    2.400    5.4307     0.052     0.054
    2.365    5.3720     0.066     0.062
    2.330    5.3224     0.050     0.042
    2.294    5.2793     0.062     0.054
    2.259    5.2232     0.058     0.052
    2.224    5.1737     0.056     0.050
    2.189    5.1312     0.054     0.048
    2.153    5.0831     0.052     0.048
    2.118    5.0593     0.052     0.048
    2.083    5.0134     0.052     0.052
    2.047    4.9793     0.052     0.052
    2.012    4.9634     0.050     0.050
    2.012    4.9634     0.050     0.050
    1.970    4.9868     0.052     0.052
    1.929    5.0347     0.052     0.046
    1.887    5.0634     0.050     0.048
    1.845    5.1055     0.062     0.052
    1.803    5.1561     0.068     0.056
    1.761    5.2109     0.074     0.062
    1.720    5.2573     0.080     0.068
    1.678    5.2824     0.082     0.072
    1.636    5.2840     0.082     0.076
    1.594    5.2750     0.078     0.076
    1.553    5.2606     0.076     0.074
    1.511    5.2186     0.070     0.066
    1.469    5.1452     0.064     0.060
    1.427    5.1495     0.030     0.046
    1.386    5.2714     0.032     0.036
    1.344    5.4397     0.030     0.028
    1.302    5.6227     0.034     0.026
    1.260    5.7918     0.040     0.026
    1.218    5.8547     0.048     0.023
    1.218    5.8547     0.048     0.023
    1.177    5.7918     0.040     0.026
    1.135    5.6227     0.034     0.026
    1.093    5.4397     0.030     0.028
    1.051    5.2714     0.032     0.036
    1.010    5.1495     0.030     0.046
    0.968    5.1452     0.064     0.060
    0.926    5.2186     0.070     0.066
    0.884    5.2606     0.076     0.074
    0.842    5.2750     0.078     0.076
    0.801    5.2840     0.082     0.076
    0.759    5.2824     0.082     0.072
    0.717    5.2573     0.080     0.068
    0.675    5.2109     0.074     0.062
    0.634    5.1561     0.068     0.056
    0.592    5.1055     0.062     0.052
    0.550    5.0634     0.050     0.048
    0.508    5.0347     0.052     0.046
    0.467    4.9868     0.052     0.052
    0.425    4.9634     0.050     0.050
    0.425    4.9634     0.050     0.050
    0.402    4.9744     0.052     0.052
    0.380    4.9959     0.052     0.052
    0.358    5.0095     0.054     0.044
    0.335    4.9989     0.054     0.048
    0.313    4.9832     0.054     0.048
    0.291    4.9656     0.056     0.048
    0.268    4.9462     0.058     0.048
    0.246    4.9250     0.060     0.048
    0.224    4.9015     0.062     0.046
    0.201    4.8749     0.062     0.044
    0.179    4.8445     0.064     0.042
    0.156    4.8091     0.066     0.038
    0.134    4.7682     0.066     0.034
    0.112    4.7216     0.066     0.030
    0.089    4.6704     0.064     0.026
    0.067    4.6162     0.064     0.022
    0.045    4.6035     0.016     0.042
    0.022    4.6548     0.018     0.042
    0.000    4.6828     0.014     0.046
 
# Band-Index:   59
    0.000    4.7079     0.018     0.044
    0.022    4.7334     0.014     0.048
    0.045    4.7861     0.016     0.048
    0.067    4.8414     0.016     0.048
    0.089    4.9003     0.018     0.048
    0.112    4.9640     0.018     0.046
    0.134    5.0337     0.020     0.044
    0.156    5.1098     0.022     0.042
    0.179    5.1922     0.024     0.040
    0.201    5.2383     0.048     0.042
    0.224    5.2052     0.048     0.044
    0.246    5.1696     0.050     0.046
    0.268    5.1324     0.050     0.046
    0.291    5.0946     0.052     0.048
    0.313    5.0577     0.052     0.050
    0.335    5.0239     0.052     0.050
    0.358    5.0122     0.052     0.048
    0.380    5.0211     0.052     0.044
    0.402    5.0284     0.052     0.046
    0.425    5.0311     0.052     0.046
    0.425    5.0311     0.052     0.046
    0.467    5.0308     0.052     0.046
    0.508    5.0362     0.054     0.052
    0.550    5.0674     0.058     0.048
    0.592    5.1277     0.050     0.046
    0.634    5.1916     0.050     0.044
    0.675    5.2504     0.050     0.042
    0.717    5.3037     0.050     0.042
    0.759    5.3539     0.052     0.046
    0.801    5.4089     0.056     0.050
    0.842    5.4698     0.058     0.054
    0.884    5.5262     0.056     0.052
    0.926    5.5713     0.048     0.048
    0.968    5.6164     0.038     0.038
    1.010    5.6824     0.030     0.030
    1.051    5.7419     0.042     0.026
    1.093    5.7758     0.042     0.024
    1.135    5.8057     0.044     0.022
    1.177    5.8308     0.046     0.022
    1.218    5.8547     0.048     0.023
    1.218    5.8547     0.048     0.023
    1.260    5.8308     0.046     0.022
    1.302    5.8057     0.044     0.022
    1.344    5.7758     0.042     0.024
    1.386    5.7419     0.042     0.026
    1.427    5.6824     0.030     0.030
    1.469    5.6164     0.038     0.038
    1.511    5.5713     0.048     0.048
    1.553    5.5262     0.056     0.052
    1.594    5.4698     0.058     0.054
    1.636    5.4089     0.056     0.050
    1.678    5.3539     0.052     0.046
    1.720    5.3037     0.050     0.042
    1.761    5.2504     0.050     0.042
    1.803    5.1916     0.050     0.044
    1.845    5.1277     0.050     0.046
    1.887    5.0674     0.058     0.048
    1.929    5.0362     0.054     0.052
    1.970    5.0308     0.052     0.046
    2.012    5.0311     0.052     0.046
    2.012    5.0311     0.052     0.046
    2.047    5.0332     0.052     0.046
    2.083    5.0426     0.052     0.046
    2.118    5.0610     0.052     0.050
    2.153    5.0961     0.054     0.048
    2.189    5.1355     0.050     0.046
    2.224    5.1885     0.050     0.044
    2.259    5.2375     0.048     0.044
    2.294    5.2817     0.050     0.042
    2.330    5.3411     0.066     0.058
    2.365    5.3874     0.052     0.050
    2.400    5.4507     0.070     0.064
    2.436    5.5359     0.078     0.062
    2.471    5.6077     0.082     0.058
    2.506    5.6598     0.086     0.052
    2.541    5.7026     0.058     0.064
    2.577    5.7999     0.058     0.068
    2.612    5.8527     0.018     0.056
    2.647    5.7359     0.022     0.066
    2.683    5.6584     0.030     0.054
 
# Band-Index:   60
    2.683    5.6584     0.030     0.054
    2.647    5.7948     0.024     0.060
    2.612    5.8805     0.056     0.058
    2.577    5.8277     0.060     0.076
    2.541    5.8142     0.064     0.082
    2.506    5.7471     0.070     0.080
    2.471    5.6530     0.072     0.078
    2.436    5.5575     0.072     0.074
    2.400    5.4789     0.072     0.066
    2.365    5.4079     0.070     0.062
    2.330    5.3486     0.050     0.048
    2.294    5.3106     0.050     0.046
    2.259    5.2696     0.050     0.046
    2.224    5.2233     0.050     0.046
    2.189    5.1713     0.052     0.048
    2.153    5.1157     0.052     0.050
    2.118    5.0685     0.052     0.046
    2.083    5.0486     0.052     0.046
    2.047    5.0361     0.052     0.046
    2.012    5.0311     0.052     0.046
    2.012    5.0311     0.052     0.046
    1.970    5.0343     0.052     0.046
    1.929    5.0445     0.054     0.046
    1.887    5.0999     0.054     0.050
    1.845    5.1656     0.052     0.048
    1.803    5.2246     0.050     0.046
    1.761    5.2743     0.048     0.044
    1.720    5.3197     0.052     0.046
    1.678    5.3732     0.058     0.048
    1.636    5.4385     0.064     0.052
    1.594    5.5067     0.066     0.054
    1.553    5.5624     0.062     0.052
    1.511    5.5991     0.052     0.046
    1.469    5.6326     0.040     0.036
    1.427    5.6894     0.030     0.028
    1.386    5.7792     0.024     0.026
    1.344    5.8487     0.036     0.026
    1.302    5.8737     0.042     0.026
    1.260    5.8744     0.046     0.024
    1.218    5.8547     0.048     0.023
    1.218    5.8547     0.048     0.023
    1.177    5.8744     0.046     0.024
    1.135    5.8737     0.042     0.026
    1.093    5.8487     0.036     0.026
    1.051    5.7792     0.024     0.026
    1.010    5.6894     0.030     0.028
    0.968    5.6326     0.040     0.036
    0.926    5.5991     0.052     0.046
    0.884    5.5624     0.062     0.052
    0.842    5.5067     0.066     0.054
    0.801    5.4385     0.064     0.052
    0.759    5.3732     0.058     0.048
    0.717    5.3197     0.052     0.046
    0.675    5.2743     0.048     0.044
    0.634    5.2246     0.050     0.046
    0.592    5.1656     0.052     0.048
    0.550    5.0999     0.054     0.050
    0.508    5.0445     0.054     0.046
    0.467    5.0343     0.052     0.046
    0.425    5.0311     0.052     0.046
    0.425    5.0311     0.052     0.046
    0.402    5.0290     0.052     0.046
    0.380    5.0225     0.052     0.048
    0.358    5.0258     0.054     0.052
    0.335    5.0617     0.056     0.052
    0.313    5.1007     0.056     0.052
    0.291    5.1403     0.054     0.050
    0.268    5.1785     0.054     0.048
    0.246    5.2138     0.052     0.046
    0.224    5.2456     0.048     0.044
    0.201    5.2735     0.046     0.042
    0.179    5.2162     0.026     0.044
    0.156    5.1407     0.024     0.046
    0.134    5.0697     0.024     0.048
    0.112    5.0028     0.024     0.048
    0.089    4.9393     0.022     0.048
    0.067    4.8785     0.022     0.048
    0.045    4.8198     0.020     0.046
    0.022    4.7630     0.020     0.046
    0.000    4.7081     0.018     0.044
 
# Band-Index:   61
    0.000    5.4578     0.044     0.040
    0.022    5.4317     0.044     0.040
    0.045    5.4087     0.044     0.038
    0.067    5.3887     0.042     0.038
    0.089    5.3708     0.048     0.036
    0.112    5.3470     0.046     0.036
    0.134    5.3227     0.046     0.038
    0.156    5.2969     0.046     0.038
    0.179    5.2689     0.046     0.040
    0.201    5.2799     0.024     0.038
    0.224    5.3718     0.026     0.036
    0.246    5.4663     0.028     0.034
    0.268    5.5559     0.032     0.036
    0.291    5.6406     0.036     0.034
    0.313    5.7156     0.038     0.034
    0.335    5.7725     0.042     0.034
    0.358    5.8061     0.042     0.032
    0.380    5.8210     0.042     0.032
    0.402    5.8269     0.042     0.032
    0.425    5.8306     0.042     0.030
    0.425    5.8306     0.042     0.030
    0.467    5.8354     0.042     0.030
    0.508    5.8660     0.044     0.032
    0.550    5.8915     0.046     0.032
    0.592    5.8820     0.044     0.030
    0.634    5.8415     0.042     0.030
    0.675    5.7893     0.044     0.030
    0.717    5.7376     0.046     0.030
    0.759    5.6936     0.048     0.030
    0.801    5.6600     0.052     0.030
    0.842    5.6354     0.056     0.034
    0.884    5.6236     0.054     0.038
    0.926    5.6385     0.052     0.040
    0.968    5.6714     0.046     0.036
    1.010    5.7068     0.042     0.030
    1.051    5.7833     0.024     0.026
    1.093    5.9001     0.024     0.026
    1.135    6.0197     0.028     0.028
    1.177    6.0932     0.034     0.028
    1.218    6.1292     0.028     0.028
    1.218    6.1292     0.028     0.028
    1.260    6.0932     0.034     0.028
    1.302    6.0197     0.028     0.028
    1.344    5.9001     0.024     0.026
    1.386    5.7833     0.024     0.026
    1.427    5.7068     0.042     0.030
    1.469    5.6714     0.046     0.036
    1.511    5.6385     0.052     0.040
    1.553    5.6236     0.054     0.038
    1.594    5.6354     0.056     0.034
    1.636    5.6600     0.052     0.030
    1.678    5.6936     0.048     0.030
    1.720    5.7376     0.046     0.030
    1.761    5.7893     0.044     0.030
    1.803    5.8415     0.042     0.030
    1.845    5.8820     0.044     0.030
    1.887    5.8915     0.046     0.032
    1.929    5.8660     0.044     0.032
    1.970    5.8354     0.042     0.030
    2.012    5.8306     0.042     0.030
    2.012    5.8306     0.042     0.030
    2.047    5.8362     0.042     0.030
    2.083    5.8767     0.044     0.032
    2.118    5.9451     0.048     0.034
    2.153    6.0315     0.054     0.036
    2.189    6.1234     0.060     0.036
    2.224    6.2021     0.064     0.036
    2.259    6.2183     0.082     0.082
    2.294    6.1883     0.056     0.036
    2.330    6.1281     0.048     0.034
    2.365    6.0893     0.042     0.032
    2.400    6.0872     0.036     0.032
    2.436    6.1249     0.034     0.042
    2.471    6.1852     0.032     0.064
    2.506    6.1726     0.054     0.072
    2.541    6.0910     0.032     0.078
    2.577    5.9910     0.036     0.040
    2.612    5.9075     0.060     0.070
    2.647    5.9966     0.060     0.062
    2.683    6.1133     0.070     0.066
 
# Band-Index:   62
    2.683    6.1133     0.070     0.066
    2.647    6.0220     0.062     0.074
    2.612    5.9158     0.016     0.070
    2.577    6.0112     0.016     0.076
    2.541    6.1271     0.052     0.048
    2.506    6.2088     0.054     0.070
    2.471    6.2005     0.064     0.030
    2.436    6.1459     0.042     0.032
    2.400    6.1206     0.038     0.032
    2.365    6.1359     0.038     0.036
    2.330    6.1902     0.044     0.040
    2.294    6.2028     0.084     0.078
    2.259    6.2305     0.064     0.038
    2.224    6.2368     0.072     0.076
    2.189    6.2277     0.054     0.060
    2.153    6.1464     0.062     0.042
    2.118    6.0279     0.056     0.038
    2.083    5.9303     0.050     0.036
    2.047    5.8625     0.044     0.032
    2.012    5.8306     0.042     0.030
    2.012    5.8306     0.042     0.030
    1.970    5.8622     0.044     0.032
    1.929    5.9173     0.048     0.034
    1.887    5.9587     0.046     0.034
    1.845    5.9515     0.040     0.032
    1.803    5.9097     0.036     0.030
    1.761    5.8605     0.036     0.028
    1.720    5.8167     0.036     0.028
    1.678    5.7823     0.036     0.028
    1.636    5.7538     0.038     0.030
    1.594    5.7249     0.040     0.036
    1.553    5.7025     0.040     0.044
    1.511    5.7079     0.040     0.044
    1.469    5.7375     0.038     0.038
    1.427    5.7743     0.034     0.032
    1.386    5.8125     0.034     0.028
    1.344    5.9049     0.022     0.028
    1.302    6.0356     0.022     0.032
    1.260    6.1118     0.032     0.028
    1.218    6.1292     0.028     0.028
    1.218    6.1292     0.028     0.028
    1.177    6.1118     0.032     0.028
    1.135    6.0356     0.022     0.032
    1.093    5.9049     0.022     0.028
    1.051    5.8125     0.034     0.028
    1.010    5.7743     0.034     0.032
    0.968    5.7375     0.038     0.038
    0.926    5.7079     0.040     0.044
    0.884    5.7025     0.040     0.044
    0.842    5.7249     0.040     0.036
    0.801    5.7538     0.038     0.030
    0.759    5.7823     0.036     0.028
    0.717    5.8167     0.036     0.028
    0.675    5.8605     0.036     0.028
    0.634    5.9097     0.036     0.030
    0.592    5.9515     0.040     0.032
    0.550    5.9587     0.046     0.034
    0.508    5.9173     0.048     0.034
    0.467    5.8622     0.044     0.032
    0.425    5.8306     0.042     0.030
    0.425    5.8306     0.042     0.030
    0.402    5.8343     0.042     0.030
    0.380    5.8352     0.042     0.032
    0.358    5.8253     0.042     0.032
    0.335    5.7930     0.040     0.034
    0.313    5.7329     0.036     0.034
    0.291    5.6523     0.032     0.034
    0.268    5.5611     0.030     0.034
    0.246    5.4680     0.030     0.038
    0.224    5.3808     0.028     0.040
    0.201    5.2965     0.028     0.042
    0.179    5.2978     0.046     0.040
    0.156    5.3188     0.044     0.038
    0.134    5.3373     0.042     0.038
    0.112    5.3542     0.042     0.038
    0.089    5.3709     0.042     0.038
    0.067    5.3952     0.048     0.036
    0.045    5.4211     0.050     0.036
    0.022    5.4489     0.050     0.038
    0.000    5.4578     0.044     0.040
 
# Band-Index:   63
    0.000    5.4785     0.050     0.038
    0.022    5.4869     0.044     0.040
    0.045    5.5189     0.042     0.040
    0.067    5.5540     0.040     0.038
    0.089    5.5927     0.038     0.036
    0.112    5.6359     0.034     0.034
    0.134    5.6843     0.032     0.032
    0.156    5.7384     0.030     0.030
    0.179    5.7979     0.028     0.028
    0.201    5.8619     0.028     0.026
    0.224    5.9284     0.028     0.026
    0.246    5.9930     0.028     0.030
    0.268    6.0473     0.028     0.032
    0.291    6.0897     0.028     0.034
    0.313    6.1236     0.026     0.036
    0.335    6.1261     0.040     0.048
    0.358    6.0933     0.038     0.046
    0.380    6.0674     0.036     0.046
    0.402    6.0509     0.036     0.046
    0.425    6.0452     0.036     0.046
    0.425    6.0452     0.036     0.046
    0.467    6.0602     0.036     0.048
    0.508    6.1046     0.040     0.050
    0.550    6.1590     0.044     0.052
    0.592    6.1831     0.056     0.062
    0.634    6.1368     0.074     0.074
    0.675    6.0605     0.076     0.076
    0.717    6.0072     0.076     0.074
    0.759    5.9933     0.074     0.074
    0.801    5.9848     0.038     0.052
    0.842    5.9341     0.044     0.048
    0.884    5.9106     0.050     0.042
    0.926    5.9310     0.058     0.044
    0.968    5.9943     0.064     0.048
    1.010    6.0614     0.058     0.044
    1.051    6.1006     0.050     0.038
    1.093    6.1138     0.046     0.034
    1.135    6.1103     0.042     0.032
    1.177    6.1378     0.026     0.036
    1.218    6.1293     0.028     0.028
    1.218    6.1293     0.028     0.028
    1.260    6.1378     0.026     0.036
    1.302    6.1103     0.042     0.032
    1.344    6.1138     0.046     0.034
    1.386    6.1006     0.050     0.038
    1.427    6.0614     0.058     0.044
    1.469    5.9943     0.064     0.048
    1.511    5.9310     0.058     0.044
    1.553    5.9106     0.050     0.042
    1.594    5.9341     0.044     0.048
    1.636    5.9848     0.038     0.052
    1.678    5.9933     0.074     0.074
    1.720    6.0072     0.076     0.074
    1.761    6.0605     0.076     0.076
    1.803    6.1368     0.074     0.074
    1.845    6.1831     0.056     0.062
    1.887    6.1590     0.044     0.052
    1.929    6.1046     0.040     0.050
    1.970    6.0602     0.036     0.048
    2.012    6.0452     0.036     0.046
    2.012    6.0452     0.036     0.046
    2.047    6.0547     0.036     0.046
    2.083    6.0864     0.038     0.048
    2.118    6.1347     0.042     0.050
    2.153    6.1874     0.044     0.054
    2.189    6.2648     0.052     0.064
    2.224    6.2794     0.076     0.082
    2.259    6.2575     0.084     0.086
    2.294    6.2381     0.076     0.084
    2.330    6.2043     0.084     0.072
    2.365    6.2245     0.084     0.068
    2.400    6.2610     0.084     0.064
    2.436    6.3107     0.082     0.062
    2.471    6.2919     0.048     0.090
    2.506    6.3013     0.038     0.066
    2.541    6.3324     0.072     0.068
    2.577    6.3063     0.090     0.080
    2.612    6.2803     0.098     0.080
    2.647    6.2146     0.088     0.072
    2.683    6.1356     0.068     0.082
 
# Band-Index:   64
    2.683    6.1356     0.068     0.082
    2.647    6.2309     0.078     0.094
    2.612    6.2920     0.092     0.088
    2.577    6.3422     0.086     0.090
    2.541    6.3736     0.074     0.080
    2.506    6.4123     0.096     0.030
    2.471    6.3698     0.082     0.062
    2.436    6.3428     0.046     0.088
    2.400    6.2923     0.048     0.088
    2.365    6.2552     0.054     0.088
    2.330    6.2365     0.064     0.086
    2.294    6.2752     0.050     0.046
    2.259    6.3750     0.056     0.050
    2.224    6.3842     0.034     0.034
    2.189    6.2753     0.066     0.042
    2.153    6.2153     0.044     0.058
    2.118    6.1525     0.042     0.056
    2.083    6.0965     0.040     0.050
    2.047    6.0595     0.036     0.048
    2.012    6.0454     0.036     0.046
    2.012    6.0454     0.036     0.046
    1.970    6.0652     0.036     0.048
    1.929    6.1171     0.040     0.054
    1.887    6.1835     0.046     0.058
    1.845    6.2158     0.056     0.066
    1.803    6.1688     0.074     0.078
    1.761    6.0915     0.076     0.078
    1.720    6.0380     0.072     0.078
    1.678    6.0216     0.068     0.076
    1.636    6.0170     0.034     0.048
    1.594    5.9700     0.038     0.052
    1.553    5.9589     0.046     0.052
    1.511    6.0129     0.060     0.058
    1.469    6.1053     0.060     0.054
    1.427    6.1517     0.040     0.038
    1.386    6.1754     0.036     0.036
    1.344    6.1852     0.034     0.038
    1.302    6.1753     0.032     0.036
    1.260    6.1529     0.028     0.032
    1.218    6.1293     0.028     0.028
    1.218    6.1293     0.028     0.028
    1.177    6.1529     0.028     0.032
    1.135    6.1753     0.032     0.036
    1.093    6.1852     0.034     0.038
    1.051    6.1754     0.036     0.036
    1.010    6.1517     0.040     0.038
    0.968    6.1053     0.060     0.054
    0.926    6.0129     0.060     0.058
    0.884    5.9589     0.046     0.052
    0.842    5.9700     0.038     0.052
    0.801    6.0170     0.034     0.048
    0.759    6.0216     0.068     0.076
    0.717    6.0380     0.072     0.078
    0.675    6.0915     0.076     0.078
    0.634    6.1688     0.074     0.078
    0.592    6.2158     0.056     0.066
    0.550    6.1835     0.046     0.058
    0.508    6.1171     0.040     0.054
    0.467    6.0652     0.036     0.048
    0.425    6.0454     0.036     0.046
    0.425    6.0454     0.036     0.046
    0.402    6.0512     0.036     0.048
    0.380    6.0688     0.038     0.050
    0.358    6.0976     0.040     0.054
    0.335    6.1358     0.042     0.058
    0.313    6.1317     0.030     0.030
    0.291    6.0979     0.030     0.030
    0.268    6.0524     0.030     0.028
    0.246    5.9938     0.028     0.028
    0.224    5.9315     0.028     0.026
    0.201    5.8684     0.028     0.026
    0.179    5.8076     0.030     0.026
    0.156    5.7510     0.032     0.028
    0.134    5.6998     0.034     0.030
    0.112    5.6540     0.038     0.032
    0.089    5.6132     0.042     0.034
    0.067    5.5763     0.046     0.036
    0.045    5.5421     0.048     0.036
    0.022    5.5096     0.050     0.038
    0.000    5.4785     0.050     0.038
 
# Band-Index:   65
    0.000    6.1744     0.082     0.076
    0.022    6.1470     0.080     0.074
    0.045    6.1362     0.080     0.074
    0.067    6.1410     0.080     0.072
    0.089    6.1597     0.082     0.072
    0.112    6.1901     0.082     0.072
    0.134    6.2283     0.082     0.072
    0.156    6.2678     0.078     0.070
    0.179    6.2973     0.068     0.064
    0.201    6.3048     0.052     0.054
    0.224    6.2911     0.040     0.046
    0.246    6.2656     0.036     0.044
    0.268    6.2344     0.036     0.044
    0.291    6.1996     0.038     0.046
    0.313    6.1627     0.040     0.046
    0.335    6.1637     0.024     0.034
    0.358    6.2240     0.022     0.032
    0.380    6.2529     0.024     0.024
    0.402    6.2466     0.024     0.022
    0.425    6.2457     0.024     0.022
    0.425    6.2457     0.024     0.022
    0.467    6.2516     0.024     0.022
    0.508    6.2763     0.026     0.026
    0.550    6.2812     0.028     0.036
    0.592    6.2622     0.032     0.040
    0.634    6.2363     0.032     0.042
    0.675    6.1838     0.032     0.044
    0.717    6.1160     0.032     0.046
    0.759    6.0472     0.034     0.050
    0.801    6.0190     0.076     0.076
    0.842    6.0808     0.076     0.078
    0.884    6.1694     0.030     0.038
    0.926    6.1683     0.026     0.036
    0.968    6.2201     0.040     0.052
    1.010    6.3334     0.048     0.050
    1.051    6.4387     0.054     0.040
    1.093    6.4544     0.034     0.024
    1.135    6.4090     0.024     0.034
    1.177    6.3700     0.024     0.042
    1.218    6.3634     0.024     0.044
    1.218    6.3634     0.024     0.044
    1.260    6.3700     0.024     0.042
    1.302    6.4090     0.024     0.034
    1.344    6.4544     0.034     0.024
    1.386    6.4387     0.054     0.040
    1.427    6.3334     0.048     0.050
    1.469    6.2201     0.040     0.052
    1.511    6.1683     0.026     0.036
    1.553    6.1694     0.030     0.038
    1.594    6.0808     0.076     0.078
    1.636    6.0190     0.076     0.076
    1.678    6.0472     0.034     0.050
    1.720    6.1160     0.032     0.046
    1.761    6.1838     0.032     0.044
    1.803    6.2363     0.032     0.042
    1.845    6.2622     0.032     0.040
    1.887    6.2812     0.028     0.036
    1.929    6.2763     0.026     0.026
    1.970    6.2516     0.024     0.022
    2.012    6.2457     0.024     0.022
    2.012    6.2457     0.024     0.022
    2.047    6.2496     0.024     0.022
    2.083    6.2659     0.026     0.024
    2.118    6.2972     0.030     0.028
    2.153    6.3460     0.044     0.040
    2.189    6.3811     0.058     0.054
    2.224    6.3984     0.046     0.042
    2.259    6.4132     0.026     0.030
    2.294    6.4484     0.028     0.036
    2.330    6.4814     0.036     0.044
    2.365    6.4882     0.086     0.080
    2.400    6.4388     0.084     0.086
    2.436    6.3678     0.076     0.088
    2.471    6.3985     0.044     0.090
    2.506    6.4319     0.082     0.064
    2.541    6.4621     0.038     0.106
    2.577    6.4249     0.066     0.084
    2.612    6.3709     0.064     0.094
    2.647    6.3416     0.064     0.084
    2.683    6.3306     0.062     0.082
 
# Band-Index:   66
    2.683    6.3306     0.062     0.082
    2.647    6.3480     0.060     0.084
    2.612    6.3876     0.058     0.088
    2.577    6.4350     0.050     0.098
    2.541    6.4844     0.104     0.050
    2.506    6.4463     0.044     0.092
    2.471    6.4626     0.108     0.042
    2.436    6.5439     0.106     0.070
    2.400    6.5680     0.052     0.064
    2.365    6.5185     0.044     0.054
    2.330    6.5021     0.036     0.036
    2.294    6.4558     0.028     0.032
    2.259    6.4172     0.028     0.032
    2.224    6.4031     0.068     0.044
    2.189    6.4059     0.072     0.052
    2.153    6.3709     0.054     0.038
    2.118    6.3149     0.036     0.028
    2.083    6.2762     0.028     0.024
    2.047    6.2542     0.024     0.024
    2.012    6.2458     0.024     0.022
    2.012    6.2458     0.024     0.022
    1.970    6.2577     0.026     0.024
    1.929    6.2901     0.032     0.026
    1.887    6.2934     0.030     0.036
    1.845    6.2849     0.036     0.040
    1.803    6.2587     0.036     0.040
    1.761    6.2039     0.036     0.040
    1.720    6.1380     0.034     0.042
    1.678    6.0740     0.032     0.044
    1.636    6.0403     0.068     0.078
    1.594    6.0933     0.070     0.082
    1.553    6.1728     0.074     0.084
    1.511    6.1985     0.026     0.034
    1.469    6.2446     0.032     0.042
    1.427    6.3784     0.068     0.074
    1.386    6.5229     0.064     0.062
    1.344    6.4865     0.030     0.032
    1.302    6.4149     0.024     0.032
    1.260    6.3816     0.024     0.040
    1.218    6.3634     0.024     0.044
    1.218    6.3634     0.024     0.044
    1.177    6.3816     0.024     0.040
    1.135    6.4149     0.024     0.032
    1.093    6.4865     0.030     0.032
    1.051    6.5229     0.064     0.062
    1.010    6.3784     0.068     0.074
    0.968    6.2446     0.032     0.042
    0.926    6.1985     0.026     0.034
    0.884    6.1728     0.074     0.084
    0.842    6.0933     0.070     0.082
    0.801    6.0403     0.068     0.078
    0.759    6.0740     0.032     0.044
    0.717    6.1380     0.034     0.042
    0.675    6.2039     0.036     0.040
    0.634    6.2587     0.036     0.040
    0.592    6.2849     0.036     0.040
    0.550    6.2934     0.030     0.036
    0.508    6.2901     0.032     0.026
    0.467    6.2577     0.026     0.024
    0.425    6.2458     0.024     0.022
    0.425    6.2458     0.024     0.022
    0.402    6.2504     0.024     0.024
    0.380    6.2607     0.026     0.024
    0.358    6.2300     0.024     0.028
    0.335    6.1701     0.026     0.030
    0.313    6.1796     0.042     0.058
    0.291    6.2232     0.040     0.056
    0.268    6.2622     0.034     0.050
    0.246    6.2959     0.034     0.048
    0.224    6.3236     0.036     0.052
    0.201    6.3377     0.050     0.064
    0.179    6.3246     0.066     0.078
    0.156    6.2894     0.074     0.084
    0.134    6.2486     0.074     0.084
    0.112    6.2112     0.074     0.082
    0.089    6.1819     0.072     0.082
    0.067    6.1631     0.072     0.082
    0.045    6.1562     0.070     0.082
    0.022    6.1625     0.070     0.082
    0.000    6.1744     0.082     0.076
 
# Band-Index:   67
    0.000    6.1829     0.072     0.082
    0.022    6.2179     0.072     0.082
    0.045    6.2672     0.074     0.084
    0.067    6.3289     0.076     0.086
    0.089    6.3998     0.078     0.086
    0.112    6.4737     0.078     0.084
    0.134    6.5339     0.026     0.032
    0.156    6.4958     0.030     0.034
    0.179    6.4666     0.040     0.040
    0.201    6.4543     0.060     0.058
    0.224    6.4510     0.072     0.072
    0.246    6.4321     0.072     0.070
    0.268    6.3937     0.060     0.060
    0.291    6.3494     0.048     0.046
    0.313    6.3116     0.036     0.034
    0.335    6.2839     0.028     0.028
    0.358    6.2650     0.026     0.024
    0.380    6.3050     0.024     0.032
    0.402    6.3946     0.026     0.030
    0.425    6.4521     0.028     0.028
    0.425    6.4521     0.028     0.028
    0.467    6.3994     0.026     0.030
    0.508    6.3289     0.024     0.034
    0.550    6.3256     0.038     0.034
    0.592    6.3842     0.048     0.046
    0.634    6.4236     0.032     0.034
    0.675    6.4862     0.026     0.030
    0.717    6.5616     0.070     0.072
    0.759    6.4348     0.070     0.076
    0.801    6.2970     0.054     0.064
    0.842    6.2067     0.040     0.048
    0.884    6.1907     0.084     0.084
    0.926    6.2969     0.076     0.088
    0.968    6.4399     0.076     0.080
    1.010    6.5239     0.056     0.050
    1.051    6.5430     0.044     0.040
    1.093    6.5148     0.042     0.026
    1.135    6.4573     0.036     0.022
    1.177    6.3975     0.026     0.032
    1.218    6.3634     0.024     0.044
    1.218    6.3634     0.024     0.044
    1.260    6.3975     0.026     0.032
    1.302    6.4573     0.036     0.022
    1.344    6.5148     0.042     0.026
    1.386    6.5430     0.044     0.040
    1.427    6.5239     0.056     0.050
    1.469    6.4399     0.076     0.080
    1.511    6.2969     0.076     0.088
    1.553    6.1907     0.084     0.084
    1.594    6.2067     0.040     0.048
    1.636    6.2970     0.054     0.064
    1.678    6.4348     0.070     0.076
    1.720    6.5616     0.070     0.072
    1.761    6.4862     0.026     0.030
    1.803    6.4236     0.032     0.034
    1.845    6.3842     0.048     0.046
    1.887    6.3256     0.038     0.034
    1.929    6.3289     0.024     0.034
    1.970    6.3994     0.026     0.030
    2.012    6.4521     0.028     0.028
    2.012    6.4521     0.028     0.028
    2.047    6.4536     0.028     0.028
    2.083    6.4625     0.030     0.028
    2.118    6.4771     0.032     0.030
    2.153    6.4927     0.036     0.032
    2.189    6.4962     0.046     0.038
    2.224    6.4632     0.056     0.044
    2.259    6.4693     0.060     0.048
    2.294    6.4858     0.068     0.054
    2.330    6.5040     0.080     0.066
    2.365    6.5577     0.046     0.040
    2.400    6.6260     0.104     0.084
    2.436    6.6274     0.062     0.078
    2.471    6.6619     0.072     0.100
    2.506    6.6212     0.050     0.068
    2.541    6.5163     0.062     0.072
    2.577    6.4693     0.090     0.078
    2.612    6.4209     0.076     0.088
    2.647    6.3859     0.074     0.086
    2.683    6.3728     0.076     0.084
 
# Band-Index:   68
    2.683    6.3728     0.076     0.084
    2.647    6.3889     0.076     0.078
    2.612    6.4438     0.082     0.070
    2.577    6.5353     0.098     0.064
    2.541    6.5684     0.046     0.108
    2.506    6.6278     0.066     0.108
    2.471    6.7652     0.044     0.060
    2.436    6.7179     0.068     0.046
    2.400    6.6294     0.056     0.044
    2.365    6.6881     0.102     0.084
    2.330    6.7049     0.094     0.060
    2.294    6.6359     0.074     0.036
    2.259    6.5293     0.072     0.036
    2.224    6.5017     0.058     0.044
    2.189    6.5290     0.048     0.038
    2.153    6.5169     0.038     0.034
    2.118    6.4936     0.032     0.030
    2.083    6.4728     0.030     0.030
    2.047    6.4586     0.028     0.028
    2.012    6.4522     0.028     0.028
    2.012    6.4522     0.028     0.028
    1.970    6.4067     0.026     0.030
    1.929    6.3329     0.026     0.030
    1.887    6.3472     0.046     0.034
    1.845    6.4039     0.058     0.046
    1.803    6.4323     0.038     0.040
    1.761    6.4912     0.028     0.034
    1.720    6.5681     0.024     0.030
    1.678    6.4746     0.072     0.080
    1.636    6.3329     0.058     0.062
    1.594    6.2352     0.042     0.044
    1.553    6.1945     0.030     0.036
    1.511    6.3263     0.090     0.084
    1.469    6.4614     0.078     0.072
    1.427    6.5514     0.056     0.054
    1.386    6.5576     0.046     0.036
    1.344    6.5376     0.036     0.034
    1.302    6.4934     0.028     0.028
    1.260    6.4008     0.026     0.030
    1.218    6.3634     0.024     0.044
    1.218    6.3634     0.024     0.044
    1.177    6.4008     0.026     0.030
    1.135    6.4934     0.028     0.028
    1.093    6.5376     0.036     0.034
    1.051    6.5576     0.046     0.036
    1.010    6.5514     0.056     0.054
    0.968    6.4614     0.078     0.072
    0.926    6.3263     0.090     0.084
    0.884    6.1945     0.030     0.036
    0.842    6.2352     0.042     0.044
    0.801    6.3329     0.058     0.062
    0.759    6.4746     0.072     0.080
    0.717    6.5681     0.024     0.030
    0.675    6.4912     0.028     0.034
    0.634    6.4323     0.038     0.040
    0.592    6.4039     0.058     0.046
    0.550    6.3472     0.046     0.034
    0.508    6.3329     0.026     0.030
    0.467    6.4067     0.026     0.030
    0.425    6.4522     0.028     0.028
    0.425    6.4522     0.028     0.028
    0.402    6.4024     0.026     0.028
    0.380    6.3123     0.024     0.030
    0.358    6.2777     0.030     0.026
    0.335    6.3024     0.036     0.028
    0.313    6.3360     0.044     0.034
    0.291    6.3779     0.056     0.042
    0.268    6.4237     0.068     0.050
    0.246    6.4634     0.078     0.056
    0.224    6.4855     0.082     0.058
    0.201    6.4897     0.072     0.052
    0.179    6.4943     0.054     0.042
    0.156    6.5137     0.040     0.034
    0.134    6.5408     0.076     0.080
    0.112    6.5032     0.090     0.080
    0.089    6.4277     0.092     0.082
    0.067    6.3494     0.090     0.082
    0.045    6.2777     0.086     0.080
    0.022    6.2183     0.084     0.078
    0.000    6.1829     0.072     0.082
 
# Band-Index:   69
    0.000    6.7118     0.050     0.054
    0.022    6.6955     0.048     0.050
    0.045    6.6783     0.044     0.044
    0.067    6.6545     0.038     0.038
    0.089    6.6175     0.028     0.034
    0.112    6.5756     0.026     0.032
    0.134    6.5456     0.034     0.032
    0.156    6.5867     0.068     0.070
    0.179    6.5896     0.060     0.058
    0.201    6.5638     0.048     0.050
    0.224    6.5278     0.040     0.042
    0.246    6.4943     0.032     0.034
    0.268    6.4763     0.026     0.028
    0.291    6.4808     0.022     0.020
    0.313    6.5157     0.018     0.018
    0.335    6.5781     0.020     0.020
    0.358    6.6537     0.022     0.022
    0.380    6.7118     0.026     0.030
    0.402    6.6765     0.028     0.034
    0.425    6.6303     0.024     0.036
    0.425    6.6303     0.024     0.036
    0.467    6.6789     0.028     0.034
    0.508    6.7135     0.028     0.032
    0.550    6.6378     0.072     0.080
    0.592    6.5875     0.052     0.062
    0.634    6.6407     0.050     0.046
    0.675    6.6279     0.062     0.058
    0.717    6.5737     0.026     0.032
    0.759    6.6614     0.024     0.032
    0.801    6.7223     0.062     0.058
    0.842    6.6693     0.070     0.072
    0.884    6.6313     0.062     0.072
    0.926    6.6317     0.058     0.076
    0.968    6.6872     0.068     0.086
    1.010    6.7639     0.092     0.092
    1.051    6.6597     0.030     0.050
    1.093    6.6314     0.036     0.068
    1.135    6.6438     0.032     0.048
    1.177    6.6508     0.026     0.034
    1.218    6.6590     0.025     0.028
    1.218    6.6590     0.025     0.028
    1.260    6.6508     0.026     0.034
    1.302    6.6438     0.032     0.048
    1.344    6.6314     0.036     0.068
    1.386    6.6597     0.030     0.050
    1.427    6.7639     0.092     0.092
    1.469    6.6872     0.068     0.086
    1.511    6.6317     0.058     0.076
    1.553    6.6313     0.062     0.072
    1.594    6.6693     0.070     0.072
    1.636    6.7223     0.062     0.058
    1.678    6.6614     0.024     0.032
    1.720    6.5737     0.026     0.032
    1.761    6.6279     0.062     0.058
    1.803    6.6407     0.050     0.046
    1.845    6.5875     0.052     0.062
    1.887    6.6378     0.072     0.080
    1.929    6.7135     0.028     0.032
    1.970    6.6789     0.028     0.034
    2.012    6.6303     0.024     0.036
    2.012    6.6303     0.024     0.036
    2.047    6.6306     0.024     0.036
    2.083    6.6374     0.024     0.038
    2.118    6.6504     0.024     0.040
    2.153    6.5787     0.064     0.074
    2.189    6.5689     0.048     0.058
    2.224    6.6790     0.058     0.056
    2.259    6.7224     0.036     0.054
    2.294    6.7448     0.040     0.054
    2.330    6.7716     0.036     0.048
    2.365    6.8266     0.030     0.034
    2.400    6.8749     0.068     0.082
    2.436    6.8743     0.058     0.074
    2.471    6.7935     0.106     0.064
    2.506    6.7322     0.086     0.074
    2.541    6.6469     0.116     0.056
    2.577    6.5652     0.052     0.080
    2.612    6.5894     0.062     0.068
    2.647    6.5938     0.046     0.036
    2.683    6.5878     0.058     0.048
 
# Band-Index:   70
    2.683    6.5878     0.058     0.048
    2.647    6.5950     0.064     0.060
    2.612    6.6435     0.026     0.026
    2.577    6.7142     0.094     0.050
    2.541    6.7205     0.104     0.050
    2.506    6.7599     0.110     0.062
    2.471    6.8455     0.056     0.082
    2.436    6.9128     0.086     0.078
    2.400    6.8921     0.036     0.030
    2.365    6.8522     0.074     0.082
    2.330    6.7960     0.034     0.044
    2.294    6.7634     0.042     0.060
    2.259    6.7480     0.036     0.048
    2.224    6.6890     0.058     0.062
    2.189    6.5821     0.046     0.058
    2.153    6.5981     0.064     0.078
    2.118    6.6703     0.026     0.040
    2.083    6.6505     0.026     0.038
    2.047    6.6370     0.024     0.036
    2.012    6.6303     0.024     0.036
    2.012    6.6303     0.024     0.036
    1.970    6.6836     0.026     0.036
    1.929    6.7192     0.030     0.032
    1.887    6.6599     0.072     0.086
    1.845    6.6014     0.048     0.064
    1.803    6.6902     0.056     0.060
    1.761    6.7095     0.076     0.078
    1.720    6.6138     0.076     0.086
    1.678    6.6697     0.028     0.032
    1.636    6.7382     0.034     0.032
    1.594    6.7174     0.072     0.064
    1.553    6.6911     0.072     0.058
    1.511    6.6863     0.072     0.056
    1.469    6.7032     0.076     0.068
    1.427    6.7711     0.024     0.048
    1.386    6.6647     0.030     0.062
    1.344    6.6671     0.050     0.062
    1.302    6.6745     0.036     0.042
    1.260    6.6669     0.028     0.030
    1.218    6.6590     0.025     0.028
    1.218    6.6590     0.025     0.028
    1.177    6.6669     0.028     0.030
    1.135    6.6745     0.036     0.042
    1.093    6.6671     0.050     0.062
    1.051    6.6647     0.030     0.062
    1.010    6.7711     0.024     0.048
    0.968    6.7032     0.076     0.068
    0.926    6.6863     0.072     0.056
    0.884    6.6911     0.072     0.058
    0.842    6.7174     0.072     0.064
    0.801    6.7382     0.034     0.032
    0.759    6.6697     0.028     0.032
    0.717    6.6138     0.076     0.086
    0.675    6.7095     0.076     0.078
    0.634    6.6902     0.056     0.060
    0.592    6.6014     0.048     0.064
    0.550    6.6599     0.072     0.086
    0.508    6.7192     0.030     0.032
    0.467    6.6836     0.026     0.036
    0.425    6.6303     0.024     0.036
    0.425    6.6303     0.024     0.036
    0.402    6.6810     0.026     0.036
    0.380    6.7122     0.026     0.028
    0.358    6.6593     0.020     0.022
    0.335    6.5868     0.018     0.018
    0.313    6.5240     0.018     0.018
    0.291    6.4848     0.020     0.022
    0.268    6.4794     0.026     0.026
    0.246    6.5048     0.034     0.032
    0.224    6.5432     0.040     0.038
    0.201    6.5799     0.048     0.046
    0.179    6.5992     0.058     0.058
    0.156    6.5921     0.074     0.066
    0.134    6.5624     0.084     0.074
    0.112    6.5834     0.032     0.032
    0.089    6.6216     0.034     0.034
    0.067    6.6559     0.030     0.038
    0.045    6.6880     0.036     0.044
    0.022    6.7143     0.042     0.046
    0.000    6.7118     0.050     0.054
 
# Band-Index:   71
    0.000    6.7389     0.046     0.050
    0.022    6.7315     0.052     0.056
    0.045    6.7562     0.052     0.058
    0.067    6.7868     0.052     0.062
    0.089    6.8237     0.052     0.066
    0.112    6.8502     0.064     0.068
    0.134    6.8570     0.070     0.072
    0.156    6.8539     0.074     0.080
    0.179    6.8442     0.076     0.086
    0.201    6.8390     0.076     0.088
    0.224    6.8466     0.082     0.092
    0.246    6.8648     0.092     0.106
    0.268    6.8795     0.100     0.114
    0.291    6.8913     0.102     0.118
    0.313    6.9039     0.104     0.120
    0.335    6.9171     0.106     0.122
    0.358    6.9297     0.106     0.124
    0.380    6.8802     0.024     0.028
    0.402    6.8904     0.026     0.028
    0.425    6.9316     0.032     0.034
    0.425    6.9316     0.032     0.034
    0.467    6.8900     0.026     0.030
    0.508    6.7693     0.088     0.098
    0.550    6.6716     0.030     0.030
    0.592    6.6407     0.038     0.034
    0.634    6.7037     0.054     0.066
    0.675    6.8224     0.066     0.060
    0.717    6.8041     0.034     0.034
    0.759    6.7428     0.032     0.028
    0.801    6.7415     0.050     0.052
    0.842    6.7845     0.040     0.040
    0.884    6.8641     0.048     0.046
    0.926    6.9513     0.054     0.052
    0.968    6.9118     0.032     0.044
    1.010    6.7983     0.032     0.036
    1.051    6.8979     0.098     0.102
    1.093    6.9220     0.060     0.068
    1.135    6.7819     0.036     0.052
    1.177    6.6772     0.028     0.042
    1.218    6.6591     0.025     0.028
    1.218    6.6591     0.025     0.028
    1.260    6.6772     0.028     0.042
    1.302    6.7819     0.036     0.052
    1.344    6.9220     0.060     0.068
    1.386    6.8979     0.098     0.102
    1.427    6.7983     0.032     0.036
    1.469    6.9118     0.032     0.044
    1.511    6.9513     0.054     0.052
    1.553    6.8641     0.048     0.046
    1.594    6.7845     0.040     0.040
    1.636    6.7415     0.050     0.052
    1.678    6.7428     0.032     0.028
    1.720    6.8041     0.034     0.034
    1.761    6.8224     0.066     0.060
    1.803    6.7037     0.054     0.066
    1.845    6.6407     0.038     0.034
    1.887    6.6716     0.030     0.030
    1.929    6.7693     0.088     0.098
    1.970    6.8900     0.026     0.030
    2.012    6.9316     0.032     0.034
    2.012    6.9316     0.032     0.034
    2.047    6.8952     0.102     0.116
    2.083    6.7881     0.090     0.102
    2.118    6.6721     0.080     0.090
    2.153    6.6684     0.026     0.042
    2.189    6.6905     0.024     0.046
    2.224    6.7113     0.030     0.056
    2.259    6.7681     0.020     0.048
    2.294    6.8269     0.086     0.078
    2.330    6.8293     0.080     0.080
    2.365    6.8703     0.040     0.028
    2.400    6.9283     0.094     0.084
    2.436    6.9139     0.050     0.016
    2.471    6.8814     0.042     0.054
    2.506    6.8519     0.068     0.084
    2.541    6.8223     0.064     0.050
    2.577    6.7455     0.020     0.024
    2.612    6.6795     0.056     0.022
    2.647    6.6364     0.058     0.030
    2.683    6.6589     0.068     0.044
 
# Band-Index:   72
    2.683    6.6589     0.068     0.044
    2.647    6.6952     0.078     0.050
    2.612    6.7143     0.086     0.052
    2.577    6.7797     0.056     0.020
    2.541    6.8382     0.038     0.054
    2.506    6.9043     0.068     0.084
    2.471    6.8891     0.046     0.052
    2.436    6.9746     0.040     0.102
    2.400    6.9546     0.044     0.024
    2.365    6.9075     0.094     0.084
    2.330    6.8832     0.094     0.084
    2.294    6.8326     0.018     0.046
    2.259    6.7987     0.078     0.060
    2.224    6.7246     0.018     0.038
    2.189    6.7200     0.032     0.050
    2.153    6.6952     0.028     0.044
    2.118    6.6960     0.082     0.094
    2.083    6.8132     0.094     0.106
    2.047    6.9140     0.104     0.120
    2.012    6.9316     0.032     0.034
    2.012    6.9316     0.032     0.034
    1.970    6.8916     0.100     0.116
    1.929    6.7946     0.090     0.104
    1.887    6.6912     0.032     0.032
    1.845    6.6855     0.044     0.040
    1.803    6.7192     0.062     0.058
    1.761    6.8555     0.058     0.072
    1.720    6.8405     0.046     0.038
    1.678    6.7708     0.036     0.030
    1.636    6.7722     0.038     0.036
    1.594    6.8280     0.044     0.042
    1.553    6.9203     0.050     0.052
    1.511    7.0160     0.052     0.060
    1.469    6.9621     0.034     0.040
    1.427    6.8336     0.090     0.108
    1.386    6.9958     0.094     0.106
    1.344    6.9550     0.048     0.058
    1.302    6.7928     0.036     0.046
    1.260    6.6973     0.030     0.034
    1.218    6.6591     0.025     0.028
    1.218    6.6591     0.025     0.028
    1.177    6.6973     0.030     0.034
    1.135    6.7928     0.036     0.046
    1.093    6.9550     0.048     0.058
    1.051    6.9958     0.094     0.106
    1.010    6.8336     0.090     0.108
    0.968    6.9621     0.034     0.040
    0.926    7.0160     0.052     0.060
    0.884    6.9203     0.050     0.052
    0.842    6.8280     0.044     0.042
    0.801    6.7722     0.038     0.036
    0.759    6.7708     0.036     0.030
    0.717    6.8405     0.046     0.038
    0.675    6.8555     0.058     0.072
    0.634    6.7192     0.062     0.058
    0.592    6.6855     0.044     0.040
    0.550    6.6912     0.032     0.032
    0.508    6.7946     0.090     0.104
    0.467    6.8916     0.100     0.116
    0.425    6.9316     0.032     0.034
    0.425    6.9316     0.032     0.034
    0.402    6.9136     0.026     0.026
    0.380    6.9175     0.022     0.026
    0.358    6.9320     0.106     0.126
    0.335    6.9200     0.104     0.124
    0.313    6.9075     0.100     0.122
    0.291    6.8962     0.098     0.120
    0.268    6.8873     0.096     0.118
    0.246    6.8798     0.090     0.114
    0.224    6.8693     0.076     0.102
    0.201    6.8663     0.074     0.100
    0.179    6.8725     0.072     0.098
    0.156    6.8803     0.070     0.088
    0.134    6.8797     0.066     0.076
    0.112    6.8693     0.056     0.070
    0.089    6.8441     0.060     0.066
    0.067    6.8298     0.054     0.054
    0.045    6.7958     0.052     0.052
    0.022    6.7656     0.050     0.050
    0.000    6.7390     0.046     0.050
 
# Band-Index:   73
    0.000    6.9857     0.038     0.056
    0.022    6.9253     0.040     0.056
    0.045    6.8786     0.044     0.058
    0.067    6.8511     0.052     0.062
    0.089    6.8638     0.062     0.062
    0.112    6.8705     0.064     0.066
    0.134    6.9283     0.062     0.078
    0.156    6.9473     0.080     0.086
    0.179    6.9421     0.074     0.080
    0.201    6.9283     0.070     0.074
    0.224    6.9157     0.066     0.070
    0.246    6.9265     0.056     0.058
    0.268    6.9771     0.054     0.058
    0.291    7.0547     0.056     0.060
    0.313    7.1478     0.060     0.062
    0.335    7.0970     0.036     0.032
    0.358    6.9740     0.030     0.030
    0.380    6.9401     0.108     0.124
    0.402    6.9472     0.108     0.126
    0.425    6.9499     0.108     0.126
    0.425    6.9499     0.108     0.126
    0.467    6.9106     0.104     0.120
    0.508    6.8941     0.026     0.032
    0.550    7.0035     0.032     0.036
    0.592    7.0910     0.050     0.040
    0.634    6.9873     0.046     0.044
    0.675    6.8907     0.040     0.038
    0.717    6.8811     0.074     0.068
    0.759    6.8385     0.078     0.076
    0.801    6.8136     0.040     0.054
    0.842    6.9203     0.032     0.036
    0.884    7.0475     0.030     0.036
    0.926    7.1393     0.034     0.042
    0.968    7.0895     0.058     0.054
    1.010    7.1509     0.066     0.060
    1.051    7.1971     0.062     0.058
    1.093    7.1618     0.058     0.082
    1.135    7.1155     0.028     0.028
    1.177    7.0583     0.024     0.024
    1.218    7.0422     0.025     0.024
    1.218    7.0422     0.025     0.024
    1.260    7.0583     0.024     0.024
    1.302    7.1155     0.028     0.028
    1.344    7.1618     0.058     0.082
    1.386    7.1971     0.062     0.058
    1.427    7.1509     0.066     0.060
    1.469    7.0895     0.058     0.054
    1.511    7.1393     0.034     0.042
    1.553    7.0475     0.030     0.036
    1.594    6.9203     0.032     0.036
    1.636    6.8136     0.040     0.054
    1.678    6.8385     0.078     0.076
    1.720    6.8811     0.074     0.068
    1.761    6.8907     0.040     0.038
    1.803    6.9873     0.046     0.044
    1.845    7.0910     0.050     0.040
    1.887    7.0035     0.032     0.036
    1.929    6.8941     0.026     0.032
    1.970    6.9106     0.104     0.120
    2.012    6.9499     0.108     0.126
    2.012    6.9499     0.108     0.126
    2.047    6.9273     0.032     0.034
    2.083    6.9133     0.034     0.038
    2.118    6.8827     0.038     0.044
    2.153    6.8296     0.040     0.050
    2.189    6.7664     0.038     0.052
    2.224    6.7411     0.038     0.054
    2.259    6.8215     0.020     0.046
    2.294    6.8832     0.018     0.046
    2.330    6.9136     0.022     0.046
    2.365    7.0028     0.026     0.046
    2.400    7.0713     0.032     0.060
    2.436    6.9999     0.050     0.038
    2.471    6.9478     0.062     0.088
    2.506    6.9568     0.038     0.044
    2.541    6.9878     0.036     0.074
    2.577    7.0487     0.054     0.104
    2.612    7.2261     0.054     0.106
    2.647    7.4172     0.048     0.100
    2.683    7.5272     0.032     0.060
 
# Band-Index:   74
    2.683    7.5272     0.032     0.060
    2.647    7.5118     0.032     0.044
    2.612    7.3059     0.082     0.094
    2.577    7.0882     0.070     0.096
    2.541    7.0143     0.042     0.078
    2.506    6.9825     0.038     0.040
    2.471    7.0209     0.080     0.086
    2.436    7.0572     0.028     0.088
    2.400    7.1393     0.016     0.048
    2.365    7.0501     0.016     0.044
    2.330    6.9610     0.018     0.044
    2.294    6.8843     0.098     0.084
    2.259    6.8579     0.080     0.070
    2.224    6.7788     0.020     0.044
    2.189    6.7810     0.028     0.046
    2.153    6.8374     0.038     0.048
    2.118    6.8874     0.038     0.044
    2.083    6.9159     0.034     0.038
    2.047    6.9285     0.032     0.034
    2.012    6.9499     0.108     0.126
    2.012    6.9499     0.108     0.126
    1.970    6.9136     0.026     0.028
    1.929    6.9324     0.024     0.030
    1.887    7.0418     0.028     0.036
    1.845    7.1057     0.050     0.044
    1.803    7.0158     0.048     0.044
    1.761    6.9354     0.050     0.042
    1.720    6.9158     0.068     0.076
    1.678    6.8697     0.076     0.074
    1.636    6.8335     0.058     0.054
    1.594    6.9254     0.028     0.044
    1.553    7.0584     0.030     0.046
    1.511    7.1719     0.036     0.032
    1.469    7.1632     0.058     0.058
    1.427    7.2300     0.058     0.064
    1.386    7.2193     0.042     0.054
    1.344    7.1839     0.036     0.036
    1.302    7.1496     0.032     0.028
    1.260    7.0771     0.026     0.026
    1.218    7.0422     0.025     0.024
    1.218    7.0422     0.025     0.024
    1.177    7.0771     0.026     0.026
    1.135    7.1496     0.032     0.028
    1.093    7.1839     0.036     0.036
    1.051    7.2193     0.042     0.054
    1.010    7.2300     0.058     0.064
    0.968    7.1632     0.058     0.058
    0.926    7.1719     0.036     0.032
    0.884    7.0584     0.030     0.046
    0.842    6.9254     0.028     0.044
    0.801    6.8335     0.058     0.054
    0.759    6.8697     0.076     0.074
    0.717    6.9158     0.068     0.076
    0.675    6.9354     0.050     0.042
    0.634    7.0158     0.048     0.044
    0.592    7.1057     0.050     0.044
    0.550    7.0418     0.028     0.036
    0.508    6.9324     0.024     0.030
    0.467    6.9136     0.026     0.028
    0.425    6.9499     0.108     0.126
    0.425    6.9499     0.108     0.126
    0.402    6.9480     0.108     0.126
    0.380    6.9417     0.106     0.126
    0.358    7.0095     0.024     0.032
    0.335    7.1315     0.028     0.036
    0.313    7.1824     0.058     0.060
    0.291    7.0856     0.056     0.058
    0.268    7.0038     0.052     0.056
    0.246    6.9495     0.054     0.058
    0.224    6.9324     0.064     0.068
    0.201    6.9369     0.070     0.072
    0.179    6.9440     0.076     0.076
    0.156    6.9508     0.078     0.092
    0.134    6.9441     0.062     0.070
    0.112    6.9049     0.058     0.062
    0.089    6.8666     0.056     0.058
    0.067    6.8692     0.058     0.056
    0.045    6.8925     0.054     0.050
    0.022    6.9342     0.048     0.046
    0.000    6.9857     0.038     0.056
 
# Band-Index:   75
    0.000    6.9902     0.044     0.046
    0.022    7.0550     0.038     0.058
    0.045    7.1278     0.044     0.048
    0.067    7.0882     0.086     0.110
    0.089    7.0300     0.086     0.108
    0.112    6.9851     0.086     0.106
    0.134    6.9571     0.084     0.098
    0.156    6.9877     0.068     0.080
    0.179    7.0430     0.074     0.090
    0.201    7.1109     0.080     0.094
    0.224    7.1825     0.082     0.094
    0.246    7.2480     0.084     0.088
    0.268    7.2987     0.086     0.078
    0.291    7.3093     0.080     0.048
    0.313    7.2212     0.048     0.032
    0.335    7.2505     0.060     0.064
    0.358    7.3360     0.040     0.044
    0.380    7.2587     0.028     0.030
    0.402    7.1795     0.016     0.018
    0.425    7.1431     0.008     0.010
    0.425    7.1431     0.008     0.010
    0.467    7.1829     0.016     0.018
    0.508    7.2424     0.032     0.034
    0.550    7.2216     0.046     0.052
    0.592    7.1798     0.028     0.058
    0.634    7.2755     0.034     0.060
    0.675    7.2602     0.118     0.114
    0.717    7.2900     0.112     0.114
    0.759    7.3973     0.086     0.108
    0.801    7.4905     0.068     0.096
    0.842    7.4618     0.032     0.038
    0.884    7.2939     0.030     0.038
    0.926    7.1772     0.032     0.038
    0.968    7.2791     0.038     0.040
    1.010    7.3081     0.046     0.046
    1.051    7.2275     0.044     0.056
    1.093    7.2045     0.076     0.082
    1.135    7.1747     0.048     0.050
    1.177    7.0787     0.030     0.030
    1.218    7.0422     0.025     0.024
    1.218    7.0422     0.025     0.024
    1.260    7.0787     0.030     0.030
    1.302    7.1747     0.048     0.050
    1.344    7.2045     0.076     0.082
    1.386    7.2275     0.044     0.056
    1.427    7.3081     0.046     0.046
    1.469    7.2791     0.038     0.040
    1.511    7.1772     0.032     0.038
    1.553    7.2939     0.030     0.038
    1.594    7.4618     0.032     0.038
    1.636    7.4905     0.068     0.096
    1.678    7.3973     0.086     0.108
    1.720    7.2900     0.112     0.114
    1.761    7.2602     0.118     0.114
    1.803    7.2755     0.034     0.060
    1.845    7.1798     0.028     0.058
    1.887    7.2216     0.046     0.052
    1.929    7.2424     0.032     0.034
    1.970    7.1829     0.016     0.018
    2.012    7.1431     0.008     0.010
    2.012    7.1431     0.008     0.010
    2.047    7.1495     0.008     0.010
    2.083    7.1705     0.010     0.012
    2.118    7.2052     0.012     0.012
    2.153    7.2520     0.016     0.016
    2.189    7.1442     0.092     0.096
    2.224    7.0183     0.090     0.094
    2.259    6.9347     0.080     0.094
    2.294    7.0618     0.068     0.090
    2.330    7.2506     0.074     0.094
    2.365    7.3072     0.028     0.056
    2.400    7.1694     0.026     0.070
    2.436    7.1971     0.016     0.058
    2.471    7.1565     0.026     0.038
    2.506    7.0812     0.020     0.038
    2.541    7.0797     0.040     0.044
    2.577    7.2234     0.038     0.044
    2.612    7.3770     0.038     0.044
    2.647    7.5235     0.068     0.090
    2.683    7.5733     0.030     0.046
 
# Band-Index:   76
    2.683    7.5733     0.030     0.046
    2.647    7.5618     0.024     0.044
    2.612    7.4222     0.036     0.038
    2.577    7.2665     0.038     0.038
    2.541    7.1182     0.040     0.038
    2.506    7.1114     0.030     0.046
    2.471    7.1667     0.022     0.026
    2.436    7.2530     0.036     0.072
    2.400    7.2421     0.030     0.056
    2.365    7.3878     0.068     0.098
    2.330    7.2900     0.080     0.092
    2.294    7.1081     0.072     0.092
    2.259    7.0120     0.070     0.108
    2.224    7.0701     0.082     0.110
    2.189    7.1941     0.086     0.110
    2.153    7.2650     0.016     0.016
    2.118    7.2136     0.012     0.014
    2.083    7.1753     0.010     0.012
    2.047    7.1517     0.008     0.010
    2.012    7.1432     0.008     0.010
    2.012    7.1432     0.008     0.010
    1.970    7.1928     0.016     0.018
    1.929    7.2532     0.030     0.036
    1.887    7.2352     0.044     0.054
    1.845    7.1950     0.032     0.054
    1.803    7.3075     0.036     0.062
    1.761    7.3163     0.110     0.124
    1.720    7.3194     0.100     0.122
    1.678    7.4145     0.090     0.112
    1.636    7.5186     0.074     0.098
    1.594    7.5287     0.034     0.030
    1.553    7.3546     0.034     0.032
    1.511    7.1946     0.032     0.052
    1.469    7.3006     0.038     0.054
    1.427    7.3195     0.048     0.050
    1.386    7.2576     0.052     0.060
    1.344    7.2293     0.038     0.038
    1.302    7.1806     0.048     0.056
    1.260    7.1030     0.028     0.028
    1.218    7.0422     0.025     0.024
    1.218    7.0422     0.025     0.024
    1.177    7.1030     0.028     0.028
    1.135    7.1806     0.048     0.056
    1.093    7.2293     0.038     0.038
    1.051    7.2576     0.052     0.060
    1.010    7.3195     0.048     0.050
    0.968    7.3006     0.038     0.054
    0.926    7.1946     0.032     0.052
    0.884    7.3546     0.034     0.032
    0.842    7.5287     0.034     0.030
    0.801    7.5186     0.074     0.098
    0.759    7.4145     0.090     0.112
    0.717    7.3194     0.100     0.122
    0.675    7.3163     0.110     0.124
    0.634    7.3075     0.036     0.062
    0.592    7.1950     0.032     0.054
    0.550    7.2352     0.044     0.054
    0.508    7.2532     0.030     0.036
    0.467    7.1928     0.016     0.018
    0.425    7.1432     0.008     0.010
    0.425    7.1432     0.008     0.010
    0.402    7.1891     0.016     0.018
    0.380    7.2665     0.026     0.032
    0.358    7.3361     0.038     0.048
    0.335    7.2877     0.058     0.062
    0.313    7.2550     0.034     0.040
    0.291    7.3430     0.056     0.052
    0.268    7.3478     0.072     0.062
    0.246    7.3168     0.076     0.066
    0.224    7.2689     0.084     0.074
    0.201    7.1944     0.086     0.086
    0.179    7.0987     0.078     0.086
    0.156    7.0056     0.070     0.084
    0.134    6.9665     0.082     0.106
    0.112    6.9986     0.082     0.114
    0.089    7.0452     0.082     0.118
    0.067    7.1039     0.082     0.120
    0.045    7.1294     0.038     0.062
    0.022    7.0560     0.044     0.046
    0.000    6.9903     0.044     0.046
 
# Band-Index:   77
    0.000    7.3297     0.088     0.116
    0.022    7.2388     0.088     0.114
    0.045    7.1581     0.086     0.112
    0.067    7.2011     0.046     0.052
    0.089    7.2664     0.050     0.056
    0.112    7.2951     0.042     0.070
    0.134    7.2864     0.036     0.058
    0.156    7.2755     0.034     0.050
    0.179    7.2820     0.032     0.046
    0.201    7.3143     0.032     0.050
    0.224    7.3827     0.040     0.064
    0.246    7.4730     0.050     0.078
    0.268    7.4834     0.040     0.060
    0.291    7.4126     0.030     0.078
    0.313    7.3941     0.052     0.082
    0.335    7.3796     0.050     0.066
    0.358    7.3589     0.060     0.062
    0.380    7.4695     0.060     0.060
    0.402    7.5758     0.054     0.052
    0.425    7.6484     0.038     0.036
    0.425    7.6484     0.038     0.036
    0.467    7.6092     0.064     0.066
    0.508    7.5563     0.088     0.102
    0.550    7.4839     0.098     0.114
    0.592    7.4046     0.104     0.114
    0.634    7.3235     0.110     0.112
    0.675    7.3513     0.040     0.070
    0.717    7.4253     0.042     0.064
    0.759    7.5252     0.042     0.052
    0.801    7.5799     0.038     0.038
    0.842    7.5375     0.048     0.072
    0.884    7.5219     0.034     0.050
    0.926    7.4700     0.030     0.038
    0.968    7.4514     0.026     0.040
    1.010    7.4159     0.020     0.022
    1.051    7.3443     0.030     0.030
    1.093    7.3750     0.066     0.064
    1.135    7.4914     0.078     0.086
    1.177    7.6091     0.082     0.090
    1.218    7.6696     0.083     0.088
    1.218    7.6696     0.083     0.088
    1.260    7.6091     0.082     0.090
    1.302    7.4914     0.078     0.086
    1.344    7.3750     0.066     0.064
    1.386    7.3443     0.030     0.030
    1.427    7.4159     0.020     0.022
    1.469    7.4514     0.026     0.040
    1.511    7.4700     0.030     0.038
    1.553    7.5219     0.034     0.050
    1.594    7.5375     0.048     0.072
    1.636    7.5799     0.038     0.038
    1.678    7.5252     0.042     0.052
    1.720    7.4253     0.042     0.064
    1.761    7.3513     0.040     0.070
    1.803    7.3235     0.110     0.112
    1.845    7.4046     0.104     0.114
    1.887    7.4839     0.098     0.114
    1.929    7.5563     0.088     0.102
    1.970    7.6092     0.064     0.066
    2.012    7.6484     0.038     0.036
    2.012    7.6484     0.038     0.036
    2.047    7.6803     0.048     0.050
    2.083    7.6219     0.088     0.116
    2.118    7.4613     0.092     0.106
    2.153    7.2960     0.092     0.100
    2.189    7.3066     0.020     0.018
    2.224    7.3613     0.024     0.022
    2.259    7.4031     0.024     0.024
    2.294    7.4248     0.026     0.026
    2.330    7.4038     0.028     0.036
    2.365    7.4031     0.030     0.036
    2.400    7.4023     0.070     0.082
    2.436    7.2555     0.060     0.022
    2.471    7.3497     0.034     0.036
    2.506    7.4169     0.034     0.032
    2.541    7.4767     0.034     0.028
    2.577    7.5494     0.036     0.030
    2.612    7.5782     0.026     0.026
    2.647    7.5831     0.032     0.028
    2.683    7.6938     0.042     0.058
 
# Band-Index:   78
    2.683    7.6938     0.042     0.058
    2.647    7.6062     0.030     0.028
    2.612    7.5993     0.022     0.028
    2.577    7.5935     0.034     0.022
    2.541    7.5139     0.034     0.022
    2.506    7.4575     0.038     0.024
    2.471    7.4124     0.028     0.030
    2.436    7.3829     0.066     0.020
    2.400    7.4094     0.070     0.066
    2.365    7.4595     0.088     0.088
    2.330    7.4875     0.032     0.026
    2.294    7.4742     0.020     0.018
    2.259    7.4249     0.016     0.014
    2.224    7.3770     0.018     0.018
    2.189    7.3237     0.020     0.020
    2.153    7.3486     0.090     0.112
    2.118    7.5168     0.096     0.116
    2.083    7.6425     0.050     0.048
    2.047    7.7118     0.036     0.058
    2.012    7.6484     0.038     0.036
    2.012    7.6484     0.038     0.036
    1.970    7.6505     0.054     0.070
    1.929    7.5935     0.082     0.106
    1.887    7.5264     0.096     0.118
    1.845    7.4574     0.106     0.120
    1.803    7.3822     0.110     0.120
    1.761    7.3862     0.044     0.070
    1.720    7.4735     0.048     0.064
    1.678    7.5802     0.046     0.052
    1.636    7.6099     0.036     0.034
    1.594    7.5592     0.052     0.070
    1.553    7.5254     0.036     0.046
    1.511    7.4797     0.032     0.036
    1.469    7.4614     0.030     0.036
    1.427    7.4392     0.032     0.018
    1.386    7.3763     0.046     0.030
    1.344    7.4027     0.070     0.072
    1.302    7.5363     0.086     0.086
    1.260    7.6216     0.076     0.088
    1.218    7.6696     0.083     0.088
    1.218    7.6696     0.083     0.088
    1.177    7.6216     0.076     0.088
    1.135    7.5363     0.086     0.086
    1.093    7.4027     0.070     0.072
    1.051    7.3763     0.046     0.030
    1.010    7.4392     0.032     0.018
    0.968    7.4614     0.030     0.036
    0.926    7.4797     0.032     0.036
    0.884    7.5254     0.036     0.046
    0.842    7.5592     0.052     0.070
    0.801    7.6099     0.036     0.034
    0.759    7.5802     0.046     0.052
    0.717    7.4735     0.048     0.064
    0.675    7.3862     0.044     0.070
    0.634    7.3822     0.110     0.120
    0.592    7.4574     0.106     0.120
    0.550    7.5264     0.096     0.118
    0.508    7.5935     0.082     0.106
    0.467    7.6505     0.054     0.070
    0.425    7.6484     0.038     0.036
    0.425    7.6484     0.038     0.036
    0.402    7.6084     0.044     0.048
    0.380    7.5077     0.052     0.058
    0.358    7.3974     0.056     0.062
    0.335    7.3916     0.054     0.058
    0.313    7.4206     0.060     0.068
    0.291    7.4531     0.048     0.072
    0.268    7.5129     0.048     0.084
    0.246    7.4874     0.050     0.050
    0.224    7.4261     0.046     0.040
    0.201    7.3636     0.042     0.034
    0.179    7.3185     0.040     0.032
    0.156    7.2979     0.038     0.036
    0.134    7.2999     0.042     0.044
    0.112    7.3015     0.048     0.054
    0.089    7.2674     0.044     0.074
    0.067    7.2041     0.042     0.068
    0.045    7.1740     0.082     0.122
    0.022    7.2549     0.082     0.124
    0.000    7.3297     0.088     0.116
 
# Band-Index:   79
    0.000    7.3461     0.082     0.128
    0.022    7.4296     0.088     0.118
    0.045    7.5333     0.084     0.114
    0.067    7.5729     0.038     0.050
    0.089    7.5372     0.026     0.030
    0.112    7.5348     0.022     0.028
    0.134    7.5843     0.030     0.036
    0.156    7.5421     0.104     0.126
    0.179    7.5103     0.104     0.128
    0.201    7.5159     0.106     0.130
    0.224    7.5498     0.114     0.122
    0.246    7.6127     0.114     0.122
    0.268    7.6953     0.114     0.124
    0.291    7.7651     0.034     0.032
    0.313    7.8223     0.026     0.024
    0.335    7.8067     0.026     0.022
    0.358    7.7782     0.038     0.034
    0.380    7.7635     0.050     0.046
    0.402    7.7586     0.058     0.054
    0.425    7.7582     0.060     0.058
    0.425    7.7582     0.060     0.058
    0.467    7.7275     0.054     0.052
    0.508    7.6820     0.038     0.036
    0.550    7.7077     0.020     0.020
    0.592    7.7399     0.090     0.114
    0.634    7.6849     0.086     0.122
    0.675    7.6827     0.082     0.128
    0.717    7.7401     0.084     0.130
    0.759    7.8287     0.038     0.054
    0.801    7.7841     0.042     0.060
    0.842    7.7445     0.036     0.044
    0.884    7.7094     0.030     0.032
    0.926    7.6267     0.024     0.026
    0.968    7.5178     0.020     0.022
    1.010    7.4573     0.016     0.040
    1.051    7.4612     0.026     0.030
    1.093    7.5344     0.036     0.038
    1.135    7.5803     0.050     0.062
    1.177    7.6451     0.086     0.086
    1.218    7.6697     0.083     0.088
    1.218    7.6697     0.083     0.088
    1.260    7.6451     0.086     0.086
    1.302    7.5803     0.050     0.062
    1.344    7.5344     0.036     0.038
    1.386    7.4612     0.026     0.030
    1.427    7.4573     0.016     0.040
    1.469    7.5178     0.020     0.022
    1.511    7.6267     0.024     0.026
    1.553    7.7094     0.030     0.032
    1.594    7.7445     0.036     0.044
    1.636    7.7841     0.042     0.060
    1.678    7.8287     0.038     0.054
    1.720    7.7401     0.084     0.130
    1.761    7.6827     0.082     0.128
    1.803    7.6849     0.086     0.122
    1.845    7.7399     0.090     0.114
    1.887    7.7077     0.020     0.020
    1.929    7.6820     0.038     0.036
    1.970    7.7275     0.054     0.052
    2.012    7.7582     0.060     0.058
    2.012    7.7582     0.060     0.058
    2.047    7.7240     0.056     0.054
    2.083    7.6488     0.048     0.050
    2.118    7.5474     0.040     0.036
    2.153    7.4708     0.026     0.028
    2.189    7.4295     0.018     0.018
    2.224    7.4269     0.016     0.014
    2.259    7.4507     0.016     0.014
    2.294    7.4889     0.012     0.012
    2.330    7.5335     0.010     0.018
    2.365    7.5270     0.036     0.056
    2.400    7.4692     0.074     0.088
    2.436    7.4261     0.074     0.072
    2.471    7.5112     0.082     0.072
    2.506    7.4968     0.026     0.040
    2.541    7.6113     0.034     0.038
    2.577    7.6241     0.034     0.030
    2.612    7.6029     0.034     0.028
    2.647    7.6263     0.038     0.026
    2.683    7.7347     0.032     0.040
 
# Band-Index:   80
    2.683    7.7347     0.032     0.040
    2.647    7.7049     0.036     0.034
    2.612    7.6558     0.032     0.022
    2.577    7.6516     0.026     0.032
    2.541    7.6810     0.062     0.036
    2.506    7.5636     0.062     0.020
    2.471    7.5124     0.042     0.038
    2.436    7.5050     0.076     0.090
    2.400    7.4999     0.064     0.042
    2.365    7.5329     0.072     0.100
    2.330    7.5506     0.016     0.016
    2.294    7.5169     0.032     0.026
    2.259    7.4871     0.034     0.026
    2.224    7.4493     0.028     0.020
    2.189    7.4386     0.024     0.018
    2.153    7.4729     0.030     0.024
    2.118    7.5512     0.038     0.040
    2.083    7.6769     0.100     0.120
    2.047    7.7288     0.056     0.056
    2.012    7.7582     0.060     0.058
    2.012    7.7582     0.060     0.058
    1.970    7.7322     0.054     0.054
    1.929    7.6874     0.038     0.038
    1.887    7.7187     0.020     0.018
    1.845    7.7748     0.108     0.110
    1.803    7.7119     0.102     0.118
    1.761    7.7066     0.100     0.118
    1.720    7.7720     0.102     0.120
    1.678    7.8537     0.088     0.132
    1.636    7.8076     0.042     0.050
    1.594    7.7936     0.034     0.042
    1.553    7.7544     0.028     0.032
    1.511    7.6604     0.026     0.024
    1.469    7.5425     0.026     0.020
    1.427    7.4639     0.024     0.038
    1.386    7.4840     0.024     0.032
    1.344    7.5705     0.032     0.034
    1.302    7.6567     0.070     0.056
    1.260    7.6761     0.080     0.076
    1.218    7.6697     0.083     0.088
    1.218    7.6697     0.083     0.088
    1.177    7.6761     0.080     0.076
    1.135    7.6567     0.070     0.056
    1.093    7.5705     0.032     0.034
    1.051    7.4840     0.024     0.032
    1.010    7.4639     0.024     0.038
    0.968    7.5425     0.026     0.020
    0.926    7.6604     0.026     0.024
    0.884    7.7544     0.028     0.032
    0.842    7.7936     0.034     0.042
    0.801    7.8076     0.042     0.050
    0.759    7.8537     0.088     0.132
    0.717    7.7720     0.102     0.120
    0.675    7.7066     0.100     0.118
    0.634    7.7119     0.102     0.118
    0.592    7.7748     0.108     0.110
    0.550    7.7187     0.020     0.018
    0.508    7.6874     0.038     0.038
    0.467    7.7322     0.054     0.054
    0.425    7.7582     0.060     0.058
    0.425    7.7582     0.060     0.058
    0.402    7.7608     0.056     0.056
    0.380    7.7694     0.050     0.050
    0.358    7.7908     0.036     0.038
    0.335    7.8285     0.022     0.026
    0.313    7.8447     0.020     0.028
    0.291    7.7801     0.026     0.034
    0.268    7.7025     0.024     0.022
    0.246    7.6275     0.116     0.128
    0.224    7.5579     0.110     0.128
    0.201    7.5172     0.114     0.120
    0.179    7.5246     0.114     0.122
    0.156    7.5714     0.116     0.122
    0.134    7.6010     0.102     0.122
    0.112    7.5429     0.026     0.032
    0.089    7.5464     0.024     0.030
    0.067    7.6008     0.036     0.046
    0.045    7.5563     0.084     0.130
    0.022    7.4472     0.084     0.130
    0.000    7.3461     0.082     0.128
 
# Band-Index:   81
    0.000    7.7801     0.060     0.074
    0.022    7.7277     0.050     0.062
    0.045    7.6693     0.044     0.056
    0.067    7.6843     0.082     0.112
    0.089    7.7384     0.098     0.114
    0.112    7.6713     0.102     0.118
    0.134    7.6047     0.032     0.048
    0.156    7.6658     0.036     0.044
    0.179    7.7533     0.040     0.050
    0.201    7.8188     0.038     0.050
    0.224    7.8063     0.028     0.044
    0.246    7.7325     0.016     0.034
    0.268    7.7127     0.020     0.030
    0.291    7.7889     0.114     0.128
    0.313    7.8854     0.114     0.130
    0.335    7.9734     0.110     0.130
    0.358    8.0187     0.132     0.104
    0.380    7.9641     0.110     0.098
    0.402    7.8772     0.106     0.110
    0.425    7.8394     0.106     0.122
    0.425    7.8394     0.106     0.122
    0.467    7.8399     0.100     0.088
    0.508    7.8756     0.082     0.076
    0.550    7.8226     0.086     0.100
    0.592    7.8180     0.016     0.016
    0.634    7.8864     0.042     0.054
    0.675    7.8427     0.038     0.044
    0.717    7.8725     0.028     0.044
    0.759    7.8961     0.106     0.120
    0.801    7.9896     0.022     0.034
    0.842    7.9491     0.028     0.038
    0.884    7.9461     0.030     0.040
    0.926    7.9493     0.030     0.038
    0.968    7.9123     0.036     0.048
    1.010    7.8290     0.032     0.038
    1.051    7.8483     0.044     0.058
    1.093    7.7252     0.028     0.024
    1.135    7.7087     0.038     0.060
    1.177    7.8843     0.056     0.070
    1.218    7.9918     0.062     0.070
    1.218    7.9918     0.062     0.070
    1.260    7.8843     0.056     0.070
    1.302    7.7087     0.038     0.060
    1.344    7.7252     0.028     0.024
    1.386    7.8483     0.044     0.058
    1.427    7.8290     0.032     0.038
    1.469    7.9123     0.036     0.048
    1.511    7.9493     0.030     0.038
    1.553    7.9461     0.030     0.040
    1.594    7.9491     0.028     0.038
    1.636    7.9896     0.022     0.034
    1.678    7.8961     0.106     0.120
    1.720    7.8725     0.028     0.044
    1.761    7.8427     0.038     0.044
    1.803    7.8864     0.042     0.054
    1.845    7.8180     0.016     0.016
    1.887    7.8226     0.086     0.100
    1.929    7.8756     0.082     0.076
    1.970    7.8399     0.100     0.088
    2.012    7.8394     0.106     0.122
    2.012    7.8394     0.106     0.122
    2.047    7.7801     0.112     0.104
    2.083    7.8129     0.056     0.050
    2.118    7.9530     0.078     0.066
    2.153    8.0305     0.114     0.112
    2.189    7.9959     0.118     0.132
    2.224    7.9180     0.112     0.130
    2.259    7.8207     0.102     0.124
    2.294    7.7137     0.094     0.116
    2.330    7.6084     0.084     0.108
    2.365    7.5816     0.026     0.030
    2.400    7.6414     0.082     0.090
    2.436    7.6506     0.046     0.036
    2.471    7.5331     0.062     0.028
    2.506    7.6292     0.090     0.066
    2.541    7.6831     0.054     0.026
    2.577    7.7337     0.040     0.038
    2.612    7.8474     0.048     0.042
    2.647    7.8818     0.052     0.044
    2.683    7.8209     0.036     0.044
 
# Band-Index:   82
    2.683    7.8209     0.036     0.044
    2.647    7.9184     0.040     0.088
    2.612    7.9550     0.058     0.030
    2.577    7.8176     0.054     0.028
    2.541    7.7242     0.032     0.044
    2.506    7.7579     0.068     0.114
    2.471    7.6129     0.084     0.100
    2.436    7.6655     0.048     0.044
    2.400    7.7057     0.048     0.028
    2.365    7.6231     0.118     0.084
    2.330    7.6527     0.110     0.094
    2.294    7.7508     0.110     0.106
    2.259    7.8576     0.114     0.118
    2.224    7.9570     0.118     0.128
    2.189    8.0422     0.122     0.136
    2.153    8.1108     0.124     0.140
    2.118    8.0482     0.058     0.058
    2.083    7.8794     0.062     0.048
    2.047    7.8125     0.100     0.112
    2.012    7.8394     0.106     0.122
    2.012    7.8394     0.106     0.122
    1.970    7.8771     0.082     0.098
    1.929    7.8888     0.086     0.076
    1.887    7.8550     0.108     0.090
    1.845    7.8382     0.016     0.014
    1.803    7.9221     0.050     0.054
    1.761    7.8734     0.038     0.042
    1.720    7.9330     0.028     0.034
    1.678    7.9047     0.036     0.046
    1.636    7.9946     0.084     0.134
    1.594    7.9812     0.030     0.034
    1.553    7.9777     0.032     0.036
    1.511    7.9735     0.030     0.038
    1.469    7.9204     0.032     0.040
    1.427    7.8523     0.038     0.036
    1.386    7.8867     0.016     0.022
    1.344    7.7345     0.026     0.030
    1.302    7.7630     0.048     0.040
    1.260    7.9132     0.056     0.054
    1.218    7.9918     0.062     0.070
    1.218    7.9918     0.062     0.070
    1.177    7.9132     0.056     0.054
    1.135    7.7630     0.048     0.040
    1.093    7.7345     0.026     0.030
    1.051    7.8867     0.016     0.022
    1.010    7.8523     0.038     0.036
    0.968    7.9204     0.032     0.040
    0.926    7.9735     0.030     0.038
    0.884    7.9777     0.032     0.036
    0.842    7.9812     0.030     0.034
    0.801    7.9946     0.084     0.134
    0.759    7.9047     0.036     0.046
    0.717    7.9330     0.028     0.034
    0.675    7.8734     0.038     0.042
    0.634    7.9221     0.050     0.054
    0.592    7.8382     0.016     0.014
    0.550    7.8550     0.108     0.090
    0.508    7.8888     0.086     0.076
    0.467    7.8771     0.082     0.098
    0.425    7.8394     0.106     0.122
    0.425    7.8394     0.106     0.122
    0.402    7.9077     0.088     0.108
    0.380    7.9938     0.082     0.106
    0.358    8.0259     0.096     0.122
    0.335    7.9887     0.140     0.120
    0.313    7.9074     0.134     0.126
    0.291    7.8111     0.128     0.128
    0.268    7.7148     0.122     0.128
    0.246    7.7491     0.022     0.034
    0.224    7.8323     0.026     0.056
    0.201    7.8495     0.034     0.074
    0.179    7.7851     0.040     0.070
    0.156    7.6934     0.038     0.060
    0.134    7.6447     0.114     0.122
    0.112    7.7266     0.112     0.120
    0.089    7.8007     0.106     0.118
    0.067    7.6860     0.080     0.132
    0.045    7.6851     0.040     0.054
    0.022    7.7578     0.048     0.062
    0.000    7.7801     0.060     0.074
 
# Band-Index:   83
    0.000    7.8209     0.058     0.074
    0.022    7.8120     0.072     0.086
    0.045    7.8158     0.084     0.098
    0.067    7.7897     0.092     0.108
    0.089    7.8018     0.090     0.126
    0.112    7.9353     0.090     0.130
    0.134    8.0757     0.090     0.132
    0.156    8.2146     0.084     0.126
    0.179    8.1908     0.032     0.048
    0.201    8.1062     0.026     0.040
    0.224    8.0914     0.028     0.040
    0.246    8.1300     0.022     0.034
    0.268    8.1078     0.012     0.014
    0.291    8.0403     0.014     0.014
    0.313    8.0098     0.032     0.028
    0.335    8.0625     0.040     0.044
    0.358    8.1639     0.040     0.046
    0.380    8.2480     0.132     0.130
    0.402    8.2789     0.134     0.140
    0.425    8.2969     0.132     0.142
    0.425    8.2969     0.132     0.142
    0.467    8.2515     0.128     0.140
    0.508    8.2192     0.106     0.136
    0.550    8.1640     0.044     0.058
    0.592    8.0387     0.048     0.066
    0.634    7.9784     0.020     0.036
    0.675    7.9997     0.030     0.036
    0.717    7.9583     0.032     0.038
    0.759    8.0305     0.022     0.038
    0.801    8.0144     0.024     0.032
    0.842    8.0971     0.074     0.108
    0.884    8.1350     0.014     0.020
    0.926    8.0714     0.052     0.070
    0.968    7.9394     0.044     0.040
    1.010    7.8783     0.038     0.050
    1.051    7.8872     0.048     0.054
    1.093    7.8547     0.048     0.064
    1.135    7.8959     0.054     0.070
    1.177    7.9540     0.060     0.074
    1.218    7.9919     0.062     0.070
    1.218    7.9919     0.062     0.070
    1.260    7.9540     0.060     0.074
    1.302    7.8959     0.054     0.070
    1.344    7.8547     0.048     0.064
    1.386    7.8872     0.048     0.054
    1.427    7.8783     0.038     0.050
    1.469    7.9394     0.044     0.040
    1.511    8.0714     0.052     0.070
    1.553    8.1350     0.014     0.020
    1.594    8.0971     0.074     0.108
    1.636    8.0144     0.024     0.032
    1.678    8.0305     0.022     0.038
    1.720    7.9583     0.032     0.038
    1.761    7.9997     0.030     0.036
    1.803    7.9784     0.020     0.036
    1.845    8.0387     0.048     0.066
    1.887    8.1640     0.044     0.058
    1.929    8.2192     0.106     0.136
    1.970    8.2515     0.128     0.140
    2.012    8.2969     0.132     0.142
    2.012    8.2969     0.132     0.142
    2.047    8.2601     0.130     0.142
    2.083    8.2123     0.130     0.144
    2.118    8.1664     0.132     0.142
    2.153    8.2252     0.062     0.066
    2.189    8.3805     0.046     0.072
    2.224    8.2858     0.050     0.062
    2.259    8.1171     0.050     0.070
    2.294    7.9353     0.050     0.080
    2.330    7.7715     0.048     0.076
    2.365    7.6895     0.036     0.038
    2.400    7.7277     0.040     0.026
    2.436    7.7624     0.080     0.082
    2.471    7.8179     0.070     0.066
    2.506    7.8026     0.076     0.044
    2.541    7.8540     0.058     0.096
    2.577    7.9670     0.076     0.098
    2.612    8.0289     0.050     0.102
    2.647    7.9661     0.026     0.030
    2.683    7.8589     0.064     0.064
 
# Band-Index:   84
    2.683    7.8589     0.064     0.064
    2.647    8.0077     0.032     0.034
    2.612    8.0622     0.062     0.094
    2.577    8.0411     0.072     0.112
    2.541    7.9292     0.096     0.108
    2.506    7.8435     0.040     0.072
    2.471    7.8583     0.016     0.018
    2.436    7.7936     0.018     0.024
    2.400    7.7340     0.110     0.090
    2.365    7.7258     0.040     0.058
    2.330    7.8060     0.046     0.084
    2.294    7.9988     0.046     0.078
    2.259    8.2142     0.052     0.104
    2.224    8.3598     0.038     0.146
    2.189    8.3823     0.050     0.074
    2.153    8.2513     0.064     0.090
    2.118    8.2108     0.098     0.138
    2.083    8.2399     0.118     0.146
    2.047    8.2799     0.128     0.144
    2.012    8.2969     0.132     0.142
    2.012    8.2969     0.132     0.142
    1.970    8.2690     0.124     0.144
    1.929    8.2325     0.110     0.128
    1.887    8.1809     0.044     0.054
    1.845    8.0615     0.050     0.060
    1.803    7.9959     0.024     0.018
    1.761    8.0618     0.038     0.028
    1.720    8.0278     0.044     0.030
    1.678    8.0550     0.024     0.036
    1.636    8.0279     0.092     0.118
    1.594    8.1261     0.072     0.136
    1.553    8.1430     0.072     0.100
    1.511    8.0901     0.018     0.026
    1.469    7.9461     0.034     0.044
    1.427    7.9086     0.042     0.050
    1.386    7.8969     0.014     0.020
    1.344    7.9019     0.052     0.056
    1.302    7.9424     0.056     0.058
    1.260    7.9825     0.060     0.062
    1.218    7.9919     0.062     0.070
    1.218    7.9919     0.062     0.070
    1.177    7.9825     0.060     0.062
    1.135    7.9424     0.056     0.058
    1.093    7.9019     0.052     0.056
    1.051    7.8969     0.014     0.020
    1.010    7.9086     0.042     0.050
    0.968    7.9461     0.034     0.044
    0.926    8.0901     0.018     0.026
    0.884    8.1430     0.072     0.100
    0.842    8.1261     0.072     0.136
    0.801    8.0279     0.092     0.118
    0.759    8.0550     0.024     0.036
    0.717    8.0278     0.044     0.030
    0.675    8.0618     0.038     0.028
    0.634    7.9959     0.024     0.018
    0.592    8.0615     0.050     0.060
    0.550    8.1809     0.044     0.054
    0.508    8.2325     0.110     0.128
    0.467    8.2690     0.124     0.144
    0.425    8.2969     0.132     0.142
    0.425    8.2969     0.132     0.142
    0.402    8.2890     0.126     0.144
    0.380    8.2620     0.110     0.142
    0.358    8.1805     0.042     0.050
    0.335    8.0764     0.040     0.048
    0.313    8.0104     0.030     0.034
    0.291    8.0599     0.016     0.014
    0.268    8.1260     0.012     0.016
    0.246    8.1440     0.026     0.026
    0.224    8.1323     0.042     0.032
    0.201    8.1480     0.044     0.028
    0.179    8.2209     0.046     0.038
    0.156    8.2252     0.076     0.142
    0.134    8.0875     0.086     0.150
    0.112    7.9460     0.086     0.146
    0.089    7.8106     0.086     0.140
    0.067    7.8535     0.098     0.110
    0.045    7.8753     0.084     0.100
    0.022    7.8630     0.072     0.088
    0.000    7.8209     0.058     0.074
 
# Band-Index:   85
    0.000    8.6510     0.070     0.064
    0.022    8.6286     0.072     0.066
    0.045    8.6028     0.072     0.064
    0.067    8.5700     0.070     0.064
    0.089    8.5277     0.068     0.062
    0.112    8.4739     0.064     0.058
    0.134    8.4049     0.050     0.054
    0.156    8.3151     0.050     0.060
    0.179    8.3817     0.092     0.132
    0.201    8.5073     0.078     0.116
    0.224    8.5132     0.046     0.046
    0.246    8.4347     0.040     0.034
    0.268    8.4027     0.050     0.046
    0.291    8.4408     0.046     0.046
    0.313    8.4102     0.064     0.104
    0.335    8.3112     0.066     0.112
    0.358    8.2524     0.080     0.132
    0.380    8.2673     0.040     0.048
    0.402    8.3525     0.040     0.048
    0.425    8.3924     0.040     0.048
    0.425    8.3924     0.040     0.048
    0.467    8.3540     0.040     0.048
    0.508    8.2712     0.040     0.052
    0.550    8.2645     0.078     0.106
    0.592    8.3291     0.030     0.040
    0.634    8.2152     0.026     0.032
    0.675    8.2426     0.016     0.022
    0.717    8.2366     0.030     0.034
    0.759    8.1400     0.034     0.024
    0.801    8.2189     0.032     0.032
    0.842    8.2348     0.016     0.024
    0.884    8.1446     0.012     0.018
    0.926    8.1023     0.062     0.062
    0.968    8.1305     0.022     0.034
    1.010    8.1581     0.020     0.020
    1.051    7.9542     0.040     0.034
    1.093    8.0981     0.042     0.048
    1.135    8.2713     0.036     0.044
    1.177    8.3857     0.024     0.030
    1.218    8.4039     0.017     0.026
    1.218    8.4039     0.017     0.026
    1.260    8.3857     0.024     0.030
    1.302    8.2713     0.036     0.044
    1.344    8.0981     0.042     0.048
    1.386    7.9542     0.040     0.034
    1.427    8.1581     0.020     0.020
    1.469    8.1305     0.022     0.034
    1.511    8.1023     0.062     0.062
    1.553    8.1446     0.012     0.018
    1.594    8.2348     0.016     0.024
    1.636    8.2189     0.032     0.032
    1.678    8.1400     0.034     0.024
    1.720    8.2366     0.030     0.034
    1.761    8.2426     0.016     0.022
    1.803    8.2152     0.026     0.032
    1.845    8.3291     0.030     0.040
    1.887    8.2645     0.078     0.106
    1.929    8.2712     0.040     0.052
    1.970    8.3540     0.040     0.048
    2.012    8.3924     0.040     0.048
    2.012    8.3924     0.040     0.048
    2.047    8.3917     0.042     0.050
    2.083    8.3950     0.042     0.052
    2.118    8.4003     0.044     0.058
    2.153    8.4015     0.046     0.066
    2.189    8.4024     0.064     0.062
    2.224    8.3886     0.032     0.090
    2.259    8.2506     0.038     0.088
    2.294    8.0937     0.066     0.090
    2.330    7.9326     0.082     0.068
    2.365    7.7862     0.066     0.042
    2.400    7.7632     0.018     0.028
    2.436    7.8028     0.024     0.022
    2.471    7.8691     0.020     0.018
    2.506    7.9533     0.014     0.016
    2.541    8.0626     0.014     0.016
    2.577    8.1708     0.014     0.018
    2.612    8.1153     0.022     0.032
    2.647    8.0486     0.040     0.088
    2.683    8.0618     0.060     0.048
 
# Band-Index:   86
    2.683    8.0618     0.060     0.048
    2.647    8.0895     0.074     0.030
    2.612    8.1526     0.034     0.030
    2.577    8.1861     0.018     0.018
    2.541    8.0693     0.016     0.016
    2.506    7.9610     0.016     0.018
    2.471    7.8797     0.064     0.074
    2.436    7.8463     0.092     0.086
    2.400    7.7730     0.034     0.028
    2.365    7.8070     0.070     0.046
    2.330    7.9686     0.068     0.060
    2.294    8.1625     0.052     0.074
    2.259    8.3250     0.032     0.086
    2.224    8.4664     0.034     0.046
    2.189    8.4163     0.038     0.102
    2.153    8.4246     0.042     0.076
    2.118    8.4169     0.042     0.062
    2.083    8.4061     0.042     0.054
    2.047    8.3974     0.040     0.050
    2.012    8.3925     0.040     0.048
    2.012    8.3925     0.040     0.048
    1.970    8.3659     0.042     0.050
    1.929    8.2856     0.042     0.052
    1.887    8.2925     0.088     0.098
    1.845    8.3620     0.030     0.036
    1.803    8.2427     0.028     0.032
    1.761    8.2492     0.014     0.018
    1.720    8.2792     0.036     0.032
    1.678    8.1970     0.042     0.018
    1.636    8.2750     0.038     0.028
    1.594    8.2642     0.014     0.018
    1.553    8.1908     0.072     0.104
    1.511    8.1030     0.020     0.026
    1.469    8.1477     0.024     0.034
    1.427    8.1779     0.018     0.014
    1.386    7.9801     0.046     0.050
    1.344    8.1377     0.046     0.062
    1.302    8.3101     0.038     0.054
    1.260    8.4019     0.022     0.030
    1.218    8.4039     0.017     0.026
    1.218    8.4039     0.017     0.026
    1.177    8.4019     0.022     0.030
    1.135    8.3101     0.038     0.054
    1.093    8.1377     0.046     0.062
    1.051    7.9801     0.046     0.050
    1.010    8.1779     0.018     0.014
    0.968    8.1477     0.024     0.034
    0.926    8.1030     0.020     0.026
    0.884    8.1908     0.072     0.104
    0.842    8.2642     0.014     0.018
    0.801    8.2750     0.038     0.028
    0.759    8.1970     0.042     0.018
    0.717    8.2792     0.036     0.032
    0.675    8.2492     0.014     0.018
    0.634    8.2427     0.028     0.032
    0.592    8.3620     0.030     0.036
    0.550    8.2925     0.088     0.098
    0.508    8.2856     0.042     0.052
    0.467    8.3659     0.042     0.050
    0.425    8.3925     0.040     0.048
    0.425    8.3925     0.040     0.048
    0.402    8.3647     0.042     0.050
    0.380    8.2839     0.042     0.050
    0.358    8.2542     0.110     0.108
    0.335    8.3305     0.090     0.096
    0.313    8.4327     0.082     0.090
    0.291    8.5106     0.048     0.052
    0.268    8.4737     0.056     0.060
    0.246    8.4681     0.052     0.052
    0.224    8.5255     0.036     0.032
    0.201    8.5328     0.078     0.146
    0.179    8.3944     0.086     0.154
    0.156    8.3323     0.060     0.054
    0.134    8.4072     0.060     0.052
    0.112    8.4914     0.058     0.058
    0.089    8.5649     0.064     0.062
    0.067    8.6255     0.072     0.064
    0.045    8.6743     0.078     0.064
    0.022    8.6755     0.066     0.064
    0.000    8.6510     0.070     0.064
 
# Band-Index:   87
    0.000    8.7416     0.086     0.064
    0.022    8.7124     0.082     0.064
    0.045    8.7075     0.062     0.064
    0.067    8.7490     0.058     0.064
    0.089    8.7975     0.058     0.068
    0.112    8.8468     0.058     0.074
    0.134    8.8892     0.060     0.080
    0.156    8.8408     0.036     0.022
    0.179    8.7364     0.040     0.028
    0.201    8.6569     0.050     0.052
    0.224    8.6994     0.074     0.156
    0.246    8.7245     0.064     0.096
    0.268    8.6248     0.064     0.096
    0.291    8.5182     0.064     0.100
    0.313    8.4985     0.038     0.038
    0.335    8.5551     0.030     0.030
    0.358    8.6076     0.024     0.024
    0.380    8.6555     0.020     0.020
    0.402    8.6780     0.088     0.104
    0.425    8.6704     0.088     0.106
    0.425    8.6704     0.088     0.106
    0.467    8.6848     0.022     0.026
    0.508    8.5919     0.024     0.032
    0.550    8.4686     0.028     0.036
    0.592    8.3752     0.068     0.086
    0.634    8.4865     0.036     0.050
    0.675    8.3928     0.032     0.038
    0.717    8.4152     0.016     0.018
    0.759    8.3938     0.054     0.044
    0.801    8.3042     0.076     0.058
    0.842    8.2894     0.102     0.070
    0.884    8.3427     0.098     0.114
    0.926    8.4897     0.082     0.130
    0.968    8.4097     0.026     0.028
    1.010    8.2187     0.026     0.042
    1.051    8.3195     0.028     0.052
    1.093    8.3957     0.026     0.046
    1.135    8.4195     0.020     0.032
    1.177    8.4094     0.018     0.026
    1.218    8.4040     0.017     0.026
    1.218    8.4040     0.017     0.026
    1.260    8.4094     0.018     0.026
    1.302    8.4195     0.020     0.032
    1.344    8.3957     0.026     0.046
    1.386    8.3195     0.028     0.052
    1.427    8.2187     0.026     0.042
    1.469    8.4097     0.026     0.028
    1.511    8.4897     0.082     0.130
    1.553    8.3427     0.098     0.114
    1.594    8.2894     0.102     0.070
    1.636    8.3042     0.076     0.058
    1.678    8.3938     0.054     0.044
    1.720    8.4152     0.016     0.018
    1.761    8.3928     0.032     0.038
    1.803    8.4865     0.036     0.050
    1.845    8.3752     0.068     0.086
    1.887    8.4686     0.028     0.036
    1.929    8.5919     0.024     0.032
    1.970    8.6848     0.022     0.026
    2.012    8.6704     0.088     0.106
    2.012    8.6704     0.088     0.106
    2.047    8.7185     0.088     0.106
    2.083    8.7165     0.030     0.036
    2.118    8.6804     0.038     0.046
    2.153    8.6086     0.042     0.064
    2.189    8.4977     0.040     0.086
    2.224    8.5401     0.050     0.068
    2.259    8.5654     0.074     0.046
    2.294    8.5184     0.028     0.060
    2.330    8.3466     0.012     0.040
    2.365    8.1230     0.018     0.036
    2.400    7.9158     0.018     0.030
    2.436    7.8690     0.008     0.010
    2.471    7.9639     0.008     0.012
    2.506    8.0771     0.010     0.012
    2.541    8.1946     0.012     0.018
    2.577    8.2676     0.020     0.036
    2.612    8.2620     0.026     0.030
    2.647    8.1204     0.100     0.046
    2.683    8.2125     0.082     0.032
 
# Band-Index:   88
    2.683    8.2125     0.082     0.032
    2.647    8.3197     0.106     0.040
    2.612    8.2887     0.088     0.058
    2.577    8.2851     0.018     0.028
    2.541    8.1986     0.012     0.016
    2.506    8.0809     0.010     0.012
    2.471    7.9675     0.008     0.012
    2.436    7.8701     0.008     0.010
    2.400    7.9212     0.020     0.032
    2.365    8.1318     0.022     0.040
    2.330    8.3555     0.014     0.046
    2.294    8.5353     0.022     0.046
    2.259    8.6123     0.078     0.040
    2.224    8.5606     0.060     0.060
    2.189    8.6080     0.034     0.036
    2.153    8.6900     0.030     0.050
    2.118    8.7377     0.026     0.054
    2.083    8.7572     0.020     0.032
    2.047    8.7318     0.024     0.030
    2.012    8.6704     0.088     0.106
    2.012    8.6704     0.088     0.106
    1.970    8.7024     0.020     0.028
    1.929    8.6127     0.022     0.030
    1.887    8.4955     0.026     0.034
    1.845    8.4068     0.074     0.082
    1.803    8.4920     0.064     0.074
    1.761    8.4127     0.036     0.042
    1.720    8.4367     0.018     0.018
    1.678    8.4244     0.058     0.044
    1.636    8.3283     0.078     0.052
    1.594    8.3321     0.106     0.088
    1.553    8.3921     0.098     0.108
    1.511    8.5221     0.088     0.134
    1.469    8.4452     0.024     0.022
    1.427    8.2352     0.028     0.042
    1.386    8.3319     0.030     0.050
    1.344    8.4015     0.024     0.050
    1.302    8.4262     0.018     0.032
    1.260    8.4142     0.018     0.026
    1.218    8.4040     0.017     0.026
    1.218    8.4040     0.017     0.026
    1.177    8.4142     0.018     0.026
    1.135    8.4262     0.018     0.032
    1.093    8.4015     0.024     0.050
    1.051    8.3319     0.030     0.050
    1.010    8.2352     0.028     0.042
    0.968    8.4452     0.024     0.022
    0.926    8.5221     0.088     0.134
    0.884    8.3921     0.098     0.108
    0.842    8.3321     0.106     0.088
    0.801    8.3283     0.078     0.052
    0.759    8.4244     0.058     0.044
    0.717    8.4367     0.018     0.018
    0.675    8.4127     0.036     0.042
    0.634    8.4920     0.064     0.074
    0.592    8.4068     0.074     0.082
    0.550    8.4955     0.026     0.034
    0.508    8.6127     0.022     0.030
    0.467    8.7024     0.020     0.028
    0.425    8.6704     0.088     0.106
    0.425    8.6704     0.088     0.106
    0.402    8.6802     0.088     0.106
    0.380    8.6570     0.020     0.022
    0.358    8.6212     0.024     0.024
    0.335    8.5866     0.028     0.032
    0.313    8.5501     0.036     0.042
    0.291    8.5381     0.076     0.088
    0.268    8.6396     0.072     0.086
    0.246    8.7332     0.070     0.084
    0.224    8.6995     0.078     0.124
    0.201    8.6659     0.038     0.038
    0.179    8.7692     0.034     0.024
    0.156    8.8781     0.034     0.022
    0.134    8.9276     0.070     0.072
    0.112    8.8984     0.072     0.066
    0.089    8.8608     0.074     0.062
    0.067    8.8236     0.078     0.060
    0.045    8.7920     0.082     0.062
    0.022    8.7662     0.086     0.062
    0.000    8.7417     0.086     0.064
 
# Band-Index:   89
    0.000    9.4242     0.056     0.096
    0.022    9.3709     0.054     0.092
    0.045    9.3189     0.054     0.088
    0.067    9.2685     0.054     0.084
    0.089    9.2173     0.050     0.074
    0.112    9.0957     0.032     0.018
    0.134    8.9610     0.034     0.018
    0.156    8.9154     0.064     0.086
    0.179    8.9143     0.066     0.092
    0.201    8.8785     0.066     0.094
    0.224    8.8118     0.066     0.096
    0.246    8.7896     0.066     0.110
    0.268    8.8383     0.058     0.098
    0.291    8.8569     0.054     0.092
    0.313    8.8540     0.046     0.092
    0.335    8.8023     0.092     0.108
    0.358    8.7451     0.090     0.106
    0.380    8.7032     0.088     0.106
    0.402    8.6939     0.018     0.020
    0.425    8.7395     0.020     0.028
    0.425    8.7395     0.020     0.028
    0.467    8.7263     0.088     0.106
    0.508    8.8380     0.042     0.060
    0.550    8.7906     0.050     0.084
    0.592    8.6246     0.046     0.072
    0.634    8.5158     0.038     0.058
    0.675    8.5562     0.058     0.062
    0.717    8.5102     0.052     0.048
    0.759    8.5193     0.022     0.022
    0.801    8.4649     0.016     0.016
    0.842    8.4649     0.034     0.034
    0.884    8.5841     0.048     0.056
    0.926    8.6173     0.060     0.072
    0.968    8.5341     0.052     0.066
    1.010    8.4568     0.038     0.050
    1.051    8.4409     0.028     0.038
    1.093    8.4744     0.028     0.040
    1.135    8.5255     0.028     0.052
    1.177    8.5246     0.024     0.036
    1.218    8.5123     0.022     0.028
    1.218    8.5123     0.022     0.028
    1.260    8.5246     0.024     0.036
    1.302    8.5255     0.028     0.052
    1.344    8.4744     0.028     0.040
    1.386    8.4409     0.028     0.038
    1.427    8.4568     0.038     0.050
    1.469    8.5341     0.052     0.066
    1.511    8.6173     0.060     0.072
    1.553    8.5841     0.048     0.056
    1.594    8.4649     0.034     0.034
    1.636    8.4649     0.016     0.016
    1.678    8.5193     0.022     0.022
    1.720    8.5102     0.052     0.048
    1.761    8.5562     0.058     0.062
    1.803    8.5158     0.038     0.058
    1.845    8.6246     0.046     0.072
    1.887    8.7906     0.050     0.084
    1.929    8.8380     0.042     0.060
    1.970    8.7263     0.088     0.106
    2.012    8.7395     0.020     0.028
    2.012    8.7395     0.020     0.028
    2.047    8.7473     0.018     0.028
    2.083    8.7643     0.026     0.048
    2.118    8.7659     0.026     0.040
    2.153    8.7514     0.044     0.052
    2.189    8.6890     0.074     0.044
    2.224    8.6139     0.086     0.038
    2.259    8.6914     0.050     0.066
    2.294    8.7025     0.084     0.028
    2.330    8.6752     0.080     0.046
    2.365    8.7463     0.060     0.050
    2.400    8.6935     0.036     0.062
    2.436    8.5747     0.044     0.066
    2.471    8.5012     0.060     0.078
    2.506    8.4790     0.082     0.090
    2.541    8.4697     0.102     0.094
    2.577    8.3658     0.026     0.018
    2.612    8.2938     0.034     0.030
    2.647    8.3348     0.038     0.038
    2.683    8.4406     0.052     0.048
 
# Band-Index:   90
    2.683    8.4406     0.052     0.048
    2.647    8.3993     0.052     0.048
    2.612    8.3978     0.134     0.060
    2.577    8.3851     0.032     0.020
    2.541    8.5144     0.026     0.030
    2.506    8.6100     0.104     0.088
    2.471    8.5961     0.082     0.076
    2.436    8.6299     0.056     0.062
    2.400    8.7281     0.044     0.056
    2.365    8.8177     0.066     0.044
    2.330    8.7477     0.090     0.044
    2.294    8.7541     0.108     0.034
    2.259    8.7028     0.056     0.060
    2.224    8.6700     0.078     0.040
    2.189    8.7299     0.054     0.052
    2.153    8.7781     0.046     0.042
    2.118    8.8015     0.028     0.030
    2.083    8.7958     0.018     0.032
    2.047    8.7600     0.092     0.108
    2.012    8.7395     0.020     0.028
    2.012    8.7395     0.020     0.028
    1.970    8.7678     0.092     0.110
    1.929    8.8643     0.036     0.064
    1.887    8.8439     0.048     0.092
    1.845    8.6678     0.048     0.082
    1.803    8.5215     0.068     0.072
    1.761    8.5832     0.060     0.060
    1.720    8.5378     0.054     0.048
    1.678    8.5426     0.020     0.020
    1.636    8.4896     0.016     0.014
    1.594    8.4915     0.042     0.038
    1.553    8.6400     0.058     0.058
    1.511    8.6503     0.064     0.068
    1.469    8.5561     0.052     0.058
    1.427    8.4824     0.040     0.044
    1.386    8.4724     0.032     0.034
    1.344    8.5184     0.034     0.038
    1.302    8.5599     0.028     0.046
    1.260    8.5393     0.024     0.032
    1.218    8.5123     0.022     0.028
    1.218    8.5123     0.022     0.028
    1.177    8.5393     0.024     0.032
    1.135    8.5599     0.028     0.046
    1.093    8.5184     0.034     0.038
    1.051    8.4724     0.032     0.034
    1.010    8.4824     0.040     0.044
    0.968    8.5561     0.052     0.058
    0.926    8.6503     0.064     0.068
    0.884    8.6400     0.058     0.058
    0.842    8.4915     0.042     0.038
    0.801    8.4896     0.016     0.014
    0.759    8.5426     0.020     0.020
    0.717    8.5378     0.054     0.048
    0.675    8.5832     0.060     0.060
    0.634    8.5215     0.068     0.072
    0.592    8.6678     0.048     0.082
    0.550    8.8439     0.048     0.092
    0.508    8.8643     0.036     0.064
    0.467    8.7678     0.092     0.110
    0.425    8.7395     0.020     0.028
    0.425    8.7395     0.020     0.028
    0.402    8.7059     0.020     0.026
    0.380    8.7067     0.088     0.108
    0.358    8.7488     0.088     0.112
    0.335    8.8052     0.090     0.114
    0.313    8.8567     0.050     0.086
    0.291    8.8570     0.048     0.100
    0.268    8.8471     0.050     0.118
    0.246    8.8000     0.060     0.148
    0.224    8.8153     0.068     0.084
    0.201    8.8809     0.068     0.082
    0.179    8.9238     0.068     0.080
    0.156    8.9388     0.070     0.078
    0.134    8.9911     0.034     0.020
    0.112    9.1115     0.032     0.022
    0.089    9.2179     0.048     0.062
    0.067    9.2721     0.056     0.078
    0.045    9.3226     0.056     0.080
    0.022    9.3745     0.056     0.084
    0.000    9.4242     0.056     0.096
 
# Band-Index:   91
    0.000    9.4276     0.058     0.088
    0.022    9.4775     0.058     0.100
    0.045    9.5009     0.032     0.026
    0.067    9.3812     0.030     0.022
    0.089    9.2484     0.034     0.026
    0.112    9.1787     0.052     0.080
    0.134    9.1362     0.052     0.078
    0.156    9.0974     0.052     0.076
    0.179    9.0585     0.046     0.066
    0.201    8.9947     0.028     0.038
    0.224    8.9492     0.038     0.052
    0.246    8.9462     0.048     0.072
    0.268    8.9655     0.056     0.078
    0.291    8.9538     0.092     0.122
    0.313    8.8730     0.094     0.112
    0.335    8.8475     0.048     0.086
    0.358    8.8411     0.048     0.082
    0.380    8.8359     0.048     0.080
    0.402    8.8272     0.044     0.064
    0.425    8.7860     0.024     0.038
    0.425    8.7860     0.024     0.038
    0.467    8.8139     0.038     0.058
    0.508    8.8780     0.088     0.106
    0.550    9.0062     0.038     0.070
    0.592    9.0038     0.040     0.050
    0.634    8.9057     0.030     0.036
    0.675    8.7762     0.022     0.030
    0.717    8.7165     0.020     0.030
    0.759    8.7294     0.020     0.026
    0.801    8.7533     0.040     0.040
    0.842    8.8868     0.062     0.056
    0.884    8.9160     0.036     0.028
    0.926    8.7116     0.042     0.038
    0.968    8.7391     0.082     0.132
    1.010    8.8543     0.064     0.098
    1.051    8.8346     0.064     0.078
    1.093    8.7775     0.062     0.072
    1.135    8.7056     0.054     0.066
    1.177    8.5809     0.028     0.048
    1.218    8.5123     0.022     0.028
    1.218    8.5123     0.022     0.028
    1.260    8.5809     0.028     0.048
    1.302    8.7056     0.054     0.066
    1.344    8.7775     0.062     0.072
    1.386    8.8346     0.064     0.078
    1.427    8.8543     0.064     0.098
    1.469    8.7391     0.082     0.132
    1.511    8.7116     0.042     0.038
    1.553    8.9160     0.036     0.028
    1.594    8.8868     0.062     0.056
    1.636    8.7533     0.040     0.040
    1.678    8.7294     0.020     0.026
    1.720    8.7165     0.020     0.030
    1.761    8.7762     0.022     0.030
    1.803    8.9057     0.030     0.036
    1.845    9.0038     0.040     0.050
    1.887    9.0062     0.038     0.070
    1.929    8.8780     0.088     0.106
    1.970    8.8139     0.038     0.058
    2.012    8.7860     0.024     0.038
    2.012    8.7860     0.024     0.038
    2.047    8.7781     0.026     0.042
    2.083    8.8230     0.040     0.058
    2.118    8.8155     0.032     0.048
    2.153    8.8309     0.018     0.034
    2.189    8.8601     0.018     0.030
    2.224    8.8863     0.018     0.032
    2.259    8.8543     0.044     0.030
    2.294    8.8184     0.050     0.060
    2.330    8.8768     0.046     0.058
    2.365    8.8188     0.038     0.062
    2.400    8.8425     0.050     0.048
    2.436    8.9024     0.036     0.042
    2.471    8.8080     0.026     0.034
    2.506    8.6665     0.026     0.032
    2.541    8.5533     0.022     0.030
    2.577    8.4302     0.116     0.076
    2.612    8.4065     0.018     0.022
    2.647    8.5280     0.012     0.018
    2.683    8.5361     0.070     0.062
 
# Band-Index:   92
    2.683    8.5361     0.070     0.062
    2.647    8.5406     0.014     0.022
    2.612    8.4152     0.020     0.022
    2.577    8.4826     0.102     0.074
    2.541    8.5733     0.026     0.026
    2.506    8.6804     0.022     0.032
    2.471    8.8256     0.028     0.034
    2.436    8.9548     0.036     0.032
    2.400    8.9119     0.052     0.042
    2.365    8.8478     0.042     0.056
    2.330    8.9013     0.046     0.056
    2.294    8.8261     0.050     0.060
    2.259    8.8811     0.062     0.026
    2.224    8.8936     0.020     0.028
    2.189    8.8621     0.016     0.030
    2.153    8.8366     0.018     0.032
    2.118    8.8254     0.028     0.042
    2.083    8.8290     0.034     0.054
    2.047    8.7908     0.020     0.036
    2.012    8.7861     0.024     0.038
    2.012    8.7861     0.024     0.038
    1.970    8.8262     0.036     0.062
    1.929    8.9398     0.092     0.112
    1.887    9.0333     0.080     0.098
    1.845    9.0857     0.044     0.042
    1.803    8.9577     0.030     0.034
    1.761    8.7963     0.022     0.028
    1.720    8.7299     0.022     0.030
    1.678    8.7362     0.020     0.026
    1.636    8.7677     0.038     0.042
    1.594    8.9373     0.062     0.058
    1.553    8.9765     0.038     0.030
    1.511    8.7524     0.032     0.028
    1.469    8.7773     0.086     0.158
    1.427    8.9575     0.080     0.104
    1.386    8.8811     0.040     0.038
    1.344    8.7846     0.042     0.038
    1.302    8.7247     0.040     0.066
    1.260    8.5931     0.036     0.044
    1.218    8.5123     0.022     0.028
    1.218    8.5123     0.022     0.028
    1.177    8.5931     0.036     0.044
    1.135    8.7247     0.040     0.066
    1.093    8.7846     0.042     0.038
    1.051    8.8811     0.040     0.038
    1.010    8.9575     0.080     0.104
    0.968    8.7773     0.086     0.158
    0.926    8.7524     0.032     0.028
    0.884    8.9765     0.038     0.030
    0.842    8.9373     0.062     0.058
    0.801    8.7677     0.038     0.042
    0.759    8.7362     0.020     0.026
    0.717    8.7299     0.022     0.030
    0.675    8.7963     0.022     0.028
    0.634    8.9577     0.030     0.034
    0.592    9.0857     0.044     0.042
    0.550    9.0333     0.080     0.098
    0.508    8.9398     0.092     0.112
    0.467    8.8262     0.036     0.062
    0.425    8.7861     0.024     0.038
    0.425    8.7861     0.024     0.038
    0.402    8.8292     0.042     0.078
    0.380    8.8372     0.048     0.080
    0.358    8.8433     0.048     0.082
    0.335    8.8504     0.050     0.082
    0.313    8.8743     0.092     0.118
    0.291    8.9556     0.096     0.114
    0.268    8.9849     0.052     0.070
    0.246    8.9709     0.046     0.056
    0.224    8.9858     0.040     0.042
    0.201    9.0335     0.036     0.036
    0.179    9.0780     0.058     0.066
    0.156    9.1094     0.058     0.070
    0.134    9.1460     0.056     0.070
    0.112    9.1881     0.054     0.072
    0.089    9.2561     0.036     0.034
    0.067    9.3946     0.032     0.020
    0.045    9.5290     0.060     0.108
    0.022    9.4804     0.060     0.092
    0.000    9.4276     0.058     0.088
 
# Band-Index:   93
    0.000    9.6233     0.040     0.046
    0.022    9.5865     0.036     0.034
    0.045    9.5295     0.062     0.098
    0.067    9.5458     0.048     0.066
    0.089    9.4941     0.042     0.048
    0.112    9.4322     0.040     0.044
    0.134    9.3446     0.014     0.018
    0.156    9.2109     0.016     0.020
    0.179    9.0979     0.028     0.032
    0.201    9.0456     0.054     0.068
    0.224    9.0298     0.062     0.074
    0.246    9.0541     0.078     0.094
    0.268    9.0405     0.094     0.124
    0.291    9.0134     0.066     0.092
    0.313    9.0666     0.056     0.090
    0.335    9.0830     0.044     0.082
    0.358    9.0367     0.032     0.062
    0.380    8.9478     0.026     0.048
    0.402    8.8562     0.026     0.050
    0.425    8.8391     0.044     0.074
    0.425    8.8391     0.044     0.074
    0.467    8.8669     0.028     0.058
    0.508    8.9611     0.026     0.068
    0.550    9.0729     0.044     0.052
    0.592    9.1227     0.066     0.080
    0.634    9.1271     0.054     0.066
    0.675    9.1049     0.048     0.058
    0.717    8.9705     0.014     0.018
    0.759    8.8553     0.020     0.024
    0.801    9.0110     0.028     0.034
    0.842    9.1392     0.028     0.028
    0.884    8.9828     0.070     0.064
    0.926    9.0378     0.042     0.044
    0.968    8.9871     0.072     0.072
    1.010    8.9924     0.042     0.040
    1.051    8.8983     0.038     0.038
    1.093    8.7972     0.040     0.038
    1.135    8.7391     0.054     0.050
    1.177    8.8184     0.066     0.076
    1.218    8.9120     0.078     0.091
    1.218    8.9120     0.078     0.092
    1.260    8.8184     0.066     0.076
    1.302    8.7391     0.054     0.050
    1.344    8.7972     0.040     0.038
    1.386    8.8983     0.038     0.038
    1.427    8.9924     0.042     0.040
    1.469    8.9871     0.072     0.072
    1.511    9.0378     0.042     0.044
    1.553    8.9828     0.070     0.064
    1.594    9.1392     0.028     0.028
    1.636    9.0110     0.028     0.034
    1.678    8.8553     0.020     0.024
    1.720    8.9705     0.014     0.018
    1.761    9.1049     0.048     0.058
    1.803    9.1271     0.054     0.066
    1.845    9.1227     0.066     0.080
    1.887    9.0729     0.044     0.052
    1.929    8.9611     0.026     0.068
    1.970    8.8669     0.028     0.058
    2.012    8.8391     0.044     0.074
    2.012    8.8391     0.044     0.074
    2.047    8.8331     0.044     0.066
    2.083    8.8528     0.090     0.106
    2.118    8.9975     0.088     0.104
    2.153    9.1180     0.082     0.100
    2.189    9.1682     0.078     0.060
    2.224    9.0795     0.072     0.058
    2.259    8.9903     0.042     0.054
    2.294    8.9905     0.026     0.046
    2.330    9.0360     0.030     0.042
    2.365    9.0861     0.028     0.040
    2.400    9.0774     0.020     0.038
    2.436    9.0318     0.026     0.038
    2.471    8.9424     0.026     0.034
    2.506    8.7464     0.026     0.030
    2.541    8.5774     0.024     0.024
    2.577    8.5056     0.012     0.020
    2.612    8.5778     0.008     0.012
    2.647    8.5564     0.058     0.052
    2.683    8.6818     0.012     0.016
 
# Band-Index:   94
    2.683    8.6818     0.012     0.016
    2.647    8.6759     0.080     0.070
    2.612    8.5793     0.008     0.012
    2.577    8.5091     0.014     0.018
    2.541    8.5904     0.104     0.084
    2.506    8.7788     0.030     0.028
    2.471    8.9895     0.030     0.028
    2.436    9.0457     0.030     0.038
    2.400    9.0937     0.032     0.032
    2.365    9.1223     0.034     0.030
    2.330    9.0726     0.026     0.040
    2.294    9.0167     0.020     0.044
    2.259    8.9966     0.036     0.054
    2.224    9.0938     0.062     0.044
    2.189    9.2026     0.030     0.060
    2.153    9.1878     0.082     0.106
    2.118    9.0659     0.090     0.112
    2.083    8.9137     0.094     0.112
    2.047    8.8358     0.038     0.068
    2.012    8.8391     0.044     0.074
    2.012    8.8391     0.044     0.074
    1.970    8.8767     0.032     0.046
    1.929    8.9839     0.032     0.052
    1.887    9.0996     0.084     0.102
    1.845    9.1770     0.068     0.082
    1.803    9.1641     0.056     0.066
    1.761    9.1281     0.048     0.060
    1.720    8.9769     0.014     0.016
    1.678    8.8736     0.024     0.026
    1.636    9.0475     0.034     0.034
    1.594    9.1693     0.038     0.044
    1.553    9.0990     0.088     0.082
    1.511    9.0522     0.058     0.060
    1.469    9.0670     0.072     0.068
    1.427    9.0185     0.042     0.040
    1.386    8.9260     0.062     0.072
    1.344    8.8385     0.050     0.070
    1.302    8.7529     0.052     0.052
    1.260    8.8329     0.070     0.084
    1.218    8.9120     0.078     0.092
    1.218    8.9120     0.078     0.091
    1.177    8.8329     0.070     0.084
    1.135    8.7529     0.052     0.052
    1.093    8.8385     0.050     0.070
    1.051    8.9260     0.062     0.072
    1.010    9.0185     0.042     0.040
    0.968    9.0670     0.072     0.068
    0.926    9.0522     0.058     0.060
    0.884    9.0990     0.088     0.082
    0.842    9.1693     0.038     0.044
    0.801    9.0475     0.034     0.034
    0.759    8.8736     0.024     0.026
    0.717    8.9769     0.014     0.016
    0.675    9.1281     0.048     0.060
    0.634    9.1641     0.056     0.066
    0.592    9.1770     0.068     0.082
    0.550    9.0996     0.084     0.102
    0.508    8.9839     0.032     0.052
    0.467    8.8767     0.032     0.046
    0.425    8.8391     0.044     0.074
    0.425    8.8391     0.044     0.074
    0.402    8.8674     0.026     0.044
    0.380    8.9605     0.024     0.050
    0.358    9.0549     0.028     0.066
    0.335    9.1090     0.044     0.092
    0.313    9.0814     0.066     0.106
    0.291    9.0216     0.058     0.082
    0.268    9.0477     0.098     0.118
    0.246    9.0850     0.086     0.080
    0.224    9.0527     0.070     0.064
    0.201    9.0598     0.058     0.058
    0.179    9.1220     0.026     0.022
    0.156    9.2369     0.020     0.016
    0.134    9.3736     0.018     0.014
    0.112    9.4625     0.044     0.050
    0.089    9.5448     0.046     0.052
    0.067    9.5745     0.064     0.114
    0.045    9.5337     0.036     0.024
    0.022    9.6283     0.042     0.040
    0.000    9.6233     0.040     0.046
 
# Band-Index:   95
    0.000    9.6631     0.042     0.052
    0.022    9.6286     0.042     0.052
    0.045    9.6119     0.042     0.054
    0.067    9.5966     0.060     0.090
    0.089    9.5939     0.024     0.030
    0.112    9.4797     0.016     0.022
    0.134    9.3745     0.042     0.044
    0.156    9.3129     0.042     0.050
    0.179    9.2590     0.044     0.052
    0.201    9.2243     0.050     0.062
    0.224    9.1927     0.066     0.090
    0.246    9.1276     0.088     0.120
    0.268    9.1488     0.090     0.122
    0.291    9.2618     0.056     0.070
    0.313    9.2708     0.058     0.072
    0.335    9.2843     0.060     0.076
    0.358    9.3034     0.064     0.082
    0.380    9.3278     0.068     0.088
    0.402    9.3526     0.074     0.096
    0.425    9.3654     0.072     0.098
    0.425    9.3654     0.072     0.098
    0.467    9.3633     0.072     0.096
    0.508    9.3600     0.074     0.084
    0.550    9.2762     0.058     0.050
    0.592    9.3393     0.032     0.050
    0.634    9.3578     0.028     0.042
    0.675    9.1901     0.020     0.022
    0.717    9.1484     0.048     0.058
    0.759    9.2530     0.044     0.058
    0.801    9.3113     0.036     0.046
    0.842    9.1703     0.032     0.030
    0.884    9.1939     0.046     0.042
    0.926    9.1095     0.058     0.048
    0.968    9.0747     0.048     0.050
    1.010    9.0385     0.080     0.134
    1.051    9.1254     0.026     0.032
    1.093    9.0965     0.040     0.066
    1.135    8.9189     0.046     0.062
    1.177    8.8747     0.074     0.090
    1.218    8.9120     0.077     0.092
    1.218    8.9120     0.078     0.092
    1.260    8.8747     0.074     0.090
    1.302    8.9189     0.046     0.062
    1.344    9.0965     0.040     0.066
    1.386    9.1254     0.026     0.032
    1.427    9.0385     0.080     0.134
    1.469    9.0747     0.048     0.050
    1.511    9.1095     0.058     0.048
    1.553    9.1939     0.046     0.042
    1.594    9.1703     0.032     0.030
    1.636    9.3113     0.036     0.046
    1.678    9.2530     0.044     0.058
    1.720    9.1484     0.048     0.058
    1.761    9.1901     0.020     0.022
    1.803    9.3578     0.028     0.042
    1.845    9.3393     0.032     0.050
    1.887    9.2762     0.058     0.050
    1.929    9.3600     0.074     0.084
    1.970    9.3633     0.072     0.096
    2.012    9.3654     0.072     0.098
    2.012    9.3654     0.072     0.098
    2.047    9.3743     0.074     0.100
    2.083    9.4110     0.076     0.104
    2.118    9.3483     0.072     0.098
    2.153    9.2511     0.074     0.074
    2.189    9.2047     0.074     0.098
    2.224    9.1493     0.054     0.066
    2.259    9.0848     0.030     0.030
    2.294    9.0731     0.024     0.024
    2.330    9.1082     0.020     0.026
    2.365    9.1519     0.024     0.040
    2.400    9.1919     0.044     0.042
    2.436    9.1597     0.046     0.040
    2.471    9.1338     0.038     0.042
    2.506    9.0177     0.038     0.032
    2.541    8.9015     0.042     0.030
    2.577    8.7651     0.040     0.034
    2.612    8.6594     0.052     0.048
    2.647    8.7237     0.008     0.014
    2.683    8.6934     0.012     0.022
 
# Band-Index:   96
    2.683    8.6934     0.012     0.022
    2.647    8.7270     0.008     0.014
    2.612    8.7814     0.084     0.070
    2.577    8.8446     0.074     0.062
    2.541    8.9051     0.048     0.038
    2.506    9.0690     0.038     0.026
    2.471    9.1602     0.040     0.032
    2.436    9.2192     0.042     0.036
    2.400    9.2648     0.040     0.038
    2.365    9.1727     0.030     0.036
    2.330    9.1315     0.024     0.028
    2.294    9.0956     0.024     0.022
    2.259    9.0916     0.026     0.024
    2.224    9.1544     0.034     0.046
    2.189    9.2348     0.026     0.048
    2.153    9.3021     0.052     0.074
    2.118    9.4128     0.070     0.070
    2.083    9.4257     0.060     0.100
    2.047    9.3844     0.074     0.100
    2.012    9.3654     0.074     0.098
    2.012    9.3654     0.074     0.098
    1.970    9.3737     0.070     0.096
    1.929    9.3718     0.070     0.092
    1.887    9.2891     0.064     0.044
    1.845    9.3717     0.046     0.044
    1.803    9.3740     0.034     0.038
    1.761    9.1947     0.018     0.022
    1.720    9.1657     0.048     0.060
    1.678    9.2774     0.050     0.058
    1.636    9.3258     0.038     0.044
    1.594    9.2287     0.046     0.046
    1.553    9.2015     0.018     0.026
    1.511    9.1270     0.046     0.048
    1.469    9.1282     0.048     0.046
    1.427    9.1074     0.088     0.134
    1.386    9.1336     0.028     0.032
    1.344    9.1283     0.026     0.040
    1.302    8.9628     0.054     0.050
    1.260    8.8918     0.066     0.074
    1.218    8.9120     0.078     0.092
    1.218    8.9120     0.077     0.092
    1.177    8.8918     0.066     0.074
    1.135    8.9628     0.054     0.050
    1.093    9.1283     0.026     0.040
    1.051    9.1336     0.028     0.032
    1.010    9.1074     0.088     0.134
    0.968    9.1282     0.048     0.046
    0.926    9.1270     0.046     0.048
    0.884    9.2015     0.018     0.026
    0.842    9.2287     0.046     0.046
    0.801    9.3258     0.038     0.044
    0.759    9.2774     0.050     0.058
    0.717    9.1657     0.048     0.060
    0.675    9.1947     0.018     0.022
    0.634    9.3740     0.034     0.038
    0.592    9.3717     0.046     0.044
    0.550    9.2891     0.064     0.044
    0.508    9.3718     0.070     0.092
    0.467    9.3737     0.070     0.096
    0.425    9.3654     0.074     0.098
    0.425    9.3654     0.074     0.098
    0.402    9.3583     0.068     0.094
    0.380    9.3405     0.062     0.088
    0.358    9.3226     0.058     0.082
    0.335    9.3087     0.054     0.076
    0.313    9.2987     0.054     0.072
    0.291    9.2742     0.090     0.130
    0.268    9.1787     0.096     0.112
    0.246    9.1470     0.100     0.120
    0.224    9.2459     0.092     0.110
    0.201    9.2809     0.052     0.054
    0.179    9.2971     0.048     0.048
    0.156    9.3278     0.044     0.044
    0.134    9.3832     0.042     0.048
    0.112    9.5188     0.018     0.014
    0.089    9.6141     0.072     0.126
    0.067    9.6297     0.050     0.054
    0.045    9.6916     0.038     0.046
    0.022    9.6864     0.044     0.056
    0.000    9.6632     0.042     0.052
 
# Band-Index:   97
    0.000    9.7717     0.044     0.040
    0.022    9.7274     0.040     0.040
    0.045    9.6929     0.052     0.058
    0.067    9.6619     0.034     0.042
    0.089    9.6235     0.072     0.118
    0.112    9.6285     0.080     0.140
    0.134    9.6101     0.092     0.150
    0.156    9.5541     0.098     0.152
    0.179    9.4659     0.104     0.138
    0.201    9.3652     0.102     0.130
    0.224    9.2897     0.064     0.074
    0.246    9.2623     0.060     0.072
    0.268    9.2574     0.056     0.068
    0.291    9.2919     0.054     0.068
    0.313    9.3720     0.078     0.110
    0.335    9.4112     0.078     0.086
    0.358    9.4368     0.066     0.070
    0.380    9.4203     0.040     0.046
    0.402    9.3906     0.032     0.036
    0.425    9.3789     0.030     0.034
    0.425    9.3789     0.030     0.034
    0.467    9.4157     0.040     0.060
    0.508    9.3851     0.086     0.084
    0.550    9.4019     0.070     0.092
    0.592    9.4666     0.042     0.038
    0.634    9.5117     0.056     0.040
    0.675    9.6095     0.072     0.058
    0.717    9.6370     0.086     0.080
    0.759    9.6010     0.082     0.082
    0.801    9.5116     0.066     0.072
    0.842    9.4339     0.020     0.028
    0.884    9.2359     0.030     0.026
    0.926    9.2357     0.068     0.058
    0.968    9.2265     0.040     0.040
    1.010    9.1780     0.032     0.032
    1.051    9.1807     0.070     0.124
    1.093    9.1311     0.048     0.066
    1.135    9.2367     0.034     0.054
    1.177    9.3394     0.056     0.088
    1.218    9.3262     0.077     0.119
    1.218    9.3262     0.078     0.119
    1.260    9.3394     0.056     0.088
    1.302    9.2367     0.034     0.054
    1.344    9.1311     0.048     0.066
    1.386    9.1807     0.070     0.124
    1.427    9.1780     0.032     0.032
    1.469    9.2265     0.040     0.040
    1.511    9.2357     0.068     0.058
    1.553    9.2359     0.030     0.026
    1.594    9.4339     0.020     0.028
    1.636    9.5116     0.066     0.072
    1.678    9.6010     0.082     0.082
    1.720    9.6370     0.086     0.080
    1.761    9.6095     0.072     0.058
    1.803    9.5117     0.056     0.040
    1.845    9.4666     0.042     0.038
    1.887    9.4019     0.070     0.092
    1.929    9.3851     0.086     0.084
    1.970    9.4157     0.040     0.060
    2.012    9.3789     0.030     0.034
    2.012    9.3789     0.030     0.034
    2.047    9.4099     0.038     0.058
    2.083    9.4313     0.078     0.104
    2.118    9.4752     0.080     0.114
    2.153    9.3898     0.026     0.048
    2.189    9.2656     0.094     0.064
    2.224    9.2605     0.068     0.100
    2.259    9.2063     0.022     0.038
    2.294    9.2093     0.026     0.042
    2.330    9.2326     0.034     0.098
    2.365    9.2640     0.036     0.078
    2.400    9.3133     0.040     0.052
    2.436    9.2784     0.044     0.036
    2.471    9.1782     0.040     0.044
    2.506    9.2499     0.036     0.042
    2.541    9.3634     0.028     0.040
    2.577    9.2071     0.016     0.024
    2.612    9.0295     0.016     0.018
    2.647    8.8508     0.014     0.016
    2.683    8.8961     0.010     0.016
 
# Band-Index:   98
    2.683    8.8961     0.010     0.016
    2.647    8.8584     0.012     0.022
    2.612    9.0313     0.012     0.020
    2.577    9.2144     0.018     0.020
    2.541    9.3738     0.036     0.042
    2.506    9.2953     0.036     0.040
    2.471    9.2406     0.042     0.028
    2.436    9.3403     0.016     0.050
    2.400    9.3342     0.012     0.044
    2.365    9.2840     0.036     0.074
    2.330    9.2395     0.026     0.040
    2.294    9.2229     0.030     0.036
    2.259    9.2107     0.024     0.036
    2.224    9.3082     0.012     0.024
    2.189    9.2752     0.076     0.102
    2.153    9.4419     0.068     0.070
    2.118    9.5052     0.082     0.114
    2.083    9.4686     0.070     0.056
    2.047    9.4161     0.040     0.038
    2.012    9.3789     0.030     0.034
    2.012    9.3789     0.030     0.034
    1.970    9.4225     0.044     0.042
    1.929    9.3893     0.066     0.092
    1.887    9.4224     0.064     0.092
    1.845    9.4731     0.072     0.094
    1.803    9.5472     0.050     0.030
    1.761    9.6358     0.064     0.056
    1.720    9.6643     0.036     0.058
    1.678    9.6211     0.034     0.052
    1.636    9.5569     0.036     0.044
    1.594    9.4341     0.044     0.050
    1.553    9.2577     0.040     0.048
    1.511    9.3054     0.058     0.040
    1.469    9.2530     0.040     0.032
    1.427    9.1917     0.032     0.032
    1.386    9.2301     0.058     0.136
    1.344    9.1421     0.028     0.038
    1.302    9.2470     0.032     0.056
    1.260    9.3552     0.060     0.092
    1.218    9.3262     0.078     0.119
    1.218    9.3262     0.077     0.119
    1.177    9.3552     0.060     0.092
    1.135    9.2470     0.032     0.056
    1.093    9.1421     0.028     0.038
    1.051    9.2301     0.058     0.136
    1.010    9.1917     0.032     0.032
    0.968    9.2530     0.040     0.032
    0.926    9.3054     0.058     0.040
    0.884    9.2577     0.040     0.048
    0.842    9.4341     0.044     0.050
    0.801    9.5569     0.036     0.044
    0.759    9.6211     0.034     0.052
    0.717    9.6643     0.036     0.058
    0.675    9.6358     0.064     0.056
    0.634    9.5472     0.050     0.030
    0.592    9.4731     0.072     0.094
    0.550    9.4224     0.064     0.092
    0.508    9.3893     0.066     0.092
    0.467    9.4225     0.044     0.042
    0.425    9.3789     0.030     0.034
    0.425    9.3789     0.030     0.034
    0.402    9.3934     0.032     0.036
    0.380    9.4280     0.040     0.044
    0.358    9.4553     0.062     0.066
    0.335    9.4491     0.070     0.080
    0.313    9.4141     0.080     0.116
    0.291    9.3060     0.094     0.128
    0.268    9.2872     0.054     0.066
    0.246    9.2846     0.054     0.064
    0.224    9.2981     0.080     0.104
    0.201    9.3788     0.096     0.132
    0.179    9.4714     0.100     0.144
    0.156    9.5543     0.102     0.142
    0.134    9.6148     0.094     0.142
    0.112    9.6363     0.084     0.132
    0.089    9.6534     0.026     0.020
    0.067    9.7432     0.042     0.034
    0.045    9.7407     0.034     0.042
    0.022    9.7665     0.046     0.044
    0.000    9.7717     0.044     0.040
 
# Band-Index:   99
    0.000    9.7911     0.050     0.052
    0.022    9.7817     0.046     0.050
    0.045    9.7720     0.040     0.050
    0.067    9.7728     0.032     0.048
    0.089    9.8178     0.030     0.050
    0.112    9.8558     0.026     0.048
    0.134    9.8891     0.024     0.044
    0.156    9.9054     0.022     0.040
    0.179    9.9085     0.022     0.040
    0.201    9.8967     0.024     0.038
    0.224    9.8676     0.024     0.036
    0.246    9.8238     0.024     0.034
    0.268    9.7725     0.022     0.030
    0.291    9.6849     0.056     0.038
    0.313    9.6312     0.076     0.066
    0.335    9.6330     0.020     0.024
    0.358    9.5999     0.020     0.026
    0.380    9.5744     0.022     0.030
    0.402    9.5574     0.026     0.034
    0.425    9.5526     0.028     0.036
    0.425    9.5526     0.028     0.036
    0.467    9.5687     0.026     0.034
    0.508    9.6293     0.026     0.034
    0.550    9.5892     0.040     0.052
    0.592    9.4913     0.066     0.094
    0.634    9.5769     0.068     0.092
    0.675    9.6620     0.048     0.072
    0.717    9.6700     0.036     0.060
    0.759    9.6346     0.034     0.052
    0.801    9.5644     0.036     0.044
    0.842    9.4587     0.028     0.026
    0.884    9.4639     0.026     0.030
    0.926    9.4575     0.022     0.034
    0.968    9.5217     0.042     0.048
    1.010    9.6471     0.056     0.064
    1.051    9.5721     0.064     0.080
    1.093    9.5629     0.046     0.072
    1.135    9.4658     0.046     0.066
    1.177    9.4068     0.056     0.098
    1.218    9.3263     0.077     0.119
    1.218    9.3263     0.077     0.119
    1.260    9.4068     0.056     0.098
    1.302    9.4658     0.046     0.066
    1.344    9.5629     0.046     0.072
    1.386    9.5721     0.064     0.080
    1.427    9.6471     0.056     0.064
    1.469    9.5217     0.042     0.048
    1.511    9.4575     0.022     0.034
    1.553    9.4639     0.026     0.030
    1.594    9.4587     0.028     0.026
    1.636    9.5644     0.036     0.044
    1.678    9.6346     0.034     0.052
    1.720    9.6700     0.036     0.060
    1.761    9.6620     0.048     0.072
    1.803    9.5769     0.068     0.092
    1.845    9.4913     0.066     0.094
    1.887    9.5892     0.040     0.052
    1.929    9.6293     0.026     0.034
    1.970    9.5687     0.026     0.034
    2.012    9.5526     0.028     0.036
    2.012    9.5526     0.028     0.036
    2.047    9.5613     0.028     0.036
    2.083    9.5926     0.030     0.040
    2.118    9.5685     0.058     0.110
    2.153    9.5348     0.086     0.092
    2.189    9.4361     0.052     0.074
    2.224    9.3138     0.012     0.022
    2.259    9.2862     0.058     0.106
    2.294    9.2707     0.044     0.112
    2.330    9.2614     0.032     0.034
    2.365    9.2879     0.024     0.038
    2.400    9.3511     0.028     0.040
    2.436    9.3713     0.028     0.044
    2.471    9.4153     0.032     0.050
    2.506    9.4680     0.040     0.056
    2.541    9.3846     0.030     0.036
    2.577    9.3229     0.030     0.042
    2.612    9.2775     0.018     0.026
    2.647    9.0840     0.012     0.020
    2.683    8.9048     0.012     0.020
 
# Band-Index:  100
    2.683    8.9048     0.012     0.020
    2.647    9.0994     0.016     0.024
    2.612    9.2868     0.034     0.046
    2.577    9.3531     0.030     0.052
    2.541    9.4243     0.032     0.040
    2.506    9.4979     0.040     0.054
    2.471    9.4749     0.038     0.046
    2.436    9.3736     0.044     0.034
    2.400    9.3718     0.040     0.060
    2.365    9.3110     0.034     0.032
    2.330    9.2620     0.032     0.088
    2.294    9.3300     0.042     0.106
    2.259    9.3619     0.060     0.106
    2.224    9.3342     0.070     0.102
    2.189    9.5018     0.056     0.068
    2.153    9.5630     0.090     0.130
    2.118    9.5959     0.040     0.046
    2.083    9.6050     0.034     0.036
    2.047    9.5665     0.030     0.034
    2.012    9.5526     0.028     0.036
    2.012    9.5526     0.028     0.036
    1.970    9.5743     0.028     0.030
    1.929    9.6381     0.028     0.028
    1.887    9.6491     0.044     0.040
    1.845    9.5209     0.048     0.024
    1.803    9.5932     0.064     0.092
    1.761    9.6722     0.042     0.072
    1.720    9.7153     0.086     0.078
    1.678    9.7075     0.094     0.090
    1.636    9.5971     0.078     0.086
    1.594    9.4609     0.050     0.060
    1.553    9.4819     0.030     0.030
    1.511    9.4802     0.030     0.032
    1.469    9.5574     0.048     0.048
    1.427    9.6874     0.048     0.048
    1.386    9.6291     0.062     0.058
    1.344    9.6109     0.058     0.092
    1.302    9.5595     0.064     0.080
    1.260    9.4399     0.080     0.114
    1.218    9.3263     0.077     0.119
    1.218    9.3263     0.077     0.119
    1.177    9.4399     0.080     0.114
    1.135    9.5595     0.064     0.080
    1.093    9.6109     0.058     0.092
    1.051    9.6291     0.062     0.058
    1.010    9.6874     0.048     0.048
    0.968    9.5574     0.048     0.048
    0.926    9.4802     0.030     0.032
    0.884    9.4819     0.030     0.030
    0.842    9.4609     0.050     0.060
    0.801    9.5971     0.078     0.086
    0.759    9.7075     0.094     0.090
    0.717    9.7153     0.086     0.078
    0.675    9.6722     0.042     0.072
    0.634    9.5932     0.064     0.092
    0.592    9.5209     0.048     0.024
    0.550    9.6491     0.044     0.040
    0.508    9.6381     0.028     0.028
    0.467    9.5743     0.028     0.030
    0.425    9.5526     0.028     0.036
    0.425    9.5526     0.028     0.036
    0.402    9.5610     0.026     0.030
    0.380    9.5782     0.022     0.024
    0.358    9.6026     0.020     0.020
    0.335    9.6350     0.018     0.018
    0.313    9.6502     0.074     0.056
    0.291    9.7209     0.020     0.026
    0.268    9.7797     0.022     0.024
    0.246    9.8358     0.026     0.028
    0.224    9.8842     0.028     0.032
    0.201    9.9146     0.026     0.036
    0.179    9.9225     0.024     0.038
    0.156    9.9123     0.024     0.042
    0.134    9.8894     0.024     0.042
    0.112    9.8596     0.026     0.046
    0.089    9.8179     0.030     0.048
    0.067    9.7854     0.034     0.050
    0.045    9.7734     0.052     0.046
    0.022    9.7837     0.052     0.052
    0.000    9.7911     0.050     0.052
 
# Band-Index:  101
    0.000   10.2635     0.020     0.024
    0.022   10.2382     0.024     0.030
    0.045   10.1760     0.020     0.034
    0.067   10.0750     0.024     0.030
    0.089   10.0057     0.034     0.040
    0.112    9.9924     0.044     0.048
    0.134   10.0093     0.048     0.052
    0.156   10.0332     0.050     0.052
    0.179   10.0479     0.050     0.050
    0.201   10.0376     0.048     0.046
    0.224    9.9883     0.046     0.042
    0.246    9.8996     0.044     0.036
    0.268    9.7895     0.046     0.034
    0.291    9.7215     0.056     0.030
    0.313    9.6737     0.020     0.024
    0.335    9.6413     0.044     0.054
    0.358    9.6161     0.046     0.058
    0.380    9.6601     0.072     0.090
    0.402    9.7290     0.082     0.102
    0.425    9.7642     0.038     0.052
    0.425    9.7642     0.038     0.052
    0.467    9.6973     0.076     0.096
    0.508    9.6634     0.042     0.070
    0.550    9.7354     0.032     0.040
    0.592    9.8124     0.034     0.050
    0.634    9.7133     0.020     0.034
    0.675    9.7621     0.052     0.082
    0.717    9.8583     0.068     0.104
    0.759    9.8955     0.052     0.074
    0.801    9.7507     0.030     0.036
    0.842    9.7272     0.040     0.054
    0.884    9.7698     0.024     0.038
    0.926    9.8148     0.056     0.074
    0.968    9.7871     0.054     0.064
    1.010    9.7402     0.062     0.062
    1.051    9.7483     0.074     0.086
    1.093    9.7169     0.048     0.112
    1.135    9.6504     0.090     0.114
    1.177    9.5554     0.068     0.102
    1.218    9.6977     0.043     0.117
    1.218    9.6977     0.043     0.117
    1.260    9.5554     0.068     0.102
    1.302    9.6504     0.090     0.114
    1.344    9.7169     0.048     0.112
    1.386    9.7483     0.074     0.086
    1.427    9.7402     0.062     0.062
    1.469    9.7871     0.054     0.064
    1.511    9.8148     0.056     0.074
    1.553    9.7698     0.024     0.038
    1.594    9.7272     0.040     0.054
    1.636    9.7507     0.030     0.036
    1.678    9.8955     0.052     0.074
    1.720    9.8583     0.068     0.104
    1.761    9.7621     0.052     0.082
    1.803    9.7133     0.020     0.034
    1.845    9.8124     0.034     0.050
    1.887    9.7354     0.032     0.040
    1.929    9.6634     0.042     0.070
    1.970    9.6973     0.076     0.096
    2.012    9.7642     0.038     0.052
    2.012    9.7642     0.038     0.052
    2.047    9.7311     0.080     0.102
    2.083    9.6551     0.054     0.104
    2.118    9.6456     0.032     0.044
    2.153    9.5982     0.088     0.126
    2.189    9.5690     0.016     0.016
    2.224    9.4335     0.038     0.044
    2.259    9.4700     0.030     0.036
    2.294    9.5445     0.026     0.032
    2.330    9.5016     0.076     0.060
    2.365    9.4881     0.074     0.074
    2.400    9.4913     0.062     0.096
    2.436    9.5062     0.034     0.016
    2.471    9.5257     0.050     0.080
    2.506    9.5012     0.042     0.052
    2.541    9.4308     0.016     0.026
    2.577    9.4739     0.010     0.022
    2.612    9.3044     0.020     0.034
    2.647    9.3288     0.058     0.072
    2.683    9.4114     0.070     0.082
 
# Band-Index:  102
    2.683    9.4114     0.070     0.082
    2.647    9.4173     0.080     0.092
    2.612    9.3407     0.050     0.070
    2.577    9.4837     0.042     0.050
    2.541    9.4501     0.016     0.032
    2.506    9.5771     0.044     0.048
    2.471    9.5606     0.050     0.076
    2.436    9.5098     0.034     0.014
    2.400    9.5015     0.030     0.018
    2.365    9.5730     0.086     0.070
    2.330    9.5678     0.088     0.064
    2.294    9.5472     0.070     0.060
    2.259    9.4913     0.034     0.042
    2.224    9.4821     0.056     0.054
    2.189    9.5969     0.048     0.032
    2.153    9.6543     0.116     0.096
    2.118    9.6678     0.040     0.038
    2.083    9.7210     0.062     0.042
    2.047    9.7440     0.076     0.088
    2.012    9.7642     0.038     0.052
    2.012    9.7642     0.038     0.052
    1.970    9.7259     0.078     0.090
    1.929    9.7176     0.054     0.042
    1.887    9.7523     0.034     0.036
    1.845    9.8354     0.024     0.032
    1.803    9.7252     0.024     0.028
    1.761    9.7627     0.030     0.046
    1.720    9.8748     0.070     0.102
    1.678    9.9090     0.050     0.072
    1.636    9.7636     0.032     0.034
    1.594    9.7659     0.048     0.054
    1.553    9.7881     0.026     0.038
    1.511    9.8405     0.014     0.032
    1.469    9.8599     0.076     0.084
    1.427    9.7880     0.068     0.036
    1.386    9.7909     0.040     0.062
    1.344    9.7346     0.054     0.106
    1.302    9.7001     0.048     0.138
    1.260    9.6244     0.080     0.106
    1.218    9.6977     0.043     0.117
    1.218    9.6977     0.043     0.117
    1.177    9.6244     0.080     0.106
    1.135    9.7001     0.048     0.138
    1.093    9.7346     0.054     0.106
    1.051    9.7909     0.040     0.062
    1.010    9.7880     0.068     0.036
    0.968    9.8599     0.076     0.084
    0.926    9.8405     0.014     0.032
    0.884    9.7881     0.026     0.038
    0.842    9.7659     0.048     0.054
    0.801    9.7636     0.032     0.034
    0.759    9.9090     0.050     0.072
    0.717    9.8748     0.070     0.102
    0.675    9.7627     0.030     0.046
    0.634    9.7252     0.024     0.028
    0.592    9.8354     0.024     0.032
    0.550    9.7523     0.034     0.036
    0.508    9.7176     0.054     0.042
    0.467    9.7259     0.078     0.090
    0.425    9.7642     0.038     0.052
    0.425    9.7642     0.038     0.052
    0.402    9.7614     0.090     0.106
    0.380    9.7065     0.086     0.100
    0.358    9.6546     0.062     0.072
    0.335    9.6536     0.060     0.072
    0.313    9.6759     0.020     0.020
    0.291    9.7248     0.020     0.022
    0.268    9.8406     0.048     0.026
    0.246    9.9717     0.046     0.026
    0.224   10.0877     0.046     0.030
    0.201   10.1539     0.048     0.034
    0.179   10.1665     0.052     0.040
    0.156   10.1441     0.052     0.044
    0.134   10.1058     0.052     0.048
    0.112   10.0672     0.050     0.050
    0.089   10.0481     0.042     0.048
    0.067   10.0825     0.028     0.040
    0.045   10.1831     0.020     0.028
    0.022   10.2406     0.022     0.034
    0.000   10.2635     0.020     0.024
 
# Band-Index:  103
    0.000   10.2740     0.018     0.028
    0.022   10.2881     0.020     0.038
    0.045   10.2670     0.022     0.040
    0.067   10.2463     0.026     0.040
    0.089   10.2319     0.036     0.046
    0.112   10.1994     0.056     0.054
    0.134   10.1678     0.052     0.050
    0.156   10.1740     0.044     0.050
    0.179   10.2130     0.042     0.054
    0.201   10.2718     0.040     0.060
    0.224   10.1857     0.024     0.028
    0.246   10.0740     0.020     0.026
    0.268    9.9659     0.018     0.024
    0.291    9.8593     0.018     0.024
    0.313    9.7635     0.022     0.026
    0.335    9.7401     0.080     0.086
    0.358    9.8383     0.102     0.114
    0.380    9.8430     0.046     0.068
    0.402    9.7816     0.038     0.056
    0.425    9.7706     0.086     0.104
    0.425    9.7706     0.086     0.104
    0.467    9.7859     0.038     0.056
    0.508    9.8241     0.064     0.080
    0.550    9.8103     0.052     0.068
    0.592    9.8375     0.038     0.048
    0.634    9.7701     0.028     0.052
    0.675    9.7828     0.060     0.082
    0.717    9.9014     0.040     0.046
    0.759    9.9820     0.056     0.054
    0.801    9.9428     0.050     0.050
    0.842    9.8318     0.036     0.042
    0.884    9.8193     0.056     0.072
    0.926    9.8555     0.070     0.088
    0.968    9.9252     0.030     0.046
    1.010    9.8686     0.054     0.090
    1.051    9.8103     0.032     0.050
    1.093    9.7527     0.088     0.104
    1.135    9.7246     0.054     0.126
    1.177    9.6905     0.042     0.122
    1.218    9.6977     0.043     0.117
    1.218    9.6977     0.043     0.116
    1.260    9.6905     0.042     0.122
    1.302    9.7246     0.054     0.126
    1.344    9.7527     0.088     0.104
    1.386    9.8103     0.032     0.050
    1.427    9.8686     0.054     0.090
    1.469    9.9252     0.030     0.046
    1.511    9.8555     0.070     0.088
    1.553    9.8193     0.056     0.072
    1.594    9.8318     0.036     0.042
    1.636    9.9428     0.050     0.050
    1.678    9.9820     0.056     0.054
    1.720    9.9014     0.040     0.046
    1.761    9.7828     0.060     0.082
    1.803    9.7701     0.028     0.052
    1.845    9.8375     0.038     0.048
    1.887    9.8103     0.052     0.068
    1.929    9.8241     0.064     0.080
    1.970    9.7859     0.038     0.056
    2.012    9.7706     0.086     0.104
    2.012    9.7706     0.086     0.104
    2.047    9.7681     0.038     0.052
    2.083    9.7816     0.036     0.050
    2.118    9.7379     0.086     0.076
    2.153    9.7107     0.036     0.050
    2.189    9.6534     0.098     0.144
    2.224    9.6860     0.082     0.126
    2.259    9.6296     0.068     0.086
    2.294    9.5532     0.026     0.036
    2.330    9.6305     0.026     0.034
    2.365    9.6244     0.026     0.030
    2.400    9.5044     0.030     0.016
    2.436    9.5265     0.058     0.100
    2.471    9.5957     0.030     0.018
    2.506    9.6133     0.012     0.024
    2.541    9.5804     0.050     0.056
    2.577    9.4957     0.016     0.022
    2.612    9.5321     0.062     0.070
    2.647    9.4955     0.072     0.082
    2.683    9.5543     0.104     0.100
 
# Band-Index:  104
    2.683    9.5543     0.104     0.100
    2.647    9.6818     0.108     0.092
    2.612    9.6895     0.040     0.044
    2.577    9.5576     0.034     0.040
    2.541    9.6688     0.010     0.022
    2.506    9.6221     0.012     0.022
    2.471    9.6065     0.034     0.018
    2.436    9.5430     0.054     0.094
    2.400    9.5540     0.076     0.078
    2.365    9.6406     0.030     0.030
    2.330    9.6357     0.026     0.034
    2.294    9.5776     0.082     0.060
    2.259    9.6462     0.070     0.082
    2.224    9.7026     0.078     0.116
    2.189    9.6808     0.086     0.132
    2.153    9.7418     0.044     0.044
    2.118    9.8050     0.032     0.042
    2.083    9.7860     0.034     0.048
    2.047    9.7700     0.036     0.052
    2.012    9.7706     0.086     0.104
    2.012    9.7706     0.086     0.104
    1.970    9.8032     0.046     0.060
    1.929    9.8532     0.042     0.064
    1.887    9.9019     0.060     0.058
    1.845    9.8581     0.016     0.024
    1.803    9.7912     0.036     0.054
    1.761    9.8003     0.048     0.042
    1.720    9.9196     0.050     0.050
    1.678   10.0255     0.042     0.050
    1.636   10.0000     0.046     0.082
    1.594    9.8679     0.030     0.042
    1.553    9.8249     0.058     0.082
    1.511    9.8586     0.016     0.030
    1.469    9.9491     0.034     0.048
    1.427    9.8895     0.066     0.088
    1.386    9.8809     0.074     0.084
    1.344    9.8933     0.088     0.080
    1.302    9.8033     0.110     0.132
    1.260    9.7145     0.048     0.124
    1.218    9.6977     0.043     0.116
    1.218    9.6977     0.043     0.117
    1.177    9.7145     0.048     0.124
    1.135    9.8033     0.110     0.132
    1.093    9.8933     0.088     0.080
    1.051    9.8809     0.074     0.084
    1.010    9.8895     0.066     0.088
    0.968    9.9491     0.034     0.048
    0.926    9.8586     0.016     0.030
    0.884    9.8249     0.058     0.082
    0.842    9.8679     0.030     0.042
    0.801   10.0000     0.046     0.082
    0.759   10.0255     0.042     0.050
    0.717    9.9196     0.050     0.050
    0.675    9.8003     0.048     0.042
    0.634    9.7912     0.036     0.054
    0.592    9.8581     0.016     0.024
    0.550    9.9019     0.060     0.058
    0.508    9.8532     0.042     0.064
    0.467    9.8032     0.046     0.060
    0.425    9.7706     0.086     0.104
    0.425    9.7706     0.086     0.104
    0.402    9.7994     0.048     0.062
    0.380    9.8776     0.060     0.074
    0.358    9.8438     0.102     0.120
    0.335    9.7475     0.074     0.066
    0.313    9.7879     0.030     0.022
    0.291    9.8841     0.026     0.018
    0.268    9.9933     0.026     0.020
    0.246   10.1088     0.028     0.020
    0.224   10.2305     0.028     0.022
    0.201   10.2735     0.040     0.058
    0.179   10.2206     0.042     0.054
    0.156   10.1848     0.046     0.050
    0.134   10.1810     0.054     0.052
    0.112   10.2146     0.058     0.060
    0.089   10.2434     0.034     0.044
    0.067   10.2557     0.028     0.036
    0.045   10.2765     0.026     0.034
    0.022   10.2902     0.024     0.028
    0.000   10.2740     0.018     0.028
 
# Band-Index:  105
    0.000   10.4411     0.036     0.056
    0.022   10.4226     0.014     0.024
    0.045   10.3561     0.018     0.030
    0.067   10.3787     0.026     0.040
    0.089   10.3346     0.068     0.068
    0.112   10.2982     0.036     0.040
    0.134   10.3293     0.028     0.038
    0.156   10.3677     0.026     0.042
    0.179   10.3724     0.022     0.046
    0.201   10.3123     0.030     0.030
    0.224   10.3066     0.030     0.050
    0.246   10.2850     0.032     0.048
    0.268   10.2505     0.040     0.056
    0.291   10.1975     0.050     0.068
    0.313   10.1217     0.056     0.078
    0.335   10.0289     0.056     0.080
    0.358    9.9311     0.054     0.078
    0.380    9.9620     0.106     0.128
    0.402   10.0720     0.098     0.128
    0.425   10.1609     0.078     0.144
    0.425   10.1609     0.078     0.144
    0.467   10.0096     0.090     0.116
    0.508    9.8554     0.054     0.064
    0.550    9.9304     0.042     0.064
    0.592    9.9968     0.052     0.070
    0.634   10.0581     0.064     0.086
    0.675   10.1516     0.046     0.070
    0.717   10.1677     0.036     0.058
    0.759   10.0693     0.044     0.066
    0.801   10.0024     0.038     0.048
    0.842    9.9448     0.050     0.076
    0.884    9.9989     0.046     0.062
    0.926   10.0040     0.032     0.040
    0.968    9.9634     0.052     0.080
    1.010    9.9570     0.032     0.042
    1.051    9.8955     0.076     0.076
    1.093    9.9510     0.114     0.120
    1.135    9.9049     0.080     0.072
    1.177    9.8510     0.066     0.048
    1.218    9.8398     0.063     0.044
    1.218    9.8398     0.064     0.043
    1.260    9.8510     0.066     0.048
    1.302    9.9049     0.080     0.072
    1.344    9.9510     0.114     0.120
    1.386    9.8955     0.076     0.076
    1.427    9.9570     0.032     0.042
    1.469    9.9634     0.052     0.080
    1.511   10.0040     0.032     0.040
    1.553    9.9989     0.046     0.062
    1.594    9.9448     0.050     0.076
    1.636   10.0024     0.038     0.048
    1.678   10.0693     0.044     0.066
    1.720   10.1677     0.036     0.058
    1.761   10.1516     0.046     0.070
    1.803   10.0581     0.064     0.086
    1.845    9.9968     0.052     0.070
    1.887    9.9304     0.042     0.064
    1.929    9.8554     0.054     0.064
    1.970   10.0096     0.090     0.116
    2.012   10.1609     0.078     0.144
    2.012   10.1609     0.078     0.144
    2.047   10.0642     0.068     0.136
    2.083    9.9064     0.050     0.092
    2.118    9.8136     0.030     0.040
    2.153    9.8404     0.024     0.028
    2.189    9.7667     0.036     0.054
    2.224    9.8011     0.032     0.048
    2.259    9.8210     0.024     0.042
    2.294    9.8431     0.022     0.044
    2.330    9.8772     0.020     0.048
    2.365    9.8638     0.018     0.036
    2.400    9.7814     0.018     0.034
    2.436    9.7711     0.018     0.034
    2.471    9.8026     0.012     0.028
    2.506    9.7029     0.028     0.022
    2.541    9.6692     0.056     0.054
    2.577    9.6515     0.054     0.056
    2.612    9.7422     0.046     0.048
    2.647    9.8305     0.040     0.046
    2.683    9.9489     0.047     0.052
 
# Band-Index:  106
    2.683    9.9489     0.047     0.052
    2.647    9.8632     0.042     0.046
    2.612    9.7531     0.090     0.076
    2.577    9.7358     0.072     0.064
    2.541    9.6896     0.012     0.020
    2.506    9.7203     0.034     0.020
    2.471    9.8106     0.010     0.026
    2.436    9.7730     0.018     0.036
    2.400    9.7853     0.018     0.034
    2.365    9.8765     0.020     0.036
    2.330    9.8812     0.022     0.048
    2.294    9.8536     0.024     0.046
    2.259    9.8411     0.030     0.048
    2.224    9.8308     0.040     0.054
    2.189    9.8013     0.046     0.054
    2.153    9.8551     0.024     0.028
    2.118    9.8308     0.136     0.108
    2.083    9.9732     0.052     0.104
    2.047   10.1156     0.064     0.116
    2.012   10.1609     0.078     0.144
    2.012   10.1609     0.078     0.144
    1.970   10.0466     0.082     0.118
    1.929    9.8827     0.056     0.070
    1.887    9.9547     0.052     0.066
    1.845   10.0229     0.038     0.058
    1.803   10.1760     0.092     0.100
    1.761   10.2039     0.044     0.068
    1.720   10.1748     0.040     0.054
    1.678   10.0820     0.048     0.076
    1.636   10.0086     0.046     0.076
    1.594    9.9532     0.050     0.074
    1.553   10.0006     0.026     0.038
    1.511   10.0257     0.040     0.052
    1.469    9.9765     0.046     0.062
    1.427    9.9739     0.026     0.030
    1.386    9.9193     0.088     0.090
    1.344    9.9554     0.100     0.098
    1.302    9.9859     0.082     0.086
    1.260    9.8977     0.068     0.058
    1.218    9.8398     0.064     0.043
    1.218    9.8398     0.063     0.044
    1.177    9.8977     0.068     0.058
    1.135    9.9859     0.082     0.086
    1.093    9.9554     0.100     0.098
    1.051    9.9193     0.088     0.090
    1.010    9.9739     0.026     0.030
    0.968    9.9765     0.046     0.062
    0.926   10.0257     0.040     0.052
    0.884   10.0006     0.026     0.038
    0.842    9.9532     0.050     0.074
    0.801   10.0086     0.046     0.076
    0.759   10.0820     0.048     0.076
    0.717   10.1748     0.040     0.054
    0.675   10.2039     0.044     0.068
    0.634   10.1760     0.092     0.100
    0.592   10.0229     0.038     0.058
    0.550    9.9547     0.052     0.066
    0.508    9.8827     0.056     0.070
    0.467   10.0466     0.082     0.118
    0.425   10.1609     0.078     0.144
    0.425   10.1609     0.078     0.144
    0.402   10.0913     0.102     0.142
    0.380    9.9624     0.102     0.126
    0.358    9.9793     0.068     0.082
    0.335   10.0862     0.072     0.084
    0.313   10.1815     0.070     0.078
    0.291   10.2512     0.060     0.068
    0.268   10.2901     0.048     0.056
    0.246   10.3071     0.036     0.050
    0.224   10.3193     0.028     0.048
    0.201   10.3461     0.022     0.046
    0.179   10.3900     0.022     0.044
    0.156   10.3741     0.026     0.042
    0.134   10.3321     0.030     0.036
    0.112   10.3057     0.038     0.038
    0.089   10.3381     0.066     0.060
    0.067   10.3816     0.024     0.040
    0.045   10.3572     0.020     0.028
    0.022   10.4365     0.008     0.018
    0.000   10.4412     0.036     0.056
 
# Band-Index:  107
    0.000   10.4739     0.036     0.052
    0.022   10.4757     0.030     0.036
    0.045   10.5394     0.072     0.084
    0.067   10.4341     0.082     0.086
    0.089   10.4270     0.030     0.046
    0.112   10.4790     0.032     0.052
    0.134   10.5195     0.036     0.056
    0.156   10.5165     0.040     0.052
    0.179   10.4366     0.036     0.038
    0.201   10.3592     0.030     0.026
    0.224   10.3452     0.038     0.063
    0.246   10.4217     0.040     0.070
    0.268   10.5038     0.040     0.076
    0.291   10.5036     0.048     0.070
    0.313   10.4923     0.056     0.080
    0.335   10.4722     0.066     0.090
    0.358   10.4350     0.082     0.102
    0.380   10.3744     0.098     0.112
    0.402   10.2940     0.118     0.116
    0.425   10.2667     0.148     0.124
    0.425   10.2667     0.148     0.124
    0.467   10.2181     0.112     0.108
    0.508   10.1809     0.092     0.106
    0.550   10.1266     0.028     0.038
    0.592   10.0499     0.042     0.060
    0.634   10.1836     0.042     0.068
    0.675   10.2210     0.048     0.068
    0.717   10.2542     0.026     0.048
    0.759   10.1694     0.032     0.048
    0.801   10.1389     0.042     0.082
    0.842   10.0907     0.036     0.040
    0.884   10.0132     0.028     0.038
    0.926   10.0522     0.042     0.070
    0.968   10.1137     0.032     0.036
    1.010   10.0471     0.052     0.062
    1.051   10.1902     0.066     0.072
    1.093   10.3003     0.076     0.082
    1.135   10.2422     0.076     0.094
    1.177   10.0299     0.066     0.080
    1.218    9.8398     0.063     0.044
    1.218    9.8398     0.063     0.044
    1.260   10.0299     0.066     0.080
    1.302   10.2422     0.076     0.094
    1.344   10.3003     0.076     0.082
    1.386   10.1902     0.066     0.072
    1.427   10.0471     0.052     0.062
    1.469   10.1137     0.032     0.036
    1.511   10.0522     0.042     0.070
    1.553   10.0132     0.028     0.038
    1.594   10.0907     0.036     0.040
    1.636   10.1389     0.042     0.082
    1.678   10.1694     0.032     0.048
    1.720   10.2542     0.026     0.048
    1.761   10.2210     0.048     0.068
    1.803   10.1836     0.042     0.068
    1.845   10.0499     0.042     0.060
    1.887   10.1266     0.028     0.038
    1.929   10.1809     0.092     0.106
    1.970   10.2181     0.112     0.108
    2.012   10.2667     0.148     0.124
    2.012   10.2667     0.148     0.124
    2.047   10.1728     0.158     0.128
    2.083   10.0201     0.144     0.124
    2.118   10.0107     0.046     0.074
    2.153    9.8557     0.014     0.018
    2.189    9.8997     0.016     0.016
    2.224   10.0065     0.020     0.022
    2.259   10.1176     0.028     0.028
    2.294   10.1550     0.052     0.068
    2.330   10.0095     0.024     0.038
    2.365    9.9204     0.020     0.056
    2.400    9.9664     0.024     0.058
    2.436    9.9417     0.022     0.036
    2.471    9.8152     0.020     0.034
    2.506    9.8601     0.012     0.024
    2.541    9.8193     0.026     0.024
    2.577    9.9387     0.024     0.028
    2.612   10.0482     0.026     0.036
    2.647   10.0299     0.052     0.068
    2.683    9.9855     0.046     0.052
 
# Band-Index:  108
    2.683    9.9855     0.046     0.052
    2.647   10.0823     0.052     0.070
    2.612   10.0748     0.054     0.088
    2.577    9.9656     0.032     0.024
    2.541    9.8418     0.032     0.020
    2.506    9.8846     0.012     0.020
    2.471    9.8173     0.020     0.038
    2.436    9.9449     0.024     0.036
    2.400    9.9810     0.026     0.054
    2.365    9.9270     0.022     0.050
    2.330   10.0434     0.024     0.038
    2.294   10.1692     0.044     0.052
    2.259   10.1264     0.030     0.034
    2.224   10.0299     0.024     0.024
    2.189    9.9192     0.016     0.014
    2.153    9.8668     0.024     0.020
    2.118   10.0333     0.052     0.078
    2.083   10.0459     0.112     0.093
    2.047   10.2095     0.124     0.104
    2.012   10.2667     0.148     0.124
    2.012   10.2667     0.148     0.124
    1.970   10.3113     0.122     0.128
    1.929   10.2626     0.102     0.114
    1.887   10.1316     0.026     0.036
    1.845   10.0932     0.078     0.076
    1.803   10.2155     0.048     0.072
    1.761   10.2391     0.070     0.094
    1.720   10.2994     0.036     0.056
    1.678   10.1895     0.030     0.044
    1.636   10.1471     0.044     0.080
    1.594   10.0966     0.036     0.040
    1.553   10.0493     0.052     0.056
    1.511   10.0643     0.046     0.074
    1.469   10.1602     0.032     0.030
    1.427   10.0832     0.066     0.072
    1.386   10.2215     0.070     0.070
    1.344   10.3633     0.070     0.084
    1.302   10.2979     0.068     0.104
    1.260   10.0509     0.058     0.088
    1.218    9.8398     0.063     0.044
    1.218    9.8398     0.063     0.044
    1.177   10.0509     0.058     0.088
    1.135   10.2979     0.068     0.104
    1.093   10.3633     0.070     0.084
    1.051   10.2215     0.070     0.070
    1.010   10.0832     0.066     0.072
    0.968   10.1602     0.032     0.030
    0.926   10.0643     0.046     0.074
    0.884   10.0493     0.052     0.056
    0.842   10.0966     0.036     0.040
    0.801   10.1471     0.044     0.080
    0.759   10.1895     0.030     0.044
    0.717   10.2994     0.036     0.056
    0.675   10.2391     0.070     0.094
    0.634   10.2155     0.048     0.072
    0.592   10.0932     0.078     0.076
    0.550   10.1316     0.026     0.036
    0.508   10.2626     0.102     0.114
    0.467   10.3113     0.121     0.128
    0.425   10.2667     0.148     0.124
    0.425   10.2667     0.148     0.124
    0.402   10.3872     0.126     0.138
    0.380   10.4976     0.106     0.130
    0.358   10.5686     0.082     0.108
    0.335   10.6005     0.060     0.088
    0.313   10.6102     0.046     0.072
    0.291   10.5885     0.040     0.084
    0.268   10.5117     0.040     0.074
    0.246   10.4325     0.040     0.068
    0.224   10.3665     0.036     0.054
    0.201   10.3669     0.024     0.040
    0.179   10.4822     0.032     0.036
    0.156   10.5525     0.032     0.050
    0.134   10.5402     0.030     0.052
    0.112   10.4915     0.028     0.050
    0.089   10.4346     0.026     0.046
    0.067   10.4344     0.082     0.078
    0.045   10.5462     0.082     0.081
    0.022   10.4841     0.026     0.040
    0.000   10.4739     0.036     0.052
 
# Band-Index:  109
    0.000   10.6068     0.006     0.018
    0.022   10.5224     0.036     0.058
    0.045   10.5906     0.048     0.074
    0.067   10.6722     0.050     0.078
    0.089   10.7325     0.046     0.072
    0.112   10.7523     0.036     0.060
    0.134   10.7406     0.026     0.050
    0.156   10.7184     0.019     0.047
    0.179   10.6695     0.025     0.040
    0.201   10.6049     0.028     0.044
    0.224   10.5557     0.032     0.050
    0.246   10.5271     0.038     0.056
    0.268   10.5129     0.044     0.062
    0.291   10.5947     0.040     0.082
    0.313   10.6549     0.028     0.060
    0.335   10.6598     0.028     0.074
    0.358   10.6777     0.028     0.098
    0.380   10.7111     0.028     0.130
    0.402   10.7505     0.028     0.160
    0.425   10.7699     0.026     0.170
    0.425   10.7699     0.026     0.170
    0.467   10.7041     0.034     0.131
    0.508   10.5021     0.018     0.030
    0.550   10.3147     0.068     0.098
    0.592   10.3453     0.056     0.096
    0.634   10.3527     0.064     0.096
    0.675   10.5287     0.056     0.074
    0.717   10.3385     0.028     0.028
    0.759   10.2467     0.028     0.036
    0.801   10.1727     0.038     0.036
    0.842   10.1458     0.046     0.094
    0.884   10.1298     0.052     0.092
    0.926   10.1670     0.056     0.066
    0.968   10.1857     0.030     0.036
    1.010   10.4408     0.022     0.032
    1.051   10.4677     0.056     0.090
    1.093   10.3935     0.074     0.116
    1.135   10.4197     0.098     0.148
    1.177   10.6062     0.106     0.155
    1.218   10.7665     0.111     0.140
    1.218   10.7665     0.111     0.139
    1.260   10.6059     0.106     0.156
    1.302   10.4197     0.098     0.148
    1.344   10.3935     0.074     0.116
    1.386   10.4676     0.056     0.092
    1.427   10.4408     0.022     0.032
    1.469   10.1857     0.030     0.036
    1.511   10.1670     0.056     0.066
    1.553   10.1298     0.052     0.092
    1.594   10.1458     0.046     0.094
    1.636   10.1727     0.038     0.036
    1.678   10.2467     0.028     0.036
    1.720   10.3385     0.028     0.028
    1.761   10.5287     0.056     0.075
    1.803   10.3527     0.064     0.096
    1.845   10.3453     0.056     0.096
    1.887   10.3147     0.068     0.098
    1.929   10.5021     0.016     0.030
    1.970   10.7041     0.034     0.132
    2.012   10.7699     0.026     0.170
    2.012   10.7699     0.026     0.170
    2.047   10.7333     0.032     0.133
    2.083   10.4789     0.012     0.022
    2.118   10.1645     0.016     0.024
    2.153   10.2135     0.048     0.072
    2.189   10.3657     0.030     0.064
    2.224   10.2213     0.042     0.050
    2.259   10.1908     0.060     0.078
    2.294   10.2058     0.028     0.040
    2.330   10.1069     0.024     0.026
    2.365   10.0272     0.026     0.028
    2.400   10.0353     0.034     0.036
    2.436   10.0181     0.026     0.052
    2.471    9.9920     0.024     0.036
    2.506    9.8905     0.020     0.038
    2.541    9.9806     0.021     0.044
    2.577   10.0783     0.022     0.048
    2.612   10.0776     0.034     0.032
    2.647   10.1253     0.030     0.050
    2.683   10.1711     0.030     0.066
 
# Band-Index:  110
    2.683   10.1711     0.030     0.066
    2.647   10.1538     0.040     0.050
    2.612   10.1348     0.054     0.094
    2.577   10.0855     0.022     0.045
    2.541    9.9843     0.022     0.040
    2.506    9.8920     0.020     0.040
    2.471   10.0163     0.026     0.034
    2.436   10.0492     0.034     0.054
    2.400   10.0577     0.034     0.030
    2.365   10.0313     0.026     0.030
    2.330   10.1099     0.024     0.024
    2.294   10.2556     0.026     0.038
    2.259   10.2739     0.076     0.086
    2.224   10.2595     0.052     0.052
    2.189   10.4023     0.034     0.044
    2.153   10.2312     0.044     0.074
    2.118   10.1712     0.018     0.022
    2.083   10.4848     0.014     0.022
    2.047   10.7784     0.049     0.104
    2.012   10.7701     0.026     0.170
    2.012   10.7700     0.026     0.170
    1.970   10.7552     0.059     0.147
    1.929   10.5157     0.026     0.042
    1.887   10.3557     0.092     0.114
    1.845   10.3798     0.066     0.092
    1.803   10.4099     0.078     0.088
    1.761   10.5524     0.072     0.094
    1.720   10.3676     0.028     0.024
    1.678   10.2650     0.032     0.036
    1.636   10.1762     0.038     0.042
    1.594   10.1508     0.050     0.086
    1.553   10.1421     0.050     0.086
    1.511   10.2085     0.052     0.054
    1.469   10.2171     0.042     0.050
    1.427   10.4580     0.030     0.042
    1.386   10.4927     0.068     0.100
    1.344   10.4213     0.092     0.116
    1.302   10.4634     0.120     0.140
    1.260   10.6749     0.124     0.150
    1.218   10.7666     0.111     0.140
    1.218   10.7666     0.111     0.138
    1.177   10.6744     0.124     0.148
    1.135   10.4634     0.120     0.140
    1.093   10.4213     0.092     0.116
    1.051   10.4927     0.068     0.100
    1.010   10.4580     0.030     0.042
    0.968   10.2171     0.042     0.050
    0.926   10.2085     0.052     0.054
    0.884   10.1421     0.050     0.086
    0.842   10.1508     0.050     0.086
    0.801   10.1762     0.038     0.042
    0.759   10.2650     0.032     0.036
    0.717   10.3676     0.028     0.024
    0.675   10.5524     0.072     0.094
    0.634   10.4099     0.078     0.088
    0.592   10.3798     0.066     0.092
    0.550   10.3557     0.092     0.114
    0.508   10.5157     0.026     0.042
    0.467   10.7555     0.060     0.147
    0.425   10.7703     0.026     0.170
    0.425   10.7701     0.026     0.170
    0.402   10.7532     0.026     0.153
    0.380   10.7173     0.026     0.124
    0.358   10.6860     0.028     0.094
    0.335   10.6697     0.032     0.070
    0.313   10.6648     0.036     0.056
    0.291   10.6136     0.044     0.062
    0.268   10.6136     0.046     0.054
    0.246   10.6090     0.048     0.050
    0.224   10.6094     0.044     0.048
    0.201   10.6307     0.036     0.048
    0.179   10.6777     0.028     0.047
    0.156   10.7434     0.026     0.032
    0.134   10.7711     0.030     0.039
    0.112   10.7815     0.036     0.046
    0.089   10.7628     0.044     0.056
    0.067   10.7026     0.050     0.062
    0.045   10.6108     0.028     0.030
    0.022   10.5373     0.042     0.058
    0.000   10.6069     0.006     0.018
 
# Band-Index:  111
    0.000   10.6162     0.008     0.016
    0.022   10.6745     0.086     0.088
    0.045   10.6193     0.048     0.062
    0.067   10.7690     0.020     0.022
    0.089   10.9226     0.043     0.045
    0.112   10.9066     0.041     0.041
    0.134   10.8563     0.039     0.050
    0.156   10.7689     0.038     0.048
    0.179   10.7452     0.026     0.044
    0.201   10.7173     0.022     0.039
    0.224   10.6924     0.022     0.040
    0.246   10.6734     0.024     0.042
    0.268   10.6635     0.028     0.044
    0.291   10.6579     0.028     0.050
    0.313   10.6735     0.040     0.090
    0.335   10.7565     0.040     0.096
    0.358   10.8340     0.038     0.104
    0.380   10.8711     0.040     0.044
    0.402   10.8484     0.035     0.038
    0.425   10.8445     0.032     0.036
    0.425   10.8446     0.032     0.036
    0.467   10.7993     0.010     0.034
    0.508   10.6730     0.037     0.094
    0.550   10.4712     0.042     0.090
    0.592   10.3896     0.076     0.132
    0.634   10.5232     0.072     0.121
    0.675   10.5840     0.064     0.070
    0.717   10.4646     0.058     0.090
    0.759   10.4930     0.013     0.022
    0.801   10.3991     0.030     0.036
    0.842   10.4321     0.032     0.044
    0.884   10.4815     0.028     0.042
    0.926   10.4630     0.020     0.040
    0.968   10.4429     0.034     0.068
    1.010   10.4973     0.048     0.086
    1.051   10.6858     0.032     0.071
    1.093   10.6705     0.050     0.118
    1.135   10.6681     0.072     0.116
    1.177   10.7304     0.101     0.132
    1.218   10.7676     0.111     0.141
    1.218   10.7672     0.111     0.140
    1.260   10.7296     0.103     0.136
    1.302   10.6681     0.072     0.116
    1.344   10.6705     0.050     0.118
    1.386   10.6855     0.032     0.072
    1.427   10.4972     0.048     0.086
    1.469   10.4429     0.034     0.068
    1.511   10.4630     0.020     0.040
    1.553   10.4815     0.028     0.042
    1.594   10.4321     0.032     0.044
    1.636   10.3992     0.029     0.036
    1.678   10.4954     0.023     0.065
    1.720   10.4645     0.058     0.090
    1.761   10.5842     0.064     0.069
    1.803   10.5232     0.072     0.122
    1.845   10.3896     0.076     0.132
    1.887   10.4712     0.042     0.090
    1.929   10.6733     0.037     0.095
    1.970   10.7998     0.010     0.035
    2.012   10.8445     0.032     0.036
    2.012   10.8445     0.032     0.036
    2.047   10.7966     0.011     0.043
    2.083   10.7544     0.035     0.104
    2.118   10.6239     0.032     0.105
    2.153   10.5111     0.028     0.102
    2.189   10.4380     0.048     0.070
    2.224   10.5490     0.042     0.051
    2.259   10.4114     0.033     0.042
    2.294   10.3126     0.024     0.032
    2.330   10.2035     0.060     0.086
    2.365   10.1487     0.042     0.048
    2.400   10.1539     0.030     0.038
    2.436   10.0992     0.022     0.026
    2.471   10.0509     0.022     0.058
    2.506   10.0453     0.030     0.094
    2.541   10.0927     0.046     0.112
    2.577   10.0986     0.054     0.098
    2.612   10.1850     0.020     0.052
    2.647   10.2318     0.030     0.070
    2.683   10.1971     0.040     0.064
 
# Band-Index:  112
    2.683   10.1971     0.040     0.064
    2.647   10.2424     0.037     0.070
    2.612   10.1932     0.022     0.050
    2.577   10.1370     0.052     0.110
    2.541   10.0985     0.046     0.098
    2.506   10.0684     0.034     0.086
    2.471   10.0650     0.024     0.060
    2.436   10.1132     0.024     0.024
    2.400   10.1621     0.032     0.039
    2.365   10.1916     0.042     0.036
    2.330   10.2393     0.052     0.066
    2.294   10.3172     0.033     0.041
    2.259   10.4764     0.028     0.038
    2.224   10.6205     0.035     0.051
    2.189   10.4743     0.046     0.075
    2.153   10.5591     0.034     0.100
    2.118   10.6389     0.036     0.104
    2.083   10.7615     0.034     0.105
    2.047   10.8111     0.028     0.076
    2.012   10.8449     0.033     0.036
    2.012   10.8448     0.032     0.036
    1.970   10.8120     0.017     0.035
    1.929   10.6807     0.037     0.095
    1.887   10.4821     0.048     0.088
    1.845   10.4238     0.074     0.104
    1.803   10.6048     0.062     0.114
    1.761   10.6743     0.059     0.102
    1.720   10.5486     0.060     0.082
    1.678   10.4988     0.018     0.040
    1.636   10.4224     0.033     0.030
    1.594   10.4480     0.036     0.036
    1.553   10.4946     0.032     0.036
    1.511   10.4880     0.028     0.032
    1.469   10.4677     0.040     0.054
    1.427   10.5024     0.046     0.068
    1.386   10.7014     0.024     0.050
    1.344   10.6967     0.050     0.098
    1.302   10.7181     0.074     0.098
    1.260   10.7709     0.102     0.129
    1.218   10.7686     0.112     0.138
    1.218   10.7696     0.111     0.138
    1.177   10.7714     0.103     0.130
    1.135   10.7181     0.072     0.098
    1.093   10.6967     0.050     0.098
    1.051   10.7025     0.024     0.048
    1.010   10.5025     0.046     0.068
    0.968   10.4677     0.040     0.054
    0.926   10.4880     0.028     0.032
    0.884   10.4946     0.032     0.036
    0.842   10.4480     0.036     0.036
    0.801   10.4214     0.033     0.030
    0.759   10.5072     0.019     0.034
    0.717   10.5490     0.060     0.080
    0.675   10.6737     0.063     0.102
    0.634   10.6052     0.060     0.114
    0.592   10.4238     0.074     0.104
    0.550   10.4821     0.048     0.088
    0.508   10.6798     0.037     0.093
    0.467   10.8114     0.017     0.033
    0.425   10.8449     0.032     0.036
    0.425   10.8447     0.032     0.036
    0.402   10.8599     0.034     0.038
    0.380   10.8922     0.037     0.052
    0.358   10.8414     0.039     0.101
    0.335   10.7604     0.040     0.096
    0.313   10.6785     0.040     0.088
    0.291   10.6625     0.034     0.048
    0.268   10.6663     0.026     0.044
    0.246   10.6797     0.026     0.040
    0.224   10.6993     0.024     0.038
    0.201   10.7239     0.025     0.037
    0.179   10.7509     0.033     0.044
    0.156   10.7820     0.029     0.035
    0.134   10.8621     0.035     0.035
    0.112   10.9155     0.045     0.043
    0.089   10.9441     0.027     0.031
    0.067   10.7793     0.020     0.022
    0.045   10.6244     0.034     0.036
    0.022   10.6806     0.084     0.095
    0.000   10.6163     0.008     0.016
