  #K-Path    Energy        Bi        Sb
# NKPTS & NBANDS:  80 112
# Band-Index:    1
    0.000  -24.4311     0.984     0.000
    0.022  -24.4312     0.984     0.000
    0.045  -24.4314     0.984     0.000
    0.067  -24.4315     0.984     0.000
    0.089  -24.4317     0.984     0.000
    0.112  -24.4318     0.984     0.000
    0.134  -24.4319     0.984     0.000
    0.156  -24.4321     0.984     0.000
    0.179  -24.4322     0.984     0.000
    0.201  -24.4323     0.984     0.000
    0.224  -24.4324     0.984     0.000
    0.246  -24.4325     0.984     0.000
    0.268  -24.4326     0.984     0.000
    0.291  -24.4326     0.984     0.000
    0.313  -24.4327     0.984     0.000
    0.335  -24.4327     0.984     0.000
    0.358  -24.4328     0.984     0.000
    0.380  -24.4328     0.984     0.000
    0.402  -24.4328     0.984     0.000
    0.425  -24.4328     0.984     0.000
    0.425  -24.4328     0.984     0.000
    0.468  -24.4328     0.984     0.000
    0.512  -24.4328     0.984     0.000
    0.555  -24.4327     0.984     0.000
    0.599  -24.4325     0.984     0.000
    0.642  -24.4324     0.984     0.000
    0.686  -24.4322     0.984     0.000
    0.729  -24.4320     0.984     0.000
    0.773  -24.4317     0.984     0.000
    0.816  -24.4315     0.984     0.000
    0.860  -24.4312     0.984     0.000
    0.903  -24.4310     0.984     0.000
    0.947  -24.4309     0.984     0.000
    0.990  -24.4308     0.984     0.000
    1.034  -24.4307     0.984     0.000
    1.077  -24.4306     0.984     0.000
    1.121  -24.4304     0.984     0.000
    1.164  -24.4302     0.984     0.000
    1.208  -24.4300     0.984     0.000
    1.251  -24.4298     0.985     0.000
    1.251  -24.4298     0.985     0.000
    1.295  -24.4300     0.984     0.000
    1.338  -24.4302     0.984     0.000
    1.382  -24.4304     0.984     0.000
    1.425  -24.4306     0.984     0.000
    1.469  -24.4307     0.984     0.000
    1.512  -24.4308     0.984     0.000
    1.556  -24.4309     0.984     0.000
    1.599  -24.4310     0.984     0.000
    1.643  -24.4312     0.984     0.000
    1.686  -24.4315     0.984     0.000
    1.730  -24.4317     0.984     0.000
    1.773  -24.4320     0.984     0.000
    1.817  -24.4322     0.984     0.000
    1.860  -24.4324     0.984     0.000
    1.904  -24.4325     0.984     0.000
    1.947  -24.4327     0.984     0.000
    1.991  -24.4328     0.984     0.000
    2.034  -24.4328     0.984     0.000
    2.078  -24.4328     0.984     0.000
    2.078  -24.4328     0.984     0.000
    2.115  -24.4328     0.984     0.000
    2.153  -24.4328     0.984     0.000
    2.190  -24.4327     0.984     0.000
    2.227  -24.4327     0.984     0.000
    2.265  -24.4326     0.984     0.000
    2.302  -24.4325     0.984     0.000
    2.339  -24.4323     0.984     0.000
    2.377  -24.4322     0.984     0.000
    2.414  -24.4321     0.984     0.000
    2.451  -24.4320     0.984     0.000
    2.488  -24.4319     0.984     0.000
    2.526  -24.4318     0.984     0.000
    2.563  -24.4317     0.984     0.000
    2.600  -24.4316     0.984     0.000
    2.638  -24.4315     0.984     0.000
    2.675  -24.4314     0.984     0.000
    2.712  -24.4313     0.984     0.000
    2.750  -24.4313     0.984     0.000
    2.787  -24.4312     0.984     0.000
 
# Band-Index:    2
    2.787  -24.4312     0.984     0.000
    2.750  -24.4312     0.984     0.000
    2.712  -24.4311     0.984     0.000
    2.675  -24.4311     0.984     0.000
    2.638  -24.4311     0.984     0.000
    2.600  -24.4310     0.984     0.000
    2.563  -24.4310     0.984     0.000
    2.526  -24.4310     0.984     0.000
    2.488  -24.4309     0.984     0.000
    2.451  -24.4311     0.984     0.000
    2.414  -24.4314     0.984     0.000
    2.377  -24.4317     0.984     0.000
    2.339  -24.4319     0.984     0.000
    2.302  -24.4321     0.984     0.000
    2.265  -24.4323     0.984     0.000
    2.227  -24.4325     0.984     0.000
    2.190  -24.4326     0.984     0.000
    2.153  -24.4327     0.984     0.000
    2.115  -24.4328     0.984     0.000
    2.078  -24.4328     0.984     0.000
    2.078  -24.4328     0.984     0.000
    2.034  -24.4328     0.984     0.000
    1.991  -24.4327     0.984     0.000
    1.947  -24.4326     0.984     0.000
    1.904  -24.4324     0.984     0.000
    1.860  -24.4322     0.984     0.000
    1.817  -24.4320     0.984     0.000
    1.773  -24.4318     0.984     0.000
    1.730  -24.4316     0.984     0.000
    1.686  -24.4313     0.984     0.000
    1.643  -24.4311     0.984     0.000
    1.599  -24.4309     0.984     0.000
    1.556  -24.4307     0.984     0.000
    1.512  -24.4305     0.984     0.000
    1.469  -24.4303     0.984     0.000
    1.425  -24.4301     0.984     0.000
    1.382  -24.4300     0.984     0.000
    1.338  -24.4299     0.984     0.000
    1.295  -24.4298     0.984     0.000
    1.251  -24.4298     0.985     0.000
    1.251  -24.4298     0.985     0.000
    1.208  -24.4298     0.984     0.000
    1.164  -24.4299     0.984     0.000
    1.121  -24.4300     0.984     0.000
    1.077  -24.4301     0.984     0.000
    1.034  -24.4303     0.984     0.000
    0.990  -24.4305     0.984     0.000
    0.947  -24.4307     0.984     0.000
    0.903  -24.4309     0.984     0.000
    0.860  -24.4311     0.984     0.000
    0.816  -24.4313     0.984     0.000
    0.773  -24.4316     0.984     0.000
    0.729  -24.4318     0.984     0.000
    0.686  -24.4320     0.984     0.000
    0.642  -24.4322     0.984     0.000
    0.599  -24.4324     0.984     0.000
    0.555  -24.4326     0.984     0.000
    0.512  -24.4327     0.984     0.000
    0.468  -24.4328     0.984     0.000
    0.425  -24.4328     0.984     0.000
    0.425  -24.4328     0.984     0.000
    0.402  -24.4328     0.984     0.000
    0.380  -24.4328     0.984     0.000
    0.358  -24.4327     0.984     0.000
    0.335  -24.4327     0.984     0.000
    0.313  -24.4326     0.984     0.000
    0.291  -24.4326     0.984     0.000
    0.268  -24.4325     0.984     0.000
    0.246  -24.4324     0.984     0.000
    0.224  -24.4323     0.984     0.000
    0.201  -24.4322     0.984     0.000
    0.179  -24.4320     0.984     0.000
    0.156  -24.4319     0.984     0.000
    0.134  -24.4318     0.984     0.000
    0.112  -24.4317     0.984     0.000
    0.089  -24.4315     0.984     0.000
    0.067  -24.4314     0.984     0.000
    0.045  -24.4312     0.984     0.000
    0.022  -24.4311     0.984     0.000
    0.000  -24.4311     0.984     0.000
 
# Band-Index:    3
    0.000  -24.4309     0.984     0.000
    0.022  -24.4309     0.984     0.000
    0.045  -24.4308     0.984     0.000
    0.067  -24.4307     0.984     0.000
    0.089  -24.4305     0.984     0.000
    0.112  -24.4304     0.984     0.000
    0.134  -24.4302     0.984     0.000
    0.156  -24.4301     0.984     0.000
    0.179  -24.4300     0.984     0.000
    0.201  -24.4299     0.984     0.000
    0.224  -24.4298     0.984     0.000
    0.246  -24.4297     0.984     0.000
    0.268  -24.4296     0.984     0.000
    0.291  -24.4295     0.984     0.000
    0.313  -24.4294     0.984     0.000
    0.335  -24.4294     0.984     0.000
    0.358  -24.4293     0.984     0.000
    0.380  -24.4293     0.984     0.000
    0.402  -24.4292     0.984     0.000
    0.425  -24.4292     0.984     0.000
    0.425  -24.4292     0.984     0.000
    0.468  -24.4295     0.984     0.000
    0.512  -24.4297     0.984     0.000
    0.555  -24.4299     0.984     0.000
    0.599  -24.4302     0.984     0.000
    0.642  -24.4303     0.984     0.000
    0.686  -24.4305     0.984     0.000
    0.729  -24.4307     0.984     0.000
    0.773  -24.4308     0.984     0.000
    0.816  -24.4309     0.984     0.000
    0.860  -24.4309     0.984     0.000
    0.903  -24.4308     0.984     0.000
    0.947  -24.4306     0.984     0.000
    0.990  -24.4304     0.984     0.000
    1.034  -24.4302     0.984     0.000
    1.077  -24.4300     0.984     0.000
    1.121  -24.4299     0.984     0.000
    1.164  -24.4298     0.984     0.000
    1.208  -24.4298     0.984     0.000
    1.251  -24.4298     0.985     0.000
    1.251  -24.4298     0.984     0.000
    1.295  -24.4298     0.984     0.000
    1.338  -24.4298     0.984     0.000
    1.382  -24.4299     0.984     0.000
    1.425  -24.4300     0.984     0.000
    1.469  -24.4302     0.984     0.000
    1.512  -24.4304     0.984     0.000
    1.556  -24.4306     0.984     0.000
    1.599  -24.4308     0.984     0.000
    1.643  -24.4309     0.984     0.000
    1.686  -24.4309     0.984     0.000
    1.730  -24.4308     0.984     0.000
    1.773  -24.4307     0.984     0.000
    1.817  -24.4305     0.984     0.000
    1.860  -24.4303     0.984     0.000
    1.904  -24.4302     0.984     0.000
    1.947  -24.4299     0.984     0.000
    1.991  -24.4297     0.984     0.000
    2.034  -24.4295     0.984     0.000
    2.078  -24.4292     0.984     0.000
    2.078  -24.4292     0.984     0.000
    2.115  -24.4295     0.984     0.000
    2.153  -24.4297     0.984     0.000
    2.190  -24.4299     0.984     0.000
    2.227  -24.4301     0.984     0.000
    2.265  -24.4303     0.984     0.000
    2.302  -24.4304     0.984     0.000
    2.339  -24.4305     0.984     0.000
    2.377  -24.4307     0.984     0.000
    2.414  -24.4308     0.984     0.000
    2.451  -24.4308     0.984     0.000
    2.488  -24.4308     0.984     0.000
    2.526  -24.4304     0.984     0.000
    2.563  -24.4301     0.984     0.000
    2.600  -24.4298     0.984     0.000
    2.638  -24.4294     0.984     0.000
    2.675  -24.4291     0.984     0.000
    2.712  -24.4288     0.984     0.000
    2.750  -24.4285     0.984     0.000
    2.787  -24.4282     0.984     0.000
 
# Band-Index:    4
    2.787  -24.4282     0.984     0.000
    2.750  -24.4279     0.984     0.000
    2.712  -24.4277     0.984     0.000
    2.675  -24.4275     0.984     0.000
    2.638  -24.4274     0.984     0.000
    2.600  -24.4273     0.984     0.000
    2.563  -24.4272     0.984     0.000
    2.526  -24.4272     0.984     0.000
    2.488  -24.4272     0.984     0.000
    2.451  -24.4273     0.984     0.000
    2.414  -24.4274     0.984     0.000
    2.377  -24.4275     0.984     0.000
    2.339  -24.4276     0.984     0.000
    2.302  -24.4278     0.984     0.000
    2.265  -24.4280     0.984     0.000
    2.227  -24.4283     0.984     0.000
    2.190  -24.4285     0.984     0.000
    2.153  -24.4287     0.984     0.000
    2.115  -24.4290     0.984     0.000
    2.078  -24.4292     0.984     0.000
    2.078  -24.4292     0.984     0.000
    2.034  -24.4290     0.984     0.000
    1.991  -24.4288     0.984     0.000
    1.947  -24.4286     0.984     0.000
    1.904  -24.4284     0.984     0.000
    1.860  -24.4282     0.984     0.000
    1.817  -24.4281     0.984     0.000
    1.773  -24.4280     0.984     0.000
    1.730  -24.4280     0.984     0.000
    1.686  -24.4280     0.984     0.000
    1.643  -24.4280     0.984     0.000
    1.599  -24.4281     0.984     0.000
    1.556  -24.4283     0.984     0.000
    1.512  -24.4284     0.984     0.000
    1.469  -24.4286     0.984     0.000
    1.425  -24.4288     0.984     0.000
    1.382  -24.4290     0.984     0.000
    1.338  -24.4293     0.984     0.000
    1.295  -24.4295     0.984     0.000
    1.251  -24.4298     0.984     0.000
    1.251  -24.4298     0.985     0.000
    1.208  -24.4295     0.984     0.000
    1.164  -24.4293     0.984     0.000
    1.121  -24.4290     0.984     0.000
    1.077  -24.4288     0.984     0.000
    1.034  -24.4286     0.984     0.000
    0.990  -24.4284     0.984     0.000
    0.947  -24.4283     0.984     0.000
    0.903  -24.4281     0.984     0.000
    0.860  -24.4280     0.984     0.000
    0.816  -24.4280     0.984     0.000
    0.773  -24.4280     0.984     0.000
    0.729  -24.4280     0.984     0.000
    0.686  -24.4281     0.984     0.000
    0.642  -24.4282     0.984     0.000
    0.599  -24.4284     0.984     0.000
    0.555  -24.4286     0.984     0.000
    0.512  -24.4288     0.984     0.000
    0.468  -24.4290     0.984     0.000
    0.425  -24.4292     0.984     0.000
    0.425  -24.4292     0.984     0.000
    0.402  -24.4292     0.984     0.000
    0.380  -24.4292     0.984     0.000
    0.358  -24.4293     0.984     0.000
    0.335  -24.4293     0.984     0.000
    0.313  -24.4293     0.984     0.000
    0.291  -24.4294     0.984     0.000
    0.268  -24.4295     0.984     0.000
    0.246  -24.4295     0.984     0.000
    0.224  -24.4296     0.984     0.000
    0.201  -24.4297     0.984     0.000
    0.179  -24.4298     0.984     0.000
    0.156  -24.4300     0.984     0.000
    0.134  -24.4301     0.984     0.000
    0.112  -24.4302     0.984     0.000
    0.089  -24.4304     0.984     0.000
    0.067  -24.4305     0.984     0.000
    0.045  -24.4306     0.984     0.000
    0.022  -24.4308     0.984     0.000
    0.000  -24.4309     0.984     0.000
 
# Band-Index:    5
    0.000  -24.4015     0.984     0.000
    0.022  -24.4015     0.984     0.000
    0.045  -24.4015     0.984     0.000
    0.067  -24.4015     0.984     0.000
    0.089  -24.4015     0.984     0.000
    0.112  -24.4015     0.984     0.000
    0.134  -24.4015     0.984     0.000
    0.156  -24.4014     0.984     0.000
    0.179  -24.4014     0.984     0.000
    0.201  -24.4014     0.984     0.000
    0.224  -24.4014     0.984     0.000
    0.246  -24.4013     0.984     0.000
    0.268  -24.4013     0.984     0.000
    0.291  -24.4013     0.984     0.000
    0.313  -24.4012     0.984     0.000
    0.335  -24.4012     0.984     0.000
    0.358  -24.4012     0.984     0.000
    0.380  -24.4011     0.984     0.000
    0.402  -24.4011     0.984     0.000
    0.425  -24.4011     0.984     0.000
    0.425  -24.4011     0.984     0.000
    0.468  -24.4012     0.984     0.000
    0.512  -24.4013     0.984     0.000
    0.555  -24.4014     0.984     0.000
    0.599  -24.4015     0.984     0.000
    0.642  -24.4016     0.984     0.000
    0.686  -24.4016     0.984     0.000
    0.729  -24.4017     0.984     0.000
    0.773  -24.4017     0.984     0.000
    0.816  -24.4017     0.984     0.000
    0.860  -24.4018     0.984     0.000
    0.903  -24.4017     0.984     0.000
    0.947  -24.4017     0.984     0.000
    0.990  -24.4016     0.984     0.000
    1.034  -24.4016     0.984     0.000
    1.077  -24.4015     0.984     0.000
    1.121  -24.4014     0.984     0.000
    1.164  -24.4013     0.984     0.000
    1.208  -24.4012     0.984     0.000
    1.251  -24.4011     0.984     0.000
    1.251  -24.4011     0.984     0.000
    1.295  -24.4012     0.984     0.000
    1.338  -24.4013     0.984     0.000
    1.382  -24.4014     0.984     0.000
    1.425  -24.4015     0.984     0.000
    1.469  -24.4016     0.984     0.000
    1.512  -24.4016     0.984     0.000
    1.556  -24.4017     0.984     0.000
    1.599  -24.4017     0.984     0.000
    1.643  -24.4018     0.984     0.000
    1.686  -24.4017     0.984     0.000
    1.730  -24.4017     0.984     0.000
    1.773  -24.4017     0.984     0.000
    1.817  -24.4016     0.984     0.000
    1.860  -24.4016     0.984     0.000
    1.904  -24.4015     0.984     0.000
    1.947  -24.4014     0.984     0.000
    1.991  -24.4013     0.984     0.000
    2.034  -24.4012     0.984     0.000
    2.078  -24.4011     0.984     0.000
    2.078  -24.4011     0.984     0.000
    2.115  -24.4012     0.984     0.000
    2.153  -24.4013     0.984     0.000
    2.190  -24.4014     0.984     0.000
    2.227  -24.4015     0.984     0.000
    2.265  -24.4015     0.984     0.000
    2.302  -24.4016     0.984     0.000
    2.339  -24.4017     0.984     0.000
    2.377  -24.4018     0.984     0.000
    2.414  -24.4018     0.984     0.000
    2.451  -24.4019     0.984     0.000
    2.488  -24.4019     0.984     0.000
    2.526  -24.4020     0.984     0.000
    2.563  -24.4020     0.984     0.000
    2.600  -24.4020     0.984     0.000
    2.638  -24.4019     0.984     0.000
    2.675  -24.4019     0.984     0.000
    2.712  -24.4019     0.984     0.000
    2.750  -24.4019     0.984     0.000
    2.787  -24.4018     0.984     0.000
 
# Band-Index:    6
    2.787  -24.4018     0.984     0.000
    2.750  -24.4018     0.984     0.000
    2.712  -24.4017     0.984     0.000
    2.675  -24.4017     0.984     0.000
    2.638  -24.4017     0.984     0.000
    2.600  -24.4016     0.984     0.000
    2.563  -24.4016     0.984     0.000
    2.526  -24.4016     0.984     0.000
    2.488  -24.4015     0.984     0.000
    2.451  -24.4015     0.984     0.000
    2.414  -24.4014     0.984     0.000
    2.377  -24.4014     0.984     0.000
    2.339  -24.4014     0.984     0.000
    2.302  -24.4013     0.984     0.000
    2.265  -24.4013     0.984     0.000
    2.227  -24.4012     0.984     0.000
    2.190  -24.4012     0.984     0.000
    2.153  -24.4011     0.984     0.000
    2.115  -24.4011     0.984     0.000
    2.078  -24.4011     0.984     0.000
    2.078  -24.4011     0.984     0.000
    2.034  -24.4011     0.984     0.000
    1.991  -24.4011     0.984     0.000
    1.947  -24.4012     0.984     0.000
    1.904  -24.4013     0.984     0.000
    1.860  -24.4013     0.984     0.000
    1.817  -24.4014     0.984     0.000
    1.773  -24.4014     0.984     0.000
    1.730  -24.4014     0.984     0.000
    1.686  -24.4015     0.984     0.000
    1.643  -24.4015     0.984     0.000
    1.599  -24.4015     0.984     0.000
    1.556  -24.4014     0.984     0.000
    1.512  -24.4014     0.984     0.000
    1.469  -24.4014     0.984     0.000
    1.425  -24.4013     0.984     0.000
    1.382  -24.4013     0.984     0.000
    1.338  -24.4012     0.984     0.000
    1.295  -24.4011     0.984     0.000
    1.251  -24.4011     0.984     0.000
    1.251  -24.4011     0.984     0.000
    1.208  -24.4011     0.984     0.000
    1.164  -24.4012     0.984     0.000
    1.121  -24.4013     0.984     0.000
    1.077  -24.4013     0.984     0.000
    1.034  -24.4014     0.984     0.000
    0.990  -24.4014     0.984     0.000
    0.947  -24.4014     0.984     0.000
    0.903  -24.4015     0.984     0.000
    0.860  -24.4015     0.984     0.000
    0.816  -24.4015     0.984     0.000
    0.773  -24.4014     0.984     0.000
    0.729  -24.4014     0.984     0.000
    0.686  -24.4014     0.984     0.000
    0.642  -24.4013     0.984     0.000
    0.599  -24.4013     0.984     0.000
    0.555  -24.4012     0.984     0.000
    0.512  -24.4011     0.984     0.000
    0.468  -24.4011     0.984     0.000
    0.425  -24.4011     0.984     0.000
    0.425  -24.4011     0.984     0.000
    0.402  -24.4010     0.984     0.000
    0.380  -24.4011     0.984     0.000
    0.358  -24.4011     0.984     0.000
    0.335  -24.4012     0.984     0.000
    0.313  -24.4012     0.984     0.000
    0.291  -24.4012     0.984     0.000
    0.268  -24.4013     0.984     0.000
    0.246  -24.4013     0.984     0.000
    0.224  -24.4013     0.984     0.000
    0.201  -24.4014     0.984     0.000
    0.179  -24.4014     0.984     0.000
    0.156  -24.4014     0.984     0.000
    0.134  -24.4014     0.984     0.000
    0.112  -24.4014     0.984     0.000
    0.089  -24.4015     0.984     0.000
    0.067  -24.4015     0.984     0.000
    0.045  -24.4015     0.984     0.000
    0.022  -24.4015     0.984     0.000
    0.000  -24.4015     0.984     0.000
 
# Band-Index:    7
    0.000  -24.4006     0.984     0.000
    0.022  -24.4006     0.984     0.000
    0.045  -24.4006     0.984     0.000
    0.067  -24.4006     0.984     0.000
    0.089  -24.4006     0.984     0.000
    0.112  -24.4006     0.984     0.000
    0.134  -24.4006     0.984     0.000
    0.156  -24.4007     0.984     0.000
    0.179  -24.4007     0.984     0.000
    0.201  -24.4007     0.984     0.000
    0.224  -24.4007     0.984     0.000
    0.246  -24.4008     0.984     0.000
    0.268  -24.4008     0.984     0.000
    0.291  -24.4008     0.984     0.000
    0.313  -24.4009     0.984     0.000
    0.335  -24.4009     0.984     0.000
    0.358  -24.4009     0.984     0.000
    0.380  -24.4010     0.984     0.000
    0.402  -24.4010     0.984     0.000
    0.425  -24.4010     0.984     0.000
    0.425  -24.4010     0.984     0.000
    0.468  -24.4009     0.984     0.000
    0.512  -24.4009     0.984     0.000
    0.555  -24.4008     0.984     0.000
    0.599  -24.4008     0.984     0.000
    0.642  -24.4007     0.984     0.000
    0.686  -24.4007     0.984     0.000
    0.729  -24.4006     0.984     0.000
    0.773  -24.4006     0.984     0.000
    0.816  -24.4006     0.984     0.000
    0.860  -24.4006     0.984     0.000
    0.903  -24.4006     0.984     0.000
    0.947  -24.4007     0.984     0.000
    0.990  -24.4007     0.984     0.000
    1.034  -24.4008     0.984     0.000
    1.077  -24.4008     0.984     0.000
    1.121  -24.4009     0.984     0.000
    1.164  -24.4009     0.984     0.000
    1.208  -24.4010     0.984     0.000
    1.251  -24.4011     0.985     0.000
    1.251  -24.4011     0.984     0.000
    1.295  -24.4010     0.984     0.000
    1.338  -24.4009     0.984     0.000
    1.382  -24.4009     0.984     0.000
    1.425  -24.4008     0.984     0.000
    1.469  -24.4008     0.984     0.000
    1.512  -24.4007     0.984     0.000
    1.556  -24.4007     0.984     0.000
    1.599  -24.4006     0.984     0.000
    1.643  -24.4006     0.984     0.000
    1.686  -24.4006     0.984     0.000
    1.730  -24.4006     0.984     0.000
    1.773  -24.4006     0.984     0.000
    1.817  -24.4007     0.984     0.000
    1.860  -24.4007     0.984     0.000
    1.904  -24.4008     0.984     0.000
    1.947  -24.4008     0.984     0.000
    1.991  -24.4009     0.984     0.000
    2.034  -24.4009     0.984     0.000
    2.078  -24.4010     0.984     0.000
    2.078  -24.4010     0.984     0.000
    2.115  -24.4010     0.984     0.000
    2.153  -24.4009     0.984     0.000
    2.190  -24.4008     0.984     0.000
    2.227  -24.4008     0.984     0.000
    2.265  -24.4008     0.984     0.000
    2.302  -24.4007     0.984     0.000
    2.339  -24.4007     0.984     0.000
    2.377  -24.4006     0.984     0.000
    2.414  -24.4006     0.984     0.000
    2.451  -24.4006     0.984     0.000
    2.488  -24.4006     0.984     0.000
    2.526  -24.4006     0.984     0.000
    2.563  -24.4006     0.984     0.000
    2.600  -24.4006     0.984     0.000
    2.638  -24.4005     0.984     0.000
    2.675  -24.4005     0.984     0.000
    2.712  -24.4005     0.984     0.000
    2.750  -24.4005     0.984     0.000
    2.787  -24.4004     0.984     0.000
 
# Band-Index:    8
    2.787  -24.4004     0.984     0.000
    2.750  -24.4004     0.984     0.000
    2.712  -24.4004     0.984     0.000
    2.675  -24.4004     0.984     0.000
    2.638  -24.4004     0.984     0.000
    2.600  -24.4003     0.984     0.000
    2.563  -24.4003     0.984     0.000
    2.526  -24.4003     0.984     0.000
    2.488  -24.4004     0.984     0.000
    2.451  -24.4004     0.984     0.000
    2.414  -24.4004     0.984     0.000
    2.377  -24.4004     0.984     0.000
    2.339  -24.4005     0.984     0.000
    2.302  -24.4005     0.984     0.000
    2.265  -24.4006     0.984     0.000
    2.227  -24.4007     0.984     0.000
    2.190  -24.4008     0.984     0.000
    2.153  -24.4009     0.984     0.000
    2.115  -24.4009     0.984     0.000
    2.078  -24.4010     0.984     0.000
    2.078  -24.4010     0.984     0.000
    2.034  -24.4009     0.984     0.000
    1.991  -24.4008     0.984     0.000
    1.947  -24.4008     0.984     0.000
    1.904  -24.4007     0.984     0.000
    1.860  -24.4006     0.984     0.000
    1.817  -24.4005     0.984     0.000
    1.773  -24.4005     0.984     0.000
    1.730  -24.4005     0.984     0.000
    1.686  -24.4005     0.984     0.000
    1.643  -24.4005     0.984     0.000
    1.599  -24.4005     0.984     0.000
    1.556  -24.4005     0.984     0.000
    1.512  -24.4006     0.984     0.000
    1.469  -24.4006     0.984     0.000
    1.425  -24.4007     0.984     0.000
    1.382  -24.4008     0.984     0.000
    1.338  -24.4009     0.984     0.000
    1.295  -24.4010     0.984     0.000
    1.251  -24.4011     0.984     0.000
    1.251  -24.4011     0.985     0.000
    1.208  -24.4010     0.984     0.000
    1.164  -24.4009     0.984     0.000
    1.121  -24.4008     0.984     0.000
    1.077  -24.4007     0.984     0.000
    1.034  -24.4006     0.984     0.000
    0.990  -24.4006     0.984     0.000
    0.947  -24.4005     0.984     0.000
    0.903  -24.4005     0.984     0.000
    0.860  -24.4005     0.984     0.000
    0.816  -24.4005     0.984     0.000
    0.773  -24.4005     0.984     0.000
    0.729  -24.4005     0.984     0.000
    0.686  -24.4005     0.984     0.000
    0.642  -24.4006     0.984     0.000
    0.599  -24.4007     0.984     0.000
    0.555  -24.4008     0.984     0.000
    0.512  -24.4008     0.984     0.000
    0.468  -24.4009     0.984     0.000
    0.425  -24.4010     0.984     0.000
    0.425  -24.4010     0.984     0.000
    0.402  -24.4010     0.984     0.000
    0.380  -24.4009     0.984     0.000
    0.358  -24.4009     0.984     0.000
    0.335  -24.4009     0.984     0.000
    0.313  -24.4008     0.984     0.000
    0.291  -24.4008     0.984     0.000
    0.268  -24.4008     0.984     0.000
    0.246  -24.4007     0.984     0.000
    0.224  -24.4007     0.984     0.000
    0.201  -24.4007     0.984     0.000
    0.179  -24.4007     0.984     0.000
    0.156  -24.4006     0.984     0.000
    0.134  -24.4006     0.984     0.000
    0.112  -24.4006     0.984     0.000
    0.089  -24.4006     0.984     0.000
    0.067  -24.4006     0.984     0.000
    0.045  -24.4006     0.984     0.000
    0.022  -24.4006     0.984     0.000
    0.000  -24.4006     0.984     0.000
 
# Band-Index:    9
    0.000  -21.4786     0.988     0.000
    0.022  -21.4788     0.988     0.000
    0.045  -21.4791     0.988     0.000
    0.067  -21.4793     0.988     0.000
    0.089  -21.4795     0.988     0.000
    0.112  -21.4798     0.988     0.000
    0.134  -21.4800     0.988     0.000
    0.156  -21.4803     0.988     0.000
    0.179  -21.4805     0.988     0.000
    0.201  -21.4807     0.988     0.000
    0.224  -21.4809     0.988     0.000
    0.246  -21.4811     0.988     0.000
    0.268  -21.4813     0.988     0.000
    0.291  -21.4814     0.988     0.000
    0.313  -21.4815     0.988     0.000
    0.335  -21.4816     0.988     0.000
    0.358  -21.4817     0.988     0.000
    0.380  -21.4817     0.988     0.000
    0.402  -21.4818     0.988     0.000
    0.425  -21.4817     0.988     0.000
    0.425  -21.4817     0.988     0.000
    0.468  -21.4818     0.988     0.000
    0.512  -21.4817     0.988     0.000
    0.555  -21.4815     0.988     0.000
    0.599  -21.4813     0.988     0.000
    0.642  -21.4810     0.988     0.000
    0.686  -21.4806     0.988     0.000
    0.729  -21.4802     0.988     0.000
    0.773  -21.4798     0.988     0.000
    0.816  -21.4794     0.988     0.000
    0.860  -21.4790     0.988     0.000
    0.903  -21.4786     0.988     0.000
    0.947  -21.4783     0.988     0.000
    0.990  -21.4781     0.988     0.000
    1.034  -21.4781     0.988     0.000
    1.077  -21.4779     0.988     0.000
    1.121  -21.4777     0.988     0.000
    1.164  -21.4774     0.988     0.000
    1.208  -21.4771     0.988     0.000
    1.251  -21.4766     0.988     0.000
    1.251  -21.4766     0.988     0.000
    1.295  -21.4771     0.988     0.000
    1.338  -21.4774     0.988     0.000
    1.382  -21.4777     0.988     0.000
    1.425  -21.4779     0.988     0.000
    1.469  -21.4781     0.988     0.000
    1.512  -21.4781     0.988     0.000
    1.556  -21.4783     0.988     0.000
    1.599  -21.4786     0.988     0.000
    1.643  -21.4790     0.988     0.000
    1.686  -21.4794     0.988     0.000
    1.730  -21.4798     0.988     0.000
    1.773  -21.4802     0.988     0.000
    1.817  -21.4806     0.988     0.000
    1.860  -21.4810     0.988     0.000
    1.904  -21.4813     0.988     0.000
    1.947  -21.4815     0.988     0.000
    1.991  -21.4817     0.988     0.000
    2.034  -21.4818     0.988     0.000
    2.078  -21.4817     0.988     0.000
    2.078  -21.4817     0.988     0.000
    2.115  -21.4818     0.988     0.000
    2.153  -21.4818     0.988     0.000
    2.190  -21.4816     0.988     0.000
    2.227  -21.4815     0.988     0.000
    2.265  -21.4813     0.988     0.000
    2.302  -21.4811     0.988     0.000
    2.339  -21.4809     0.988     0.000
    2.377  -21.4806     0.988     0.000
    2.414  -21.4804     0.988     0.000
    2.451  -21.4801     0.988     0.000
    2.488  -21.4799     0.988     0.000
    2.526  -21.4797     0.988     0.000
    2.563  -21.4794     0.988     0.000
    2.600  -21.4792     0.988     0.000
    2.638  -21.4790     0.988     0.000
    2.675  -21.4788     0.988     0.000
    2.712  -21.4787     0.988     0.000
    2.750  -21.4785     0.988     0.000
    2.787  -21.4784     0.988     0.000
 
# Band-Index:   10
    2.787  -21.4784     0.988     0.000
    2.750  -21.4782     0.988     0.000
    2.712  -21.4781     0.988     0.000
    2.675  -21.4779     0.988     0.000
    2.638  -21.4779     0.988     0.000
    2.600  -21.4778     0.988     0.000
    2.563  -21.4777     0.988     0.000
    2.526  -21.4777     0.988     0.000
    2.488  -21.4776     0.988     0.000
    2.451  -21.4781     0.988     0.000
    2.414  -21.4787     0.988     0.000
    2.377  -21.4792     0.988     0.000
    2.339  -21.4798     0.988     0.000
    2.302  -21.4802     0.988     0.000
    2.265  -21.4807     0.988     0.000
    2.227  -21.4810     0.988     0.000
    2.190  -21.4813     0.988     0.000
    2.153  -21.4815     0.988     0.000
    2.115  -21.4817     0.988     0.000
    2.078  -21.4817     0.988     0.000
    2.078  -21.4817     0.988     0.000
    2.034  -21.4817     0.988     0.000
    1.991  -21.4815     0.988     0.000
    1.947  -21.4812     0.988     0.000
    1.904  -21.4808     0.988     0.000
    1.860  -21.4804     0.988     0.000
    1.817  -21.4799     0.988     0.000
    1.773  -21.4794     0.988     0.000
    1.730  -21.4789     0.988     0.000
    1.686  -21.4784     0.988     0.000
    1.643  -21.4781     0.988     0.000
    1.599  -21.4781     0.988     0.000
    1.556  -21.4782     0.988     0.000
    1.512  -21.4779     0.988     0.000
    1.469  -21.4776     0.988     0.000
    1.425  -21.4774     0.988     0.000
    1.382  -21.4772     0.988     0.000
    1.338  -21.4770     0.988     0.000
    1.295  -21.4768     0.988     0.000
    1.251  -21.4766     0.988     0.000
    1.251  -21.4766     0.988     0.000
    1.208  -21.4768     0.988     0.000
    1.164  -21.4770     0.988     0.000
    1.121  -21.4772     0.988     0.000
    1.077  -21.4774     0.988     0.000
    1.034  -21.4776     0.988     0.000
    0.990  -21.4779     0.988     0.000
    0.947  -21.4782     0.988     0.000
    0.903  -21.4781     0.988     0.000
    0.860  -21.4781     0.988     0.000
    0.816  -21.4784     0.988     0.000
    0.773  -21.4789     0.988     0.000
    0.729  -21.4794     0.988     0.000
    0.686  -21.4799     0.988     0.000
    0.642  -21.4804     0.988     0.000
    0.599  -21.4808     0.988     0.000
    0.555  -21.4812     0.988     0.000
    0.512  -21.4815     0.988     0.000
    0.468  -21.4817     0.988     0.000
    0.425  -21.4817     0.988     0.000
    0.425  -21.4817     0.988     0.000
    0.402  -21.4817     0.988     0.000
    0.380  -21.4817     0.988     0.000
    0.358  -21.4816     0.988     0.000
    0.335  -21.4815     0.988     0.000
    0.313  -21.4813     0.988     0.000
    0.291  -21.4811     0.988     0.000
    0.268  -21.4809     0.988     0.000
    0.246  -21.4807     0.988     0.000
    0.224  -21.4805     0.988     0.000
    0.201  -21.4802     0.988     0.000
    0.179  -21.4799     0.988     0.000
    0.156  -21.4797     0.988     0.000
    0.134  -21.4794     0.988     0.000
    0.112  -21.4791     0.988     0.000
    0.089  -21.4788     0.988     0.000
    0.067  -21.4785     0.988     0.000
    0.045  -21.4782     0.988     0.000
    0.022  -21.4784     0.988     0.000
    0.000  -21.4786     0.988     0.000
 
# Band-Index:   11
    0.000  -21.4776     0.988     0.000
    0.022  -21.4779     0.988     0.000
    0.045  -21.4781     0.988     0.000
    0.067  -21.4779     0.988     0.000
    0.089  -21.4777     0.988     0.000
    0.112  -21.4775     0.988     0.000
    0.134  -21.4773     0.988     0.000
    0.156  -21.4771     0.988     0.000
    0.179  -21.4770     0.988     0.000
    0.201  -21.4768     0.988     0.000
    0.224  -21.4767     0.988     0.000
    0.246  -21.4765     0.988     0.000
    0.268  -21.4764     0.988     0.000
    0.291  -21.4763     0.988     0.000
    0.313  -21.4762     0.988     0.000
    0.335  -21.4761     0.988     0.000
    0.358  -21.4760     0.988     0.000
    0.380  -21.4759     0.988     0.000
    0.402  -21.4758     0.988     0.000
    0.425  -21.4758     0.988     0.000
    0.425  -21.4758     0.988     0.000
    0.468  -21.4762     0.988     0.000
    0.512  -21.4766     0.988     0.000
    0.555  -21.4769     0.988     0.000
    0.599  -21.4772     0.988     0.000
    0.642  -21.4774     0.988     0.000
    0.686  -21.4776     0.988     0.000
    0.729  -21.4778     0.988     0.000
    0.773  -21.4779     0.988     0.000
    0.816  -21.4780     0.988     0.000
    0.860  -21.4779     0.988     0.000
    0.903  -21.4775     0.988     0.000
    0.947  -21.4772     0.988     0.000
    0.990  -21.4769     0.988     0.000
    1.034  -21.4767     0.988     0.000
    1.077  -21.4765     0.988     0.000
    1.121  -21.4765     0.988     0.000
    1.164  -21.4765     0.988     0.000
    1.208  -21.4765     0.988     0.000
    1.251  -21.4766     0.988     0.000
    1.251  -21.4766     0.988     0.000
    1.295  -21.4765     0.988     0.000
    1.338  -21.4765     0.988     0.000
    1.382  -21.4765     0.988     0.000
    1.425  -21.4765     0.988     0.000
    1.469  -21.4767     0.988     0.000
    1.512  -21.4769     0.988     0.000
    1.556  -21.4772     0.988     0.000
    1.599  -21.4775     0.988     0.000
    1.643  -21.4779     0.988     0.000
    1.686  -21.4780     0.988     0.000
    1.730  -21.4779     0.988     0.000
    1.773  -21.4778     0.988     0.000
    1.817  -21.4776     0.988     0.000
    1.860  -21.4774     0.988     0.000
    1.904  -21.4772     0.988     0.000
    1.947  -21.4769     0.988     0.000
    1.991  -21.4766     0.988     0.000
    2.034  -21.4762     0.988     0.000
    2.078  -21.4758     0.988     0.000
    2.078  -21.4758     0.988     0.000
    2.115  -21.4762     0.988     0.000
    2.153  -21.4766     0.988     0.000
    2.190  -21.4769     0.988     0.000
    2.227  -21.4771     0.988     0.000
    2.265  -21.4773     0.988     0.000
    2.302  -21.4774     0.988     0.000
    2.339  -21.4775     0.988     0.000
    2.377  -21.4776     0.988     0.000
    2.414  -21.4776     0.988     0.000
    2.451  -21.4776     0.988     0.000
    2.488  -21.4774     0.988     0.000
    2.526  -21.4767     0.988     0.000
    2.563  -21.4761     0.988     0.000
    2.600  -21.4754     0.988     0.000
    2.638  -21.4746     0.988     0.000
    2.675  -21.4739     0.988     0.000
    2.712  -21.4732     0.988     0.000
    2.750  -21.4725     0.988     0.000
    2.787  -21.4719     0.988     0.000
 
# Band-Index:   12
    2.787  -21.4719     0.988     0.000
    2.750  -21.4712     0.988     0.000
    2.712  -21.4707     0.990     0.000
    2.675  -21.4701     0.990     0.000
    2.638  -21.4697     0.990     0.000
    2.600  -21.4694     0.990     0.000
    2.563  -21.4693     0.990     0.000
    2.526  -21.4693     0.990     0.000
    2.488  -21.4695     0.990     0.000
    2.451  -21.4698     0.990     0.000
    2.414  -21.4702     0.988     0.000
    2.377  -21.4708     0.988     0.000
    2.339  -21.4714     0.988     0.000
    2.302  -21.4720     0.988     0.000
    2.265  -21.4727     0.988     0.000
    2.227  -21.4734     0.988     0.000
    2.190  -21.4740     0.988     0.000
    2.153  -21.4747     0.988     0.000
    2.115  -21.4752     0.988     0.000
    2.078  -21.4758     0.988     0.000
    2.078  -21.4758     0.988     0.000
    2.034  -21.4752     0.988     0.000
    1.991  -21.4747     0.988     0.000
    1.947  -21.4741     0.988     0.000
    1.904  -21.4735     0.988     0.000
    1.860  -21.4730     0.988     0.000
    1.817  -21.4725     0.988     0.000
    1.773  -21.4721     0.988     0.000
    1.730  -21.4719     0.988     0.000
    1.686  -21.4718     0.988     0.000
    1.643  -21.4719     0.988     0.000
    1.599  -21.4721     0.988     0.000
    1.556  -21.4725     0.988     0.000
    1.512  -21.4731     0.988     0.000
    1.469  -21.4736     0.988     0.000
    1.425  -21.4743     0.988     0.000
    1.382  -21.4749     0.988     0.000
    1.338  -21.4755     0.988     0.000
    1.295  -21.4761     0.988     0.000
    1.251  -21.4766     0.988     0.000
    1.251  -21.4766     0.988     0.000
    1.208  -21.4761     0.988     0.000
    1.164  -21.4755     0.988     0.000
    1.121  -21.4749     0.988     0.000
    1.077  -21.4743     0.988     0.000
    1.034  -21.4736     0.988     0.000
    0.990  -21.4731     0.988     0.000
    0.947  -21.4725     0.988     0.000
    0.903  -21.4721     0.988     0.000
    0.860  -21.4719     0.988     0.000
    0.816  -21.4718     0.988     0.000
    0.773  -21.4719     0.988     0.000
    0.729  -21.4721     0.988     0.000
    0.686  -21.4725     0.988     0.000
    0.642  -21.4730     0.988     0.000
    0.599  -21.4735     0.988     0.000
    0.555  -21.4741     0.988     0.000
    0.512  -21.4747     0.988     0.000
    0.468  -21.4752     0.988     0.000
    0.425  -21.4758     0.988     0.000
    0.425  -21.4758     0.988     0.000
    0.402  -21.4757     0.988     0.000
    0.380  -21.4756     0.988     0.000
    0.358  -21.4756     0.988     0.000
    0.335  -21.4756     0.988     0.000
    0.313  -21.4756     0.988     0.000
    0.291  -21.4756     0.988     0.000
    0.268  -21.4756     0.988     0.000
    0.246  -21.4756     0.988     0.000
    0.224  -21.4757     0.988     0.000
    0.201  -21.4758     0.988     0.000
    0.179  -21.4759     0.988     0.000
    0.156  -21.4760     0.988     0.000
    0.134  -21.4762     0.988     0.000
    0.112  -21.4764     0.988     0.000
    0.089  -21.4766     0.988     0.000
    0.067  -21.4768     0.988     0.000
    0.045  -21.4770     0.988     0.000
    0.022  -21.4773     0.988     0.000
    0.000  -21.4776     0.988     0.000
 
# Band-Index:   13
    0.000  -21.4542     0.988     0.000
    0.022  -21.4544     0.988     0.000
    0.045  -21.4545     0.988     0.000
    0.067  -21.4547     0.988     0.000
    0.089  -21.4548     0.988     0.000
    0.112  -21.4549     0.988     0.000
    0.134  -21.4550     0.988     0.000
    0.156  -21.4551     0.988     0.000
    0.179  -21.4551     0.988     0.000
    0.201  -21.4552     0.988     0.000
    0.224  -21.4552     0.988     0.000
    0.246  -21.4553     0.988     0.000
    0.268  -21.4552     0.988     0.000
    0.291  -21.4552     0.988     0.000
    0.313  -21.4552     0.988     0.000
    0.335  -21.4552     0.988     0.000
    0.358  -21.4552     0.988     0.000
    0.380  -21.4552     0.988     0.000
    0.402  -21.4551     0.988     0.000
    0.425  -21.4551     0.988     0.000
    0.425  -21.4551     0.988     0.000
    0.468  -21.4555     0.988     0.000
    0.512  -21.4559     0.988     0.000
    0.555  -21.4563     0.988     0.000
    0.599  -21.4567     0.988     0.000
    0.642  -21.4572     0.988     0.000
    0.686  -21.4575     0.988     0.000
    0.729  -21.4578     0.988     0.000
    0.773  -21.4580     0.988     0.000
    0.816  -21.4581     0.988     0.000
    0.860  -21.4581     0.988     0.000
    0.903  -21.4579     0.988     0.000
    0.947  -21.4576     0.988     0.000
    0.990  -21.4572     0.988     0.000
    1.034  -21.4568     0.988     0.000
    1.077  -21.4564     0.988     0.000
    1.121  -21.4559     0.988     0.000
    1.164  -21.4555     0.988     0.000
    1.208  -21.4551     0.988     0.000
    1.251  -21.4548     0.988     0.000
    1.251  -21.4548     0.988     0.000
    1.295  -21.4551     0.988     0.000
    1.338  -21.4555     0.988     0.000
    1.382  -21.4559     0.988     0.000
    1.425  -21.4564     0.988     0.000
    1.469  -21.4568     0.988     0.000
    1.512  -21.4572     0.988     0.000
    1.556  -21.4576     0.988     0.000
    1.599  -21.4579     0.988     0.000
    1.643  -21.4581     0.988     0.000
    1.686  -21.4581     0.988     0.000
    1.730  -21.4580     0.988     0.000
    1.773  -21.4578     0.988     0.000
    1.817  -21.4575     0.988     0.000
    1.860  -21.4572     0.988     0.000
    1.904  -21.4567     0.988     0.000
    1.947  -21.4563     0.988     0.000
    1.991  -21.4559     0.988     0.000
    2.034  -21.4555     0.988     0.000
    2.078  -21.4551     0.988     0.000
    2.078  -21.4551     0.988     0.000
    2.115  -21.4555     0.988     0.000
    2.153  -21.4559     0.988     0.000
    2.190  -21.4563     0.988     0.000
    2.227  -21.4568     0.988     0.000
    2.265  -21.4573     0.988     0.000
    2.302  -21.4579     0.988     0.000
    2.339  -21.4584     0.988     0.000
    2.377  -21.4589     0.988     0.000
    2.414  -21.4593     0.988     0.000
    2.451  -21.4597     0.988     0.000
    2.488  -21.4600     0.988     0.000
    2.526  -21.4602     0.988     0.000
    2.563  -21.4602     0.988     0.000
    2.600  -21.4601     0.988     0.000
    2.638  -21.4599     0.988     0.000
    2.675  -21.4596     0.988     0.000
    2.712  -21.4592     0.988     0.000
    2.750  -21.4588     0.988     0.000
    2.787  -21.4583     0.988     0.000
 
# Band-Index:   14
    2.787  -21.4583     0.988     0.000
    2.750  -21.4578     0.988     0.000
    2.712  -21.4573     0.988     0.000
    2.675  -21.4568     0.988     0.000
    2.638  -21.4563     0.988     0.000
    2.600  -21.4558     0.988     0.000
    2.563  -21.4553     0.988     0.000
    2.526  -21.4548     0.988     0.000
    2.488  -21.4544     0.988     0.000
    2.451  -21.4539     0.988     0.000
    2.414  -21.4538     0.988     0.000
    2.377  -21.4538     0.988     0.000
    2.339  -21.4539     0.988     0.000
    2.302  -21.4539     0.988     0.000
    2.265  -21.4540     0.988     0.000
    2.227  -21.4541     0.988     0.000
    2.190  -21.4543     0.988     0.000
    2.153  -21.4545     0.988     0.000
    2.115  -21.4548     0.988     0.000
    2.078  -21.4551     0.988     0.000
    2.078  -21.4551     0.988     0.000
    2.034  -21.4548     0.988     0.000
    1.991  -21.4545     0.988     0.000
    1.947  -21.4543     0.988     0.000
    1.904  -21.4541     0.988     0.000
    1.860  -21.4540     0.988     0.000
    1.817  -21.4539     0.988     0.000
    1.773  -21.4539     0.988     0.000
    1.730  -21.4538     0.988     0.000
    1.686  -21.4538     0.988     0.000
    1.643  -21.4539     0.988     0.000
    1.599  -21.4542     0.988     0.000
    1.556  -21.4544     0.988     0.000
    1.512  -21.4546     0.988     0.000
    1.469  -21.4547     0.988     0.000
    1.425  -21.4548     0.988     0.000
    1.382  -21.4548     0.988     0.000
    1.338  -21.4548     0.988     0.000
    1.295  -21.4548     0.988     0.000
    1.251  -21.4548     0.988     0.000
    1.251  -21.4548     0.988     0.000
    1.208  -21.4548     0.988     0.000
    1.164  -21.4548     0.988     0.000
    1.121  -21.4548     0.988     0.000
    1.077  -21.4548     0.988     0.000
    1.034  -21.4547     0.988     0.000
    0.990  -21.4546     0.988     0.000
    0.947  -21.4544     0.988     0.000
    0.903  -21.4542     0.988     0.000
    0.860  -21.4539     0.988     0.000
    0.816  -21.4538     0.988     0.000
    0.773  -21.4538     0.988     0.000
    0.729  -21.4539     0.988     0.000
    0.686  -21.4539     0.988     0.000
    0.642  -21.4540     0.988     0.000
    0.599  -21.4541     0.988     0.000
    0.555  -21.4543     0.988     0.000
    0.512  -21.4545     0.988     0.000
    0.468  -21.4548     0.988     0.000
    0.425  -21.4551     0.988     0.000
    0.425  -21.4551     0.988     0.000
    0.402  -21.4551     0.988     0.000
    0.380  -21.4550     0.988     0.000
    0.358  -21.4550     0.988     0.000
    0.335  -21.4549     0.988     0.000
    0.313  -21.4549     0.988     0.000
    0.291  -21.4548     0.988     0.000
    0.268  -21.4548     0.988     0.000
    0.246  -21.4547     0.988     0.000
    0.224  -21.4547     0.988     0.000
    0.201  -21.4546     0.988     0.000
    0.179  -21.4545     0.988     0.000
    0.156  -21.4545     0.988     0.000
    0.134  -21.4544     0.988     0.000
    0.112  -21.4543     0.988     0.000
    0.089  -21.4542     0.988     0.000
    0.067  -21.4541     0.988     0.000
    0.045  -21.4540     0.988     0.000
    0.022  -21.4540     0.988     0.000
    0.000  -21.4542     0.988     0.000
 
# Band-Index:   15
    0.000  -21.4537     0.988     0.000
    0.022  -21.4538     0.988     0.000
    0.045  -21.4538     0.988     0.000
    0.067  -21.4536     0.988     0.000
    0.089  -21.4534     0.988     0.000
    0.112  -21.4532     0.988     0.000
    0.134  -21.4530     0.988     0.000
    0.156  -21.4528     0.988     0.000
    0.179  -21.4527     0.988     0.000
    0.201  -21.4525     0.988     0.000
    0.224  -21.4523     0.988     0.000
    0.246  -21.4522     0.988     0.000
    0.268  -21.4520     0.988     0.000
    0.291  -21.4519     0.988     0.000
    0.313  -21.4518     0.988     0.000
    0.335  -21.4517     0.988     0.000
    0.358  -21.4516     0.988     0.000
    0.380  -21.4516     0.988     0.000
    0.402  -21.4515     0.988     0.000
    0.425  -21.4515     0.988     0.000
    0.425  -21.4515     0.988     0.000
    0.468  -21.4516     0.988     0.000
    0.512  -21.4517     0.988     0.000
    0.555  -21.4519     0.988     0.000
    0.599  -21.4521     0.988     0.000
    0.642  -21.4524     0.988     0.000
    0.686  -21.4527     0.988     0.000
    0.729  -21.4530     0.988     0.000
    0.773  -21.4533     0.988     0.000
    0.816  -21.4536     0.988     0.000
    0.860  -21.4538     0.988     0.000
    0.903  -21.4538     0.988     0.000
    0.947  -21.4539     0.988     0.000
    0.990  -21.4541     0.988     0.000
    1.034  -21.4543     0.988     0.000
    1.077  -21.4544     0.988     0.000
    1.121  -21.4545     0.988     0.000
    1.164  -21.4546     0.988     0.000
    1.208  -21.4547     0.988     0.000
    1.251  -21.4548     0.988     0.000
    1.251  -21.4548     0.989     0.000
    1.295  -21.4547     0.988     0.000
    1.338  -21.4546     0.988     0.000
    1.382  -21.4545     0.988     0.000
    1.425  -21.4544     0.988     0.000
    1.469  -21.4543     0.988     0.000
    1.512  -21.4541     0.988     0.000
    1.556  -21.4539     0.988     0.000
    1.599  -21.4538     0.988     0.000
    1.643  -21.4538     0.988     0.000
    1.686  -21.4536     0.988     0.000
    1.730  -21.4533     0.988     0.000
    1.773  -21.4530     0.988     0.000
    1.817  -21.4527     0.988     0.000
    1.860  -21.4524     0.988     0.000
    1.904  -21.4521     0.988     0.000
    1.947  -21.4519     0.988     0.000
    1.991  -21.4517     0.988     0.000
    2.034  -21.4516     0.988     0.000
    2.078  -21.4515     0.988     0.000
    2.078  -21.4515     0.988     0.000
    2.115  -21.4516     0.988     0.000
    2.153  -21.4517     0.988     0.000
    2.190  -21.4518     0.988     0.000
    2.227  -21.4520     0.988     0.000
    2.265  -21.4522     0.988     0.000
    2.302  -21.4525     0.988     0.000
    2.339  -21.4528     0.988     0.000
    2.377  -21.4532     0.988     0.000
    2.414  -21.4535     0.988     0.000
    2.451  -21.4538     0.988     0.000
    2.488  -21.4538     0.988     0.000
    2.526  -21.4538     0.988     0.000
    2.563  -21.4538     0.988     0.000
    2.600  -21.4538     0.988     0.000
    2.638  -21.4537     0.988     0.000
    2.675  -21.4537     0.988     0.000
    2.712  -21.4536     0.988     0.000
    2.750  -21.4536     0.988     0.000
    2.787  -21.4535     0.988     0.000
 
# Band-Index:   16
    2.787  -21.4535     0.988     0.000
    2.750  -21.4535     0.988     0.000
    2.712  -21.4534     0.988     0.000
    2.675  -21.4534     0.988     0.000
    2.638  -21.4533     0.988     0.000
    2.600  -21.4532     0.988     0.000
    2.563  -21.4531     0.988     0.000
    2.526  -21.4530     0.988     0.000
    2.488  -21.4528     0.988     0.000
    2.451  -21.4527     0.988     0.000
    2.414  -21.4525     0.988     0.000
    2.377  -21.4524     0.988     0.000
    2.339  -21.4522     0.988     0.000
    2.302  -21.4520     0.988     0.000
    2.265  -21.4519     0.988     0.000
    2.227  -21.4517     0.988     0.000
    2.190  -21.4516     0.988     0.000
    2.153  -21.4516     0.988     0.000
    2.115  -21.4515     0.988     0.000
    2.078  -21.4515     0.988     0.000
    2.078  -21.4515     0.988     0.000
    2.034  -21.4515     0.988     0.000
    1.991  -21.4516     0.988     0.000
    1.947  -21.4517     0.988     0.000
    1.904  -21.4519     0.988     0.000
    1.860  -21.4521     0.988     0.000
    1.817  -21.4524     0.988     0.000
    1.773  -21.4527     0.988     0.000
    1.730  -21.4529     0.988     0.000
    1.686  -21.4532     0.988     0.000
    1.643  -21.4535     0.988     0.000
    1.599  -21.4537     0.988     0.000
    1.556  -21.4537     0.988     0.000
    1.512  -21.4538     0.988     0.000
    1.469  -21.4538     0.988     0.000
    1.425  -21.4539     0.988     0.000
    1.382  -21.4540     0.988     0.000
    1.338  -21.4542     0.988     0.000
    1.295  -21.4545     0.988     0.000
    1.251  -21.4548     0.988     0.000
    1.251  -21.4548     0.988     0.000
    1.208  -21.4545     0.988     0.000
    1.164  -21.4542     0.988     0.000
    1.121  -21.4540     0.988     0.000
    1.077  -21.4539     0.988     0.000
    1.034  -21.4538     0.988     0.000
    0.990  -21.4538     0.988     0.000
    0.947  -21.4537     0.988     0.000
    0.903  -21.4537     0.988     0.000
    0.860  -21.4535     0.988     0.000
    0.816  -21.4532     0.988     0.000
    0.773  -21.4529     0.988     0.000
    0.729  -21.4527     0.988     0.000
    0.686  -21.4524     0.988     0.000
    0.642  -21.4521     0.988     0.000
    0.599  -21.4519     0.988     0.000
    0.555  -21.4517     0.988     0.000
    0.512  -21.4516     0.988     0.000
    0.468  -21.4515     0.988     0.000
    0.425  -21.4515     0.988     0.000
    0.425  -21.4515     0.988     0.000
    0.402  -21.4515     0.988     0.000
    0.380  -21.4515     0.988     0.000
    0.358  -21.4516     0.988     0.000
    0.335  -21.4516     0.988     0.000
    0.313  -21.4517     0.988     0.000
    0.291  -21.4518     0.988     0.000
    0.268  -21.4519     0.988     0.000
    0.246  -21.4520     0.988     0.000
    0.224  -21.4521     0.988     0.000
    0.201  -21.4523     0.988     0.000
    0.179  -21.4524     0.988     0.000
    0.156  -21.4526     0.988     0.000
    0.134  -21.4528     0.988     0.000
    0.112  -21.4529     0.988     0.000
    0.089  -21.4531     0.988     0.000
    0.067  -21.4532     0.988     0.000
    0.045  -21.4534     0.988     0.000
    0.022  -21.4535     0.988     0.000
    0.000  -21.4537     0.988     0.000
 
# Band-Index:   17
    0.000  -21.4337     0.988     0.000
    0.022  -21.4339     0.988     0.000
    0.045  -21.4341     0.988     0.000
    0.067  -21.4343     0.988     0.000
    0.089  -21.4345     0.988     0.000
    0.112  -21.4346     0.988     0.000
    0.134  -21.4348     0.988     0.000
    0.156  -21.4349     0.988     0.000
    0.179  -21.4350     0.988     0.000
    0.201  -21.4352     0.988     0.000
    0.224  -21.4352     0.988     0.000
    0.246  -21.4353     0.988     0.000
    0.268  -21.4354     0.988     0.000
    0.291  -21.4354     0.988     0.000
    0.313  -21.4355     0.988     0.000
    0.335  -21.4355     0.988     0.000
    0.358  -21.4355     0.988     0.000
    0.380  -21.4355     0.988     0.000
    0.402  -21.4354     0.988     0.000
    0.425  -21.4354     0.988     0.000
    0.425  -21.4354     0.988     0.000
    0.468  -21.4355     0.988     0.000
    0.512  -21.4355     0.988     0.000
    0.555  -21.4355     0.988     0.000
    0.599  -21.4354     0.988     0.000
    0.642  -21.4352     0.988     0.000
    0.686  -21.4350     0.988     0.000
    0.729  -21.4348     0.988     0.000
    0.773  -21.4345     0.988     0.000
    0.816  -21.4342     0.988     0.000
    0.860  -21.4338     0.988     0.000
    0.903  -21.4334     0.988     0.000
    0.947  -21.4331     0.990     0.000
    0.990  -21.4327     0.990     0.000
    1.034  -21.4324     0.990     0.000
    1.077  -21.4320     0.990     0.000
    1.121  -21.4318     0.990     0.000
    1.164  -21.4315     0.990     0.000
    1.208  -21.4314     0.990     0.000
    1.251  -21.4312     0.989     0.000
    1.251  -21.4312     0.989     0.000
    1.295  -21.4314     0.990     0.000
    1.338  -21.4315     0.990     0.000
    1.382  -21.4318     0.990     0.000
    1.425  -21.4320     0.990     0.000
    1.469  -21.4324     0.990     0.000
    1.512  -21.4327     0.990     0.000
    1.556  -21.4331     0.990     0.000
    1.599  -21.4334     0.988     0.000
    1.643  -21.4338     0.988     0.000
    1.686  -21.4342     0.988     0.000
    1.730  -21.4345     0.988     0.000
    1.773  -21.4348     0.988     0.000
    1.817  -21.4350     0.988     0.000
    1.860  -21.4352     0.988     0.000
    1.904  -21.4354     0.988     0.000
    1.947  -21.4355     0.988     0.000
    1.991  -21.4355     0.988     0.000
    2.034  -21.4355     0.988     0.000
    2.078  -21.4354     0.988     0.000
    2.078  -21.4354     0.988     0.000
    2.115  -21.4355     0.988     0.000
    2.153  -21.4355     0.988     0.000
    2.190  -21.4355     0.988     0.000
    2.227  -21.4354     0.988     0.000
    2.265  -21.4353     0.988     0.000
    2.302  -21.4352     0.988     0.000
    2.339  -21.4350     0.988     0.000
    2.377  -21.4348     0.988     0.000
    2.414  -21.4346     0.988     0.000
    2.451  -21.4344     0.988     0.000
    2.488  -21.4341     0.988     0.000
    2.526  -21.4338     0.988     0.000
    2.563  -21.4336     0.988     0.000
    2.600  -21.4333     0.988     0.000
    2.638  -21.4330     0.990     0.000
    2.675  -21.4327     0.990     0.000
    2.712  -21.4325     0.990     0.000
    2.750  -21.4322     0.990     0.000
    2.787  -21.4320     0.989     0.000
 
# Band-Index:   18
    2.787  -21.4320     0.989     0.000
    2.750  -21.4318     0.990     0.000
    2.712  -21.4317     0.990     0.000
    2.675  -21.4318     0.990     0.000
    2.638  -21.4320     0.990     0.000
    2.600  -21.4323     0.990     0.000
    2.563  -21.4325     0.990     0.000
    2.526  -21.4327     0.990     0.000
    2.488  -21.4330     0.990     0.000
    2.451  -21.4332     0.990     0.000
    2.414  -21.4335     0.988     0.000
    2.377  -21.4338     0.988     0.000
    2.339  -21.4340     0.988     0.000
    2.302  -21.4343     0.988     0.000
    2.265  -21.4346     0.988     0.000
    2.227  -21.4348     0.988     0.000
    2.190  -21.4350     0.988     0.000
    2.153  -21.4351     0.988     0.000
    2.115  -21.4353     0.988     0.000
    2.078  -21.4354     0.988     0.000
    2.078  -21.4354     0.988     0.000
    2.034  -21.4353     0.988     0.000
    1.991  -21.4351     0.988     0.000
    1.947  -21.4349     0.988     0.000
    1.904  -21.4346     0.988     0.000
    1.860  -21.4343     0.988     0.000
    1.817  -21.4340     0.988     0.000
    1.773  -21.4337     0.988     0.000
    1.730  -21.4334     0.990     0.000
    1.686  -21.4330     0.990     0.000
    1.643  -21.4327     0.990     0.000
    1.599  -21.4324     0.990     0.000
    1.556  -21.4321     0.990     0.000
    1.512  -21.4318     0.990     0.000
    1.469  -21.4316     0.990     0.000
    1.425  -21.4315     0.990     0.000
    1.382  -21.4314     0.990     0.000
    1.338  -21.4314     0.990     0.000
    1.295  -21.4313     0.990     0.000
    1.251  -21.4312     0.989     0.000
    1.251  -21.4312     0.989     0.000
    1.208  -21.4313     0.990     0.000
    1.164  -21.4314     0.990     0.000
    1.121  -21.4314     0.990     0.000
    1.077  -21.4315     0.990     0.000
    1.034  -21.4316     0.990     0.000
    0.990  -21.4318     0.990     0.000
    0.947  -21.4321     0.990     0.000
    0.903  -21.4324     0.990     0.000
    0.860  -21.4327     0.990     0.000
    0.816  -21.4330     0.990     0.000
    0.773  -21.4334     0.990     0.000
    0.729  -21.4337     0.988     0.000
    0.686  -21.4340     0.988     0.000
    0.642  -21.4343     0.988     0.000
    0.599  -21.4346     0.988     0.000
    0.555  -21.4349     0.988     0.000
    0.512  -21.4351     0.988     0.000
    0.468  -21.4353     0.988     0.000
    0.425  -21.4354     0.988     0.000
    0.425  -21.4354     0.988     0.000
    0.402  -21.4353     0.988     0.000
    0.380  -21.4352     0.988     0.000
    0.358  -21.4352     0.988     0.000
    0.335  -21.4351     0.988     0.000
    0.313  -21.4349     0.988     0.000
    0.291  -21.4348     0.988     0.000
    0.268  -21.4347     0.988     0.000
    0.246  -21.4345     0.988     0.000
    0.224  -21.4344     0.988     0.000
    0.201  -21.4342     0.988     0.000
    0.179  -21.4340     0.988     0.000
    0.156  -21.4339     0.988     0.000
    0.134  -21.4337     0.988     0.000
    0.112  -21.4335     0.988     0.000
    0.089  -21.4333     0.988     0.000
    0.067  -21.4331     0.990     0.000
    0.045  -21.4333     0.988     0.000
    0.022  -21.4335     0.988     0.000
    0.000  -21.4337     0.988     0.000
 
# Band-Index:   19
    0.000  -21.4326     0.990     0.000
    0.022  -21.4328     0.990     0.000
    0.045  -21.4329     0.990     0.000
    0.067  -21.4331     0.990     0.000
    0.089  -21.4329     0.990     0.000
    0.112  -21.4327     0.990     0.000
    0.134  -21.4324     0.990     0.000
    0.156  -21.4322     0.990     0.000
    0.179  -21.4320     0.990     0.000
    0.201  -21.4318     0.990     0.000
    0.224  -21.4317     0.990     0.000
    0.246  -21.4315     0.990     0.000
    0.268  -21.4313     0.990     0.000
    0.291  -21.4312     0.990     0.000
    0.313  -21.4310     0.990     0.000
    0.335  -21.4309     0.990     0.000
    0.358  -21.4308     0.990     0.000
    0.380  -21.4307     0.990     0.000
    0.402  -21.4307     0.990     0.000
    0.425  -21.4306     0.990     0.000
    0.425  -21.4306     0.990     0.000
    0.468  -21.4307     0.990     0.000
    0.512  -21.4308     0.990     0.000
    0.555  -21.4309     0.990     0.000
    0.599  -21.4310     0.990     0.000
    0.642  -21.4311     0.990     0.000
    0.686  -21.4312     0.990     0.000
    0.729  -21.4313     0.990     0.000
    0.773  -21.4314     0.990     0.000
    0.816  -21.4315     0.990     0.000
    0.860  -21.4316     0.990     0.000
    0.903  -21.4316     0.990     0.000
    0.947  -21.4316     0.990     0.000
    0.990  -21.4316     0.990     0.000
    1.034  -21.4315     0.990     0.000
    1.077  -21.4314     0.990     0.000
    1.121  -21.4313     0.990     0.000
    1.164  -21.4312     0.990     0.000
    1.208  -21.4312     0.990     0.000
    1.251  -21.4312     0.990     0.000
    1.251  -21.4312     0.989     0.000
    1.295  -21.4312     0.990     0.000
    1.338  -21.4312     0.990     0.000
    1.382  -21.4313     0.990     0.000
    1.425  -21.4314     0.990     0.000
    1.469  -21.4315     0.990     0.000
    1.512  -21.4316     0.990     0.000
    1.556  -21.4316     0.990     0.000
    1.599  -21.4316     0.990     0.000
    1.643  -21.4316     0.990     0.000
    1.686  -21.4315     0.990     0.000
    1.730  -21.4314     0.990     0.000
    1.773  -21.4313     0.990     0.000
    1.817  -21.4312     0.990     0.000
    1.860  -21.4311     0.990     0.000
    1.904  -21.4310     0.990     0.000
    1.947  -21.4309     0.990     0.000
    1.991  -21.4308     0.990     0.000
    2.034  -21.4307     0.990     0.000
    2.078  -21.4306     0.990     0.000
    2.078  -21.4306     0.990     0.000
    2.115  -21.4307     0.990     0.000
    2.153  -21.4307     0.990     0.000
    2.190  -21.4308     0.990     0.000
    2.227  -21.4308     0.990     0.000
    2.265  -21.4309     0.990     0.000
    2.302  -21.4309     0.990     0.000
    2.339  -21.4310     0.990     0.000
    2.377  -21.4310     0.990     0.000
    2.414  -21.4311     0.990     0.000
    2.451  -21.4311     0.990     0.000
    2.488  -21.4312     0.990     0.000
    2.526  -21.4312     0.990     0.000
    2.563  -21.4313     0.990     0.000
    2.600  -21.4314     0.990     0.000
    2.638  -21.4314     0.990     0.000
    2.675  -21.4315     0.990     0.000
    2.712  -21.4317     0.990     0.000
    2.750  -21.4315     0.990     0.000
    2.787  -21.4314     0.990     0.000
 
# Band-Index:   20
    2.787  -21.4314     0.990     0.000
    2.750  -21.4312     0.990     0.000
    2.712  -21.4311     0.990     0.000
    2.675  -21.4310     0.990     0.000
    2.638  -21.4309     0.990     0.000
    2.600  -21.4309     0.990     0.000
    2.563  -21.4308     0.990     0.000
    2.526  -21.4308     0.990     0.000
    2.488  -21.4307     0.990     0.000
    2.451  -21.4307     0.990     0.000
    2.414  -21.4306     0.990     0.000
    2.377  -21.4306     0.990     0.000
    2.339  -21.4306     0.990     0.000
    2.302  -21.4306     0.990     0.000
    2.265  -21.4305     0.990     0.000
    2.227  -21.4305     0.990     0.000
    2.190  -21.4305     0.990     0.000
    2.153  -21.4306     0.990     0.000
    2.115  -21.4306     0.990     0.000
    2.078  -21.4306     0.990     0.000
    2.078  -21.4306     0.990     0.000
    2.034  -21.4306     0.990     0.000
    1.991  -21.4306     0.990     0.000
    1.947  -21.4306     0.990     0.000
    1.904  -21.4306     0.990     0.000
    1.860  -21.4307     0.990     0.000
    1.817  -21.4308     0.990     0.000
    1.773  -21.4308     0.990     0.000
    1.730  -21.4309     0.990     0.000
    1.686  -21.4310     0.990     0.000
    1.643  -21.4310     0.990     0.000
    1.599  -21.4311     0.990     0.000
    1.556  -21.4311     0.990     0.000
    1.512  -21.4311     0.990     0.000
    1.469  -21.4311     0.990     0.000
    1.425  -21.4311     0.990     0.000
    1.382  -21.4311     0.990     0.000
    1.338  -21.4312     0.990     0.000
    1.295  -21.4312     0.990     0.000
    1.251  -21.4312     0.989     0.000
    1.251  -21.4312     0.990     0.000
    1.208  -21.4312     0.990     0.000
    1.164  -21.4312     0.990     0.000
    1.121  -21.4311     0.990     0.000
    1.077  -21.4311     0.990     0.000
    1.034  -21.4311     0.990     0.000
    0.990  -21.4311     0.990     0.000
    0.947  -21.4311     0.990     0.000
    0.903  -21.4311     0.990     0.000
    0.860  -21.4310     0.990     0.000
    0.816  -21.4310     0.990     0.000
    0.773  -21.4309     0.990     0.000
    0.729  -21.4308     0.990     0.000
    0.686  -21.4308     0.990     0.000
    0.642  -21.4307     0.990     0.000
    0.599  -21.4306     0.990     0.000
    0.555  -21.4306     0.990     0.000
    0.512  -21.4306     0.990     0.000
    0.468  -21.4306     0.990     0.000
    0.425  -21.4306     0.990     0.000
    0.425  -21.4306     0.990     0.000
    0.402  -21.4306     0.990     0.000
    0.380  -21.4306     0.990     0.000
    0.358  -21.4306     0.990     0.000
    0.335  -21.4306     0.990     0.000
    0.313  -21.4307     0.990     0.000
    0.291  -21.4307     0.990     0.000
    0.268  -21.4308     0.990     0.000
    0.246  -21.4309     0.990     0.000
    0.224  -21.4310     0.990     0.000
    0.201  -21.4311     0.990     0.000
    0.179  -21.4312     0.990     0.000
    0.156  -21.4314     0.990     0.000
    0.134  -21.4315     0.990     0.000
    0.112  -21.4317     0.990     0.000
    0.089  -21.4318     0.990     0.000
    0.067  -21.4320     0.990     0.000
    0.045  -21.4322     0.990     0.000
    0.022  -21.4324     0.990     0.000
    0.000  -21.4326     0.990     0.000
 
# Band-Index:   21
    0.000  -11.4784     0.500     0.152
    0.022  -11.5291     0.494     0.154
    0.045  -11.5777     0.490     0.156
    0.067  -11.6241     0.486     0.158
    0.089  -11.6682     0.482     0.160
    0.112  -11.7098     0.480     0.162
    0.134  -11.7489     0.476     0.162
    0.156  -11.7854     0.474     0.164
    0.179  -11.8191     0.472     0.164
    0.201  -11.8502     0.470     0.166
    0.224  -11.8784     0.468     0.166
    0.246  -11.9037     0.466     0.166
    0.268  -11.9261     0.464     0.168
    0.291  -11.9456     0.464     0.168
    0.313  -11.9621     0.462     0.168
    0.335  -11.9756     0.462     0.168
    0.358  -11.9860     0.460     0.168
    0.380  -11.9934     0.460     0.168
    0.402  -11.9978     0.460     0.170
    0.425  -11.9991     0.460     0.170
    0.425  -11.9991     0.460     0.170
    0.468  -11.9938     0.460     0.168
    0.512  -11.9769     0.462     0.168
    0.555  -11.9487     0.464     0.168
    0.599  -11.9094     0.466     0.166
    0.642  -11.8591     0.470     0.166
    0.686  -11.7982     0.474     0.164
    0.729  -11.7273     0.478     0.162
    0.773  -11.6470     0.486     0.158
    0.816  -11.5580     0.494     0.156
    0.860  -11.4616     0.502     0.150
    0.903  -11.3591     0.514     0.146
    0.947  -11.2525     0.526     0.140
    0.990  -11.1441     0.542     0.132
    1.034  -11.0374     0.558     0.122
    1.077  -10.9366     0.576     0.112
    1.121  -10.8472     0.596     0.102
    1.164  -10.7758     0.612     0.092
    1.208  -10.7291     0.626     0.086
    1.251  -10.7124     0.631     0.083
    1.251  -10.7124     0.630     0.082
    1.295  -10.7291     0.626     0.086
    1.338  -10.7758     0.612     0.092
    1.382  -10.8472     0.596     0.102
    1.425  -10.9366     0.576     0.112
    1.469  -11.0374     0.558     0.122
    1.512  -11.1441     0.542     0.132
    1.556  -11.2525     0.526     0.140
    1.599  -11.3591     0.514     0.146
    1.643  -11.4616     0.502     0.150
    1.686  -11.5580     0.494     0.156
    1.730  -11.6470     0.486     0.158
    1.773  -11.7273     0.478     0.162
    1.817  -11.7982     0.474     0.164
    1.860  -11.8591     0.470     0.166
    1.904  -11.9094     0.466     0.166
    1.947  -11.9487     0.464     0.168
    1.991  -11.9769     0.462     0.168
    2.034  -11.9938     0.460     0.168
    2.078  -11.9991     0.460     0.170
    2.078  -11.9991     0.460     0.170
    2.115  -11.9952     0.460     0.168
    2.153  -11.9829     0.460     0.168
    2.190  -11.9622     0.462     0.168
    2.227  -11.9332     0.464     0.168
    2.265  -11.8961     0.466     0.166
    2.302  -11.8510     0.470     0.166
    2.339  -11.7981     0.474     0.164
    2.377  -11.7378     0.478     0.162
    2.414  -11.6704     0.484     0.160
    2.451  -11.5962     0.490     0.156
    2.488  -11.5158     0.498     0.154
    2.526  -11.4299     0.506     0.150
    2.563  -11.3390     0.516     0.144
    2.600  -11.2442     0.528     0.138
    2.638  -11.1464     0.540     0.132
    2.675  -11.0468     0.556     0.124
    2.712  -10.9471     0.574     0.114
    2.750  -10.8491     0.592     0.102
    2.787  -10.7549     0.614     0.090
 
# Band-Index:   22
    2.787  -10.7549     0.614     0.090
    2.750  -10.8435     0.594     0.102
    2.712  -10.9415     0.576     0.112
    2.675  -11.0410     0.560     0.122
    2.638  -11.1403     0.544     0.130
    2.600  -11.2380     0.530     0.136
    2.563  -11.3328     0.520     0.142
    2.526  -11.4238     0.510     0.148
    2.488  -11.5099     0.500     0.152
    2.451  -11.5906     0.492     0.156
    2.414  -11.6651     0.486     0.158
    2.377  -11.7330     0.480     0.160
    2.339  -11.7938     0.476     0.162
    2.302  -11.8472     0.472     0.164
    2.265  -11.8929     0.468     0.166
    2.227  -11.9306     0.466     0.168
    2.190  -11.9602     0.464     0.168
    2.153  -11.9816     0.462     0.168
    2.115  -11.9946     0.460     0.168
    2.078  -11.9991     0.460     0.170
    2.078  -11.9991     0.460     0.170
    2.034  -11.9930     0.460     0.168
    1.991  -11.9754     0.462     0.168
    1.947  -11.9464     0.464     0.168
    1.904  -11.9063     0.466     0.166
    1.860  -11.8553     0.470     0.164
    1.817  -11.7938     0.476     0.162
    1.773  -11.7223     0.480     0.160
    1.730  -11.6415     0.488     0.158
    1.686  -11.5522     0.496     0.154
    1.643  -11.4556     0.506     0.150
    1.599  -11.3530     0.516     0.144
    1.556  -11.2464     0.530     0.138
    1.512  -11.1384     0.544     0.130
    1.469  -11.0322     0.562     0.122
    1.425  -10.9321     0.580     0.112
    1.382  -10.8437     0.598     0.102
    1.338  -10.7734     0.614     0.092
    1.295  -10.7278     0.626     0.084
    1.251  -10.7124     0.630     0.082
    1.251  -10.7124     0.631     0.083
    1.208  -10.7278     0.626     0.084
    1.164  -10.7734     0.614     0.092
    1.121  -10.8437     0.598     0.102
    1.077  -10.9321     0.580     0.112
    1.034  -11.0322     0.562     0.122
    0.990  -11.1384     0.544     0.130
    0.947  -11.2464     0.530     0.138
    0.903  -11.3530     0.516     0.144
    0.860  -11.4556     0.506     0.150
    0.816  -11.5522     0.496     0.154
    0.773  -11.6415     0.488     0.158
    0.729  -11.7223     0.480     0.160
    0.686  -11.7938     0.476     0.162
    0.642  -11.8553     0.470     0.164
    0.599  -11.9063     0.466     0.166
    0.555  -11.9464     0.464     0.168
    0.512  -11.9754     0.462     0.168
    0.468  -11.9930     0.460     0.168
    0.425  -11.9991     0.460     0.170
    0.425  -11.9991     0.460     0.170
    0.402  -11.9974     0.460     0.168
    0.380  -11.9926     0.460     0.168
    0.358  -11.9847     0.462     0.168
    0.335  -11.9739     0.462     0.168
    0.313  -11.9600     0.462     0.168
    0.291  -11.9430     0.464     0.168
    0.268  -11.9232     0.466     0.166
    0.246  -11.9004     0.468     0.166
    0.224  -11.8747     0.468     0.166
    0.201  -11.8461     0.470     0.164
    0.179  -11.8147     0.474     0.164
    0.156  -11.7806     0.476     0.162
    0.134  -11.7438     0.478     0.162
    0.112  -11.7044     0.482     0.160
    0.089  -11.6625     0.486     0.160
    0.067  -11.6182     0.488     0.158
    0.045  -11.5715     0.492     0.156
    0.022  -11.5228     0.498     0.154
    0.000  -11.4784     0.500     0.152
 
# Band-Index:   23
    0.000  -11.4720     0.502     0.152
    0.022  -11.4259     0.504     0.150
    0.045  -11.3717     0.510     0.148
    0.067  -11.3160     0.516     0.146
    0.089  -11.2591     0.522     0.142
    0.112  -11.2013     0.530     0.138
    0.134  -11.1429     0.538     0.134
    0.156  -11.0843     0.546     0.130
    0.179  -11.0261     0.554     0.126
    0.201  -10.9686     0.564     0.120
    0.224  -10.9126     0.574     0.116
    0.246  -10.8587     0.584     0.110
    0.268  -10.8077     0.594     0.104
    0.291  -10.7606     0.606     0.098
    0.313  -10.7182     0.616     0.092
    0.335  -10.6817     0.626     0.086
    0.358  -10.6518     0.634     0.082
    0.380  -10.6297     0.640     0.078
    0.402  -10.6159     0.644     0.076
    0.425  -10.6111     0.646     0.074
    0.425  -10.6111     0.646     0.074
    0.468  -10.6133     0.646     0.074
    0.512  -10.6187     0.644     0.076
    0.555  -10.6269     0.642     0.076
    0.599  -10.6371     0.638     0.078
    0.642  -10.6486     0.634     0.080
    0.686  -10.6607     0.632     0.082
    0.729  -10.6726     0.628     0.082
    0.773  -10.6837     0.626     0.084
    0.816  -10.6934     0.624     0.084
    0.860  -10.7014     0.624     0.086
    0.903  -10.7076     0.624     0.086
    0.947  -10.7119     0.624     0.086
    0.990  -10.7145     0.624     0.086
    1.034  -10.7156     0.626     0.084
    1.077  -10.7156     0.626     0.084
    1.121  -10.7150     0.628     0.084
    1.164  -10.7140     0.630     0.082
    1.208  -10.7131     0.630     0.082
    1.251  -10.7124     0.630     0.083
    1.251  -10.7124     0.630     0.083
    1.295  -10.7131     0.630     0.082
    1.338  -10.7140     0.630     0.082
    1.382  -10.7150     0.628     0.084
    1.425  -10.7156     0.626     0.084
    1.469  -10.7156     0.626     0.084
    1.512  -10.7145     0.624     0.086
    1.556  -10.7119     0.624     0.086
    1.599  -10.7076     0.624     0.086
    1.643  -10.7014     0.624     0.086
    1.686  -10.6934     0.624     0.084
    1.730  -10.6837     0.626     0.084
    1.773  -10.6726     0.628     0.082
    1.817  -10.6607     0.632     0.082
    1.860  -10.6486     0.634     0.080
    1.904  -10.6371     0.638     0.078
    1.947  -10.6269     0.642     0.076
    1.991  -10.6187     0.644     0.076
    2.034  -10.6133     0.646     0.074
    2.078  -10.6111     0.646     0.074
    2.078  -10.6111     0.646     0.074
    2.115  -10.6087     0.646     0.074
    2.153  -10.6007     0.650     0.072
    2.190  -10.5874     0.654     0.070
    2.227  -10.5692     0.660     0.066
    2.265  -10.5468     0.666     0.060
    2.302  -10.5211     0.676     0.054
    2.339  -10.4934     0.686     0.048
    2.377  -10.4654     0.696     0.040
    2.414  -10.4391     0.708     0.032
    2.451  -10.4170     0.718     0.026
    2.488  -10.4019     0.726     0.020
    2.526  -10.3970     0.728     0.018
    2.563  -10.4049     0.726     0.020
    2.600  -10.4277     0.718     0.026
    2.638  -10.4663     0.704     0.034
    2.675  -10.5202     0.684     0.048
    2.712  -10.5878     0.660     0.062
    2.750  -10.6669     0.638     0.076
    2.787  -10.7490     0.616     0.090
 
# Band-Index:   24
    2.787  -10.7490     0.616     0.090
    2.750  -10.6602     0.638     0.076
    2.712  -10.5798     0.660     0.062
    2.675  -10.5104     0.684     0.048
    2.638  -10.4548     0.704     0.034
    2.600  -10.4147     0.720     0.024
    2.563  -10.3910     0.730     0.018
    2.526  -10.3828     0.732     0.016
    2.488  -10.3882     0.728     0.020
    2.451  -10.4043     0.720     0.026
    2.414  -10.4277     0.708     0.032
    2.377  -10.4555     0.696     0.040
    2.339  -10.4850     0.686     0.048
    2.302  -10.5141     0.674     0.056
    2.265  -10.5411     0.666     0.060
    2.227  -10.5648     0.658     0.066
    2.190  -10.5842     0.652     0.070
    2.153  -10.5987     0.648     0.072
    2.115  -10.6077     0.646     0.074
    2.078  -10.6111     0.646     0.074
    2.078  -10.6111     0.646     0.074
    2.034  -10.6121     0.646     0.074
    1.991  -10.6164     0.644     0.076
    1.947  -10.6234     0.642     0.076
    1.904  -10.6327     0.638     0.078
    1.860  -10.6435     0.636     0.080
    1.817  -10.6551     0.632     0.082
    1.773  -10.6666     0.630     0.082
    1.730  -10.6774     0.626     0.084
    1.686  -10.6870     0.626     0.084
    1.643  -10.6952     0.624     0.086
    1.599  -10.7015     0.624     0.086
    1.556  -10.7062     0.624     0.086
    1.512  -10.7093     0.624     0.086
    1.469  -10.7111     0.626     0.084
    1.425  -10.7118     0.628     0.084
    1.382  -10.7120     0.628     0.084
    1.338  -10.7120     0.630     0.082
    1.295  -10.7121     0.630     0.082
    1.251  -10.7124     0.630     0.083
    1.251  -10.7124     0.630     0.083
    1.208  -10.7121     0.630     0.082
    1.164  -10.7120     0.630     0.082
    1.121  -10.7120     0.628     0.084
    1.077  -10.7118     0.628     0.084
    1.034  -10.7111     0.626     0.084
    0.990  -10.7093     0.624     0.086
    0.947  -10.7062     0.624     0.086
    0.903  -10.7015     0.624     0.086
    0.860  -10.6952     0.624     0.086
    0.816  -10.6870     0.626     0.084
    0.773  -10.6774     0.626     0.084
    0.729  -10.6666     0.630     0.082
    0.686  -10.6551     0.632     0.082
    0.642  -10.6435     0.636     0.080
    0.599  -10.6327     0.638     0.078
    0.555  -10.6234     0.642     0.076
    0.512  -10.6164     0.644     0.076
    0.468  -10.6121     0.646     0.074
    0.425  -10.6111     0.646     0.074
    0.425  -10.6111     0.646     0.074
    0.402  -10.6152     0.644     0.074
    0.380  -10.6283     0.642     0.076
    0.358  -10.6498     0.636     0.080
    0.335  -10.6790     0.628     0.086
    0.313  -10.7149     0.618     0.090
    0.291  -10.7567     0.608     0.096
    0.268  -10.8033     0.598     0.102
    0.246  -10.8538     0.588     0.108
    0.224  -10.9072     0.578     0.114
    0.201  -10.9629     0.568     0.118
    0.179  -11.0200     0.558     0.124
    0.156  -11.0781     0.550     0.128
    0.134  -11.1364     0.540     0.132
    0.112  -11.1947     0.534     0.136
    0.089  -11.2524     0.526     0.140
    0.067  -11.3093     0.520     0.144
    0.045  -11.3650     0.514     0.146
    0.022  -11.4193     0.508     0.150
    0.000  -11.4720     0.502     0.152
 
# Band-Index:   25
    0.000   -7.7537     0.268     0.422
    0.022   -7.7940     0.264     0.426
    0.045   -7.8374     0.260     0.428
    0.067   -7.8838     0.256     0.432
    0.089   -7.9328     0.250     0.436
    0.112   -7.9842     0.244     0.440
    0.134   -8.0376     0.236     0.444
    0.156   -8.0925     0.228     0.448
    0.179   -8.1482     0.220     0.452
    0.201   -8.2041     0.210     0.458
    0.224   -8.2593     0.200     0.462
    0.246   -8.3129     0.190     0.468
    0.268   -8.3640     0.180     0.474
    0.291   -8.4115     0.168     0.480
    0.313   -8.4542     0.158     0.486
    0.335   -8.4909     0.148     0.490
    0.358   -8.5206     0.140     0.496
    0.380   -8.5422     0.132     0.500
    0.402   -8.5549     0.128     0.502
    0.425   -8.5582     0.126     0.504
    0.425   -8.5582     0.126     0.504
    0.468   -8.5604     0.128     0.502
    0.512   -8.5577     0.130     0.502
    0.555   -8.5508     0.134     0.500
    0.599   -8.5409     0.138     0.498
    0.642   -8.5298     0.142     0.496
    0.686   -8.5190     0.148     0.496
    0.729   -8.5102     0.150     0.494
    0.773   -8.5046     0.154     0.492
    0.816   -8.5033     0.154     0.492
    0.860   -8.5065     0.156     0.490
    0.903   -8.5140     0.154     0.490
    0.947   -8.5252     0.154     0.488
    0.990   -8.5388     0.152     0.488
    1.034   -8.5534     0.148     0.488
    1.077   -8.5674     0.146     0.488
    1.121   -8.5792     0.142     0.488
    1.164   -8.5875     0.140     0.488
    1.208   -8.5912     0.138     0.490
    1.251   -8.5896     0.136     0.491
    1.251   -8.5896     0.137     0.490
    1.295   -8.5912     0.138     0.490
    1.338   -8.5875     0.140     0.488
    1.382   -8.5792     0.142     0.488
    1.425   -8.5674     0.146     0.488
    1.469   -8.5534     0.148     0.488
    1.512   -8.5388     0.152     0.488
    1.556   -8.5252     0.154     0.488
    1.599   -8.5140     0.154     0.490
    1.643   -8.5065     0.156     0.490
    1.686   -8.5033     0.154     0.492
    1.730   -8.5046     0.154     0.492
    1.773   -8.5102     0.150     0.494
    1.817   -8.5190     0.148     0.496
    1.860   -8.5298     0.142     0.496
    1.904   -8.5409     0.138     0.498
    1.947   -8.5508     0.134     0.500
    1.991   -8.5577     0.130     0.502
    2.034   -8.5604     0.128     0.502
    2.078   -8.5582     0.126     0.504
    2.078   -8.5582     0.126     0.504
    2.115   -8.5650     0.126     0.504
    2.153   -8.5761     0.124     0.504
    2.190   -8.5917     0.122     0.506
    2.227   -8.6114     0.118     0.510
    2.265   -8.6352     0.110     0.516
    2.302   -8.6624     0.102     0.522
    2.339   -8.6924     0.094     0.528
    2.377   -8.7238     0.082     0.536
    2.414   -8.7548     0.072     0.544
    2.451   -8.7828     0.060     0.552
    2.488   -8.8048     0.052     0.558
    2.526   -8.8173     0.048     0.560
    2.563   -8.8171     0.050     0.558
    2.600   -8.8016     0.060     0.552
    2.638   -8.7697     0.076     0.542
    2.675   -8.7216     0.096     0.528
    2.712   -8.6589     0.118     0.514
    2.750   -8.5840     0.142     0.498
    2.787   -8.4997     0.164     0.484
 
# Band-Index:   26
    2.787   -8.4997     0.164     0.484
    2.750   -8.5222     0.128     0.514
    2.712   -8.5932     0.106     0.530
    2.675   -8.6519     0.084     0.544
    2.638   -8.6963     0.064     0.558
    2.600   -8.7254     0.050     0.568
    2.563   -8.7392     0.042     0.574
    2.526   -8.7392     0.040     0.576
    2.488   -8.7280     0.044     0.572
    2.451   -8.7088     0.052     0.568
    2.414   -8.6848     0.062     0.560
    2.377   -8.6591     0.074     0.550
    2.339   -8.6339     0.084     0.542
    2.302   -8.6110     0.094     0.534
    2.265   -8.5914     0.104     0.526
    2.227   -8.5758     0.110     0.518
    2.190   -8.5647     0.118     0.514
    2.153   -8.5580     0.122     0.508
    2.115   -8.5558     0.124     0.506
    2.078   -8.5582     0.126     0.504
    2.078   -8.5582     0.126     0.504
    2.034   -8.5508     0.126     0.506
    1.991   -8.5387     0.126     0.506
    1.947   -8.5229     0.128     0.506
    1.904   -8.5048     0.130     0.508
    1.860   -8.4864     0.134     0.508
    1.817   -8.4696     0.136     0.508
    1.773   -8.4562     0.140     0.508
    1.730   -8.4477     0.142     0.508
    1.686   -8.4451     0.142     0.508
    1.643   -8.4488     0.144     0.506
    1.599   -8.4586     0.142     0.504
    1.556   -8.4735     0.142     0.502
    1.512   -8.4923     0.140     0.500
    1.469   -8.5131     0.140     0.498
    1.425   -8.5342     0.138     0.496
    1.382   -8.5538     0.136     0.494
    1.338   -8.5703     0.136     0.494
    1.295   -8.5825     0.136     0.492
    1.251   -8.5896     0.137     0.490
    1.251   -8.5896     0.136     0.491
    1.208   -8.5825     0.136     0.492
    1.164   -8.5703     0.136     0.494
    1.121   -8.5538     0.136     0.494
    1.077   -8.5342     0.138     0.496
    1.034   -8.5131     0.140     0.498
    0.990   -8.4923     0.140     0.500
    0.947   -8.4735     0.142     0.502
    0.903   -8.4586     0.142     0.504
    0.860   -8.4488     0.144     0.506
    0.816   -8.4451     0.142     0.508
    0.773   -8.4477     0.142     0.508
    0.729   -8.4562     0.140     0.508
    0.686   -8.4696     0.136     0.508
    0.642   -8.4864     0.134     0.508
    0.599   -8.5048     0.130     0.508
    0.555   -8.5229     0.128     0.506
    0.512   -8.5387     0.126     0.506
    0.468   -8.5508     0.126     0.506
    0.425   -8.5582     0.126     0.504
    0.425   -8.5582     0.126     0.504
    0.402   -8.5518     0.126     0.504
    0.380   -8.5360     0.130     0.502
    0.358   -8.5113     0.136     0.500
    0.335   -8.4785     0.144     0.496
    0.313   -8.4387     0.152     0.492
    0.291   -8.3929     0.162     0.486
    0.268   -8.3424     0.172     0.482
    0.246   -8.2883     0.182     0.478
    0.224   -8.2317     0.192     0.472
    0.201   -8.1737     0.200     0.468
    0.179   -8.1152     0.210     0.464
    0.156   -8.0570     0.218     0.460
    0.134   -8.0000     0.224     0.456
    0.112   -7.9446     0.232     0.452
    0.089   -7.8915     0.238     0.450
    0.067   -7.8412     0.244     0.446
    0.045   -7.7939     0.248     0.442
    0.022   -7.7500     0.252     0.440
    0.000   -7.7537     0.268     0.422
 
# Band-Index:   27
    0.000   -7.7096     0.256     0.436
    0.022   -7.7165     0.272     0.420
    0.045   -7.6826     0.274     0.416
    0.067   -7.6517     0.276     0.414
    0.089   -7.6239     0.278     0.410
    0.112   -7.5991     0.278     0.408
    0.134   -7.5769     0.280     0.406
    0.156   -7.5574     0.280     0.404
    0.179   -7.5402     0.280     0.402
    0.201   -7.5252     0.280     0.400
    0.224   -7.5122     0.280     0.398
    0.246   -7.5009     0.280     0.396
    0.268   -7.4912     0.280     0.394
    0.291   -7.4830     0.280     0.394
    0.313   -7.4760     0.280     0.392
    0.335   -7.4703     0.280     0.392
    0.358   -7.4655     0.280     0.392
    0.380   -7.4617     0.278     0.392
    0.402   -7.4589     0.278     0.392
    0.425   -7.4568     0.278     0.392
    0.425   -7.4568     0.278     0.392
    0.468   -7.4624     0.278     0.392
    0.512   -7.4725     0.280     0.392
    0.555   -7.4879     0.280     0.394
    0.599   -7.5092     0.280     0.396
    0.642   -7.5379     0.280     0.398
    0.686   -7.5750     0.280     0.402
    0.729   -7.6222     0.278     0.406
    0.773   -7.6805     0.274     0.412
    0.816   -7.7507     0.270     0.416
    0.860   -7.8331     0.264     0.422
    0.903   -7.9267     0.254     0.428
    0.947   -8.0297     0.242     0.434
    0.990   -8.1388     0.228     0.442
    1.034   -8.2495     0.212     0.450
    1.077   -8.3558     0.192     0.460
    1.121   -8.4508     0.174     0.470
    1.164   -8.5264     0.156     0.480
    1.208   -8.5747     0.142     0.486
    1.251   -8.5896     0.136     0.490
    1.251   -8.5896     0.136     0.491
    1.295   -8.5747     0.142     0.486
    1.338   -8.5264     0.156     0.480
    1.382   -8.4508     0.174     0.470
    1.425   -8.3558     0.192     0.460
    1.469   -8.2495     0.212     0.450
    1.512   -8.1388     0.228     0.442
    1.556   -8.0297     0.242     0.434
    1.599   -7.9267     0.254     0.428
    1.643   -7.8331     0.264     0.422
    1.686   -7.7507     0.270     0.416
    1.730   -7.6805     0.274     0.412
    1.773   -7.6222     0.278     0.406
    1.817   -7.5750     0.280     0.402
    1.860   -7.5379     0.280     0.398
    1.904   -7.5092     0.280     0.396
    1.947   -7.4879     0.280     0.394
    1.991   -7.4725     0.280     0.392
    2.034   -7.4624     0.278     0.392
    2.078   -7.4568     0.278     0.392
    2.078   -7.4568     0.278     0.392
    2.115   -7.4615     0.278     0.392
    2.153   -7.4699     0.280     0.392
    2.190   -7.4822     0.280     0.392
    2.227   -7.4989     0.280     0.394
    2.265   -7.5205     0.280     0.396
    2.302   -7.5478     0.280     0.400
    2.339   -7.5815     0.280     0.402
    2.377   -7.6223     0.278     0.406
    2.414   -7.6708     0.276     0.410
    2.451   -7.7274     0.272     0.414
    2.488   -7.7922     0.268     0.420
    2.526   -7.8650     0.262     0.424
    2.563   -7.9453     0.254     0.430
    2.600   -8.0318     0.244     0.436
    2.638   -8.1234     0.232     0.444
    2.675   -8.2182     0.218     0.452
    2.712   -8.3141     0.202     0.462
    2.750   -8.4088     0.184     0.472
    2.787   -8.4414     0.150     0.500
 
# Band-Index:   28
    2.787   -8.4414     0.150     0.500
    2.750   -8.3535     0.170     0.488
    2.712   -8.2611     0.188     0.478
    2.675   -8.1669     0.204     0.468
    2.638   -8.0732     0.218     0.460
    2.600   -7.9823     0.230     0.452
    2.563   -7.8963     0.240     0.446
    2.526   -7.8167     0.248     0.440
    2.488   -7.7450     0.254     0.434
    2.451   -7.6818     0.260     0.428
    2.414   -7.6275     0.264     0.424
    2.377   -7.5820     0.268     0.418
    2.339   -7.5449     0.270     0.414
    2.302   -7.5155     0.272     0.408
    2.265   -7.4929     0.274     0.404
    2.227   -7.4764     0.274     0.400
    2.190   -7.4651     0.276     0.398
    2.153   -7.4584     0.276     0.394
    2.115   -7.4558     0.278     0.394
    2.078   -7.4568     0.278     0.392
    2.078   -7.4568     0.278     0.392
    2.034   -7.4558     0.278     0.394
    1.991   -7.4595     0.276     0.396
    1.947   -7.4685     0.276     0.398
    1.904   -7.4839     0.274     0.402
    1.860   -7.5069     0.272     0.408
    1.817   -7.5392     0.270     0.412
    1.773   -7.5824     0.268     0.418
    1.730   -7.6379     0.264     0.424
    1.686   -7.7068     0.258     0.430
    1.643   -7.7894     0.252     0.436
    1.599   -7.8848     0.242     0.442
    1.556   -7.9909     0.230     0.448
    1.512   -8.1042     0.218     0.454
    1.469   -8.2200     0.202     0.460
    1.425   -8.3320     0.184     0.468
    1.382   -8.4329     0.166     0.476
    1.338   -8.5144     0.150     0.484
    1.295   -8.5687     0.140     0.490
    1.251   -8.5896     0.136     0.491
    1.251   -8.5896     0.136     0.490
    1.208   -8.5687     0.140     0.490
    1.164   -8.5144     0.150     0.484
    1.121   -8.4329     0.166     0.476
    1.077   -8.3320     0.184     0.468
    1.034   -8.2200     0.202     0.460
    0.990   -8.1042     0.218     0.454
    0.947   -7.9909     0.230     0.448
    0.903   -7.8848     0.242     0.442
    0.860   -7.7894     0.252     0.436
    0.816   -7.7068     0.258     0.430
    0.773   -7.6379     0.264     0.424
    0.729   -7.5824     0.268     0.418
    0.686   -7.5392     0.270     0.412
    0.642   -7.5069     0.272     0.408
    0.599   -7.4839     0.274     0.402
    0.555   -7.4685     0.276     0.398
    0.512   -7.4595     0.276     0.396
    0.468   -7.4558     0.278     0.394
    0.425   -7.4568     0.278     0.392
    0.425   -7.4568     0.278     0.392
    0.402   -7.4557     0.278     0.392
    0.380   -7.4554     0.278     0.394
    0.358   -7.4561     0.276     0.394
    0.335   -7.4577     0.276     0.396
    0.313   -7.4604     0.276     0.398
    0.291   -7.4644     0.276     0.398
    0.268   -7.4696     0.274     0.400
    0.246   -7.4764     0.274     0.404
    0.224   -7.4848     0.274     0.406
    0.201   -7.4952     0.272     0.408
    0.179   -7.5076     0.272     0.410
    0.156   -7.5224     0.270     0.414
    0.134   -7.5398     0.270     0.416
    0.112   -7.5600     0.268     0.420
    0.089   -7.5832     0.266     0.424
    0.067   -7.6096     0.264     0.426
    0.045   -7.6394     0.262     0.430
    0.022   -7.6727     0.260     0.432
    0.000   -7.7096     0.256     0.436
 
# Band-Index:   29
    0.000   -3.1312     0.292     0.126
    0.022   -3.1993     0.288     0.126
    0.045   -3.2606     0.284     0.126
    0.067   -3.3148     0.280     0.128
    0.089   -3.3619     0.278     0.130
    0.112   -3.4018     0.276     0.130
    0.134   -3.4348     0.272     0.132
    0.156   -3.4609     0.270     0.134
    0.179   -3.4805     0.268     0.138
    0.201   -3.4940     0.266     0.140
    0.224   -3.5017     0.266     0.144
    0.246   -3.5041     0.264     0.146
    0.268   -3.5018     0.262     0.150
    0.291   -3.4952     0.262     0.152
    0.313   -3.4849     0.260     0.156
    0.335   -3.4716     0.258     0.160
    0.358   -3.4557     0.256     0.164
    0.380   -3.4379     0.254     0.166
    0.402   -3.4186     0.252     0.170
    0.425   -3.3985     0.248     0.174
    0.425   -3.3985     0.248     0.174
    0.468   -3.4387     0.254     0.168
    0.512   -3.4793     0.258     0.162
    0.555   -3.5182     0.262     0.156
    0.599   -3.5528     0.266     0.150
    0.642   -3.5812     0.270     0.144
    0.686   -3.6017     0.274     0.140
    0.729   -3.6135     0.276     0.134
    0.773   -3.6166     0.278     0.132
    0.816   -3.6117     0.280     0.130
    0.860   -3.6006     0.280     0.130
    0.903   -3.5849     0.278     0.132
    0.947   -3.5658     0.276     0.136
    0.990   -3.5439     0.272     0.142
    1.034   -3.5195     0.268     0.146
    1.077   -3.5005     0.260     0.146
    1.121   -3.4823     0.258     0.152
    1.164   -3.4507     0.254     0.158
    1.208   -3.4109     0.250     0.166
    1.251   -3.3682     0.245     0.172
    1.251   -3.3682     0.245     0.173
    1.295   -3.4109     0.250     0.166
    1.338   -3.4507     0.254     0.158
    1.382   -3.4823     0.258     0.152
    1.425   -3.5005     0.260     0.146
    1.469   -3.5195     0.268     0.146
    1.512   -3.5439     0.272     0.142
    1.556   -3.5658     0.276     0.136
    1.599   -3.5849     0.278     0.132
    1.643   -3.6006     0.280     0.130
    1.686   -3.6117     0.280     0.130
    1.730   -3.6166     0.278     0.132
    1.773   -3.6135     0.276     0.134
    1.817   -3.6017     0.274     0.140
    1.860   -3.5812     0.270     0.144
    1.904   -3.5528     0.266     0.150
    1.947   -3.5182     0.262     0.156
    1.991   -3.4793     0.258     0.162
    2.034   -3.4387     0.254     0.168
    2.078   -3.3985     0.248     0.174
    2.078   -3.3985     0.248     0.174
    2.115   -3.4336     0.254     0.168
    2.153   -3.4728     0.258     0.164
    2.190   -3.5172     0.262     0.158
    2.227   -3.5675     0.264     0.154
    2.265   -3.6234     0.266     0.148
    2.302   -3.6833     0.268     0.142
    2.339   -3.7439     0.268     0.138
    2.377   -3.8014     0.266     0.134
    2.414   -3.8516     0.266     0.130
    2.451   -3.8909     0.264     0.128
    2.488   -3.9165     0.264     0.126
    2.526   -3.9264     0.264     0.126
    2.563   -3.9195     0.264     0.126
    2.600   -3.8957     0.264     0.126
    2.638   -3.8554     0.266     0.126
    2.675   -3.7997     0.268     0.128
    2.712   -3.7305     0.272     0.128
    2.750   -3.6507     0.276     0.128
    2.787   -3.5652     0.282     0.128
 
# Band-Index:   30
    2.787   -3.5652     0.282     0.128
    2.750   -3.4819     0.288     0.126
    2.712   -3.4113     0.294     0.124
    2.675   -3.3597     0.294     0.122
    2.638   -3.3873     0.180     0.194
    2.600   -3.4302     0.180     0.192
    2.563   -3.4554     0.180     0.190
    2.526   -3.4629     0.180     0.190
    2.488   -3.4535     0.180     0.192
    2.451   -3.4291     0.180     0.194
    2.414   -3.3932     0.182     0.196
    2.377   -3.3516     0.184     0.198
    2.339   -3.3132     0.190     0.200
    2.302   -3.2880     0.198     0.200
    2.265   -3.2813     0.210     0.198
    2.227   -3.2909     0.220     0.192
    2.190   -3.3110     0.230     0.188
    2.153   -3.3370     0.236     0.182
    2.115   -3.3664     0.242     0.178
    2.078   -3.3985     0.248     0.174
    2.078   -3.3985     0.248     0.174
    2.034   -3.3608     0.242     0.178
    1.991   -3.3267     0.234     0.184
    1.947   -3.2965     0.226     0.188
    1.904   -3.2690     0.218     0.192
    1.860   -3.2425     0.212     0.194
    1.817   -3.2147     0.206     0.196
    1.773   -3.1838     0.200     0.198
    1.730   -3.1501     0.194     0.200
    1.686   -3.1195     0.188     0.204
    1.643   -3.2504     0.280     0.126
    1.599   -3.3551     0.274     0.128
    1.556   -3.4308     0.268     0.132
    1.512   -3.4786     0.264     0.136
    1.469   -3.5007     0.262     0.140
    1.425   -3.4925     0.264     0.152
    1.382   -3.4634     0.260     0.158
    1.338   -3.4324     0.256     0.162
    1.295   -3.4004     0.250     0.168
    1.251   -3.3682     0.245     0.173
    1.251   -3.3682     0.245     0.172
    1.208   -3.4004     0.250     0.168
    1.164   -3.4324     0.256     0.162
    1.121   -3.4634     0.260     0.158
    1.077   -3.4925     0.264     0.152
    1.034   -3.5007     0.262     0.140
    0.990   -3.4786     0.264     0.136
    0.947   -3.4308     0.268     0.132
    0.903   -3.3551     0.274     0.128
    0.860   -3.2504     0.280     0.126
    0.816   -3.1195     0.188     0.204
    0.773   -3.1501     0.194     0.200
    0.729   -3.1838     0.200     0.198
    0.686   -3.2147     0.206     0.196
    0.642   -3.2425     0.212     0.194
    0.599   -3.2690     0.218     0.192
    0.555   -3.2965     0.226     0.188
    0.512   -3.3267     0.234     0.184
    0.468   -3.3608     0.242     0.178
    0.425   -3.3985     0.248     0.174
    0.425   -3.3985     0.248     0.174
    0.402   -3.3779     0.244     0.176
    0.380   -3.3571     0.242     0.180
    0.358   -3.3363     0.236     0.182
    0.335   -3.3156     0.232     0.184
    0.313   -3.2948     0.228     0.186
    0.291   -3.2736     0.224     0.188
    0.268   -3.2515     0.218     0.190
    0.246   -3.2280     0.214     0.192
    0.224   -3.2023     0.210     0.192
    0.201   -3.1739     0.208     0.194
    0.179   -3.1419     0.204     0.194
    0.156   -3.1058     0.202     0.194
    0.134   -3.0650     0.200     0.196
    0.112   -3.0191     0.198     0.196
    0.089   -2.9677     0.198     0.198
    0.067   -2.9105     0.196     0.200
    0.045   -2.9758     0.302     0.126
    0.022   -3.0565     0.298     0.126
    0.000   -3.1312     0.292     0.126
 
# Band-Index:   31
    0.000   -2.7050     0.198     0.206
    0.022   -2.7791     0.198     0.202
    0.045   -2.8476     0.196     0.200
    0.067   -2.8895     0.308     0.126
    0.089   -2.7983     0.314     0.126
    0.112   -2.7032     0.320     0.128
    0.134   -2.6051     0.326     0.128
    0.156   -2.5051     0.332     0.128
    0.179   -2.4046     0.340     0.130
    0.201   -2.3329     0.274     0.194
    0.224   -2.3628     0.270     0.196
    0.246   -2.3883     0.266     0.198
    0.268   -2.4093     0.262     0.200
    0.291   -2.4254     0.258     0.202
    0.313   -2.4363     0.254     0.204
    0.335   -2.4418     0.252     0.206
    0.358   -2.4421     0.248     0.208
    0.380   -2.4372     0.244     0.210
    0.402   -2.4273     0.242     0.214
    0.425   -2.4128     0.238     0.216
    0.425   -2.4128     0.238     0.216
    0.468   -2.4646     0.248     0.206
    0.512   -2.5263     0.254     0.198
    0.555   -2.5958     0.258     0.188
    0.599   -2.6702     0.260     0.182
    0.642   -2.7457     0.258     0.176
    0.686   -2.8176     0.254     0.174
    0.729   -2.8817     0.250     0.172
    0.773   -2.9576     0.298     0.128
    0.816   -3.1172     0.288     0.126
    0.860   -3.1100     0.190     0.204
    0.903   -3.1276     0.198     0.200
    0.947   -3.1557     0.204     0.198
    0.990   -3.1860     0.210     0.194
    1.034   -3.2161     0.214     0.192
    1.077   -3.2457     0.220     0.188
    1.121   -3.2753     0.226     0.186
    1.164   -3.3054     0.234     0.182
    1.208   -3.3363     0.240     0.176
    1.251   -3.3682     0.245     0.173
    1.251   -3.3682     0.244     0.172
    1.295   -3.3363     0.240     0.176
    1.338   -3.3054     0.234     0.182
    1.382   -3.2753     0.226     0.186
    1.425   -3.2457     0.220     0.188
    1.469   -3.2161     0.214     0.192
    1.512   -3.1860     0.210     0.194
    1.556   -3.1557     0.204     0.198
    1.599   -3.1276     0.198     0.200
    1.643   -3.1100     0.190     0.204
    1.686   -3.1172     0.288     0.126
    1.730   -2.9576     0.298     0.128
    1.773   -2.8817     0.250     0.172
    1.817   -2.8176     0.254     0.174
    1.860   -2.7457     0.258     0.176
    1.904   -2.6702     0.260     0.182
    1.947   -2.5958     0.258     0.188
    1.991   -2.5263     0.254     0.198
    2.034   -2.4646     0.248     0.206
    2.078   -2.4128     0.238     0.216
    2.078   -2.4128     0.238     0.216
    2.115   -2.4640     0.246     0.208
    2.153   -2.5303     0.254     0.198
    2.190   -2.6065     0.258     0.188
    2.227   -2.6840     0.264     0.180
    2.265   -2.7514     0.270     0.172
    2.302   -2.7971     0.276     0.166
    2.339   -2.8139     0.280     0.164
    2.377   -2.8043     0.282     0.166
    2.414   -2.8593     0.308     0.126
    2.451   -2.9814     0.302     0.124
    2.488   -3.0844     0.296     0.122
    2.526   -3.1678     0.294     0.122
    2.563   -3.2326     0.292     0.122
    2.600   -3.2816     0.292     0.122
    2.638   -3.3207     0.294     0.122
    2.675   -3.3273     0.182     0.196
    2.712   -3.2515     0.182     0.198
    2.750   -3.1628     0.184     0.200
    2.787   -3.0701     0.194     0.200
 
# Band-Index:   32
    2.787   -3.0701     0.194     0.200
    2.750   -3.0065     0.224     0.182
    2.712   -2.9659     0.236     0.176
    2.675   -2.8968     0.240     0.176
    2.638   -2.8065     0.228     0.190
    2.600   -2.7577     0.190     0.208
    2.563   -2.7175     0.184     0.210
    2.526   -2.6809     0.286     0.172
    2.488   -2.7053     0.286     0.172
    2.451   -2.7406     0.284     0.170
    2.414   -2.7767     0.282     0.168
    2.377   -2.7199     0.316     0.128
    2.339   -2.5665     0.324     0.130
    2.302   -2.4040     0.334     0.132
    2.265   -2.3572     0.196     0.240
    2.227   -2.3546     0.202     0.240
    2.190   -2.3535     0.210     0.236
    2.153   -2.3599     0.220     0.232
    2.115   -2.3785     0.230     0.224
    2.078   -2.4128     0.238     0.216
    2.078   -2.4128     0.238     0.216
    2.034   -2.3741     0.230     0.224
    1.991   -2.3530     0.220     0.230
    1.947   -2.3544     0.210     0.234
    1.904   -2.3795     0.204     0.234
    1.860   -2.4238     0.198     0.230
    1.817   -2.5781     0.322     0.130
    1.773   -2.7758     0.310     0.128
    1.730   -2.9335     0.248     0.172
    1.686   -2.9652     0.250     0.170
    1.643   -2.9586     0.250     0.170
    1.599   -2.9580     0.192     0.196
    1.556   -3.0533     0.192     0.194
    1.512   -3.1261     0.196     0.194
    1.469   -3.1804     0.202     0.192
    1.425   -3.2216     0.210     0.190
    1.382   -3.2560     0.218     0.188
    1.338   -3.2898     0.228     0.184
    1.295   -3.3270     0.238     0.178
    1.251   -3.3682     0.244     0.172
    1.251   -3.3682     0.245     0.173
    1.208   -3.3270     0.238     0.178
    1.164   -3.2898     0.228     0.184
    1.121   -3.2560     0.218     0.188
    1.077   -3.2216     0.210     0.190
    1.034   -3.1804     0.202     0.192
    0.990   -3.1261     0.196     0.194
    0.947   -3.0533     0.192     0.194
    0.903   -2.9580     0.192     0.196
    0.860   -2.9586     0.250     0.170
    0.816   -2.9652     0.250     0.170
    0.773   -2.9335     0.248     0.172
    0.729   -2.7758     0.310     0.128
    0.686   -2.5781     0.322     0.130
    0.642   -2.4238     0.198     0.230
    0.599   -2.3795     0.204     0.234
    0.555   -2.3544     0.210     0.234
    0.512   -2.3530     0.220     0.230
    0.468   -2.3741     0.230     0.224
    0.425   -2.4128     0.238     0.216
    0.425   -2.4128     0.238     0.216
    0.402   -2.3941     0.236     0.218
    0.380   -2.3717     0.234     0.222
    0.358   -2.3459     0.234     0.224
    0.335   -2.3172     0.232     0.226
    0.313   -2.2859     0.232     0.226
    0.291   -2.2524     0.232     0.228
    0.268   -2.2166     0.232     0.230
    0.246   -2.1790     0.230     0.230
    0.224   -2.2084     0.352     0.132
    0.201   -2.3052     0.346     0.130
    0.179   -2.2992     0.276     0.194
    0.156   -2.2619     0.280     0.194
    0.134   -2.2215     0.282     0.192
    0.112   -2.2777     0.216     0.218
    0.089   -2.3672     0.210     0.216
    0.067   -2.4560     0.206     0.212
    0.045   -2.5427     0.204     0.210
    0.022   -2.6260     0.200     0.208
    0.000   -2.7050     0.198     0.206
 
# Band-Index:   33
    0.000   -1.9243     0.292     0.188
    0.022   -1.9795     0.292     0.190
    0.045   -2.0326     0.290     0.190
    0.067   -2.0834     0.288     0.190
    0.089   -2.1320     0.286     0.192
    0.112   -2.1781     0.284     0.192
    0.134   -2.1895     0.222     0.220
    0.156   -2.1046     0.230     0.220
    0.179   -2.0546     0.230     0.234
    0.201   -2.0979     0.230     0.232
    0.224   -2.1394     0.230     0.232
    0.246   -2.1162     0.358     0.134
    0.268   -2.0304     0.360     0.136
    0.291   -1.9526     0.362     0.138
    0.313   -1.8843     0.362     0.142
    0.335   -1.8263     0.358     0.146
    0.358   -1.7788     0.352     0.152
    0.380   -1.7417     0.346     0.156
    0.402   -1.7145     0.340     0.162
    0.425   -1.6963     0.332     0.168
    0.425   -1.6963     0.332     0.168
    0.468   -1.7518     0.348     0.156
    0.512   -1.8512     0.358     0.146
    0.555   -1.9949     0.358     0.138
    0.599   -2.1739     0.350     0.134
    0.642   -2.3734     0.336     0.132
    0.686   -2.4781     0.196     0.224
    0.729   -2.5313     0.194     0.218
    0.773   -2.5732     0.194     0.214
    0.816   -2.6946     0.194     0.204
    0.860   -2.8383     0.192     0.200
    0.903   -2.9087     0.246     0.172
    0.947   -2.8324     0.248     0.174
    0.990   -2.7406     0.252     0.176
    1.034   -2.6411     0.256     0.180
    1.077   -2.5421     0.260     0.186
    1.121   -2.4521     0.258     0.192
    1.164   -2.3771     0.254     0.200
    1.208   -2.3191     0.246     0.208
    1.251   -2.2771     0.237     0.217
    1.251   -2.2771     0.237     0.217
    1.295   -2.3191     0.246     0.208
    1.338   -2.3771     0.254     0.200
    1.382   -2.4521     0.258     0.192
    1.425   -2.5421     0.260     0.186
    1.469   -2.6411     0.256     0.180
    1.512   -2.7406     0.252     0.176
    1.556   -2.8324     0.248     0.174
    1.599   -2.9087     0.246     0.172
    1.643   -2.8383     0.192     0.200
    1.686   -2.6946     0.194     0.204
    1.730   -2.5732     0.194     0.214
    1.773   -2.5313     0.194     0.218
    1.817   -2.4781     0.196     0.224
    1.860   -2.3734     0.336     0.132
    1.904   -2.1739     0.350     0.134
    1.947   -1.9949     0.358     0.138
    1.991   -1.8512     0.358     0.146
    2.034   -1.7518     0.348     0.156
    2.078   -1.6963     0.332     0.168
    2.078   -1.6963     0.332     0.168
    2.115   -1.7443     0.346     0.156
    2.153   -1.8256     0.356     0.148
    2.190   -1.9397     0.358     0.140
    2.227   -2.0808     0.354     0.136
    2.265   -2.2390     0.346     0.134
    2.302   -2.3560     0.194     0.240
    2.339   -2.3470     0.192     0.238
    2.377   -2.3278     0.194     0.238
    2.414   -2.3789     0.198     0.218
    2.451   -2.4903     0.192     0.216
    2.488   -2.5851     0.188     0.212
    2.526   -2.6609     0.186     0.210
    2.563   -2.6773     0.286     0.170
    2.600   -2.6991     0.282     0.170
    2.638   -2.7421     0.278     0.168
    2.675   -2.7972     0.272     0.168
    2.712   -2.8544     0.264     0.166
    2.750   -2.9039     0.256     0.168
    2.787   -2.9308     0.240     0.172
 
# Band-Index:   34
    2.787   -2.9308     0.240     0.172
    2.750   -2.8971     0.202     0.198
    2.712   -2.8164     0.180     0.216
    2.675   -2.7725     0.176     0.216
    2.638   -2.7418     0.196     0.198
    2.600   -2.6378     0.244     0.176
    2.563   -2.4926     0.258     0.176
    2.526   -2.3347     0.268     0.176
    2.488   -2.2132     0.204     0.232
    2.451   -2.2587     0.200     0.234
    2.414   -2.2980     0.196     0.236
    2.377   -2.2549     0.206     0.222
    2.339   -2.1249     0.216     0.224
    2.302   -1.9978     0.230     0.226
    2.265   -1.8839     0.246     0.222
    2.227   -1.7921     0.264     0.214
    2.190   -1.7269     0.282     0.204
    2.153   -1.6892     0.300     0.192
    2.115   -1.6787     0.316     0.180
    2.078   -1.6963     0.332     0.168
    2.078   -1.6963     0.332     0.168
    2.034   -1.6799     0.314     0.182
    1.991   -1.6994     0.296     0.194
    1.947   -1.7560     0.274     0.208
    1.904   -1.8541     0.252     0.218
    1.860   -1.9943     0.232     0.224
    1.817   -2.1657     0.214     0.222
    1.773   -2.3497     0.204     0.216
    1.730   -2.5296     0.198     0.210
    1.686   -2.5949     0.194     0.212
    1.643   -2.5906     0.194     0.212
    1.599   -2.5588     0.194     0.214
    1.556   -2.5039     0.194     0.218
    1.512   -2.4345     0.196     0.224
    1.469   -2.3624     0.198     0.230
    1.425   -2.3006     0.204     0.234
    1.382   -2.2952     0.264     0.198
    1.338   -2.3143     0.254     0.204
    1.295   -2.3081     0.244     0.210
    1.251   -2.2771     0.237     0.217
    1.251   -2.2771     0.237     0.217
    1.208   -2.3081     0.244     0.210
    1.164   -2.3143     0.254     0.204
    1.121   -2.2952     0.264     0.198
    1.077   -2.3006     0.204     0.234
    1.034   -2.3624     0.198     0.230
    0.990   -2.4345     0.196     0.224
    0.947   -2.5039     0.194     0.218
    0.903   -2.5588     0.194     0.214
    0.860   -2.5906     0.194     0.212
    0.816   -2.5949     0.194     0.212
    0.773   -2.5296     0.198     0.210
    0.729   -2.3497     0.204     0.216
    0.686   -2.1657     0.214     0.222
    0.642   -1.9943     0.232     0.224
    0.599   -1.8541     0.252     0.218
    0.555   -1.7560     0.274     0.208
    0.512   -1.6994     0.296     0.194
    0.468   -1.6799     0.314     0.182
    0.425   -1.6963     0.332     0.168
    0.425   -1.6963     0.332     0.168
    0.402   -1.6865     0.324     0.174
    0.380   -1.6847     0.316     0.180
    0.358   -1.6904     0.310     0.186
    0.335   -1.7036     0.302     0.190
    0.313   -1.7242     0.294     0.196
    0.291   -1.7527     0.286     0.202
    0.268   -1.7895     0.278     0.206
    0.246   -1.8349     0.268     0.212
    0.224   -1.8894     0.258     0.216
    0.201   -1.9531     0.248     0.218
    0.179   -2.0252     0.240     0.220
    0.156   -2.0095     0.230     0.234
    0.134   -1.9625     0.230     0.236
    0.112   -1.9137     0.230     0.236
    0.089   -1.8631     0.228     0.238
    0.067   -1.8108     0.228     0.240
    0.045   -1.8071     0.294     0.188
    0.022   -1.8669     0.294     0.188
    0.000   -1.9243     0.292     0.188
 
# Band-Index:   35
    0.000   -1.6441     0.224     0.244
    0.022   -1.7011     0.226     0.242
    0.045   -1.7567     0.226     0.242
    0.067   -1.7446     0.294     0.186
    0.089   -1.6788     0.294     0.186
    0.112   -1.6091     0.292     0.186
    0.134   -1.5342     0.288     0.186
    0.156   -1.4531     0.284     0.188
    0.179   -1.3645     0.278     0.190
    0.201   -1.3127     0.216     0.228
    0.224   -1.3561     0.216     0.226
    0.246   -1.3963     0.214     0.226
    0.268   -1.4328     0.214     0.224
    0.291   -1.4651     0.212     0.222
    0.313   -1.4929     0.212     0.222
    0.335   -1.5157     0.210     0.222
    0.358   -1.5332     0.210     0.220
    0.380   -1.5452     0.208     0.220
    0.402   -1.5514     0.208     0.220
    0.425   -1.5517     0.206     0.220
    0.425   -1.5517     0.206     0.220
    0.468   -1.5629     0.212     0.216
    0.512   -1.5842     0.220     0.210
    0.555   -1.6089     0.228     0.204
    0.599   -1.6287     0.234     0.200
    0.642   -1.6384     0.240     0.198
    0.686   -1.6384     0.246     0.198
    0.729   -1.6326     0.250     0.200
    0.773   -1.6385     0.308     0.180
    0.816   -1.7436     0.306     0.182
    0.860   -1.8447     0.304     0.184
    0.903   -1.9417     0.300     0.186
    0.947   -2.0335     0.296     0.188
    0.990   -2.1181     0.290     0.190
    1.034   -2.1926     0.282     0.192
    1.077   -2.2532     0.274     0.194
    1.121   -2.2596     0.212     0.232
    1.164   -2.2438     0.220     0.230
    1.208   -2.2511     0.228     0.224
    1.251   -2.2771     0.236     0.217
    1.251   -2.2771     0.237     0.217
    1.295   -2.2511     0.228     0.224
    1.338   -2.2438     0.220     0.230
    1.382   -2.2596     0.212     0.232
    1.425   -2.2532     0.274     0.194
    1.469   -2.1926     0.282     0.192
    1.512   -2.1181     0.290     0.190
    1.556   -2.0335     0.296     0.188
    1.599   -1.9417     0.300     0.186
    1.643   -1.8447     0.304     0.184
    1.686   -1.7436     0.306     0.182
    1.730   -1.6385     0.308     0.180
    1.773   -1.6326     0.250     0.200
    1.817   -1.6384     0.246     0.198
    1.860   -1.6384     0.240     0.198
    1.904   -1.6287     0.234     0.200
    1.947   -1.6089     0.228     0.204
    1.991   -1.5842     0.220     0.210
    2.034   -1.5629     0.212     0.216
    2.078   -1.5517     0.206     0.220
    2.078   -1.5517     0.206     0.220
    2.115   -1.5651     0.212     0.216
    2.153   -1.5952     0.220     0.208
    2.190   -1.6382     0.230     0.198
    2.227   -1.6884     0.240     0.190
    2.265   -1.7412     0.246     0.186
    2.302   -1.7943     0.250     0.182
    2.339   -1.8474     0.254     0.182
    2.377   -1.9009     0.254     0.182
    2.414   -1.9551     0.254     0.182
    2.451   -2.0087     0.252     0.182
    2.488   -2.1711     0.274     0.176
    2.526   -2.1686     0.200     0.238
    2.563   -2.1670     0.202     0.232
    2.600   -2.2583     0.204     0.216
    2.638   -2.4165     0.204     0.208
    2.675   -2.5523     0.204     0.200
    2.712   -2.6291     0.200     0.196
    2.750   -2.6255     0.194     0.202
    2.787   -2.5823     0.192     0.208
 
# Band-Index:   36
    2.787   -2.5823     0.192     0.208
    2.750   -2.5208     0.194     0.212
    2.712   -2.4487     0.196     0.214
    2.675   -2.3711     0.198     0.218
    2.638   -2.2933     0.202     0.220
    2.600   -2.2220     0.208     0.222
    2.563   -2.1053     0.256     0.178
    2.526   -2.1020     0.258     0.174
    2.488   -2.0591     0.252     0.182
    2.451   -2.0056     0.280     0.178
    2.414   -1.8409     0.286     0.178
    2.377   -1.7330     0.172     0.252
    2.339   -1.7001     0.172     0.250
    2.302   -1.6715     0.174     0.246
    2.265   -1.6454     0.174     0.244
    2.227   -1.6202     0.178     0.240
    2.190   -1.5952     0.184     0.234
    2.153   -1.5721     0.194     0.228
    2.115   -1.5554     0.202     0.224
    2.078   -1.5517     0.206     0.220
    2.078   -1.5517     0.206     0.220
    2.034   -1.5513     0.202     0.224
    1.991   -1.5551     0.196     0.228
    1.947   -1.5528     0.190     0.234
    1.904   -1.5385     0.188     0.240
    1.860   -1.5129     0.188     0.244
    1.817   -1.4817     0.190     0.250
    1.773   -1.5272     0.308     0.176
    1.730   -1.6258     0.252     0.200
    1.686   -1.6219     0.252     0.202
    1.643   -1.6225     0.252     0.202
    1.599   -1.6270     0.250     0.200
    1.556   -1.7179     0.228     0.244
    1.512   -1.8119     0.230     0.242
    1.469   -1.9035     0.230     0.240
    1.425   -1.9926     0.228     0.238
    1.382   -2.0779     0.228     0.234
    1.338   -2.1568     0.230     0.230
    1.295   -2.2249     0.232     0.224
    1.251   -2.2771     0.237     0.217
    1.251   -2.2771     0.236     0.217
    1.208   -2.2249     0.232     0.224
    1.164   -2.1568     0.230     0.230
    1.121   -2.0779     0.228     0.234
    1.077   -1.9926     0.228     0.238
    1.034   -1.9035     0.230     0.240
    0.990   -1.8119     0.230     0.242
    0.947   -1.7179     0.228     0.244
    0.903   -1.6270     0.250     0.200
    0.860   -1.6225     0.252     0.202
    0.816   -1.6219     0.252     0.202
    0.773   -1.6258     0.252     0.200
    0.729   -1.5272     0.308     0.176
    0.686   -1.4817     0.190     0.250
    0.642   -1.5129     0.188     0.244
    0.599   -1.5385     0.188     0.240
    0.555   -1.5528     0.190     0.234
    0.512   -1.5551     0.196     0.228
    0.468   -1.5513     0.202     0.224
    0.425   -1.5517     0.206     0.220
    0.425   -1.5517     0.206     0.220
    0.402   -1.5460     0.206     0.222
    0.380   -1.5343     0.206     0.222
    0.358   -1.5167     0.204     0.224
    0.335   -1.4932     0.204     0.224
    0.313   -1.4641     0.204     0.226
    0.291   -1.4298     0.204     0.228
    0.268   -1.3907     0.202     0.232
    0.246   -1.3473     0.202     0.234
    0.224   -1.3002     0.202     0.236
    0.201   -1.2674     0.272     0.194
    0.179   -1.2666     0.218     0.230
    0.156   -1.2184     0.218     0.230
    0.134   -1.2796     0.202     0.262
    0.112   -1.3421     0.206     0.258
    0.089   -1.4042     0.212     0.256
    0.067   -1.4655     0.216     0.252
    0.045   -1.5261     0.218     0.250
    0.022   -1.5857     0.222     0.248
    0.000   -1.6441     0.224     0.244
 
# Band-Index:   37
    0.000   -0.8746     0.220     0.236
    0.022   -0.9200     0.222     0.236
    0.045   -0.9676     0.222     0.234
    0.067   -1.0169     0.222     0.234
    0.089   -1.0673     0.220     0.234
    0.112   -1.1181     0.220     0.232
    0.134   -1.1687     0.220     0.232
    0.156   -1.2165     0.194     0.266
    0.179   -1.1974     0.200     0.242
    0.201   -1.2500     0.202     0.240
    0.224   -1.1616     0.266     0.200
    0.246   -1.0475     0.260     0.206
    0.268   -0.9262     0.254     0.212
    0.291   -0.8132     0.144     0.278
    0.313   -0.7394     0.140     0.276
    0.335   -0.6668     0.138     0.272
    0.358   -0.6006     0.142     0.264
    0.380   -0.5468     0.154     0.256
    0.402   -0.5081     0.166     0.250
    0.425   -0.4835     0.178     0.246
    0.425   -0.4835     0.178     0.246
    0.468   -0.5819     0.150     0.262
    0.512   -0.7126     0.136     0.272
    0.555   -0.8652     0.246     0.208
    0.599   -1.0787     0.280     0.182
    0.642   -1.2585     0.294     0.174
    0.686   -1.4041     0.304     0.172
    0.729   -1.4520     0.190     0.254
    0.773   -1.4302     0.192     0.256
    0.816   -1.4230     0.220     0.254
    0.860   -1.5228     0.224     0.250
    0.903   -1.6214     0.228     0.248
    0.947   -1.6321     0.246     0.200
    0.990   -1.6328     0.240     0.200
    1.034   -1.6234     0.234     0.202
    1.077   -1.6005     0.222     0.208
    1.121   -1.5676     0.204     0.224
    1.164   -1.5339     0.192     0.234
    1.208   -1.5024     0.202     0.230
    1.251   -1.4822     0.213     0.224
    1.251   -1.4822     0.213     0.224
    1.295   -1.5024     0.202     0.230
    1.338   -1.5339     0.192     0.234
    1.382   -1.5676     0.204     0.224
    1.425   -1.6005     0.222     0.208
    1.469   -1.6234     0.234     0.202
    1.512   -1.6328     0.240     0.200
    1.556   -1.6321     0.246     0.200
    1.599   -1.6214     0.228     0.248
    1.643   -1.5228     0.224     0.250
    1.686   -1.4230     0.220     0.254
    1.730   -1.4302     0.192     0.256
    1.773   -1.4520     0.190     0.254
    1.817   -1.4041     0.304     0.172
    1.860   -1.2585     0.294     0.174
    1.904   -1.0787     0.280     0.182
    1.947   -0.8652     0.246     0.208
    1.991   -0.7126     0.136     0.272
    2.034   -0.5819     0.150     0.262
    2.078   -0.4835     0.178     0.246
    2.078   -0.4835     0.178     0.246
    2.115   -0.5728     0.152     0.260
    2.153   -0.6851     0.138     0.270
    2.190   -0.8082     0.176     0.254
    2.227   -0.9918     0.254     0.200
    2.265   -1.1783     0.272     0.188
    2.302   -1.3518     0.282     0.182
    2.339   -1.5164     0.288     0.178
    2.377   -1.6782     0.288     0.178
    2.414   -1.7713     0.170     0.254
    2.451   -1.8147     0.168     0.256
    2.488   -1.8595     0.164     0.258
    2.526   -1.9157     0.206     0.228
    2.563   -2.0896     0.204     0.222
    2.600   -2.0617     0.246     0.192
    2.638   -2.0019     0.246     0.194
    2.675   -1.9270     0.246     0.198
    2.712   -1.8407     0.248     0.200
    2.750   -1.7470     0.250     0.202
    2.787   -1.6491     0.252     0.204
 
# Band-Index:   38
    2.787   -1.6491     0.252     0.204
    2.750   -1.5497     0.254     0.206
    2.712   -1.6328     0.188     0.256
    2.675   -1.7228     0.184     0.256
    2.638   -1.8041     0.176     0.258
    2.600   -1.8687     0.168     0.260
    2.563   -1.9026     0.160     0.262
    2.526   -1.8954     0.160     0.262
    2.488   -1.7410     0.208     0.236
    2.451   -1.5701     0.208     0.242
    2.414   -1.4088     0.208     0.250
    2.377   -1.2638     0.202     0.256
    2.339   -1.1407     0.194     0.260
    2.302   -1.0402     0.180     0.264
    2.265   -0.9547     0.166     0.264
    2.227   -0.8704     0.160     0.260
    2.190   -0.7601     0.222     0.216
    2.153   -0.5761     0.252     0.206
    2.115   -0.4582     0.216     0.224
    2.078   -0.4835     0.178     0.246
    2.078   -0.4835     0.178     0.246
    2.034   -0.4616     0.218     0.222
    1.991   -0.6216     0.256     0.204
    1.947   -0.8309     0.158     0.260
    1.904   -0.9423     0.150     0.274
    1.860   -1.0384     0.168     0.272
    1.817   -1.1310     0.186     0.268
    1.773   -1.2256     0.202     0.262
    1.730   -1.3233     0.212     0.258
    1.686   -1.4206     0.192     0.258
    1.643   -1.4249     0.192     0.256
    1.599   -1.4421     0.192     0.254
    1.556   -1.4687     0.190     0.250
    1.512   -1.4989     0.190     0.246
    1.469   -1.5253     0.192     0.238
    1.425   -1.5393     0.200     0.230
    1.382   -1.5328     0.218     0.216
    1.338   -1.5070     0.230     0.210
    1.295   -1.4842     0.224     0.216
    1.251   -1.4822     0.213     0.224
    1.251   -1.4822     0.213     0.224
    1.208   -1.4842     0.224     0.216
    1.164   -1.5070     0.230     0.210
    1.121   -1.5328     0.218     0.216
    1.077   -1.5393     0.200     0.230
    1.034   -1.5253     0.192     0.238
    0.990   -1.4989     0.190     0.246
    0.947   -1.4687     0.190     0.250
    0.903   -1.4421     0.192     0.254
    0.860   -1.4249     0.192     0.256
    0.816   -1.4206     0.192     0.258
    0.773   -1.3233     0.212     0.258
    0.729   -1.2256     0.202     0.262
    0.686   -1.1310     0.186     0.268
    0.642   -1.0384     0.168     0.272
    0.599   -0.9423     0.150     0.274
    0.555   -0.8309     0.158     0.260
    0.512   -0.6216     0.256     0.204
    0.468   -0.4616     0.218     0.222
    0.425   -0.4835     0.178     0.246
    0.425   -0.4835     0.178     0.246
    0.402   -0.4703     0.186     0.244
    0.380   -0.4668     0.194     0.244
    0.358   -0.4760     0.202     0.246
    0.335   -0.5434     0.232     0.244
    0.313   -0.6691     0.242     0.230
    0.291   -0.7992     0.248     0.222
    0.268   -0.8855     0.150     0.278
    0.246   -0.9553     0.160     0.278
    0.224   -1.0228     0.168     0.276
    0.201   -1.0885     0.178     0.272
    0.179   -1.1529     0.186     0.268
    0.156   -1.1433     0.200     0.244
    0.134   -1.0886     0.200     0.248
    0.112   -1.0341     0.200     0.250
    0.089   -0.9807     0.198     0.252
    0.067   -0.9295     0.196     0.252
    0.045   -0.8814     0.196     0.254
    0.022   -0.8371     0.194     0.254
    0.000   -0.8746     0.220     0.236
 
# Band-Index:   39
    0.000   -0.7973     0.192     0.254
    0.022   -0.8318     0.220     0.234
    0.045   -0.7919     0.218     0.234
    0.067   -0.7548     0.218     0.234
    0.089   -0.7205     0.216     0.232
    0.112   -0.6888     0.214     0.232
    0.134   -0.6594     0.212     0.230
    0.156   -0.6318     0.210     0.230
    0.179   -0.6064     0.192     0.238
    0.201   -0.5860     0.196     0.238
    0.224   -0.5634     0.200     0.238
    0.246   -0.5381     0.206     0.238
    0.268   -0.5141     0.204     0.232
    0.291   -0.4948     0.204     0.232
    0.313   -0.4772     0.204     0.232
    0.335   -0.4569     0.208     0.228
    0.358   -0.3844     0.232     0.238
    0.380   -0.2880     0.232     0.272
    0.402   -0.2184     0.228     0.282
    0.425   -0.1639     0.228     0.290
    0.425   -0.1639     0.228     0.290
    0.468   -0.3017     0.214     0.276
    0.512   -0.3843     0.196     0.262
    0.555   -0.4174     0.202     0.252
    0.599   -0.4599     0.206     0.246
    0.642   -0.5129     0.210     0.242
    0.686   -0.5694     0.206     0.240
    0.729   -0.6256     0.206     0.240
    0.773   -0.6919     0.212     0.242
    0.816   -0.7706     0.216     0.244
    0.860   -0.8588     0.216     0.242
    0.903   -0.9542     0.218     0.242
    0.947   -1.0532     0.218     0.240
    0.990   -1.1512     0.216     0.238
    1.034   -1.2436     0.214     0.234
    1.077   -1.3262     0.214     0.230
    1.121   -1.3947     0.212     0.228
    1.164   -1.4448     0.212     0.226
    1.208   -1.4742     0.214     0.224
    1.251   -1.4822     0.213     0.224
    1.251   -1.4822     0.213     0.224
    1.295   -1.4742     0.214     0.224
    1.338   -1.4448     0.212     0.226
    1.382   -1.3947     0.212     0.228
    1.425   -1.3262     0.214     0.230
    1.469   -1.2436     0.214     0.234
    1.512   -1.1512     0.216     0.238
    1.556   -1.0532     0.218     0.240
    1.599   -0.9542     0.218     0.242
    1.643   -0.8588     0.216     0.242
    1.686   -0.7706     0.216     0.244
    1.730   -0.6919     0.212     0.242
    1.773   -0.6256     0.206     0.240
    1.817   -0.5694     0.206     0.240
    1.860   -0.5129     0.210     0.242
    1.904   -0.4599     0.206     0.246
    1.947   -0.4174     0.202     0.252
    1.991   -0.3843     0.196     0.262
    2.034   -0.3017     0.214     0.276
    2.078   -0.1639     0.228     0.290
    2.078   -0.1639     0.228     0.290
    2.115   -0.2753     0.216     0.276
    2.153   -0.3582     0.200     0.262
    2.190   -0.3976     0.204     0.246
    2.227   -0.4468     0.208     0.238
    2.265   -0.5083     0.204     0.238
    2.302   -0.5893     0.198     0.244
    2.339   -0.6734     0.196     0.236
    2.377   -0.7490     0.202     0.230
    2.414   -0.8169     0.212     0.222
    2.451   -0.8818     0.222     0.218
    2.488   -0.9477     0.232     0.214
    2.526   -1.0176     0.240     0.212
    2.563   -1.0930     0.246     0.212
    2.600   -1.1745     0.250     0.210
    2.638   -1.2618     0.252     0.210
    2.675   -1.3543     0.254     0.208
    2.712   -1.4508     0.254     0.208
    2.750   -1.5381     0.192     0.258
    2.787   -1.4417     0.194     0.258
 
# Band-Index:   40
    2.787   -1.4417     0.194     0.258
    2.750   -1.3458     0.196     0.260
    2.712   -1.2524     0.196     0.260
    2.675   -1.1635     0.196     0.260
    2.638   -1.0806     0.196     0.260
    2.600   -1.0051     0.196     0.258
    2.563   -0.9375     0.194     0.256
    2.526   -0.8778     0.194     0.252
    2.488   -0.8248     0.192     0.248
    2.451   -0.7761     0.194     0.240
    2.414   -0.7284     0.198     0.234
    2.377   -0.6783     0.202     0.226
    2.339   -0.6232     0.208     0.222
    2.302   -0.5626     0.214     0.224
    2.265   -0.4919     0.214     0.242
    2.227   -0.4068     0.218     0.254
    2.190   -0.3254     0.226     0.260
    2.153   -0.2507     0.230     0.266
    2.115   -0.1834     0.232     0.278
    2.078   -0.1639     0.228     0.290
    2.078   -0.1639     0.228     0.290
    2.034   -0.2029     0.234     0.272
    1.991   -0.2881     0.232     0.258
    1.947   -0.3653     0.228     0.250
    1.904   -0.4361     0.218     0.244
    1.860   -0.4986     0.208     0.244
    1.817   -0.5574     0.206     0.242
    1.773   -0.6193     0.206     0.244
    1.730   -0.6811     0.200     0.246
    1.686   -0.7484     0.200     0.248
    1.643   -0.8285     0.202     0.248
    1.599   -0.9214     0.204     0.248
    1.556   -1.0232     0.206     0.244
    1.512   -1.1271     0.208     0.240
    1.469   -1.2258     0.210     0.236
    1.425   -1.3126     0.212     0.232
    1.382   -1.3832     0.214     0.228
    1.338   -1.4358     0.214     0.226
    1.295   -1.4692     0.214     0.224
    1.251   -1.4822     0.213     0.224
    1.251   -1.4822     0.213     0.224
    1.208   -1.4692     0.214     0.224
    1.164   -1.4358     0.214     0.226
    1.121   -1.3832     0.214     0.228
    1.077   -1.3126     0.212     0.232
    1.034   -1.2258     0.210     0.236
    0.990   -1.1271     0.208     0.240
    0.947   -1.0232     0.206     0.244
    0.903   -0.9214     0.204     0.248
    0.860   -0.8285     0.202     0.248
    0.816   -0.7484     0.200     0.248
    0.773   -0.6811     0.200     0.246
    0.729   -0.6193     0.206     0.244
    0.686   -0.5574     0.206     0.242
    0.642   -0.4986     0.208     0.244
    0.599   -0.4361     0.218     0.244
    0.555   -0.3653     0.228     0.250
    0.512   -0.2881     0.232     0.258
    0.468   -0.2029     0.234     0.272
    0.425   -0.1639     0.228     0.290
    0.425   -0.1639     0.228     0.290
    0.402   -0.1776     0.230     0.280
    0.380   -0.2683     0.232     0.258
    0.358   -0.3505     0.236     0.260
    0.335   -0.4013     0.234     0.252
    0.313   -0.4429     0.228     0.246
    0.291   -0.4785     0.220     0.240
    0.268   -0.5100     0.214     0.238
    0.246   -0.5350     0.206     0.230
    0.224   -0.5574     0.206     0.230
    0.201   -0.5809     0.208     0.230
    0.179   -0.6057     0.208     0.230
    0.156   -0.6254     0.188     0.240
    0.134   -0.6438     0.188     0.242
    0.112   -0.6625     0.186     0.244
    0.089   -0.6827     0.188     0.246
    0.067   -0.7055     0.188     0.248
    0.045   -0.7317     0.190     0.252
    0.022   -0.7622     0.190     0.252
    0.000   -0.7973     0.192     0.254
 
# Band-Index:   41
    0.000    0.4592     0.164     0.198
    0.022    0.4427     0.164     0.194
    0.045    0.4340     0.164     0.190
    0.067    0.4325     0.166     0.188
    0.089    0.4378     0.166     0.186
    0.112    0.4491     0.166     0.186
    0.134    0.4653     0.168     0.186
    0.156    0.4857     0.170     0.186
    0.179    0.5094     0.170     0.186
    0.201    0.5356     0.172     0.184
    0.224    0.5636     0.174     0.184
    0.246    0.5925     0.174     0.184
    0.268    0.6218     0.176     0.184
    0.291    0.5967     0.236     0.240
    0.313    0.5066     0.232     0.242
    0.335    0.4085     0.228     0.244
    0.358    0.3082     0.224     0.242
    0.380    0.2149     0.220     0.236
    0.402    0.1524     0.218     0.222
    0.425    0.1697     0.216     0.220
    0.425    0.1697     0.216     0.220
    0.468    0.2270     0.214     0.242
    0.512    0.4225     0.218     0.252
    0.555    0.6315     0.226     0.250
    0.599    0.8091     0.232     0.240
    0.642    0.9065     0.192     0.248
    0.686    0.8745     0.164     0.250
    0.729    0.8036     0.164     0.234
    0.773    0.7282     0.164     0.218
    0.816    0.6667     0.164     0.206
    0.860    0.6292     0.164     0.196
    0.903    0.6192     0.164     0.190
    0.947    0.6348     0.166     0.188
    0.990    0.6715     0.168     0.186
    1.034    0.7235     0.172     0.186
    1.077    0.7848     0.174     0.186
    1.121    0.8496     0.178     0.186
    1.164    0.9123     0.182     0.184
    1.208    0.9666     0.186     0.182
    1.251    1.0063     0.191     0.180
    1.251    1.0063     0.191     0.179
    1.295    0.9666     0.186     0.182
    1.338    0.9123     0.182     0.184
    1.382    0.8496     0.178     0.186
    1.425    0.7848     0.174     0.186
    1.469    0.7235     0.172     0.186
    1.512    0.6715     0.168     0.186
    1.556    0.6348     0.166     0.188
    1.599    0.6192     0.164     0.190
    1.643    0.6292     0.164     0.196
    1.686    0.6667     0.164     0.206
    1.730    0.7282     0.164     0.218
    1.773    0.8036     0.164     0.234
    1.817    0.8745     0.164     0.250
    1.860    0.9065     0.192     0.248
    1.904    0.8091     0.232     0.240
    1.947    0.6315     0.226     0.250
    1.991    0.4225     0.218     0.252
    2.034    0.2270     0.214     0.242
    2.078    0.1697     0.216     0.220
    2.078    0.1697     0.216     0.220
    2.115    0.2116     0.212     0.242
    2.153    0.3707     0.214     0.254
    2.190    0.5595     0.220     0.256
    2.227    0.7462     0.226     0.254
    2.265    0.9103     0.230     0.252
    2.302    1.0341     0.220     0.256
    2.339    1.1142     0.202     0.260
    2.377    1.1653     0.192     0.260
    2.414    1.1232     0.166     0.184
    2.451    1.0713     0.162     0.180
    2.488    1.0350     0.160     0.178
    2.526    1.0178     0.160     0.176
    2.563    1.0209     0.160     0.176
    2.600    1.0440     0.160     0.178
    2.638    1.0853     0.162     0.180
    2.675    1.1424     0.164     0.184
    2.712    1.2121     0.164     0.190
    2.750    1.2906     0.166     0.198
    2.787    1.3726     0.166     0.208
 
# Band-Index:   42
    2.787    1.3726     0.166     0.208
    2.750    1.4500     0.164     0.220
    2.712    1.5064     0.158     0.236
    2.675    1.4628     0.192     0.144
    2.638    1.4068     0.188     0.142
    2.600    1.3664     0.184     0.140
    2.563    1.3445     0.184     0.138
    2.526    1.3172     0.174     0.238
    2.488    1.2745     0.178     0.244
    2.451    1.2376     0.180     0.250
    2.414    1.2031     0.186     0.256
    2.377    1.1831     0.172     0.188
    2.339    1.2361     0.180     0.192
    2.302    1.2071     0.188     0.280
    2.265    1.0805     0.172     0.292
    2.227    0.9299     0.178     0.286
    2.190    0.7460     0.192     0.272
    2.153    0.5356     0.206     0.252
    2.115    0.3212     0.216     0.232
    2.078    0.1697     0.216     0.220
    2.078    0.1697     0.216     0.220
    2.034    0.3573     0.212     0.240
    1.991    0.5906     0.200     0.260
    1.947    0.7840     0.182     0.276
    1.904    0.8977     0.170     0.280
    1.860    0.9351     0.206     0.242
    1.817    0.9562     0.228     0.200
    1.773    0.9310     0.220     0.180
    1.730    0.8883     0.212     0.168
    1.686    0.8512     0.204     0.160
    1.643    0.8307     0.200     0.154
    1.599    0.8302     0.198     0.152
    1.556    0.8482     0.198     0.150
    1.512    0.8806     0.198     0.152
    1.469    0.9217     0.200     0.154
    1.425    0.9645     0.200     0.158
    1.382    1.0011     0.200     0.162
    1.338    1.0237     0.198     0.168
    1.295    0.9952     0.196     0.176
    1.251    1.0063     0.191     0.179
    1.251    1.0063     0.191     0.180
    1.208    0.9952     0.196     0.176
    1.164    1.0237     0.198     0.168
    1.121    1.0011     0.200     0.162
    1.077    0.9645     0.200     0.158
    1.034    0.9217     0.200     0.154
    0.990    0.8806     0.198     0.152
    0.947    0.8482     0.198     0.150
    0.903    0.8302     0.198     0.152
    0.860    0.8307     0.200     0.154
    0.816    0.8512     0.204     0.160
    0.773    0.8883     0.212     0.168
    0.729    0.9310     0.220     0.180
    0.686    0.9562     0.228     0.200
    0.642    0.9351     0.206     0.242
    0.599    0.8977     0.170     0.280
    0.555    0.7840     0.182     0.276
    0.512    0.5906     0.200     0.260
    0.468    0.3573     0.212     0.240
    0.425    0.1697     0.216     0.220
    0.425    0.1697     0.216     0.220
    0.402    0.2596     0.214     0.234
    0.380    0.3712     0.208     0.248
    0.358    0.4828     0.202     0.258
    0.335    0.5853     0.194     0.266
    0.313    0.6731     0.186     0.274
    0.291    0.6508     0.178     0.184
    0.268    0.6744     0.240     0.234
    0.246    0.7358     0.240     0.226
    0.224    0.7373     0.202     0.154
    0.201    0.7190     0.202     0.152
    0.179    0.7007     0.202     0.152
    0.156    0.6832     0.202     0.150
    0.134    0.6674     0.200     0.150
    0.112    0.6416     0.166     0.230
    0.089    0.5958     0.166     0.222
    0.067    0.5529     0.166     0.214
    0.045    0.5150     0.166     0.208
    0.022    0.4835     0.166     0.202
    0.000    0.4592     0.164     0.198
 
# Band-Index:   43
    0.000    0.6479     0.204     0.152
    0.022    0.6393     0.202     0.150
    0.045    0.6360     0.202     0.150
    0.067    0.6377     0.202     0.148
    0.089    0.6439     0.200     0.148
    0.112    0.6540     0.200     0.148
    0.134    0.6879     0.166     0.238
    0.156    0.7320     0.166     0.248
    0.179    0.7704     0.166     0.256
    0.201    0.7992     0.166     0.264
    0.224    0.7782     0.240     0.218
    0.246    0.7548     0.202     0.156
    0.268    0.7706     0.200     0.158
    0.291    0.7416     0.180     0.278
    0.313    0.6788     0.180     0.182
    0.335    0.7053     0.182     0.182
    0.358    0.7297     0.184     0.180
    0.380    0.7513     0.186     0.178
    0.402    0.7698     0.188     0.176
    0.425    0.7845     0.190     0.174
    0.425    0.7845     0.190     0.174
    0.468    0.7737     0.192     0.174
    0.512    0.8193     0.194     0.176
    0.555    0.9081     0.200     0.182
    0.599    1.0189     0.202     0.188
    0.642    1.1276     0.200     0.194
    0.686    1.2152     0.194     0.198
    0.729    1.2764     0.184     0.202
    0.773    1.3184     0.174     0.206
    0.816    1.3512     0.166     0.208
    0.860    1.3801     0.166     0.208
    0.903    1.4038     0.170     0.206
    0.947    1.4150     0.180     0.202
    0.990    1.4003     0.192     0.198
    1.034    1.3462     0.204     0.194
    1.077    1.2530     0.208     0.188
    1.121    1.1424     0.206     0.184
    1.164    1.0467     0.200     0.178
    1.208    1.0262     0.196     0.174
    1.251    1.0063     0.191     0.180
    1.251    1.0063     0.191     0.179
    1.295    1.0262     0.196     0.174
    1.338    1.0467     0.200     0.178
    1.382    1.1424     0.206     0.184
    1.425    1.2530     0.208     0.188
    1.469    1.3462     0.204     0.194
    1.512    1.4003     0.192     0.198
    1.556    1.4150     0.180     0.202
    1.599    1.4038     0.170     0.206
    1.643    1.3801     0.166     0.208
    1.686    1.3512     0.166     0.208
    1.730    1.3184     0.174     0.206
    1.773    1.2764     0.184     0.202
    1.817    1.2152     0.194     0.198
    1.860    1.1276     0.200     0.194
    1.904    1.0189     0.202     0.188
    1.947    0.9081     0.200     0.182
    1.991    0.8193     0.194     0.176
    2.034    0.7737     0.192     0.174
    2.078    0.7845     0.190     0.174
    2.078    0.7845     0.190     0.174
    2.115    0.7779     0.192     0.172
    2.153    0.8331     0.198     0.174
    2.190    0.9383     0.204     0.180
    2.227    1.0710     0.210     0.184
    2.265    1.1933     0.210     0.190
    2.302    1.2522     0.196     0.194
    2.339    1.3189     0.216     0.254
    2.377    1.4106     0.234     0.228
    2.414    1.4668     0.186     0.146
    2.451    1.4051     0.184     0.142
    2.488    1.3633     0.184     0.140
    2.526    1.3431     0.184     0.138
    2.563    1.3669     0.170     0.234
    2.600    1.4222     0.166     0.234
    2.638    1.4775     0.162     0.236
    2.675    1.5156     0.156     0.240
    2.712    1.5311     0.196     0.146
    2.750    1.6071     0.204     0.150
    2.787    1.6828     0.216     0.154
 
# Band-Index:   44
    2.787    1.6828     0.216     0.154
    2.750    1.7397     0.234     0.162
    2.712    1.7502     0.244     0.172
    2.675    1.7489     0.236     0.186
    2.638    1.7546     0.218     0.198
    2.600    1.7232     0.196     0.192
    2.563    1.6693     0.194     0.188
    2.526    1.6169     0.198     0.188
    2.488    1.5701     0.208     0.190
    2.451    1.5263     0.222     0.196
    2.414    1.4773     0.236     0.208
    2.377    1.5435     0.188     0.154
    2.339    1.6228     0.192     0.162
    2.302    1.6389     0.204     0.200
    2.265    1.5030     0.176     0.232
    2.227    1.3278     0.178     0.220
    2.190    1.1439     0.184     0.204
    2.153    0.9791     0.186     0.190
    2.115    0.8543     0.188     0.180
    2.078    0.7845     0.190     0.174
    2.078    0.7845     0.190     0.174
    2.034    0.8544     0.190     0.178
    1.991    0.9752     0.190     0.186
    1.947    1.1312     0.188     0.196
    1.904    1.3010     0.186     0.208
    1.860    1.4571     0.184     0.214
    1.817    1.5658     0.182     0.208
    1.773    1.6154     0.190     0.190
    1.730    1.6367     0.202     0.172
    1.686    1.6581     0.214     0.160
    1.643    1.6906     0.220     0.158
    1.599    1.7307     0.214     0.164
    1.556    1.7631     0.198     0.182
    1.512    1.7639     0.182     0.206
    1.469    1.6956     0.176     0.226
    1.425    1.5541     0.180     0.222
    1.382    1.3820     0.184     0.210
    1.338    1.2158     0.186     0.198
    1.295    1.0836     0.188     0.186
    1.251    1.0063     0.191     0.179
    1.251    1.0063     0.191     0.180
    1.208    1.0836     0.188     0.186
    1.164    1.2158     0.186     0.198
    1.121    1.3820     0.184     0.210
    1.077    1.5541     0.180     0.222
    1.034    1.6956     0.176     0.226
    0.990    1.7639     0.182     0.206
    0.947    1.7631     0.198     0.182
    0.903    1.7307     0.214     0.164
    0.860    1.6906     0.220     0.158
    0.816    1.6581     0.214     0.160
    0.773    1.6367     0.202     0.172
    0.729    1.6154     0.190     0.190
    0.686    1.5658     0.182     0.208
    0.642    1.4571     0.184     0.214
    0.599    1.3010     0.186     0.208
    0.555    1.1312     0.188     0.196
    0.512    0.9752     0.190     0.186
    0.468    0.8544     0.190     0.178
    0.425    0.7845     0.190     0.174
    0.425    0.7845     0.190     0.174
    0.402    0.7952     0.192     0.172
    0.380    0.8015     0.194     0.170
    0.358    0.8034     0.196     0.166
    0.335    0.8010     0.198     0.164
    0.313    0.7943     0.198     0.162
    0.291    0.7841     0.200     0.160
    0.268    0.7880     0.174     0.280
    0.246    0.8117     0.170     0.278
    0.224    0.8144     0.168     0.272
    0.201    0.8010     0.240     0.208
    0.179    0.8062     0.236     0.198
    0.156    0.7973     0.230     0.188
    0.134    0.7787     0.226     0.182
    0.112    0.7546     0.222     0.174
    0.089    0.7285     0.216     0.168
    0.067    0.7031     0.212     0.164
    0.045    0.6803     0.210     0.158
    0.022    0.6617     0.206     0.156
    0.000    0.6479     0.204     0.152
 
# Band-Index:   45
    0.000    2.1574     0.202     0.250
    0.022    2.1350     0.204     0.252
    0.045    2.1057     0.204     0.256
    0.067    2.0699     0.202     0.258
    0.089    2.0283     0.200     0.258
    0.112    1.9822     0.198     0.258
    0.134    1.9333     0.196     0.258
    0.156    1.8841     0.192     0.256
    0.179    1.8376     0.190     0.254
    0.201    1.7970     0.190     0.250
    0.224    1.7646     0.190     0.246
    0.246    1.7412     0.194     0.242
    0.268    1.7255     0.198     0.238
    0.291    1.7149     0.206     0.234
    0.313    1.7070     0.214     0.230
    0.335    1.7001     0.222     0.226
    0.358    1.6942     0.230     0.224
    0.380    1.6898     0.236     0.220
    0.402    1.6883     0.244     0.216
    0.425    1.6909     0.248     0.214
    0.425    1.6909     0.248     0.214
    0.468    1.6864     0.238     0.218
    0.512    1.6847     0.224     0.222
    0.555    1.6780     0.208     0.226
    0.599    1.6743     0.194     0.230
    0.642    1.7014     0.188     0.240
    0.686    1.7777     0.190     0.250
    0.729    1.8835     0.196     0.256
    0.773    1.9248     0.178     0.212
    0.816    1.9367     0.170     0.214
    0.860    1.9418     0.168     0.216
    0.903    1.9470     0.168     0.218
    0.947    1.9492     0.174     0.220
    0.990    1.9337     0.174     0.214
    1.034    1.9171     0.168     0.198
    1.077    1.9268     0.164     0.190
    1.121    1.9512     0.164     0.184
    1.164    1.9810     0.166     0.176
    1.208    2.0119     0.170     0.170
    1.251    2.0431     0.175     0.162
    1.251    2.0431     0.175     0.162
    1.295    2.0119     0.170     0.170
    1.338    1.9810     0.166     0.176
    1.382    1.9512     0.164     0.184
    1.425    1.9268     0.164     0.190
    1.469    1.9171     0.168     0.198
    1.512    1.9337     0.174     0.214
    1.556    1.9492     0.174     0.220
    1.599    1.9470     0.168     0.218
    1.643    1.9418     0.168     0.216
    1.686    1.9367     0.170     0.214
    1.730    1.9248     0.178     0.212
    1.773    1.8835     0.196     0.256
    1.817    1.7777     0.190     0.250
    1.860    1.7014     0.188     0.240
    1.904    1.6743     0.194     0.230
    1.947    1.6780     0.208     0.226
    1.991    1.6847     0.224     0.222
    2.034    1.6864     0.238     0.218
    2.078    1.6909     0.248     0.214
    2.078    1.6909     0.248     0.214
    2.115    1.6856     0.242     0.216
    2.153    1.6817     0.234     0.214
    2.190    1.6751     0.224     0.214
    2.227    1.6645     0.210     0.216
    2.265    1.6523     0.192     0.220
    2.302    1.6439     0.170     0.228
    2.339    1.6459     0.150     0.240
    2.377    1.6653     0.138     0.254
    2.414    1.7045     0.142     0.264
    2.451    1.7554     0.158     0.264
    2.488    1.8044     0.176     0.258
    2.526    1.8409     0.188     0.250
    2.563    1.8588     0.196     0.236
    2.600    1.8608     0.196     0.214
    2.638    1.8750     0.174     0.188
    2.675    1.9253     0.150     0.194
    2.712    1.9393     0.148     0.198
    2.750    1.9423     0.158     0.200
    2.787    2.0002     0.170     0.206
 
# Band-Index:   46
    2.787    2.0002     0.170     0.206
    2.750    2.0831     0.180     0.212
    2.712    2.0709     0.218     0.132
    2.675    2.0480     0.236     0.134
    2.638    2.0947     0.240     0.148
    2.600    2.1469     0.252     0.150
    2.563    2.1936     0.266     0.150
    2.526    2.2338     0.282     0.146
    2.488    2.2677     0.300     0.142
    2.451    2.2377     0.202     0.248
    2.414    2.1353     0.198     0.248
    2.377    2.0033     0.190     0.248
    2.339    1.8536     0.168     0.250
    2.302    1.7529     0.128     0.228
    2.265    1.7798     0.148     0.200
    2.227    1.8241     0.160     0.190
    2.190    1.7724     0.274     0.198
    2.153    1.7266     0.264     0.206
    2.115    1.7024     0.256     0.210
    2.078    1.6909     0.248     0.214
    2.078    1.6909     0.248     0.214
    2.034    1.7067     0.260     0.208
    1.991    1.7413     0.274     0.196
    1.947    1.8075     0.290     0.184
    1.904    1.8588     0.170     0.190
    1.860    1.8408     0.174     0.194
    1.817    1.8562     0.180     0.202
    1.773    1.8958     0.182     0.210
    1.730    1.9880     0.200     0.256
    1.686    2.0724     0.200     0.252
    1.643    2.1284     0.198     0.246
    1.599    2.1541     0.192     0.236
    1.556    2.1523     0.184     0.226
    1.512    2.1293     0.176     0.216
    1.469    2.0936     0.170     0.206
    1.425    2.0549     0.168     0.196
    1.382    2.0229     0.166     0.186
    1.338    2.0067     0.168     0.178
    1.295    2.0126     0.170     0.170
    1.251    2.0431     0.175     0.162
    1.251    2.0431     0.175     0.162
    1.208    2.0126     0.170     0.170
    1.164    2.0067     0.168     0.178
    1.121    2.0229     0.166     0.186
    1.077    2.0549     0.168     0.196
    1.034    2.0936     0.170     0.206
    0.990    2.1293     0.176     0.216
    0.947    2.1523     0.184     0.226
    0.903    2.1541     0.192     0.236
    0.860    2.1284     0.198     0.246
    0.816    2.0724     0.200     0.252
    0.773    1.9880     0.200     0.256
    0.729    1.8958     0.182     0.210
    0.686    1.8562     0.180     0.202
    0.642    1.8408     0.174     0.194
    0.599    1.8588     0.170     0.190
    0.555    1.8075     0.290     0.184
    0.512    1.7413     0.274     0.196
    0.468    1.7067     0.260     0.208
    0.425    1.6909     0.248     0.214
    0.425    1.6909     0.248     0.214
    0.402    1.6988     0.254     0.210
    0.380    1.7132     0.260     0.206
    0.358    1.7351     0.266     0.202
    0.335    1.7660     0.270     0.198
    0.313    1.8071     0.276     0.196
    0.291    1.8598     0.280     0.192
    0.268    1.9246     0.282     0.190
    0.246    2.0008     0.282     0.190
    0.224    2.0744     0.170     0.202
    0.201    2.0958     0.172     0.206
    0.179    2.1171     0.176     0.212
    0.156    2.1372     0.178     0.216
    0.134    2.1549     0.182     0.222
    0.112    2.1691     0.186     0.228
    0.089    2.1788     0.190     0.232
    0.067    2.1830     0.194     0.238
    0.045    2.1812     0.198     0.242
    0.022    2.1727     0.200     0.246
    0.000    2.1574     0.202     0.250
 
# Band-Index:   47
    0.000    2.6493     0.284     0.210
    0.022    2.6319     0.284     0.212
    0.045    2.6101     0.284     0.212
    0.067    2.5834     0.282     0.212
    0.089    2.5496     0.274     0.214
    0.112    2.5028     0.266     0.214
    0.134    2.4377     0.264     0.208
    0.156    2.3574     0.266     0.202
    0.179    2.2685     0.272     0.198
    0.201    2.1765     0.276     0.194
    0.224    2.0859     0.280     0.192
    0.246    2.0541     0.170     0.198
    0.268    2.0361     0.168     0.194
    0.291    2.0212     0.168     0.190
    0.313    2.0105     0.170     0.186
    0.335    2.0045     0.170     0.182
    0.358    2.0039     0.172     0.178
    0.380    2.0089     0.174     0.174
    0.402    2.0196     0.176     0.170
    0.425    2.0361     0.178     0.166
    0.425    2.0361     0.178     0.166
    0.468    1.9911     0.174     0.174
    0.512    1.9432     0.170     0.180
    0.555    1.8967     0.170     0.186
    0.599    1.9214     0.300     0.174
    0.642    2.0822     0.300     0.174
    0.686    2.1572     0.250     0.138
    0.729    2.1655     0.238     0.144
    0.773    2.1913     0.222     0.150
    0.816    2.2209     0.212     0.152
    0.860    2.2432     0.206     0.152
    0.903    2.2554     0.208     0.154
    0.947    2.2597     0.218     0.156
    0.990    2.2658     0.236     0.150
    1.034    2.2601     0.242     0.140
    1.077    2.2142     0.226     0.136
    1.121    2.1584     0.206     0.140
    1.164    2.1126     0.192     0.148
    1.208    2.0757     0.182     0.154
    1.251    2.0431     0.175     0.162
    1.251    2.0431     0.175     0.163
    1.295    2.0757     0.182     0.154
    1.338    2.1126     0.192     0.148
    1.382    2.1584     0.206     0.140
    1.425    2.2142     0.226     0.136
    1.469    2.2601     0.242     0.140
    1.512    2.2658     0.236     0.150
    1.556    2.2597     0.218     0.156
    1.599    2.2554     0.208     0.154
    1.643    2.2432     0.206     0.152
    1.686    2.2209     0.212     0.152
    1.730    2.1913     0.222     0.150
    1.773    2.1655     0.238     0.144
    1.817    2.1572     0.250     0.138
    1.860    2.0822     0.300     0.174
    1.904    1.9214     0.300     0.174
    1.947    1.8967     0.170     0.186
    1.991    1.9432     0.170     0.180
    2.034    1.9911     0.174     0.174
    2.078    2.0361     0.178     0.166
    2.078    2.0361     0.178     0.166
    2.115    1.9929     0.174     0.174
    2.153    1.9401     0.170     0.180
    2.190    1.8812     0.166     0.184
    2.227    1.8495     0.286     0.188
    2.265    1.9625     0.300     0.180
    2.302    2.1037     0.314     0.170
    2.339    2.2485     0.340     0.148
    2.377    2.3237     0.360     0.118
    2.414    2.3173     0.334     0.130
    2.451    2.2956     0.316     0.138
    2.488    2.3093     0.202     0.248
    2.526    2.3517     0.202     0.248
    2.563    2.3657     0.202     0.246
    2.600    2.3516     0.198     0.242
    2.638    2.3111     0.196     0.234
    2.675    2.2482     0.190     0.228
    2.712    2.1695     0.186     0.220
    2.750    2.1638     0.202     0.144
    2.787    2.2746     0.200     0.150
 
# Band-Index:   48
    2.787    2.2746     0.200     0.150
    2.750    2.3918     0.202     0.152
    2.712    2.5100     0.206     0.156
    2.675    2.6235     0.214     0.160
    2.638    2.7257     0.224     0.162
    2.600    2.8080     0.236     0.166
    2.563    2.8602     0.248     0.168
    2.526    2.8695     0.276     0.192
    2.488    2.8084     0.278     0.192
    2.451    2.7144     0.276     0.196
    2.414    2.5956     0.270     0.202
    2.377    2.4696     0.254     0.212
    2.339    2.2901     0.292     0.132
    2.302    2.1349     0.298     0.106
    2.265    2.0635     0.280     0.096
    2.227    2.0698     0.244     0.114
    2.190    2.0869     0.214     0.134
    2.153    2.0864     0.196     0.148
    2.115    2.0680     0.184     0.158
    2.078    2.0361     0.178     0.166
    2.078    2.0361     0.178     0.166
    2.034    2.0756     0.184     0.158
    1.991    2.1089     0.194     0.148
    1.947    2.1359     0.212     0.138
    1.904    2.1542     0.234     0.130
    1.860    2.1595     0.252     0.130
    1.817    2.2633     0.292     0.176
    1.773    2.4322     0.286     0.174
    1.730    2.5610     0.280     0.172
    1.686    2.6353     0.274     0.172
    1.643    2.6632     0.258     0.170
    1.599    2.6499     0.238     0.164
    1.556    2.6000     0.220     0.158
    1.512    2.5246     0.208     0.152
    1.469    2.4355     0.198     0.148
    1.425    2.3419     0.192     0.148
    1.382    2.2507     0.188     0.150
    1.338    2.1671     0.184     0.152
    1.295    2.0962     0.180     0.156
    1.251    2.0431     0.175     0.163
    1.251    2.0431     0.175     0.162
    1.208    2.0962     0.180     0.156
    1.164    2.1671     0.184     0.152
    1.121    2.2507     0.188     0.150
    1.077    2.3419     0.192     0.148
    1.034    2.4355     0.198     0.148
    0.990    2.5246     0.208     0.152
    0.947    2.6000     0.220     0.158
    0.903    2.6499     0.238     0.164
    0.860    2.6632     0.258     0.170
    0.816    2.6353     0.274     0.172
    0.773    2.5610     0.280     0.172
    0.729    2.4322     0.286     0.174
    0.686    2.2633     0.292     0.176
    0.642    2.1595     0.252     0.130
    0.599    2.1542     0.234     0.130
    0.555    2.1359     0.212     0.138
    0.512    2.1089     0.194     0.148
    0.468    2.0756     0.184     0.158
    0.425    2.0361     0.178     0.166
    0.425    2.0361     0.178     0.166
    0.402    2.0580     0.180     0.164
    0.380    2.0852     0.182     0.160
    0.358    2.1172     0.184     0.158
    0.335    2.1537     0.184     0.156
    0.313    2.1942     0.186     0.154
    0.291    2.2382     0.188     0.152
    0.268    2.2852     0.190     0.150
    0.246    2.3346     0.192     0.150
    0.224    2.3856     0.194     0.150
    0.201    2.4375     0.198     0.152
    0.179    2.4890     0.202     0.154
    0.156    2.5319     0.308     0.170
    0.134    2.5632     0.304     0.168
    0.112    2.6038     0.292     0.166
    0.089    2.6516     0.248     0.184
    0.067    2.6662     0.264     0.196
    0.045    2.6685     0.274     0.204
    0.022    2.6620     0.280     0.208
    0.000    2.6493     0.284     0.210
 
# Band-Index:   49
    0.000    2.7911     0.234     0.168
    0.022    2.7742     0.242     0.170
    0.045    2.7443     0.250     0.170
    0.067    2.7026     0.262     0.170
    0.089    2.6531     0.276     0.168
    0.112    2.6234     0.230     0.172
    0.134    2.5845     0.218     0.164
    0.156    2.5387     0.210     0.158
    0.179    2.5075     0.310     0.170
    0.201    2.4892     0.312     0.168
    0.224    2.4774     0.314     0.164
    0.246    2.4728     0.316     0.162
    0.268    2.4757     0.318     0.160
    0.291    2.4856     0.320     0.160
    0.313    2.5010     0.322     0.160
    0.335    2.5195     0.326     0.162
    0.358    2.5367     0.326     0.164
    0.380    2.5501     0.328     0.166
    0.402    2.5606     0.328     0.166
    0.425    2.5655     0.330     0.166
    0.425    2.5655     0.330     0.166
    0.468    2.5475     0.324     0.168
    0.512    2.5180     0.318     0.170
    0.555    2.4929     0.312     0.172
    0.599    2.4878     0.306     0.178
    0.642    2.5090     0.300     0.188
    0.686    2.5524     0.294     0.198
    0.729    2.6109     0.286     0.206
    0.773    2.6805     0.274     0.214
    0.816    2.7538     0.264     0.212
    0.860    2.8100     0.250     0.190
    0.903    2.7753     0.250     0.184
    0.947    2.7182     0.246     0.172
    0.990    2.6515     0.242     0.170
    1.034    2.6114     0.238     0.178
    1.077    2.6567     0.246     0.186
    1.121    2.7517     0.260     0.194
    1.164    2.8509     0.268     0.202
    1.208    2.9295     0.274     0.204
    1.251    2.9739     0.274     0.204
    1.251    2.9739     0.274     0.205
    1.295    2.9295     0.274     0.204
    1.338    2.8509     0.268     0.202
    1.382    2.7517     0.260     0.194
    1.425    2.6567     0.246     0.186
    1.469    2.6114     0.238     0.178
    1.512    2.6515     0.242     0.170
    1.556    2.7182     0.246     0.172
    1.599    2.7753     0.250     0.184
    1.643    2.8100     0.250     0.190
    1.686    2.7538     0.264     0.212
    1.730    2.6805     0.274     0.214
    1.773    2.6109     0.286     0.206
    1.817    2.5524     0.294     0.198
    1.860    2.5090     0.300     0.188
    1.904    2.4878     0.306     0.178
    1.947    2.4929     0.312     0.172
    1.991    2.5180     0.318     0.170
    2.034    2.5475     0.324     0.168
    2.078    2.5655     0.330     0.166
    2.078    2.5655     0.330     0.166
    2.115    2.5522     0.324     0.170
    2.153    2.5363     0.322     0.170
    2.190    2.5184     0.324     0.162
    2.227    2.4895     0.326     0.156
    2.265    2.4570     0.322     0.154
    2.302    2.4279     0.312     0.158
    2.339    2.4131     0.282     0.180
    2.377    2.4697     0.286     0.152
    2.414    2.6324     0.280     0.164
    2.451    2.7580     0.274     0.170
    2.488    2.8387     0.268     0.170
    2.526    2.8725     0.260     0.170
    2.563    2.8964     0.266     0.190
    2.600    2.9046     0.256     0.192
    2.638    2.9113     0.252     0.194
    2.675    2.9243     0.250     0.198
    2.712    2.9440     0.250     0.200
    2.750    2.9672     0.250     0.202
    2.787    2.9897     0.248     0.202
 
# Band-Index:   50
    2.787    2.9897     0.248     0.202
    2.750    3.0081     0.246     0.200
    2.712    3.0205     0.242     0.194
    2.675    3.0259     0.240     0.190
    2.638    3.0238     0.238     0.184
    2.600    3.0124     0.238     0.178
    2.563    2.9887     0.238     0.174
    2.526    2.9505     0.236     0.170
    2.488    2.8984     0.230     0.170
    2.451    2.8339     0.222     0.174
    2.414    2.7602     0.212     0.178
    2.377    2.6859     0.202     0.180
    2.339    2.6213     0.198     0.184
    2.302    2.5744     0.198     0.188
    2.265    2.5516     0.206     0.192
    2.227    2.5601     0.222     0.194
    2.190    2.5515     0.328     0.168
    2.153    2.5588     0.334     0.160
    2.115    2.5682     0.334     0.164
    2.078    2.5655     0.330     0.166
    2.078    2.5655     0.330     0.166
    2.034    2.5666     0.334     0.164
    1.991    2.5626     0.336     0.160
    1.947    2.5756     0.336     0.160
    1.904    2.5589     0.224     0.190
    1.860    2.5612     0.214     0.182
    1.817    2.6164     0.220     0.174
    1.773    2.6960     0.232     0.174
    1.730    2.7638     0.240     0.180
    1.686    2.8055     0.246     0.188
    1.643    2.8124     0.264     0.210
    1.599    2.8535     0.268     0.210
    1.556    2.8837     0.274     0.210
    1.512    2.8076     0.242     0.168
    1.469    2.8027     0.238     0.164
    1.425    2.8433     0.242     0.170
    1.382    2.8997     0.250     0.180
    1.338    2.9508     0.260     0.190
    1.295    2.9663     0.274     0.206
    1.251    2.9739     0.274     0.205
    1.251    2.9739     0.274     0.204
    1.208    2.9663     0.274     0.206
    1.164    2.9508     0.260     0.190
    1.121    2.8997     0.250     0.180
    1.077    2.8433     0.242     0.170
    1.034    2.8027     0.238     0.164
    0.990    2.8076     0.242     0.168
    0.947    2.8837     0.274     0.210
    0.903    2.8535     0.268     0.210
    0.860    2.8124     0.264     0.210
    0.816    2.8055     0.246     0.188
    0.773    2.7638     0.240     0.180
    0.729    2.6960     0.232     0.174
    0.686    2.6164     0.220     0.174
    0.642    2.5612     0.214     0.182
    0.599    2.5589     0.224     0.190
    0.555    2.5756     0.336     0.160
    0.512    2.5626     0.336     0.160
    0.468    2.5666     0.334     0.164
    0.425    2.5655     0.330     0.166
    0.425    2.5655     0.330     0.166
    0.402    2.5631     0.330     0.166
    0.380    2.5534     0.328     0.164
    0.358    2.5380     0.328     0.164
    0.335    2.5243     0.326     0.162
    0.313    2.5165     0.326     0.162
    0.291    2.5166     0.326     0.162
    0.268    2.5265     0.326     0.164
    0.246    2.5468     0.324     0.166
    0.224    2.5768     0.322     0.170
    0.201    2.6148     0.320     0.172
    0.179    2.6588     0.318     0.176
    0.156    2.7065     0.314     0.178
    0.134    2.7553     0.310     0.182
    0.112    2.7649     0.252     0.188
    0.089    2.7705     0.242     0.180
    0.067    2.7802     0.232     0.172
    0.045    2.7905     0.228     0.168
    0.022    2.7957     0.230     0.168
    0.000    2.7911     0.234     0.168
 
# Band-Index:   51
    0.000    2.9576     0.280     0.184
    0.022    2.9422     0.286     0.186
    0.045    2.9183     0.290     0.186
    0.067    2.8863     0.296     0.186
    0.089    2.8473     0.300     0.184
    0.112    2.8030     0.306     0.184
    0.134    2.7628     0.260     0.194
    0.156    2.7625     0.264     0.198
    0.179    2.7629     0.264     0.198
    0.201    2.7634     0.266     0.200
    0.224    2.7638     0.266     0.200
    0.246    2.7642     0.266     0.200
    0.268    2.7647     0.266     0.200
    0.291    2.7652     0.266     0.200
    0.313    2.7661     0.266     0.198
    0.335    2.7673     0.264     0.198
    0.358    2.7690     0.264     0.198
    0.380    2.7713     0.264     0.196
    0.402    2.7744     0.264     0.196
    0.425    2.7781     0.264     0.196
    0.425    2.7781     0.264     0.196
    0.468    2.7285     0.264     0.198
    0.512    2.6654     0.256     0.198
    0.555    2.6020     0.242     0.194
    0.599    2.6203     0.334     0.166
    0.642    2.6949     0.330     0.174
    0.686    2.7864     0.322     0.180
    0.729    2.8695     0.230     0.172
    0.773    2.9558     0.248     0.184
    0.816    3.0125     0.292     0.186
    0.860    3.0413     0.284     0.186
    0.903    2.9850     0.268     0.192
    0.947    2.8845     0.256     0.182
    0.990    2.9069     0.276     0.210
    1.034    2.9249     0.276     0.210
    1.077    2.9387     0.276     0.210
    1.121    2.9495     0.276     0.208
    1.164    2.9584     0.274     0.208
    1.208    2.9796     0.270     0.200
    1.251    2.9739     0.274     0.205
    1.251    2.9739     0.274     0.205
    1.295    2.9796     0.270     0.200
    1.338    2.9584     0.274     0.208
    1.382    2.9495     0.276     0.208
    1.425    2.9387     0.276     0.210
    1.469    2.9249     0.276     0.210
    1.512    2.9069     0.276     0.210
    1.556    2.8845     0.256     0.182
    1.599    2.9850     0.268     0.192
    1.643    3.0413     0.284     0.186
    1.686    3.0125     0.292     0.186
    1.730    2.9558     0.248     0.184
    1.773    2.8695     0.230     0.172
    1.817    2.7864     0.322     0.180
    1.860    2.6949     0.330     0.174
    1.904    2.6203     0.334     0.166
    1.947    2.6020     0.242     0.194
    1.991    2.6654     0.256     0.198
    2.034    2.7285     0.264     0.198
    2.078    2.7781     0.264     0.196
    2.078    2.7781     0.264     0.196
    2.115    2.7281     0.262     0.198
    2.153    2.6641     0.256     0.198
    2.190    2.6016     0.240     0.196
    2.227    2.5708     0.324     0.176
    2.265    2.6186     0.324     0.182
    2.302    2.6883     0.322     0.188
    2.339    2.7692     0.316     0.194
    2.377    2.8490     0.306     0.198
    2.414    2.9169     0.296     0.198
    2.451    2.9672     0.282     0.198
    2.488    3.0020     0.272     0.196
    2.526    3.0328     0.270     0.194
    2.563    3.0713     0.274     0.192
    2.600    3.1156     0.280     0.192
    2.638    3.1588     0.282     0.192
    2.675    3.1975     0.282     0.196
    2.712    3.2294     0.280     0.198
    2.750    3.2525     0.276     0.200
    2.787    3.2650     0.270     0.202
 
# Band-Index:   52
    2.787    3.2650     0.270     0.202
    2.750    3.2658     0.262     0.200
    2.712    3.2549     0.252     0.200
    2.675    3.2336     0.240     0.198
    2.638    3.2046     0.226     0.196
    2.600    3.1714     0.212     0.194
    2.563    3.1373     0.198     0.194
    2.526    3.1015     0.192     0.194
    2.488    3.0586     0.192     0.192
    2.451    3.0060     0.196     0.186
    2.414    2.9509     0.200     0.176
    2.377    2.9029     0.206     0.170
    2.339    2.8660     0.210     0.164
    2.302    2.8408     0.216     0.164
    2.265    2.8265     0.222     0.166
    2.227    2.8215     0.232     0.170
    2.190    2.8215     0.242     0.176
    2.153    2.8199     0.252     0.184
    2.115    2.8079     0.260     0.190
    2.078    2.7781     0.264     0.196
    2.078    2.7781     0.264     0.196
    2.034    2.8082     0.260     0.190
    1.991    2.8185     0.250     0.182
    1.947    2.8139     0.240     0.174
    1.904    2.8034     0.230     0.166
    1.860    2.7989     0.222     0.162
    1.817    2.8154     0.220     0.162
    1.773    2.8789     0.312     0.184
    1.730    2.9576     0.302     0.186
    1.686    3.0278     0.264     0.194
    1.643    3.0417     0.272     0.198
    1.599    3.0489     0.278     0.186
    1.556    3.0438     0.276     0.188
    1.512    3.0332     0.274     0.190
    1.469    3.0212     0.274     0.194
    1.425    3.0097     0.274     0.196
    1.382    2.9993     0.274     0.198
    1.338    2.9901     0.274     0.200
    1.295    2.9817     0.274     0.202
    1.251    2.9739     0.274     0.205
    1.251    2.9739     0.274     0.205
    1.208    2.9817     0.274     0.202
    1.164    2.9901     0.274     0.200
    1.121    2.9993     0.274     0.198
    1.077    3.0097     0.274     0.196
    1.034    3.0212     0.274     0.194
    0.990    3.0332     0.274     0.190
    0.947    3.0438     0.276     0.188
    0.903    3.0489     0.278     0.186
    0.860    3.0417     0.272     0.198
    0.816    3.0278     0.264     0.194
    0.773    2.9576     0.302     0.186
    0.729    2.8789     0.312     0.184
    0.686    2.8154     0.220     0.162
    0.642    2.7989     0.222     0.162
    0.599    2.8034     0.230     0.166
    0.555    2.8139     0.240     0.174
    0.512    2.8185     0.250     0.182
    0.468    2.8082     0.260     0.190
    0.425    2.7781     0.264     0.196
    0.425    2.7781     0.264     0.196
    0.402    2.7828     0.264     0.194
    0.380    2.7883     0.264     0.194
    0.358    2.7948     0.264     0.192
    0.335    2.8024     0.264     0.192
    0.313    2.8111     0.264     0.190
    0.291    2.8209     0.264     0.190
    0.268    2.8318     0.264     0.188
    0.246    2.8440     0.264     0.186
    0.224    2.8574     0.264     0.186
    0.201    2.8718     0.264     0.184
    0.179    2.8871     0.264     0.182
    0.156    2.9031     0.264     0.182
    0.134    2.9191     0.264     0.180
    0.112    2.9344     0.266     0.180
    0.089    2.9480     0.268     0.180
    0.067    2.9586     0.270     0.180
    0.045    2.9647     0.272     0.182
    0.022    2.9648     0.276     0.182
    0.000    2.9576     0.280     0.184
 
# Band-Index:   53
    0.000    4.2034     0.062     0.018
    0.022    4.1615     0.064     0.020
    0.045    4.1217     0.066     0.020
    0.067    4.0825     0.068     0.022
    0.089    4.0399     0.056     0.016
    0.112    3.9960     0.056     0.016
    0.134    3.9532     0.056     0.016
    0.156    3.9116     0.056     0.016
    0.179    3.8716     0.054     0.016
    0.201    3.8337     0.054     0.016
    0.224    3.7968     0.062     0.022
    0.246    3.7604     0.062     0.020
    0.268    3.7269     0.060     0.020
    0.291    3.6970     0.058     0.020
    0.313    3.6710     0.058     0.018
    0.335    3.6495     0.058     0.018
    0.358    3.6329     0.056     0.016
    0.380    3.6216     0.056     0.016
    0.402    3.6159     0.056     0.016
    0.425    3.6157     0.056     0.016
    0.425    3.6157     0.056     0.016
    0.468    3.6210     0.056     0.016
    0.512    3.6467     0.058     0.016
    0.555    3.6910     0.058     0.018
    0.599    3.7505     0.060     0.020
    0.642    3.8211     0.062     0.020
    0.686    3.8979     0.060     0.020
    0.729    3.9778     0.064     0.020
    0.773    4.0561     0.064     0.020
    0.816    4.1333     0.062     0.020
    0.860    4.2185     0.060     0.018
    0.903    4.3186     0.058     0.018
    0.947    4.4327     0.060     0.020
    0.990    4.5482     0.064     0.024
    1.034    4.6371     0.068     0.034
    1.077    4.6709     0.068     0.046
    1.121    4.6607     0.064     0.048
    1.164    4.6354     0.058     0.048
    1.208    4.6137     0.052     0.048
    1.251    4.6066     0.053     0.048
    1.251    4.6066     0.053     0.048
    1.295    4.6137     0.052     0.048
    1.338    4.6354     0.058     0.048
    1.382    4.6607     0.064     0.048
    1.425    4.6709     0.068     0.046
    1.469    4.6371     0.068     0.034
    1.512    4.5482     0.064     0.024
    1.556    4.4327     0.060     0.020
    1.599    4.3186     0.058     0.018
    1.643    4.2185     0.060     0.018
    1.686    4.1333     0.062     0.020
    1.730    4.0561     0.064     0.020
    1.773    3.9778     0.064     0.020
    1.817    3.8979     0.060     0.020
    1.860    3.8211     0.062     0.020
    1.904    3.7505     0.060     0.020
    1.947    3.6910     0.058     0.018
    1.991    3.6467     0.058     0.016
    2.034    3.6210     0.056     0.016
    2.078    3.6157     0.056     0.016
    2.078    3.6157     0.056     0.016
    2.115    3.6189     0.056     0.016
    2.153    3.6371     0.056     0.016
    2.190    3.6693     0.058     0.018
    2.227    3.7140     0.058     0.018
    2.265    3.7692     0.060     0.020
    2.302    3.8330     0.062     0.020
    2.339    3.9030     0.062     0.020
    2.377    3.9781     0.062     0.020
    2.414    4.0578     0.064     0.022
    2.451    4.1413     0.068     0.024
    2.488    4.2279     0.070     0.026
    2.526    4.3190     0.068     0.026
    2.563    4.4176     0.066     0.028
    2.600    4.5260     0.062     0.030
    2.638    4.6452     0.060     0.032
    2.675    4.7750     0.060     0.032
    2.712    4.9146     0.060     0.034
    2.750    5.0624     0.062     0.034
    2.787    5.2163     0.064     0.034
 
# Band-Index:   54
    2.787    5.2163     0.064     0.034
    2.750    5.1954     0.056     0.036
    2.712    5.0291     0.054     0.034
    2.675    4.8729     0.052     0.032
    2.638    4.7273     0.052     0.030
    2.600    4.5926     0.052     0.028
    2.563    4.4688     0.052     0.026
    2.526    4.3558     0.054     0.024
    2.488    4.2531     0.058     0.024
    2.451    4.1595     0.062     0.024
    2.414    4.0726     0.064     0.024
    2.377    3.9903     0.064     0.022
    2.339    3.9127     0.060     0.020
    2.302    3.8421     0.056     0.018
    2.265    3.7803     0.054     0.016
    2.227    3.7277     0.052     0.016
    2.190    3.6841     0.054     0.016
    2.153    3.6501     0.054     0.016
    2.115    3.6267     0.056     0.016
    2.078    3.6157     0.056     0.016
    2.078    3.6157     0.056     0.016
    2.034    3.6299     0.056     0.016
    1.991    3.6602     0.054     0.016
    1.947    3.7040     0.054     0.016
    1.904    3.7601     0.054     0.016
    1.860    3.8278     0.056     0.018
    1.817    3.9049     0.060     0.020
    1.773    3.9860     0.060     0.020
    1.730    4.0698     0.056     0.018
    1.686    4.1592     0.052     0.016
    1.643    4.2585     0.050     0.016
    1.599    4.3717     0.050     0.018
    1.556    4.4960     0.054     0.022
    1.512    4.6145     0.060     0.030
    1.469    4.6862     0.068     0.048
    1.425    4.6948     0.066     0.056
    1.382    4.6705     0.062     0.056
    1.338    4.6393     0.058     0.052
    1.295    4.6142     0.054     0.048
    1.251    4.6066     0.053     0.048
    1.251    4.6066     0.053     0.048
    1.208    4.6142     0.054     0.048
    1.164    4.6393     0.058     0.052
    1.121    4.6705     0.062     0.056
    1.077    4.6948     0.066     0.056
    1.034    4.6862     0.068     0.048
    0.990    4.6145     0.060     0.030
    0.947    4.4960     0.054     0.022
    0.903    4.3717     0.050     0.018
    0.860    4.2585     0.050     0.016
    0.816    4.1592     0.052     0.016
    0.773    4.0698     0.056     0.018
    0.729    3.9860     0.060     0.020
    0.686    3.9049     0.060     0.020
    0.642    3.8278     0.056     0.018
    0.599    3.7601     0.054     0.016
    0.555    3.7040     0.054     0.016
    0.512    3.6602     0.054     0.016
    0.468    3.6299     0.056     0.016
    0.425    3.6157     0.056     0.016
    0.425    3.6157     0.056     0.016
    0.402    3.6209     0.056     0.016
    0.380    3.6307     0.056     0.016
    0.358    3.6448     0.054     0.016
    0.335    3.6625     0.054     0.016
    0.313    3.6835     0.054     0.016
    0.291    3.7077     0.052     0.016
    0.268    3.7349     0.052     0.016
    0.246    3.7651     0.052     0.016
    0.224    3.7981     0.054     0.016
    0.201    3.8358     0.064     0.022
    0.179    3.8766     0.066     0.024
    0.156    3.9184     0.068     0.024
    0.134    3.9606     0.068     0.024
    0.112    4.0022     0.068     0.024
    0.089    4.0429     0.068     0.022
    0.067    4.0847     0.056     0.016
    0.045    4.1309     0.054     0.016
    0.022    4.1788     0.054     0.016
    0.000    4.2034     0.062     0.018
 
# Band-Index:   55
    0.000    4.2293     0.054     0.016
    0.022    4.2484     0.062     0.018
    0.045    4.2975     0.060     0.016
    0.067    4.3250     0.016     0.044
    0.089    4.2770     0.016     0.042
    0.112    4.2306     0.014     0.042
    0.134    4.1860     0.014     0.040
    0.156    4.1434     0.012     0.038
    0.179    4.1030     0.012     0.038
    0.201    4.0650     0.012     0.036
    0.224    4.0297     0.012     0.036
    0.246    3.9973     0.010     0.034
    0.268    3.9679     0.010     0.034
    0.291    3.9416     0.010     0.034
    0.313    3.9189     0.010     0.034
    0.335    3.8997     0.008     0.034
    0.358    3.8845     0.008     0.032
    0.380    3.8734     0.008     0.032
    0.402    3.8669     0.008     0.032
    0.425    3.8649     0.008     0.032
    0.425    3.8649     0.008     0.032
    0.468    3.8726     0.008     0.032
    0.512    3.8969     0.008     0.032
    0.555    3.9362     0.010     0.034
    0.599    3.9887     0.010     0.034
    0.642    4.0530     0.012     0.036
    0.686    4.1280     0.012     0.038
    0.729    4.2123     0.014     0.040
    0.773    4.3048     0.016     0.042
    0.816    4.4050     0.018     0.042
    0.860    4.5117     0.022     0.044
    0.903    4.6208     0.026     0.048
    0.947    4.7255     0.030     0.052
    0.990    4.8254     0.030     0.052
    1.034    4.8405     0.060     0.058
    1.077    4.7537     0.056     0.054
    1.121    4.6862     0.054     0.052
    1.164    4.6397     0.052     0.050
    1.208    4.6157     0.054     0.050
    1.251    4.6066     0.053     0.048
    1.251    4.6066     0.053     0.048
    1.295    4.6157     0.054     0.050
    1.338    4.6397     0.052     0.050
    1.382    4.6862     0.054     0.052
    1.425    4.7537     0.056     0.054
    1.469    4.8405     0.060     0.058
    1.512    4.8254     0.030     0.052
    1.556    4.7255     0.030     0.052
    1.599    4.6208     0.026     0.048
    1.643    4.5117     0.022     0.044
    1.686    4.4050     0.018     0.042
    1.730    4.3048     0.016     0.042
    1.773    4.2123     0.014     0.040
    1.817    4.1280     0.012     0.038
    1.860    4.0530     0.012     0.036
    1.904    3.9887     0.010     0.034
    1.947    3.9362     0.010     0.034
    1.991    3.8969     0.008     0.032
    2.034    3.8726     0.008     0.032
    2.078    3.8649     0.008     0.032
    2.078    3.8649     0.008     0.032
    2.115    3.8703     0.008     0.032
    2.153    3.8880     0.008     0.032
    2.190    3.9172     0.008     0.032
    2.227    3.9567     0.010     0.034
    2.265    4.0054     0.010     0.034
    2.302    4.0626     0.010     0.036
    2.339    4.1275     0.012     0.036
    2.377    4.1996     0.012     0.038
    2.414    4.2788     0.014     0.038
    2.451    4.3658     0.016     0.038
    2.488    4.4614     0.018     0.040
    2.526    4.5664     0.020     0.040
    2.563    4.6809     0.024     0.042
    2.600    4.8046     0.030     0.042
    2.638    4.9368     0.034     0.046
    2.675    5.0763     0.038     0.048
    2.712    5.2212     0.042     0.054
    2.750    5.3684     0.044     0.060
    2.787    5.3707     0.058     0.038
 
# Band-Index:   56
    2.787    5.3707     0.058     0.038
    2.750    5.3732     0.070     0.032
    2.712    5.2491     0.042     0.050
    2.675    5.1024     0.042     0.048
    2.638    4.9635     0.038     0.046
    2.600    4.8326     0.034     0.044
    2.563    4.7098     0.030     0.042
    2.526    4.5954     0.026     0.042
    2.488    4.4892     0.022     0.040
    2.451    4.3913     0.020     0.040
    2.414    4.3009     0.018     0.038
    2.377    4.2178     0.016     0.038
    2.339    4.1419     0.016     0.036
    2.302    4.0738     0.014     0.034
    2.265    4.0141     0.012     0.034
    2.227    3.9634     0.012     0.032
    2.190    3.9223     0.010     0.032
    2.153    3.8916     0.010     0.032
    2.115    3.8722     0.008     0.032
    2.078    3.8649     0.008     0.032
    2.078    3.8649     0.008     0.032
    2.034    3.8745     0.008     0.032
    1.991    3.9003     0.010     0.032
    1.947    3.9407     0.010     0.032
    1.904    3.9943     0.012     0.034
    1.860    4.0602     0.014     0.034
    1.817    4.1375     0.016     0.036
    1.773    4.2253     0.018     0.038
    1.730    4.3226     0.020     0.040
    1.686    4.4286     0.022     0.040
    1.643    4.5416     0.024     0.040
    1.599    4.6582     0.028     0.044
    1.556    4.7715     0.030     0.048
    1.512    4.8750     0.032     0.050
    1.469    4.8869     0.064     0.060
    1.425    4.7864     0.062     0.054
    1.382    4.7072     0.058     0.052
    1.338    4.6513     0.056     0.050
    1.295    4.6185     0.054     0.048
    1.251    4.6066     0.053     0.048
    1.251    4.6066     0.053     0.048
    1.208    4.6185     0.054     0.048
    1.164    4.6513     0.056     0.050
    1.121    4.7072     0.058     0.052
    1.077    4.7864     0.062     0.054
    1.034    4.8869     0.064     0.060
    0.990    4.8750     0.032     0.050
    0.947    4.7715     0.030     0.048
    0.903    4.6582     0.028     0.044
    0.860    4.5416     0.024     0.040
    0.816    4.4286     0.022     0.040
    0.773    4.3226     0.020     0.040
    0.729    4.2253     0.018     0.038
    0.686    4.1375     0.016     0.036
    0.642    4.0602     0.014     0.034
    0.599    3.9943     0.012     0.034
    0.555    3.9407     0.010     0.032
    0.512    3.9003     0.010     0.032
    0.468    3.8745     0.008     0.032
    0.425    3.8649     0.008     0.032
    0.425    3.8649     0.008     0.032
    0.402    3.8676     0.008     0.032
    0.380    3.8749     0.008     0.032
    0.358    3.8864     0.008     0.032
    0.335    3.9020     0.010     0.032
    0.313    3.9213     0.010     0.032
    0.291    3.9443     0.010     0.032
    0.268    3.9706     0.010     0.032
    0.246    4.0002     0.012     0.034
    0.224    4.0331     0.012     0.034
    0.201    4.0691     0.014     0.034
    0.179    4.1080     0.014     0.036
    0.156    4.1497     0.016     0.036
    0.134    4.1940     0.018     0.038
    0.112    4.2406     0.018     0.040
    0.089    4.2894     0.020     0.040
    0.067    4.3403     0.020     0.040
    0.045    4.3400     0.052     0.016
    0.022    4.2830     0.052     0.016
    0.000    4.2293     0.054     0.016
 
# Band-Index:   57
    0.000    4.4789     0.020     0.046
    0.022    4.4261     0.018     0.044
    0.045    4.3748     0.018     0.044
    0.067    4.3506     0.060     0.018
    0.089    4.4069     0.062     0.018
    0.112    4.4650     0.062     0.020
    0.134    4.5226     0.064     0.022
    0.156    4.5766     0.066     0.026
    0.179    4.6234     0.068     0.030
    0.201    4.6599     0.070     0.036
    0.224    4.6848     0.070     0.042
    0.246    4.6990     0.070     0.046
    0.268    4.7047     0.068     0.048
    0.291    4.7046     0.064     0.048
    0.313    4.7009     0.062     0.050
    0.335    4.6955     0.060     0.050
    0.358    4.6899     0.058     0.048
    0.380    4.6851     0.056     0.048
    0.402    4.6820     0.056     0.048
    0.425    4.6809     0.054     0.050
    0.425    4.6809     0.054     0.050
    0.468    4.6860     0.054     0.050
    0.512    4.7056     0.054     0.052
    0.555    4.7422     0.056     0.054
    0.599    4.7972     0.060     0.056
    0.642    4.8689     0.064     0.060
    0.686    4.9522     0.068     0.064
    0.729    5.0385     0.072     0.066
    0.773    5.1159     0.076     0.066
    0.816    5.1687     0.076     0.062
    0.860    5.1784     0.076     0.058
    0.903    5.1341     0.074     0.060
    0.947    5.0464     0.070     0.062
    0.990    4.9417     0.064     0.060
    1.034    4.9469     0.028     0.040
    1.077    5.1092     0.030     0.032
    1.121    5.2767     0.036     0.028
    1.164    5.4612     0.038     0.026
    1.208    5.6406     0.044     0.024
    1.251    5.7550     0.049     0.026
    1.251    5.7550     0.048     0.026
    1.295    5.6406     0.044     0.024
    1.338    5.4612     0.038     0.026
    1.382    5.2767     0.036     0.028
    1.425    5.1092     0.030     0.032
    1.469    4.9469     0.028     0.040
    1.512    4.9417     0.064     0.060
    1.556    5.0464     0.070     0.062
    1.599    5.1341     0.074     0.060
    1.643    5.1784     0.076     0.058
    1.686    5.1687     0.076     0.062
    1.730    5.1159     0.076     0.066
    1.773    5.0385     0.072     0.066
    1.817    4.9522     0.068     0.064
    1.860    4.8689     0.064     0.060
    1.904    4.7972     0.060     0.056
    1.947    4.7422     0.056     0.054
    1.991    4.7056     0.054     0.052
    2.034    4.6860     0.054     0.050
    2.078    4.6809     0.054     0.050
    2.078    4.6809     0.054     0.050
    2.115    4.6849     0.054     0.050
    2.153    4.7008     0.054     0.050
    2.190    4.7293     0.054     0.050
    2.227    4.7716     0.054     0.052
    2.265    4.8295     0.054     0.052
    2.302    4.9053     0.056     0.054
    2.339    5.0024     0.058     0.056
    2.377    5.1247     0.062     0.060
    2.414    5.1828     0.052     0.042
    2.451    5.2051     0.054     0.044
    2.488    5.2314     0.054     0.046
    2.526    5.2684     0.054     0.050
    2.563    5.3208     0.054     0.052
    2.600    5.3908     0.052     0.052
    2.638    5.4790     0.052     0.054
    2.675    5.5843     0.052     0.054
    2.712    5.5271     0.076     0.028
    2.750    5.4030     0.042     0.054
    2.787    5.5139     0.042     0.068
 
# Band-Index:   58
    2.787    5.5139     0.042     0.068
    2.750    5.5529     0.062     0.038
    2.712    5.7042     0.052     0.056
    2.675    5.5991     0.052     0.062
    2.638    5.4949     0.052     0.062
    2.600    5.4075     0.054     0.060
    2.563    5.3377     0.054     0.058
    2.526    5.2850     0.052     0.056
    2.488    5.2470     0.052     0.054
    2.451    5.2194     0.052     0.050
    2.414    5.1969     0.050     0.048
    2.377    5.1569     0.052     0.040
    2.339    5.0339     0.060     0.058
    2.302    4.9315     0.058     0.054
    2.265    4.8505     0.056     0.052
    2.227    4.7877     0.056     0.050
    2.190    4.7409     0.056     0.050
    2.153    4.7082     0.056     0.050
    2.115    4.6886     0.054     0.050
    2.078    4.6809     0.054     0.050
    2.078    4.6809     0.054     0.050
    2.034    4.6901     0.056     0.050
    1.991    4.7162     0.058     0.050
    1.947    4.7630     0.060     0.052
    1.904    4.8312     0.064     0.056
    1.860    4.9182     0.070     0.060
    1.817    5.0178     0.074     0.066
    1.773    5.1203     0.078     0.072
    1.730    5.2127     0.080     0.078
    1.686    5.2784     0.080     0.080
    1.643    5.2930     0.080     0.080
    1.599    5.2349     0.076     0.076
    1.556    5.1263     0.072     0.072
    1.512    5.0035     0.068     0.064
    1.469    4.9782     0.032     0.046
    1.425    5.1107     0.032     0.034
    1.382    5.2982     0.030     0.028
    1.338    5.4968     0.034     0.028
    1.295    5.6808     0.040     0.026
    1.251    5.7550     0.048     0.026
    1.251    5.7550     0.049     0.026
    1.208    5.6808     0.040     0.026
    1.164    5.4968     0.034     0.028
    1.121    5.2982     0.030     0.028
    1.077    5.1107     0.032     0.034
    1.034    4.9782     0.032     0.046
    0.990    5.0035     0.068     0.064
    0.947    5.1263     0.072     0.072
    0.903    5.2349     0.076     0.076
    0.860    5.2930     0.080     0.080
    0.816    5.2784     0.080     0.080
    0.773    5.2127     0.080     0.078
    0.729    5.1203     0.078     0.072
    0.686    5.0178     0.074     0.066
    0.642    4.9182     0.070     0.060
    0.599    4.8312     0.064     0.056
    0.555    4.7630     0.060     0.052
    0.512    4.7162     0.058     0.050
    0.468    4.6901     0.056     0.050
    0.425    4.6809     0.054     0.050
    0.425    4.6809     0.054     0.050
    0.402    4.6821     0.054     0.050
    0.380    4.6855     0.056     0.052
    0.358    4.6908     0.056     0.052
    0.335    4.6975     0.058     0.054
    0.313    4.7048     0.060     0.054
    0.291    4.7116     0.062     0.056
    0.268    4.7166     0.064     0.056
    0.246    4.7178     0.066     0.056
    0.224    4.7129     0.068     0.054
    0.201    4.6991     0.068     0.050
    0.179    4.6736     0.066     0.042
    0.156    4.6347     0.064     0.034
    0.134    4.5837     0.060     0.028
    0.112    4.5248     0.058     0.024
    0.089    4.4625     0.054     0.020
    0.067    4.4002     0.054     0.018
    0.045    4.3932     0.022     0.042
    0.022    4.4480     0.024     0.042
    0.000    4.4790     0.020     0.046
 
# Band-Index:   59
    0.000    4.5045     0.024     0.042
    0.022    4.5329     0.022     0.046
    0.045    4.5876     0.024     0.048
    0.067    4.6423     0.024     0.050
    0.089    4.6967     0.026     0.052
    0.112    4.7511     0.026     0.052
    0.134    4.8069     0.026     0.052
    0.156    4.8672     0.026     0.048
    0.179    4.9354     0.026     0.044
    0.201    5.0127     0.026     0.038
    0.224    5.0620     0.050     0.042
    0.246    5.0296     0.050     0.044
    0.268    4.9964     0.050     0.046
    0.291    4.9633     0.050     0.048
    0.313    4.9315     0.052     0.048
    0.335    4.9026     0.052     0.050
    0.358    4.8785     0.052     0.050
    0.380    4.8610     0.052     0.050
    0.402    4.8518     0.052     0.052
    0.425    4.8519     0.052     0.052
    0.425    4.8519     0.052     0.052
    0.468    4.8600     0.052     0.050
    0.512    4.8974     0.052     0.050
    0.555    4.9531     0.050     0.048
    0.599    5.0157     0.050     0.046
    0.642    5.0769     0.050     0.042
    0.686    5.1336     0.052     0.042
    0.729    5.1862     0.054     0.044
    0.773    5.2351     0.056     0.050
    0.816    5.2892     0.062     0.056
    0.860    5.3413     0.064     0.060
    0.903    5.3793     0.060     0.058
    0.947    5.4076     0.052     0.050
    0.990    5.4496     0.040     0.038
    1.034    5.5286     0.028     0.030
    1.077    5.5997     0.038     0.026
    1.121    5.6461     0.040     0.024
    1.164    5.6903     0.044     0.024
    1.208    5.7266     0.046     0.024
    1.251    5.7550     0.049     0.026
    1.251    5.7550     0.048     0.026
    1.295    5.7266     0.046     0.024
    1.338    5.6903     0.044     0.024
    1.382    5.6461     0.040     0.024
    1.425    5.5997     0.038     0.026
    1.469    5.5286     0.028     0.030
    1.512    5.4496     0.040     0.038
    1.556    5.4076     0.052     0.050
    1.599    5.3793     0.060     0.058
    1.643    5.3413     0.064     0.060
    1.686    5.2892     0.062     0.056
    1.730    5.2351     0.056     0.050
    1.773    5.1862     0.054     0.044
    1.817    5.1336     0.052     0.042
    1.860    5.0769     0.050     0.042
    1.904    5.0157     0.050     0.046
    1.947    4.9531     0.050     0.048
    1.991    4.8974     0.052     0.050
    2.034    4.8600     0.052     0.050
    2.078    4.8519     0.052     0.052
    2.078    4.8519     0.052     0.052
    2.115    4.8569     0.052     0.050
    2.153    4.8839     0.052     0.050
    2.190    4.9269     0.052     0.048
    2.227    4.9782     0.050     0.046
    2.265    5.0311     0.050     0.044
    2.302    5.0805     0.050     0.042
    2.339    5.1230     0.050     0.042
    2.377    5.1614     0.062     0.064
    2.414    5.2757     0.068     0.064
    2.451    5.4557     0.078     0.070
    2.488    5.6558     0.090     0.076
    2.526    5.7986     0.068     0.062
    2.563    5.8061     0.058     0.046
    2.600    5.8031     0.062     0.038
    2.638    5.7652     0.076     0.028
    2.675    5.6660     0.080     0.026
    2.712    5.7176     0.052     0.064
    2.750    5.6523     0.036     0.076
    2.787    5.5614     0.040     0.060
 
# Band-Index:   60
    2.787    5.5614     0.040     0.060
    2.750    5.7178     0.034     0.070
    2.712    5.7336     0.066     0.044
    2.675    5.8579     0.040     0.082
    2.638    5.8949     0.044     0.060
    2.600    5.8798     0.050     0.050
    2.563    5.8568     0.056     0.052
    2.526    5.8200     0.082     0.070
    2.488    5.7007     0.076     0.100
    2.451    5.5024     0.070     0.086
    2.414    5.3174     0.066     0.072
    2.377    5.1741     0.048     0.044
    2.339    5.1459     0.048     0.044
    2.302    5.1094     0.048     0.044
    2.265    5.0645     0.048     0.046
    2.227    5.0130     0.050     0.048
    2.190    4.9590     0.052     0.050
    2.153    4.9088     0.052     0.052
    2.115    4.8705     0.052     0.052
    2.078    4.8520     0.052     0.052
    2.078    4.8520     0.052     0.052
    2.034    4.8765     0.052     0.052
    1.991    4.9263     0.052     0.050
    1.947    4.9879     0.052     0.048
    1.904    5.0491     0.050     0.046
    1.860    5.1033     0.048     0.044
    1.817    5.1494     0.048     0.044
    1.773    5.1940     0.054     0.046
    1.730    5.2519     0.064     0.048
    1.686    5.3178     0.070     0.052
    1.643    5.3761     0.070     0.056
    1.599    5.4125     0.066     0.054
    1.556    5.4324     0.056     0.048
    1.512    5.4624     0.042     0.038
    1.469    5.5317     0.030     0.030
    1.425    5.6463     0.022     0.026
    1.382    5.7100     0.036     0.026
    1.338    5.7527     0.040     0.028
    1.295    5.7698     0.046     0.028
    1.251    5.7550     0.048     0.026
    1.251    5.7550     0.049     0.026
    1.208    5.7698     0.046     0.028
    1.164    5.7527     0.040     0.028
    1.121    5.7100     0.036     0.026
    1.077    5.6463     0.022     0.026
    1.034    5.5317     0.030     0.030
    0.990    5.4624     0.042     0.038
    0.947    5.4324     0.056     0.048
    0.903    5.4125     0.066     0.054
    0.860    5.3761     0.070     0.056
    0.816    5.3178     0.070     0.052
    0.773    5.2519     0.064     0.048
    0.729    5.1940     0.054     0.046
    0.686    5.1494     0.048     0.044
    0.642    5.1033     0.048     0.044
    0.599    5.0491     0.050     0.046
    0.555    4.9879     0.052     0.048
    0.512    4.9263     0.052     0.050
    0.468    4.8765     0.052     0.052
    0.425    4.8520     0.052     0.052
    0.425    4.8520     0.052     0.052
    0.402    4.8616     0.052     0.052
    0.380    4.8799     0.052     0.052
    0.358    4.9051     0.054     0.052
    0.335    4.9352     0.054     0.050
    0.313    4.9678     0.052     0.050
    0.291    5.0012     0.052     0.048
    0.268    5.0338     0.050     0.046
    0.246    5.0648     0.048     0.044
    0.224    5.0935     0.048     0.042
    0.201    5.0389     0.032     0.044
    0.179    4.9733     0.032     0.048
    0.156    4.9130     0.032     0.050
    0.134    4.8552     0.030     0.050
    0.112    4.7978     0.030     0.050
    0.089    4.7396     0.028     0.048
    0.067    4.6807     0.028     0.046
    0.045    4.6214     0.026     0.044
    0.022    4.5625     0.026     0.042
    0.000    4.5045     0.024     0.042
 
# Band-Index:   61
    0.000    5.3206     0.058     0.054
    0.022    5.2958     0.058     0.052
    0.045    5.2711     0.056     0.050
    0.067    5.2476     0.052     0.046
    0.089    5.2259     0.050     0.044
    0.112    5.2056     0.048     0.042
    0.134    5.1791     0.052     0.040
    0.156    5.1516     0.050     0.040
    0.179    5.1231     0.050     0.040
    0.201    5.0933     0.050     0.042
    0.224    5.0982     0.028     0.036
    0.246    5.1899     0.028     0.032
    0.268    5.2769     0.034     0.032
    0.291    5.3659     0.036     0.030
    0.313    5.4557     0.038     0.030
    0.335    5.5424     0.040     0.028
    0.358    5.6208     0.044     0.028
    0.380    5.6849     0.046     0.030
    0.402    5.7291     0.048     0.030
    0.425    5.7502     0.048     0.032
    0.425    5.7502     0.048     0.032
    0.468    5.7392     0.048     0.030
    0.512    5.7314     0.046     0.028
    0.555    5.7049     0.044     0.028
    0.599    5.6600     0.040     0.026
    0.642    5.6100     0.038     0.028
    0.686    5.5647     0.038     0.028
    0.729    5.5296     0.040     0.030
    0.773    5.5080     0.044     0.036
    0.816    5.4991     0.048     0.040
    0.860    5.4960     0.050     0.044
    0.903    5.4964     0.046     0.040
    0.947    5.5042     0.042     0.034
    0.990    5.5246     0.038     0.030
    1.034    5.5575     0.038     0.026
    1.077    5.6481     0.024     0.024
    1.121    5.7906     0.022     0.026
    1.164    5.9292     0.026     0.028
    1.208    6.0084     0.032     0.030
    1.251    6.0357     0.026     0.030
    1.251    6.0357     0.026     0.030
    1.295    6.0084     0.032     0.030
    1.338    5.9292     0.026     0.028
    1.382    5.7906     0.022     0.026
    1.425    5.6481     0.024     0.024
    1.469    5.5575     0.038     0.026
    1.512    5.5246     0.038     0.030
    1.556    5.5042     0.042     0.034
    1.599    5.4964     0.046     0.040
    1.643    5.4960     0.050     0.044
    1.686    5.4991     0.048     0.040
    1.730    5.5080     0.044     0.036
    1.773    5.5296     0.040     0.030
    1.817    5.5647     0.038     0.028
    1.860    5.6100     0.038     0.028
    1.904    5.6600     0.040     0.026
    1.947    5.7049     0.044     0.028
    1.991    5.7314     0.046     0.028
    2.034    5.7392     0.048     0.030
    2.078    5.7502     0.048     0.032
    2.078    5.7502     0.048     0.032
    2.115    5.7546     0.048     0.030
    2.153    5.7976     0.050     0.030
    2.190    5.8687     0.054     0.032
    2.227    5.9542     0.056     0.030
    2.265    6.0378     0.024     0.036
    2.302    6.0738     0.036     0.048
    2.339    6.0676     0.066     0.072
    2.377    6.0358     0.074     0.074
    2.414    6.0044     0.058     0.040
    2.451    5.9294     0.050     0.036
    2.488    5.8913     0.040     0.034
    2.526    5.9530     0.054     0.040
    2.563    6.0854     0.104     0.046
    2.600    6.0848     0.100     0.048
    2.638    6.0216     0.064     0.062
    2.675    5.9143     0.052     0.040
    2.712    5.7782     0.028     0.076
    2.750    5.8336     0.056     0.058
    2.787    5.9612     0.066     0.064
 
# Band-Index:   62
    2.787    5.9612     0.066     0.064
    2.750    5.8454     0.052     0.066
    2.712    5.8593     0.026     0.082
    2.675    5.9641     0.024     0.088
    2.638    6.0325     0.036     0.092
    2.600    6.1135     0.034     0.122
    2.563    6.1214     0.040     0.124
    2.526    5.9834     0.040     0.092
    2.488    5.9317     0.040     0.040
    2.451    5.9883     0.046     0.046
    2.414    6.0233     0.074     0.068
    2.377    6.0545     0.068     0.080
    2.339    6.0864     0.068     0.076
    2.302    6.0890     0.034     0.052
    2.265    6.0407     0.060     0.030
    2.227    5.9935     0.022     0.034
    2.190    5.9503     0.024     0.036
    2.153    5.8640     0.054     0.036
    2.115    5.7883     0.050     0.032
    2.078    5.7502     0.048     0.032
    2.078    5.7502     0.048     0.032
    2.034    5.7759     0.050     0.032
    1.991    5.7928     0.046     0.032
    1.947    5.7713     0.040     0.030
    1.904    5.7232     0.036     0.028
    1.860    5.6709     0.034     0.028
    1.817    5.6254     0.032     0.026
    1.773    5.5917     0.032     0.028
    1.730    5.5715     0.034     0.030
    1.686    5.5634     0.038     0.036
    1.643    5.5604     0.038     0.042
    1.599    5.5557     0.036     0.038
    1.556    5.5612     0.032     0.032
    1.512    5.5823     0.032     0.028
    1.469    5.6166     0.032     0.026
    1.425    5.6610     0.032     0.026
    1.382    5.7917     0.022     0.026
    1.338    5.9397     0.022     0.032
    1.295    6.0258     0.030     0.030
    1.251    6.0357     0.026     0.030
    1.251    6.0357     0.026     0.030
    1.208    6.0258     0.030     0.030
    1.164    5.9397     0.022     0.032
    1.121    5.7917     0.022     0.026
    1.077    5.6610     0.032     0.026
    1.034    5.6166     0.032     0.026
    0.990    5.5823     0.032     0.028
    0.947    5.5612     0.032     0.032
    0.903    5.5557     0.036     0.038
    0.860    5.5604     0.038     0.042
    0.816    5.5634     0.038     0.036
    0.773    5.5715     0.034     0.030
    0.729    5.5917     0.032     0.028
    0.686    5.6254     0.032     0.026
    0.642    5.6709     0.034     0.028
    0.599    5.7232     0.036     0.028
    0.555    5.7713     0.040     0.030
    0.512    5.7928     0.046     0.032
    0.468    5.7759     0.050     0.032
    0.425    5.7502     0.048     0.032
    0.425    5.7502     0.048     0.032
    0.402    5.7461     0.046     0.032
    0.380    5.7138     0.044     0.030
    0.358    5.6538     0.040     0.030
    0.335    5.5732     0.036     0.030
    0.313    5.4809     0.034     0.030
    0.291    5.3837     0.032     0.030
    0.268    5.2858     0.030     0.032
    0.246    5.1913     0.032     0.036
    0.224    5.1116     0.032     0.040
    0.201    5.1198     0.046     0.042
    0.179    5.1437     0.046     0.042
    0.156    5.1654     0.046     0.040
    0.134    5.1858     0.046     0.042
    0.112    5.2063     0.054     0.040
    0.089    5.2341     0.058     0.042
    0.067    5.2631     0.060     0.044
    0.045    5.2930     0.064     0.046
    0.022    5.3229     0.066     0.048
    0.000    5.3207     0.058     0.054
 
# Band-Index:   63
    0.000    5.3514     0.066     0.050
    0.022    5.3445     0.058     0.054
    0.045    5.3670     0.056     0.054
    0.067    5.3886     0.054     0.052
    0.089    5.4108     0.050     0.048
    0.112    5.4360     0.046     0.044
    0.134    5.4666     0.040     0.040
    0.156    5.5046     0.036     0.036
    0.179    5.5511     0.032     0.032
    0.201    5.6062     0.028     0.028
    0.224    5.6686     0.026     0.028
    0.246    5.7336     0.024     0.028
    0.268    5.8019     0.024     0.028
    0.291    5.8697     0.024     0.030
    0.313    5.9336     0.024     0.034
    0.335    5.9284     0.024     0.038
    0.358    5.9056     0.026     0.040
    0.380    5.8866     0.028     0.042
    0.402    5.8742     0.028     0.044
    0.425    5.8704     0.028     0.044
    0.425    5.8704     0.028     0.044
    0.468    5.8848     0.028     0.042
    0.512    5.9233     0.024     0.038
    0.555    5.9696     0.024     0.036
    0.599    6.0118     0.028     0.038
    0.642    6.0165     0.048     0.054
    0.686    5.9586     0.068     0.068
    0.729    5.9114     0.070     0.070
    0.773    5.9144     0.072     0.072
    0.816    5.8886     0.038     0.052
    0.860    5.8943     0.054     0.056
    0.903    5.9220     0.050     0.054
    0.947    5.9552     0.038     0.042
    0.990    5.9888     0.030     0.034
    1.034    6.0232     0.028     0.032
    1.077    6.0525     0.030     0.032
    1.121    6.0625     0.034     0.032
    1.164    6.0440     0.036     0.032
    1.208    6.0456     0.024     0.036
    1.251    6.0357     0.026     0.030
    1.251    6.0357     0.026     0.030
    1.295    6.0456     0.024     0.036
    1.338    6.0440     0.036     0.032
    1.382    6.0625     0.034     0.032
    1.425    6.0525     0.030     0.032
    1.469    6.0232     0.028     0.032
    1.512    5.9888     0.030     0.034
    1.556    5.9552     0.038     0.042
    1.599    5.9220     0.050     0.054
    1.643    5.8943     0.054     0.056
    1.686    5.8886     0.038     0.052
    1.730    5.9144     0.072     0.072
    1.773    5.9114     0.070     0.070
    1.817    5.9586     0.068     0.068
    1.860    6.0165     0.048     0.054
    1.904    6.0118     0.028     0.038
    1.947    5.9696     0.024     0.036
    1.991    5.9233     0.024     0.038
    2.034    5.8848     0.028     0.042
    2.078    5.8704     0.028     0.044
    2.078    5.8704     0.028     0.044
    2.115    5.8807     0.028     0.042
    2.153    5.9106     0.026     0.040
    2.190    5.9606     0.024     0.040
    2.227    6.0045     0.022     0.036
    2.265    6.0495     0.024     0.038
    2.302    6.1131     0.062     0.030
    2.339    6.1393     0.068     0.034
    2.377    6.0889     0.066     0.040
    2.414    6.0457     0.058     0.078
    2.451    6.0388     0.072     0.064
    2.488    6.0805     0.070     0.060
    2.526    6.1430     0.068     0.056
    2.563    6.2197     0.068     0.054
    2.600    6.2453     0.044     0.136
    2.638    6.2082     0.070     0.124
    2.675    6.1446     0.088     0.092
    2.712    6.1169     0.084     0.086
    2.750    6.0646     0.082     0.076
    2.787    5.9718     0.056     0.072
 
# Band-Index:   64
    2.787    5.9718     0.056     0.072
    2.750    6.0726     0.070     0.080
    2.712    6.1269     0.090     0.082
    2.675    6.1589     0.086     0.102
    2.638    6.2554     0.090     0.078
    2.600    6.3023     0.074     0.052
    2.563    6.2438     0.038     0.134
    2.526    6.1802     0.044     0.072
    2.488    6.1146     0.048     0.074
    2.451    6.0673     0.052     0.076
    2.414    6.0775     0.054     0.052
    2.377    6.1828     0.058     0.056
    2.339    6.1987     0.032     0.032
    2.302    6.2079     0.066     0.064
    2.265    6.1835     0.054     0.030
    2.227    6.0764     0.058     0.034
    2.190    5.9652     0.058     0.036
    2.153    5.9184     0.026     0.044
    2.115    5.8845     0.028     0.044
    2.078    5.8704     0.028     0.044
    2.078    5.8704     0.028     0.044
    2.034    5.8894     0.028     0.044
    1.991    5.9324     0.024     0.042
    1.947    5.9807     0.022     0.038
    1.904    6.0237     0.026     0.040
    1.860    6.0298     0.046     0.058
    1.817    5.9726     0.064     0.072
    1.773    5.9261     0.066     0.074
    1.730    5.9170     0.032     0.046
    1.686    5.9157     0.040     0.044
    1.643    5.9268     0.040     0.056
    1.599    5.9762     0.036     0.044
    1.556    5.9923     0.030     0.034
    1.512    6.0163     0.028     0.030
    1.469    6.0500     0.026     0.030
    1.425    6.0850     0.028     0.032
    1.382    6.1065     0.030     0.036
    1.338    6.0947     0.030     0.038
    1.295    6.0624     0.026     0.034
    1.251    6.0357     0.026     0.030
    1.251    6.0357     0.026     0.030
    1.208    6.0624     0.026     0.034
    1.164    6.0947     0.030     0.038
    1.121    6.1065     0.030     0.036
    1.077    6.0850     0.028     0.032
    1.034    6.0500     0.026     0.030
    0.990    6.0163     0.028     0.030
    0.947    5.9923     0.030     0.034
    0.903    5.9762     0.036     0.044
    0.860    5.9268     0.040     0.056
    0.816    5.9157     0.040     0.044
    0.773    5.9170     0.032     0.046
    0.729    5.9261     0.066     0.074
    0.686    5.9726     0.064     0.072
    0.642    6.0298     0.046     0.058
    0.599    6.0237     0.026     0.040
    0.555    5.9807     0.022     0.038
    0.512    5.9324     0.024     0.042
    0.468    5.8894     0.028     0.044
    0.425    5.8704     0.028     0.044
    0.425    5.8704     0.028     0.044
    0.402    5.8763     0.028     0.044
    0.380    5.8912     0.028     0.046
    0.358    5.9128     0.026     0.044
    0.335    5.9378     0.024     0.040
    0.313    5.9346     0.028     0.028
    0.291    5.8736     0.026     0.026
    0.268    5.8060     0.026     0.026
    0.246    5.7363     0.026     0.026
    0.224    5.6686     0.026     0.026
    0.201    5.6097     0.030     0.028
    0.179    5.5590     0.034     0.030
    0.156    5.5174     0.040     0.034
    0.134    5.4846     0.046     0.038
    0.112    5.4591     0.050     0.042
    0.089    5.4382     0.056     0.046
    0.067    5.4192     0.060     0.048
    0.045    5.3994     0.064     0.050
    0.022    5.3771     0.066     0.050
    0.000    5.3514     0.066     0.050
 
# Band-Index:   65
    0.000    6.0668     0.066     0.078
    0.022    6.0266     0.076     0.074
    0.045    5.9934     0.074     0.072
    0.067    5.9754     0.074     0.070
    0.089    5.9729     0.072     0.068
    0.112    5.9852     0.072     0.068
    0.134    6.0097     0.070     0.064
    0.156    6.0404     0.064     0.060
    0.179    6.0651     0.050     0.052
    0.201    6.0700     0.034     0.042
    0.224    6.0557     0.026     0.036
    0.246    6.0322     0.022     0.034
    0.268    6.0059     0.022     0.034
    0.291    5.9793     0.022     0.034
    0.313    5.9533     0.022     0.036
    0.335    5.9862     0.028     0.030
    0.358    6.0321     0.028     0.030
    0.380    6.0360     0.042     0.036
    0.402    6.0221     0.040     0.034
    0.425    6.0189     0.040     0.032
    0.425    6.0189     0.040     0.032
    0.468    6.0342     0.042     0.036
    0.512    6.0942     0.054     0.048
    0.555    6.1152     0.032     0.036
    0.599    6.1055     0.030     0.036
    0.642    6.0694     0.028     0.036
    0.686    6.0190     0.028     0.036
    0.729    5.9651     0.030     0.040
    0.773    5.9258     0.064     0.074
    0.816    5.9706     0.070     0.076
    0.860    6.0607     0.060     0.062
    0.903    6.0742     0.066     0.072
    0.947    6.1999     0.072     0.072
    0.990    6.3545     0.082     0.074
    1.034    6.4289     0.050     0.046
    1.077    6.4338     0.042     0.042
    1.121    6.3908     0.036     0.026
    1.164    6.3488     0.024     0.030
    1.208    6.3162     0.022     0.036
    1.251    6.3114     0.021     0.038
    1.251    6.3114     0.021     0.038
    1.295    6.3162     0.022     0.036
    1.338    6.3488     0.024     0.030
    1.382    6.3908     0.036     0.026
    1.425    6.4338     0.042     0.042
    1.469    6.4289     0.050     0.046
    1.512    6.3545     0.082     0.074
    1.556    6.1999     0.072     0.072
    1.599    6.0742     0.066     0.072
    1.643    6.0607     0.060     0.062
    1.686    5.9706     0.070     0.076
    1.730    5.9258     0.064     0.074
    1.773    5.9651     0.030     0.040
    1.817    6.0190     0.028     0.036
    1.860    6.0694     0.028     0.036
    1.904    6.1055     0.030     0.036
    1.947    6.1152     0.032     0.036
    1.991    6.0942     0.054     0.048
    2.034    6.0342     0.042     0.036
    2.078    6.0189     0.040     0.032
    2.078    6.0189     0.040     0.032
    2.115    6.0294     0.040     0.034
    2.153    6.0710     0.048     0.044
    2.190    6.1502     0.062     0.058
    2.227    6.2341     0.032     0.032
    2.265    6.2658     0.084     0.084
    2.302    6.2256     0.082     0.062
    2.339    6.2054     0.038     0.036
    2.377    6.2437     0.026     0.030
    2.414    6.3029     0.026     0.030
    2.451    6.3750     0.028     0.032
    2.488    6.3934     0.082     0.094
    2.526    6.3182     0.074     0.106
    2.563    6.2552     0.042     0.074
    2.600    6.3240     0.038     0.084
    2.638    6.3472     0.044     0.098
    2.675    6.2978     0.066     0.092
    2.712    6.2324     0.070     0.088
    2.750    6.1865     0.070     0.084
    2.787    6.1717     0.072     0.082
 
# Band-Index:   66
    2.787    6.1717     0.072     0.082
    2.750    6.1940     0.070     0.080
    2.712    6.2505     0.070     0.074
    2.675    6.3196     0.080     0.092
    2.638    6.3647     0.100     0.054
    2.600    6.4067     0.116     0.046
    2.563    6.4762     0.148     0.030
    2.526    6.5180     0.126     0.064
    2.488    6.4626     0.030     0.034
    2.451    6.3900     0.026     0.030
    2.414    6.3116     0.024     0.030
    2.377    6.2475     0.024     0.028
    2.339    6.2703     0.058     0.056
    2.302    6.2751     0.044     0.028
    2.265    6.2679     0.038     0.036
    2.227    6.2465     0.080     0.076
    2.190    6.1604     0.070     0.050
    2.153    6.0811     0.054     0.040
    2.115    6.0351     0.044     0.034
    2.078    6.0189     0.040     0.032
    2.078    6.0189     0.040     0.032
    2.034    6.0409     0.044     0.036
    1.991    6.1050     0.058     0.044
    1.947    6.1469     0.032     0.040
    1.904    6.1324     0.032     0.036
    1.860    6.0897     0.030     0.032
    1.817    6.0367     0.030     0.034
    1.773    5.9846     0.032     0.036
    1.730    5.9412     0.036     0.040
    1.686    5.9750     0.070     0.076
    1.643    6.0643     0.066     0.080
    1.599    6.1035     0.064     0.066
    1.556    6.2583     0.088     0.094
    1.512    6.3961     0.062     0.054
    1.469    6.4608     0.050     0.042
    1.425    6.4462     0.044     0.036
    1.382    6.4063     0.040     0.030
    1.338    6.3523     0.024     0.028
    1.295    6.3287     0.022     0.034
    1.251    6.3114     0.021     0.038
    1.251    6.3114     0.021     0.038
    1.208    6.3287     0.022     0.034
    1.164    6.3523     0.024     0.028
    1.121    6.4063     0.040     0.030
    1.077    6.4462     0.044     0.036
    1.034    6.4608     0.050     0.042
    0.990    6.3961     0.062     0.054
    0.947    6.2583     0.088     0.094
    0.903    6.1035     0.064     0.066
    0.860    6.0643     0.066     0.080
    0.816    5.9750     0.070     0.076
    0.773    5.9412     0.036     0.040
    0.729    5.9846     0.032     0.036
    0.686    6.0367     0.030     0.034
    0.642    6.0897     0.030     0.032
    0.599    6.1324     0.032     0.036
    0.555    6.1469     0.032     0.040
    0.512    6.1050     0.058     0.044
    0.468    6.0409     0.044     0.036
    0.425    6.0189     0.040     0.032
    0.425    6.0189     0.040     0.032
    0.402    6.0258     0.042     0.034
    0.380    6.0432     0.046     0.036
    0.358    6.0453     0.024     0.036
    0.335    5.9916     0.024     0.036
    0.313    5.9638     0.022     0.038
    0.291    5.9901     0.022     0.036
    0.268    6.0167     0.022     0.036
    0.246    6.0432     0.022     0.036
    0.224    6.0672     0.024     0.040
    0.201    6.0820     0.034     0.048
    0.179    6.0764     0.048     0.062
    0.156    6.0511     0.058     0.070
    0.134    6.0211     0.064     0.074
    0.112    5.9975     0.064     0.074
    0.089    5.9852     0.064     0.074
    0.067    5.9858     0.064     0.076
    0.045    5.9998     0.064     0.076
    0.022    6.0269     0.066     0.078
    0.000    6.0668     0.066     0.078
 
# Band-Index:   67
    0.000    6.0739     0.080     0.074
    0.022    6.1182     0.068     0.080
    0.045    6.1790     0.068     0.080
    0.067    6.2458     0.070     0.078
    0.089    6.3134     0.070     0.076
    0.112    6.3599     0.030     0.036
    0.134    6.3149     0.034     0.038
    0.156    6.2792     0.040     0.042
    0.179    6.2613     0.054     0.052
    0.201    6.2704     0.072     0.068
    0.224    6.2951     0.084     0.080
    0.246    6.3041     0.086     0.086
    0.268    6.2762     0.082     0.082
    0.291    6.2207     0.074     0.072
    0.313    6.1586     0.064     0.062
    0.335    6.1039     0.056     0.052
    0.358    6.0627     0.048     0.044
    0.380    6.0808     0.026     0.030
    0.402    6.1340     0.026     0.030
    0.425    6.1677     0.026     0.030
    0.425    6.1677     0.026     0.030
    0.468    6.1399     0.026     0.030
    0.512    6.1151     0.030     0.032
    0.555    6.1974     0.072     0.066
    0.599    6.2568     0.084     0.076
    0.642    6.2272     0.058     0.054
    0.686    6.2644     0.034     0.038
    0.729    6.3496     0.030     0.036
    0.773    6.3170     0.078     0.084
    0.816    6.1621     0.070     0.078
    0.860    6.0787     0.080     0.076
    0.903    6.1910     0.068     0.080
    0.947    6.3245     0.070     0.068
    0.990    6.4250     0.058     0.056
    1.034    6.4621     0.078     0.058
    1.077    6.4535     0.056     0.034
    1.121    6.4209     0.036     0.036
    1.164    6.3640     0.034     0.024
    1.208    6.3331     0.024     0.030
    1.251    6.3114     0.021     0.038
    1.251    6.3114     0.021     0.038
    1.295    6.3331     0.024     0.030
    1.338    6.3640     0.034     0.024
    1.382    6.4209     0.036     0.036
    1.425    6.4535     0.056     0.034
    1.469    6.4621     0.078     0.058
    1.512    6.4250     0.058     0.056
    1.556    6.3245     0.070     0.068
    1.599    6.1910     0.068     0.080
    1.643    6.0787     0.080     0.076
    1.686    6.1621     0.070     0.078
    1.730    6.3170     0.078     0.084
    1.773    6.3496     0.030     0.036
    1.817    6.2644     0.034     0.038
    1.860    6.2272     0.058     0.054
    1.904    6.2568     0.084     0.076
    1.947    6.1974     0.072     0.066
    1.991    6.1151     0.030     0.032
    2.034    6.1399     0.026     0.030
    2.078    6.1677     0.026     0.030
    2.078    6.1677     0.026     0.030
    2.115    6.1698     0.026     0.030
    2.153    6.1821     0.028     0.030
    2.190    6.2041     0.028     0.030
    2.227    6.2559     0.092     0.062
    2.265    6.2845     0.104     0.072
    2.302    6.2946     0.048     0.044
    2.339    6.3449     0.046     0.036
    2.377    6.3896     0.054     0.038
    2.414    6.4338     0.066     0.054
    2.451    6.4382     0.078     0.078
    2.488    6.4840     0.028     0.032
    2.526    6.5643     0.034     0.040
    2.563    6.6106     0.082     0.104
    2.600    6.5176     0.074     0.108
    2.638    6.4406     0.042     0.100
    2.675    6.3563     0.074     0.060
    2.712    6.2620     0.076     0.092
    2.750    6.2254     0.078     0.088
    2.787    6.2196     0.082     0.086
 
# Band-Index:   68
    2.787    6.2196     0.082     0.086
    2.750    6.2539     0.084     0.080
    2.712    6.3344     0.090     0.072
    2.675    6.4539     0.098     0.064
    2.638    6.5001     0.068     0.050
    2.600    6.6133     0.100     0.074
    2.563    6.6908     0.062     0.064
    2.526    6.5935     0.028     0.032
    2.488    6.5803     0.102     0.078
    2.451    6.6125     0.076     0.060
    2.414    6.5512     0.038     0.024
    2.377    6.4689     0.040     0.020
    2.339    6.3958     0.052     0.022
    2.302    6.3574     0.052     0.032
    2.265    6.3132     0.038     0.034
    2.227    6.2659     0.032     0.034
    2.190    6.2257     0.030     0.032
    2.153    6.1956     0.028     0.032
    2.115    6.1763     0.026     0.030
    2.078    6.1677     0.026     0.030
    2.078    6.1677     0.026     0.030
    2.034    6.1560     0.026     0.034
    1.991    6.1418     0.028     0.038
    1.947    6.2080     0.078     0.058
    1.904    6.2731     0.096     0.070
    1.860    6.2428     0.068     0.058
    1.817    6.2747     0.040     0.042
    1.773    6.3603     0.032     0.040
    1.730    6.3625     0.084     0.096
    1.686    6.2003     0.074     0.080
    1.643    6.0965     0.058     0.062
    1.599    6.2115     0.084     0.072
    1.556    6.3287     0.072     0.066
    1.512    6.4675     0.096     0.100
    1.469    6.6078     0.086     0.080
    1.425    6.5530     0.052     0.044
    1.382    6.4308     0.034     0.032
    1.338    6.3918     0.032     0.030
    1.295    6.3348     0.024     0.028
    1.251    6.3114     0.021     0.038
    1.251    6.3114     0.021     0.038
    1.208    6.3348     0.024     0.028
    1.164    6.3918     0.032     0.030
    1.121    6.4308     0.034     0.032
    1.077    6.5530     0.052     0.044
    1.034    6.6078     0.086     0.080
    0.990    6.4675     0.096     0.100
    0.947    6.3287     0.072     0.066
    0.903    6.2115     0.084     0.072
    0.860    6.0965     0.058     0.062
    0.816    6.2003     0.074     0.080
    0.773    6.3625     0.084     0.096
    0.729    6.3603     0.032     0.040
    0.686    6.2747     0.040     0.042
    0.642    6.2428     0.068     0.058
    0.599    6.2731     0.096     0.070
    0.555    6.2080     0.078     0.058
    0.512    6.1418     0.028     0.038
    0.468    6.1560     0.026     0.034
    0.425    6.1677     0.026     0.030
    0.425    6.1677     0.026     0.030
    0.402    6.1480     0.024     0.032
    0.380    6.0984     0.024     0.036
    0.358    6.0725     0.052     0.040
    0.335    6.1145     0.060     0.046
    0.313    6.1681     0.072     0.052
    0.291    6.2282     0.082     0.058
    0.268    6.2838     0.094     0.064
    0.246    6.3169     0.102     0.070
    0.224    6.3143     0.100     0.070
    0.201    6.2915     0.086     0.064
    0.179    6.2797     0.066     0.054
    0.156    6.2938     0.048     0.046
    0.134    6.3276     0.040     0.040
    0.112    6.3721     0.036     0.038
    0.089    6.3306     0.082     0.070
    0.067    6.2679     0.084     0.072
    0.045    6.1995     0.084     0.074
    0.022    6.1328     0.082     0.076
    0.000    6.0739     0.080     0.074
 
# Band-Index:   69
    0.000    6.5422     0.054     0.052
    0.022    6.5334     0.050     0.046
    0.045    6.5054     0.032     0.040
    0.067    6.4598     0.030     0.038
    0.089    6.4095     0.028     0.036
    0.112    6.3751     0.068     0.072
    0.134    6.4146     0.072     0.060
    0.156    6.4322     0.064     0.056
    0.179    6.4349     0.056     0.052
    0.201    6.4259     0.048     0.048
    0.224    6.4101     0.042     0.044
    0.246    6.3929     0.038     0.038
    0.268    6.3800     0.034     0.034
    0.291    6.3696     0.032     0.028
    0.313    6.3747     0.028     0.026
    0.335    6.4001     0.026     0.024
    0.358    6.4397     0.026     0.024
    0.380    6.4637     0.026     0.030
    0.402    6.4321     0.024     0.034
    0.425    6.4083     0.022     0.036
    0.425    6.4083     0.022     0.036
    0.468    6.4355     0.024     0.034
    0.512    6.4755     0.026     0.030
    0.555    6.4855     0.034     0.028
    0.599    6.5243     0.048     0.038
    0.642    6.5708     0.064     0.050
    0.686    6.5485     0.074     0.064
    0.729    6.4529     0.076     0.074
    0.773    6.4540     0.028     0.036
    0.816    6.5452     0.044     0.046
    0.860    6.5330     0.062     0.062
    0.903    6.5453     0.056     0.066
    0.947    6.6363     0.054     0.070
    0.990    6.7858     0.070     0.072
    1.034    6.8569     0.028     0.054
    1.077    6.7679     0.032     0.062
    1.121    6.6955     0.030     0.052
    1.164    6.6322     0.028     0.040
    1.208    6.6028     0.024     0.030
    1.251    6.6054     0.024     0.025
    1.251    6.6054     0.024     0.025
    1.295    6.6028     0.024     0.030
    1.338    6.6322     0.028     0.040
    1.382    6.6955     0.030     0.052
    1.425    6.7679     0.032     0.062
    1.469    6.8569     0.028     0.054
    1.512    6.7858     0.070     0.072
    1.556    6.6363     0.054     0.070
    1.599    6.5453     0.056     0.066
    1.643    6.5330     0.062     0.062
    1.686    6.5452     0.044     0.046
    1.730    6.4540     0.028     0.036
    1.773    6.4529     0.076     0.074
    1.817    6.5485     0.074     0.064
    1.860    6.5708     0.064     0.050
    1.904    6.5243     0.048     0.038
    1.947    6.4855     0.034     0.028
    1.991    6.4755     0.026     0.030
    2.034    6.4355     0.024     0.034
    2.078    6.4083     0.022     0.036
    2.078    6.4083     0.022     0.036
    2.115    6.4100     0.022     0.036
    2.153    6.4226     0.022     0.038
    2.190    6.4458     0.024     0.042
    2.227    6.4786     0.024     0.046
    2.265    6.5188     0.026     0.052
    2.302    6.5511     0.036     0.056
    2.339    6.5323     0.026     0.046
    2.377    6.5601     0.030     0.048
    2.414    6.6073     0.036     0.044
    2.451    6.6449     0.032     0.042
    2.488    6.7301     0.034     0.036
    2.526    6.7339     0.094     0.112
    2.563    6.7159     0.038     0.044
    2.600    6.6393     0.054     0.052
    2.638    6.5684     0.094     0.052
    2.675    6.4774     0.050     0.064
    2.712    6.5224     0.054     0.056
    2.750    6.5365     0.052     0.050
    2.787    6.5295     0.042     0.038
 
# Band-Index:   70
    2.787    6.5295     0.042     0.038
    2.750    6.5387     0.030     0.026
    2.712    6.6053     0.016     0.018
    2.675    6.5905     0.078     0.048
    2.638    6.6015     0.104     0.058
    2.600    6.7590     0.098     0.048
    2.563    6.7366     0.072     0.058
    2.526    6.8132     0.046     0.044
    2.488    6.7775     0.036     0.036
    2.451    6.6820     0.034     0.036
    2.414    6.6143     0.040     0.056
    2.377    6.5772     0.030     0.046
    2.339    6.5506     0.024     0.048
    2.302    6.5546     0.024     0.052
    2.265    6.5497     0.036     0.048
    2.227    6.5075     0.030     0.044
    2.190    6.4684     0.026     0.040
    2.153    6.4380     0.024     0.038
    2.115    6.4177     0.022     0.036
    2.078    6.4083     0.022     0.036
    2.078    6.4083     0.022     0.036
    2.034    6.4430     0.024     0.034
    1.991    6.4807     0.028     0.030
    1.947    6.5210     0.036     0.034
    1.904    6.6089     0.060     0.072
    1.860    6.7067     0.076     0.068
    1.817    6.6731     0.082     0.084
    1.773    6.5332     0.084     0.092
    1.730    6.4681     0.034     0.040
    1.686    6.5505     0.046     0.046
    1.643    6.5730     0.058     0.056
    1.599    6.5940     0.064     0.058
    1.556    6.6606     0.066     0.062
    1.512    6.8051     0.058     0.070
    1.469    6.8699     0.034     0.060
    1.425    6.8044     0.044     0.062
    1.382    6.7305     0.038     0.048
    1.338    6.6572     0.030     0.034
    1.295    6.6185     0.026     0.026
    1.251    6.6054     0.024     0.025
    1.251    6.6054     0.024     0.025
    1.208    6.6185     0.026     0.026
    1.164    6.6572     0.030     0.034
    1.121    6.7305     0.038     0.048
    1.077    6.8044     0.044     0.062
    1.034    6.8699     0.034     0.060
    0.990    6.8051     0.058     0.070
    0.947    6.6606     0.066     0.062
    0.903    6.5940     0.064     0.058
    0.860    6.5730     0.058     0.056
    0.816    6.5505     0.046     0.046
    0.773    6.4681     0.034     0.040
    0.729    6.5332     0.084     0.092
    0.686    6.6731     0.082     0.084
    0.642    6.7067     0.076     0.068
    0.599    6.6089     0.060     0.072
    0.555    6.5210     0.036     0.034
    0.512    6.4807     0.028     0.030
    0.468    6.4430     0.024     0.034
    0.425    6.4083     0.022     0.036
    0.425    6.4083     0.022     0.036
    0.402    6.4380     0.024     0.034
    0.380    6.4650     0.026     0.028
    0.358    6.4492     0.024     0.024
    0.335    6.4146     0.026     0.024
    0.313    6.3879     0.028     0.026
    0.291    6.3768     0.030     0.030
    0.268    6.3813     0.036     0.030
    0.246    6.4034     0.040     0.034
    0.224    6.4290     0.044     0.038
    0.201    6.4508     0.050     0.044
    0.179    6.4610     0.054     0.050
    0.156    6.4529     0.060     0.058
    0.134    6.4236     0.064     0.064
    0.112    6.3806     0.078     0.066
    0.089    6.4221     0.036     0.038
    0.067    6.4719     0.036     0.038
    0.045    6.5121     0.042     0.040
    0.022    6.5400     0.038     0.044
    0.000    6.5423     0.054     0.052
 
# Band-Index:   71
    0.000    6.5639     0.046     0.048
    0.022    6.5518     0.054     0.054
    0.045    6.5699     0.052     0.056
    0.067    6.6015     0.050     0.058
    0.089    6.6501     0.048     0.058
    0.112    6.7173     0.048     0.058
    0.134    6.7904     0.088     0.072
    0.156    6.8097     0.086     0.068
    0.179    6.8066     0.082     0.064
    0.201    6.7807     0.074     0.062
    0.224    6.7516     0.066     0.062
    0.246    6.7515     0.060     0.066
    0.268    6.7811     0.062     0.068
    0.291    6.8505     0.066     0.070
    0.313    6.9455     0.070     0.074
    0.335    6.8658     0.028     0.034
    0.358    6.7561     0.024     0.032
    0.380    6.6874     0.022     0.030
    0.402    6.6944     0.024     0.026
    0.425    6.7243     0.026     0.026
    0.425    6.7243     0.026     0.026
    0.468    6.6977     0.024     0.028
    0.512    6.7120     0.024     0.034
    0.555    6.6694     0.072     0.080
    0.599    6.6096     0.054     0.046
    0.642    6.7152     0.074     0.066
    0.686    6.8193     0.090     0.068
    0.729    6.7275     0.052     0.052
    0.773    6.6159     0.038     0.038
    0.816    6.5694     0.034     0.032
    0.860    6.5971     0.038     0.036
    0.903    6.6806     0.046     0.046
    0.947    6.7939     0.054     0.054
    0.990    6.9034     0.058     0.058
    1.034    6.9529     0.072     0.080
    1.077    7.0949     0.060     0.062
    1.121    6.9634     0.038     0.038
    1.164    6.7565     0.028     0.040
    1.208    6.6219     0.024     0.036
    1.251    6.6055     0.024     0.025
    1.251    6.6055     0.024     0.025
    1.295    6.6219     0.024     0.036
    1.338    6.7565     0.028     0.040
    1.382    6.9634     0.038     0.038
    1.425    7.0949     0.060     0.062
    1.469    6.9529     0.072     0.080
    1.512    6.9034     0.058     0.058
    1.556    6.7939     0.054     0.054
    1.599    6.6806     0.046     0.046
    1.643    6.5971     0.038     0.036
    1.686    6.5694     0.034     0.032
    1.730    6.6159     0.038     0.038
    1.773    6.7275     0.052     0.052
    1.817    6.8193     0.090     0.068
    1.860    6.7152     0.074     0.066
    1.904    6.6096     0.054     0.046
    1.947    6.6694     0.072     0.080
    1.991    6.7120     0.024     0.034
    2.034    6.6977     0.024     0.028
    2.078    6.7243     0.026     0.026
    2.078    6.7243     0.026     0.026
    2.115    6.7236     0.028     0.028
    2.153    6.7224     0.030     0.030
    2.190    6.7155     0.034     0.034
    2.227    6.5971     0.066     0.074
    2.265    6.6001     0.062     0.066
    2.302    6.6084     0.054     0.054
    2.339    6.6442     0.040     0.062
    2.377    6.7094     0.038     0.062
    2.414    6.7887     0.030     0.054
    2.451    6.8294     0.116     0.116
    2.488    6.8014     0.110     0.118
    2.526    6.8160     0.112     0.106
    2.563    6.7689     0.052     0.070
    2.600    6.8375     0.030     0.034
    2.638    6.8984     0.016     0.024
    2.675    6.7379     0.014     0.020
    2.712    6.6170     0.068     0.048
    2.750    6.5596     0.034     0.026
    2.787    6.5762     0.048     0.038
 
# Band-Index:   72
    2.787    6.5762     0.048     0.038
    2.750    6.6098     0.060     0.046
    2.712    6.6204     0.028     0.020
    2.675    6.7558     0.024     0.022
    2.638    6.9198     0.022     0.026
    2.600    6.8605     0.032     0.032
    2.563    6.8541     0.060     0.126
    2.526    6.8712     0.046     0.058
    2.488    6.8970     0.120     0.118
    2.451    6.8634     0.044     0.052
    2.414    6.7934     0.052     0.062
    2.377    6.7350     0.046     0.062
    2.339    6.6804     0.038     0.058
    2.302    6.6364     0.026     0.054
    2.265    6.6197     0.064     0.072
    2.227    6.6197     0.064     0.080
    2.190    6.7204     0.030     0.036
    2.153    6.7259     0.028     0.030
    2.115    6.7256     0.026     0.028
    2.078    6.7243     0.026     0.026
    2.078    6.7243     0.026     0.026
    2.034    6.7169     0.026     0.026
    1.991    6.7383     0.026     0.030
    1.947    6.6994     0.070     0.086
    1.904    6.6163     0.060     0.072
    1.860    6.7553     0.068     0.082
    1.817    6.8437     0.060     0.056
    1.773    6.7848     0.060     0.056
    1.730    6.6539     0.044     0.038
    1.686    6.6037     0.038     0.034
    1.643    6.6355     0.042     0.038
    1.599    6.7282     0.048     0.046
    1.556    6.8546     0.056     0.056
    1.512    6.9675     0.050     0.062
    1.469    7.0083     0.058     0.064
    1.425    7.0971     0.082     0.064
    1.382    6.9650     0.034     0.042
    1.338    6.7596     0.028     0.038
    1.295    6.6381     0.026     0.030
    1.251    6.6055     0.024     0.025
    1.251    6.6055     0.024     0.025
    1.208    6.6381     0.026     0.030
    1.164    6.7596     0.028     0.038
    1.121    6.9650     0.034     0.042
    1.077    7.0971     0.082     0.064
    1.034    7.0083     0.058     0.064
    0.990    6.9675     0.050     0.062
    0.947    6.8546     0.056     0.056
    0.903    6.7282     0.048     0.046
    0.860    6.6355     0.042     0.038
    0.816    6.6037     0.038     0.034
    0.773    6.6539     0.044     0.038
    0.729    6.7848     0.060     0.056
    0.686    6.8437     0.060     0.056
    0.642    6.7553     0.068     0.082
    0.599    6.6163     0.060     0.072
    0.555    6.6994     0.070     0.086
    0.512    6.7383     0.026     0.030
    0.468    6.7169     0.026     0.026
    0.425    6.7243     0.026     0.026
    0.425    6.7243     0.026     0.026
    0.402    6.7133     0.024     0.024
    0.380    6.7103     0.022     0.026
    0.358    6.7743     0.024     0.030
    0.335    6.8812     0.026     0.034
    0.313    6.9888     0.034     0.034
    0.291    6.8830     0.066     0.074
    0.268    6.7986     0.062     0.070
    0.246    6.7555     0.060     0.068
    0.224    6.7783     0.062     0.072
    0.201    6.8222     0.068     0.078
    0.179    6.8513     0.072     0.082
    0.156    6.8495     0.076     0.084
    0.134    6.8010     0.048     0.058
    0.112    6.7412     0.054     0.056
    0.089    6.6862     0.054     0.052
    0.067    6.6428     0.054     0.052
    0.045    6.6098     0.052     0.052
    0.022    6.5848     0.050     0.050
    0.000    6.5639     0.046     0.048
 
# Band-Index:   73
    0.000    6.7998     0.056     0.082
    0.022    6.7366     0.062     0.082
    0.045    6.7032     0.072     0.084
    0.067    6.7038     0.080     0.084
    0.089    6.7268     0.084     0.080
    0.112    6.7591     0.086     0.076
    0.134    6.8087     0.056     0.058
    0.156    6.8874     0.056     0.062
    0.179    6.9732     0.058     0.068
    0.201    7.0573     0.060     0.074
    0.224    7.1259     0.064     0.074
    0.246    7.1306     0.102     0.134
    0.268    7.1367     0.104     0.132
    0.291    7.1100     0.042     0.036
    0.313    6.9888     0.068     0.078
    0.335    7.0516     0.074     0.078
    0.358    7.1448     0.088     0.104
    0.380    7.0761     0.024     0.024
    0.402    6.9909     0.016     0.018
    0.425    6.9557     0.012     0.014
    0.425    6.9557     0.012     0.014
    0.468    6.9989     0.018     0.018
    0.512    6.8588     0.084     0.092
    0.555    6.8069     0.026     0.040
    0.599    6.9302     0.032     0.046
    0.642    6.9322     0.058     0.052
    0.686    6.8717     0.074     0.088
    0.729    6.7937     0.094     0.078
    0.773    6.7112     0.090     0.086
    0.816    6.6848     0.066     0.086
    0.860    6.8048     0.058     0.064
    0.903    6.9620     0.058     0.068
    0.947    7.1170     0.060     0.074
    0.990    7.0149     0.036     0.046
    1.034    7.0132     0.062     0.060
    1.077    7.1381     0.050     0.042
    1.121    7.1073     0.042     0.042
    1.164    7.0348     0.028     0.028
    1.208    6.9582     0.022     0.022
    1.251    6.9310     0.022     0.021
    1.251    6.9310     0.022     0.021
    1.295    6.9582     0.022     0.022
    1.338    7.0348     0.028     0.028
    1.382    7.1073     0.042     0.042
    1.425    7.1381     0.050     0.042
    1.469    7.0132     0.062     0.060
    1.512    7.0149     0.036     0.046
    1.556    7.1170     0.060     0.074
    1.599    6.9620     0.058     0.068
    1.643    6.8048     0.058     0.064
    1.686    6.6848     0.066     0.086
    1.730    6.7112     0.090     0.086
    1.773    6.7937     0.094     0.078
    1.817    6.8717     0.074     0.088
    1.860    6.9322     0.058     0.052
    1.904    6.9302     0.032     0.046
    1.947    6.8069     0.026     0.040
    1.991    6.8588     0.084     0.092
    2.034    6.9989     0.018     0.018
    2.078    6.9557     0.012     0.014
    2.078    6.9557     0.012     0.014
    2.115    6.9647     0.014     0.014
    2.153    6.8944     0.086     0.096
    2.190    6.7221     0.078     0.086
    2.227    6.6931     0.040     0.042
    2.265    6.6467     0.048     0.050
    2.302    6.7209     0.088     0.064
    2.339    6.8183     0.116     0.076
    2.377    6.8240     0.116     0.096
    2.414    6.8265     0.116     0.108
    2.451    6.8811     0.030     0.050
    2.488    6.9459     0.044     0.046
    2.526    6.9460     0.046     0.068
    2.563    6.8893     0.062     0.036
    2.600    6.9057     0.076     0.116
    2.638    6.9848     0.028     0.032
    2.675    7.1442     0.028     0.032
    2.712    7.3124     0.026     0.034
    2.750    7.4217     0.024     0.034
    2.787    7.4623     0.030     0.038
 
# Band-Index:   74
    2.787    7.4623     0.030     0.038
    2.750    7.4400     0.024     0.032
    2.712    7.3393     0.026     0.032
    2.675    7.1699     0.028     0.030
    2.638    7.0096     0.030     0.030
    2.600    6.9619     0.072     0.126
    2.563    6.9610     0.058     0.100
    2.526    7.0349     0.038     0.088
    2.488    6.9821     0.024     0.050
    2.451    6.9299     0.122     0.124
    2.414    6.9186     0.120     0.118
    2.377    6.9066     0.114     0.110
    2.339    6.9244     0.120     0.096
    2.302    6.7845     0.082     0.082
    2.265    6.6591     0.034     0.050
    2.227    6.7004     0.034     0.044
    2.190    6.7592     0.076     0.092
    2.153    6.9386     0.086     0.104
    2.115    6.9695     0.014     0.016
    2.078    6.9558     0.012     0.014
    2.078    6.9558     0.012     0.014
    2.034    7.0099     0.018     0.018
    1.991    6.9016     0.084     0.100
    1.947    6.8344     0.030     0.038
    1.904    6.9614     0.036     0.044
    1.860    6.9777     0.056     0.056
    1.817    6.9036     0.062     0.056
    1.773    6.8319     0.084     0.090
    1.730    6.7504     0.086     0.086
    1.686    6.7156     0.080     0.076
    1.643    6.8113     0.052     0.078
    1.599    6.9883     0.054     0.090
    1.556    7.1620     0.056     0.100
    1.512    7.0354     0.034     0.042
    1.469    7.0753     0.062     0.062
    1.425    7.1451     0.064     0.062
    1.382    7.1464     0.046     0.044
    1.338    7.0623     0.032     0.028
    1.295    6.9738     0.024     0.022
    1.251    6.9310     0.022     0.021
    1.251    6.9310     0.022     0.021
    1.208    6.9738     0.024     0.022
    1.164    7.0623     0.032     0.028
    1.121    7.1464     0.046     0.044
    1.077    7.1451     0.064     0.062
    1.034    7.0753     0.062     0.062
    0.990    7.0354     0.034     0.042
    0.947    7.1620     0.056     0.100
    0.903    6.9883     0.054     0.090
    0.860    6.8113     0.052     0.078
    0.816    6.7156     0.080     0.076
    0.773    6.7504     0.086     0.086
    0.729    6.8319     0.084     0.090
    0.686    6.9036     0.062     0.056
    0.642    6.9777     0.056     0.056
    0.599    6.9614     0.036     0.044
    0.555    6.8344     0.030     0.038
    0.512    6.9016     0.084     0.100
    0.468    7.0099     0.018     0.018
    0.425    6.9558     0.012     0.014
    0.425    6.9558     0.012     0.014
    0.402    7.0009     0.016     0.018
    0.380    7.0860     0.024     0.024
    0.358    7.1723     0.032     0.034
    0.335    7.1059     0.072     0.080
    0.313    7.0016     0.030     0.038
    0.291    7.1159     0.038     0.044
    0.268    7.1372     0.104     0.136
    0.246    7.1328     0.100     0.130
    0.224    7.1299     0.102     0.132
    0.201    7.1003     0.046     0.042
    0.179    6.9986     0.048     0.052
    0.156    6.8965     0.048     0.056
    0.134    6.8250     0.078     0.084
    0.112    6.7917     0.080     0.084
    0.089    6.7602     0.082     0.082
    0.067    6.7386     0.082     0.080
    0.045    6.7351     0.078     0.076
    0.022    6.7578     0.072     0.072
    0.000    6.7998     0.056     0.082
 
# Band-Index:   75
    0.000    6.8078     0.066     0.068
    0.022    6.8780     0.064     0.068
    0.045    6.9610     0.064     0.072
    0.067    7.0508     0.068     0.078
    0.089    7.1368     0.070     0.084
    0.112    7.1834     0.060     0.076
    0.134    7.1699     0.046     0.056
    0.156    7.1494     0.040     0.048
    0.179    7.1481     0.040     0.042
    0.201    7.1374     0.100     0.130
    0.224    7.1347     0.098     0.130
    0.246    7.1743     0.066     0.066
    0.268    7.1863     0.052     0.050
    0.291    7.1450     0.106     0.134
    0.313    7.1562     0.108     0.136
    0.335    7.1689     0.108     0.136
    0.358    7.1767     0.032     0.036
    0.380    7.1805     0.106     0.134
    0.402    7.1925     0.112     0.138
    0.425    7.1968     0.112     0.140
    0.425    7.1968     0.112     0.140
    0.468    7.0659     0.096     0.112
    0.512    7.0882     0.028     0.030
    0.555    7.1330     0.046     0.050
    0.599    7.0734     0.052     0.064
    0.642    7.0857     0.030     0.058
    0.686    7.2079     0.030     0.060
    0.729    7.3400     0.032     0.058
    0.773    7.4491     0.034     0.048
    0.816    7.4950     0.032     0.038
    0.860    7.4629     0.032     0.038
    0.903    7.3436     0.030     0.042
    0.947    7.1747     0.028     0.044
    0.990    7.1614     0.046     0.052
    1.034    7.1696     0.042     0.042
    1.077    7.1785     0.034     0.064
    1.121    7.2080     0.058     0.078
    1.164    7.1569     0.038     0.040
    1.208    7.0014     0.024     0.026
    1.251    6.9311     0.022     0.021
    1.251    6.9311     0.022     0.021
    1.295    7.0014     0.024     0.026
    1.338    7.1569     0.038     0.040
    1.382    7.2080     0.058     0.078
    1.425    7.1785     0.034     0.064
    1.469    7.1696     0.042     0.042
    1.512    7.1614     0.046     0.052
    1.556    7.1747     0.028     0.044
    1.599    7.3436     0.030     0.042
    1.643    7.4629     0.032     0.038
    1.686    7.4950     0.032     0.038
    1.730    7.4491     0.034     0.048
    1.773    7.3400     0.032     0.058
    1.817    7.2079     0.030     0.060
    1.860    7.0857     0.030     0.058
    1.904    7.0734     0.052     0.064
    1.947    7.1330     0.046     0.050
    1.991    7.0882     0.028     0.030
    2.034    7.0659     0.096     0.112
    2.078    7.1968     0.112     0.140
    2.078    7.1968     0.112     0.140
    2.115    7.0747     0.098     0.114
    2.153    6.9957     0.016     0.016
    2.190    7.0467     0.020     0.020
    2.227    7.1125     0.024     0.024
    2.265    7.1067     0.100     0.112
    2.302    6.9970     0.098     0.112
    2.339    7.0013     0.070     0.108
    2.377    7.1986     0.078     0.110
    2.414    7.3215     0.024     0.028
    2.451    7.2800     0.034     0.048
    2.488    7.1587     0.040     0.074
    2.526    7.0841     0.024     0.052
    2.563    7.0942     0.026     0.054
    2.600    7.0490     0.024     0.042
    2.638    7.0671     0.056     0.124
    2.675    7.2529     0.046     0.110
    2.712    7.4397     0.026     0.030
    2.750    7.5023     0.026     0.030
    2.787    7.4826     0.030     0.034
 
# Band-Index:   76
    2.787    7.4826     0.030     0.034
    2.750    7.5058     0.038     0.052
    2.712    7.4423     0.038     0.100
    2.675    7.3357     0.064     0.072
    2.638    7.1217     0.080     0.098
    2.600    7.0514     0.024     0.034
    2.563    7.0984     0.052     0.046
    2.526    7.1187     0.032     0.054
    2.488    7.2607     0.038     0.062
    2.451    7.3849     0.036     0.028
    2.414    7.3531     0.008     0.012
    2.377    7.2379     0.084     0.112
    2.339    7.0682     0.066     0.128
    2.302    7.0576     0.078     0.136
    2.265    7.1556     0.090     0.132
    2.227    7.1498     0.034     0.030
    2.190    7.0682     0.024     0.022
    2.153    7.0070     0.018     0.018
    2.115    7.1174     0.100     0.124
    2.078    7.1968     0.112     0.140
    2.078    7.1968     0.112     0.140
    2.034    7.1095     0.098     0.122
    1.991    7.1025     0.028     0.030
    1.947    7.1500     0.048     0.050
    1.904    7.0927     0.056     0.062
    1.860    7.1058     0.034     0.058
    1.817    7.2346     0.034     0.056
    1.773    7.3860     0.038     0.050
    1.730    7.4944     0.038     0.040
    1.686    7.5176     0.032     0.034
    1.643    7.4983     0.032     0.032
    1.599    7.4015     0.034     0.036
    1.556    7.2229     0.034     0.036
    1.512    7.1961     0.044     0.062
    1.469    7.1770     0.046     0.052
    1.425    7.2115     0.056     0.080
    1.382    7.2569     0.060     0.064
    1.338    7.1594     0.040     0.044
    1.295    7.0178     0.024     0.024
    1.251    6.9311     0.022     0.021
    1.251    6.9311     0.022     0.021
    1.208    7.0178     0.024     0.024
    1.164    7.1594     0.040     0.044
    1.121    7.2569     0.060     0.064
    1.077    7.2115     0.056     0.080
    1.034    7.1770     0.046     0.052
    0.990    7.1961     0.044     0.062
    0.947    7.2229     0.034     0.036
    0.903    7.4015     0.034     0.036
    0.860    7.4983     0.032     0.032
    0.816    7.5176     0.032     0.034
    0.773    7.4944     0.038     0.040
    0.729    7.3860     0.038     0.050
    0.686    7.2346     0.034     0.056
    0.642    7.1058     0.034     0.058
    0.599    7.0927     0.056     0.062
    0.555    7.1500     0.048     0.050
    0.512    7.1025     0.028     0.030
    0.468    7.1095     0.098     0.122
    0.425    7.1968     0.112     0.140
    0.425    7.1968     0.112     0.140
    0.402    7.1955     0.112     0.140
    0.380    7.1894     0.112     0.140
    0.358    7.1792     0.112     0.136
    0.335    7.1810     0.108     0.138
    0.313    7.1624     0.108     0.138
    0.291    7.1481     0.106     0.138
    0.268    7.1884     0.064     0.048
    0.246    7.1900     0.054     0.048
    0.224    7.1646     0.050     0.040
    0.201    7.1428     0.096     0.128
    0.179    7.1551     0.098     0.130
    0.156    7.1644     0.040     0.054
    0.134    7.1869     0.040     0.064
    0.112    7.2048     0.050     0.088
    0.089    7.1639     0.064     0.108
    0.067    7.0722     0.062     0.100
    0.045    6.9737     0.058     0.090
    0.022    6.8812     0.056     0.084
    0.000    6.8079     0.066     0.068
 
# Band-Index:   77
    0.000    7.5733     0.082     0.120
    0.022    7.4973     0.090     0.130
    0.045    7.4196     0.092     0.128
    0.067    7.3504     0.092     0.128
    0.089    7.2911     0.092     0.126
    0.112    7.2422     0.092     0.126
    0.134    7.2039     0.094     0.126
    0.156    7.1760     0.094     0.126
    0.179    7.1562     0.042     0.054
    0.201    7.1686     0.046     0.062
    0.224    7.2316     0.046     0.064
    0.246    7.3016     0.046     0.050
    0.268    7.3014     0.042     0.068
    0.291    7.2938     0.054     0.076
    0.313    7.2907     0.054     0.066
    0.335    7.2515     0.044     0.050
    0.358    7.2197     0.096     0.114
    0.380    7.3177     0.080     0.086
    0.402    7.4369     0.076     0.078
    0.425    7.5476     0.054     0.052
    0.425    7.5476     0.054     0.052
    0.468    7.4911     0.096     0.108
    0.512    7.4626     0.106     0.132
    0.555    7.4201     0.106     0.134
    0.599    7.3593     0.108     0.128
    0.642    7.2823     0.118     0.124
    0.686    7.2827     0.126     0.124
    0.729    7.4185     0.102     0.134
    0.773    7.5360     0.086     0.126
    0.816    7.5957     0.066     0.098
    0.860    7.5457     0.044     0.064
    0.903    7.4388     0.034     0.044
    0.947    7.3541     0.034     0.038
    0.990    7.4237     0.054     0.068
    1.034    7.4645     0.038     0.062
    1.077    7.3654     0.026     0.036
    1.121    7.4664     0.030     0.032
    1.164    7.5734     0.066     0.070
    1.208    7.6514     0.062     0.064
    1.251    7.6848     0.071     0.071
    1.251    7.6848     0.071     0.071
    1.295    7.6514     0.062     0.064
    1.338    7.5734     0.066     0.070
    1.382    7.4664     0.030     0.032
    1.425    7.3654     0.026     0.036
    1.469    7.4645     0.038     0.062
    1.512    7.4237     0.054     0.068
    1.556    7.3541     0.034     0.038
    1.599    7.4388     0.034     0.044
    1.643    7.5457     0.044     0.064
    1.686    7.5957     0.066     0.098
    1.730    7.5360     0.086     0.126
    1.773    7.4185     0.102     0.134
    1.817    7.2827     0.126     0.124
    1.860    7.2823     0.118     0.124
    1.904    7.3593     0.108     0.128
    1.947    7.4201     0.106     0.134
    1.991    7.4626     0.106     0.132
    2.034    7.4911     0.096     0.108
    2.078    7.5476     0.054     0.052
    2.078    7.5476     0.054     0.052
    2.115    7.5585     0.094     0.120
    2.153    7.4983     0.104     0.134
    2.190    7.3817     0.102     0.124
    2.227    7.2423     0.102     0.116
    2.265    7.1774     0.026     0.026
    2.302    7.2130     0.018     0.018
    2.339    7.2409     0.012     0.012
    2.377    7.2849     0.010     0.012
    2.414    7.3664     0.084     0.108
    2.451    7.4090     0.018     0.032
    2.488    7.3535     0.064     0.070
    2.526    7.2226     0.080     0.060
    2.563    7.2128     0.040     0.032
    2.600    7.3222     0.038     0.026
    2.638    7.3953     0.034     0.032
    2.675    7.4796     0.036     0.036
    2.712    7.4526     0.024     0.032
    2.750    7.5236     0.028     0.030
    2.787    7.6875     0.026     0.032
 
# Band-Index:   78
    2.787    7.6875     0.026     0.032
    2.750    7.5432     0.034     0.034
    2.712    7.5225     0.048     0.030
    2.675    7.5004     0.030     0.034
    2.638    7.4353     0.042     0.026
    2.600    7.3816     0.034     0.022
    2.563    7.3236     0.072     0.022
    2.526    7.3405     0.084     0.038
    2.488    7.4497     0.050     0.046
    2.451    7.4383     0.020     0.020
    2.414    7.3745     0.032     0.024
    2.377    7.2919     0.010     0.012
    2.339    7.2520     0.012     0.014
    2.302    7.2440     0.018     0.022
    2.265    7.2345     0.044     0.038
    2.227    7.2905     0.096     0.134
    2.190    7.4288     0.102     0.138
    2.153    7.5385     0.108     0.142
    2.115    7.5988     0.114     0.144
    2.078    7.5477     0.054     0.052
    2.078    7.5477     0.054     0.052
    2.034    7.5368     0.090     0.124
    1.991    7.4891     0.102     0.138
    1.947    7.4471     0.106     0.138
    1.904    7.4039     0.108     0.138
    1.860    7.3398     0.110     0.138
    1.817    7.3190     0.106     0.142
    1.773    7.4321     0.112     0.128
    1.730    7.5674     0.096     0.124
    1.686    7.6327     0.072     0.096
    1.643    7.5648     0.044     0.058
    1.599    7.4428     0.036     0.042
    1.556    7.3696     0.042     0.042
    1.512    7.4627     0.060     0.090
    1.469    7.4983     0.040     0.074
    1.425    7.3684     0.020     0.034
    1.382    7.4868     0.026     0.032
    1.338    7.5863     0.038     0.036
    1.295    7.6521     0.070     0.072
    1.251    7.6848     0.071     0.071
    1.251    7.6848     0.071     0.071
    1.208    7.6521     0.070     0.072
    1.164    7.5863     0.038     0.036
    1.121    7.4868     0.026     0.032
    1.077    7.3684     0.020     0.034
    1.034    7.4983     0.040     0.074
    0.990    7.4627     0.060     0.090
    0.947    7.3696     0.042     0.042
    0.903    7.4428     0.036     0.042
    0.860    7.5648     0.044     0.058
    0.816    7.6327     0.072     0.096
    0.773    7.5674     0.096     0.124
    0.729    7.4321     0.112     0.128
    0.686    7.3190     0.106     0.142
    0.642    7.3398     0.110     0.138
    0.599    7.4039     0.108     0.138
    0.555    7.4471     0.106     0.138
    0.512    7.4891     0.102     0.138
    0.468    7.5368     0.090     0.124
    0.425    7.5477     0.054     0.052
    0.425    7.5477     0.054     0.052
    0.402    7.4814     0.062     0.078
    0.380    7.3566     0.068     0.082
    0.358    7.2309     0.070     0.084
    0.335    7.2581     0.044     0.046
    0.313    7.3137     0.054     0.056
    0.291    7.3387     0.054     0.060
    0.268    7.3733     0.046     0.068
    0.246    7.3323     0.046     0.062
    0.224    7.2325     0.042     0.038
    0.201    7.1743     0.040     0.038
    0.179    7.1566     0.094     0.126
    0.156    7.1814     0.094     0.132
    0.134    7.2146     0.092     0.134
    0.112    7.2556     0.090     0.134
    0.089    7.3058     0.088     0.136
    0.067    7.3658     0.088     0.138
    0.045    7.4357     0.088     0.140
    0.022    7.5152     0.088     0.142
    0.000    7.5733     0.082     0.120
 
# Band-Index:   79
    0.000    7.6002     0.086     0.138
    0.022    7.5687     0.048     0.070
    0.045    7.5021     0.038     0.052
    0.067    7.4326     0.034     0.042
    0.089    7.3757     0.028     0.034
    0.112    7.3691     0.040     0.044
    0.134    7.4424     0.058     0.066
    0.156    7.4534     0.112     0.138
    0.179    7.4175     0.112     0.140
    0.201    7.4133     0.118     0.132
    0.224    7.4498     0.116     0.132
    0.246    7.4842     0.018     0.038
    0.268    7.4644     0.028     0.028
    0.291    7.5507     0.030     0.032
    0.313    7.6081     0.024     0.024
    0.335    7.6269     0.032     0.030
    0.358    7.6474     0.044     0.042
    0.380    7.6719     0.056     0.054
    0.402    7.6915     0.062     0.060
    0.425    7.6295     0.102     0.128
    0.425    7.6295     0.102     0.128
    0.468    7.6667     0.062     0.062
    0.512    7.5975     0.052     0.052
    0.555    7.5635     0.032     0.034
    0.599    7.5744     0.106     0.128
    0.642    7.5062     0.102     0.128
    0.686    7.5159     0.096     0.130
    0.729    7.5856     0.090     0.136
    0.773    7.7064     0.088     0.136
    0.816    7.7759     0.032     0.036
    0.860    7.7598     0.030     0.044
    0.903    7.6731     0.028     0.036
    0.947    7.6384     0.030     0.032
    0.990    7.6026     0.030     0.032
    1.034    7.5488     0.028     0.028
    1.077    7.4853     0.034     0.034
    1.121    7.4901     0.052     0.056
    1.164    7.5897     0.066     0.064
    1.208    7.6532     0.062     0.060
    1.251    7.6848     0.071     0.071
    1.251    7.6848     0.071     0.071
    1.295    7.6532     0.062     0.060
    1.338    7.5897     0.066     0.064
    1.382    7.4901     0.052     0.056
    1.425    7.4853     0.034     0.034
    1.469    7.5488     0.028     0.028
    1.512    7.6026     0.030     0.032
    1.556    7.6384     0.030     0.032
    1.599    7.6731     0.028     0.036
    1.643    7.7598     0.030     0.044
    1.686    7.7759     0.032     0.036
    1.730    7.7064     0.088     0.136
    1.773    7.5856     0.090     0.136
    1.817    7.5159     0.096     0.130
    1.860    7.5062     0.102     0.128
    1.904    7.5744     0.106     0.128
    1.947    7.5635     0.032     0.034
    1.991    7.5975     0.052     0.052
    2.034    7.6667     0.062     0.062
    2.078    7.6295     0.102     0.128
    2.078    7.6295     0.102     0.128
    2.115    7.6566     0.060     0.066
    2.153    7.5963     0.060     0.062
    2.190    7.4885     0.052     0.056
    2.227    7.3745     0.040     0.044
    2.265    7.2888     0.028     0.030
    2.302    7.2979     0.046     0.040
    2.339    7.3390     0.052     0.044
    2.377    7.3597     0.052     0.042
    2.414    7.4306     0.086     0.114
    2.451    7.4468     0.088     0.098
    2.488    7.5106     0.096     0.090
    2.526    7.5998     0.036     0.022
    2.563    7.4897     0.028     0.022
    2.600    7.4286     0.052     0.034
    2.638    7.5391     0.062     0.044
    2.675    7.5146     0.026     0.036
    2.712    7.5497     0.028     0.042
    2.750    7.6578     0.030     0.068
    2.787    7.7075     0.026     0.034
 
# Band-Index:   80
    2.787    7.7075     0.026     0.034
    2.750    7.7466     0.036     0.066
    2.712    7.5953     0.052     0.070
    2.675    7.5367     0.046     0.042
    2.638    7.6017     0.038     0.036
    2.600    7.4516     0.058     0.034
    2.563    7.5115     0.036     0.026
    2.526    7.6255     0.104     0.086
    2.488    7.5746     0.032     0.024
    2.451    7.5378     0.086     0.116
    2.414    7.4344     0.054     0.046
    2.377    7.4553     0.068     0.056
    2.339    7.4362     0.068     0.054
    2.302    7.3758     0.056     0.046
    2.265    7.3338     0.040     0.036
    2.227    7.3899     0.044     0.044
    2.190    7.4951     0.054     0.054
    2.153    7.6013     0.062     0.060
    2.115    7.6721     0.064     0.064
    2.078    7.6295     0.102     0.128
    2.078    7.6295     0.102     0.128
    2.034    7.6712     0.062     0.062
    1.991    7.6027     0.052     0.054
    1.947    7.5735     0.034     0.032
    1.904    7.6005     0.116     0.128
    1.860    7.5284     0.102     0.138
    1.817    7.5345     0.098     0.138
    1.773    7.6102     0.106     0.130
    1.730    7.7367     0.102     0.120
    1.686    7.7967     0.032     0.038
    1.643    7.7659     0.034     0.040
    1.599    7.7073     0.026     0.036
    1.556    7.6713     0.028     0.036
    1.512    7.6266     0.030     0.032
    1.469    7.5635     0.032     0.030
    1.425    7.5078     0.040     0.036
    1.382    7.5158     0.058     0.056
    1.338    7.5935     0.036     0.044
    1.295    7.6589     0.070     0.068
    1.251    7.6848     0.071     0.071
    1.251    7.6848     0.071     0.071
    1.208    7.6589     0.070     0.068
    1.164    7.5935     0.036     0.044
    1.121    7.5158     0.058     0.056
    1.077    7.5078     0.040     0.036
    1.034    7.5635     0.032     0.030
    0.990    7.6266     0.030     0.032
    0.947    7.6713     0.028     0.036
    0.903    7.7073     0.026     0.036
    0.860    7.7659     0.034     0.040
    0.816    7.7967     0.032     0.038
    0.773    7.7367     0.102     0.120
    0.729    7.6102     0.106     0.130
    0.686    7.5345     0.098     0.138
    0.642    7.5284     0.102     0.138
    0.599    7.6005     0.116     0.128
    0.555    7.5735     0.034     0.032
    0.512    7.6027     0.052     0.054
    0.468    7.6712     0.062     0.062
    0.425    7.6295     0.102     0.128
    0.425    7.6295     0.102     0.128
    0.402    7.6922     0.098     0.100
    0.380    7.6810     0.056     0.058
    0.358    7.6619     0.044     0.048
    0.335    7.6478     0.028     0.034
    0.313    7.6282     0.020     0.028
    0.291    7.5615     0.024     0.032
    0.268    7.4814     0.022     0.032
    0.246    7.4980     0.024     0.040
    0.224    7.4693     0.118     0.134
    0.201    7.4242     0.116     0.138
    0.179    7.4192     0.120     0.134
    0.156    7.4718     0.122     0.134
    0.134    7.4907     0.066     0.094
    0.112    7.3984     0.052     0.064
    0.089    7.3821     0.034     0.038
    0.067    7.4387     0.032     0.040
    0.045    7.5185     0.038     0.050
    0.022    7.5984     0.048     0.064
    0.000    7.6002     0.086     0.138
 
# Band-Index:   81
    0.000    7.6740     0.062     0.086
    0.022    7.7093     0.066     0.088
    0.045    7.7279     0.080     0.102
    0.067    7.7132     0.092     0.114
    0.089    7.6662     0.102     0.124
    0.112    7.5968     0.108     0.130
    0.134    7.5198     0.110     0.134
    0.156    7.5425     0.066     0.078
    0.179    7.6310     0.066     0.082
    0.201    7.6549     0.050     0.068
    0.224    7.5812     0.030     0.050
    0.246    7.5151     0.116     0.132
    0.268    7.5975     0.114     0.132
    0.291    7.6891     0.114     0.134
    0.313    7.7827     0.110     0.136
    0.335    7.8599     0.032     0.038
    0.358    7.9000     0.122     0.092
    0.380    7.8062     0.098     0.092
    0.402    7.6960     0.064     0.064
    0.425    7.7002     0.066     0.064
    0.425    7.7002     0.066     0.064
    0.468    7.7224     0.086     0.078
    0.512    7.8311     0.082     0.110
    0.555    7.7091     0.104     0.126
    0.599    7.6385     0.020     0.022
    0.642    7.7578     0.026     0.028
    0.686    7.7380     0.036     0.044
    0.729    7.7254     0.028     0.036
    0.773    7.7728     0.030     0.046
    0.816    7.8215     0.084     0.132
    0.860    7.8085     0.022     0.036
    0.903    7.7882     0.026     0.034
    0.947    7.8054     0.028     0.036
    0.990    7.8132     0.028     0.036
    1.034    7.7927     0.032     0.044
    1.077    7.8122     0.036     0.050
    1.121    7.7000     0.018     0.020
    1.164    7.7374     0.036     0.040
    1.208    7.9315     0.036     0.042
    1.251    8.0532     0.036     0.046
    1.251    8.0532     0.036     0.046
    1.295    7.9315     0.036     0.042
    1.338    7.7374     0.036     0.040
    1.382    7.7000     0.018     0.020
    1.425    7.8122     0.036     0.050
    1.469    7.7927     0.032     0.044
    1.512    7.8132     0.028     0.036
    1.556    7.8054     0.028     0.036
    1.599    7.7882     0.026     0.034
    1.643    7.8085     0.022     0.036
    1.686    7.8215     0.084     0.132
    1.730    7.7728     0.030     0.046
    1.773    7.7254     0.028     0.036
    1.817    7.7380     0.036     0.044
    1.860    7.7578     0.026     0.028
    1.904    7.6385     0.020     0.022
    1.947    7.7091     0.104     0.126
    1.991    7.8311     0.082     0.110
    2.034    7.7224     0.086     0.078
    2.078    7.7002     0.066     0.064
    2.078    7.7002     0.066     0.064
    2.115    7.6753     0.064     0.064
    2.153    7.8098     0.078     0.066
    2.190    7.8979     0.114     0.126
    2.227    7.8670     0.124     0.148
    2.265    7.8204     0.124     0.148
    2.302    7.7651     0.120     0.144
    2.339    7.6996     0.112     0.138
    2.377    7.6294     0.100     0.128
    2.414    7.5721     0.090     0.116
    2.451    7.5966     0.070     0.090
    2.488    7.5856     0.042     0.038
    2.526    7.6361     0.044     0.026
    2.563    7.7199     0.018     0.020
    2.600    7.7040     0.050     0.044
    2.638    7.6118     0.062     0.040
    2.675    7.6800     0.064     0.042
    2.712    7.8039     0.056     0.032
    2.750    7.8698     0.036     0.034
    2.787    7.8462     0.026     0.070
 
# Band-Index:   82
    2.787    7.8462     0.026     0.070
    2.750    7.9100     0.018     0.032
    2.712    7.9037     0.048     0.026
    2.675    7.7708     0.058     0.038
    2.638    7.6143     0.032     0.046
    2.600    7.7294     0.048     0.056
    2.563    7.7326     0.024     0.020
    2.526    7.6767     0.016     0.026
    2.488    7.6066     0.092     0.116
    2.451    7.6069     0.084     0.102
    2.414    7.6183     0.120     0.106
    2.377    7.6451     0.120     0.120
    2.339    7.7091     0.124     0.130
    2.302    7.7722     0.128     0.138
    2.265    7.8282     0.132     0.142
    2.227    7.8805     0.140     0.142
    2.190    7.9333     0.136     0.134
    2.153    7.8687     0.056     0.084
    2.115    7.6962     0.064     0.066
    2.078    7.7002     0.066     0.064
    2.078    7.7002     0.066     0.064
    2.034    7.7631     0.064     0.092
    1.991    7.8459     0.110     0.084
    1.947    7.7400     0.128     0.116
    1.904    7.6558     0.022     0.020
    1.860    7.7897     0.028     0.026
    1.817    7.7575     0.034     0.048
    1.773    7.7500     0.028     0.038
    1.730    7.7925     0.028     0.034
    1.686    7.8310     0.088     0.126
    1.643    7.8164     0.024     0.034
    1.599    7.8146     0.030     0.032
    1.556    7.8332     0.030     0.032
    1.512    7.8338     0.028     0.034
    1.469    7.8166     0.032     0.044
    1.425    7.8359     0.036     0.048
    1.382    7.7016     0.016     0.018
    1.338    7.7561     0.036     0.044
    1.295    7.9495     0.036     0.048
    1.251    8.0532     0.036     0.046
    1.251    8.0532     0.036     0.046
    1.208    7.9495     0.036     0.048
    1.164    7.7561     0.036     0.044
    1.121    7.7016     0.016     0.018
    1.077    7.8359     0.036     0.048
    1.034    7.8166     0.032     0.044
    0.990    7.8338     0.028     0.034
    0.947    7.8332     0.030     0.032
    0.903    7.8146     0.030     0.032
    0.860    7.8164     0.024     0.034
    0.816    7.8310     0.088     0.126
    0.773    7.7925     0.028     0.034
    0.729    7.7500     0.028     0.038
    0.686    7.7575     0.034     0.048
    0.642    7.7897     0.028     0.026
    0.599    7.6558     0.022     0.020
    0.555    7.7400     0.128     0.116
    0.512    7.8459     0.110     0.084
    0.468    7.7631     0.064     0.092
    0.425    7.7002     0.066     0.064
    0.425    7.7002     0.066     0.064
    0.402    7.7380     0.074     0.106
    0.380    7.8459     0.064     0.110
    0.358    7.9080     0.070     0.130
    0.335    7.8677     0.100     0.140
    0.313    7.8003     0.026     0.028
    0.291    7.7214     0.132     0.128
    0.268    7.6269     0.128     0.130
    0.246    7.5403     0.122     0.132
    0.224    7.6098     0.028     0.060
    0.201    7.6952     0.038     0.088
    0.179    7.6882     0.060     0.114
    0.156    7.6005     0.068     0.112
    0.134    7.5554     0.120     0.132
    0.112    7.6463     0.116     0.130
    0.089    7.7235     0.108     0.124
    0.067    7.7705     0.094     0.114
    0.045    7.7775     0.080     0.100
    0.022    7.7115     0.088     0.126
    0.000    7.6740     0.062     0.086
 
# Band-Index:   83
    0.000    7.6910     0.054     0.078
    0.022    7.7155     0.084     0.144
    0.045    7.8131     0.092     0.136
    0.067    7.9291     0.092     0.140
    0.089    8.0539     0.092     0.142
    0.112    8.1831     0.090     0.142
    0.134    8.2254     0.044     0.064
    0.156    8.1087     0.036     0.048
    0.179    7.9971     0.034     0.046
    0.201    7.9396     0.040     0.054
    0.224    7.9558     0.042     0.056
    0.246    7.9568     0.024     0.034
    0.268    7.8876     0.012     0.014
    0.291    7.8156     0.012     0.014
    0.313    7.8060     0.024     0.030
    0.335    7.8779     0.032     0.040
    0.358    7.9580     0.034     0.040
    0.380    8.0587     0.034     0.040
    0.402    8.1402     0.148     0.132
    0.425    8.1596     0.142     0.136
    0.425    8.1596     0.142     0.136
    0.468    8.1000     0.146     0.132
    0.512    8.0443     0.092     0.130
    0.555    7.9892     0.034     0.044
    0.599    7.9021     0.034     0.048
    0.642    7.8290     0.030     0.048
    0.686    7.8545     0.030     0.038
    0.729    7.8183     0.030     0.038
    0.773    7.8264     0.022     0.040
    0.816    7.8691     0.016     0.056
    0.860    7.9580     0.090     0.136
    0.903    8.1440     0.088     0.144
    0.947    8.0348     0.012     0.020
    0.990    7.9534     0.036     0.046
    1.034    7.8480     0.046     0.054
    1.077    7.8467     0.018     0.022
    1.121    7.8788     0.038     0.050
    1.164    7.9567     0.036     0.048
    1.208    8.0211     0.036     0.044
    1.251    8.0533     0.036     0.046
    1.251    8.0533     0.036     0.046
    1.295    8.0211     0.036     0.044
    1.338    7.9567     0.036     0.048
    1.382    7.8788     0.038     0.050
    1.425    7.8467     0.018     0.022
    1.469    7.8480     0.046     0.054
    1.512    7.9534     0.036     0.046
    1.556    8.0348     0.012     0.020
    1.599    8.1440     0.088     0.144
    1.643    7.9580     0.090     0.136
    1.686    7.8691     0.016     0.056
    1.730    7.8264     0.022     0.040
    1.773    7.8183     0.030     0.038
    1.817    7.8545     0.030     0.038
    1.860    7.8290     0.030     0.048
    1.904    7.9021     0.034     0.048
    1.947    7.9892     0.034     0.044
    1.991    8.0443     0.092     0.130
    2.034    8.1000     0.146     0.132
    2.078    8.1596     0.142     0.136
    2.078    8.1596     0.142     0.136
    2.115    8.1119     0.146     0.134
    2.153    8.0313     0.146     0.128
    2.190    8.0516     0.052     0.100
    2.227    8.2074     0.052     0.082
    2.265    8.2881     0.034     0.060
    2.302    8.2821     0.038     0.076
    2.339    8.1664     0.052     0.094
    2.377    7.9778     0.062     0.114
    2.414    7.7752     0.070     0.118
    2.451    7.6291     0.066     0.110
    2.488    7.6594     0.044     0.036
    2.526    7.6820     0.026     0.026
    2.563    7.7410     0.096     0.058
    2.600    7.8214     0.016     0.016
    2.638    7.9455     0.014     0.016
    2.675    8.0817     0.016     0.016
    2.712    8.0936     0.020     0.034
    2.750    7.9616     0.042     0.026
    2.787    7.9350     0.028     0.064
 
# Band-Index:   84
    2.787    7.9350     0.028     0.064
    2.750    8.0167     0.028     0.078
    2.712    8.1220     0.026     0.032
    2.675    8.1077     0.022     0.014
    2.638    7.9586     0.022     0.014
    2.600    7.8310     0.020     0.016
    2.563    7.8085     0.066     0.082
    2.526    7.7503     0.098     0.128
    2.488    7.6946     0.064     0.042
    2.451    7.7100     0.112     0.104
    2.414    7.8271     0.080     0.126
    2.377    8.0598     0.080     0.146
    2.339    8.2478     0.052     0.158
    2.302    8.3504     0.028     0.120
    2.265    8.3305     0.032     0.074
    2.227    8.2470     0.074     0.066
    2.190    8.0955     0.098     0.074
    2.153    8.0567     0.124     0.138
    2.115    8.1263     0.136     0.140
    2.078    8.1596     0.142     0.136
    2.078    8.1596     0.142     0.136
    2.034    8.1126     0.132     0.140
    1.991    8.0755     0.032     0.042
    1.947    8.0015     0.034     0.044
    1.904    7.9141     0.034     0.046
    1.860    7.8492     0.034     0.040
    1.817    7.9003     0.038     0.030
    1.773    7.8615     0.034     0.032
    1.730    7.8453     0.028     0.036
    1.686    7.9323     0.020     0.058
    1.643    7.9743     0.086     0.150
    1.599    8.1696     0.086     0.160
    1.556    8.0445     0.012     0.018
    1.512    7.9894     0.052     0.036
    1.469    7.8994     0.060     0.052
    1.425    7.8516     0.018     0.024
    1.382    7.8927     0.036     0.048
    1.338    7.9681     0.038     0.048
    1.295    8.0337     0.038     0.048
    1.251    8.0533     0.036     0.046
    1.251    8.0533     0.036     0.046
    1.208    8.0337     0.038     0.048
    1.164    7.9681     0.038     0.048
    1.121    7.8927     0.036     0.048
    1.077    7.8516     0.018     0.024
    1.034    7.8994     0.060     0.052
    0.990    7.9894     0.052     0.036
    0.947    8.0445     0.012     0.018
    0.903    8.1696     0.086     0.160
    0.860    7.9743     0.086     0.150
    0.816    7.9323     0.020     0.058
    0.773    7.8453     0.028     0.036
    0.729    7.8615     0.034     0.032
    0.686    7.9003     0.038     0.030
    0.642    7.8492     0.034     0.040
    0.599    7.9141     0.034     0.046
    0.555    8.0015     0.034     0.044
    0.512    8.0755     0.032     0.042
    0.468    8.1126     0.132     0.140
    0.425    8.1596     0.142     0.136
    0.425    8.1596     0.142     0.136
    0.402    8.1427     0.034     0.040
    0.380    8.0804     0.034     0.042
    0.358    7.9792     0.034     0.042
    0.335    7.8971     0.148     0.116
    0.313    7.8164     0.140     0.126
    0.291    7.8285     0.012     0.014
    0.268    7.9011     0.012     0.016
    0.246    7.9650     0.024     0.028
    0.224    8.0033     0.048     0.048
    0.201    8.0018     0.064     0.048
    0.179    8.0432     0.058     0.034
    0.156    8.1404     0.054     0.038
    0.134    8.2396     0.060     0.060
    0.112    8.1946     0.086     0.162
    0.089    8.0641     0.088     0.160
    0.067    7.9384     0.088     0.156
    0.045    7.8210     0.086     0.152
    0.022    7.7464     0.064     0.084
    0.000    7.6910     0.054     0.078
 
# Band-Index:   85
    0.000    8.5149     0.084     0.074
    0.022    8.5142     0.080     0.070
    0.045    8.5052     0.086     0.076
    0.067    8.4783     0.082     0.072
    0.089    8.4293     0.076     0.068
    0.112    8.3553     0.056     0.062
    0.134    8.3431     0.092     0.136
    0.156    8.4714     0.090     0.144
    0.179    8.5493     0.056     0.068
    0.201    8.4758     0.044     0.040
    0.224    8.3798     0.040     0.036
    0.246    8.3271     0.056     0.056
    0.268    8.3352     0.064     0.066
    0.291    8.2859     0.066     0.094
    0.313    8.1860     0.064     0.098
    0.335    8.0924     0.062     0.112
    0.358    8.0626     0.096     0.138
    0.380    8.0994     0.152     0.124
    0.402    8.1482     0.136     0.138
    0.425    8.1839     0.034     0.040
    0.425    8.1839     0.034     0.040
    0.468    8.1478     0.034     0.040
    0.512    8.0783     0.122     0.100
    0.555    8.1735     0.068     0.094
    0.599    8.2179     0.024     0.034
    0.642    8.0925     0.026     0.036
    0.686    8.0613     0.014     0.022
    0.729    8.1746     0.024     0.030
    0.773    8.1676     0.048     0.042
    0.816    8.0746     0.048     0.022
    0.860    8.2038     0.040     0.038
    0.903    8.1705     0.016     0.022
    0.947    8.1708     0.050     0.064
    0.990    7.9960     0.020     0.030
    1.034    8.0935     0.028     0.044
    1.077    8.1495     0.068     0.068
    1.121    8.2606     0.070     0.074
    1.164    8.3318     0.048     0.048
    1.208    8.3353     0.024     0.028
    1.251    8.3419     0.016     0.027
    1.251    8.3419     0.016     0.027
    1.295    8.3353     0.024     0.028
    1.338    8.3318     0.048     0.048
    1.382    8.2606     0.070     0.074
    1.425    8.1495     0.068     0.068
    1.469    8.0935     0.028     0.044
    1.512    7.9960     0.020     0.030
    1.556    8.1708     0.050     0.064
    1.599    8.1705     0.016     0.022
    1.643    8.2038     0.040     0.038
    1.686    8.0746     0.048     0.022
    1.730    8.1676     0.048     0.042
    1.773    8.1746     0.024     0.030
    1.817    8.0613     0.014     0.022
    1.860    8.0925     0.026     0.036
    1.904    8.2179     0.024     0.034
    1.947    8.1735     0.068     0.094
    1.991    8.0783     0.122     0.100
    2.034    8.1478     0.034     0.040
    2.078    8.1839     0.034     0.040
    2.078    8.1839     0.034     0.040
    2.115    8.1867     0.034     0.040
    2.153    8.2002     0.034     0.042
    2.190    8.2240     0.034     0.044
    2.227    8.2561     0.034     0.050
    2.265    8.3674     0.052     0.078
    2.302    8.3789     0.034     0.088
    2.339    8.3065     0.032     0.072
    2.377    8.1562     0.036     0.044
    2.414    7.9838     0.062     0.048
    2.451    7.8139     0.078     0.050
    2.488    7.7315     0.082     0.098
    2.526    7.7757     0.008     0.014
    2.563    7.8225     0.008     0.012
    2.600    7.9554     0.010     0.014
    2.638    8.1087     0.012     0.022
    2.675    8.2112     0.078     0.102
    2.712    8.1648     0.038     0.088
    2.750    8.0438     0.052     0.020
    2.787    8.0815     0.058     0.028
 
# Band-Index:   86
    2.787    8.0815     0.058     0.028
    2.750    8.1022     0.028     0.074
    2.712    8.2056     0.050     0.088
    2.675    8.2612     0.056     0.108
    2.638    8.1202     0.016     0.024
    2.600    7.9592     0.012     0.016
    2.563    7.8238     0.008     0.012
    2.526    7.7794     0.010     0.016
    2.488    7.8329     0.098     0.104
    2.451    7.8256     0.064     0.044
    2.414    8.0364     0.056     0.050
    2.377    8.2242     0.038     0.056
    2.339    8.3667     0.032     0.042
    2.302    8.4808     0.034     0.038
    2.265    8.3959     0.066     0.066
    2.227    8.2862     0.034     0.056
    2.190    8.2443     0.034     0.048
    2.153    8.2125     0.034     0.042
    2.115    8.1924     0.034     0.040
    2.078    8.1840     0.034     0.040
    2.078    8.1840     0.034     0.040
    2.034    8.1633     0.034     0.042
    1.991    8.0913     0.034     0.042
    1.947    8.2249     0.088     0.082
    1.904    8.2461     0.026     0.032
    1.860    8.1143     0.030     0.038
    1.817    8.0692     0.014     0.022
    1.773    8.2092     0.016     0.018
    1.730    8.2475     0.054     0.036
    1.686    8.1623     0.048     0.018
    1.643    8.2867     0.044     0.034
    1.599    8.1953     0.014     0.016
    1.556    8.1959     0.060     0.056
    1.512    8.0087     0.020     0.032
    1.469    8.1213     0.032     0.046
    1.425    8.2357     0.084     0.094
    1.382    8.3161     0.026     0.034
    1.338    8.3406     0.022     0.028
    1.295    8.3368     0.018     0.024
    1.251    8.3419     0.016     0.027
    1.251    8.3419     0.016     0.027
    1.208    8.3368     0.018     0.024
    1.164    8.3406     0.022     0.028
    1.121    8.3161     0.026     0.034
    1.077    8.2357     0.084     0.094
    1.034    8.1213     0.032     0.046
    0.990    8.0087     0.020     0.032
    0.947    8.1959     0.060     0.056
    0.903    8.1953     0.014     0.016
    0.860    8.2867     0.044     0.034
    0.816    8.1623     0.048     0.018
    0.773    8.2475     0.054     0.036
    0.729    8.2092     0.016     0.018
    0.686    8.0692     0.014     0.022
    0.642    8.1143     0.030     0.038
    0.599    8.2461     0.026     0.032
    0.555    8.2249     0.088     0.082
    0.512    8.0913     0.034     0.042
    0.468    8.1633     0.034     0.042
    0.425    8.1840     0.034     0.040
    0.425    8.1840     0.034     0.040
    0.402    8.1593     0.034     0.042
    0.380    8.1087     0.126     0.140
    0.358    8.0787     0.142     0.098
    0.335    8.1409     0.106     0.086
    0.313    8.2348     0.090     0.084
    0.291    8.3295     0.082     0.082
    0.268    8.3820     0.066     0.090
    0.246    8.4072     0.072     0.076
    0.224    8.4141     0.058     0.058
    0.201    8.4836     0.032     0.028
    0.179    8.5900     0.048     0.074
    0.156    8.4885     0.088     0.170
    0.134    8.3500     0.088     0.158
    0.112    8.3583     0.070     0.062
    0.089    8.4495     0.064     0.066
    0.067    8.5234     0.076     0.074
    0.045    8.5232     0.072     0.066
    0.022    8.5150     0.086     0.076
    0.000    8.5149     0.084     0.074
 
# Band-Index:   87
    0.000    8.6068     0.096     0.078
    0.022    8.5986     0.092     0.078
    0.045    8.5726     0.086     0.078
    0.067    8.5487     0.064     0.064
    0.089    8.5890     0.060     0.066
    0.112    8.6346     0.060     0.070
    0.134    8.6718     0.062     0.078
    0.156    8.6863     0.064     0.086
    0.179    8.6676     0.070     0.130
    0.201    8.6205     0.064     0.088
    0.224    8.5524     0.064     0.088
    0.246    8.4716     0.064     0.090
    0.268    8.4188     0.076     0.080
    0.291    8.3659     0.058     0.060
    0.313    8.3928     0.050     0.050
    0.335    8.4111     0.040     0.038
    0.358    8.4240     0.030     0.030
    0.380    8.4381     0.022     0.024
    0.402    8.4534     0.016     0.022
    0.425    8.4850     0.016     0.028
    0.425    8.4850     0.016     0.028
    0.468    8.4540     0.016     0.022
    0.512    8.4133     0.020     0.026
    0.555    8.3306     0.022     0.030
    0.599    8.3406     0.066     0.084
    0.642    8.4154     0.056     0.086
    0.686    8.3533     0.054     0.066
    0.729    8.3517     0.048     0.046
    0.773    8.4093     0.018     0.018
    0.816    8.3773     0.088     0.068
    0.860    8.3978     0.100     0.080
    0.903    8.3629     0.086     0.070
    0.947    8.3944     0.092     0.148
    0.990    8.4329     0.062     0.076
    1.034    8.2666     0.036     0.034
    1.077    8.2373     0.028     0.042
    1.121    8.3431     0.028     0.032
    1.164    8.3554     0.022     0.026
    1.208    8.3442     0.024     0.028
    1.251    8.3419     0.016     0.027
    1.251    8.3419     0.016     0.027
    1.295    8.3442     0.024     0.028
    1.338    8.3554     0.022     0.026
    1.382    8.3431     0.028     0.032
    1.425    8.2373     0.028     0.042
    1.469    8.2666     0.036     0.034
    1.512    8.4329     0.062     0.076
    1.556    8.3944     0.092     0.148
    1.599    8.3629     0.086     0.070
    1.643    8.3978     0.100     0.080
    1.686    8.3773     0.088     0.068
    1.730    8.4093     0.018     0.018
    1.773    8.3517     0.048     0.046
    1.817    8.3533     0.054     0.066
    1.860    8.4154     0.056     0.086
    1.904    8.3406     0.066     0.084
    1.947    8.3306     0.022     0.030
    1.991    8.4133     0.020     0.026
    2.034    8.4540     0.016     0.022
    2.078    8.4850     0.016     0.028
    2.078    8.4850     0.016     0.028
    2.115    8.4872     0.018     0.028
    2.153    8.4958     0.018     0.030
    2.190    8.5058     0.020     0.034
    2.227    8.5016     0.028     0.044
    2.265    8.4622     0.032     0.066
    2.302    8.5229     0.052     0.078
    2.339    8.5559     0.066     0.032
    2.377    8.5762     0.048     0.048
    2.414    8.4787     0.012     0.036
    2.451    8.2364     0.012     0.026
    2.488    7.9843     0.014     0.022
    2.526    7.8074     0.080     0.084
    2.563    7.8897     0.056     0.112
    2.600    7.9999     0.090     0.122
    2.638    8.1351     0.094     0.114
    2.675    8.2618     0.016     0.042
    2.712    8.2457     0.020     0.020
    2.750    8.2253     0.066     0.024
    2.787    8.1927     0.054     0.018
 
# Band-Index:   88
    2.787    8.1927     0.054     0.018
    2.750    8.3534     0.060     0.018
    2.712    8.2719     0.020     0.014
    2.675    8.2822     0.018     0.048
    2.638    8.2488     0.088     0.124
    2.600    8.1261     0.112     0.128
    2.563    7.9421     0.116     0.124
    2.526    7.8921     0.074     0.096
    2.488    7.9923     0.016     0.024
    2.451    8.2463     0.016     0.028
    2.414    8.4953     0.014     0.034
    2.377    8.6476     0.042     0.036
    2.339    8.6513     0.068     0.030
    2.302    8.5378     0.060     0.064
    2.265    8.5362     0.030     0.044
    2.227    8.5575     0.018     0.030
    2.190    8.5276     0.016     0.028
    2.153    8.5050     0.016     0.028
    2.115    8.4908     0.016     0.028
    2.078    8.4850     0.016     0.028
    2.078    8.4850     0.016     0.028
    2.034    8.4658     0.018     0.024
    1.991    8.4297     0.022     0.024
    1.947    8.3531     0.024     0.026
    1.904    8.3839     0.074     0.076
    1.860    8.4534     0.058     0.094
    1.817    8.3824     0.056     0.072
    1.773    8.3688     0.056     0.056
    1.730    8.4099     0.066     0.056
    1.686    8.4191     0.098     0.076
    1.643    8.4091     0.018     0.016
    1.599    8.3835     0.080     0.078
    1.556    8.4159     0.090     0.156
    1.512    8.4504     0.062     0.076
    1.469    8.2715     0.028     0.024
    1.425    8.2796     0.032     0.040
    1.382    8.3561     0.074     0.088
    1.338    8.3827     0.044     0.054
    1.295    8.3450     0.018     0.026
    1.251    8.3419     0.016     0.027
    1.251    8.3419     0.016     0.027
    1.208    8.3450     0.018     0.026
    1.164    8.3827     0.044     0.054
    1.121    8.3561     0.074     0.088
    1.077    8.2796     0.032     0.040
    1.034    8.2715     0.028     0.024
    0.990    8.4504     0.062     0.076
    0.947    8.4159     0.090     0.156
    0.903    8.3835     0.080     0.078
    0.860    8.4091     0.018     0.016
    0.816    8.4191     0.098     0.076
    0.773    8.4099     0.066     0.056
    0.729    8.3688     0.056     0.056
    0.686    8.3824     0.056     0.072
    0.642    8.4534     0.058     0.094
    0.599    8.3839     0.074     0.076
    0.555    8.3531     0.024     0.026
    0.512    8.4297     0.022     0.024
    0.468    8.4658     0.018     0.024
    0.425    8.4850     0.016     0.028
    0.425    8.4850     0.016     0.028
    0.402    8.4626     0.018     0.026
    0.380    8.4412     0.022     0.024
    0.358    8.4443     0.028     0.032
    0.335    8.4505     0.038     0.042
    0.313    8.4532     0.048     0.052
    0.291    8.4472     0.058     0.064
    0.268    8.4293     0.068     0.076
    0.246    8.5007     0.072     0.078
    0.224    8.5739     0.068     0.076
    0.201    8.6364     0.068     0.076
    0.179    8.6684     0.064     0.088
    0.156    8.7091     0.068     0.074
    0.134    8.7073     0.072     0.068
    0.112    8.6825     0.074     0.064
    0.089    8.6484     0.078     0.060
    0.067    8.6202     0.084     0.062
    0.045    8.6067     0.092     0.066
    0.022    8.6057     0.096     0.072
    0.000    8.6068     0.096     0.078
 
# Band-Index:   89
    0.000    9.3816     0.034     0.040
    0.022    9.3438     0.030     0.032
    0.045    9.2713     0.032     0.026
    0.067    9.1650     0.034     0.022
    0.089    9.0419     0.038     0.022
    0.112    8.9262     0.042     0.026
    0.134    8.8180     0.042     0.028
    0.156    8.7151     0.044     0.036
    0.179    8.6708     0.074     0.114
    0.201    8.7796     0.082     0.140
    0.224    8.8712     0.066     0.104
    0.246    8.9239     0.066     0.096
    0.268    8.9833     0.072     0.112
    0.291    9.0181     0.058     0.072
    0.313    9.0171     0.070     0.090
    0.335    8.9528     0.026     0.062
    0.358    8.8452     0.024     0.048
    0.380    8.7287     0.022     0.040
    0.402    8.6192     0.020     0.032
    0.425    8.5594     0.018     0.028
    0.425    8.5594     0.018     0.028
    0.468    8.6194     0.020     0.034
    0.512    8.7208     0.026     0.046
    0.555    8.7695     0.040     0.082
    0.599    8.6045     0.064     0.116
    0.642    8.4814     0.062     0.080
    0.686    8.5509     0.060     0.074
    0.729    8.5022     0.058     0.060
    0.773    8.4315     0.076     0.054
    0.816    8.5459     0.022     0.018
    0.860    8.4361     0.016     0.016
    0.903    8.4469     0.048     0.048
    0.947    8.5050     0.066     0.076
    0.990    8.4877     0.038     0.046
    1.034    8.3680     0.050     0.070
    1.077    8.4151     0.050     0.092
    1.121    8.5724     0.040     0.088
    1.164    8.5623     0.024     0.048
    1.208    8.4830     0.020     0.034
    1.251    8.4423     0.019     0.028
    1.251    8.4423     0.019     0.028
    1.295    8.4830     0.020     0.034
    1.338    8.5623     0.024     0.048
    1.382    8.5724     0.040     0.088
    1.425    8.4151     0.050     0.092
    1.469    8.3680     0.050     0.070
    1.512    8.4877     0.038     0.046
    1.556    8.5050     0.066     0.076
    1.599    8.4469     0.048     0.048
    1.643    8.4361     0.016     0.016
    1.686    8.5459     0.022     0.018
    1.730    8.4315     0.076     0.054
    1.773    8.5022     0.058     0.060
    1.817    8.5509     0.060     0.074
    1.860    8.4814     0.062     0.080
    1.904    8.6045     0.064     0.116
    1.947    8.7695     0.040     0.082
    1.991    8.7208     0.026     0.046
    2.034    8.6194     0.020     0.034
    2.078    8.5594     0.018     0.028
    2.078    8.5594     0.018     0.028
    2.115    8.5575     0.020     0.030
    2.153    8.5584     0.022     0.032
    2.190    8.5612     0.022     0.034
    2.227    8.5621     0.026     0.040
    2.265    8.5902     0.026     0.032
    2.302    8.5752     0.064     0.032
    2.339    8.6701     0.050     0.076
    2.377    8.7385     0.038     0.028
    2.414    8.6840     0.068     0.038
    2.451    8.7257     0.048     0.042
    2.488    8.7608     0.044     0.076
    2.526    8.6565     0.054     0.080
    2.563    8.6178     0.070     0.088
    2.600    8.6429     0.090     0.094
    2.638    8.5198     0.024     0.036
    2.675    8.3519     0.024     0.018
    2.712    8.3954     0.058     0.026
    2.750    8.4059     0.026     0.018
    2.787    8.5772     0.036     0.022
 
# Band-Index:   90
    2.787    8.5772     0.036     0.022
    2.750    8.4422     0.016     0.014
    2.712    8.4831     0.010     0.014
    2.675    8.3787     0.026     0.018
    2.638    8.5276     0.022     0.038
    2.600    8.6717     0.024     0.034
    2.563    8.7443     0.088     0.084
    2.526    8.7471     0.068     0.072
    2.488    8.8016     0.038     0.038
    2.451    8.7557     0.046     0.040
    2.414    8.7306     0.066     0.042
    2.377    8.7803     0.054     0.024
    2.339    8.6844     0.054     0.068
    2.302    8.6259     0.048     0.036
    2.265    8.6100     0.022     0.030
    2.227    8.5901     0.020     0.032
    2.190    8.5817     0.022     0.032
    2.153    8.5733     0.020     0.030
    2.115    8.5649     0.018     0.028
    2.078    8.5594     0.018     0.028
    2.078    8.5594     0.018     0.028
    2.034    8.6281     0.020     0.038
    1.991    8.7309     0.022     0.048
    1.947    8.7921     0.034     0.086
    1.904    8.6448     0.062     0.124
    1.860    8.5124     0.068     0.072
    1.817    8.5731     0.064     0.064
    1.773    8.5215     0.064     0.052
    1.730    8.4333     0.018     0.018
    1.686    8.5756     0.016     0.016
    1.643    8.4434     0.098     0.086
    1.599    8.4864     0.056     0.054
    1.556    8.5350     0.070     0.074
    1.512    8.5274     0.032     0.040
    1.469    8.3881     0.052     0.074
    1.425    8.4351     0.052     0.092
    1.382    8.5861     0.038     0.090
    1.338    8.5745     0.022     0.048
    1.295    8.4916     0.020     0.034
    1.251    8.4423     0.019     0.028
    1.251    8.4423     0.019     0.028
    1.208    8.4916     0.020     0.034
    1.164    8.5745     0.022     0.048
    1.121    8.5861     0.038     0.090
    1.077    8.4351     0.052     0.092
    1.034    8.3881     0.052     0.074
    0.990    8.5274     0.032     0.040
    0.947    8.5350     0.070     0.074
    0.903    8.4864     0.056     0.054
    0.860    8.4434     0.098     0.086
    0.816    8.5756     0.016     0.016
    0.773    8.4333     0.018     0.018
    0.729    8.5215     0.064     0.052
    0.686    8.5731     0.064     0.064
    0.642    8.5124     0.068     0.072
    0.599    8.6448     0.062     0.124
    0.555    8.7921     0.034     0.086
    0.512    8.7309     0.022     0.048
    0.468    8.6281     0.020     0.038
    0.425    8.5594     0.018     0.028
    0.425    8.5594     0.018     0.028
    0.402    8.6261     0.020     0.036
    0.380    8.7331     0.020     0.044
    0.358    8.8497     0.022     0.052
    0.335    8.9608     0.026     0.066
    0.313    9.0288     0.036     0.082
    0.291    9.0397     0.064     0.118
    0.268    9.0159     0.054     0.066
    0.246    9.0044     0.060     0.090
    0.224    8.9346     0.076     0.178
    0.201    8.7969     0.084     0.182
    0.179    8.6838     0.068     0.074
    0.156    8.7490     0.034     0.028
    0.134    8.8671     0.038     0.028
    0.112    8.9756     0.040     0.028
    0.089    9.0778     0.038     0.026
    0.067    9.1779     0.034     0.026
    0.045    9.2862     0.034     0.024
    0.022    9.3805     0.038     0.048
    0.000    9.3816     0.034     0.040
 
# Band-Index:   91
    0.000    9.4498     0.036     0.042
    0.022    9.3871     0.034     0.032
    0.045    9.3433     0.040     0.052
    0.067    9.2821     0.042     0.048
    0.089    9.2139     0.042     0.046
    0.112    9.1515     0.042     0.042
    0.134    9.1030     0.044     0.040
    0.156    9.0543     0.044     0.042
    0.179    8.9962     0.042     0.050
    0.201    8.9744     0.058     0.074
    0.224    9.0129     0.050     0.056
    0.246    9.0141     0.052     0.062
    0.268    9.0303     0.060     0.092
    0.291    9.0494     0.052     0.094
    0.313    9.0388     0.040     0.092
    0.335    8.9889     0.094     0.126
    0.358    8.9387     0.102     0.126
    0.380    8.8976     0.100     0.126
    0.402    8.8726     0.100     0.124
    0.425    8.8649     0.098     0.126
    0.425    8.8649     0.098     0.126
    0.468    8.8869     0.096     0.116
    0.512    8.9462     0.082     0.098
    0.555    8.9639     0.028     0.064
    0.599    8.9919     0.058     0.066
    0.642    8.9794     0.052     0.056
    0.686    8.9435     0.030     0.032
    0.729    8.8388     0.032     0.036
    0.773    8.8298     0.040     0.040
    0.816    8.7308     0.018     0.022
    0.860    8.8727     0.038     0.032
    0.903    8.9867     0.062     0.054
    0.947    8.7896     0.042     0.032
    0.990    8.6865     0.082     0.132
    1.034    8.8541     0.068     0.110
    1.077    8.8841     0.062     0.084
    1.121    8.8710     0.050     0.060
    1.164    8.7917     0.026     0.062
    1.208    8.5822     0.022     0.040
    1.251    8.4424     0.019     0.028
    1.251    8.4424     0.019     0.028
    1.295    8.5822     0.022     0.040
    1.338    8.7917     0.026     0.062
    1.382    8.8710     0.050     0.060
    1.425    8.8841     0.062     0.084
    1.469    8.8541     0.068     0.110
    1.512    8.6865     0.082     0.132
    1.556    8.7896     0.042     0.032
    1.599    8.9867     0.062     0.054
    1.643    8.8727     0.038     0.032
    1.686    8.7308     0.018     0.022
    1.730    8.8298     0.040     0.040
    1.773    8.8388     0.032     0.036
    1.817    8.9435     0.030     0.032
    1.860    8.9794     0.052     0.056
    1.904    8.9919     0.058     0.066
    1.947    8.9639     0.028     0.064
    1.991    8.9462     0.082     0.098
    2.034    8.8869     0.096     0.116
    2.078    8.8649     0.098     0.126
    2.078    8.8649     0.098     0.126
    2.115    8.8800     0.096     0.118
    2.153    8.8801     0.034     0.054
    2.190    8.7828     0.030     0.048
    2.227    8.7186     0.030     0.046
    2.265    8.6743     0.034     0.044
    2.302    8.6762     0.018     0.036
    2.339    8.7188     0.014     0.034
    2.377    8.8063     0.048     0.074
    2.414    8.8613     0.026     0.044
    2.451    8.8867     0.044     0.080
    2.488    8.8233     0.036     0.038
    2.526    8.8817     0.036     0.032
    2.563    8.8196     0.028     0.032
    2.600    8.6787     0.028     0.034
    2.638    8.5927     0.032     0.024
    2.675    8.4955     0.040     0.036
    2.712    8.4866     0.008     0.014
    2.750    8.5940     0.026     0.028
    2.787    8.6224     0.014     0.016
 
# Band-Index:   92
    2.787    8.6224     0.014     0.016
    2.750    8.6072     0.024     0.026
    2.712    8.5179     0.068     0.020
    2.675    8.5019     0.048     0.040
    2.638    8.6120     0.034     0.024
    2.600    8.7935     0.102     0.092
    2.563    8.8341     0.030     0.032
    2.526    8.9070     0.036     0.032
    2.488    8.8302     0.054     0.066
    2.451    8.9436     0.026     0.040
    2.414    8.8888     0.018     0.040
    2.377    8.8244     0.046     0.062
    2.339    8.7274     0.016     0.030
    2.302    8.6925     0.028     0.034
    2.265    8.7022     0.034     0.046
    2.227    8.7391     0.030     0.048
    2.190    8.7971     0.028     0.050
    2.153    8.8907     0.032     0.058
    2.115    8.9127     0.094     0.120
    2.078    8.8649     0.098     0.126
    2.078    8.8649     0.098     0.126
    2.034    8.9197     0.094     0.120
    1.991    8.9508     0.032     0.058
    1.947    8.9830     0.066     0.078
    1.904    9.0204     0.034     0.044
    1.860    9.0185     0.054     0.056
    1.817    8.9770     0.046     0.044
    1.773    8.8652     0.034     0.042
    1.730    8.8992     0.038     0.038
    1.686    8.7420     0.020     0.022
    1.643    8.9129     0.026     0.028
    1.599    8.9900     0.040     0.030
    1.556    8.8408     0.034     0.028
    1.512    8.7037     0.080     0.152
    1.469    8.9309     0.082     0.142
    1.425    8.9168     0.036     0.036
    1.382    8.8963     0.056     0.094
    1.338    8.7978     0.026     0.062
    1.295    8.5857     0.022     0.042
    1.251    8.4424     0.019     0.028
    1.251    8.4424     0.019     0.028
    1.208    8.5857     0.022     0.042
    1.164    8.7978     0.026     0.062
    1.121    8.8963     0.056     0.094
    1.077    8.9168     0.036     0.036
    1.034    8.9309     0.082     0.142
    0.990    8.7037     0.080     0.152
    0.947    8.8408     0.034     0.028
    0.903    8.9900     0.040     0.030
    0.860    8.9129     0.026     0.028
    0.816    8.7420     0.020     0.022
    0.773    8.8992     0.038     0.038
    0.729    8.8652     0.034     0.042
    0.686    8.9770     0.046     0.044
    0.642    9.0185     0.054     0.056
    0.599    9.0204     0.034     0.044
    0.555    8.9830     0.066     0.078
    0.512    8.9508     0.032     0.058
    0.468    8.9197     0.094     0.120
    0.425    8.8649     0.098     0.126
    0.425    8.8649     0.098     0.126
    0.402    8.8744     0.098     0.126
    0.380    8.9003     0.100     0.128
    0.358    8.9404     0.100     0.130
    0.335    8.9938     0.104     0.126
    0.313    9.0479     0.080     0.096
    0.291    9.0546     0.056     0.068
    0.268    9.0547     0.054     0.064
    0.246    9.0553     0.054     0.060
    0.224    9.0138     0.058     0.078
    0.201    9.0145     0.048     0.050
    0.179    9.0251     0.044     0.044
    0.156    9.0579     0.030     0.036
    0.134    9.1072     0.044     0.042
    0.112    9.1795     0.048     0.044
    0.089    9.2640     0.050     0.048
    0.067    9.3532     0.054     0.050
    0.045    9.4331     0.054     0.052
    0.022    9.4697     0.042     0.048
    0.000    9.4498     0.036     0.042
 
# Band-Index:   93
    0.000    9.6008     0.052     0.052
    0.022    9.5723     0.050     0.054
    0.045    9.5496     0.038     0.052
    0.067    9.4842     0.022     0.030
    0.089    9.3822     0.016     0.024
    0.112    9.2642     0.016     0.024
    0.134    9.1506     0.022     0.028
    0.156    9.0733     0.046     0.040
    0.179    9.0546     0.046     0.044
    0.201    9.0218     0.052     0.056
    0.224    9.0202     0.078     0.130
    0.246    9.0717     0.064     0.176
    0.268    9.1406     0.054     0.166
    0.291    9.1515     0.104     0.132
    0.313    9.0812     0.078     0.104
    0.335    9.0630     0.066     0.082
    0.358    9.0771     0.066     0.080
    0.380    9.1083     0.072     0.090
    0.402    9.1490     0.084     0.108
    0.425    9.1564     0.056     0.104
    0.425    9.1564     0.056     0.104
    0.468    9.0294     0.042     0.066
    0.512    8.9583     0.032     0.056
    0.555    8.9947     0.028     0.052
    0.599    9.0323     0.058     0.068
    0.642    9.0451     0.036     0.038
    0.686    8.9786     0.028     0.030
    0.729    9.0445     0.042     0.046
    0.773    8.9745     0.028     0.044
    0.816    9.0620     0.064     0.078
    0.860    9.1455     0.064     0.082
    0.903    9.0470     0.042     0.034
    0.947    9.0237     0.040     0.040
    0.990    9.0173     0.058     0.064
    1.034    9.0284     0.036     0.034
    1.077    8.9500     0.036     0.036
    1.121    8.8964     0.052     0.060
    1.164    8.9774     0.048     0.074
    1.208    9.1270     0.056     0.062
    1.251    9.2420     0.059     0.066
    1.251    9.2420     0.059     0.066
    1.295    9.1270     0.056     0.062
    1.338    8.9774     0.048     0.074
    1.382    8.8964     0.052     0.060
    1.425    8.9500     0.036     0.036
    1.469    9.0284     0.036     0.034
    1.512    9.0173     0.058     0.064
    1.556    9.0237     0.040     0.040
    1.599    9.0470     0.042     0.034
    1.643    9.1455     0.064     0.082
    1.686    9.0620     0.064     0.078
    1.730    8.9745     0.028     0.044
    1.773    9.0445     0.042     0.046
    1.817    8.9786     0.028     0.030
    1.860    9.0451     0.036     0.038
    1.904    9.0323     0.058     0.068
    1.947    8.9947     0.028     0.052
    1.991    8.9583     0.032     0.056
    2.034    9.0294     0.042     0.066
    2.078    9.1564     0.056     0.104
    2.078    9.1564     0.056     0.104
    2.115    9.0196     0.042     0.066
    2.153    8.9329     0.086     0.102
    2.190    8.9828     0.076     0.088
    2.227    9.0223     0.068     0.082
    2.265    9.0538     0.066     0.078
    2.302    9.0010     0.084     0.082
    2.339    8.9229     0.080     0.068
    2.377    8.8294     0.042     0.050
    2.414    8.9173     0.048     0.076
    2.451    8.9597     0.050     0.066
    2.488    9.0015     0.024     0.036
    2.526    8.9747     0.018     0.038
    2.563    8.9784     0.022     0.032
    2.600    8.7945     0.026     0.028
    2.638    8.6937     0.110     0.082
    2.675    8.5827     0.058     0.032
    2.712    8.5458     0.068     0.074
    2.750    8.7349     0.060     0.036
    2.787    8.7261     0.032     0.038
 
# Band-Index:   94
    2.787    8.7261     0.032     0.038
    2.750    8.7662     0.064     0.080
    2.712    8.6066     0.090     0.084
    2.675    8.6802     0.084     0.028
    2.638    8.7788     0.078     0.062
    2.600    8.8282     0.030     0.026
    2.563    9.0188     0.028     0.028
    2.526    8.9871     0.024     0.036
    2.488    9.0358     0.028     0.028
    2.451    8.9859     0.018     0.036
    2.414    8.9578     0.032     0.022
    2.377    8.8402     0.052     0.070
    2.339    8.9545     0.090     0.060
    2.302    9.0397     0.080     0.092
    2.265    9.1013     0.064     0.080
    2.227    9.0656     0.066     0.082
    2.190    9.0260     0.070     0.092
    2.153    8.9765     0.082     0.106
    2.115    9.0277     0.040     0.074
    2.078    9.1564     0.056     0.104
    2.078    9.1564     0.056     0.104
    2.034    9.0369     0.040     0.074
    1.991    8.9884     0.078     0.100
    1.947    9.0230     0.064     0.080
    1.904    9.0822     0.034     0.042
    1.860    9.1137     0.038     0.036
    1.817    8.9998     0.048     0.046
    1.773    9.0567     0.048     0.044
    1.730    9.0130     0.032     0.040
    1.686    9.1548     0.080     0.080
    1.643    9.1903     0.032     0.030
    1.599    9.1242     0.072     0.072
    1.556    9.0586     0.038     0.042
    1.512    9.0810     0.038     0.036
    1.469    9.0398     0.072     0.122
    1.425    8.9681     0.056     0.082
    1.382    8.9274     0.042     0.088
    1.338    8.9892     0.052     0.062
    1.295    9.1342     0.050     0.074
    1.251    9.2420     0.059     0.066
    1.251    9.2420     0.059     0.066
    1.208    9.1342     0.050     0.074
    1.164    8.9892     0.052     0.062
    1.121    8.9274     0.042     0.088
    1.077    8.9681     0.056     0.082
    1.034    9.0398     0.072     0.122
    0.990    9.0810     0.038     0.036
    0.947    9.0586     0.038     0.042
    0.903    9.1242     0.072     0.072
    0.860    9.1903     0.032     0.030
    0.816    9.1548     0.080     0.080
    0.773    9.0130     0.032     0.040
    0.729    9.0567     0.048     0.044
    0.686    8.9998     0.048     0.046
    0.642    9.1137     0.038     0.036
    0.599    9.0822     0.034     0.042
    0.555    9.0230     0.064     0.080
    0.512    8.9884     0.078     0.100
    0.468    9.0369     0.040     0.074
    0.425    9.1564     0.056     0.104
    0.425    9.1564     0.056     0.104
    0.402    9.1495     0.074     0.106
    0.380    9.1158     0.062     0.092
    0.358    9.0902     0.056     0.082
    0.335    9.0749     0.054     0.078
    0.313    9.0904     0.090     0.118
    0.291    9.1619     0.102     0.136
    0.268    9.1839     0.060     0.136
    0.246    9.1197     0.074     0.154
    0.224    9.0560     0.052     0.056
    0.201    9.0570     0.052     0.050
    0.179    9.0606     0.050     0.046
    0.156    9.1115     0.040     0.034
    0.134    9.1957     0.030     0.026
    0.112    9.3053     0.026     0.018
    0.089    9.4278     0.024     0.018
    0.067    9.5403     0.032     0.024
    0.045    9.5548     0.032     0.038
    0.022    9.5941     0.044     0.046
    0.000    9.6008     0.052     0.052
 
# Band-Index:   95
    0.000    9.6479     0.056     0.056
    0.022    9.6180     0.050     0.054
    0.045    9.5858     0.042     0.052
    0.067    9.5502     0.034     0.050
    0.089    9.5342     0.066     0.106
    0.112    9.4923     0.066     0.104
    0.134    9.4531     0.066     0.100
    0.156    9.4173     0.066     0.098
    0.179    9.3854     0.066     0.096
    0.201    9.3590     0.068     0.092
    0.224    9.3417     0.072     0.090
    0.246    9.3386     0.110     0.142
    0.268    9.2409     0.108     0.138
    0.291    9.1653     0.050     0.142
    0.313    9.1679     0.052     0.126
    0.335    9.1650     0.054     0.116
    0.358    9.1613     0.056     0.112
    0.380    9.1581     0.056     0.108
    0.402    9.1564     0.056     0.106
    0.425    9.1723     0.088     0.122
    0.425    9.1723     0.088     0.122
    0.468    9.1689     0.082     0.112
    0.512    9.2138     0.084     0.114
    0.555    9.1931     0.078     0.074
    0.599    9.1827     0.052     0.034
    0.642    9.2987     0.032     0.042
    0.686    9.3626     0.026     0.042
    0.729    9.1827     0.018     0.026
    0.773    9.1545     0.040     0.048
    0.816    9.2473     0.036     0.046
    0.860    9.1931     0.032     0.032
    0.903    9.1587     0.028     0.034
    0.947    9.0982     0.032     0.038
    0.990    9.0968     0.060     0.060
    1.034    9.0765     0.034     0.036
    1.077    9.0592     0.036     0.028
    1.121    9.0134     0.036     0.038
    1.164    9.1763     0.064     0.106
    1.208    9.2242     0.062     0.074
    1.251    9.2421     0.059     0.066
    1.251    9.2421     0.059     0.066
    1.295    9.2242     0.062     0.074
    1.338    9.1763     0.064     0.106
    1.382    9.0134     0.036     0.038
    1.425    9.0592     0.036     0.028
    1.469    9.0765     0.034     0.036
    1.512    9.0968     0.060     0.060
    1.556    9.0982     0.032     0.038
    1.599    9.1587     0.028     0.034
    1.643    9.1931     0.032     0.032
    1.686    9.2473     0.036     0.046
    1.730    9.1545     0.040     0.048
    1.773    9.1827     0.018     0.026
    1.817    9.3626     0.026     0.042
    1.860    9.2987     0.032     0.042
    1.904    9.1827     0.052     0.034
    1.947    9.1931     0.078     0.074
    1.991    9.2138     0.084     0.114
    2.034    9.1689     0.082     0.112
    2.078    9.1723     0.088     0.122
    2.078    9.1723     0.088     0.122
    2.115    9.1888     0.090     0.126
    2.153    9.2498     0.098     0.136
    2.190    9.3383     0.104     0.146
    2.227    9.2550     0.080     0.138
    2.265    9.1103     0.088     0.110
    2.302    9.0774     0.064     0.080
    2.339    8.9890     0.032     0.046
    2.377    8.9585     0.044     0.032
    2.414    8.9791     0.054     0.068
    2.451    9.0024     0.028     0.030
    2.488    9.0818     0.024     0.042
    2.526    9.1815     0.034     0.042
    2.563    9.0795     0.026     0.042
    2.600    9.0129     0.040     0.032
    2.638    8.9039     0.042     0.024
    2.675    8.8179     0.082     0.074
    2.712    8.8192     0.090     0.064
    2.750    8.8114     0.014     0.018
    2.787    8.7533     0.036     0.032
 
# Band-Index:   96
    2.787    8.7533     0.036     0.032
    2.750    8.8600     0.102     0.098
    2.712    8.9645     0.076     0.072
    2.675    8.9607     0.100     0.084
    2.638    8.9195     0.078     0.070
    2.600    9.0940     0.044     0.024
    2.563    9.1079     0.026     0.044
    2.526    9.1991     0.008     0.050
    2.488    9.1037     0.020     0.046
    2.451    9.0464     0.032     0.032
    2.414    8.9857     0.040     0.024
    2.377    8.9604     0.038     0.026
    2.339    9.0167     0.038     0.036
    2.302    9.1349     0.066     0.078
    2.265    9.1782     0.092     0.118
    2.227    9.3704     0.100     0.126
    2.190    9.3762     0.106     0.150
    2.153    9.2786     0.100     0.140
    2.115    9.2032     0.090     0.126
    2.078    9.1724     0.088     0.122
    2.078    9.1724     0.088     0.122
    2.034    9.1791     0.082     0.112
    1.991    9.2216     0.082     0.112
    1.947    9.2375     0.098     0.082
    1.904    9.2054     0.052     0.030
    1.860    9.3198     0.042     0.034
    1.817    9.3931     0.030     0.036
    1.773    9.1936     0.018     0.024
    1.730    9.1998     0.050     0.048
    1.686    9.3038     0.044     0.044
    1.643    9.2753     0.098     0.090
    1.599    9.2194     0.032     0.048
    1.556    9.1645     0.046     0.040
    1.512    9.1319     0.034     0.034
    1.469    9.1048     0.074     0.120
    1.425    9.0748     0.040     0.028
    1.382    9.0570     0.052     0.040
    1.338    9.2042     0.070     0.074
    1.295    9.2530     0.066     0.072
    1.251    9.2421     0.059     0.066
    1.251    9.2421     0.059     0.066
    1.208    9.2530     0.066     0.072
    1.164    9.2042     0.070     0.074
    1.121    9.0570     0.052     0.040
    1.077    9.0748     0.040     0.028
    1.034    9.1048     0.074     0.120
    0.990    9.1319     0.034     0.034
    0.947    9.1645     0.046     0.040
    0.903    9.2194     0.032     0.048
    0.860    9.2753     0.098     0.090
    0.816    9.3038     0.044     0.044
    0.773    9.1998     0.050     0.048
    0.729    9.1936     0.018     0.024
    0.686    9.3931     0.030     0.036
    0.642    9.3198     0.042     0.034
    0.599    9.2054     0.052     0.030
    0.555    9.2375     0.098     0.082
    0.512    9.2216     0.082     0.112
    0.468    9.1791     0.082     0.112
    0.425    9.1724     0.088     0.122
    0.425    9.1724     0.088     0.122
    0.402    9.1582     0.056     0.104
    0.380    9.1618     0.056     0.106
    0.358    9.1670     0.056     0.106
    0.335    9.1733     0.056     0.108
    0.313    9.1820     0.056     0.110
    0.291    9.1935     0.054     0.116
    0.268    9.2491     0.104     0.144
    0.246    9.3449     0.106     0.150
    0.224    9.3748     0.082     0.078
    0.201    9.3829     0.076     0.080
    0.179    9.4039     0.072     0.084
    0.156    9.4322     0.070     0.088
    0.134    9.4657     0.070     0.090
    0.112    9.5033     0.068     0.094
    0.089    9.5441     0.068     0.098
    0.067    9.5677     0.036     0.052
    0.045    9.6141     0.050     0.052
    0.022    9.6478     0.056     0.060
    0.000    9.6479     0.056     0.056
 
# Band-Index:   97
    0.000    9.7213     0.068     0.120
    0.022    9.6729     0.066     0.114
    0.045    9.6241     0.066     0.112
    0.067    9.5782     0.066     0.110
    0.089    9.5583     0.030     0.048
    0.112    9.5702     0.026     0.052
    0.134    9.5885     0.024     0.050
    0.156    9.6129     0.024     0.042
    0.179    9.6285     0.046     0.074
    0.201    9.5443     0.112     0.152
    0.224    9.4411     0.112     0.148
    0.246    9.3453     0.082     0.094
    0.268    9.3903     0.084     0.102
    0.291    9.4135     0.070     0.070
    0.313    9.4075     0.074     0.066
    0.335    9.3961     0.054     0.054
    0.358    9.3551     0.040     0.044
    0.380    9.3141     0.036     0.042
    0.402    9.2870     0.036     0.040
    0.425    9.2783     0.034     0.038
    0.425    9.2783     0.034     0.038
    0.468    9.3511     0.032     0.042
    0.512    9.4033     0.078     0.130
    0.555    9.3194     0.082     0.112
    0.599    9.4519     0.072     0.102
    0.642    9.4923     0.034     0.036
    0.686    9.4808     0.054     0.036
    0.729    9.4997     0.030     0.050
    0.773    9.4972     0.034     0.052
    0.816    9.5068     0.042     0.052
    0.860    9.4724     0.058     0.078
    0.903    9.2888     0.016     0.026
    0.947    9.3407     0.052     0.054
    0.990    9.2700     0.040     0.042
    1.034    9.1548     0.040     0.030
    1.077    9.2272     0.074     0.162
    1.121    9.2172     0.056     0.070
    1.164    9.2150     0.084     0.092
    1.208    9.4573     0.062     0.144
    1.251    9.5207     0.056     0.126
    1.251    9.5207     0.056     0.126
    1.295    9.4573     0.062     0.144
    1.338    9.2150     0.084     0.092
    1.382    9.2172     0.056     0.070
    1.425    9.2272     0.074     0.162
    1.469    9.1548     0.040     0.030
    1.512    9.2700     0.040     0.042
    1.556    9.3407     0.052     0.054
    1.599    9.2888     0.016     0.026
    1.643    9.4724     0.058     0.078
    1.686    9.5068     0.042     0.052
    1.730    9.4972     0.034     0.052
    1.773    9.4997     0.030     0.050
    1.817    9.4808     0.054     0.036
    1.860    9.4923     0.034     0.036
    1.904    9.4519     0.072     0.102
    1.947    9.3194     0.082     0.112
    1.991    9.4033     0.078     0.130
    2.034    9.3511     0.032     0.042
    2.078    9.2783     0.034     0.038
    2.078    9.2783     0.034     0.038
    2.115    9.3306     0.032     0.040
    2.153    9.3959     0.030     0.040
    2.190    9.4101     0.072     0.156
    2.227    9.4172     0.088     0.126
    2.265    9.3617     0.024     0.040
    2.302    9.1600     0.032     0.034
    2.339    9.0905     0.064     0.086
    2.377    9.0788     0.016     0.028
    2.414    9.0656     0.026     0.036
    2.451    9.1051     0.032     0.032
    2.488    9.1790     0.034     0.028
    2.526    9.2250     0.022     0.042
    2.563    9.1682     0.048     0.038
    2.600    9.1653     0.028     0.038
    2.638    9.2938     0.028     0.040
    2.675    9.2099     0.020     0.024
    2.712    9.0124     0.028     0.020
    2.750    8.8627     0.030     0.040
    2.787    8.9821     0.060     0.076
 
# Band-Index:   98
    2.787    8.9821     0.060     0.076
    2.750    8.8922     0.056     0.046
    2.712    9.0263     0.016     0.030
    2.675    9.2119     0.016     0.028
    2.638    9.3088     0.030     0.038
    2.600    9.1768     0.026     0.040
    2.563    9.2818     0.046     0.030
    2.526    9.2573     0.060     0.058
    2.488    9.2085     0.044     0.024
    2.451    9.1277     0.040     0.106
    2.414    9.0791     0.030     0.032
    2.377    9.0813     0.016     0.028
    2.339    9.1639     0.068     0.082
    2.302    9.1784     0.050     0.038
    2.265    9.3800     0.026     0.040
    2.227    9.4474     0.082     0.116
    2.190    9.4746     0.024     0.032
    2.153    9.4167     0.028     0.030
    2.115    9.3451     0.038     0.038
    2.078    9.2783     0.034     0.038
    2.078    9.2783     0.034     0.038
    2.034    9.3665     0.032     0.034
    1.991    9.4557     0.032     0.042
    1.947    9.3251     0.086     0.118
    1.904    9.4659     0.082     0.112
    1.860    9.5305     0.036     0.024
    1.817    9.5169     0.026     0.048
    1.773    9.5011     0.028     0.052
    1.730    9.5135     0.036     0.054
    1.686    9.5444     0.046     0.052
    1.643    9.4884     0.032     0.036
    1.599    9.3307     0.028     0.020
    1.556    9.3739     0.054     0.050
    1.512    9.2921     0.046     0.032
    1.469    9.1711     0.038     0.030
    1.425    9.2698     0.064     0.166
    1.382    9.2618     0.056     0.066
    1.338    9.2474     0.084     0.098
    1.295    9.5084     0.054     0.132
    1.251    9.5207     0.056     0.126
    1.251    9.5207     0.056     0.126
    1.208    9.5084     0.054     0.132
    1.164    9.2474     0.084     0.098
    1.121    9.2618     0.056     0.066
    1.077    9.2698     0.064     0.166
    1.034    9.1711     0.038     0.030
    0.990    9.2921     0.046     0.032
    0.947    9.3739     0.054     0.050
    0.903    9.3307     0.028     0.020
    0.860    9.4884     0.032     0.036
    0.816    9.5444     0.046     0.052
    0.773    9.5135     0.036     0.054
    0.729    9.5011     0.028     0.052
    0.686    9.5169     0.026     0.048
    0.642    9.5305     0.036     0.024
    0.599    9.4659     0.082     0.112
    0.555    9.3251     0.086     0.118
    0.512    9.4557     0.032     0.042
    0.468    9.3665     0.032     0.034
    0.425    9.2783     0.034     0.038
    0.425    9.2783     0.034     0.038
    0.402    9.2891     0.036     0.038
    0.380    9.3177     0.036     0.038
    0.358    9.3582     0.040     0.042
    0.335    9.4007     0.050     0.052
    0.313    9.4385     0.064     0.054
    0.291    9.4726     0.070     0.062
    0.268    9.4476     0.092     0.094
    0.246    9.3923     0.092     0.082
    0.224    9.4458     0.108     0.156
    0.201    9.5479     0.108     0.160
    0.179    9.6291     0.074     0.114
    0.156    9.6160     0.026     0.052
    0.134    9.5899     0.026     0.044
    0.112    9.5713     0.028     0.046
    0.089    9.5631     0.030     0.052
    0.067    9.5882     0.068     0.100
    0.045    9.6391     0.060     0.084
    0.022    9.6894     0.064     0.092
    0.000    9.7213     0.068     0.120
 
# Band-Index:   99
    0.000    9.7329     0.070     0.110
    0.022    9.7663     0.072     0.128
    0.045    9.8078     0.076     0.138
    0.067    9.8416     0.082     0.150
    0.089    9.8600     0.088     0.164
    0.112    9.8527     0.098     0.176
    0.134    9.8125     0.106     0.182
    0.156    9.7426     0.110     0.178
    0.179    9.6604     0.088     0.138
    0.201    9.6559     0.028     0.046
    0.224    9.6510     0.026     0.042
    0.246    9.6241     0.026     0.040
    0.268    9.5806     0.024     0.034
    0.291    9.5298     0.022     0.030
    0.313    9.4793     0.020     0.028
    0.335    9.4333     0.018     0.026
    0.358    9.3935     0.020     0.026
    0.380    9.3584     0.024     0.032
    0.402    9.3239     0.030     0.040
    0.425    9.3073     0.032     0.034
    0.425    9.3073     0.032     0.034
    0.468    9.4154     0.050     0.094
    0.512    9.4751     0.026     0.034
    0.555    9.5726     0.040     0.058
    0.599    9.6384     0.030     0.042
    0.642    9.5401     0.036     0.060
    0.686    9.5218     0.024     0.044
    0.729    9.6050     0.068     0.056
    0.773    9.6226     0.084     0.080
    0.816    9.5478     0.074     0.080
    0.860    9.5297     0.076     0.066
    0.903    9.5083     0.060     0.058
    0.947    9.4586     0.032     0.030
    0.990    9.5077     0.036     0.042
    1.034    9.6588     0.034     0.044
    1.077    9.5445     0.054     0.050
    1.121    9.4953     0.054     0.118
    1.164    9.4878     0.048     0.112
    1.208    9.5271     0.058     0.124
    1.251    9.5207     0.056     0.127
    1.251    9.5207     0.056     0.126
    1.295    9.5271     0.058     0.124
    1.338    9.4878     0.048     0.112
    1.382    9.4953     0.054     0.118
    1.425    9.5445     0.054     0.050
    1.469    9.6588     0.034     0.044
    1.512    9.5077     0.036     0.042
    1.556    9.4586     0.032     0.030
    1.599    9.5083     0.060     0.058
    1.643    9.5297     0.076     0.066
    1.686    9.5478     0.074     0.080
    1.730    9.6226     0.084     0.080
    1.773    9.6050     0.068     0.056
    1.817    9.5218     0.024     0.044
    1.860    9.5401     0.036     0.060
    1.904    9.6384     0.030     0.042
    1.947    9.5726     0.040     0.058
    1.991    9.4751     0.026     0.034
    2.034    9.4154     0.050     0.094
    2.078    9.3073     0.032     0.034
    2.078    9.3073     0.032     0.034
    2.115    9.4175     0.048     0.096
    2.153    9.5028     0.060     0.144
    2.190    9.4987     0.018     0.024
    2.227    9.4897     0.060     0.096
    2.265    9.4798     0.074     0.108
    2.302    9.3800     0.056     0.072
    2.339    9.2409     0.010     0.024
    2.377    9.0893     0.060     0.094
    2.414    9.0805     0.044     0.106
    2.451    9.1310     0.036     0.028
    2.488    9.2169     0.048     0.104
    2.526    9.2955     0.056     0.026
    2.563    9.2963     0.030     0.044
    2.600    9.4131     0.036     0.046
    2.638    9.3905     0.026     0.044
    2.675    9.4210     0.030     0.044
    2.712    9.3307     0.026     0.040
    2.750    9.1626     0.044     0.060
    2.787    9.0952     0.104     0.098
 
# Band-Index:  100
    2.787    9.0952     0.104     0.098
    2.750    9.2617     0.084     0.078
    2.712    9.3910     0.048     0.048
    2.675    9.4526     0.034     0.038
    2.638    9.3972     0.028     0.040
    2.600    9.4670     0.052     0.090
    2.563    9.3482     0.034     0.036
    2.526    9.3378     0.062     0.108
    2.488    9.2788     0.068     0.104
    2.451    9.1756     0.042     0.100
    2.414    9.1402     0.048     0.100
    2.377    9.1780     0.066     0.090
    2.339    9.2491     0.010     0.022
    2.302    9.4345     0.068     0.072
    2.265    9.4817     0.102     0.082
    2.227    9.5838     0.040     0.058
    2.190    9.5463     0.106     0.104
    2.153    9.5079     0.030     0.034
    2.115    9.4315     0.060     0.064
    2.078    9.3074     0.032     0.034
    2.078    9.3074     0.032     0.034
    2.034    9.4349     0.058     0.066
    1.991    9.4954     0.102     0.114
    1.947    9.6132     0.040     0.058
    1.904    9.6501     0.052     0.078
    1.860    9.5642     0.036     0.056
    1.817    9.5289     0.048     0.026
    1.773    9.6402     0.066     0.050
    1.730    9.7015     0.094     0.082
    1.686    9.6149     0.088     0.088
    1.643    9.5392     0.042     0.034
    1.599    9.5567     0.072     0.056
    1.556    9.4909     0.040     0.026
    1.512    9.5422     0.038     0.032
    1.469    9.7035     0.054     0.074
    1.425    9.6012     0.056     0.042
    1.382    9.5350     0.060     0.112
    1.338    9.5308     0.058     0.118
    1.295    9.5374     0.084     0.128
    1.251    9.5207     0.056     0.126
    1.251    9.5207     0.056     0.127
    1.208    9.5374     0.084     0.128
    1.164    9.5308     0.058     0.118
    1.121    9.5350     0.060     0.112
    1.077    9.6012     0.056     0.042
    1.034    9.7035     0.054     0.074
    0.990    9.5422     0.038     0.032
    0.947    9.4909     0.040     0.026
    0.903    9.5567     0.072     0.056
    0.860    9.5392     0.042     0.034
    0.816    9.6149     0.088     0.088
    0.773    9.7015     0.094     0.082
    0.729    9.6402     0.066     0.050
    0.686    9.5289     0.048     0.026
    0.642    9.5642     0.036     0.056
    0.599    9.6501     0.052     0.078
    0.555    9.6132     0.040     0.058
    0.512    9.4954     0.102     0.114
    0.468    9.4349     0.058     0.066
    0.425    9.3074     0.032     0.034
    0.425    9.3074     0.032     0.034
    0.402    9.3341     0.030     0.032
    0.380    9.3666     0.022     0.022
    0.358    9.4006     0.018     0.018
    0.335    9.4416     0.018     0.020
    0.313    9.4910     0.020     0.022
    0.291    9.5470     0.022     0.026
    0.268    9.6049     0.026     0.030
    0.246    9.6555     0.030     0.036
    0.224    9.6851     0.032     0.040
    0.201    9.6849     0.032     0.042
    0.179    9.6762     0.068     0.090
    0.156    9.7477     0.112     0.160
    0.134    9.8184     0.110     0.166
    0.112    9.8597     0.102     0.164
    0.089    9.8677     0.092     0.154
    0.067    9.8497     0.084     0.142
    0.045    9.8162     0.078     0.130
    0.022    9.7755     0.074     0.122
    0.000    9.7329     0.070     0.110
 
# Band-Index:  101
    0.000   10.0303     0.022     0.022
    0.022    9.9895     0.024     0.030
    0.045    9.9538     0.024     0.040
    0.067    9.9122     0.026     0.038
    0.089    9.8851     0.032     0.042
    0.112    9.8851     0.036     0.044
    0.134    9.8990     0.038     0.046
    0.156    9.9125     0.038     0.044
    0.179    9.9103     0.038     0.042
    0.201    9.8754     0.040     0.040
    0.224    9.8001     0.040     0.034
    0.246    9.7000     0.046     0.034
    0.268    9.6142     0.066     0.048
    0.291    9.6287     0.094     0.106
    0.313    9.6515     0.052     0.056
    0.335    9.6840     0.076     0.080
    0.358    9.6281     0.058     0.078
    0.380    9.5245     0.044     0.062
    0.402    9.4540     0.026     0.038
    0.425    9.4339     0.022     0.028
    0.425    9.4339     0.022     0.028
    0.468    9.4684     0.028     0.038
    0.512    9.5878     0.048     0.060
    0.555    9.7561     0.054     0.060
    0.599    9.6890     0.030     0.034
    0.642    9.6851     0.084     0.130
    0.686    9.7426     0.018     0.028
    0.729    9.7949     0.032     0.042
    0.773    9.9224     0.042     0.044
    0.816    9.8746     0.028     0.026
    0.860    9.7807     0.038     0.050
    0.903    9.8082     0.046     0.064
    0.947    9.7738     0.020     0.034
    0.990    9.7630     0.066     0.096
    1.034    9.7073     0.034     0.036
    1.077    9.6833     0.072     0.090
    1.121    9.6552     0.048     0.068
    1.164    9.6376     0.066     0.078
    1.208    9.7423     0.094     0.102
    1.251    9.9177     0.114     0.124
    1.251    9.9177     0.114     0.124
    1.295    9.7423     0.094     0.102
    1.338    9.6376     0.066     0.078
    1.382    9.6552     0.048     0.068
    1.425    9.6833     0.072     0.090
    1.469    9.7073     0.034     0.036
    1.512    9.7630     0.066     0.096
    1.556    9.7738     0.020     0.034
    1.599    9.8082     0.046     0.064
    1.643    9.7807     0.038     0.050
    1.686    9.8746     0.028     0.026
    1.730    9.9224     0.042     0.044
    1.773    9.7949     0.032     0.042
    1.817    9.7426     0.018     0.028
    1.860    9.6851     0.084     0.130
    1.904    9.6890     0.030     0.034
    1.947    9.7561     0.054     0.060
    1.991    9.5878     0.048     0.060
    2.034    9.4684     0.028     0.038
    2.078    9.4339     0.022     0.028
    2.078    9.4339     0.022     0.028
    2.115    9.4473     0.022     0.026
    2.153    9.5229     0.046     0.042
    2.190    9.6307     0.046     0.050
    2.227    9.6184     0.038     0.040
    2.265    9.5035     0.068     0.100
    2.302    9.5359     0.066     0.100
    2.339    9.4633     0.052     0.046
    2.377    9.4891     0.052     0.068
    2.414    9.3804     0.062     0.044
    2.451    9.3270     0.072     0.036
    2.488    9.3428     0.050     0.046
    2.526    9.3742     0.034     0.016
    2.563    9.4224     0.066     0.112
    2.600    9.4712     0.032     0.040
    2.638    9.5266     0.032     0.048
    2.675    9.4860     0.044     0.064
    2.712    9.5017     0.058     0.080
    2.750    9.5440     0.066     0.088
    2.787    9.5810     0.068     0.084
 
# Band-Index:  102
    2.787    9.5810     0.068     0.084
    2.750    9.5835     0.056     0.072
    2.712    9.5278     0.040     0.056
    2.675    9.5136     0.018     0.034
    2.638    9.5277     0.042     0.048
    2.600    9.4874     0.050     0.086
    2.563    9.4284     0.034     0.016
    2.526    9.3774     0.034     0.014
    2.488    9.4675     0.078     0.040
    2.451    9.4363     0.084     0.038
    2.414    9.4280     0.072     0.040
    2.377    9.5094     0.056     0.066
    2.339    9.4836     0.054     0.054
    2.302    9.5554     0.064     0.098
    2.265    9.5744     0.128     0.100
    2.227    9.6375     0.044     0.066
    2.190    9.6485     0.072     0.138
    2.153    9.5822     0.086     0.082
    2.115    9.4514     0.024     0.028
    2.078    9.4339     0.022     0.028
    2.078    9.4339     0.022     0.028
    2.034    9.4848     0.042     0.046
    1.991    9.6190     0.070     0.068
    1.947    9.7725     0.066     0.060
    1.904    9.7131     0.064     0.088
    1.860    9.7383     0.092     0.126
    1.817    9.7485     0.018     0.024
    1.773    9.8220     0.040     0.040
    1.730    9.9402     0.034     0.040
    1.686    9.8799     0.030     0.026
    1.643    9.8026     0.038     0.046
    1.599    9.8148     0.034     0.042
    1.556    9.7894     0.022     0.030
    1.512    9.7713     0.072     0.100
    1.469    9.7288     0.068     0.082
    1.425    9.7313     0.086     0.084
    1.382    9.6815     0.046     0.058
    1.338    9.6760     0.068     0.076
    1.295    9.7591     0.090     0.114
    1.251    9.9177     0.114     0.124
    1.251    9.9177     0.114     0.124
    1.208    9.7591     0.090     0.114
    1.164    9.6760     0.068     0.076
    1.121    9.6815     0.046     0.058
    1.077    9.7313     0.086     0.084
    1.034    9.7288     0.068     0.082
    0.990    9.7713     0.072     0.100
    0.947    9.7894     0.022     0.030
    0.903    9.8148     0.034     0.042
    0.860    9.8026     0.038     0.046
    0.816    9.8799     0.030     0.026
    0.773    9.9402     0.034     0.040
    0.729    9.8220     0.040     0.040
    0.686    9.7485     0.018     0.024
    0.642    9.7383     0.092     0.126
    0.599    9.7131     0.064     0.088
    0.555    9.7725     0.066     0.060
    0.512    9.6190     0.070     0.068
    0.468    9.4848     0.042     0.046
    0.425    9.4339     0.022     0.028
    0.425    9.4339     0.022     0.028
    0.402    9.4696     0.040     0.046
    0.380    9.5581     0.064     0.070
    0.358    9.6746     0.076     0.082
    0.335    9.7147     0.092     0.096
    0.313    9.6700     0.060     0.066
    0.291    9.6438     0.082     0.088
    0.268    9.6600     0.066     0.036
    0.246    9.7663     0.054     0.022
    0.224    9.8845     0.050     0.024
    0.201    9.9653     0.046     0.028
    0.179    9.9930     0.044     0.034
    0.156    9.9842     0.042     0.038
    0.134    9.9578     0.040     0.040
    0.112    9.9287     0.038     0.044
    0.089    9.9102     0.034     0.046
    0.067    9.9166     0.028     0.044
    0.045    9.9596     0.024     0.034
    0.022    9.9974     0.024     0.034
    0.000   10.0303     0.022     0.022
 
# Band-Index:  103
    0.000   10.0573     0.024     0.024
    0.022   10.1121     0.026     0.020
    0.045   10.1635     0.032     0.032
    0.067   10.1709     0.034     0.038
    0.089   10.1783     0.034     0.042
    0.112   10.1914     0.034     0.042
    0.134   10.2031     0.034     0.040
    0.156   10.1995     0.032     0.042
    0.179   10.1759     0.030     0.042
    0.201   10.1060     0.026     0.024
    0.224    9.9839     0.020     0.026
    0.246    9.8848     0.020     0.026
    0.268    9.7952     0.024     0.026
    0.291    9.7335     0.050     0.046
    0.313    9.7814     0.102     0.126
    0.335    9.7447     0.064     0.084
    0.358    9.7740     0.092     0.104
    0.380    9.8868     0.098     0.118
    0.402    9.9910     0.100     0.122
    0.425   10.0539     0.102     0.122
    0.425   10.0539     0.102     0.122
    0.468    9.9235     0.104     0.126
    0.512    9.7658     0.068     0.104
    0.555    9.8043     0.052     0.070
    0.599    9.8879     0.038     0.042
    0.642    9.8609     0.022     0.032
    0.686    9.8379     0.092     0.142
    0.729    9.9886     0.090     0.148
    0.773   10.0438     0.052     0.084
    0.816    9.9832     0.046     0.042
    0.860    9.9213     0.040     0.042
    0.903    9.8152     0.046     0.074
    0.947    9.7954     0.056     0.076
    0.990    9.8371     0.042     0.058
    1.034    9.7402     0.064     0.080
    1.077    9.7948     0.034     0.034
    1.121    9.8138     0.100     0.100
    1.164    9.8860     0.086     0.106
    1.208    9.8014     0.100     0.112
    1.251    9.9177     0.114     0.124
    1.251    9.9177     0.114     0.124
    1.295    9.8014     0.100     0.112
    1.338    9.8860     0.086     0.106
    1.382    9.8138     0.100     0.100
    1.425    9.7948     0.034     0.034
    1.469    9.7402     0.064     0.080
    1.512    9.8371     0.042     0.058
    1.556    9.7954     0.056     0.076
    1.599    9.8152     0.046     0.074
    1.643    9.9213     0.040     0.042
    1.686    9.9832     0.046     0.042
    1.730   10.0438     0.052     0.084
    1.773    9.9886     0.090     0.148
    1.817    9.8379     0.092     0.142
    1.860    9.8609     0.022     0.032
    1.904    9.8879     0.038     0.042
    1.947    9.8043     0.052     0.070
    1.991    9.7658     0.068     0.104
    2.034    9.9235     0.104     0.126
    2.078   10.0539     0.102     0.122
    2.078   10.0539     0.102     0.122
    2.115    9.9786     0.108     0.124
    2.153    9.8284     0.088     0.142
    2.190    9.6522     0.064     0.054
    2.227    9.7482     0.086     0.066
    2.265    9.6524     0.040     0.060
    2.302    9.5646     0.022     0.016
    2.339    9.5672     0.056     0.092
    2.377    9.5632     0.044     0.052
    2.414    9.6695     0.024     0.044
    2.451    9.7195     0.022     0.052
    2.488    9.5539     0.032     0.030
    2.526    9.4025     0.042     0.090
    2.563    9.4410     0.040     0.018
    2.600    9.5474     0.030     0.020
    2.638    9.5630     0.034     0.058
    2.675    9.5361     0.040     0.058
    2.712    9.5715     0.072     0.080
    2.750    9.6439     0.092     0.084
    2.787    9.7119     0.094     0.076
 
# Band-Index:  104
    2.787    9.7119     0.094     0.076
    2.750    9.7057     0.068     0.056
    2.712    9.5962     0.042     0.042
    2.675    9.5566     0.030     0.036
    2.638    9.5990     0.038     0.044
    2.600    9.5674     0.040     0.018
    2.563    9.4619     0.056     0.104
    2.526    9.4281     0.068     0.042
    2.488    9.5866     0.036     0.030
    2.451    9.7217     0.038     0.044
    2.414    9.6728     0.022     0.050
    2.377    9.5795     0.050     0.052
    2.339    9.5691     0.062     0.096
    2.302    9.5810     0.034     0.022
    2.265    9.7238     0.050     0.066
    2.227    9.7599     0.056     0.046
    2.190    9.8793     0.074     0.044
    2.153    9.9851     0.082     0.068
    2.115   10.0179     0.084     0.120
    2.078   10.0539     0.102     0.122
    2.078   10.0539     0.102     0.122
    2.034    9.9814     0.092     0.122
    1.991    9.9094     0.084     0.068
    1.947    9.9217     0.050     0.058
    1.904    9.9260     0.044     0.046
    1.860    9.8850     0.018     0.024
    1.817    9.8720     0.102     0.150
    1.773   10.0131     0.100     0.162
    1.730   10.0574     0.048     0.071
    1.686   10.0281     0.058     0.112
    1.643    9.9612     0.034     0.042
    1.599    9.8303     0.034     0.044
    1.556    9.8116     0.066     0.102
    1.512    9.8755     0.020     0.036
    1.469    9.8220     0.056     0.026
    1.425    9.8067     0.042     0.036
    1.382    9.8784     0.108     0.122
    1.338   10.0267     0.104     0.136
    1.295    9.8925     0.096     0.092
    1.251    9.9177     0.114     0.124
    1.251    9.9177     0.114     0.124
    1.208    9.8925     0.096     0.092
    1.164   10.0267     0.104     0.136
    1.121    9.8784     0.108     0.122
    1.077    9.8067     0.042     0.036
    1.034    9.8220     0.056     0.026
    0.990    9.8755     0.020     0.036
    0.947    9.8116     0.066     0.102
    0.903    9.8303     0.034     0.044
    0.860    9.9612     0.034     0.042
    0.816   10.0281     0.058     0.112
    0.773   10.0574     0.048     0.072
    0.729   10.0131     0.100     0.162
    0.686    9.8720     0.102     0.150
    0.642    9.8850     0.018     0.024
    0.599    9.9260     0.044     0.046
    0.555    9.9217     0.050     0.058
    0.512    9.9094     0.084     0.068
    0.468    9.9814     0.092     0.122
    0.425   10.0539     0.102     0.122
    0.425   10.0539     0.102     0.122
    0.402   10.0418     0.108     0.126
    0.380    9.9520     0.114     0.132
    0.358    9.8261     0.110     0.124
    0.335    9.7983     0.082     0.086
    0.313    9.8064     0.106     0.130
    0.291    9.7419     0.042     0.034
    0.268    9.8197     0.030     0.022
    0.246    9.9192     0.028     0.022
    0.224   10.0283     0.028     0.022
    0.201   10.1419     0.028     0.044
    0.179   10.1951     0.032     0.038
    0.156   10.2088     0.034     0.042
    0.134   10.2048     0.034     0.044
    0.112   10.1929     0.034     0.038
    0.089   10.1799     0.034     0.038
    0.067   10.1718     0.032     0.038
    0.045   10.1664     0.024     0.030
    0.022   10.1471     0.028     0.022
    0.000   10.0574     0.024     0.024
 
# Band-Index:  105
    0.000   10.2469     0.036     0.058
    0.022   10.2219     0.026     0.032
    0.045   10.1716     0.032     0.038
    0.067   10.1774     0.028     0.036
    0.089   10.2246     0.028     0.040
    0.112   10.2827     0.028     0.042
    0.134   10.3396     0.028     0.046
    0.156   10.3608     0.040     0.040
    0.179   10.2467     0.032     0.026
    0.201   10.1473     0.030     0.024
    0.224   10.1147     0.032     0.046
    0.246   10.0957     0.042     0.046
    0.268   10.0417     0.052     0.060
    0.291    9.9624     0.062     0.074
    0.313    9.8602     0.066     0.082
    0.335    9.9223     0.106     0.148
    0.358   10.0653     0.104     0.154
    0.380   10.1951     0.100     0.158
    0.402   10.3084     0.090     0.172
    0.425   10.3779     0.078     0.180
    0.425   10.3779     0.078     0.180
    0.468   10.2527     0.088     0.146
    0.512   10.1252     0.074     0.094
    0.555    9.9856     0.068     0.070
    0.599    9.9675     0.074     0.084
    0.642   10.0347     0.038     0.054
    0.686   10.1246     0.042     0.058
    0.729   10.1260     0.038     0.052
    0.773   10.0717     0.068     0.114
    0.816   10.0346     0.036     0.042
    0.860    9.9612     0.046     0.074
    0.903    9.9311     0.058     0.106
    0.947    9.8899     0.054     0.080
    0.990    9.8947     0.018     0.028
    1.034    9.9287     0.022     0.028
    1.077    9.8506     0.050     0.060
    1.121    9.9525     0.080     0.094
    1.164   10.0605     0.092     0.094
    1.208   10.1432     0.088     0.136
    1.251   10.1252     0.085     0.155
    1.251   10.1252     0.085     0.154
    1.295   10.1432     0.088     0.136
    1.338   10.0605     0.092     0.094
    1.382    9.9525     0.080     0.094
    1.425    9.8506     0.050     0.060
    1.469    9.9287     0.022     0.028
    1.512    9.8947     0.018     0.028
    1.556    9.8899     0.054     0.080
    1.599    9.9311     0.058     0.106
    1.643    9.9612     0.046     0.074
    1.686   10.0346     0.036     0.042
    1.730   10.0717     0.068     0.114
    1.773   10.1260     0.038     0.052
    1.817   10.1246     0.042     0.058
    1.860   10.0347     0.038     0.054
    1.904    9.9675     0.074     0.084
    1.947    9.9856     0.068     0.070
    1.991   10.1252     0.074     0.094
    2.034   10.2527     0.088     0.146
    2.078   10.3779     0.078     0.180
    2.078   10.3779     0.078     0.180
    2.115   10.2712     0.070     0.164
    2.153   10.1661     0.054     0.128
    2.190   10.0077     0.140     0.116
    2.227    9.7793     0.146     0.110
    2.265    9.8706     0.014     0.016
    2.302    9.6458     0.028     0.050
    2.339    9.6328     0.024     0.046
    2.377    9.6414     0.026     0.046
    2.414    9.6941     0.042     0.054
    2.451    9.7223     0.024     0.048
    2.488    9.7198     0.020     0.034
    2.526    9.6455     0.018     0.032
    2.563    9.6624     0.020     0.034
    2.600    9.6593     0.016     0.030
    2.638    9.6811     0.028     0.024
    2.675    9.6355     0.050     0.050
    2.712    9.7373     0.054     0.052
    2.750    9.8421     0.054     0.050
    2.787    9.9568     0.052     0.050
 
# Band-Index:  106
    2.787    9.9568     0.052     0.050
    2.750    9.9081     0.054     0.050
    2.712    9.8212     0.060     0.050
    2.675    9.7201     0.050     0.048
    2.638    9.7033     0.038     0.020
    2.600    9.6752     0.016     0.032
    2.563    9.6653     0.018     0.036
    2.526    9.6478     0.018     0.034
    2.488    9.7270     0.020     0.036
    2.451    9.7732     0.044     0.042
    2.414    9.7357     0.054     0.054
    2.377    9.6530     0.026     0.052
    2.339    9.6499     0.030     0.050
    2.302    9.6910     0.038     0.052
    2.265    9.8778     0.018     0.018
    2.227    9.7795     0.054     0.056
    2.190   10.0271     0.076     0.066
    2.153   10.2210     0.168     0.132
    2.115   10.3700     0.128     0.156
    2.078   10.3779     0.078     0.180
    2.078   10.3779     0.078     0.180
    2.034   10.3311     0.098     0.138
    1.991   10.1874     0.054     0.080
    1.947   10.0838     0.082     0.082
    1.904   10.0857     0.064     0.060
    1.860   10.0703     0.046     0.060
    1.817   10.1291     0.072     0.096
    1.773   10.1396     0.048     0.066
    1.730   10.0861     0.066     0.108
    1.686   10.0482     0.068     0.118
    1.643    9.9739     0.050     0.072
    1.599    9.9438     0.064     0.100
    1.556    9.9018     0.044     0.062
    1.512    9.8968     0.042     0.038
    1.469    9.9710     0.028     0.024
    1.425    9.9630     0.038     0.046
    1.382   10.1925     0.096     0.096
    1.338   10.1296     0.108     0.164
    1.295   10.2297     0.090     0.130
    1.251   10.1252     0.085     0.154
    1.251   10.1252     0.085     0.155
    1.208   10.2297     0.090     0.130
    1.164   10.1296     0.108     0.164
    1.121   10.1925     0.096     0.096
    1.077    9.9630     0.038     0.046
    1.034    9.9710     0.028     0.024
    0.990    9.8968     0.042     0.038
    0.947    9.9018     0.044     0.062
    0.903    9.9438     0.064     0.100
    0.860    9.9739     0.050     0.072
    0.816   10.0482     0.068     0.118
    0.773   10.0861     0.066     0.108
    0.729   10.1396     0.048     0.066
    0.686   10.1291     0.072     0.096
    0.642   10.0703     0.046     0.060
    0.599   10.0857     0.064     0.060
    0.555   10.0838     0.082     0.082
    0.512   10.1874     0.054     0.080
    0.468   10.3311     0.098     0.138
    0.425   10.3779     0.078     0.180
    0.425   10.3779     0.078     0.180
    0.402   10.3349     0.096     0.162
    0.380   10.2303     0.106     0.158
    0.358   10.0972     0.110     0.158
    0.335    9.9503     0.110     0.150
    0.313    9.9141     0.082     0.084
    0.291   10.0075     0.074     0.076
    0.268   10.0675     0.060     0.064
    0.246   10.0966     0.044     0.052
    0.224   10.1336     0.034     0.038
    0.201   10.1668     0.030     0.036
    0.179   10.2728     0.030     0.028
    0.156   10.3609     0.030     0.044
    0.134   10.3456     0.034     0.048
    0.112   10.2894     0.032     0.044
    0.089   10.2336     0.032     0.038
    0.067   10.1894     0.032     0.034
    0.045   10.1766     0.028     0.028
    0.022   10.2301     0.020     0.028
    0.000   10.2470     0.036     0.058
 
# Band-Index:  107
    0.000   10.2889     0.036     0.050
    0.022   10.2378     0.028     0.050
    0.045   10.3417     0.022     0.026
    0.067   10.5074     0.022     0.024
    0.089   10.5898     0.070     0.068
    0.112   10.5285     0.064     0.060
    0.134   10.4975     0.056     0.056
    0.156   10.4780     0.022     0.042
    0.179   10.4947     0.028     0.056
    0.201   10.5162     0.032     0.048
    0.224   10.5165     0.034     0.048
    0.246   10.5339     0.038     0.052
    0.268   10.5659     0.044     0.058
    0.291   10.6022     0.050     0.066
    0.313   10.6328     0.058     0.078
    0.335   10.6487     0.070     0.094
    0.358   10.6425     0.086     0.112
    0.380   10.6123     0.108     0.126
    0.402   10.5678     0.136     0.132
    0.425   10.5548     0.158     0.134
    0.425   10.5548     0.158     0.134
    0.468   10.4947     0.118     0.118
    0.512   10.4176     0.104     0.128
    0.555   10.4555     0.078     0.140
    0.599   10.3088     0.032     0.044
    0.642   10.1530     0.076     0.094
    0.686   10.1488     0.052     0.072
    0.729   10.1614     0.042     0.066
    0.773   10.2249     0.022     0.040
    0.816   10.0821     0.030     0.054
    0.860   10.0010     0.054     0.094
    0.903   10.0549     0.052     0.048
    0.947   10.0866     0.054     0.074
    0.990   10.1697     0.040     0.028
    1.034   10.0199     0.062     0.074
    1.077   10.1234     0.084     0.092
    1.121   10.2158     0.060     0.062
    1.164   10.3227     0.084     0.106
    1.208   10.2688     0.092     0.172
    1.251   10.1252     0.085     0.155
    1.251   10.1252     0.086     0.154
    1.295   10.2688     0.092     0.172
    1.338   10.3227     0.084     0.106
    1.382   10.2158     0.060     0.062
    1.425   10.1234     0.084     0.092
    1.469   10.0199     0.062     0.074
    1.512   10.1697     0.040     0.028
    1.556   10.0866     0.054     0.074
    1.599   10.0549     0.052     0.048
    1.643   10.0010     0.054     0.094
    1.686   10.0821     0.030     0.054
    1.730   10.2249     0.022     0.040
    1.773   10.1614     0.042     0.066
    1.817   10.1488     0.052     0.072
    1.860   10.1530     0.076     0.094
    1.904   10.3088     0.032     0.044
    1.947   10.4555     0.078     0.140
    1.991   10.4176     0.104     0.128
    2.034   10.4947     0.118     0.118
    2.078   10.5548     0.158     0.134
    2.078   10.5548     0.158     0.134
    2.115   10.4513     0.110     0.112
    2.153   10.2550     0.050     0.102
    2.190   10.2591     0.052     0.106
    2.227   10.1952     0.016     0.022
    2.265    9.9007     0.052     0.066
    2.302   10.1135     0.058     0.082
    2.339    9.9824     0.044     0.032
    2.377    9.9082     0.054     0.044
    2.414    9.9591     0.060     0.068
    2.451    9.8834     0.022     0.036
    2.488    9.7913     0.024     0.054
    2.526    9.8770     0.028     0.054
    2.563    9.8384     0.014     0.036
    2.600    9.7358     0.020     0.034
    2.638    9.7146     0.012     0.030
    2.675    9.8221     0.026     0.026
    2.712    9.9607     0.026     0.030
    2.750   10.0592     0.056     0.062
    2.787   10.0197     0.044     0.050
 
# Band-Index:  108
    2.787   10.0197     0.044     0.050
    2.750   10.0840     0.030     0.038
    2.712    9.9914     0.036     0.024
    2.675    9.8464     0.036     0.022
    2.638    9.7476     0.014     0.024
    2.600    9.7398     0.020     0.038
    2.563    9.8452     0.016     0.034
    2.526    9.8834     0.034     0.050
    2.488    9.7969     0.028     0.048
    2.451    9.9026     0.024     0.038
    2.414    9.9837     0.062     0.064
    2.377    9.9204     0.056     0.046
    2.339    9.9865     0.046     0.032
    2.302   10.1312     0.054     0.076
    2.265    9.9614     0.064     0.076
    2.227   10.2010     0.016     0.022
    2.190   10.2668     0.064     0.104
    2.153   10.3319     0.102     0.090
    2.115   10.5206     0.134     0.116
    2.078   10.5548     0.158     0.134
    2.078   10.5548     0.158     0.134
    2.034   10.5716     0.128     0.136
    1.991   10.5067     0.116     0.140
    1.947   10.4836     0.084     0.118
    1.904   10.3679     0.064     0.068
    1.860   10.2934     0.110     0.116
    1.817   10.2590     0.098     0.118
    1.773   10.2345     0.064     0.090
    1.730   10.2342     0.030     0.036
    1.686   10.1020     0.038     0.064
    1.643   10.0123     0.056     0.088
    1.599   10.0646     0.052     0.048
    1.556   10.1529     0.072     0.096
    1.512   10.1701     0.066     0.082
    1.469   10.1014     0.056     0.062
    1.425   10.2424     0.100     0.096
    1.382   10.3009     0.072     0.086
    1.338   10.4190     0.064     0.114
    1.295   10.3443     0.090     0.158
    1.251   10.1252     0.085     0.154
    1.251   10.1252     0.085     0.155
    1.208   10.3443     0.090     0.158
    1.164   10.4190     0.064     0.114
    1.121   10.3009     0.072     0.086
    1.077   10.2424     0.100     0.096
    1.034   10.1014     0.056     0.062
    0.990   10.1701     0.066     0.082
    0.947   10.1529     0.072     0.096
    0.903   10.0646     0.052     0.048
    0.860   10.0123     0.056     0.088
    0.816   10.1020     0.038     0.064
    0.773   10.2342     0.030     0.036
    0.729   10.2345     0.064     0.090
    0.686   10.2590     0.098     0.118
    0.642   10.2934     0.110     0.116
    0.599   10.3679     0.064     0.068
    0.555   10.4836     0.084     0.118
    0.512   10.5067     0.116     0.140
    0.468   10.5716     0.128     0.136
    0.425   10.5548     0.158     0.134
    0.425   10.5548     0.158     0.134
    0.402   10.6326     0.136     0.150
    0.380   10.7215     0.112     0.140
    0.358   10.7725     0.090     0.114
    0.335   10.7774     0.072     0.086
    0.313   10.7471     0.060     0.066
    0.291   10.6972     0.052     0.056
    0.268   10.6406     0.046     0.052
    0.246   10.5875     0.042     0.050
    0.224   10.5471     0.038     0.052
    0.201   10.5219     0.034     0.056
    0.179   10.5093     0.030     0.044
    0.156   10.5006     0.050     0.060
    0.134   10.5003     0.056     0.054
    0.112   10.5306     0.066     0.058
    0.089   10.5947     0.074     0.068
    0.067   10.5082     0.022     0.026
    0.045   10.3532     0.022     0.032
    0.022   10.2814     0.032     0.050
    0.000   10.2889     0.036     0.050
 
# Band-Index:  109
    0.000   10.4479     0.014     0.024
    0.022   10.4095     0.042     0.062
    0.045   10.4892     0.060     0.082
    0.067   10.5929     0.070     0.088
    0.089   10.6698     0.068     0.078
    0.112   10.6637     0.052     0.052
    0.134   10.5712     0.034     0.035
    0.156   10.5049     0.052     0.058
    0.179   10.5314     0.048     0.070
    0.201   10.5820     0.046     0.080
    0.224   10.6455     0.046     0.092
    0.246   10.7176     0.046     0.100
    0.268   10.7949     0.046     0.112
    0.291   10.8749     0.044     0.113
    0.313   10.9569     0.045     0.115
    0.335   11.0200     0.024     0.091
    0.358   11.0198     0.025     0.114
    0.380   11.0244     0.026     0.147
    0.402   11.0324     0.026     0.180
    0.425   11.0397     0.026     0.194
    0.425   11.0396     0.026     0.194
    0.468   10.9643     0.026     0.144
    0.512   10.8393     0.039     0.109
    0.555   10.5971     0.020     0.030
    0.599   10.5117     0.064     0.122
    0.642   10.5486     0.070     0.118
    0.686   10.6685     0.062     0.092
    0.729   10.5416     0.028     0.026
    0.773   10.2422     0.030     0.044
    0.816   10.2312     0.028     0.030
    0.860   10.1659     0.028     0.036
    0.903   10.0953     0.032     0.050
    0.947   10.1905     0.044     0.046
    0.990   10.1878     0.034     0.032
    1.034   10.3542     0.042     0.056
    1.077   10.5038     0.040     0.060
    1.121   10.5623     0.054     0.077
    1.164   10.5795     0.082     0.112
    1.208   10.5913     0.116     0.144
    1.251   10.6761     0.128     0.146
    1.251   10.6761     0.128     0.146
    1.295   10.5913     0.116     0.144
    1.338   10.5795     0.082     0.112
    1.382   10.5623     0.054     0.078
    1.425   10.5038     0.040     0.060
    1.469   10.3542     0.042     0.056
    1.512   10.1878     0.034     0.032
    1.556   10.1905     0.044     0.046
    1.599   10.0953     0.032     0.050
    1.643   10.1659     0.028     0.036
    1.686   10.2312     0.028     0.030
    1.730   10.2422     0.030     0.044
    1.773   10.5416     0.028     0.026
    1.817   10.6684     0.062     0.092
    1.860   10.5486     0.070     0.118
    1.904   10.5117     0.064     0.122
    1.947   10.5971     0.020     0.030
    1.991   10.8392     0.039     0.109
    2.034   10.9643     0.026     0.144
    2.078   11.0397     0.026     0.194
    2.078   11.0397     0.026     0.194
    2.115   10.9894     0.024     0.152
    2.153   10.9088     0.012     0.024
    2.190   10.5675     0.014     0.022
    2.227   10.5056     0.055     0.092
    2.265   10.4272     0.034     0.064
    2.302   10.2231     0.044     0.044
    2.339   10.4109     0.066     0.096
    2.377   10.3421     0.030     0.040
    2.414   10.1003     0.026     0.038
    2.451   10.0482     0.060     0.080
    2.488   10.0416     0.040     0.052
    2.526    9.9720     0.028     0.040
    2.563    9.9523     0.028     0.050
    2.600    9.8920     0.018     0.050
    2.638    9.8382     0.020     0.038
    2.675    9.9564     0.020     0.044
    2.712   10.0882     0.018     0.054
    2.750   10.1277     0.042     0.028
    2.787   10.2045     0.032     0.046
 
# Band-Index:  110
    2.787   10.2045     0.032     0.046
    2.750   10.1291     0.044     0.062
    2.712   10.0969     0.022     0.056
    2.675    9.9628     0.022     0.046
    2.638    9.8431     0.020     0.040
    2.600    9.9403     0.022     0.056
    2.563    9.9768     0.034     0.054
    2.526    9.9740     0.024     0.038
    2.488   10.0803     0.040     0.042
    2.451   10.0936     0.066     0.072
    2.414   10.1357     0.028     0.038
    2.377   10.3879     0.028     0.040
    2.339   10.4919     0.080     0.101
    2.302   10.2840     0.060     0.056
    2.265   10.4587     0.038     0.046
    2.227   10.5193     0.054     0.096
    2.190   10.5732     0.016     0.020
    2.153   10.9143     0.036     0.114
    2.115   11.0209     0.048     0.190
    2.078   11.0403     0.026     0.194
    2.078   11.0417     0.026     0.192
    2.034   10.9976     0.046     0.178
    1.991   10.8445     0.038     0.108
    1.947   10.6202     0.038     0.048
    1.904   10.5578     0.076     0.116
    1.860   10.6150     0.084     0.104
    1.817   10.7147     0.055     0.092
    1.773   10.5642     0.030     0.022
    1.730   10.2644     0.032     0.030
    1.686   10.2498     0.032     0.030
    1.643   10.1823     0.032     0.038
    1.599   10.1130     0.036     0.056
    1.556   10.1965     0.048     0.048
    1.512   10.2713     0.092     0.110
    1.469   10.4231     0.076     0.090
    1.425   10.5489     0.044     0.062
    1.382   10.6271     0.076     0.150
    1.338   10.5857     0.102     0.122
    1.295   10.6397     0.122     0.135
    1.251   10.6762     0.128     0.146
    1.251   10.6762     0.128     0.145
    1.208   10.6397     0.122     0.134
    1.164   10.5857     0.102     0.122
    1.121   10.6271     0.076     0.150
    1.077   10.5492     0.044     0.062
    1.034   10.4231     0.076     0.091
    0.990   10.2713     0.092     0.110
    0.947   10.1965     0.048     0.048
    0.903   10.1130     0.036     0.056
    0.860   10.1823     0.032     0.038
    0.816   10.2498     0.032     0.030
    0.773   10.2644     0.032     0.030
    0.729   10.5642     0.030     0.022
    0.686   10.7145     0.056     0.092
    0.642   10.6150     0.084     0.105
    0.599   10.5578     0.076     0.116
    0.555   10.6202     0.039     0.048
    0.512   10.8445     0.038     0.108
    0.468   10.9975     0.046     0.178
    0.425   11.0398     0.026     0.194
    0.425   11.0403     0.026     0.194
    0.402   11.0399     0.026     0.176
    0.380   11.0333     0.024     0.140
    0.358   11.0262     0.024     0.110
    0.335   11.0231     0.024     0.090
    0.313   10.9601     0.042     0.115
    0.291   10.8756     0.046     0.109
    0.268   10.7995     0.048     0.099
    0.246   10.7240     0.048     0.089
    0.224   10.6525     0.048     0.080
    0.201   10.5891     0.048     0.072
    0.179   10.5371     0.048     0.064
    0.156   10.5141     0.032     0.028
    0.134   10.6108     0.040     0.026
    0.112   10.7051     0.054     0.040
    0.089   10.6990     0.026     0.026
    0.067   10.6347     0.074     0.072
    0.045   10.5315     0.066     0.070
    0.022   10.4432     0.052     0.060
    0.000   10.4480     0.014     0.024
 
# Band-Index:  111
    0.000   10.4517     0.020     0.026
    0.022   10.6006     0.008     0.018
    0.045   10.7847     0.008     0.020
    0.067   10.6997     0.086     0.080
    0.089   10.7084     0.028     0.026
    0.112   10.8751     0.030     0.035
    0.134   10.8616     0.021     0.037
    0.156   10.7618     0.019     0.031
    0.179   10.6975     0.016     0.028
    0.201   10.6962     0.016     0.035
    0.224   10.7469     0.017     0.046
    0.246   10.8200     0.021     0.059
    0.268   10.8893     0.049     0.110
    0.291   10.9394     0.048     0.119
    0.313   11.0211     0.029     0.088
    0.335   11.0363     0.042     0.121
    0.358   11.1088     0.042     0.128
    0.380   11.1732     0.044     0.068
    0.402   11.1840     0.046     0.051
    0.425   11.1899     0.045     0.041
    0.425   11.1899     0.045     0.040
    0.468   11.0862     0.037     0.125
    0.512   10.9080     0.026     0.078
    0.555   10.6203     0.047     0.109
    0.599   10.5714     0.073     0.145
    0.642   10.6954     0.060     0.122
    0.686   10.7340     0.074     0.085
    0.729   10.6266     0.056     0.094
    0.773   10.5335     0.042     0.104
    0.816   10.4447     0.022     0.032
    0.860   10.3737     0.032     0.040
    0.903   10.4322     0.044     0.054
    0.947   10.4483     0.036     0.042
    0.990   10.3663     0.026     0.054
    1.034   10.4495     0.034     0.053
    1.077   10.6162     0.031     0.053
    1.121   10.6472     0.060     0.074
    1.164   10.6447     0.096     0.129
    1.208   10.6505     0.132     0.148
    1.251   10.6762     0.127     0.146
    1.251   10.6762     0.127     0.146
    1.295   10.6505     0.132     0.148
    1.338   10.6447     0.096     0.129
    1.382   10.6472     0.060     0.074
    1.425   10.6160     0.031     0.053
    1.469   10.4495     0.034     0.054
    1.512   10.3663     0.026     0.054
    1.556   10.4483     0.036     0.042
    1.599   10.4321     0.044     0.055
    1.643   10.3738     0.032     0.040
    1.686   10.4435     0.022     0.030
    1.730   10.5341     0.042     0.104
    1.773   10.6266     0.056     0.094
    1.817   10.7336     0.074     0.086
    1.860   10.6950     0.062     0.122
    1.904   10.5714     0.072     0.145
    1.947   10.6203     0.046     0.110
    1.991   10.9086     0.025     0.077
    2.034   11.0864     0.038     0.124
    2.078   11.1902     0.045     0.042
    2.078   11.1898     0.045     0.040
    2.115   11.1071     0.038     0.127
    2.153   10.9148     0.013     0.026
    2.190   10.7506     0.038     0.118
    2.227   10.6233     0.036     0.116
    2.265   10.7106     0.055     0.083
    2.302   10.7500     0.042     0.054
    2.339   10.5795     0.034     0.042
    2.377   10.5265     0.024     0.033
    2.414   10.2978     0.024     0.030
    2.451   10.2425     0.038     0.046
    2.488   10.3644     0.044     0.058
    2.526   10.1822     0.024     0.014
    2.563   10.0832     0.028     0.028
    2.600   10.0015     0.026     0.040
    2.638   10.0091     0.056     0.094
    2.675   10.0707     0.066     0.102
    2.712   10.1053     0.064     0.084
    2.750   10.2406     0.014     0.069
    2.787   10.2579     0.050     0.034
 
# Band-Index:  112
    2.787   10.2580     0.050     0.034
    2.750   10.2532     0.018     0.070
    2.712   10.1716     0.054     0.090
    2.675   10.1099     0.058     0.116
    2.638   10.0154     0.050     0.104
    2.600   10.0266     0.028     0.038
    2.563   10.0939     0.034     0.030
    2.526   10.1868     0.022     0.016
    2.488   10.3731     0.045     0.052
    2.451   10.2472     0.042     0.048
    2.414   10.3018     0.024     0.030
    2.377   10.5350     0.024     0.032
    2.339   10.6368     0.028     0.040
    2.302   10.8126     0.035     0.056
    2.265   10.7542     0.053     0.094
    2.227   10.6787     0.040     0.110
    2.190   10.7633     0.040     0.120
    2.153   10.9213     0.036     0.118
    2.115   11.1117     0.037     0.129
    2.078   11.1925     0.045     0.047
    2.078   11.1999     0.044     0.072
    2.034   11.0909     0.038     0.125
    1.991   10.9231     0.014     0.028
    1.947   10.6323     0.052     0.108
    1.904   10.6273     0.072     0.124
    1.860   10.7622     0.048     0.118
    1.817   10.7795     0.033     0.099
    1.773   10.6996     0.042     0.088
    1.730   10.6049     0.043     0.087
    1.686   10.4521     0.023     0.028
    1.643   10.3852     0.036     0.042
    1.599   10.4674     0.052     0.051
    1.556   10.4867     0.044     0.032
    1.512   10.3872     0.032     0.040
    1.469   10.4563     0.036     0.062
    1.425   10.6362     0.044     0.077
    1.382   10.6590     0.076     0.130
    1.338   10.6834     0.096     0.118
    1.295   10.6870     0.116     0.136
    1.251   10.6763     0.128     0.146
    1.251   10.6762     0.128     0.146
    1.208   10.6870     0.116     0.136
    1.164   10.6834     0.096     0.118
    1.121   10.6589     0.076     0.130
    1.077   10.6384     0.042     0.076
    1.034   10.4563     0.036     0.062
    0.990   10.3872     0.032     0.040
    0.947   10.4867     0.044     0.032
    0.903   10.4676     0.052     0.051
    0.860   10.3851     0.036     0.042
    0.816   10.4521     0.024     0.027
    0.773   10.6002     0.044     0.091
    0.729   10.7003     0.041     0.088
    0.686   10.7806     0.032     0.100
    0.642   10.7625     0.047     0.119
    0.599   10.6272     0.072     0.124
    0.555   10.6323     0.052     0.108
    0.512   10.9228     0.014     0.027
    0.468   11.0926     0.038     0.124
    0.425   11.1902     0.046     0.042
    0.425   11.1918     0.045     0.045
    0.402   11.1999     0.044     0.053
    0.380   11.1923     0.041     0.087
    0.358   11.1488     0.039     0.090
    0.335   11.0461     0.042     0.119
    0.313   11.0265     0.033     0.100
    0.291   10.9519     0.045     0.116
    0.268   10.8992     0.023     0.067
    0.246   10.8294     0.039     0.079
    0.224   10.7563     0.021     0.045
    0.201   10.6992     0.017     0.034
    0.179   10.6995     0.017     0.027
    0.156   10.7698     0.020     0.028
    0.134   10.8735     0.024     0.035
    0.112   10.8802     0.032     0.034
    0.089   10.7116     0.072     0.062
    0.067   10.7026     0.082     0.084
    0.045   10.7859     0.008     0.020
    0.022   10.6022     0.008     0.016
    0.000   10.4518     0.020     0.026
